"queryDate","timeZone","underlying","symbol","expiryDate","strikePrice","side","interval","openTimeUtc","openTimeLocal","open","high","low","close","volume","closeTimeUtc","closeTimeLocal","quoteVolume","numberOfTrades","takerBuyVolume","takerBuyQuoteVolume"
"all-available","Asia/Taipei","BTCUSDT","BTC-260629-57000-C","2026-06-29","57000","CALL","1h","2026-06-28 16:00:00","2026-06-29 00:00:00","2810.000","2810.000","2810.000","2810.000","0.01","2026-06-28 16:59:59","2026-06-29 00:59:59","28.10000","1","0.00","0.00000"
"all-available","Asia/Taipei","BTCUSDT","BTC-260629-57000-C","2026-06-29","57000","CALL","1h","2026-06-28 17:00:00","2026-06-29 01:00:00","2810.000","2810.000","2810.000","2810.000","0.00","2026-06-28 17:59:59","2026-06-29 01:59:59","0.00000","0","0.00","0.00000"
"all-available","Asia/Taipei","BTCUSDT","BTC-260629-57000-C","2026-06-29","57000","CALL","1h","2026-06-28 18:00:00","2026-06-29 02:00:00","2810.000","2810.000","2810.000","2810.000","0.00","2026-06-28 18:59:59","2026-06-29 02:59:59","0.00000","0","0.00","0.00000"
"all-available","Asia/Taipei","BTCUSDT","BTC-260629-57000-C","2026-06-29","57000","CALL","1h","2026-06-28 19:00:00","2026-06-29 03:00:00","2810.000","2810.000","2810.000","2810.000","0.00","2026-06-28 19:59:59","2026-06-29 03:59:59","0.00000","0","0.00","0.00000"
"all-available","Asia/Taipei","BTCUSDT","BTC-260629-57000-C","2026-06-29","57000","CALL","1h","2026-06-28 20:00:00","2026-06-29 04:00:00","2810.000","2810.000","2810.000","2810.000","0.00","2026-06-28 20:59:59","2026-06-29 04:59:59","0.00000","0","0.00","0.00000"
"all-available","Asia/Taipei","BTCUSDT","BTC-260629-57000-C","2026-06-29","57000","CALL","1h","2026-06-28 21:00:00","2026-06-29 05:00:00","2810.000","2810.000","2810.000","2810.000","0.00","2026-06-28 21:59:59","2026-06-29 05:59:59","0.00000","0","0.00","0.00000"
"all-available","Asia/Taipei","BTCUSDT","BTC-260629-57000-C","2026-06-29","57000","CALL","1h","2026-06-28 22:00:00","2026-06-29 06:00:00","2810.000","2810.000","2810.000","2810.000","0.00","2026-06-28 22:59:59","2026-06-29 06:59:59","0.00000","0","0.00","0.00000"
"all-available","Asia/Taipei","BTCUSDT","BTC-260629-57000-C","2026-06-29","57000","CALL","1h","2026-06-28 23:00:00","2026-06-29 07:00:00","2810.000","2810.000","2810.000","2810.000","0.00","2026-06-28 23:59:59","2026-06-29 07:59:59","0.00000","0","0.00","0.00000"
"all-available","Asia/Taipei","BTCUSDT","BTC-260629-57000-C","2026-06-29","57000","CALL","1h","2026-06-29 00:00:00","2026-06-29 08:00:00","2810.000","2810.000","2810.000","2810.000","0.00","2026-06-29 00:59:59","2026-06-29 08:59:59","0.00000","0","0.00","0.00000"
"all-available","Asia/Taipei","BTCUSDT","BTC-260629-57000-C","2026-06-29","57000","CALL","1h","2026-06-29 01:00:00","2026-06-29 09:00:00","2810.000","2810.000","2810.000","2810.000","0.00","2026-06-29 01:59:59","2026-06-29 09:59:59","0.00000","0","0.00","0.00000"
"all-available","Asia/Taipei","BTCUSDT","BTC-260629-57000-C","2026-06-29","57000","CALL","1h","2026-06-29 02:00:00","2026-06-29 10:00:00","2685.000","2685.000","2685.000","2685.000","0.37","2026-06-29 02:59:59","2026-06-29 10:59:59","993.45000","1","0.00","0.00000"
"all-available","Asia/Taipei","BTCUSDT","BTC-260629-57000-C","2026-06-29","57000","CALL","1h","2026-06-29 03:00:00","2026-06-29 11:00:00","2685.000","2685.000","2685.000","2685.000","0.00","2026-06-29 03:59:59","2026-06-29 11:59:59","0.00000","0","0.00","0.00000"
"all-available","Asia/Taipei","BTCUSDT","BTC-260629-57000-C","2026-06-29","57000","CALL","1h","2026-06-29 04:00:00","2026-06-29 12:00:00","2685.000","2685.000","2685.000","2685.000","0.00","2026-06-29 04:59:59","2026-06-29 12:59:59","0.00000","0","0.00","0.00000"
"all-available","Asia/Taipei","BTCUSDT","BTC-260629-57000-C","2026-06-29","57000","CALL","1h","2026-06-29 05:00:00","2026-06-29 13:00:00","2685.000","2685.000","2685.000","2685.000","0.00","2026-06-29 05:59:59","2026-06-29 13:59:59","0.00000","0","0.00","0.00000"
"all-available","Asia/Taipei","BTCUSDT","BTC-260629-57000-C","2026-06-29","57000","CALL","1h","2026-06-29 06:00:00","2026-06-29 14:00:00","2685.000","2685.000","2685.000","2685.000","0.00","2026-06-29 06:59:59","2026-06-29 14:59:59","0.00000","0","0.00","0.00000"
"all-available","Asia/Taipei","BTCUSDT","BTC-260629-57000-C","2026-06-29","57000","CALL","1h","2026-06-29 07:00:00","2026-06-29 15:00:00","3010.000","3010.000","3010.000","3010.000","0.37","2026-06-29 07:59:59","2026-06-29 15:59:59","1113.70000","1","0.37","1113.70000"
"all-available","Asia/Taipei","BTCUSDT","BTC-260629-57000-P","2026-06-29","57000","PUT","1h","2026-06-26 08:00:00","2026-06-26 16:00:00","260.000","260.000","225.000","225.000","3.88","2026-06-26 08:59:59","2026-06-26 16:59:59","910.15000","24","1.35","332.25000"
"all-available","Asia/Taipei","BTCUSDT","BTC-260629-57000-P","2026-06-29","57000","PUT","1h","2026-06-26 09:00:00","2026-06-26 17:00:00","225.000","315.000","225.000","315.000","2.25","2026-06-26 09:59:59","2026-06-26 17:59:59","648.65000","7","1.27","360.55000"
"all-available","Asia/Taipei","BTCUSDT","BTC-260629-57000-P","2026-06-29","57000","PUT","1h","2026-06-26 10:00:00","2026-06-26 18:00:00","300.000","420.000","295.000","420.000","10.72","2026-06-26 10:59:59","2026-06-26 18:59:59","3324.55000","11","0.10","40.75000"
"all-available","Asia/Taipei","BTCUSDT","BTC-260629-57000-P","2026-06-29","57000","PUT","1h","2026-06-26 11:00:00","2026-06-26 19:00:00","410.000","410.000","370.000","395.000","10.49","2026-06-26 11:59:59","2026-06-26 19:59:59","4153.10000","10","0.00","0.00000"
"all-available","Asia/Taipei","BTCUSDT","BTC-260629-57000-P","2026-06-29","57000","PUT","1h","2026-06-26 12:00:00","2026-06-26 20:00:00","345.000","410.000","290.000","405.000","1.31","2026-06-26 12:59:59","2026-06-26 20:59:59","509.70000","6","0.01","3.45000"
"all-available","Asia/Taipei","BTCUSDT","BTC-260629-57000-P","2026-06-29","57000","PUT","1h","2026-06-26 13:00:00","2026-06-26 21:00:00","430.000","505.000","250.000","250.000","26.04","2026-06-26 13:59:59","2026-06-26 21:59:59","10794.25000","20","13.95","5143.10000"
"all-available","Asia/Taipei","BTCUSDT","BTC-260629-57000-P","2026-06-29","57000","PUT","1h","2026-06-26 14:00:00","2026-06-26 22:00:00","230.000","245.000","230.000","240.000","9.60","2026-06-26 14:59:59","2026-06-26 22:59:59","2303.20000","7","1.00","230.00000"
"all-available","Asia/Taipei","BTCUSDT","BTC-260629-57000-P","2026-06-29","57000","PUT","1h","2026-06-26 15:00:00","2026-06-26 23:00:00","195.000","195.000","120.000","140.000","2.09","2026-06-26 15:59:59","2026-06-26 23:59:59","326.20000","5","0.00","0.00000"
"all-available","Asia/Taipei","BTCUSDT","BTC-260629-57000-P","2026-06-29","57000","PUT","1h","2026-06-26 16:00:00","2026-06-27 00:00:00","120.000","130.000","120.000","130.000","1.36","2026-06-26 16:59:59","2026-06-27 00:59:59","165.65000","6","1.21","146.90000"
"all-available","Asia/Taipei","BTCUSDT","BTC-260629-57000-P","2026-06-29","57000","PUT","1h","2026-06-26 17:00:00","2026-06-27 01:00:00","140.000","140.000","140.000","140.000","0.01","2026-06-26 17:59:59","2026-06-27 01:59:59","1.40000","1","0.00","0.00000"
"all-available","Asia/Taipei","BTCUSDT","BTC-260629-57000-P","2026-06-29","57000","PUT","1h","2026-06-26 18:00:00","2026-06-27 02:00:00","155.000","155.000","155.000","155.000","1.00","2026-06-26 18:59:59","2026-06-27 02:59:59","155.00000","1","0.00","0.00000"
"all-available","Asia/Taipei","BTCUSDT","BTC-260629-57000-P","2026-06-29","57000","PUT","1h","2026-06-26 19:00:00","2026-06-27 03:00:00","120.000","120.000","120.000","120.000","2.00","2026-06-26 19:59:59","2026-06-27 03:59:59","240.00000","2","0.00","0.00000"
"all-available","Asia/Taipei","BTCUSDT","BTC-260629-57000-P","2026-06-29","57000","PUT","1h","2026-06-26 20:00:00","2026-06-27 04:00:00","140.000","140.000","140.000","140.000","0.75","2026-06-26 20:59:59","2026-06-27 04:59:59","105.00000","1","0.75","105.00000"
"all-available","Asia/Taipei","BTCUSDT","BTC-260629-57000-P","2026-06-29","57000","PUT","1h","2026-06-26 21:00:00","2026-06-27 05:00:00","140.000","140.000","140.000","140.000","0.00","2026-06-26 21:59:59","2026-06-27 05:59:59","0.00000","0","0.00","0.00000"
"all-available","Asia/Taipei","BTCUSDT","BTC-260629-57000-P","2026-06-29","57000","PUT","1h","2026-06-26 22:00:00","2026-06-27 06:00:00","110.000","110.000","95.000","100.000","4.21","2026-06-26 22:59:59","2026-06-27 06:59:59","438.85000","8","2.60","285.90000"
"all-available","Asia/Taipei","BTCUSDT","BTC-260629-57000-P","2026-06-29","57000","PUT","1h","2026-06-26 23:00:00","2026-06-27 07:00:00","80.000","80.000","80.000","80.000","0.08","2026-06-26 23:59:59","2026-06-27 07:59:59","6.40000","1","0.00","0.00000"
"all-available","Asia/Taipei","BTCUSDT","BTC-260629-57000-P","2026-06-29","57000","PUT","1h","2026-06-27 00:00:00","2026-06-27 08:00:00","80.000","80.000","80.000","80.000","0.00","2026-06-27 00:59:59","2026-06-27 08:59:59","0.00000","0","0.00","0.00000"
"all-available","Asia/Taipei","BTCUSDT","BTC-260629-57000-P","2026-06-29","57000","PUT","1h","2026-06-27 01:00:00","2026-06-27 09:00:00","65.000","65.000","65.000","65.000","0.16","2026-06-27 01:59:59","2026-06-27 09:59:59","10.40000","2","0.00","0.00000"
"all-available","Asia/Taipei","BTCUSDT","BTC-260629-57000-P","2026-06-29","57000","PUT","1h","2026-06-27 02:00:00","2026-06-27 10:00:00","65.000","65.000","65.000","65.000","0.00","2026-06-27 02:59:59","2026-06-27 10:59:59","0.00000","0","0.00","0.00000"
"all-available","Asia/Taipei","BTCUSDT","BTC-260629-57000-P","2026-06-29","57000","PUT","1h","2026-06-27 03:00:00","2026-06-27 11:00:00","45.000","45.000","40.000","40.000","0.13","2026-06-27 03:59:59","2026-06-27 11:59:59","5.25000","2","0.01","0.45000"
"all-available","Asia/Taipei","BTCUSDT","BTC-260629-57000-P","2026-06-29","57000","PUT","1h","2026-06-27 04:00:00","2026-06-27 12:00:00","35.000","35.000","35.000","35.000","0.03","2026-06-27 04:59:59","2026-06-27 12:59:59","1.05000","1","0.03","1.05000"
"all-available","Asia/Taipei","BTCUSDT","BTC-260629-57000-P","2026-06-29","57000","PUT","1h","2026-06-27 05:00:00","2026-06-27 13:00:00","40.000","40.000","40.000","40.000","0.08","2026-06-27 05:59:59","2026-06-27 13:59:59","3.20000","1","0.00","0.00000"
"all-available","Asia/Taipei","BTCUSDT","BTC-260629-57000-P","2026-06-29","57000","PUT","1h","2026-06-27 06:00:00","2026-06-27 14:00:00","40.000","40.000","40.000","40.000","0.10","2026-06-27 06:59:59","2026-06-27 14:59:59","4.00000","1","0.00","0.00000"
"all-available","Asia/Taipei","BTCUSDT","BTC-260629-57000-P","2026-06-29","57000","PUT","1h","2026-06-27 07:00:00","2026-06-27 15:00:00","35.000","35.000","25.000","25.000","0.14","2026-06-27 07:59:59","2026-06-27 15:59:59","4.50000","3","0.10","3.50000"
"all-available","Asia/Taipei","BTCUSDT","BTC-260629-57000-P","2026-06-29","57000","PUT","1h","2026-06-27 08:00:00","2026-06-27 16:00:00","25.000","25.000","25.000","25.000","18.71","2026-06-27 08:59:59","2026-06-27 16:59:59","467.75000","12","2.00","50.00000"
"all-available","Asia/Taipei","BTCUSDT","BTC-260629-57000-P","2026-06-29","57000","PUT","1h","2026-06-27 09:00:00","2026-06-27 17:00:00","25.000","30.000","25.000","30.000","23.05","2026-06-27 09:59:59","2026-06-27 17:59:59","626.50000","12","23.05","626.50000"
"all-available","Asia/Taipei","BTCUSDT","BTC-260629-57000-P","2026-06-29","57000","PUT","1h","2026-06-27 10:00:00","2026-06-27 18:00:00","30.000","30.000","30.000","30.000","0.01","2026-06-27 10:59:59","2026-06-27 18:59:59","0.30000","1","0.01","0.30000"
"all-available","Asia/Taipei","BTCUSDT","BTC-260629-57000-P","2026-06-29","57000","PUT","1h","2026-06-27 11:00:00","2026-06-27 19:00:00","30.000","35.000","30.000","30.000","2.50","2026-06-27 11:59:59","2026-06-27 19:59:59","78.00000","7","2.50","78.00000"
"all-available","Asia/Taipei","BTCUSDT","BTC-260629-57000-P","2026-06-29","57000","PUT","1h","2026-06-27 12:00:00","2026-06-27 20:00:00","25.000","25.000","25.000","25.000","0.01","2026-06-27 12:59:59","2026-06-27 20:59:59","0.25000","1","0.00","0.00000"
"all-available","Asia/Taipei","BTCUSDT","BTC-260629-57000-P","2026-06-29","57000","PUT","1h","2026-06-27 13:00:00","2026-06-27 21:00:00","30.000","30.000","20.000","20.000","0.76","2026-06-27 13:59:59","2026-06-27 21:59:59","15.30000","6","0.01","0.30000"
"all-available","Asia/Taipei","BTCUSDT","BTC-260629-57000-P","2026-06-29","57000","PUT","1h","2026-06-27 14:00:00","2026-06-27 22:00:00","20.000","20.000","20.000","20.000","0.00","2026-06-27 14:59:59","2026-06-27 22:59:59","0.00000","0","0.00","0.00000"
"all-available","Asia/Taipei","BTCUSDT","BTC-260629-57000-P","2026-06-29","57000","PUT","1h","2026-06-27 15:00:00","2026-06-27 23:00:00","15.000","15.000","10.000","10.000","1.37","2026-06-27 15:59:59","2026-06-27 23:59:59","19.30000","3","1.12","16.80000"
"all-available","Asia/Taipei","BTCUSDT","BTC-260629-57000-P","2026-06-29","57000","PUT","1h","2026-06-27 16:00:00","2026-06-28 00:00:00","10.000","10.000","10.000","10.000","0.45","2026-06-27 16:59:59","2026-06-28 00:59:59","4.50000","1","0.00","0.00000"
"all-available","Asia/Taipei","BTCUSDT","BTC-260629-57000-P","2026-06-29","57000","PUT","1h","2026-06-27 17:00:00","2026-06-28 01:00:00","10.000","10.000","10.000","10.000","0.00","2026-06-27 17:59:59","2026-06-28 01:59:59","0.00000","0","0.00","0.00000"
"all-available","Asia/Taipei","BTCUSDT","BTC-260629-57000-P","2026-06-29","57000","PUT","1h","2026-06-27 18:00:00","2026-06-28 02:00:00","10.000","10.000","10.000","10.000","0.00","2026-06-27 18:59:59","2026-06-28 02:59:59","0.00000","0","0.00","0.00000"
"all-available","Asia/Taipei","BTCUSDT","BTC-260629-57000-P","2026-06-29","57000","PUT","1h","2026-06-27 19:00:00","2026-06-28 03:00:00","25.000","25.000","25.000","25.000","30.00","2026-06-27 19:59:59","2026-06-28 03:59:59","750.00000","4","30.00","750.00000"
"all-available","Asia/Taipei","BTCUSDT","BTC-260629-57000-P","2026-06-29","57000","PUT","1h","2026-06-27 20:00:00","2026-06-28 04:00:00","25.000","25.000","25.000","25.000","0.00","2026-06-27 20:59:59","2026-06-28 04:59:59","0.00000","0","0.00","0.00000"
"all-available","Asia/Taipei","BTCUSDT","BTC-260629-57000-P","2026-06-29","57000","PUT","1h","2026-06-27 21:00:00","2026-06-28 05:00:00","20.000","20.000","20.000","20.000","2.20","2026-06-27 21:59:59","2026-06-28 05:59:59","44.00000","2","2.20","44.00000"
"all-available","Asia/Taipei","BTCUSDT","BTC-260629-57000-P","2026-06-29","57000","PUT","1h","2026-06-27 22:00:00","2026-06-28 06:00:00","30.000","30.000","25.000","30.000","18.54","2026-06-27 22:59:59","2026-06-28 06:59:59","473.90000","21","10.14","261.00000"
"all-available","Asia/Taipei","BTCUSDT","BTC-260629-57000-P","2026-06-29","57000","PUT","1h","2026-06-27 23:00:00","2026-06-28 07:00:00","30.000","35.000","30.000","30.000","3.96","2026-06-27 23:59:59","2026-06-28 07:59:59","132.15000","13","3.95","131.85000"
"all-available","Asia/Taipei","BTCUSDT","BTC-260629-57000-P","2026-06-29","57000","PUT","1h","2026-06-28 00:00:00","2026-06-28 08:00:00","30.000","30.000","25.000","25.000","5.64","2026-06-28 00:59:59","2026-06-28 08:59:59","164.10000","5","4.62","138.60000"
"all-available","Asia/Taipei","BTCUSDT","BTC-260629-57000-P","2026-06-29","57000","PUT","1h","2026-06-28 01:00:00","2026-06-28 09:00:00","30.000","30.000","20.000","20.000","3.91","2026-06-28 01:59:59","2026-06-28 09:59:59","104.70000","8","0.00","0.00000"
"all-available","Asia/Taipei","BTCUSDT","BTC-260629-57000-P","2026-06-29","57000","PUT","1h","2026-06-28 02:00:00","2026-06-28 10:00:00","20.000","20.000","20.000","20.000","0.00","2026-06-28 02:59:59","2026-06-28 10:59:59","0.00000","0","0.00","0.00000"
"all-available","Asia/Taipei","BTCUSDT","BTC-260629-57000-P","2026-06-29","57000","PUT","1h","2026-06-28 03:00:00","2026-06-28 11:00:00","20.000","20.000","20.000","20.000","0.22","2026-06-28 03:59:59","2026-06-28 11:59:59","4.40000","3","0.00","0.00000"
"all-available","Asia/Taipei","BTCUSDT","BTC-260629-57000-P","2026-06-29","57000","PUT","1h","2026-06-28 04:00:00","2026-06-28 12:00:00","20.000","20.000","20.000","20.000","9.08","2026-06-28 04:59:59","2026-06-28 12:59:59","181.60000","4","9.08","181.60000"
"all-available","Asia/Taipei","BTCUSDT","BTC-260629-57000-P","2026-06-29","57000","PUT","1h","2026-06-28 05:00:00","2026-06-28 13:00:00","20.000","35.000","20.000","30.000","12.97","2026-06-28 05:59:59","2026-06-28 13:59:59","368.30000","20","6.05","148.60000"
"all-available","Asia/Taipei","BTCUSDT","BTC-260629-57000-P","2026-06-29","57000","PUT","1h","2026-06-28 06:00:00","2026-06-28 14:00:00","40.000","40.000","35.000","35.000","35.40","2026-06-28 06:59:59","2026-06-28 14:59:59","1266.00000","21","0.10","4.00000"
"all-available","Asia/Taipei","BTCUSDT","BTC-260629-57000-P","2026-06-29","57000","PUT","1h","2026-06-28 07:00:00","2026-06-28 15:00:00","30.000","35.000","30.000","35.000","1.61","2026-06-28 07:59:59","2026-06-28 15:59:59","48.40000","6","0.01","0.35000"
"all-available","Asia/Taipei","BTCUSDT","BTC-260629-57000-P","2026-06-29","57000","PUT","1h","2026-06-28 08:00:00","2026-06-28 16:00:00","30.000","30.000","20.000","20.000","11.94","2026-06-28 08:59:59","2026-06-28 16:59:59","302.00000","12","2.26","67.80000"
"all-available","Asia/Taipei","BTCUSDT","BTC-260629-57000-P","2026-06-29","57000","PUT","1h","2026-06-28 09:00:00","2026-06-28 17:00:00","25.000","30.000","25.000","25.000","1.40","2026-06-28 09:59:59","2026-06-28 17:59:59","38.45000","4","0.69","20.70000"
"all-available","Asia/Taipei","BTCUSDT","BTC-260629-57000-P","2026-06-29","57000","PUT","1h","2026-06-28 10:00:00","2026-06-28 18:00:00","25.000","35.000","25.000","25.000","30.69","2026-06-28 10:59:59","2026-06-28 18:59:59","817.95000","18","5.32","183.70000"
"all-available","Asia/Taipei","BTCUSDT","BTC-260629-57000-P","2026-06-29","57000","PUT","1h","2026-06-28 11:00:00","2026-06-28 19:00:00","30.000","30.000","25.000","25.000","5.21","2026-06-28 11:59:59","2026-06-28 19:59:59","135.45000","14","1.04","31.20000"
"all-available","Asia/Taipei","BTCUSDT","BTC-260629-57000-P","2026-06-29","57000","PUT","1h","2026-06-28 12:00:00","2026-06-28 20:00:00","25.000","25.000","25.000","25.000","0.00","2026-06-28 12:59:59","2026-06-28 20:59:59","0.00000","0","0.00","0.00000"
"all-available","Asia/Taipei","BTCUSDT","BTC-260629-57000-P","2026-06-29","57000","PUT","1h","2026-06-28 13:00:00","2026-06-28 21:00:00","30.000","40.000","25.000","30.000","33.46","2026-06-28 13:59:59","2026-06-28 21:59:59","1059.20000","37","10.14","330.55000"
"all-available","Asia/Taipei","BTCUSDT","BTC-260629-57000-P","2026-06-29","57000","PUT","1h","2026-06-28 14:00:00","2026-06-28 22:00:00","30.000","30.000","25.000","25.000","1.99","2026-06-28 14:59:59","2026-06-28 22:59:59","52.75000","12","0.69","20.25000"
"all-available","Asia/Taipei","BTCUSDT","BTC-260629-57000-P","2026-06-29","57000","PUT","1h","2026-06-28 15:00:00","2026-06-28 23:00:00","25.000","30.000","25.000","30.000","1.78","2026-06-28 15:59:59","2026-06-28 23:59:59","51.55000","14","1.66","48.55000"
"all-available","Asia/Taipei","BTCUSDT","BTC-260629-57000-P","2026-06-29","57000","PUT","1h","2026-06-28 16:00:00","2026-06-29 00:00:00","30.000","40.000","30.000","40.000","1.38","2026-06-28 16:59:59","2026-06-29 00:59:59","46.50000","10","1.34","45.05000"
"all-available","Asia/Taipei","BTCUSDT","BTC-260629-57000-P","2026-06-29","57000","PUT","1h","2026-06-28 17:00:00","2026-06-29 01:00:00","40.000","50.000","40.000","45.000","4.57","2026-06-28 17:59:59","2026-06-29 01:59:59","210.70000","24","1.87","85.70000"
"all-available","Asia/Taipei","BTCUSDT","BTC-260629-57000-P","2026-06-29","57000","PUT","1h","2026-06-28 18:00:00","2026-06-29 02:00:00","45.000","45.000","40.000","40.000","13.37","2026-06-28 18:59:59","2026-06-29 02:59:59","593.45000","12","12.37","553.45000"
"all-available","Asia/Taipei","BTCUSDT","BTC-260629-57000-P","2026-06-29","57000","PUT","1h","2026-06-28 19:00:00","2026-06-29 03:00:00","40.000","60.000","40.000","60.000","9.74","2026-06-28 19:59:59","2026-06-29 03:59:59","501.85000","23","7.69","409.00000"
"all-available","Asia/Taipei","BTCUSDT","BTC-260629-57000-P","2026-06-29","57000","PUT","1h","2026-06-28 20:00:00","2026-06-29 04:00:00","45.000","45.000","30.000","30.000","2.38","2026-06-28 20:59:59","2026-06-29 04:59:59","83.80000","11","0.50","17.50000"
"all-available","Asia/Taipei","BTCUSDT","BTC-260629-57000-P","2026-06-29","57000","PUT","1h","2026-06-28 21:00:00","2026-06-29 05:00:00","35.000","35.000","25.000","35.000","4.32","2026-06-28 21:59:59","2026-06-29 05:59:59","138.20000","14","2.58","82.40000"
"all-available","Asia/Taipei","BTCUSDT","BTC-260629-57000-P","2026-06-29","57000","PUT","1h","2026-06-28 22:00:00","2026-06-29 06:00:00","35.000","65.000","20.000","65.000","8.21","2026-06-28 22:59:59","2026-06-29 06:59:59","273.60000","16","0.75","18.70000"
"all-available","Asia/Taipei","BTCUSDT","BTC-260629-57000-P","2026-06-29","57000","PUT","1h","2026-06-28 23:00:00","2026-06-29 07:00:00","55.000","55.000","10.000","10.000","8.80","2026-06-28 23:59:59","2026-06-29 07:59:59","210.60000","22","0.00","0.00000"
"all-available","Asia/Taipei","BTCUSDT","BTC-260629-57000-P","2026-06-29","57000","PUT","1h","2026-06-29 00:00:00","2026-06-29 08:00:00","20.000","25.000","10.000","10.000","24.78","2026-06-29 00:59:59","2026-06-29 08:59:59","399.25000","26","14.66","298.05000"
"all-available","Asia/Taipei","BTCUSDT","BTC-260629-57000-P","2026-06-29","57000","PUT","1h","2026-06-29 01:00:00","2026-06-29 09:00:00","10.000","15.000","5.000","10.000","6.40","2026-06-29 01:59:59","2026-06-29 09:59:59","58.60000","11","5.22","52.70000"
"all-available","Asia/Taipei","BTCUSDT","BTC-260629-57000-P","2026-06-29","57000","PUT","1h","2026-06-29 02:00:00","2026-06-29 10:00:00","10.000","15.000","5.000","5.000","25.82","2026-06-29 02:59:59","2026-06-29 10:59:59","150.45000","10","3.39","38.30000"
"all-available","Asia/Taipei","BTCUSDT","BTC-260629-57000-P","2026-06-29","57000","PUT","1h","2026-06-29 03:00:00","2026-06-29 11:00:00","5.000","5.000","5.000","5.000","5.01","2026-06-29 03:59:59","2026-06-29 11:59:59","25.05000","4","5.01","25.05000"
"all-available","Asia/Taipei","BTCUSDT","BTC-260629-57000-P","2026-06-29","57000","PUT","1h","2026-06-29 04:00:00","2026-06-29 12:00:00","5.000","5.000","5.000","5.000","0.00","2026-06-29 04:59:59","2026-06-29 12:59:59","0.00000","0","0.00","0.00000"
"all-available","Asia/Taipei","BTCUSDT","BTC-260629-57000-P","2026-06-29","57000","PUT","1h","2026-06-29 05:00:00","2026-06-29 13:00:00","5.000","5.000","5.000","5.000","0.00","2026-06-29 05:59:59","2026-06-29 13:59:59","0.00000","0","0.00","0.00000"
"all-available","Asia/Taipei","BTCUSDT","BTC-260629-57000-P","2026-06-29","57000","PUT","1h","2026-06-29 06:00:00","2026-06-29 14:00:00","5.000","5.000","5.000","5.000","0.00","2026-06-29 06:59:59","2026-06-29 14:59:59","0.00000","0","0.00","0.00000"
"all-available","Asia/Taipei","BTCUSDT","BTC-260629-57000-P","2026-06-29","57000","PUT","1h","2026-06-29 07:00:00","2026-06-29 15:00:00","5.000","5.000","5.000","5.000","0.00","2026-06-29 07:59:59","2026-06-29 15:59:59","0.00000","0","0.00","0.00000"
"all-available","Asia/Taipei","BTCUSDT","BTC-260629-58000-C","2026-06-29","58000","CALL","1h","2026-06-26 08:00:00","2026-06-26 16:00:00","2665.000","2665.000","2665.000","2665.000","1.38","2026-06-26 08:59:59","2026-06-26 16:59:59","3677.70000","2","0.00","0.00000"
"all-available","Asia/Taipei","BTCUSDT","BTC-260629-58000-C","2026-06-29","58000","CALL","1h","2026-06-26 09:00:00","2026-06-26 17:00:00","2665.000","2665.000","2665.000","2665.000","0.00","2026-06-26 09:59:59","2026-06-26 17:59:59","0.00000","0","0.00","0.00000"
"all-available","Asia/Taipei","BTCUSDT","BTC-260629-58000-C","2026-06-29","58000","CALL","1h","2026-06-26 10:00:00","2026-06-26 18:00:00","2665.000","2665.000","2665.000","2665.000","0.00","2026-06-26 10:59:59","2026-06-26 18:59:59","0.00000","0","0.00","0.00000"
"all-available","Asia/Taipei","BTCUSDT","BTC-260629-58000-C","2026-06-29","58000","CALL","1h","2026-06-26 11:00:00","2026-06-26 19:00:00","2665.000","2665.000","2665.000","2665.000","0.00","2026-06-26 11:59:59","2026-06-26 19:59:59","0.00000","0","0.00","0.00000"
"all-available","Asia/Taipei","BTCUSDT","BTC-260629-58000-C","2026-06-29","58000","CALL","1h","2026-06-26 12:00:00","2026-06-26 20:00:00","2015.000","2015.000","2015.000","2015.000","1.22","2026-06-26 12:59:59","2026-06-26 20:59:59","2458.30000","2","0.00","0.00000"
"all-available","Asia/Taipei","BTCUSDT","BTC-260629-58000-C","2026-06-29","58000","CALL","1h","2026-06-26 13:00:00","2026-06-26 21:00:00","1695.000","2255.000","1695.000","2255.000","3.35","2026-06-26 13:59:59","2026-06-26 21:59:59","7134.25000","3","0.00","0.00000"
"all-available","Asia/Taipei","BTCUSDT","BTC-260629-58000-C","2026-06-29","58000","CALL","1h","2026-06-26 14:00:00","2026-06-26 22:00:00","2255.000","2255.000","2255.000","2255.000","0.00","2026-06-26 14:59:59","2026-06-26 22:59:59","0.00000","0","0.00","0.00000"
"all-available","Asia/Taipei","BTCUSDT","BTC-260629-58000-C","2026-06-29","58000","CALL","1h","2026-06-26 15:00:00","2026-06-26 23:00:00","2460.000","2460.000","2460.000","2460.000","2.60","2026-06-26 15:59:59","2026-06-26 23:59:59","6396.00000","1","2.60","6396.00000"
"all-available","Asia/Taipei","BTCUSDT","BTC-260629-58000-C","2026-06-29","58000","CALL","1h","2026-06-26 16:00:00","2026-06-27 00:00:00","2460.000","2460.000","2460.000","2460.000","0.00","2026-06-26 16:59:59","2026-06-27 00:59:59","0.00000","0","0.00","0.00000"
"all-available","Asia/Taipei","BTCUSDT","BTC-260629-58000-C","2026-06-29","58000","CALL","1h","2026-06-26 17:00:00","2026-06-27 01:00:00","2460.000","2460.000","2460.000","2460.000","0.00","2026-06-26 17:59:59","2026-06-27 01:59:59","0.00000","0","0.00","0.00000"
"all-available","Asia/Taipei","BTCUSDT","BTC-260629-58000-C","2026-06-29","58000","CALL","1h","2026-06-26 18:00:00","2026-06-27 02:00:00","2460.000","2460.000","2460.000","2460.000","0.00","2026-06-26 18:59:59","2026-06-27 02:59:59","0.00000","0","0.00","0.00000"
"all-available","Asia/Taipei","BTCUSDT","BTC-260629-58000-C","2026-06-29","58000","CALL","1h","2026-06-26 19:00:00","2026-06-27 03:00:00","2460.000","2460.000","2460.000","2460.000","0.00","2026-06-26 19:59:59","2026-06-27 03:59:59","0.00000","0","0.00","0.00000"
"all-available","Asia/Taipei","BTCUSDT","BTC-260629-58000-C","2026-06-29","58000","CALL","1h","2026-06-26 20:00:00","2026-06-27 04:00:00","2005.000","2005.000","1900.000","1900.000","0.04","2026-06-26 20:59:59","2026-06-27 04:59:59","78.10000","2","0.02","38.00000"
"all-available","Asia/Taipei","BTCUSDT","BTC-260629-58000-C","2026-06-29","58000","CALL","1h","2026-06-26 21:00:00","2026-06-27 05:00:00","1900.000","1900.000","1900.000","1900.000","0.00","2026-06-26 21:59:59","2026-06-27 05:59:59","0.00000","0","0.00","0.00000"
"all-available","Asia/Taipei","BTCUSDT","BTC-260629-58000-C","2026-06-29","58000","CALL","1h","2026-06-26 22:00:00","2026-06-27 06:00:00","1900.000","1900.000","1900.000","1900.000","0.00","2026-06-26 22:59:59","2026-06-27 06:59:59","0.00000","0","0.00","0.00000"
"all-available","Asia/Taipei","BTCUSDT","BTC-260629-58000-C","2026-06-29","58000","CALL","1h","2026-06-26 23:00:00","2026-06-27 07:00:00","1900.000","1900.000","1900.000","1900.000","0.00","2026-06-26 23:59:59","2026-06-27 07:59:59","0.00000","0","0.00","0.00000"
"all-available","Asia/Taipei","BTCUSDT","BTC-260629-58000-C","2026-06-29","58000","CALL","1h","2026-06-27 00:00:00","2026-06-27 08:00:00","1900.000","1900.000","1900.000","1900.000","0.00","2026-06-27 00:59:59","2026-06-27 08:59:59","0.00000","0","0.00","0.00000"
"all-available","Asia/Taipei","BTCUSDT","BTC-260629-58000-C","2026-06-29","58000","CALL","1h","2026-06-27 01:00:00","2026-06-27 09:00:00","1900.000","1900.000","1900.000","1900.000","0.00","2026-06-27 01:59:59","2026-06-27 09:59:59","0.00000","0","0.00","0.00000"
"all-available","Asia/Taipei","BTCUSDT","BTC-260629-58000-C","2026-06-29","58000","CALL","1h","2026-06-27 02:00:00","2026-06-27 10:00:00","1900.000","1900.000","1900.000","1900.000","0.00","2026-06-27 02:59:59","2026-06-27 10:59:59","0.00000","0","0.00","0.00000"
"all-available","Asia/Taipei","BTCUSDT","BTC-260629-58000-C","2026-06-29","58000","CALL","1h","2026-06-27 03:00:00","2026-06-27 11:00:00","1900.000","1900.000","1900.000","1900.000","0.00","2026-06-27 03:59:59","2026-06-27 11:59:59","0.00000","0","0.00","0.00000"
"all-available","Asia/Taipei","BTCUSDT","BTC-260629-58000-C","2026-06-29","58000","CALL","1h","2026-06-27 04:00:00","2026-06-27 12:00:00","1900.000","1900.000","1900.000","1900.000","0.00","2026-06-27 04:59:59","2026-06-27 12:59:59","0.00000","0","0.00","0.00000"
"all-available","Asia/Taipei","BTCUSDT","BTC-260629-58000-C","2026-06-29","58000","CALL","1h","2026-06-27 05:00:00","2026-06-27 13:00:00","1900.000","1900.000","1900.000","1900.000","0.00","2026-06-27 05:59:59","2026-06-27 13:59:59","0.00000","0","0.00","0.00000"
"all-available","Asia/Taipei","BTCUSDT","BTC-260629-58000-C","2026-06-29","58000","CALL","1h","2026-06-27 06:00:00","2026-06-27 14:00:00","1900.000","1900.000","1900.000","1900.000","0.00","2026-06-27 06:59:59","2026-06-27 14:59:59","0.00000","0","0.00","0.00000"
"all-available","Asia/Taipei","BTCUSDT","BTC-260629-58000-C","2026-06-29","58000","CALL","1h","2026-06-27 07:00:00","2026-06-27 15:00:00","1900.000","1900.000","1900.000","1900.000","0.00","2026-06-27 07:59:59","2026-06-27 15:59:59","0.00000","0","0.00","0.00000"
"all-available","Asia/Taipei","BTCUSDT","BTC-260629-58000-C","2026-06-29","58000","CALL","1h","2026-06-27 08:00:00","2026-06-27 16:00:00","2550.000","2550.000","2550.000","2550.000","0.31","2026-06-27 08:59:59","2026-06-27 16:59:59","790.50000","2","0.00","0.00000"
"all-available","Asia/Taipei","BTCUSDT","BTC-260629-58000-C","2026-06-29","58000","CALL","1h","2026-06-27 09:00:00","2026-06-27 17:00:00","2550.000","2550.000","2550.000","2550.000","0.00","2026-06-27 09:59:59","2026-06-27 17:59:59","0.00000","0","0.00","0.00000"
"all-available","Asia/Taipei","BTCUSDT","BTC-260629-58000-C","2026-06-29","58000","CALL","1h","2026-06-27 10:00:00","2026-06-27 18:00:00","2550.000","2550.000","2550.000","2550.000","0.00","2026-06-27 10:59:59","2026-06-27 18:59:59","0.00000","0","0.00","0.00000"
"all-available","Asia/Taipei","BTCUSDT","BTC-260629-58000-C","2026-06-29","58000","CALL","1h","2026-06-27 11:00:00","2026-06-27 19:00:00","2550.000","2550.000","2550.000","2550.000","0.00","2026-06-27 11:59:59","2026-06-27 19:59:59","0.00000","0","0.00","0.00000"
"all-available","Asia/Taipei","BTCUSDT","BTC-260629-58000-C","2026-06-29","58000","CALL","1h","2026-06-27 12:00:00","2026-06-27 20:00:00","2550.000","2550.000","2550.000","2550.000","0.00","2026-06-27 12:59:59","2026-06-27 20:59:59","0.00000","0","0.00","0.00000"
"all-available","Asia/Taipei","BTCUSDT","BTC-260629-58000-C","2026-06-29","58000","CALL","1h","2026-06-27 13:00:00","2026-06-27 21:00:00","2550.000","2550.000","2550.000","2550.000","0.00","2026-06-27 13:59:59","2026-06-27 21:59:59","0.00000","0","0.00","0.00000"
"all-available","Asia/Taipei","BTCUSDT","BTC-260629-58000-C","2026-06-29","58000","CALL","1h","2026-06-27 14:00:00","2026-06-27 22:00:00","2550.000","2550.000","2550.000","2550.000","0.00","2026-06-27 14:59:59","2026-06-27 22:59:59","0.00000","0","0.00","0.00000"
"all-available","Asia/Taipei","BTCUSDT","BTC-260629-58000-C","2026-06-29","58000","CALL","1h","2026-06-27 15:00:00","2026-06-27 23:00:00","2550.000","2550.000","2550.000","2550.000","0.00","2026-06-27 15:59:59","2026-06-27 23:59:59","0.00000","0","0.00","0.00000"
"all-available","Asia/Taipei","BTCUSDT","BTC-260629-58000-C","2026-06-29","58000","CALL","1h","2026-06-27 16:00:00","2026-06-28 00:00:00","2550.000","2550.000","2550.000","2550.000","0.00","2026-06-27 16:59:59","2026-06-28 00:59:59","0.00000","0","0.00","0.00000"
"all-available","Asia/Taipei","BTCUSDT","BTC-260629-58000-C","2026-06-29","58000","CALL","1h","2026-06-27 17:00:00","2026-06-28 01:00:00","2600.000","2600.000","2600.000","2600.000","0.02","2026-06-27 17:59:59","2026-06-28 01:59:59","52.00000","1","0.02","52.00000"
"all-available","Asia/Taipei","BTCUSDT","BTC-260629-58000-C","2026-06-29","58000","CALL","1h","2026-06-27 18:00:00","2026-06-28 02:00:00","2600.000","2600.000","2600.000","2600.000","0.00","2026-06-27 18:59:59","2026-06-28 02:59:59","0.00000","0","0.00","0.00000"
"all-available","Asia/Taipei","BTCUSDT","BTC-260629-58000-C","2026-06-29","58000","CALL","1h","2026-06-27 19:00:00","2026-06-28 03:00:00","2600.000","2600.000","2600.000","2600.000","0.00","2026-06-27 19:59:59","2026-06-28 03:59:59","0.00000","0","0.00","0.00000"
"all-available","Asia/Taipei","BTCUSDT","BTC-260629-58000-C","2026-06-29","58000","CALL","1h","2026-06-27 20:00:00","2026-06-28 04:00:00","2600.000","2600.000","2600.000","2600.000","0.00","2026-06-27 20:59:59","2026-06-28 04:59:59","0.00000","0","0.00","0.00000"
"all-available","Asia/Taipei","BTCUSDT","BTC-260629-58000-C","2026-06-29","58000","CALL","1h","2026-06-27 21:00:00","2026-06-28 05:00:00","2600.000","2600.000","2600.000","2600.000","0.00","2026-06-27 21:59:59","2026-06-28 05:59:59","0.00000","0","0.00","0.00000"
"all-available","Asia/Taipei","BTCUSDT","BTC-260629-58000-C","2026-06-29","58000","CALL","1h","2026-06-27 22:00:00","2026-06-28 06:00:00","2600.000","2600.000","2600.000","2600.000","0.00","2026-06-27 22:59:59","2026-06-28 06:59:59","0.00000","0","0.00","0.00000"
"all-available","Asia/Taipei","BTCUSDT","BTC-260629-58000-C","2026-06-29","58000","CALL","1h","2026-06-27 23:00:00","2026-06-28 07:00:00","2600.000","2600.000","2600.000","2600.000","0.00","2026-06-27 23:59:59","2026-06-28 07:59:59","0.00000","0","0.00","0.00000"
"all-available","Asia/Taipei","BTCUSDT","BTC-260629-58000-C","2026-06-29","58000","CALL","1h","2026-06-28 00:00:00","2026-06-28 08:00:00","2600.000","2600.000","2600.000","2600.000","0.00","2026-06-28 00:59:59","2026-06-28 08:59:59","0.00000","0","0.00","0.00000"
"all-available","Asia/Taipei","BTCUSDT","BTC-260629-58000-C","2026-06-29","58000","CALL","1h","2026-06-28 01:00:00","2026-06-28 09:00:00","2600.000","2600.000","2600.000","2600.000","0.00","2026-06-28 01:59:59","2026-06-28 09:59:59","0.00000","0","0.00","0.00000"
"all-available","Asia/Taipei","BTCUSDT","BTC-260629-58000-C","2026-06-29","58000","CALL","1h","2026-06-28 02:00:00","2026-06-28 10:00:00","2600.000","2600.000","2600.000","2600.000","0.00","2026-06-28 02:59:59","2026-06-28 10:59:59","0.00000","0","0.00","0.00000"
"all-available","Asia/Taipei","BTCUSDT","BTC-260629-58000-C","2026-06-29","58000","CALL","1h","2026-06-28 03:00:00","2026-06-28 11:00:00","2600.000","2600.000","2600.000","2600.000","0.00","2026-06-28 03:59:59","2026-06-28 11:59:59","0.00000","0","0.00","0.00000"
"all-available","Asia/Taipei","BTCUSDT","BTC-260629-58000-C","2026-06-29","58000","CALL","1h","2026-06-28 04:00:00","2026-06-28 12:00:00","2600.000","2600.000","2600.000","2600.000","0.00","2026-06-28 04:59:59","2026-06-28 12:59:59","0.00000","0","0.00","0.00000"
"all-available","Asia/Taipei","BTCUSDT","BTC-260629-58000-C","2026-06-29","58000","CALL","1h","2026-06-28 05:00:00","2026-06-28 13:00:00","2600.000","2600.000","2600.000","2600.000","0.00","2026-06-28 05:59:59","2026-06-28 13:59:59","0.00000","0","0.00","0.00000"
"all-available","Asia/Taipei","BTCUSDT","BTC-260629-58000-C","2026-06-29","58000","CALL","1h","2026-06-28 06:00:00","2026-06-28 14:00:00","2600.000","2600.000","2600.000","2600.000","0.00","2026-06-28 06:59:59","2026-06-28 14:59:59","0.00000","0","0.00","0.00000"
"all-available","Asia/Taipei","BTCUSDT","BTC-260629-58000-C","2026-06-29","58000","CALL","1h","2026-06-28 07:00:00","2026-06-28 15:00:00","2600.000","2600.000","2600.000","2600.000","0.00","2026-06-28 07:59:59","2026-06-28 15:59:59","0.00000","0","0.00","0.00000"
"all-available","Asia/Taipei","BTCUSDT","BTC-260629-58000-C","2026-06-29","58000","CALL","1h","2026-06-28 08:00:00","2026-06-28 16:00:00","2600.000","2600.000","2600.000","2600.000","0.00","2026-06-28 08:59:59","2026-06-28 16:59:59","0.00000","0","0.00","0.00000"
"all-available","Asia/Taipei","BTCUSDT","BTC-260629-58000-C","2026-06-29","58000","CALL","1h","2026-06-28 09:00:00","2026-06-28 17:00:00","2600.000","2600.000","2600.000","2600.000","0.00","2026-06-28 09:59:59","2026-06-28 17:59:59","0.00000","0","0.00","0.00000"
"all-available","Asia/Taipei","BTCUSDT","BTC-260629-58000-C","2026-06-29","58000","CALL","1h","2026-06-28 10:00:00","2026-06-28 18:00:00","2600.000","2600.000","2600.000","2600.000","0.00","2026-06-28 10:59:59","2026-06-28 18:59:59","0.00000","0","0.00","0.00000"
"all-available","Asia/Taipei","BTCUSDT","BTC-260629-58000-C","2026-06-29","58000","CALL","1h","2026-06-28 11:00:00","2026-06-28 19:00:00","2600.000","2600.000","2600.000","2600.000","0.00","2026-06-28 11:59:59","2026-06-28 19:59:59","0.00000","0","0.00","0.00000"
"all-available","Asia/Taipei","BTCUSDT","BTC-260629-58000-C","2026-06-29","58000","CALL","1h","2026-06-28 12:00:00","2026-06-28 20:00:00","2600.000","2600.000","2600.000","2600.000","0.00","2026-06-28 12:59:59","2026-06-28 20:59:59","0.00000","0","0.00","0.00000"
"all-available","Asia/Taipei","BTCUSDT","BTC-260629-58000-C","2026-06-29","58000","CALL","1h","2026-06-28 13:00:00","2026-06-28 21:00:00","2600.000","2600.000","2600.000","2600.000","0.00","2026-06-28 13:59:59","2026-06-28 21:59:59","0.00000","0","0.00","0.00000"
"all-available","Asia/Taipei","BTCUSDT","BTC-260629-58000-C","2026-06-29","58000","CALL","1h","2026-06-28 14:00:00","2026-06-28 22:00:00","2600.000","2600.000","2600.000","2600.000","0.00","2026-06-28 14:59:59","2026-06-28 22:59:59","0.00000","0","0.00","0.00000"
"all-available","Asia/Taipei","BTCUSDT","BTC-260629-58000-C","2026-06-29","58000","CALL","1h","2026-06-28 15:00:00","2026-06-28 23:00:00","2105.000","2105.000","2105.000","2105.000","0.03","2026-06-28 15:59:59","2026-06-28 23:59:59","63.15000","1","0.00","0.00000"
"all-available","Asia/Taipei","BTCUSDT","BTC-260629-58000-C","2026-06-29","58000","CALL","1h","2026-06-28 16:00:00","2026-06-29 00:00:00","1935.000","1935.000","1800.000","1800.000","1.97","2026-06-28 16:59:59","2026-06-29 00:59:59","3809.25000","2","0.00","0.00000"
"all-available","Asia/Taipei","BTCUSDT","BTC-260629-58000-C","2026-06-29","58000","CALL","1h","2026-06-28 17:00:00","2026-06-29 01:00:00","1680.000","1680.000","1650.000","1650.000","0.03","2026-06-28 17:59:59","2026-06-29 01:59:59","50.10000","2","0.00","0.00000"
"all-available","Asia/Taipei","BTCUSDT","BTC-260629-58000-C","2026-06-29","58000","CALL","1h","2026-06-28 18:00:00","2026-06-29 02:00:00","1650.000","1650.000","1650.000","1650.000","0.00","2026-06-28 18:59:59","2026-06-29 02:59:59","0.00000","0","0.00","0.00000"
"all-available","Asia/Taipei","BTCUSDT","BTC-260629-58000-C","2026-06-29","58000","CALL","1h","2026-06-28 19:00:00","2026-06-29 03:00:00","1650.000","1650.000","1650.000","1650.000","0.00","2026-06-28 19:59:59","2026-06-29 03:59:59","0.00000","0","0.00","0.00000"
"all-available","Asia/Taipei","BTCUSDT","BTC-260629-58000-C","2026-06-29","58000","CALL","1h","2026-06-28 20:00:00","2026-06-29 04:00:00","1650.000","1650.000","1650.000","1650.000","0.00","2026-06-28 20:59:59","2026-06-29 04:59:59","0.00000","0","0.00","0.00000"
"all-available","Asia/Taipei","BTCUSDT","BTC-260629-58000-C","2026-06-29","58000","CALL","1h","2026-06-28 21:00:00","2026-06-29 05:00:00","1650.000","1650.000","1650.000","1650.000","0.00","2026-06-28 21:59:59","2026-06-29 05:59:59","0.00000","0","0.00","0.00000"
"all-available","Asia/Taipei","BTCUSDT","BTC-260629-58000-C","2026-06-29","58000","CALL","1h","2026-06-28 22:00:00","2026-06-29 06:00:00","1650.000","1650.000","1650.000","1650.000","0.00","2026-06-28 22:59:59","2026-06-29 06:59:59","0.00000","0","0.00","0.00000"
"all-available","Asia/Taipei","BTCUSDT","BTC-260629-58000-C","2026-06-29","58000","CALL","1h","2026-06-28 23:00:00","2026-06-29 07:00:00","1650.000","1650.000","1650.000","1650.000","0.00","2026-06-28 23:59:59","2026-06-29 07:59:59","0.00000","0","0.00","0.00000"
"all-available","Asia/Taipei","BTCUSDT","BTC-260629-58000-C","2026-06-29","58000","CALL","1h","2026-06-29 00:00:00","2026-06-29 08:00:00","1650.000","1650.000","1650.000","1650.000","0.00","2026-06-29 00:59:59","2026-06-29 08:59:59","0.00000","0","0.00","0.00000"
"all-available","Asia/Taipei","BTCUSDT","BTC-260629-58000-C","2026-06-29","58000","CALL","1h","2026-06-29 01:00:00","2026-06-29 09:00:00","1650.000","1650.000","1650.000","1650.000","0.00","2026-06-29 01:59:59","2026-06-29 09:59:59","0.00000","0","0.00","0.00000"
"all-available","Asia/Taipei","BTCUSDT","BTC-260629-58000-C","2026-06-29","58000","CALL","1h","2026-06-29 02:00:00","2026-06-29 10:00:00","1765.000","1765.000","1765.000","1765.000","0.03","2026-06-29 02:59:59","2026-06-29 10:59:59","52.95000","1","0.03","52.95000"
"all-available","Asia/Taipei","BTCUSDT","BTC-260629-58000-C","2026-06-29","58000","CALL","1h","2026-06-29 03:00:00","2026-06-29 11:00:00","2020.000","2020.000","2020.000","2020.000","1.95","2026-06-29 03:59:59","2026-06-29 11:59:59","3939.00000","1","1.95","3939.00000"
"all-available","Asia/Taipei","BTCUSDT","BTC-260629-58000-C","2026-06-29","58000","CALL","1h","2026-06-29 04:00:00","2026-06-29 12:00:00","2020.000","2020.000","2020.000","2020.000","0.00","2026-06-29 04:59:59","2026-06-29 12:59:59","0.00000","0","0.00","0.00000"
"all-available","Asia/Taipei","BTCUSDT","BTC-260629-58000-C","2026-06-29","58000","CALL","1h","2026-06-29 05:00:00","2026-06-29 13:00:00","2020.000","2020.000","2020.000","2020.000","0.00","2026-06-29 05:59:59","2026-06-29 13:59:59","0.00000","0","0.00","0.00000"
"all-available","Asia/Taipei","BTCUSDT","BTC-260629-58000-C","2026-06-29","58000","CALL","1h","2026-06-29 06:00:00","2026-06-29 14:00:00","2020.000","2020.000","2020.000","2020.000","0.00","2026-06-29 06:59:59","2026-06-29 14:59:59","0.00000","0","0.00","0.00000"
"all-available","Asia/Taipei","BTCUSDT","BTC-260629-58000-C","2026-06-29","58000","CALL","1h","2026-06-29 07:00:00","2026-06-29 15:00:00","2020.000","2020.000","2020.000","2020.000","0.00","2026-06-29 07:59:59","2026-06-29 15:59:59","0.00000","0","0.00","0.00000"
"all-available","Asia/Taipei","BTCUSDT","BTC-260629-58000-P","2026-06-29","58000","PUT","1h","2026-06-26 08:00:00","2026-06-26 16:00:00","360.000","360.000","330.000","330.000","1.23","2026-06-26 08:59:59","2026-06-26 16:59:59","407.40000","5","1.23","407.40000"
"all-available","Asia/Taipei","BTCUSDT","BTC-260629-58000-P","2026-06-29","58000","PUT","1h","2026-06-26 09:00:00","2026-06-26 17:00:00","410.000","495.000","410.000","490.000","1.25","2026-06-26 09:59:59","2026-06-26 17:59:59","611.10000","3","0.00","0.00000"
"all-available","Asia/Taipei","BTCUSDT","BTC-260629-58000-P","2026-06-29","58000","PUT","1h","2026-06-26 10:00:00","2026-06-26 18:00:00","470.000","570.000","445.000","570.000","1.33","2026-06-26 10:59:59","2026-06-26 18:59:59","605.50000","7","0.00","0.00000"
"all-available","Asia/Taipei","BTCUSDT","BTC-260629-58000-P","2026-06-29","58000","PUT","1h","2026-06-26 11:00:00","2026-06-26 19:00:00","570.000","570.000","570.000","570.000","0.00","2026-06-26 11:59:59","2026-06-26 19:59:59","0.00000","0","0.00","0.00000"
"all-available","Asia/Taipei","BTCUSDT","BTC-260629-58000-P","2026-06-29","58000","PUT","1h","2026-06-26 12:00:00","2026-06-26 20:00:00","445.000","505.000","445.000","505.000","0.22","2026-06-26 12:59:59","2026-06-26 20:59:59","103.90000","2","0.10","50.50000"
"all-available","Asia/Taipei","BTCUSDT","BTC-260629-58000-P","2026-06-29","58000","PUT","1h","2026-06-26 13:00:00","2026-06-26 21:00:00","725.000","725.000","355.000","355.000","18.38","2026-06-26 13:59:59","2026-06-26 21:59:59","9756.40000","15","9.25","4837.40000"
"all-available","Asia/Taipei","BTCUSDT","BTC-260629-58000-P","2026-06-29","58000","PUT","1h","2026-06-26 14:00:00","2026-06-26 22:00:00","445.000","445.000","445.000","445.000","0.21","2026-06-26 14:59:59","2026-06-26 22:59:59","93.45000","1","0.00","0.00000"
"all-available","Asia/Taipei","BTCUSDT","BTC-260629-58000-P","2026-06-29","58000","PUT","1h","2026-06-26 15:00:00","2026-06-26 23:00:00","285.000","285.000","240.000","240.000","5.59","2026-06-26 15:59:59","2026-06-26 23:59:59","1531.20000","3","0.63","151.20000"
"all-available","Asia/Taipei","BTCUSDT","BTC-260629-58000-P","2026-06-29","58000","PUT","1h","2026-06-26 16:00:00","2026-06-27 00:00:00","250.000","250.000","250.000","250.000","0.10","2026-06-26 16:59:59","2026-06-27 00:59:59","25.00000","1","0.00","0.00000"
"all-available","Asia/Taipei","BTCUSDT","BTC-260629-58000-P","2026-06-29","58000","PUT","1h","2026-06-26 17:00:00","2026-06-27 01:00:00","250.000","250.000","250.000","250.000","0.00","2026-06-26 17:59:59","2026-06-27 01:59:59","0.00000","0","0.00","0.00000"
"all-available","Asia/Taipei","BTCUSDT","BTC-260629-58000-P","2026-06-29","58000","PUT","1h","2026-06-26 18:00:00","2026-06-27 02:00:00","250.000","250.000","250.000","250.000","0.00","2026-06-26 18:59:59","2026-06-27 02:59:59","0.00000","0","0.00","0.00000"
"all-available","Asia/Taipei","BTCUSDT","BTC-260629-58000-P","2026-06-29","58000","PUT","1h","2026-06-26 19:00:00","2026-06-27 03:00:00","210.000","210.000","210.000","210.000","18.00","2026-06-26 19:59:59","2026-06-27 03:59:59","3780.00000","4","0.00","0.00000"
"all-available","Asia/Taipei","BTCUSDT","BTC-260629-58000-P","2026-06-29","58000","PUT","1h","2026-06-26 20:00:00","2026-06-27 04:00:00","240.000","240.000","235.000","235.000","0.94","2026-06-26 20:59:59","2026-06-27 04:59:59","222.45000","2","0.31","74.40000"
"all-available","Asia/Taipei","BTCUSDT","BTC-260629-58000-P","2026-06-29","58000","PUT","1h","2026-06-26 21:00:00","2026-06-27 05:00:00","235.000","235.000","235.000","235.000","0.00","2026-06-26 21:59:59","2026-06-27 05:59:59","0.00000","0","0.00","0.00000"
"all-available","Asia/Taipei","BTCUSDT","BTC-260629-58000-P","2026-06-29","58000","PUT","1h","2026-06-26 22:00:00","2026-06-27 06:00:00","175.000","175.000","175.000","175.000","0.95","2026-06-26 22:59:59","2026-06-27 06:59:59","166.25000","1","0.00","0.00000"
"all-available","Asia/Taipei","BTCUSDT","BTC-260629-58000-P","2026-06-29","58000","PUT","1h","2026-06-26 23:00:00","2026-06-27 07:00:00","145.000","145.000","145.000","145.000","0.66","2026-06-26 23:59:59","2026-06-27 07:59:59","95.70000","1","0.00","0.00000"
"all-available","Asia/Taipei","BTCUSDT","BTC-260629-58000-P","2026-06-29","58000","PUT","1h","2026-06-27 00:00:00","2026-06-27 08:00:00","140.000","140.000","140.000","140.000","0.01","2026-06-27 00:59:59","2026-06-27 08:59:59","1.40000","1","0.00","0.00000"
"all-available","Asia/Taipei","BTCUSDT","BTC-260629-58000-P","2026-06-29","58000","PUT","1h","2026-06-27 01:00:00","2026-06-27 09:00:00","130.000","130.000","130.000","130.000","0.51","2026-06-27 01:59:59","2026-06-27 09:59:59","66.30000","2","0.00","0.00000"
"all-available","Asia/Taipei","BTCUSDT","BTC-260629-58000-P","2026-06-29","58000","PUT","1h","2026-06-27 02:00:00","2026-06-27 10:00:00","100.000","100.000","100.000","100.000","0.10","2026-06-27 02:59:59","2026-06-27 10:59:59","10.00000","1","0.00","0.00000"
"all-available","Asia/Taipei","BTCUSDT","BTC-260629-58000-P","2026-06-29","58000","PUT","1h","2026-06-27 03:00:00","2026-06-27 11:00:00","90.000","90.000","75.000","75.000","0.18","2026-06-27 03:59:59","2026-06-27 11:59:59","13.70000","3","0.00","0.00000"
"all-available","Asia/Taipei","BTCUSDT","BTC-260629-58000-P","2026-06-29","58000","PUT","1h","2026-06-27 04:00:00","2026-06-27 12:00:00","75.000","75.000","70.000","70.000","0.47","2026-06-27 04:59:59","2026-06-27 12:59:59","34.45000","2","0.00","0.00000"
"all-available","Asia/Taipei","BTCUSDT","BTC-260629-58000-P","2026-06-29","58000","PUT","1h","2026-06-27 05:00:00","2026-06-27 13:00:00","70.000","70.000","70.000","70.000","0.00","2026-06-27 05:59:59","2026-06-27 13:59:59","0.00000","0","0.00","0.00000"
"all-available","Asia/Taipei","BTCUSDT","BTC-260629-58000-P","2026-06-29","58000","PUT","1h","2026-06-27 06:00:00","2026-06-27 14:00:00","80.000","90.000","80.000","90.000","2.30","2026-06-27 06:59:59","2026-06-27 14:59:59","204.20000","4","2.02","181.80000"
"all-available","Asia/Taipei","BTCUSDT","BTC-260629-58000-P","2026-06-29","58000","PUT","1h","2026-06-27 07:00:00","2026-06-27 15:00:00","90.000","90.000","90.000","90.000","0.00","2026-06-27 07:59:59","2026-06-27 15:59:59","0.00000","0","0.00","0.00000"
"all-available","Asia/Taipei","BTCUSDT","BTC-260629-58000-P","2026-06-29","58000","PUT","1h","2026-06-27 08:00:00","2026-06-27 16:00:00","50.000","55.000","50.000","55.000","0.27","2026-06-27 08:59:59","2026-06-27 16:59:59","13.95000","2","0.00","0.00000"
"all-available","Asia/Taipei","BTCUSDT","BTC-260629-58000-P","2026-06-29","58000","PUT","1h","2026-06-27 09:00:00","2026-06-27 17:00:00","55.000","55.000","55.000","55.000","0.00","2026-06-27 09:59:59","2026-06-27 17:59:59","0.00000","0","0.00","0.00000"
"all-available","Asia/Taipei","BTCUSDT","BTC-260629-58000-P","2026-06-29","58000","PUT","1h","2026-06-27 10:00:00","2026-06-27 18:00:00","60.000","60.000","60.000","60.000","0.51","2026-06-27 10:59:59","2026-06-27 18:59:59","30.60000","2","0.50","30.00000"
"all-available","Asia/Taipei","BTCUSDT","BTC-260629-58000-P","2026-06-29","58000","PUT","1h","2026-06-27 11:00:00","2026-06-27 19:00:00","65.000","65.000","65.000","65.000","0.50","2026-06-27 11:59:59","2026-06-27 19:59:59","32.50000","1","0.50","32.50000"
"all-available","Asia/Taipei","BTCUSDT","BTC-260629-58000-P","2026-06-29","58000","PUT","1h","2026-06-27 12:00:00","2026-06-27 20:00:00","65.000","65.000","65.000","65.000","0.00","2026-06-27 12:59:59","2026-06-27 20:59:59","0.00000","0","0.00","0.00000"
"all-available","Asia/Taipei","BTCUSDT","BTC-260629-58000-P","2026-06-29","58000","PUT","1h","2026-06-27 13:00:00","2026-06-27 21:00:00","65.000","65.000","65.000","65.000","0.00","2026-06-27 13:59:59","2026-06-27 21:59:59","0.00000","0","0.00","0.00000"
"all-available","Asia/Taipei","BTCUSDT","BTC-260629-58000-P","2026-06-29","58000","PUT","1h","2026-06-27 14:00:00","2026-06-27 22:00:00","40.000","40.000","40.000","40.000","0.50","2026-06-27 14:59:59","2026-06-27 22:59:59","20.00000","1","0.00","0.00000"
"all-available","Asia/Taipei","BTCUSDT","BTC-260629-58000-P","2026-06-29","58000","PUT","1h","2026-06-27 15:00:00","2026-06-27 23:00:00","25.000","35.000","25.000","35.000","1.41","2026-06-27 15:59:59","2026-06-27 23:59:59","49.25000","4","1.40","49.00000"
"all-available","Asia/Taipei","BTCUSDT","BTC-260629-58000-P","2026-06-29","58000","PUT","1h","2026-06-27 16:00:00","2026-06-28 00:00:00","35.000","35.000","35.000","35.000","0.00","2026-06-27 16:59:59","2026-06-28 00:59:59","0.00000","0","0.00","0.00000"
"all-available","Asia/Taipei","BTCUSDT","BTC-260629-58000-P","2026-06-29","58000","PUT","1h","2026-06-27 17:00:00","2026-06-28 01:00:00","45.000","45.000","40.000","40.000","3.16","2026-06-27 17:59:59","2026-06-28 01:59:59","132.05000","6","1.13","50.85000"
"all-available","Asia/Taipei","BTCUSDT","BTC-260629-58000-P","2026-06-29","58000","PUT","1h","2026-06-27 18:00:00","2026-06-28 02:00:00","40.000","40.000","40.000","40.000","0.00","2026-06-27 18:59:59","2026-06-28 02:59:59","0.00000","0","0.00","0.00000"
"all-available","Asia/Taipei","BTCUSDT","BTC-260629-58000-P","2026-06-29","58000","PUT","1h","2026-06-27 19:00:00","2026-06-28 03:00:00","40.000","65.000","40.000","65.000","1.41","2026-06-27 19:59:59","2026-06-28 03:59:59","81.40000","4","0.41","16.40000"
"all-available","Asia/Taipei","BTCUSDT","BTC-260629-58000-P","2026-06-29","58000","PUT","1h","2026-06-27 20:00:00","2026-06-28 04:00:00","60.000","60.000","50.000","50.000","5.97","2026-06-27 20:59:59","2026-06-28 04:59:59","330.00000","5","3.15","189.00000"
"all-available","Asia/Taipei","BTCUSDT","BTC-260629-58000-P","2026-06-29","58000","PUT","1h","2026-06-27 21:00:00","2026-06-28 05:00:00","45.000","65.000","45.000","65.000","6.00","2026-06-27 21:59:59","2026-06-28 05:59:59","322.80000","9","3.88","227.40000"
"all-available","Asia/Taipei","BTCUSDT","BTC-260629-58000-P","2026-06-29","58000","PUT","1h","2026-06-27 22:00:00","2026-06-28 06:00:00","65.000","65.000","65.000","65.000","0.00","2026-06-27 22:59:59","2026-06-28 06:59:59","0.00000","0","0.00","0.00000"
"all-available","Asia/Taipei","BTCUSDT","BTC-260629-58000-P","2026-06-29","58000","PUT","1h","2026-06-27 23:00:00","2026-06-28 07:00:00","85.000","85.000","80.000","80.000","8.18","2026-06-27 23:59:59","2026-06-28 07:59:59","657.80000","3","0.68","57.80000"
"all-available","Asia/Taipei","BTCUSDT","BTC-260629-58000-P","2026-06-29","58000","PUT","1h","2026-06-28 00:00:00","2026-06-28 08:00:00","65.000","65.000","65.000","65.000","0.01","2026-06-28 00:59:59","2026-06-28 08:59:59","0.65000","1","0.00","0.00000"
"all-available","Asia/Taipei","BTCUSDT","BTC-260629-58000-P","2026-06-29","58000","PUT","1h","2026-06-28 01:00:00","2026-06-28 09:00:00","75.000","75.000","75.000","75.000","0.50","2026-06-28 01:59:59","2026-06-28 09:59:59","37.50000","1","0.00","0.00000"
"all-available","Asia/Taipei","BTCUSDT","BTC-260629-58000-P","2026-06-29","58000","PUT","1h","2026-06-28 02:00:00","2026-06-28 10:00:00","75.000","75.000","75.000","75.000","0.00","2026-06-28 02:59:59","2026-06-28 10:59:59","0.00000","0","0.00","0.00000"
"all-available","Asia/Taipei","BTCUSDT","BTC-260629-58000-P","2026-06-29","58000","PUT","1h","2026-06-28 03:00:00","2026-06-28 11:00:00","60.000","60.000","45.000","45.000","3.25","2026-06-28 03:59:59","2026-06-28 11:59:59","165.00000","3","1.25","75.00000"
"all-available","Asia/Taipei","BTCUSDT","BTC-260629-58000-P","2026-06-29","58000","PUT","1h","2026-06-28 04:00:00","2026-06-28 12:00:00","45.000","45.000","45.000","45.000","0.00","2026-06-28 04:59:59","2026-06-28 12:59:59","0.00000","0","0.00","0.00000"
"all-available","Asia/Taipei","BTCUSDT","BTC-260629-58000-P","2026-06-29","58000","PUT","1h","2026-06-28 05:00:00","2026-06-28 13:00:00","60.000","85.000","60.000","85.000","31.98","2026-06-28 05:59:59","2026-06-28 13:59:59","2561.75000","12","0.32","24.70000"
"all-available","Asia/Taipei","BTCUSDT","BTC-260629-58000-P","2026-06-29","58000","PUT","1h","2026-06-28 06:00:00","2026-06-28 14:00:00","90.000","90.000","90.000","90.000","0.15","2026-06-28 06:59:59","2026-06-28 14:59:59","13.50000","1","0.15","13.50000"
"all-available","Asia/Taipei","BTCUSDT","BTC-260629-58000-P","2026-06-29","58000","PUT","1h","2026-06-28 07:00:00","2026-06-28 15:00:00","80.000","85.000","70.000","70.000","1.89","2026-06-28 07:59:59","2026-06-28 15:59:59","140.15000","6","1.29","94.65000"
"all-available","Asia/Taipei","BTCUSDT","BTC-260629-58000-P","2026-06-29","58000","PUT","1h","2026-06-28 08:00:00","2026-06-28 16:00:00","70.000","70.000","55.000","60.000","20.00","2026-06-28 08:59:59","2026-06-28 16:59:59","1264.30000","16","12.47","748.20000"
"all-available","Asia/Taipei","BTCUSDT","BTC-260629-58000-P","2026-06-29","58000","PUT","1h","2026-06-28 09:00:00","2026-06-28 17:00:00","65.000","65.000","65.000","65.000","0.87","2026-06-28 09:59:59","2026-06-28 17:59:59","56.55000","3","0.87","56.55000"
"all-available","Asia/Taipei","BTCUSDT","BTC-260629-58000-P","2026-06-29","58000","PUT","1h","2026-06-28 10:00:00","2026-06-28 18:00:00","70.000","80.000","70.000","80.000","6.55","2026-06-28 10:59:59","2026-06-28 18:59:59","464.00000","4","6.55","464.00000"
"all-available","Asia/Taipei","BTCUSDT","BTC-260629-58000-P","2026-06-29","58000","PUT","1h","2026-06-28 11:00:00","2026-06-28 19:00:00","65.000","70.000","65.000","70.000","1.05","2026-06-28 11:59:59","2026-06-28 19:59:59","70.75000","3","0.50","35.00000"
"all-available","Asia/Taipei","BTCUSDT","BTC-260629-58000-P","2026-06-29","58000","PUT","1h","2026-06-28 12:00:00","2026-06-28 20:00:00","60.000","65.000","60.000","65.000","0.06","2026-06-28 12:59:59","2026-06-28 20:59:59","3.65000","2","0.05","3.00000"
"all-available","Asia/Taipei","BTCUSDT","BTC-260629-58000-P","2026-06-29","58000","PUT","1h","2026-06-28 13:00:00","2026-06-28 21:00:00","70.000","95.000","70.000","75.000","7.98","2026-06-28 13:59:59","2026-06-28 21:59:59","590.40000","16","3.05","229.10000"
"all-available","Asia/Taipei","BTCUSDT","BTC-260629-58000-P","2026-06-29","58000","PUT","1h","2026-06-28 14:00:00","2026-06-28 22:00:00","75.000","75.000","75.000","75.000","1.00","2026-06-28 14:59:59","2026-06-28 22:59:59","75.00000","3","1.00","75.00000"
"all-available","Asia/Taipei","BTCUSDT","BTC-260629-58000-P","2026-06-29","58000","PUT","1h","2026-06-28 15:00:00","2026-06-28 23:00:00","60.000","60.000","60.000","60.000","0.20","2026-06-28 15:59:59","2026-06-28 23:59:59","12.00000","2","0.00","0.00000"
"all-available","Asia/Taipei","BTCUSDT","BTC-260629-58000-P","2026-06-29","58000","PUT","1h","2026-06-28 16:00:00","2026-06-29 00:00:00","105.000","120.000","100.000","120.000","3.98","2026-06-28 16:59:59","2026-06-29 00:59:59","427.55000","6","0.15","15.75000"
"all-available","Asia/Taipei","BTCUSDT","BTC-260629-58000-P","2026-06-29","58000","PUT","1h","2026-06-28 17:00:00","2026-06-29 01:00:00","110.000","150.000","100.000","120.000","12.83","2026-06-28 17:59:59","2026-06-29 01:59:59","1483.75000","17","9.10","1095.75000"
"all-available","Asia/Taipei","BTCUSDT","BTC-260629-58000-P","2026-06-29","58000","PUT","1h","2026-06-28 18:00:00","2026-06-29 02:00:00","115.000","115.000","110.000","110.000","12.77","2026-06-28 18:59:59","2026-06-29 02:59:59","1467.05000","3","0.00","0.00000"
"all-available","Asia/Taipei","BTCUSDT","BTC-260629-58000-P","2026-06-29","58000","PUT","1h","2026-06-28 19:00:00","2026-06-29 03:00:00","120.000","140.000","115.000","120.000","17.21","2026-06-28 19:59:59","2026-06-29 03:59:59","2062.90000","15","14.54","1736.30000"
"all-available","Asia/Taipei","BTCUSDT","BTC-260629-58000-P","2026-06-29","58000","PUT","1h","2026-06-28 20:00:00","2026-06-29 04:00:00","115.000","115.000","85.000","85.000","1.48","2026-06-28 20:59:59","2026-06-29 04:59:59","136.40000","3","0.00","0.00000"
"all-available","Asia/Taipei","BTCUSDT","BTC-260629-58000-P","2026-06-29","58000","PUT","1h","2026-06-28 21:00:00","2026-06-29 05:00:00","80.000","95.000","75.000","95.000","2.01","2026-06-28 21:59:59","2026-06-29 05:59:59","177.40000","15","2.01","177.40000"
"all-available","Asia/Taipei","BTCUSDT","BTC-260629-58000-P","2026-06-29","58000","PUT","1h","2026-06-28 22:00:00","2026-06-29 06:00:00","75.000","180.000","55.000","175.000","39.81","2026-06-28 22:59:59","2026-06-29 06:59:59","6160.20000","52","33.39","5067.40000"
"all-available","Asia/Taipei","BTCUSDT","BTC-260629-58000-P","2026-06-29","58000","PUT","1h","2026-06-28 23:00:00","2026-06-29 07:00:00","100.000","100.000","50.000","50.000","20.30","2026-06-28 23:59:59","2026-06-29 07:59:59","1200.65000","96","13.99","769.55000"
"all-available","Asia/Taipei","BTCUSDT","BTC-260629-58000-P","2026-06-29","58000","PUT","1h","2026-06-29 00:00:00","2026-06-29 08:00:00","70.000","90.000","40.000","40.000","12.33","2026-06-29 00:59:59","2026-06-29 08:59:59","982.30000","10","11.69","946.00000"
"all-available","Asia/Taipei","BTCUSDT","BTC-260629-58000-P","2026-06-29","58000","PUT","1h","2026-06-29 01:00:00","2026-06-29 09:00:00","40.000","70.000","40.000","40.000","29.45","2026-06-29 01:59:59","2026-06-29 09:59:59","1307.40000","31","11.08","483.15000"
"all-available","Asia/Taipei","BTCUSDT","BTC-260629-58000-P","2026-06-29","58000","PUT","1h","2026-06-29 02:00:00","2026-06-29 10:00:00","55.000","100.000","20.000","20.000","25.45","2026-06-29 02:59:59","2026-06-29 10:59:59","851.85000","31","3.41","304.50000"
"all-available","Asia/Taipei","BTCUSDT","BTC-260629-58000-P","2026-06-29","58000","PUT","1h","2026-06-29 03:00:00","2026-06-29 11:00:00","15.000","15.000","5.000","5.000","8.66","2026-06-29 03:59:59","2026-06-29 11:59:59","43.70000","11","0.00","0.00000"
"all-available","Asia/Taipei","BTCUSDT","BTC-260629-58000-P","2026-06-29","58000","PUT","1h","2026-06-29 04:00:00","2026-06-29 12:00:00","5.000","5.000","5.000","5.000","1.01","2026-06-29 04:59:59","2026-06-29 12:59:59","5.05000","2","0.00","0.00000"
"all-available","Asia/Taipei","BTCUSDT","BTC-260629-58000-P","2026-06-29","58000","PUT","1h","2026-06-29 05:00:00","2026-06-29 13:00:00","10.000","10.000","5.000","5.000","202.62","2026-06-29 05:59:59","2026-06-29 13:59:59","1015.60000","12","1.27","8.85000"
"all-available","Asia/Taipei","BTCUSDT","BTC-260629-58000-P","2026-06-29","58000","PUT","1h","2026-06-29 06:00:00","2026-06-29 14:00:00","5.000","5.000","5.000","5.000","0.00","2026-06-29 06:59:59","2026-06-29 14:59:59","0.00000","0","0.00","0.00000"
"all-available","Asia/Taipei","BTCUSDT","BTC-260629-58000-P","2026-06-29","58000","PUT","1h","2026-06-29 07:00:00","2026-06-29 15:00:00","5.000","5.000","5.000","5.000","0.00","2026-06-29 07:59:59","2026-06-29 15:59:59","0.00000","0","0.00","0.00000"
"all-available","Asia/Taipei","BTCUSDT","BTC-260629-58500-C","2026-06-29","58500","CALL","1h","2026-06-26 12:00:00","2026-06-26 20:00:00","1640.000","1640.000","1640.000","1640.000","2.19","2026-06-26 12:59:59","2026-06-26 20:59:59","3591.60000","1","0.00","0.00000"
"all-available","Asia/Taipei","BTCUSDT","BTC-260629-58500-C","2026-06-29","58500","CALL","1h","2026-06-26 13:00:00","2026-06-26 21:00:00","1305.000","1930.000","1305.000","1930.000","3.85","2026-06-26 13:59:59","2026-06-26 21:59:59","6642.40000","7","0.00","0.00000"
"all-available","Asia/Taipei","BTCUSDT","BTC-260629-58500-C","2026-06-29","58500","CALL","1h","2026-06-26 14:00:00","2026-06-26 22:00:00","2125.000","2125.000","1590.000","1590.000","3.69","2026-06-26 14:59:59","2026-06-26 22:59:59","6726.10000","5","2.29","3751.10000"
"all-available","Asia/Taipei","BTCUSDT","BTC-260629-58500-C","2026-06-29","58500","CALL","1h","2026-06-26 15:00:00","2026-06-26 23:00:00","2010.000","2010.000","2010.000","2010.000","0.30","2026-06-26 15:59:59","2026-06-26 23:59:59","603.00000","1","0.30","603.00000"
"all-available","Asia/Taipei","BTCUSDT","BTC-260629-58500-C","2026-06-29","58500","CALL","1h","2026-06-26 16:00:00","2026-06-27 00:00:00","2010.000","2010.000","2010.000","2010.000","0.00","2026-06-26 16:59:59","2026-06-27 00:59:59","0.00000","0","0.00","0.00000"
"all-available","Asia/Taipei","BTCUSDT","BTC-260629-58500-C","2026-06-29","58500","CALL","1h","2026-06-26 17:00:00","2026-06-27 01:00:00","2010.000","2010.000","2010.000","2010.000","0.00","2026-06-26 17:59:59","2026-06-27 01:59:59","0.00000","0","0.00","0.00000"
"all-available","Asia/Taipei","BTCUSDT","BTC-260629-58500-C","2026-06-29","58500","CALL","1h","2026-06-26 18:00:00","2026-06-27 02:00:00","2010.000","2010.000","2010.000","2010.000","0.00","2026-06-26 18:59:59","2026-06-27 02:59:59","0.00000","0","0.00","0.00000"
"all-available","Asia/Taipei","BTCUSDT","BTC-260629-58500-C","2026-06-29","58500","CALL","1h","2026-06-26 19:00:00","2026-06-27 03:00:00","2010.000","2010.000","2010.000","2010.000","0.00","2026-06-26 19:59:59","2026-06-27 03:59:59","0.00000","0","0.00","0.00000"
"all-available","Asia/Taipei","BTCUSDT","BTC-260629-58500-C","2026-06-29","58500","CALL","1h","2026-06-26 20:00:00","2026-06-27 04:00:00","2010.000","2010.000","2010.000","2010.000","0.00","2026-06-26 20:59:59","2026-06-27 04:59:59","0.00000","0","0.00","0.00000"
"all-available","Asia/Taipei","BTCUSDT","BTC-260629-58500-C","2026-06-29","58500","CALL","1h","2026-06-26 21:00:00","2026-06-27 05:00:00","2010.000","2010.000","2010.000","2010.000","0.00","2026-06-26 21:59:59","2026-06-27 05:59:59","0.00000","0","0.00","0.00000"
"all-available","Asia/Taipei","BTCUSDT","BTC-260629-58500-C","2026-06-29","58500","CALL","1h","2026-06-26 22:00:00","2026-06-27 06:00:00","2010.000","2010.000","2010.000","2010.000","0.00","2026-06-26 22:59:59","2026-06-27 06:59:59","0.00000","0","0.00","0.00000"
"all-available","Asia/Taipei","BTCUSDT","BTC-260629-58500-C","2026-06-29","58500","CALL","1h","2026-06-26 23:00:00","2026-06-27 07:00:00","2010.000","2010.000","2010.000","2010.000","0.00","2026-06-26 23:59:59","2026-06-27 07:59:59","0.00000","0","0.00","0.00000"
"all-available","Asia/Taipei","BTCUSDT","BTC-260629-58500-C","2026-06-29","58500","CALL","1h","2026-06-27 00:00:00","2026-06-27 08:00:00","2010.000","2010.000","2010.000","2010.000","0.00","2026-06-27 00:59:59","2026-06-27 08:59:59","0.00000","0","0.00","0.00000"
"all-available","Asia/Taipei","BTCUSDT","BTC-260629-58500-C","2026-06-29","58500","CALL","1h","2026-06-27 01:00:00","2026-06-27 09:00:00","2010.000","2010.000","2010.000","2010.000","0.00","2026-06-27 01:59:59","2026-06-27 09:59:59","0.00000","0","0.00","0.00000"
"all-available","Asia/Taipei","BTCUSDT","BTC-260629-58500-C","2026-06-29","58500","CALL","1h","2026-06-27 02:00:00","2026-06-27 10:00:00","2010.000","2010.000","2010.000","2010.000","0.00","2026-06-27 02:59:59","2026-06-27 10:59:59","0.00000","0","0.00","0.00000"
"all-available","Asia/Taipei","BTCUSDT","BTC-260629-58500-C","2026-06-29","58500","CALL","1h","2026-06-27 03:00:00","2026-06-27 11:00:00","2010.000","2010.000","2010.000","2010.000","0.00","2026-06-27 03:59:59","2026-06-27 11:59:59","0.00000","0","0.00","0.00000"
"all-available","Asia/Taipei","BTCUSDT","BTC-260629-58500-C","2026-06-29","58500","CALL","1h","2026-06-27 04:00:00","2026-06-27 12:00:00","2010.000","2010.000","2010.000","2010.000","0.00","2026-06-27 04:59:59","2026-06-27 12:59:59","0.00000","0","0.00","0.00000"
"all-available","Asia/Taipei","BTCUSDT","BTC-260629-58500-C","2026-06-29","58500","CALL","1h","2026-06-27 05:00:00","2026-06-27 13:00:00","2010.000","2010.000","2010.000","2010.000","0.00","2026-06-27 05:59:59","2026-06-27 13:59:59","0.00000","0","0.00","0.00000"
"all-available","Asia/Taipei","BTCUSDT","BTC-260629-58500-C","2026-06-29","58500","CALL","1h","2026-06-27 06:00:00","2026-06-27 14:00:00","2010.000","2010.000","2010.000","2010.000","0.00","2026-06-27 06:59:59","2026-06-27 14:59:59","0.00000","0","0.00","0.00000"
"all-available","Asia/Taipei","BTCUSDT","BTC-260629-58500-C","2026-06-29","58500","CALL","1h","2026-06-27 07:00:00","2026-06-27 15:00:00","2010.000","2010.000","2010.000","2010.000","0.00","2026-06-27 07:59:59","2026-06-27 15:59:59","0.00000","0","0.00","0.00000"
"all-available","Asia/Taipei","BTCUSDT","BTC-260629-58500-C","2026-06-29","58500","CALL","1h","2026-06-27 08:00:00","2026-06-27 16:00:00","2010.000","2010.000","2010.000","2010.000","0.00","2026-06-27 08:59:59","2026-06-27 16:59:59","0.00000","0","0.00","0.00000"
"all-available","Asia/Taipei","BTCUSDT","BTC-260629-58500-C","2026-06-29","58500","CALL","1h","2026-06-27 09:00:00","2026-06-27 17:00:00","2010.000","2010.000","2010.000","2010.000","0.00","2026-06-27 09:59:59","2026-06-27 17:59:59","0.00000","0","0.00","0.00000"
"all-available","Asia/Taipei","BTCUSDT","BTC-260629-58500-C","2026-06-29","58500","CALL","1h","2026-06-27 10:00:00","2026-06-27 18:00:00","2010.000","2010.000","2010.000","2010.000","0.00","2026-06-27 10:59:59","2026-06-27 18:59:59","0.00000","0","0.00","0.00000"
"all-available","Asia/Taipei","BTCUSDT","BTC-260629-58500-C","2026-06-29","58500","CALL","1h","2026-06-27 11:00:00","2026-06-27 19:00:00","2010.000","2010.000","2010.000","2010.000","0.00","2026-06-27 11:59:59","2026-06-27 19:59:59","0.00000","0","0.00","0.00000"
"all-available","Asia/Taipei","BTCUSDT","BTC-260629-58500-C","2026-06-29","58500","CALL","1h","2026-06-27 12:00:00","2026-06-27 20:00:00","2010.000","2010.000","2010.000","2010.000","0.00","2026-06-27 12:59:59","2026-06-27 20:59:59","0.00000","0","0.00","0.00000"
"all-available","Asia/Taipei","BTCUSDT","BTC-260629-58500-C","2026-06-29","58500","CALL","1h","2026-06-27 13:00:00","2026-06-27 21:00:00","2010.000","2010.000","2010.000","2010.000","0.00","2026-06-27 13:59:59","2026-06-27 21:59:59","0.00000","0","0.00","0.00000"
"all-available","Asia/Taipei","BTCUSDT","BTC-260629-58500-C","2026-06-29","58500","CALL","1h","2026-06-27 14:00:00","2026-06-27 22:00:00","2010.000","2010.000","2010.000","2010.000","0.00","2026-06-27 14:59:59","2026-06-27 22:59:59","0.00000","0","0.00","0.00000"
"all-available","Asia/Taipei","BTCUSDT","BTC-260629-58500-C","2026-06-29","58500","CALL","1h","2026-06-27 15:00:00","2026-06-27 23:00:00","2010.000","2010.000","2010.000","2010.000","0.00","2026-06-27 15:59:59","2026-06-27 23:59:59","0.00000","0","0.00","0.00000"
"all-available","Asia/Taipei","BTCUSDT","BTC-260629-58500-C","2026-06-29","58500","CALL","1h","2026-06-27 16:00:00","2026-06-28 00:00:00","2010.000","2010.000","2010.000","2010.000","0.00","2026-06-27 16:59:59","2026-06-28 00:59:59","0.00000","0","0.00","0.00000"
"all-available","Asia/Taipei","BTCUSDT","BTC-260629-58500-C","2026-06-29","58500","CALL","1h","2026-06-27 17:00:00","2026-06-28 01:00:00","2010.000","2010.000","2010.000","2010.000","0.00","2026-06-27 17:59:59","2026-06-28 01:59:59","0.00000","0","0.00","0.00000"
"all-available","Asia/Taipei","BTCUSDT","BTC-260629-58500-C","2026-06-29","58500","CALL","1h","2026-06-27 18:00:00","2026-06-28 02:00:00","2010.000","2010.000","2010.000","2010.000","0.00","2026-06-27 18:59:59","2026-06-28 02:59:59","0.00000","0","0.00","0.00000"
"all-available","Asia/Taipei","BTCUSDT","BTC-260629-58500-C","2026-06-29","58500","CALL","1h","2026-06-27 19:00:00","2026-06-28 03:00:00","2010.000","2010.000","2010.000","2010.000","0.00","2026-06-27 19:59:59","2026-06-28 03:59:59","0.00000","0","0.00","0.00000"
"all-available","Asia/Taipei","BTCUSDT","BTC-260629-58500-C","2026-06-29","58500","CALL","1h","2026-06-27 20:00:00","2026-06-28 04:00:00","2010.000","2010.000","2010.000","2010.000","0.00","2026-06-27 20:59:59","2026-06-28 04:59:59","0.00000","0","0.00","0.00000"
"all-available","Asia/Taipei","BTCUSDT","BTC-260629-58500-C","2026-06-29","58500","CALL","1h","2026-06-27 21:00:00","2026-06-28 05:00:00","2010.000","2010.000","2010.000","2010.000","0.00","2026-06-27 21:59:59","2026-06-28 05:59:59","0.00000","0","0.00","0.00000"
"all-available","Asia/Taipei","BTCUSDT","BTC-260629-58500-C","2026-06-29","58500","CALL","1h","2026-06-27 22:00:00","2026-06-28 06:00:00","2010.000","2010.000","2010.000","2010.000","0.00","2026-06-27 22:59:59","2026-06-28 06:59:59","0.00000","0","0.00","0.00000"
"all-available","Asia/Taipei","BTCUSDT","BTC-260629-58500-C","2026-06-29","58500","CALL","1h","2026-06-27 23:00:00","2026-06-28 07:00:00","2010.000","2010.000","2010.000","2010.000","0.00","2026-06-27 23:59:59","2026-06-28 07:59:59","0.00000","0","0.00","0.00000"
"all-available","Asia/Taipei","BTCUSDT","BTC-260629-58500-C","2026-06-29","58500","CALL","1h","2026-06-28 00:00:00","2026-06-28 08:00:00","2010.000","2010.000","2010.000","2010.000","0.00","2026-06-28 00:59:59","2026-06-28 08:59:59","0.00000","0","0.00","0.00000"
"all-available","Asia/Taipei","BTCUSDT","BTC-260629-58500-C","2026-06-29","58500","CALL","1h","2026-06-28 01:00:00","2026-06-28 09:00:00","2010.000","2010.000","2010.000","2010.000","0.00","2026-06-28 01:59:59","2026-06-28 09:59:59","0.00000","0","0.00","0.00000"
"all-available","Asia/Taipei","BTCUSDT","BTC-260629-58500-C","2026-06-29","58500","CALL","1h","2026-06-28 02:00:00","2026-06-28 10:00:00","2010.000","2010.000","2010.000","2010.000","0.00","2026-06-28 02:59:59","2026-06-28 10:59:59","0.00000","0","0.00","0.00000"
"all-available","Asia/Taipei","BTCUSDT","BTC-260629-58500-C","2026-06-29","58500","CALL","1h","2026-06-28 03:00:00","2026-06-28 11:00:00","2010.000","2010.000","2010.000","2010.000","0.00","2026-06-28 03:59:59","2026-06-28 11:59:59","0.00000","0","0.00","0.00000"
"all-available","Asia/Taipei","BTCUSDT","BTC-260629-58500-C","2026-06-29","58500","CALL","1h","2026-06-28 04:00:00","2026-06-28 12:00:00","2010.000","2010.000","2010.000","2010.000","0.00","2026-06-28 04:59:59","2026-06-28 12:59:59","0.00000","0","0.00","0.00000"
"all-available","Asia/Taipei","BTCUSDT","BTC-260629-58500-C","2026-06-29","58500","CALL","1h","2026-06-28 05:00:00","2026-06-28 13:00:00","2010.000","2010.000","2010.000","2010.000","0.00","2026-06-28 05:59:59","2026-06-28 13:59:59","0.00000","0","0.00","0.00000"
"all-available","Asia/Taipei","BTCUSDT","BTC-260629-58500-C","2026-06-29","58500","CALL","1h","2026-06-28 06:00:00","2026-06-28 14:00:00","2010.000","2010.000","2010.000","2010.000","0.00","2026-06-28 06:59:59","2026-06-28 14:59:59","0.00000","0","0.00","0.00000"
"all-available","Asia/Taipei","BTCUSDT","BTC-260629-58500-C","2026-06-29","58500","CALL","1h","2026-06-28 07:00:00","2026-06-28 15:00:00","2010.000","2010.000","2010.000","2010.000","0.00","2026-06-28 07:59:59","2026-06-28 15:59:59","0.00000","0","0.00","0.00000"
"all-available","Asia/Taipei","BTCUSDT","BTC-260629-58500-C","2026-06-29","58500","CALL","1h","2026-06-28 08:00:00","2026-06-28 16:00:00","2010.000","2010.000","2010.000","2010.000","0.00","2026-06-28 08:59:59","2026-06-28 16:59:59","0.00000","0","0.00","0.00000"
"all-available","Asia/Taipei","BTCUSDT","BTC-260629-58500-C","2026-06-29","58500","CALL","1h","2026-06-28 09:00:00","2026-06-28 17:00:00","2010.000","2010.000","2010.000","2010.000","0.00","2026-06-28 09:59:59","2026-06-28 17:59:59","0.00000","0","0.00","0.00000"
"all-available","Asia/Taipei","BTCUSDT","BTC-260629-58500-C","2026-06-29","58500","CALL","1h","2026-06-28 10:00:00","2026-06-28 18:00:00","2010.000","2010.000","2010.000","2010.000","0.00","2026-06-28 10:59:59","2026-06-28 18:59:59","0.00000","0","0.00","0.00000"
"all-available","Asia/Taipei","BTCUSDT","BTC-260629-58500-C","2026-06-29","58500","CALL","1h","2026-06-28 11:00:00","2026-06-28 19:00:00","2010.000","2010.000","2010.000","2010.000","0.00","2026-06-28 11:59:59","2026-06-28 19:59:59","0.00000","0","0.00","0.00000"
"all-available","Asia/Taipei","BTCUSDT","BTC-260629-58500-C","2026-06-29","58500","CALL","1h","2026-06-28 12:00:00","2026-06-28 20:00:00","2010.000","2010.000","2010.000","2010.000","0.00","2026-06-28 12:59:59","2026-06-28 20:59:59","0.00000","0","0.00","0.00000"
"all-available","Asia/Taipei","BTCUSDT","BTC-260629-58500-C","2026-06-29","58500","CALL","1h","2026-06-28 13:00:00","2026-06-28 21:00:00","2010.000","2010.000","2010.000","2010.000","0.00","2026-06-28 13:59:59","2026-06-28 21:59:59","0.00000","0","0.00","0.00000"
"all-available","Asia/Taipei","BTCUSDT","BTC-260629-58500-C","2026-06-29","58500","CALL","1h","2026-06-28 14:00:00","2026-06-28 22:00:00","2010.000","2010.000","2010.000","2010.000","0.00","2026-06-28 14:59:59","2026-06-28 22:59:59","0.00000","0","0.00","0.00000"
"all-available","Asia/Taipei","BTCUSDT","BTC-260629-58500-C","2026-06-29","58500","CALL","1h","2026-06-28 15:00:00","2026-06-28 23:00:00","2010.000","2010.000","2010.000","2010.000","0.00","2026-06-28 15:59:59","2026-06-28 23:59:59","0.00000","0","0.00","0.00000"
"all-available","Asia/Taipei","BTCUSDT","BTC-260629-58500-C","2026-06-29","58500","CALL","1h","2026-06-28 16:00:00","2026-06-29 00:00:00","2010.000","2010.000","2010.000","2010.000","0.00","2026-06-28 16:59:59","2026-06-29 00:59:59","0.00000","0","0.00","0.00000"
"all-available","Asia/Taipei","BTCUSDT","BTC-260629-58500-C","2026-06-29","58500","CALL","1h","2026-06-28 17:00:00","2026-06-29 01:00:00","2010.000","2010.000","2010.000","2010.000","0.00","2026-06-28 17:59:59","2026-06-29 01:59:59","0.00000","0","0.00","0.00000"
"all-available","Asia/Taipei","BTCUSDT","BTC-260629-58500-C","2026-06-29","58500","CALL","1h","2026-06-28 18:00:00","2026-06-29 02:00:00","2010.000","2010.000","2010.000","2010.000","0.00","2026-06-28 18:59:59","2026-06-29 02:59:59","0.00000","0","0.00","0.00000"
"all-available","Asia/Taipei","BTCUSDT","BTC-260629-58500-C","2026-06-29","58500","CALL","1h","2026-06-28 19:00:00","2026-06-29 03:00:00","2010.000","2010.000","2010.000","2010.000","0.00","2026-06-28 19:59:59","2026-06-29 03:59:59","0.00000","0","0.00","0.00000"
"all-available","Asia/Taipei","BTCUSDT","BTC-260629-58500-C","2026-06-29","58500","CALL","1h","2026-06-28 20:00:00","2026-06-29 04:00:00","2010.000","2010.000","2010.000","2010.000","0.00","2026-06-28 20:59:59","2026-06-29 04:59:59","0.00000","0","0.00","0.00000"
"all-available","Asia/Taipei","BTCUSDT","BTC-260629-58500-C","2026-06-29","58500","CALL","1h","2026-06-28 21:00:00","2026-06-29 05:00:00","2010.000","2010.000","2010.000","2010.000","0.00","2026-06-28 21:59:59","2026-06-29 05:59:59","0.00000","0","0.00","0.00000"
"all-available","Asia/Taipei","BTCUSDT","BTC-260629-58500-C","2026-06-29","58500","CALL","1h","2026-06-28 22:00:00","2026-06-29 06:00:00","785.000","785.000","785.000","785.000","2.17","2026-06-28 22:59:59","2026-06-29 06:59:59","1703.45000","2","2.17","1703.45000"
"all-available","Asia/Taipei","BTCUSDT","BTC-260629-58500-C","2026-06-29","58500","CALL","1h","2026-06-28 23:00:00","2026-06-29 07:00:00","785.000","785.000","785.000","785.000","0.00","2026-06-28 23:59:59","2026-06-29 07:59:59","0.00000","0","0.00","0.00000"
"all-available","Asia/Taipei","BTCUSDT","BTC-260629-58500-C","2026-06-29","58500","CALL","1h","2026-06-29 00:00:00","2026-06-29 08:00:00","785.000","785.000","785.000","785.000","0.00","2026-06-29 00:59:59","2026-06-29 08:59:59","0.00000","0","0.00","0.00000"
"all-available","Asia/Taipei","BTCUSDT","BTC-260629-58500-C","2026-06-29","58500","CALL","1h","2026-06-29 01:00:00","2026-06-29 09:00:00","785.000","785.000","785.000","785.000","0.00","2026-06-29 01:59:59","2026-06-29 09:59:59","0.00000","0","0.00","0.00000"
"all-available","Asia/Taipei","BTCUSDT","BTC-260629-58500-C","2026-06-29","58500","CALL","1h","2026-06-29 02:00:00","2026-06-29 10:00:00","785.000","785.000","785.000","785.000","0.00","2026-06-29 02:59:59","2026-06-29 10:59:59","0.00000","0","0.00","0.00000"
"all-available","Asia/Taipei","BTCUSDT","BTC-260629-58500-C","2026-06-29","58500","CALL","1h","2026-06-29 03:00:00","2026-06-29 11:00:00","1370.000","1425.000","1370.000","1425.000","0.02","2026-06-29 03:59:59","2026-06-29 11:59:59","27.95000","2","0.01","14.25000"
"all-available","Asia/Taipei","BTCUSDT","BTC-260629-58500-C","2026-06-29","58500","CALL","1h","2026-06-29 04:00:00","2026-06-29 12:00:00","1460.000","1460.000","1460.000","1460.000","0.86","2026-06-29 04:59:59","2026-06-29 12:59:59","1255.60000","1","0.00","0.00000"
"all-available","Asia/Taipei","BTCUSDT","BTC-260629-58500-C","2026-06-29","58500","CALL","1h","2026-06-29 05:00:00","2026-06-29 13:00:00","1460.000","1460.000","1460.000","1460.000","0.00","2026-06-29 05:59:59","2026-06-29 13:59:59","0.00000","0","0.00","0.00000"
"all-available","Asia/Taipei","BTCUSDT","BTC-260629-58500-C","2026-06-29","58500","CALL","1h","2026-06-29 06:00:00","2026-06-29 14:00:00","1460.000","1460.000","1460.000","1460.000","0.00","2026-06-29 06:59:59","2026-06-29 14:59:59","0.00000","0","0.00","0.00000"
"all-available","Asia/Taipei","BTCUSDT","BTC-260629-58500-C","2026-06-29","58500","CALL","1h","2026-06-29 07:00:00","2026-06-29 15:00:00","1460.000","1460.000","1460.000","1460.000","0.00","2026-06-29 07:59:59","2026-06-29 15:59:59","0.00000","0","0.00","0.00000"
"all-available","Asia/Taipei","BTCUSDT","BTC-260629-58500-P","2026-06-29","58500","PUT","1h","2026-06-26 09:00:00","2026-06-26 17:00:00","470.000","590.000","470.000","590.000","2.23","2026-06-26 09:59:59","2026-06-26 17:59:59","1306.65000","4","2.15","1268.50000"
"all-available","Asia/Taipei","BTCUSDT","BTC-260629-58500-P","2026-06-29","58500","PUT","1h","2026-06-26 10:00:00","2026-06-26 18:00:00","565.000","710.000","555.000","710.000","2.00","2026-06-26 10:59:59","2026-06-26 18:59:59","1182.70000","4","0.00","0.00000"
"all-available","Asia/Taipei","BTCUSDT","BTC-260629-58500-P","2026-06-29","58500","PUT","1h","2026-06-26 11:00:00","2026-06-26 19:00:00","710.000","710.000","710.000","710.000","0.00","2026-06-26 11:59:59","2026-06-26 19:59:59","0.00000","0","0.00","0.00000"
"all-available","Asia/Taipei","BTCUSDT","BTC-260629-58500-P","2026-06-29","58500","PUT","1h","2026-06-26 12:00:00","2026-06-26 20:00:00","655.000","835.000","545.000","790.000","1.47","2026-06-26 12:59:59","2026-06-26 20:59:59","1011.80000","5","1.02","670.85000"
"all-available","Asia/Taipei","BTCUSDT","BTC-260629-58500-P","2026-06-29","58500","PUT","1h","2026-06-26 13:00:00","2026-06-26 21:00:00","1060.000","1060.000","445.000","445.000","4.70","2026-06-26 13:59:59","2026-06-26 21:59:59","3208.65000","6","3.70","2308.65000"
"all-available","Asia/Taipei","BTCUSDT","BTC-260629-58500-P","2026-06-29","58500","PUT","1h","2026-06-26 14:00:00","2026-06-26 22:00:00","435.000","505.000","435.000","505.000","4.85","2026-06-26 14:59:59","2026-06-26 22:59:59","2160.85000","2","0.00","0.00000"
"all-available","Asia/Taipei","BTCUSDT","BTC-260629-58500-P","2026-06-29","58500","PUT","1h","2026-06-26 15:00:00","2026-06-26 23:00:00","505.000","505.000","305.000","315.000","0.59","2026-06-26 15:59:59","2026-06-26 23:59:59","219.25000","3","0.33","103.95000"
"all-available","Asia/Taipei","BTCUSDT","BTC-260629-58500-P","2026-06-29","58500","PUT","1h","2026-06-26 16:00:00","2026-06-27 00:00:00","330.000","330.000","330.000","330.000","1.29","2026-06-26 16:59:59","2026-06-27 00:59:59","425.70000","4","0.29","95.70000"
"all-available","Asia/Taipei","BTCUSDT","BTC-260629-58500-P","2026-06-29","58500","PUT","1h","2026-06-26 17:00:00","2026-06-27 01:00:00","330.000","330.000","330.000","330.000","0.00","2026-06-26 17:59:59","2026-06-27 01:59:59","0.00000","0","0.00","0.00000"
"all-available","Asia/Taipei","BTCUSDT","BTC-260629-58500-P","2026-06-29","58500","PUT","1h","2026-06-26 18:00:00","2026-06-27 02:00:00","330.000","330.000","330.000","330.000","0.00","2026-06-26 18:59:59","2026-06-27 02:59:59","0.00000","0","0.00","0.00000"
"all-available","Asia/Taipei","BTCUSDT","BTC-260629-58500-P","2026-06-29","58500","PUT","1h","2026-06-26 19:00:00","2026-06-27 03:00:00","295.000","295.000","295.000","295.000","0.04","2026-06-26 19:59:59","2026-06-27 03:59:59","11.80000","1","0.04","11.80000"
"all-available","Asia/Taipei","BTCUSDT","BTC-260629-58500-P","2026-06-29","58500","PUT","1h","2026-06-26 20:00:00","2026-06-27 04:00:00","315.000","325.000","315.000","325.000","0.61","2026-06-26 20:59:59","2026-06-27 04:59:59","195.45000","2","0.28","88.20000"
"all-available","Asia/Taipei","BTCUSDT","BTC-260629-58500-P","2026-06-29","58500","PUT","1h","2026-06-26 21:00:00","2026-06-27 05:00:00","325.000","325.000","325.000","325.000","0.00","2026-06-26 21:59:59","2026-06-27 05:59:59","0.00000","0","0.00","0.00000"
"all-available","Asia/Taipei","BTCUSDT","BTC-260629-58500-P","2026-06-29","58500","PUT","1h","2026-06-26 22:00:00","2026-06-27 06:00:00","245.000","245.000","245.000","245.000","0.35","2026-06-26 22:59:59","2026-06-27 06:59:59","85.75000","1","0.00","0.00000"
"all-available","Asia/Taipei","BTCUSDT","BTC-260629-58500-P","2026-06-29","58500","PUT","1h","2026-06-26 23:00:00","2026-06-27 07:00:00","220.000","220.000","200.000","200.000","0.03","2026-06-26 23:59:59","2026-06-27 07:59:59","6.40000","2","0.00","0.00000"
"all-available","Asia/Taipei","BTCUSDT","BTC-260629-58500-P","2026-06-29","58500","PUT","1h","2026-06-27 00:00:00","2026-06-27 08:00:00","200.000","200.000","200.000","200.000","0.00","2026-06-27 00:59:59","2026-06-27 08:59:59","0.00000","0","0.00","0.00000"
"all-available","Asia/Taipei","BTCUSDT","BTC-260629-58500-P","2026-06-29","58500","PUT","1h","2026-06-27 01:00:00","2026-06-27 09:00:00","200.000","200.000","200.000","200.000","0.00","2026-06-27 01:59:59","2026-06-27 09:59:59","0.00000","0","0.00","0.00000"
"all-available","Asia/Taipei","BTCUSDT","BTC-260629-58500-P","2026-06-29","58500","PUT","1h","2026-06-27 02:00:00","2026-06-27 10:00:00","200.000","200.000","200.000","200.000","0.00","2026-06-27 02:59:59","2026-06-27 10:59:59","0.00000","0","0.00","0.00000"
"all-available","Asia/Taipei","BTCUSDT","BTC-260629-58500-P","2026-06-29","58500","PUT","1h","2026-06-27 03:00:00","2026-06-27 11:00:00","200.000","200.000","200.000","200.000","0.00","2026-06-27 03:59:59","2026-06-27 11:59:59","0.00000","0","0.00","0.00000"
"all-available","Asia/Taipei","BTCUSDT","BTC-260629-58500-P","2026-06-29","58500","PUT","1h","2026-06-27 04:00:00","2026-06-27 12:00:00","200.000","200.000","200.000","200.000","0.00","2026-06-27 04:59:59","2026-06-27 12:59:59","0.00000","0","0.00","0.00000"
"all-available","Asia/Taipei","BTCUSDT","BTC-260629-58500-P","2026-06-29","58500","PUT","1h","2026-06-27 05:00:00","2026-06-27 13:00:00","200.000","200.000","200.000","200.000","0.00","2026-06-27 05:59:59","2026-06-27 13:59:59","0.00000","0","0.00","0.00000"
"all-available","Asia/Taipei","BTCUSDT","BTC-260629-58500-P","2026-06-29","58500","PUT","1h","2026-06-27 06:00:00","2026-06-27 14:00:00","105.000","105.000","105.000","105.000","0.50","2026-06-27 06:59:59","2026-06-27 14:59:59","52.50000","2","0.00","0.00000"
"all-available","Asia/Taipei","BTCUSDT","BTC-260629-58500-P","2026-06-29","58500","PUT","1h","2026-06-27 07:00:00","2026-06-27 15:00:00","100.000","100.000","100.000","100.000","0.01","2026-06-27 07:59:59","2026-06-27 15:59:59","1.00000","1","0.00","0.00000"
"all-available","Asia/Taipei","BTCUSDT","BTC-260629-58500-P","2026-06-29","58500","PUT","1h","2026-06-27 08:00:00","2026-06-27 16:00:00","100.000","100.000","100.000","100.000","0.00","2026-06-27 08:59:59","2026-06-27 16:59:59","0.00000","0","0.00","0.00000"
"all-available","Asia/Taipei","BTCUSDT","BTC-260629-58500-P","2026-06-29","58500","PUT","1h","2026-06-27 09:00:00","2026-06-27 17:00:00","100.000","100.000","100.000","100.000","0.00","2026-06-27 09:59:59","2026-06-27 17:59:59","0.00000","0","0.00","0.00000"
"all-available","Asia/Taipei","BTCUSDT","BTC-260629-58500-P","2026-06-29","58500","PUT","1h","2026-06-27 10:00:00","2026-06-27 18:00:00","100.000","100.000","100.000","100.000","0.00","2026-06-27 10:59:59","2026-06-27 18:59:59","0.00000","0","0.00","0.00000"
"all-available","Asia/Taipei","BTCUSDT","BTC-260629-58500-P","2026-06-29","58500","PUT","1h","2026-06-27 11:00:00","2026-06-27 19:00:00","100.000","100.000","100.000","100.000","0.00","2026-06-27 11:59:59","2026-06-27 19:59:59","0.00000","0","0.00","0.00000"
"all-available","Asia/Taipei","BTCUSDT","BTC-260629-58500-P","2026-06-29","58500","PUT","1h","2026-06-27 12:00:00","2026-06-27 20:00:00","100.000","100.000","100.000","100.000","0.00","2026-06-27 12:59:59","2026-06-27 20:59:59","0.00000","0","0.00","0.00000"
"all-available","Asia/Taipei","BTCUSDT","BTC-260629-58500-P","2026-06-29","58500","PUT","1h","2026-06-27 13:00:00","2026-06-27 21:00:00","70.000","70.000","70.000","70.000","1.00","2026-06-27 13:59:59","2026-06-27 21:59:59","70.00000","1","1.00","70.00000"
"all-available","Asia/Taipei","BTCUSDT","BTC-260629-58500-P","2026-06-29","58500","PUT","1h","2026-06-27 14:00:00","2026-06-27 22:00:00","60.000","60.000","60.000","60.000","0.50","2026-06-27 14:59:59","2026-06-27 22:59:59","30.00000","3","0.50","30.00000"
"all-available","Asia/Taipei","BTCUSDT","BTC-260629-58500-P","2026-06-29","58500","PUT","1h","2026-06-27 15:00:00","2026-06-27 23:00:00","60.000","60.000","60.000","60.000","0.00","2026-06-27 15:59:59","2026-06-27 23:59:59","0.00000","0","0.00","0.00000"
"all-available","Asia/Taipei","BTCUSDT","BTC-260629-58500-P","2026-06-29","58500","PUT","1h","2026-06-27 16:00:00","2026-06-28 00:00:00","60.000","60.000","60.000","60.000","0.00","2026-06-27 16:59:59","2026-06-28 00:59:59","0.00000","0","0.00","0.00000"
"all-available","Asia/Taipei","BTCUSDT","BTC-260629-58500-P","2026-06-29","58500","PUT","1h","2026-06-27 17:00:00","2026-06-28 01:00:00","65.000","65.000","65.000","65.000","0.30","2026-06-27 17:59:59","2026-06-28 01:59:59","19.50000","1","0.30","19.50000"
"all-available","Asia/Taipei","BTCUSDT","BTC-260629-58500-P","2026-06-29","58500","PUT","1h","2026-06-27 18:00:00","2026-06-28 02:00:00","65.000","65.000","65.000","65.000","0.00","2026-06-27 18:59:59","2026-06-28 02:59:59","0.00000","0","0.00","0.00000"
"all-available","Asia/Taipei","BTCUSDT","BTC-260629-58500-P","2026-06-29","58500","PUT","1h","2026-06-27 19:00:00","2026-06-28 03:00:00","55.000","80.000","55.000","80.000","0.77","2026-06-27 19:59:59","2026-06-28 03:59:59","53.10000","7","0.47","36.60000"
"all-available","Asia/Taipei","BTCUSDT","BTC-260629-58500-P","2026-06-29","58500","PUT","1h","2026-06-27 20:00:00","2026-06-28 04:00:00","95.000","95.000","95.000","95.000","0.01","2026-06-27 20:59:59","2026-06-28 04:59:59","0.95000","1","0.01","0.95000"
"all-available","Asia/Taipei","BTCUSDT","BTC-260629-58500-P","2026-06-29","58500","PUT","1h","2026-06-27 21:00:00","2026-06-28 05:00:00","95.000","95.000","95.000","95.000","0.00","2026-06-27 21:59:59","2026-06-28 05:59:59","0.00000","0","0.00","0.00000"
"all-available","Asia/Taipei","BTCUSDT","BTC-260629-58500-P","2026-06-29","58500","PUT","1h","2026-06-27 22:00:00","2026-06-28 06:00:00","150.000","150.000","130.000","130.000","4.23","2026-06-27 22:59:59","2026-06-28 06:59:59","598.75000","5","0.00","0.00000"
"all-available","Asia/Taipei","BTCUSDT","BTC-260629-58500-P","2026-06-29","58500","PUT","1h","2026-06-27 23:00:00","2026-06-28 07:00:00","130.000","130.000","130.000","130.000","0.00","2026-06-27 23:59:59","2026-06-28 07:59:59","0.00000","0","0.00","0.00000"
"all-available","Asia/Taipei","BTCUSDT","BTC-260629-58500-P","2026-06-29","58500","PUT","1h","2026-06-28 00:00:00","2026-06-28 08:00:00","110.000","110.000","110.000","110.000","0.05","2026-06-28 00:59:59","2026-06-28 08:59:59","5.50000","1","0.00","0.00000"
"all-available","Asia/Taipei","BTCUSDT","BTC-260629-58500-P","2026-06-29","58500","PUT","1h","2026-06-28 01:00:00","2026-06-28 09:00:00","115.000","125.000","115.000","125.000","3.00","2026-06-28 01:59:59","2026-06-28 09:59:59","374.90000","3","2.99","373.75000"
"all-available","Asia/Taipei","BTCUSDT","BTC-260629-58500-P","2026-06-29","58500","PUT","1h","2026-06-28 02:00:00","2026-06-28 10:00:00","90.000","105.000","90.000","105.000","0.10","2026-06-28 02:59:59","2026-06-28 10:59:59","10.35000","2","0.00","0.00000"
"all-available","Asia/Taipei","BTCUSDT","BTC-260629-58500-P","2026-06-29","58500","PUT","1h","2026-06-28 03:00:00","2026-06-28 11:00:00","105.000","105.000","105.000","105.000","0.00","2026-06-28 03:59:59","2026-06-28 11:59:59","0.00000","0","0.00","0.00000"
"all-available","Asia/Taipei","BTCUSDT","BTC-260629-58500-P","2026-06-29","58500","PUT","1h","2026-06-28 04:00:00","2026-06-28 12:00:00","85.000","85.000","85.000","85.000","0.02","2026-06-28 04:59:59","2026-06-28 12:59:59","1.70000","2","0.01","0.85000"
"all-available","Asia/Taipei","BTCUSDT","BTC-260629-58500-P","2026-06-29","58500","PUT","1h","2026-06-28 05:00:00","2026-06-28 13:00:00","125.000","130.000","125.000","130.000","2.78","2026-06-28 05:59:59","2026-06-28 13:59:59","355.85000","4","0.83","107.90000"
"all-available","Asia/Taipei","BTCUSDT","BTC-260629-58500-P","2026-06-29","58500","PUT","1h","2026-06-28 06:00:00","2026-06-28 14:00:00","130.000","130.000","130.000","130.000","0.00","2026-06-28 06:59:59","2026-06-28 14:59:59","0.00000","0","0.00","0.00000"
"all-available","Asia/Taipei","BTCUSDT","BTC-260629-58500-P","2026-06-29","58500","PUT","1h","2026-06-28 07:00:00","2026-06-28 15:00:00","130.000","135.000","130.000","135.000","0.16","2026-06-28 07:59:59","2026-06-28 15:59:59","21.55000","2","0.15","20.25000"
"all-available","Asia/Taipei","BTCUSDT","BTC-260629-58500-P","2026-06-29","58500","PUT","1h","2026-06-28 08:00:00","2026-06-28 16:00:00","115.000","115.000","115.000","115.000","1.70","2026-06-28 08:59:59","2026-06-28 16:59:59","195.50000","2","0.00","0.00000"
"all-available","Asia/Taipei","BTCUSDT","BTC-260629-58500-P","2026-06-29","58500","PUT","1h","2026-06-28 09:00:00","2026-06-28 17:00:00","115.000","115.000","115.000","115.000","0.00","2026-06-28 09:59:59","2026-06-28 17:59:59","0.00000","0","0.00","0.00000"
"all-available","Asia/Taipei","BTCUSDT","BTC-260629-58500-P","2026-06-29","58500","PUT","1h","2026-06-28 10:00:00","2026-06-28 18:00:00","110.000","125.000","105.000","125.000","0.28","2026-06-28 10:59:59","2026-06-28 18:59:59","32.45000","3","0.05","5.50000"
"all-available","Asia/Taipei","BTCUSDT","BTC-260629-58500-P","2026-06-29","58500","PUT","1h","2026-06-28 11:00:00","2026-06-28 19:00:00","105.000","110.000","100.000","105.000","1.70","2026-06-28 11:59:59","2026-06-28 19:59:59","178.60000","6","0.15","15.75000"
"all-available","Asia/Taipei","BTCUSDT","BTC-260629-58500-P","2026-06-29","58500","PUT","1h","2026-06-28 12:00:00","2026-06-28 20:00:00","100.000","110.000","100.000","110.000","0.18","2026-06-28 12:59:59","2026-06-28 20:59:59","18.10000","2","0.17","17.00000"
"all-available","Asia/Taipei","BTCUSDT","BTC-260629-58500-P","2026-06-29","58500","PUT","1h","2026-06-28 13:00:00","2026-06-28 21:00:00","110.000","150.000","110.000","115.000","4.91","2026-06-28 13:59:59","2026-06-28 21:59:59","598.20000","17","2.05","244.10000"
"all-available","Asia/Taipei","BTCUSDT","BTC-260629-58500-P","2026-06-29","58500","PUT","1h","2026-06-28 14:00:00","2026-06-28 22:00:00","120.000","120.000","110.000","115.000","1.32","2026-06-28 14:59:59","2026-06-28 22:59:59","155.40000","4","0.04","4.60000"
"all-available","Asia/Taipei","BTCUSDT","BTC-260629-58500-P","2026-06-29","58500","PUT","1h","2026-06-28 15:00:00","2026-06-28 23:00:00","105.000","105.000","105.000","105.000","0.18","2026-06-28 15:59:59","2026-06-28 23:59:59","18.90000","2","0.18","18.90000"
"all-available","Asia/Taipei","BTCUSDT","BTC-260629-58500-P","2026-06-29","58500","PUT","1h","2026-06-28 16:00:00","2026-06-29 00:00:00","125.000","185.000","125.000","180.000","3.20","2026-06-28 16:59:59","2026-06-29 00:59:59","501.25000","35","0.05","8.25000"
"all-available","Asia/Taipei","BTCUSDT","BTC-260629-58500-P","2026-06-29","58500","PUT","1h","2026-06-28 17:00:00","2026-06-29 01:00:00","185.000","200.000","185.000","200.000","0.02","2026-06-28 17:59:59","2026-06-29 01:59:59","3.85000","2","0.00","0.00000"
"all-available","Asia/Taipei","BTCUSDT","BTC-260629-58500-P","2026-06-29","58500","PUT","1h","2026-06-28 18:00:00","2026-06-29 02:00:00","180.000","180.000","180.000","180.000","0.01","2026-06-28 18:59:59","2026-06-29 02:59:59","1.80000","1","0.01","1.80000"
"all-available","Asia/Taipei","BTCUSDT","BTC-260629-58500-P","2026-06-29","58500","PUT","1h","2026-06-28 19:00:00","2026-06-29 03:00:00","190.000","235.000","190.000","235.000","0.58","2026-06-28 19:59:59","2026-06-29 03:59:59","128.20000","5","0.10","19.00000"
"all-available","Asia/Taipei","BTCUSDT","BTC-260629-58500-P","2026-06-29","58500","PUT","1h","2026-06-28 20:00:00","2026-06-29 04:00:00","140.000","140.000","140.000","140.000","0.25","2026-06-28 20:59:59","2026-06-29 04:59:59","35.00000","1","0.00","0.00000"
"all-available","Asia/Taipei","BTCUSDT","BTC-260629-58500-P","2026-06-29","58500","PUT","1h","2026-06-28 21:00:00","2026-06-29 05:00:00","140.000","180.000","130.000","180.000","4.34","2026-06-28 21:59:59","2026-06-29 05:59:59","591.70000","4","0.35","63.00000"
"all-available","Asia/Taipei","BTCUSDT","BTC-260629-58500-P","2026-06-29","58500","PUT","1h","2026-06-28 22:00:00","2026-06-29 06:00:00","125.000","300.000","125.000","280.000","10.66","2026-06-28 22:59:59","2026-06-29 06:59:59","2598.35000","25","4.47","1211.80000"
"all-available","Asia/Taipei","BTCUSDT","BTC-260629-58500-P","2026-06-29","58500","PUT","1h","2026-06-28 23:00:00","2026-06-29 07:00:00","225.000","225.000","90.000","90.000","5.79","2026-06-28 23:59:59","2026-06-29 07:59:59","887.10000","18","0.00","0.00000"
"all-available","Asia/Taipei","BTCUSDT","BTC-260629-58500-P","2026-06-29","58500","PUT","1h","2026-06-29 00:00:00","2026-06-29 08:00:00","140.000","200.000","85.000","110.000","14.62","2026-06-29 00:59:59","2026-06-29 08:59:59","2144.80000","27","12.57","1901.75000"
"all-available","Asia/Taipei","BTCUSDT","BTC-260629-58500-P","2026-06-29","58500","PUT","1h","2026-06-29 01:00:00","2026-06-29 09:00:00","135.000","140.000","110.000","140.000","1.18","2026-06-29 01:59:59","2026-06-29 09:59:59","160.05000","9","1.01","141.35000"
"all-available","Asia/Taipei","BTCUSDT","BTC-260629-58500-P","2026-06-29","58500","PUT","1h","2026-06-29 02:00:00","2026-06-29 10:00:00","100.000","215.000","40.000","40.000","7.57","2026-06-29 02:59:59","2026-06-29 10:59:59","818.65000","32","6.26","765.30000"
"all-available","Asia/Taipei","BTCUSDT","BTC-260629-58500-P","2026-06-29","58500","PUT","1h","2026-06-29 03:00:00","2026-06-29 11:00:00","35.000","35.000","15.000","15.000","1.55","2026-06-29 03:59:59","2026-06-29 11:59:59","30.00000","10","0.40","11.50000"
"all-available","Asia/Taipei","BTCUSDT","BTC-260629-58500-P","2026-06-29","58500","PUT","1h","2026-06-29 04:00:00","2026-06-29 12:00:00","20.000","20.000","15.000","20.000","7.21","2026-06-29 04:59:59","2026-06-29 12:59:59","114.75000","14","7.21","114.75000"
"all-available","Asia/Taipei","BTCUSDT","BTC-260629-58500-P","2026-06-29","58500","PUT","1h","2026-06-29 05:00:00","2026-06-29 13:00:00","20.000","25.000","5.000","5.000","10.29","2026-06-29 05:59:59","2026-06-29 13:59:59","170.00000","9","3.28","65.60000"
"all-available","Asia/Taipei","BTCUSDT","BTC-260629-58500-P","2026-06-29","58500","PUT","1h","2026-06-29 06:00:00","2026-06-29 14:00:00","5.000","5.000","5.000","5.000","0.98","2026-06-29 06:59:59","2026-06-29 14:59:59","4.90000","2","0.98","4.90000"
"all-available","Asia/Taipei","BTCUSDT","BTC-260629-58500-P","2026-06-29","58500","PUT","1h","2026-06-29 07:00:00","2026-06-29 15:00:00","5.000","5.000","5.000","5.000","0.00","2026-06-29 07:59:59","2026-06-29 15:59:59","0.00000","0","0.00","0.00000"
"all-available","Asia/Taipei","BTCUSDT","BTC-260629-59000-C","2026-06-29","59000","CALL","1h","2026-06-26 08:00:00","2026-06-26 16:00:00","1740.000","1740.000","1740.000","1740.000","0.10","2026-06-26 08:59:59","2026-06-26 16:59:59","174.00000","1","0.00","0.00000"
"all-available","Asia/Taipei","BTCUSDT","BTC-260629-59000-C","2026-06-29","59000","CALL","1h","2026-06-26 09:00:00","2026-06-26 17:00:00","1740.000","1740.000","1740.000","1740.000","0.00","2026-06-26 09:59:59","2026-06-26 17:59:59","0.00000","0","0.00","0.00000"
"all-available","Asia/Taipei","BTCUSDT","BTC-260629-59000-C","2026-06-29","59000","CALL","1h","2026-06-26 10:00:00","2026-06-26 18:00:00","1250.000","1250.000","1250.000","1250.000","0.38","2026-06-26 10:59:59","2026-06-26 18:59:59","475.00000","1","0.38","475.00000"
"all-available","Asia/Taipei","BTCUSDT","BTC-260629-59000-C","2026-06-29","59000","CALL","1h","2026-06-26 11:00:00","2026-06-26 19:00:00","1250.000","1250.000","1250.000","1250.000","1.00","2026-06-26 11:59:59","2026-06-26 19:59:59","1250.00000","1","1.00","1250.00000"
"all-available","Asia/Taipei","BTCUSDT","BTC-260629-59000-C","2026-06-29","59000","CALL","1h","2026-06-26 12:00:00","2026-06-26 20:00:00","1250.000","1250.000","1250.000","1250.000","0.00","2026-06-26 12:59:59","2026-06-26 20:59:59","0.00000","0","0.00","0.00000"
"all-available","Asia/Taipei","BTCUSDT","BTC-260629-59000-C","2026-06-29","59000","CALL","1h","2026-06-26 13:00:00","2026-06-26 21:00:00","1125.000","1430.000","990.000","1430.000","2.54","2026-06-26 13:59:59","2026-06-26 21:59:59","3114.85000","10","1.01","1415.10000"
"all-available","Asia/Taipei","BTCUSDT","BTC-260629-59000-C","2026-06-29","59000","CALL","1h","2026-06-26 14:00:00","2026-06-26 22:00:00","1500.000","1500.000","1500.000","1500.000","0.06","2026-06-26 14:59:59","2026-06-26 22:59:59","90.00000","1","0.06","90.00000"
"all-available","Asia/Taipei","BTCUSDT","BTC-260629-59000-C","2026-06-29","59000","CALL","1h","2026-06-26 15:00:00","2026-06-26 23:00:00","1320.000","1580.000","1320.000","1580.000","2.44","2026-06-26 15:59:59","2026-06-26 23:59:59","3766.80000","3","0.34","448.80000"
"all-available","Asia/Taipei","BTCUSDT","BTC-260629-59000-C","2026-06-29","59000","CALL","1h","2026-06-26 16:00:00","2026-06-27 00:00:00","1580.000","1580.000","1580.000","1580.000","0.00","2026-06-26 16:59:59","2026-06-27 00:59:59","0.00000","0","0.00","0.00000"
"all-available","Asia/Taipei","BTCUSDT","BTC-260629-59000-C","2026-06-29","59000","CALL","1h","2026-06-26 17:00:00","2026-06-27 01:00:00","1580.000","1580.000","1580.000","1580.000","0.00","2026-06-26 17:59:59","2026-06-27 01:59:59","0.00000","0","0.00","0.00000"
"all-available","Asia/Taipei","BTCUSDT","BTC-260629-59000-C","2026-06-29","59000","CALL","1h","2026-06-26 18:00:00","2026-06-27 02:00:00","1580.000","1580.000","1580.000","1580.000","0.00","2026-06-26 18:59:59","2026-06-27 02:59:59","0.00000","0","0.00","0.00000"
"all-available","Asia/Taipei","BTCUSDT","BTC-260629-59000-C","2026-06-29","59000","CALL","1h","2026-06-26 19:00:00","2026-06-27 03:00:00","1580.000","1580.000","1580.000","1580.000","0.00","2026-06-26 19:59:59","2026-06-27 03:59:59","0.00000","0","0.00","0.00000"
"all-available","Asia/Taipei","BTCUSDT","BTC-260629-59000-C","2026-06-29","59000","CALL","1h","2026-06-26 20:00:00","2026-06-27 04:00:00","1580.000","1580.000","1580.000","1580.000","0.00","2026-06-26 20:59:59","2026-06-27 04:59:59","0.00000","0","0.00","0.00000"
"all-available","Asia/Taipei","BTCUSDT","BTC-260629-59000-C","2026-06-29","59000","CALL","1h","2026-06-26 21:00:00","2026-06-27 05:00:00","1580.000","1580.000","1580.000","1580.000","0.00","2026-06-26 21:59:59","2026-06-27 05:59:59","0.00000","0","0.00","0.00000"
"all-available","Asia/Taipei","BTCUSDT","BTC-260629-59000-C","2026-06-29","59000","CALL","1h","2026-06-26 22:00:00","2026-06-27 06:00:00","1580.000","1580.000","1580.000","1580.000","0.00","2026-06-26 22:59:59","2026-06-27 06:59:59","0.00000","0","0.00","0.00000"
"all-available","Asia/Taipei","BTCUSDT","BTC-260629-59000-C","2026-06-29","59000","CALL","1h","2026-06-26 23:00:00","2026-06-27 07:00:00","1580.000","1580.000","1580.000","1580.000","0.00","2026-06-26 23:59:59","2026-06-27 07:59:59","0.00000","0","0.00","0.00000"
"all-available","Asia/Taipei","BTCUSDT","BTC-260629-59000-C","2026-06-29","59000","CALL","1h","2026-06-27 00:00:00","2026-06-27 08:00:00","1580.000","1580.000","1580.000","1580.000","0.00","2026-06-27 00:59:59","2026-06-27 08:59:59","0.00000","0","0.00","0.00000"
"all-available","Asia/Taipei","BTCUSDT","BTC-260629-59000-C","2026-06-29","59000","CALL","1h","2026-06-27 01:00:00","2026-06-27 09:00:00","1580.000","1580.000","1580.000","1580.000","0.00","2026-06-27 01:59:59","2026-06-27 09:59:59","0.00000","0","0.00","0.00000"
"all-available","Asia/Taipei","BTCUSDT","BTC-260629-59000-C","2026-06-29","59000","CALL","1h","2026-06-27 02:00:00","2026-06-27 10:00:00","1580.000","1580.000","1580.000","1580.000","0.00","2026-06-27 02:59:59","2026-06-27 10:59:59","0.00000","0","0.00","0.00000"
"all-available","Asia/Taipei","BTCUSDT","BTC-260629-59000-C","2026-06-29","59000","CALL","1h","2026-06-27 03:00:00","2026-06-27 11:00:00","1580.000","1580.000","1580.000","1580.000","0.00","2026-06-27 03:59:59","2026-06-27 11:59:59","0.00000","0","0.00","0.00000"
"all-available","Asia/Taipei","BTCUSDT","BTC-260629-59000-C","2026-06-29","59000","CALL","1h","2026-06-27 04:00:00","2026-06-27 12:00:00","1580.000","1580.000","1580.000","1580.000","0.00","2026-06-27 04:59:59","2026-06-27 12:59:59","0.00000","0","0.00","0.00000"
"all-available","Asia/Taipei","BTCUSDT","BTC-260629-59000-C","2026-06-29","59000","CALL","1h","2026-06-27 05:00:00","2026-06-27 13:00:00","1580.000","1580.000","1580.000","1580.000","0.00","2026-06-27 05:59:59","2026-06-27 13:59:59","0.00000","0","0.00","0.00000"
"all-available","Asia/Taipei","BTCUSDT","BTC-260629-59000-C","2026-06-29","59000","CALL","1h","2026-06-27 06:00:00","2026-06-27 14:00:00","1580.000","1580.000","1580.000","1580.000","0.00","2026-06-27 06:59:59","2026-06-27 14:59:59","0.00000","0","0.00","0.00000"
"all-available","Asia/Taipei","BTCUSDT","BTC-260629-59000-C","2026-06-29","59000","CALL","1h","2026-06-27 07:00:00","2026-06-27 15:00:00","1580.000","1580.000","1580.000","1580.000","0.00","2026-06-27 07:59:59","2026-06-27 15:59:59","0.00000","0","0.00","0.00000"
"all-available","Asia/Taipei","BTCUSDT","BTC-260629-59000-C","2026-06-29","59000","CALL","1h","2026-06-27 08:00:00","2026-06-27 16:00:00","1580.000","1580.000","1580.000","1580.000","0.00","2026-06-27 08:59:59","2026-06-27 16:59:59","0.00000","0","0.00","0.00000"
"all-available","Asia/Taipei","BTCUSDT","BTC-260629-59000-C","2026-06-29","59000","CALL","1h","2026-06-27 09:00:00","2026-06-27 17:00:00","1580.000","1580.000","1580.000","1580.000","0.00","2026-06-27 09:59:59","2026-06-27 17:59:59","0.00000","0","0.00","0.00000"
"all-available","Asia/Taipei","BTCUSDT","BTC-260629-59000-C","2026-06-29","59000","CALL","1h","2026-06-27 10:00:00","2026-06-27 18:00:00","1580.000","1580.000","1580.000","1580.000","0.00","2026-06-27 10:59:59","2026-06-27 18:59:59","0.00000","0","0.00","0.00000"
"all-available","Asia/Taipei","BTCUSDT","BTC-260629-59000-C","2026-06-29","59000","CALL","1h","2026-06-27 11:00:00","2026-06-27 19:00:00","1580.000","1580.000","1580.000","1580.000","0.00","2026-06-27 11:59:59","2026-06-27 19:59:59","0.00000","0","0.00","0.00000"
"all-available","Asia/Taipei","BTCUSDT","BTC-260629-59000-C","2026-06-29","59000","CALL","1h","2026-06-27 12:00:00","2026-06-27 20:00:00","1580.000","1580.000","1580.000","1580.000","0.00","2026-06-27 12:59:59","2026-06-27 20:59:59","0.00000","0","0.00","0.00000"
"all-available","Asia/Taipei","BTCUSDT","BTC-260629-59000-C","2026-06-29","59000","CALL","1h","2026-06-27 13:00:00","2026-06-27 21:00:00","1580.000","1580.000","1580.000","1580.000","0.00","2026-06-27 13:59:59","2026-06-27 21:59:59","0.00000","0","0.00","0.00000"
"all-available","Asia/Taipei","BTCUSDT","BTC-260629-59000-C","2026-06-29","59000","CALL","1h","2026-06-27 14:00:00","2026-06-27 22:00:00","1580.000","1580.000","1580.000","1580.000","0.00","2026-06-27 14:59:59","2026-06-27 22:59:59","0.00000","0","0.00","0.00000"
"all-available","Asia/Taipei","BTCUSDT","BTC-260629-59000-C","2026-06-29","59000","CALL","1h","2026-06-27 15:00:00","2026-06-27 23:00:00","1580.000","1580.000","1580.000","1580.000","0.00","2026-06-27 15:59:59","2026-06-27 23:59:59","0.00000","0","0.00","0.00000"
"all-available","Asia/Taipei","BTCUSDT","BTC-260629-59000-C","2026-06-29","59000","CALL","1h","2026-06-27 16:00:00","2026-06-28 00:00:00","1580.000","1580.000","1580.000","1580.000","0.00","2026-06-27 16:59:59","2026-06-28 00:59:59","0.00000","0","0.00","0.00000"
"all-available","Asia/Taipei","BTCUSDT","BTC-260629-59000-C","2026-06-29","59000","CALL","1h","2026-06-27 17:00:00","2026-06-28 01:00:00","1580.000","1580.000","1580.000","1580.000","0.00","2026-06-27 17:59:59","2026-06-28 01:59:59","0.00000","0","0.00","0.00000"
"all-available","Asia/Taipei","BTCUSDT","BTC-260629-59000-C","2026-06-29","59000","CALL","1h","2026-06-27 18:00:00","2026-06-28 02:00:00","1580.000","1580.000","1580.000","1580.000","0.00","2026-06-27 18:59:59","2026-06-28 02:59:59","0.00000","0","0.00","0.00000"
"all-available","Asia/Taipei","BTCUSDT","BTC-260629-59000-C","2026-06-29","59000","CALL","1h","2026-06-27 19:00:00","2026-06-28 03:00:00","1580.000","1580.000","1580.000","1580.000","0.00","2026-06-27 19:59:59","2026-06-28 03:59:59","0.00000","0","0.00","0.00000"
"all-available","Asia/Taipei","BTCUSDT","BTC-260629-59000-C","2026-06-29","59000","CALL","1h","2026-06-27 20:00:00","2026-06-28 04:00:00","1580.000","1580.000","1580.000","1580.000","0.00","2026-06-27 20:59:59","2026-06-28 04:59:59","0.00000","0","0.00","0.00000"
"all-available","Asia/Taipei","BTCUSDT","BTC-260629-59000-C","2026-06-29","59000","CALL","1h","2026-06-27 21:00:00","2026-06-28 05:00:00","1580.000","1580.000","1580.000","1580.000","0.00","2026-06-27 21:59:59","2026-06-28 05:59:59","0.00000","0","0.00","0.00000"
"all-available","Asia/Taipei","BTCUSDT","BTC-260629-59000-C","2026-06-29","59000","CALL","1h","2026-06-27 22:00:00","2026-06-28 06:00:00","1580.000","1580.000","1580.000","1580.000","0.00","2026-06-27 22:59:59","2026-06-28 06:59:59","0.00000","0","0.00","0.00000"
"all-available","Asia/Taipei","BTCUSDT","BTC-260629-59000-C","2026-06-29","59000","CALL","1h","2026-06-27 23:00:00","2026-06-28 07:00:00","1580.000","1580.000","1580.000","1580.000","0.00","2026-06-27 23:59:59","2026-06-28 07:59:59","0.00000","0","0.00","0.00000"
"all-available","Asia/Taipei","BTCUSDT","BTC-260629-59000-C","2026-06-29","59000","CALL","1h","2026-06-28 00:00:00","2026-06-28 08:00:00","1580.000","1580.000","1580.000","1580.000","0.00","2026-06-28 00:59:59","2026-06-28 08:59:59","0.00000","0","0.00","0.00000"
"all-available","Asia/Taipei","BTCUSDT","BTC-260629-59000-C","2026-06-29","59000","CALL","1h","2026-06-28 01:00:00","2026-06-28 09:00:00","1580.000","1580.000","1580.000","1580.000","0.00","2026-06-28 01:59:59","2026-06-28 09:59:59","0.00000","0","0.00","0.00000"
"all-available","Asia/Taipei","BTCUSDT","BTC-260629-59000-C","2026-06-29","59000","CALL","1h","2026-06-28 02:00:00","2026-06-28 10:00:00","1580.000","1580.000","1580.000","1580.000","0.00","2026-06-28 02:59:59","2026-06-28 10:59:59","0.00000","0","0.00","0.00000"
"all-available","Asia/Taipei","BTCUSDT","BTC-260629-59000-C","2026-06-29","59000","CALL","1h","2026-06-28 03:00:00","2026-06-28 11:00:00","1580.000","1580.000","1580.000","1580.000","0.00","2026-06-28 03:59:59","2026-06-28 11:59:59","0.00000","0","0.00","0.00000"
"all-available","Asia/Taipei","BTCUSDT","BTC-260629-59000-C","2026-06-29","59000","CALL","1h","2026-06-28 04:00:00","2026-06-28 12:00:00","1200.000","1200.000","1200.000","1200.000","0.01","2026-06-28 04:59:59","2026-06-28 12:59:59","12.00000","1","0.00","0.00000"
"all-available","Asia/Taipei","BTCUSDT","BTC-260629-59000-C","2026-06-29","59000","CALL","1h","2026-06-28 05:00:00","2026-06-28 13:00:00","1200.000","1200.000","1200.000","1200.000","0.00","2026-06-28 05:59:59","2026-06-28 13:59:59","0.00000","0","0.00","0.00000"
"all-available","Asia/Taipei","BTCUSDT","BTC-260629-59000-C","2026-06-29","59000","CALL","1h","2026-06-28 06:00:00","2026-06-28 14:00:00","1200.000","1200.000","1200.000","1200.000","0.00","2026-06-28 06:59:59","2026-06-28 14:59:59","0.00000","0","0.00","0.00000"
"all-available","Asia/Taipei","BTCUSDT","BTC-260629-59000-C","2026-06-29","59000","CALL","1h","2026-06-28 07:00:00","2026-06-28 15:00:00","1200.000","1200.000","1200.000","1200.000","0.00","2026-06-28 07:59:59","2026-06-28 15:59:59","0.00000","0","0.00","0.00000"
"all-available","Asia/Taipei","BTCUSDT","BTC-260629-59000-C","2026-06-29","59000","CALL","1h","2026-06-28 08:00:00","2026-06-28 16:00:00","1200.000","1200.000","1200.000","1200.000","0.00","2026-06-28 08:59:59","2026-06-28 16:59:59","0.00000","0","0.00","0.00000"
"all-available","Asia/Taipei","BTCUSDT","BTC-260629-59000-C","2026-06-29","59000","CALL","1h","2026-06-28 09:00:00","2026-06-28 17:00:00","1200.000","1200.000","1200.000","1200.000","0.00","2026-06-28 09:59:59","2026-06-28 17:59:59","0.00000","0","0.00","0.00000"
"all-available","Asia/Taipei","BTCUSDT","BTC-260629-59000-C","2026-06-29","59000","CALL","1h","2026-06-28 10:00:00","2026-06-28 18:00:00","1200.000","1200.000","1200.000","1200.000","0.00","2026-06-28 10:59:59","2026-06-28 18:59:59","0.00000","0","0.00","0.00000"
"all-available","Asia/Taipei","BTCUSDT","BTC-260629-59000-C","2026-06-29","59000","CALL","1h","2026-06-28 11:00:00","2026-06-28 19:00:00","1200.000","1200.000","1200.000","1200.000","0.00","2026-06-28 11:59:59","2026-06-28 19:59:59","0.00000","0","0.00","0.00000"
"all-available","Asia/Taipei","BTCUSDT","BTC-260629-59000-C","2026-06-29","59000","CALL","1h","2026-06-28 12:00:00","2026-06-28 20:00:00","1200.000","1200.000","1200.000","1200.000","0.00","2026-06-28 12:59:59","2026-06-28 20:59:59","0.00000","0","0.00","0.00000"
"all-available","Asia/Taipei","BTCUSDT","BTC-260629-59000-C","2026-06-29","59000","CALL","1h","2026-06-28 13:00:00","2026-06-28 21:00:00","1200.000","1200.000","1200.000","1200.000","0.00","2026-06-28 13:59:59","2026-06-28 21:59:59","0.00000","0","0.00","0.00000"
"all-available","Asia/Taipei","BTCUSDT","BTC-260629-59000-C","2026-06-29","59000","CALL","1h","2026-06-28 14:00:00","2026-06-28 22:00:00","1200.000","1200.000","1200.000","1200.000","0.00","2026-06-28 14:59:59","2026-06-28 22:59:59","0.00000","0","0.00","0.00000"
"all-available","Asia/Taipei","BTCUSDT","BTC-260629-59000-C","2026-06-29","59000","CALL","1h","2026-06-28 15:00:00","2026-06-28 23:00:00","1240.000","1240.000","1240.000","1240.000","0.09","2026-06-28 15:59:59","2026-06-28 23:59:59","111.60000","1","0.00","0.00000"
"all-available","Asia/Taipei","BTCUSDT","BTC-260629-59000-C","2026-06-29","59000","CALL","1h","2026-06-28 16:00:00","2026-06-29 00:00:00","965.000","965.000","965.000","965.000","3.00","2026-06-28 16:59:59","2026-06-29 00:59:59","2895.00000","1","3.00","2895.00000"
"all-available","Asia/Taipei","BTCUSDT","BTC-260629-59000-C","2026-06-29","59000","CALL","1h","2026-06-28 17:00:00","2026-06-29 01:00:00","970.000","995.000","970.000","995.000","1.48","2026-06-28 17:59:59","2026-06-29 01:59:59","1442.80000","5","0.00","0.00000"
"all-available","Asia/Taipei","BTCUSDT","BTC-260629-59000-C","2026-06-29","59000","CALL","1h","2026-06-28 18:00:00","2026-06-29 02:00:00","995.000","995.000","995.000","995.000","0.00","2026-06-28 18:59:59","2026-06-29 02:59:59","0.00000","0","0.00","0.00000"
"all-available","Asia/Taipei","BTCUSDT","BTC-260629-59000-C","2026-06-29","59000","CALL","1h","2026-06-28 19:00:00","2026-06-29 03:00:00","710.000","710.000","710.000","710.000","1.16","2026-06-28 19:59:59","2026-06-29 03:59:59","823.60000","1","0.00","0.00000"
"all-available","Asia/Taipei","BTCUSDT","BTC-260629-59000-C","2026-06-29","59000","CALL","1h","2026-06-28 20:00:00","2026-06-29 04:00:00","710.000","710.000","710.000","710.000","0.00","2026-06-28 20:59:59","2026-06-29 04:59:59","0.00000","0","0.00","0.00000"
"all-available","Asia/Taipei","BTCUSDT","BTC-260629-59000-C","2026-06-29","59000","CALL","1h","2026-06-28 21:00:00","2026-06-29 05:00:00","690.000","690.000","690.000","690.000","3.00","2026-06-28 21:59:59","2026-06-29 05:59:59","2070.00000","3","3.00","2070.00000"
"all-available","Asia/Taipei","BTCUSDT","BTC-260629-59000-C","2026-06-29","59000","CALL","1h","2026-06-28 22:00:00","2026-06-29 06:00:00","685.000","685.000","445.000","495.000","9.14","2026-06-28 22:59:59","2026-06-29 06:59:59","5284.10000","13","5.76","3091.10000"
"all-available","Asia/Taipei","BTCUSDT","BTC-260629-59000-C","2026-06-29","59000","CALL","1h","2026-06-28 23:00:00","2026-06-29 07:00:00","595.000","855.000","595.000","855.000","1.44","2026-06-28 23:59:59","2026-06-29 07:59:59","877.60000","2","1.36","809.20000"
"all-available","Asia/Taipei","BTCUSDT","BTC-260629-59000-C","2026-06-29","59000","CALL","1h","2026-06-29 00:00:00","2026-06-29 08:00:00","420.000","540.000","420.000","540.000","6.11","2026-06-29 00:59:59","2026-06-29 08:59:59","2807.55000","7","6.09","2798.25000"
"all-available","Asia/Taipei","BTCUSDT","BTC-260629-59000-C","2026-06-29","59000","CALL","1h","2026-06-29 01:00:00","2026-06-29 09:00:00","530.000","570.000","530.000","555.000","0.14","2026-06-29 01:59:59","2026-06-29 09:59:59","76.75000","3","0.14","76.75000"
"all-available","Asia/Taipei","BTCUSDT","BTC-260629-59000-C","2026-06-29","59000","CALL","1h","2026-06-29 02:00:00","2026-06-29 10:00:00","400.000","835.000","380.000","835.000","4.64","2026-06-29 02:59:59","2026-06-29 10:59:59","2255.65000","8","3.08","1184.80000"
"all-available","Asia/Taipei","BTCUSDT","BTC-260629-59000-C","2026-06-29","59000","CALL","1h","2026-06-29 03:00:00","2026-06-29 11:00:00","1000.000","1085.000","1000.000","1060.000","0.32","2026-06-29 03:59:59","2026-06-29 11:59:59","328.60000","6","0.24","244.40000"
"all-available","Asia/Taipei","BTCUSDT","BTC-260629-59000-C","2026-06-29","59000","CALL","1h","2026-06-29 04:00:00","2026-06-29 12:00:00","1060.000","1060.000","1060.000","1060.000","0.00","2026-06-29 04:59:59","2026-06-29 12:59:59","0.00000","0","0.00","0.00000"
"all-available","Asia/Taipei","BTCUSDT","BTC-260629-59000-C","2026-06-29","59000","CALL","1h","2026-06-29 05:00:00","2026-06-29 13:00:00","1060.000","1060.000","1060.000","1060.000","0.00","2026-06-29 05:59:59","2026-06-29 13:59:59","0.00000","0","0.00","0.00000"
"all-available","Asia/Taipei","BTCUSDT","BTC-260629-59000-C","2026-06-29","59000","CALL","1h","2026-06-29 06:00:00","2026-06-29 14:00:00","1060.000","1060.000","1060.000","1060.000","0.00","2026-06-29 06:59:59","2026-06-29 14:59:59","0.00000","0","0.00","0.00000"
"all-available","Asia/Taipei","BTCUSDT","BTC-260629-59000-C","2026-06-29","59000","CALL","1h","2026-06-29 07:00:00","2026-06-29 15:00:00","1060.000","1060.000","1060.000","1060.000","0.00","2026-06-29 07:59:59","2026-06-29 15:59:59","0.00000","0","0.00","0.00000"
"all-available","Asia/Taipei","BTCUSDT","BTC-260629-59000-P","2026-06-29","59000","PUT","1h","2026-06-26 08:00:00","2026-06-26 16:00:00","500.000","565.000","500.000","525.000","2.46","2026-06-26 08:59:59","2026-06-26 16:59:59","1335.20000","45","0.15","82.50000"
"all-available","Asia/Taipei","BTCUSDT","BTC-260629-59000-P","2026-06-29","59000","PUT","1h","2026-06-26 09:00:00","2026-06-26 17:00:00","555.000","745.000","550.000","745.000","0.24","2026-06-26 09:59:59","2026-06-26 17:59:59","162.10000","4","0.16","117.25000"
"all-available","Asia/Taipei","BTCUSDT","BTC-260629-59000-P","2026-06-29","59000","PUT","1h","2026-06-26 10:00:00","2026-06-26 18:00:00","775.000","880.000","775.000","880.000","0.12","2026-06-26 10:59:59","2026-06-26 18:59:59","103.50000","2","0.10","88.00000"
"all-available","Asia/Taipei","BTCUSDT","BTC-260629-59000-P","2026-06-29","59000","PUT","1h","2026-06-26 11:00:00","2026-06-26 19:00:00","850.000","850.000","850.000","850.000","1.20","2026-06-26 11:59:59","2026-06-26 19:59:59","1020.00000","3","1.03","875.50000"
"all-available","Asia/Taipei","BTCUSDT","BTC-260629-59000-P","2026-06-29","59000","PUT","1h","2026-06-26 12:00:00","2026-06-26 20:00:00","840.000","840.000","695.000","695.000","2.09","2026-06-26 12:59:59","2026-06-26 20:59:59","1626.35000","5","0.85","590.75000"
"all-available","Asia/Taipei","BTCUSDT","BTC-260629-59000-P","2026-06-29","59000","PUT","1h","2026-06-26 13:00:00","2026-06-26 21:00:00","990.000","1135.000","565.000","565.000","6.76","2026-06-26 13:59:59","2026-06-26 21:59:59","6135.60000","7","3.80","3069.00000"
"all-available","Asia/Taipei","BTCUSDT","BTC-260629-59000-P","2026-06-29","59000","PUT","1h","2026-06-26 14:00:00","2026-06-26 22:00:00","625.000","625.000","575.000","575.000","1.60","2026-06-26 14:59:59","2026-06-26 22:59:59","986.50000","4","0.43","268.75000"
"all-available","Asia/Taipei","BTCUSDT","BTC-260629-59000-P","2026-06-29","59000","PUT","1h","2026-06-26 15:00:00","2026-06-26 23:00:00","585.000","585.000","370.000","375.000","2.88","2026-06-26 15:59:59","2026-06-26 23:59:59","1423.05000","3","0.00","0.00000"
"all-available","Asia/Taipei","BTCUSDT","BTC-260629-59000-P","2026-06-29","59000","PUT","1h","2026-06-26 16:00:00","2026-06-27 00:00:00","365.000","425.000","365.000","425.000","5.54","2026-06-26 16:59:59","2026-06-27 00:59:59","2197.10000","4","4.95","1981.75000"
"all-available","Asia/Taipei","BTCUSDT","BTC-260629-59000-P","2026-06-29","59000","PUT","1h","2026-06-26 17:00:00","2026-06-27 01:00:00","425.000","425.000","425.000","425.000","0.00","2026-06-26 17:59:59","2026-06-27 01:59:59","0.00000","0","0.00","0.00000"
"all-available","Asia/Taipei","BTCUSDT","BTC-260629-59000-P","2026-06-29","59000","PUT","1h","2026-06-26 18:00:00","2026-06-27 02:00:00","455.000","455.000","455.000","455.000","0.25","2026-06-26 18:59:59","2026-06-27 02:59:59","113.75000","2","0.25","113.75000"
"all-available","Asia/Taipei","BTCUSDT","BTC-260629-59000-P","2026-06-29","59000","PUT","1h","2026-06-26 19:00:00","2026-06-27 03:00:00","510.000","510.000","510.000","510.000","0.07","2026-06-26 19:59:59","2026-06-27 03:59:59","35.70000","1","0.00","0.00000"
"all-available","Asia/Taipei","BTCUSDT","BTC-260629-59000-P","2026-06-29","59000","PUT","1h","2026-06-26 20:00:00","2026-06-27 04:00:00","510.000","510.000","510.000","510.000","0.00","2026-06-26 20:59:59","2026-06-27 04:59:59","0.00000","0","0.00","0.00000"
"all-available","Asia/Taipei","BTCUSDT","BTC-260629-59000-P","2026-06-29","59000","PUT","1h","2026-06-26 21:00:00","2026-06-27 05:00:00","510.000","510.000","510.000","510.000","0.00","2026-06-26 21:59:59","2026-06-27 05:59:59","0.00000","0","0.00","0.00000"
"all-available","Asia/Taipei","BTCUSDT","BTC-260629-59000-P","2026-06-29","59000","PUT","1h","2026-06-26 22:00:00","2026-06-27 06:00:00","345.000","345.000","345.000","345.000","0.02","2026-06-26 22:59:59","2026-06-27 06:59:59","6.90000","1","0.00","0.00000"
"all-available","Asia/Taipei","BTCUSDT","BTC-260629-59000-P","2026-06-29","59000","PUT","1h","2026-06-26 23:00:00","2026-06-27 07:00:00","295.000","295.000","295.000","295.000","0.41","2026-06-26 23:59:59","2026-06-27 07:59:59","120.95000","1","0.00","0.00000"
"all-available","Asia/Taipei","BTCUSDT","BTC-260629-59000-P","2026-06-29","59000","PUT","1h","2026-06-27 00:00:00","2026-06-27 08:00:00","315.000","315.000","315.000","315.000","0.05","2026-06-27 00:59:59","2026-06-27 08:59:59","15.75000","1","0.05","15.75000"
"all-available","Asia/Taipei","BTCUSDT","BTC-260629-59000-P","2026-06-29","59000","PUT","1h","2026-06-27 01:00:00","2026-06-27 09:00:00","315.000","315.000","315.000","315.000","0.00","2026-06-27 01:59:59","2026-06-27 09:59:59","0.00000","0","0.00","0.00000"
"all-available","Asia/Taipei","BTCUSDT","BTC-260629-59000-P","2026-06-29","59000","PUT","1h","2026-06-27 02:00:00","2026-06-27 10:00:00","285.000","285.000","190.000","190.000","1.67","2026-06-27 02:59:59","2026-06-27 10:59:59","333.45000","2","1.50","285.00000"
"all-available","Asia/Taipei","BTCUSDT","BTC-260629-59000-P","2026-06-29","59000","PUT","1h","2026-06-27 03:00:00","2026-06-27 11:00:00","205.000","205.000","205.000","205.000","5.89","2026-06-27 03:59:59","2026-06-27 11:59:59","1207.45000","2","5.89","1207.45000"
"all-available","Asia/Taipei","BTCUSDT","BTC-260629-59000-P","2026-06-29","59000","PUT","1h","2026-06-27 04:00:00","2026-06-27 12:00:00","190.000","190.000","190.000","190.000","1.50","2026-06-27 04:59:59","2026-06-27 12:59:59","285.00000","1","0.00","0.00000"
"all-available","Asia/Taipei","BTCUSDT","BTC-260629-59000-P","2026-06-29","59000","PUT","1h","2026-06-27 05:00:00","2026-06-27 13:00:00","190.000","190.000","190.000","190.000","0.00","2026-06-27 05:59:59","2026-06-27 13:59:59","0.00000","0","0.00","0.00000"
"all-available","Asia/Taipei","BTCUSDT","BTC-260629-59000-P","2026-06-29","59000","PUT","1h","2026-06-27 06:00:00","2026-06-27 14:00:00","200.000","200.000","200.000","200.000","0.40","2026-06-27 06:59:59","2026-06-27 14:59:59","80.00000","1","0.40","80.00000"
"all-available","Asia/Taipei","BTCUSDT","BTC-260629-59000-P","2026-06-29","59000","PUT","1h","2026-06-27 07:00:00","2026-06-27 15:00:00","135.000","135.000","135.000","135.000","0.69","2026-06-27 07:59:59","2026-06-27 15:59:59","93.15000","1","0.00","0.00000"
"all-available","Asia/Taipei","BTCUSDT","BTC-260629-59000-P","2026-06-29","59000","PUT","1h","2026-06-27 08:00:00","2026-06-27 16:00:00","135.000","135.000","130.000","130.000","17.70","2026-06-27 08:59:59","2026-06-27 16:59:59","2356.30000","5","0.00","0.00000"
"all-available","Asia/Taipei","BTCUSDT","BTC-260629-59000-P","2026-06-29","59000","PUT","1h","2026-06-27 09:00:00","2026-06-27 17:00:00","130.000","130.000","130.000","130.000","0.00","2026-06-27 09:59:59","2026-06-27 17:59:59","0.00000","0","0.00","0.00000"
"all-available","Asia/Taipei","BTCUSDT","BTC-260629-59000-P","2026-06-29","59000","PUT","1h","2026-06-27 10:00:00","2026-06-27 18:00:00","130.000","130.000","130.000","130.000","0.10","2026-06-27 10:59:59","2026-06-27 18:59:59","13.00000","1","0.00","0.00000"
"all-available","Asia/Taipei","BTCUSDT","BTC-260629-59000-P","2026-06-29","59000","PUT","1h","2026-06-27 11:00:00","2026-06-27 19:00:00","150.000","170.000","150.000","170.000","4.89","2026-06-27 11:59:59","2026-06-27 19:59:59","812.70000","8","0.93","139.50000"
"all-available","Asia/Taipei","BTCUSDT","BTC-260629-59000-P","2026-06-29","59000","PUT","1h","2026-06-27 12:00:00","2026-06-27 20:00:00","170.000","170.000","170.000","170.000","0.00","2026-06-27 12:59:59","2026-06-27 20:59:59","0.00000","0","0.00","0.00000"
"all-available","Asia/Taipei","BTCUSDT","BTC-260629-59000-P","2026-06-29","59000","PUT","1h","2026-06-27 13:00:00","2026-06-27 21:00:00","170.000","170.000","170.000","170.000","0.00","2026-06-27 13:59:59","2026-06-27 21:59:59","0.00000","0","0.00","0.00000"
"all-available","Asia/Taipei","BTCUSDT","BTC-260629-59000-P","2026-06-29","59000","PUT","1h","2026-06-27 14:00:00","2026-06-27 22:00:00","100.000","100.000","100.000","100.000","0.03","2026-06-27 14:59:59","2026-06-27 22:59:59","3.00000","2","0.01","1.00000"
"all-available","Asia/Taipei","BTCUSDT","BTC-260629-59000-P","2026-06-29","59000","PUT","1h","2026-06-27 15:00:00","2026-06-27 23:00:00","80.000","80.000","80.000","80.000","0.05","2026-06-27 15:59:59","2026-06-27 23:59:59","4.00000","1","0.00","0.00000"
"all-available","Asia/Taipei","BTCUSDT","BTC-260629-59000-P","2026-06-29","59000","PUT","1h","2026-06-27 16:00:00","2026-06-28 00:00:00","90.000","90.000","90.000","90.000","2.37","2026-06-27 16:59:59","2026-06-28 00:59:59","213.30000","8","2.37","213.30000"
"all-available","Asia/Taipei","BTCUSDT","BTC-260629-59000-P","2026-06-29","59000","PUT","1h","2026-06-27 17:00:00","2026-06-28 01:00:00","90.000","90.000","90.000","90.000","0.00","2026-06-27 17:59:59","2026-06-28 01:59:59","0.00000","0","0.00","0.00000"
"all-available","Asia/Taipei","BTCUSDT","BTC-260629-59000-P","2026-06-29","59000","PUT","1h","2026-06-27 18:00:00","2026-06-28 02:00:00","105.000","105.000","105.000","105.000","3.75","2026-06-27 18:59:59","2026-06-28 02:59:59","393.75000","4","0.00","0.00000"
"all-available","Asia/Taipei","BTCUSDT","BTC-260629-59000-P","2026-06-29","59000","PUT","1h","2026-06-27 19:00:00","2026-06-28 03:00:00","175.000","175.000","175.000","175.000","0.72","2026-06-27 19:59:59","2026-06-28 03:59:59","126.00000","2","0.00","0.00000"
"all-available","Asia/Taipei","BTCUSDT","BTC-260629-59000-P","2026-06-29","59000","PUT","1h","2026-06-27 20:00:00","2026-06-28 04:00:00","175.000","175.000","175.000","175.000","0.00","2026-06-27 20:59:59","2026-06-28 04:59:59","0.00000","0","0.00","0.00000"
"all-available","Asia/Taipei","BTCUSDT","BTC-260629-59000-P","2026-06-29","59000","PUT","1h","2026-06-27 21:00:00","2026-06-28 05:00:00","130.000","130.000","130.000","130.000","0.35","2026-06-27 21:59:59","2026-06-28 05:59:59","45.50000","1","0.35","45.50000"
"all-available","Asia/Taipei","BTCUSDT","BTC-260629-59000-P","2026-06-29","59000","PUT","1h","2026-06-27 22:00:00","2026-06-28 06:00:00","185.000","245.000","180.000","225.000","4.21","2026-06-27 22:59:59","2026-06-28 06:59:59","977.70000","4","0.00","0.00000"
"all-available","Asia/Taipei","BTCUSDT","BTC-260629-59000-P","2026-06-29","59000","PUT","1h","2026-06-27 23:00:00","2026-06-28 07:00:00","145.000","195.000","145.000","195.000","1.52","2026-06-27 23:59:59","2026-06-28 07:59:59","222.40000","3","0.04","7.80000"
"all-available","Asia/Taipei","BTCUSDT","BTC-260629-59000-P","2026-06-29","59000","PUT","1h","2026-06-28 00:00:00","2026-06-28 08:00:00","195.000","195.000","195.000","195.000","0.00","2026-06-28 00:59:59","2026-06-28 08:59:59","0.00000","0","0.00","0.00000"
"all-available","Asia/Taipei","BTCUSDT","BTC-260629-59000-P","2026-06-29","59000","PUT","1h","2026-06-28 01:00:00","2026-06-28 09:00:00","200.000","200.000","200.000","200.000","0.17","2026-06-28 01:59:59","2026-06-28 09:59:59","34.00000","1","0.17","34.00000"
"all-available","Asia/Taipei","BTCUSDT","BTC-260629-59000-P","2026-06-29","59000","PUT","1h","2026-06-28 02:00:00","2026-06-28 10:00:00","130.000","170.000","130.000","165.000","2.27","2026-06-28 02:59:59","2026-06-28 10:59:59","354.15000","5","0.00","0.00000"
"all-available","Asia/Taipei","BTCUSDT","BTC-260629-59000-P","2026-06-29","59000","PUT","1h","2026-06-28 03:00:00","2026-06-28 11:00:00","150.000","150.000","140.000","140.000","1.36","2026-06-28 03:59:59","2026-06-28 11:59:59","200.40000","2","0.00","0.00000"
"all-available","Asia/Taipei","BTCUSDT","BTC-260629-59000-P","2026-06-29","59000","PUT","1h","2026-06-28 04:00:00","2026-06-28 12:00:00","140.000","140.000","140.000","140.000","0.01","2026-06-28 04:59:59","2026-06-28 12:59:59","1.40000","1","0.00","0.00000"
"all-available","Asia/Taipei","BTCUSDT","BTC-260629-59000-P","2026-06-29","59000","PUT","1h","2026-06-28 05:00:00","2026-06-28 13:00:00","140.000","140.000","140.000","140.000","0.00","2026-06-28 05:59:59","2026-06-28 13:59:59","0.00000","0","0.00","0.00000"
"all-available","Asia/Taipei","BTCUSDT","BTC-260629-59000-P","2026-06-29","59000","PUT","1h","2026-06-28 06:00:00","2026-06-28 14:00:00","230.000","235.000","230.000","235.000","1.14","2026-06-28 06:59:59","2026-06-28 14:59:59","265.40000","2","0.50","115.00000"
"all-available","Asia/Taipei","BTCUSDT","BTC-260629-59000-P","2026-06-29","59000","PUT","1h","2026-06-28 07:00:00","2026-06-28 15:00:00","195.000","210.000","185.000","195.000","0.70","2026-06-28 07:59:59","2026-06-28 15:59:59","140.30000","5","0.30","63.00000"
"all-available","Asia/Taipei","BTCUSDT","BTC-260629-59000-P","2026-06-29","59000","PUT","1h","2026-06-28 08:00:00","2026-06-28 16:00:00","185.000","190.000","145.000","145.000","6.78","2026-06-28 08:59:59","2026-06-28 16:59:59","1223.60000","10","4.98","932.85000"
"all-available","Asia/Taipei","BTCUSDT","BTC-260629-59000-P","2026-06-29","59000","PUT","1h","2026-06-28 09:00:00","2026-06-28 17:00:00","145.000","155.000","145.000","155.000","2.04","2026-06-28 09:59:59","2026-06-28 17:59:59","315.90000","3","2.02","312.90000"
"all-available","Asia/Taipei","BTCUSDT","BTC-260629-59000-P","2026-06-29","59000","PUT","1h","2026-06-28 10:00:00","2026-06-28 18:00:00","170.000","210.000","170.000","210.000","1.29","2026-06-28 10:59:59","2026-06-28 18:59:59","249.10000","7","1.12","220.20000"
"all-available","Asia/Taipei","BTCUSDT","BTC-260629-59000-P","2026-06-29","59000","PUT","1h","2026-06-28 11:00:00","2026-06-28 19:00:00","170.000","170.000","170.000","170.000","1.75","2026-06-28 11:59:59","2026-06-28 19:59:59","297.50000","7","1.75","297.50000"
"all-available","Asia/Taipei","BTCUSDT","BTC-260629-59000-P","2026-06-29","59000","PUT","1h","2026-06-28 12:00:00","2026-06-28 20:00:00","160.000","160.000","160.000","160.000","0.02","2026-06-28 12:59:59","2026-06-28 20:59:59","3.20000","1","0.00","0.00000"
"all-available","Asia/Taipei","BTCUSDT","BTC-260629-59000-P","2026-06-29","59000","PUT","1h","2026-06-28 13:00:00","2026-06-28 21:00:00","175.000","225.000","175.000","200.000","5.09","2026-06-28 13:59:59","2026-06-28 21:59:59","1046.95000","22","1.98","393.20000"
"all-available","Asia/Taipei","BTCUSDT","BTC-260629-59000-P","2026-06-29","59000","PUT","1h","2026-06-28 14:00:00","2026-06-28 22:00:00","170.000","185.000","170.000","185.000","0.67","2026-06-28 14:59:59","2026-06-28 22:59:59","115.95000","3","0.60","103.00000"
"all-available","Asia/Taipei","BTCUSDT","BTC-260629-59000-P","2026-06-29","59000","PUT","1h","2026-06-28 15:00:00","2026-06-28 23:00:00","215.000","225.000","170.000","225.000","6.62","2026-06-28 15:59:59","2026-06-28 23:59:59","1378.55000","24","5.12","1103.35000"
"all-available","Asia/Taipei","BTCUSDT","BTC-260629-59000-P","2026-06-29","59000","PUT","1h","2026-06-28 16:00:00","2026-06-29 00:00:00","215.000","300.000","215.000","295.000","8.09","2026-06-28 16:59:59","2026-06-29 00:59:59","2223.40000","64","2.10","538.75000"
"all-available","Asia/Taipei","BTCUSDT","BTC-260629-59000-P","2026-06-29","59000","PUT","1h","2026-06-28 17:00:00","2026-06-29 01:00:00","260.000","330.000","250.000","300.000","2.48","2026-06-28 17:59:59","2026-06-29 01:59:59","689.75000","11","1.22","371.15000"
"all-available","Asia/Taipei","BTCUSDT","BTC-260629-59000-P","2026-06-29","59000","PUT","1h","2026-06-28 18:00:00","2026-06-29 02:00:00","285.000","320.000","280.000","320.000","1.02","2026-06-28 18:59:59","2026-06-29 02:59:59","287.25000","9","0.19","54.45000"
"all-available","Asia/Taipei","BTCUSDT","BTC-260629-59000-P","2026-06-29","59000","PUT","1h","2026-06-28 19:00:00","2026-06-29 03:00:00","320.000","320.000","300.000","300.000","2.96","2026-06-28 19:59:59","2026-06-29 03:59:59","912.25000","6","1.35","405.00000"
"all-available","Asia/Taipei","BTCUSDT","BTC-260629-59000-P","2026-06-29","59000","PUT","1h","2026-06-28 20:00:00","2026-06-29 04:00:00","235.000","235.000","235.000","235.000","2.58","2026-06-28 20:59:59","2026-06-29 04:59:59","606.30000","3","0.00","0.00000"
"all-available","Asia/Taipei","BTCUSDT","BTC-260629-59000-P","2026-06-29","59000","PUT","1h","2026-06-28 21:00:00","2026-06-29 05:00:00","235.000","325.000","220.000","315.000","3.44","2026-06-28 21:59:59","2026-06-29 05:59:59","930.45000","13","3.21","866.50000"
"all-available","Asia/Taipei","BTCUSDT","BTC-260629-59000-P","2026-06-29","59000","PUT","1h","2026-06-28 22:00:00","2026-06-29 06:00:00","275.000","500.000","180.000","455.000","20.82","2026-06-28 22:59:59","2026-06-29 06:59:59","8445.80000","53","7.96","3228.90000"
"all-available","Asia/Taipei","BTCUSDT","BTC-260629-59000-P","2026-06-29","59000","PUT","1h","2026-06-28 23:00:00","2026-06-29 07:00:00","420.000","420.000","155.000","165.000","27.05","2026-06-28 23:59:59","2026-06-29 07:59:59","7239.05000","32","8.03","1504.45000"
"all-available","Asia/Taipei","BTCUSDT","BTC-260629-59000-P","2026-06-29","59000","PUT","1h","2026-06-29 00:00:00","2026-06-29 08:00:00","270.000","370.000","150.000","150.000","20.06","2026-06-29 00:59:59","2026-06-29 08:59:59","5695.25000","38","9.56","3047.05000"
"all-available","Asia/Taipei","BTCUSDT","BTC-260629-59000-P","2026-06-29","59000","PUT","1h","2026-06-29 01:00:00","2026-06-29 09:00:00","255.000","285.000","165.000","180.000","6.13","2026-06-29 01:59:59","2026-06-29 09:59:59","1519.10000","15","0.03","6.15000"
"all-available","Asia/Taipei","BTCUSDT","BTC-260629-59000-P","2026-06-29","59000","PUT","1h","2026-06-29 02:00:00","2026-06-29 10:00:00","160.000","415.000","95.000","95.000","15.21","2026-06-29 02:59:59","2026-06-29 10:59:59","3341.85000","60","4.95","1547.25000"
"all-available","Asia/Taipei","BTCUSDT","BTC-260629-59000-P","2026-06-29","59000","PUT","1h","2026-06-29 03:00:00","2026-06-29 11:00:00","85.000","85.000","40.000","50.000","10.21","2026-06-29 03:59:59","2026-06-29 11:59:59","539.30000","20","9.85","517.15000"
"all-available","Asia/Taipei","BTCUSDT","BTC-260629-59000-P","2026-06-29","59000","PUT","1h","2026-06-29 04:00:00","2026-06-29 12:00:00","40.000","45.000","35.000","35.000","7.29","2026-06-29 04:59:59","2026-06-29 12:59:59","280.20000","57","7.29","280.20000"
"all-available","Asia/Taipei","BTCUSDT","BTC-260629-59000-P","2026-06-29","59000","PUT","1h","2026-06-29 05:00:00","2026-06-29 13:00:00","25.000","80.000","10.000","10.000","7.34","2026-06-29 05:59:59","2026-06-29 13:59:59","361.50000","28","4.56","276.10000"
"all-available","Asia/Taipei","BTCUSDT","BTC-260629-59000-P","2026-06-29","59000","PUT","1h","2026-06-29 06:00:00","2026-06-29 14:00:00","10.000","10.000","5.000","5.000","0.05","2026-06-29 06:59:59","2026-06-29 14:59:59","0.45000","2","0.05","0.45000"
"all-available","Asia/Taipei","BTCUSDT","BTC-260629-59000-P","2026-06-29","59000","PUT","1h","2026-06-29 07:00:00","2026-06-29 15:00:00","5.000","5.000","5.000","5.000","7.00","2026-06-29 07:59:59","2026-06-29 15:59:59","35.00000","2","7.00","35.00000"
"all-available","Asia/Taipei","BTCUSDT","BTC-260629-59500-C","2026-06-29","59500","CALL","1h","2026-06-26 10:00:00","2026-06-26 18:00:00","970.000","970.000","970.000","970.000","0.02","2026-06-26 10:59:59","2026-06-26 18:59:59","19.40000","1","0.00","0.00000"
"all-available","Asia/Taipei","BTCUSDT","BTC-260629-59500-C","2026-06-29","59500","CALL","1h","2026-06-26 11:00:00","2026-06-26 19:00:00","975.000","985.000","940.000","940.000","1.50","2026-06-26 11:59:59","2026-06-26 19:59:59","1436.00000","5","1.06","1007.90000"
"all-available","Asia/Taipei","BTCUSDT","BTC-260629-59500-C","2026-06-29","59500","CALL","1h","2026-06-26 12:00:00","2026-06-26 20:00:00","1030.000","1030.000","870.000","920.000","1.74","2026-06-26 12:59:59","2026-06-26 20:59:59","1710.30000","3","1.01","1038.70000"
"all-available","Asia/Taipei","BTCUSDT","BTC-260629-59500-C","2026-06-29","59500","CALL","1h","2026-06-26 13:00:00","2026-06-26 21:00:00","890.000","1105.000","660.000","1105.000","5.51","2026-06-26 13:59:59","2026-06-26 21:59:59","3915.90000","7","0.05","51.75000"
"all-available","Asia/Taipei","BTCUSDT","BTC-260629-59500-C","2026-06-29","59500","CALL","1h","2026-06-26 14:00:00","2026-06-26 22:00:00","1130.000","1260.000","1130.000","1260.000","0.85","2026-06-26 14:59:59","2026-06-26 22:59:59","1051.95000","3","0.01","11.75000"
"all-available","Asia/Taipei","BTCUSDT","BTC-260629-59500-C","2026-06-29","59500","CALL","1h","2026-06-26 15:00:00","2026-06-26 23:00:00","1020.000","1420.000","1020.000","1420.000","1.47","2026-06-26 15:59:59","2026-06-26 23:59:59","1517.90000","4","1.44","1475.30000"
"all-available","Asia/Taipei","BTCUSDT","BTC-260629-59500-C","2026-06-29","59500","CALL","1h","2026-06-26 16:00:00","2026-06-27 00:00:00","1420.000","1420.000","1420.000","1420.000","0.00","2026-06-26 16:59:59","2026-06-27 00:59:59","0.00000","0","0.00","0.00000"
"all-available","Asia/Taipei","BTCUSDT","BTC-260629-59500-C","2026-06-29","59500","CALL","1h","2026-06-26 17:00:00","2026-06-27 01:00:00","1420.000","1420.000","1420.000","1420.000","0.00","2026-06-26 17:59:59","2026-06-27 01:59:59","0.00000","0","0.00","0.00000"
"all-available","Asia/Taipei","BTCUSDT","BTC-260629-59500-C","2026-06-29","59500","CALL","1h","2026-06-26 18:00:00","2026-06-27 02:00:00","1420.000","1420.000","1420.000","1420.000","0.00","2026-06-26 18:59:59","2026-06-27 02:59:59","0.00000","0","0.00","0.00000"
"all-available","Asia/Taipei","BTCUSDT","BTC-260629-59500-C","2026-06-29","59500","CALL","1h","2026-06-26 19:00:00","2026-06-27 03:00:00","1420.000","1420.000","1420.000","1420.000","0.00","2026-06-26 19:59:59","2026-06-27 03:59:59","0.00000","0","0.00","0.00000"
"all-available","Asia/Taipei","BTCUSDT","BTC-260629-59500-C","2026-06-29","59500","CALL","1h","2026-06-26 20:00:00","2026-06-27 04:00:00","1420.000","1420.000","1420.000","1420.000","0.00","2026-06-26 20:59:59","2026-06-27 04:59:59","0.00000","0","0.00","0.00000"
"all-available","Asia/Taipei","BTCUSDT","BTC-260629-59500-C","2026-06-29","59500","CALL","1h","2026-06-26 21:00:00","2026-06-27 05:00:00","1420.000","1420.000","1420.000","1420.000","0.00","2026-06-26 21:59:59","2026-06-27 05:59:59","0.00000","0","0.00","0.00000"
"all-available","Asia/Taipei","BTCUSDT","BTC-260629-59500-C","2026-06-29","59500","CALL","1h","2026-06-26 22:00:00","2026-06-27 06:00:00","1420.000","1420.000","1420.000","1420.000","0.00","2026-06-26 22:59:59","2026-06-27 06:59:59","0.00000","0","0.00","0.00000"
"all-available","Asia/Taipei","BTCUSDT","BTC-260629-59500-C","2026-06-29","59500","CALL","1h","2026-06-26 23:00:00","2026-06-27 07:00:00","1420.000","1420.000","1420.000","1420.000","0.00","2026-06-26 23:59:59","2026-06-27 07:59:59","0.00000","0","0.00","0.00000"
"all-available","Asia/Taipei","BTCUSDT","BTC-260629-59500-C","2026-06-29","59500","CALL","1h","2026-06-27 00:00:00","2026-06-27 08:00:00","1420.000","1420.000","1420.000","1420.000","0.00","2026-06-27 00:59:59","2026-06-27 08:59:59","0.00000","0","0.00","0.00000"
"all-available","Asia/Taipei","BTCUSDT","BTC-260629-59500-C","2026-06-29","59500","CALL","1h","2026-06-27 01:00:00","2026-06-27 09:00:00","1420.000","1420.000","1420.000","1420.000","0.00","2026-06-27 01:59:59","2026-06-27 09:59:59","0.00000","0","0.00","0.00000"
"all-available","Asia/Taipei","BTCUSDT","BTC-260629-59500-C","2026-06-29","59500","CALL","1h","2026-06-27 02:00:00","2026-06-27 10:00:00","1420.000","1420.000","1420.000","1420.000","0.00","2026-06-27 02:59:59","2026-06-27 10:59:59","0.00000","0","0.00","0.00000"
"all-available","Asia/Taipei","BTCUSDT","BTC-260629-59500-C","2026-06-29","59500","CALL","1h","2026-06-27 03:00:00","2026-06-27 11:00:00","1420.000","1420.000","1420.000","1420.000","0.00","2026-06-27 03:59:59","2026-06-27 11:59:59","0.00000","0","0.00","0.00000"
"all-available","Asia/Taipei","BTCUSDT","BTC-260629-59500-C","2026-06-29","59500","CALL","1h","2026-06-27 04:00:00","2026-06-27 12:00:00","1420.000","1420.000","1420.000","1420.000","0.00","2026-06-27 04:59:59","2026-06-27 12:59:59","0.00000","0","0.00","0.00000"
"all-available","Asia/Taipei","BTCUSDT","BTC-260629-59500-C","2026-06-29","59500","CALL","1h","2026-06-27 05:00:00","2026-06-27 13:00:00","1420.000","1420.000","1420.000","1420.000","0.00","2026-06-27 05:59:59","2026-06-27 13:59:59","0.00000","0","0.00","0.00000"
"all-available","Asia/Taipei","BTCUSDT","BTC-260629-59500-C","2026-06-29","59500","CALL","1h","2026-06-27 06:00:00","2026-06-27 14:00:00","1420.000","1420.000","1420.000","1420.000","0.00","2026-06-27 06:59:59","2026-06-27 14:59:59","0.00000","0","0.00","0.00000"
"all-available","Asia/Taipei","BTCUSDT","BTC-260629-59500-C","2026-06-29","59500","CALL","1h","2026-06-27 07:00:00","2026-06-27 15:00:00","1420.000","1420.000","1420.000","1420.000","0.00","2026-06-27 07:59:59","2026-06-27 15:59:59","0.00000","0","0.00","0.00000"
"all-available","Asia/Taipei","BTCUSDT","BTC-260629-59500-C","2026-06-29","59500","CALL","1h","2026-06-27 08:00:00","2026-06-27 16:00:00","1420.000","1420.000","1420.000","1420.000","0.00","2026-06-27 08:59:59","2026-06-27 16:59:59","0.00000","0","0.00","0.00000"
"all-available","Asia/Taipei","BTCUSDT","BTC-260629-59500-C","2026-06-29","59500","CALL","1h","2026-06-27 09:00:00","2026-06-27 17:00:00","1420.000","1420.000","1420.000","1420.000","0.00","2026-06-27 09:59:59","2026-06-27 17:59:59","0.00000","0","0.00","0.00000"
"all-available","Asia/Taipei","BTCUSDT","BTC-260629-59500-C","2026-06-29","59500","CALL","1h","2026-06-27 10:00:00","2026-06-27 18:00:00","1420.000","1420.000","1420.000","1420.000","0.00","2026-06-27 10:59:59","2026-06-27 18:59:59","0.00000","0","0.00","0.00000"
"all-available","Asia/Taipei","BTCUSDT","BTC-260629-59500-C","2026-06-29","59500","CALL","1h","2026-06-27 11:00:00","2026-06-27 19:00:00","1420.000","1420.000","1420.000","1420.000","0.00","2026-06-27 11:59:59","2026-06-27 19:59:59","0.00000","0","0.00","0.00000"
"all-available","Asia/Taipei","BTCUSDT","BTC-260629-59500-C","2026-06-29","59500","CALL","1h","2026-06-27 12:00:00","2026-06-27 20:00:00","1420.000","1420.000","1420.000","1420.000","0.00","2026-06-27 12:59:59","2026-06-27 20:59:59","0.00000","0","0.00","0.00000"
"all-available","Asia/Taipei","BTCUSDT","BTC-260629-59500-C","2026-06-29","59500","CALL","1h","2026-06-27 13:00:00","2026-06-27 21:00:00","1420.000","1420.000","1420.000","1420.000","0.00","2026-06-27 13:59:59","2026-06-27 21:59:59","0.00000","0","0.00","0.00000"
"all-available","Asia/Taipei","BTCUSDT","BTC-260629-59500-C","2026-06-29","59500","CALL","1h","2026-06-27 14:00:00","2026-06-27 22:00:00","1420.000","1420.000","1420.000","1420.000","0.00","2026-06-27 14:59:59","2026-06-27 22:59:59","0.00000","0","0.00","0.00000"
"all-available","Asia/Taipei","BTCUSDT","BTC-260629-59500-C","2026-06-29","59500","CALL","1h","2026-06-27 15:00:00","2026-06-27 23:00:00","1420.000","1420.000","1420.000","1420.000","0.00","2026-06-27 15:59:59","2026-06-27 23:59:59","0.00000","0","0.00","0.00000"
"all-available","Asia/Taipei","BTCUSDT","BTC-260629-59500-C","2026-06-29","59500","CALL","1h","2026-06-27 16:00:00","2026-06-28 00:00:00","1420.000","1420.000","1420.000","1420.000","0.00","2026-06-27 16:59:59","2026-06-28 00:59:59","0.00000","0","0.00","0.00000"
"all-available","Asia/Taipei","BTCUSDT","BTC-260629-59500-C","2026-06-29","59500","CALL","1h","2026-06-27 17:00:00","2026-06-28 01:00:00","1420.000","1420.000","1420.000","1420.000","0.00","2026-06-27 17:59:59","2026-06-28 01:59:59","0.00000","0","0.00","0.00000"
"all-available","Asia/Taipei","BTCUSDT","BTC-260629-59500-C","2026-06-29","59500","CALL","1h","2026-06-27 18:00:00","2026-06-28 02:00:00","1420.000","1420.000","1420.000","1420.000","0.00","2026-06-27 18:59:59","2026-06-28 02:59:59","0.00000","0","0.00","0.00000"
"all-available","Asia/Taipei","BTCUSDT","BTC-260629-59500-C","2026-06-29","59500","CALL","1h","2026-06-27 19:00:00","2026-06-28 03:00:00","1420.000","1420.000","1420.000","1420.000","0.00","2026-06-27 19:59:59","2026-06-28 03:59:59","0.00000","0","0.00","0.00000"
"all-available","Asia/Taipei","BTCUSDT","BTC-260629-59500-C","2026-06-29","59500","CALL","1h","2026-06-27 20:00:00","2026-06-28 04:00:00","1420.000","1420.000","1420.000","1420.000","0.00","2026-06-27 20:59:59","2026-06-28 04:59:59","0.00000","0","0.00","0.00000"
"all-available","Asia/Taipei","BTCUSDT","BTC-260629-59500-C","2026-06-29","59500","CALL","1h","2026-06-27 21:00:00","2026-06-28 05:00:00","1420.000","1420.000","1420.000","1420.000","0.00","2026-06-27 21:59:59","2026-06-28 05:59:59","0.00000","0","0.00","0.00000"
"all-available","Asia/Taipei","BTCUSDT","BTC-260629-59500-C","2026-06-29","59500","CALL","1h","2026-06-27 22:00:00","2026-06-28 06:00:00","770.000","770.000","770.000","770.000","2.00","2026-06-27 22:59:59","2026-06-28 06:59:59","1540.00000","1","2.00","1540.00000"
"all-available","Asia/Taipei","BTCUSDT","BTC-260629-59500-C","2026-06-29","59500","CALL","1h","2026-06-27 23:00:00","2026-06-28 07:00:00","770.000","770.000","770.000","770.000","0.00","2026-06-27 23:59:59","2026-06-28 07:59:59","0.00000","0","0.00","0.00000"
"all-available","Asia/Taipei","BTCUSDT","BTC-260629-59500-C","2026-06-29","59500","CALL","1h","2026-06-28 00:00:00","2026-06-28 08:00:00","770.000","770.000","770.000","770.000","0.00","2026-06-28 00:59:59","2026-06-28 08:59:59","0.00000","0","0.00","0.00000"
"all-available","Asia/Taipei","BTCUSDT","BTC-260629-59500-C","2026-06-29","59500","CALL","1h","2026-06-28 01:00:00","2026-06-28 09:00:00","770.000","770.000","770.000","770.000","0.00","2026-06-28 01:59:59","2026-06-28 09:59:59","0.00000","0","0.00","0.00000"
"all-available","Asia/Taipei","BTCUSDT","BTC-260629-59500-C","2026-06-29","59500","CALL","1h","2026-06-28 02:00:00","2026-06-28 10:00:00","770.000","770.000","770.000","770.000","0.00","2026-06-28 02:59:59","2026-06-28 10:59:59","0.00000","0","0.00","0.00000"
"all-available","Asia/Taipei","BTCUSDT","BTC-260629-59500-C","2026-06-29","59500","CALL","1h","2026-06-28 03:00:00","2026-06-28 11:00:00","770.000","770.000","770.000","770.000","0.00","2026-06-28 03:59:59","2026-06-28 11:59:59","0.00000","0","0.00","0.00000"
"all-available","Asia/Taipei","BTCUSDT","BTC-260629-59500-C","2026-06-29","59500","CALL","1h","2026-06-28 04:00:00","2026-06-28 12:00:00","770.000","770.000","770.000","770.000","0.00","2026-06-28 04:59:59","2026-06-28 12:59:59","0.00000","0","0.00","0.00000"
"all-available","Asia/Taipei","BTCUSDT","BTC-260629-59500-C","2026-06-29","59500","CALL","1h","2026-06-28 05:00:00","2026-06-28 13:00:00","720.000","720.000","675.000","675.000","3.33","2026-06-28 05:59:59","2026-06-28 13:59:59","2264.40000","2","3.33","2264.40000"
"all-available","Asia/Taipei","BTCUSDT","BTC-260629-59500-C","2026-06-29","59500","CALL","1h","2026-06-28 06:00:00","2026-06-28 14:00:00","675.000","675.000","675.000","675.000","0.00","2026-06-28 06:59:59","2026-06-28 14:59:59","0.00000","0","0.00","0.00000"
"all-available","Asia/Taipei","BTCUSDT","BTC-260629-59500-C","2026-06-29","59500","CALL","1h","2026-06-28 07:00:00","2026-06-28 15:00:00","940.000","940.000","940.000","940.000","0.10","2026-06-28 07:59:59","2026-06-28 15:59:59","94.00000","1","0.00","0.00000"
"all-available","Asia/Taipei","BTCUSDT","BTC-260629-59500-C","2026-06-29","59500","CALL","1h","2026-06-28 08:00:00","2026-06-28 16:00:00","940.000","940.000","940.000","940.000","0.00","2026-06-28 08:59:59","2026-06-28 16:59:59","0.00000","0","0.00","0.00000"
"all-available","Asia/Taipei","BTCUSDT","BTC-260629-59500-C","2026-06-29","59500","CALL","1h","2026-06-28 09:00:00","2026-06-28 17:00:00","940.000","940.000","940.000","940.000","0.00","2026-06-28 09:59:59","2026-06-28 17:59:59","0.00000","0","0.00","0.00000"
"all-available","Asia/Taipei","BTCUSDT","BTC-260629-59500-C","2026-06-29","59500","CALL","1h","2026-06-28 10:00:00","2026-06-28 18:00:00","975.000","975.000","975.000","975.000","0.01","2026-06-28 10:59:59","2026-06-28 18:59:59","9.75000","1","0.01","9.75000"
"all-available","Asia/Taipei","BTCUSDT","BTC-260629-59500-C","2026-06-29","59500","CALL","1h","2026-06-28 11:00:00","2026-06-28 19:00:00","975.000","975.000","975.000","975.000","0.00","2026-06-28 11:59:59","2026-06-28 19:59:59","0.00000","0","0.00","0.00000"
"all-available","Asia/Taipei","BTCUSDT","BTC-260629-59500-C","2026-06-29","59500","CALL","1h","2026-06-28 12:00:00","2026-06-28 20:00:00","975.000","975.000","975.000","975.000","0.00","2026-06-28 12:59:59","2026-06-28 20:59:59","0.00000","0","0.00","0.00000"
"all-available","Asia/Taipei","BTCUSDT","BTC-260629-59500-C","2026-06-29","59500","CALL","1h","2026-06-28 13:00:00","2026-06-28 21:00:00","975.000","975.000","975.000","975.000","0.00","2026-06-28 13:59:59","2026-06-28 21:59:59","0.00000","0","0.00","0.00000"
"all-available","Asia/Taipei","BTCUSDT","BTC-260629-59500-C","2026-06-29","59500","CALL","1h","2026-06-28 14:00:00","2026-06-28 22:00:00","880.000","880.000","880.000","880.000","0.01","2026-06-28 14:59:59","2026-06-28 22:59:59","8.80000","1","0.01","8.80000"
"all-available","Asia/Taipei","BTCUSDT","BTC-260629-59500-C","2026-06-29","59500","CALL","1h","2026-06-28 15:00:00","2026-06-28 23:00:00","880.000","880.000","880.000","880.000","0.00","2026-06-28 15:59:59","2026-06-28 23:59:59","0.00000","0","0.00","0.00000"
"all-available","Asia/Taipei","BTCUSDT","BTC-260629-59500-C","2026-06-29","59500","CALL","1h","2026-06-28 16:00:00","2026-06-29 00:00:00","605.000","650.000","590.000","650.000","0.77","2026-06-28 16:59:59","2026-06-29 00:59:59","474.25000","3","0.77","474.25000"
"all-available","Asia/Taipei","BTCUSDT","BTC-260629-59500-C","2026-06-29","59500","CALL","1h","2026-06-28 17:00:00","2026-06-29 01:00:00","590.000","590.000","535.000","535.000","1.63","2026-06-28 17:59:59","2026-06-29 01:59:59","893.70000","4","1.63","893.70000"
"all-available","Asia/Taipei","BTCUSDT","BTC-260629-59500-C","2026-06-29","59500","CALL","1h","2026-06-28 18:00:00","2026-06-29 02:00:00","600.000","600.000","600.000","600.000","0.25","2026-06-28 18:59:59","2026-06-29 02:59:59","150.00000","1","0.00","0.00000"
"all-available","Asia/Taipei","BTCUSDT","BTC-260629-59500-C","2026-06-29","59500","CALL","1h","2026-06-28 19:00:00","2026-06-29 03:00:00","515.000","515.000","480.000","480.000","1.05","2026-06-28 19:59:59","2026-06-29 03:59:59","515.00000","5","1.05","515.00000"
"all-available","Asia/Taipei","BTCUSDT","BTC-260629-59500-C","2026-06-29","59500","CALL","1h","2026-06-28 20:00:00","2026-06-29 04:00:00","615.000","615.000","615.000","615.000","0.10","2026-06-28 20:59:59","2026-06-29 04:59:59","61.50000","2","0.10","61.50000"
"all-available","Asia/Taipei","BTCUSDT","BTC-260629-59500-C","2026-06-29","59500","CALL","1h","2026-06-28 21:00:00","2026-06-29 05:00:00","585.000","585.000","415.000","415.000","6.25","2026-06-28 21:59:59","2026-06-29 05:59:59","3128.75000","16","0.05","20.75000"
"all-available","Asia/Taipei","BTCUSDT","BTC-260629-59500-C","2026-06-29","59500","CALL","1h","2026-06-28 22:00:00","2026-06-29 06:00:00","445.000","620.000","260.000","280.000","12.09","2026-06-28 22:59:59","2026-06-29 06:59:59","4248.60000","35","5.24","1969.60000"
"all-available","Asia/Taipei","BTCUSDT","BTC-260629-59500-C","2026-06-29","59500","CALL","1h","2026-06-28 23:00:00","2026-06-29 07:00:00","345.000","580.000","330.000","510.000","5.83","2026-06-28 23:59:59","2026-06-29 07:59:59","2719.35000","16","0.67","237.75000"
"all-available","Asia/Taipei","BTCUSDT","BTC-260629-59500-C","2026-06-29","59500","CALL","1h","2026-06-29 00:00:00","2026-06-29 08:00:00","390.000","390.000","200.000","285.000","7.10","2026-06-29 00:59:59","2026-06-29 08:59:59","2385.85000","19","2.51","650.60000"
"all-available","Asia/Taipei","BTCUSDT","BTC-260629-59500-C","2026-06-29","59500","CALL","1h","2026-06-29 01:00:00","2026-06-29 09:00:00","450.000","450.000","250.000","275.000","0.71","2026-06-29 01:59:59","2026-06-29 09:59:59","238.40000","8","0.71","238.40000"
"all-available","Asia/Taipei","BTCUSDT","BTC-260629-59500-C","2026-06-29","59500","CALL","1h","2026-06-29 02:00:00","2026-06-29 10:00:00","260.000","500.000","160.000","480.000","9.09","2026-06-29 02:59:59","2026-06-29 10:59:59","3337.35000","33","5.31","2247.95000"
"all-available","Asia/Taipei","BTCUSDT","BTC-260629-59500-C","2026-06-29","59500","CALL","1h","2026-06-29 03:00:00","2026-06-29 11:00:00","480.000","700.000","480.000","510.000","3.08","2026-06-29 03:59:59","2026-06-29 11:59:59","1856.10000","7","3.07","1851.00000"
"all-available","Asia/Taipei","BTCUSDT","BTC-260629-59500-C","2026-06-29","59500","CALL","1h","2026-06-29 04:00:00","2026-06-29 12:00:00","530.000","530.000","440.000","440.000","3.06","2026-06-29 04:59:59","2026-06-29 12:59:59","1376.10000","5","0.29","145.00000"
"all-available","Asia/Taipei","BTCUSDT","BTC-260629-59500-C","2026-06-29","59500","CALL","1h","2026-06-29 05:00:00","2026-06-29 13:00:00","245.000","350.000","205.000","350.000","28.24","2026-06-29 05:59:59","2026-06-29 13:59:59","6771.55000","34","22.26","5314.70000"
"all-available","Asia/Taipei","BTCUSDT","BTC-260629-59500-C","2026-06-29","59500","CALL","1h","2026-06-29 06:00:00","2026-06-29 14:00:00","615.000","800.000","545.000","545.000","0.12","2026-06-29 06:59:59","2026-06-29 14:59:59","91.60000","3","0.10","80.00000"
"all-available","Asia/Taipei","BTCUSDT","BTC-260629-59500-C","2026-06-29","59500","CALL","1h","2026-06-29 07:00:00","2026-06-29 15:00:00","545.000","545.000","545.000","545.000","0.00","2026-06-29 07:59:59","2026-06-29 15:59:59","0.00000","0","0.00","0.00000"
"all-available","Asia/Taipei","BTCUSDT","BTC-260629-59500-P","2026-06-29","59500","PUT","1h","2026-06-26 09:00:00","2026-06-26 17:00:00","675.000","760.000","675.000","760.000","3.77","2026-06-26 09:59:59","2026-06-26 17:59:59","2783.70000","4","0.10","67.50000"
"all-available","Asia/Taipei","BTCUSDT","BTC-260629-59500-P","2026-06-29","59500","PUT","1h","2026-06-26 10:00:00","2026-06-26 18:00:00","760.000","760.000","760.000","760.000","0.00","2026-06-26 10:59:59","2026-06-26 18:59:59","0.00000","0","0.00","0.00000"
"all-available","Asia/Taipei","BTCUSDT","BTC-260629-59500-P","2026-06-29","59500","PUT","1h","2026-06-26 11:00:00","2026-06-26 19:00:00","760.000","760.000","760.000","760.000","0.00","2026-06-26 11:59:59","2026-06-26 19:59:59","0.00000","0","0.00","0.00000"
"all-available","Asia/Taipei","BTCUSDT","BTC-260629-59500-P","2026-06-29","59500","PUT","1h","2026-06-26 12:00:00","2026-06-26 20:00:00","875.000","1180.000","875.000","1180.000","1.05","2026-06-26 12:59:59","2026-06-26 20:59:59","934.00000","2","0.05","59.00000"
"all-available","Asia/Taipei","BTCUSDT","BTC-260629-59500-P","2026-06-29","59500","PUT","1h","2026-06-26 13:00:00","2026-06-26 21:00:00","1295.000","1295.000","735.000","735.000","3.36","2026-06-26 13:59:59","2026-06-26 21:59:59","2627.20000","4","0.09","116.55000"
"all-available","Asia/Taipei","BTCUSDT","BTC-260629-59500-P","2026-06-29","59500","PUT","1h","2026-06-26 14:00:00","2026-06-26 22:00:00","795.000","840.000","725.000","840.000","0.14","2026-06-26 14:59:59","2026-06-26 22:59:59","108.05000","4","0.13","99.65000"
"all-available","Asia/Taipei","BTCUSDT","BTC-260629-59500-P","2026-06-29","59500","PUT","1h","2026-06-26 15:00:00","2026-06-26 23:00:00","500.000","500.000","500.000","500.000","0.34","2026-06-26 15:59:59","2026-06-26 23:59:59","170.00000","1","0.00","0.00000"
"all-available","Asia/Taipei","BTCUSDT","BTC-260629-59500-P","2026-06-29","59500","PUT","1h","2026-06-26 16:00:00","2026-06-27 00:00:00","485.000","585.000","460.000","585.000","6.97","2026-06-26 16:59:59","2026-06-27 00:59:59","3499.45000","7","2.00","1090.00000"
"all-available","Asia/Taipei","BTCUSDT","BTC-260629-59500-P","2026-06-29","59500","PUT","1h","2026-06-26 17:00:00","2026-06-27 01:00:00","525.000","595.000","525.000","560.000","3.18","2026-06-26 17:59:59","2026-06-27 01:59:59","1743.30000","4","0.10","53.50000"
"all-available","Asia/Taipei","BTCUSDT","BTC-260629-59500-P","2026-06-29","59500","PUT","1h","2026-06-26 18:00:00","2026-06-27 02:00:00","695.000","725.000","690.000","725.000","1.24","2026-06-26 18:59:59","2026-06-27 02:59:59","895.85000","3","1.14","826.50000"
"all-available","Asia/Taipei","BTCUSDT","BTC-260629-59500-P","2026-06-29","59500","PUT","1h","2026-06-26 19:00:00","2026-06-27 03:00:00","655.000","655.000","525.000","555.000","1.28","2026-06-26 19:59:59","2026-06-27 03:59:59","717.40000","4","0.84","473.20000"
"all-available","Asia/Taipei","BTCUSDT","BTC-260629-59500-P","2026-06-29","59500","PUT","1h","2026-06-26 20:00:00","2026-06-27 04:00:00","595.000","600.000","580.000","600.000","9.80","2026-06-26 20:59:59","2026-06-27 04:59:59","5738.10000","5","3.23","1873.40000"
"all-available","Asia/Taipei","BTCUSDT","BTC-260629-59500-P","2026-06-29","59500","PUT","1h","2026-06-26 21:00:00","2026-06-27 05:00:00","520.000","520.000","520.000","520.000","0.61","2026-06-26 21:59:59","2026-06-27 05:59:59","317.20000","1","0.00","0.00000"
"all-available","Asia/Taipei","BTCUSDT","BTC-260629-59500-P","2026-06-29","59500","PUT","1h","2026-06-26 22:00:00","2026-06-27 06:00:00","420.000","420.000","420.000","420.000","0.05","2026-06-26 22:59:59","2026-06-27 06:59:59","21.00000","1","0.00","0.00000"
"all-available","Asia/Taipei","BTCUSDT","BTC-260629-59500-P","2026-06-29","59500","PUT","1h","2026-06-26 23:00:00","2026-06-27 07:00:00","415.000","415.000","415.000","415.000","2.25","2026-06-26 23:59:59","2026-06-27 07:59:59","933.75000","45","2.25","933.75000"
"all-available","Asia/Taipei","BTCUSDT","BTC-260629-59500-P","2026-06-29","59500","PUT","1h","2026-06-27 00:00:00","2026-06-27 08:00:00","395.000","425.000","385.000","425.000","0.71","2026-06-27 00:59:59","2026-06-27 08:59:59","283.05000","3","0.05","19.75000"
"all-available","Asia/Taipei","BTCUSDT","BTC-260629-59500-P","2026-06-29","59500","PUT","1h","2026-06-27 01:00:00","2026-06-27 09:00:00","425.000","425.000","425.000","425.000","0.00","2026-06-27 01:59:59","2026-06-27 09:59:59","0.00000","0","0.00","0.00000"
"all-available","Asia/Taipei","BTCUSDT","BTC-260629-59500-P","2026-06-29","59500","PUT","1h","2026-06-27 02:00:00","2026-06-27 10:00:00","425.000","425.000","425.000","425.000","0.00","2026-06-27 02:59:59","2026-06-27 10:59:59","0.00000","0","0.00","0.00000"
"all-available","Asia/Taipei","BTCUSDT","BTC-260629-59500-P","2026-06-29","59500","PUT","1h","2026-06-27 03:00:00","2026-06-27 11:00:00","265.000","265.000","265.000","265.000","0.02","2026-06-27 03:59:59","2026-06-27 11:59:59","5.30000","1","0.00","0.00000"
"all-available","Asia/Taipei","BTCUSDT","BTC-260629-59500-P","2026-06-29","59500","PUT","1h","2026-06-27 04:00:00","2026-06-27 12:00:00","265.000","265.000","265.000","265.000","0.00","2026-06-27 04:59:59","2026-06-27 12:59:59","0.00000","0","0.00","0.00000"
"all-available","Asia/Taipei","BTCUSDT","BTC-260629-59500-P","2026-06-29","59500","PUT","1h","2026-06-27 05:00:00","2026-06-27 13:00:00","285.000","285.000","285.000","285.000","0.86","2026-06-27 05:59:59","2026-06-27 13:59:59","245.10000","1","0.86","245.10000"
"all-available","Asia/Taipei","BTCUSDT","BTC-260629-59500-P","2026-06-29","59500","PUT","1h","2026-06-27 06:00:00","2026-06-27 14:00:00","265.000","265.000","265.000","265.000","1.40","2026-06-27 06:59:59","2026-06-27 14:59:59","371.00000","1","1.40","371.00000"
"all-available","Asia/Taipei","BTCUSDT","BTC-260629-59500-P","2026-06-29","59500","PUT","1h","2026-06-27 07:00:00","2026-06-27 15:00:00","265.000","265.000","265.000","265.000","0.00","2026-06-27 07:59:59","2026-06-27 15:59:59","0.00000","0","0.00","0.00000"
"all-available","Asia/Taipei","BTCUSDT","BTC-260629-59500-P","2026-06-29","59500","PUT","1h","2026-06-27 08:00:00","2026-06-27 16:00:00","265.000","265.000","265.000","265.000","0.00","2026-06-27 08:59:59","2026-06-27 16:59:59","0.00000","0","0.00","0.00000"
"all-available","Asia/Taipei","BTCUSDT","BTC-260629-59500-P","2026-06-29","59500","PUT","1h","2026-06-27 09:00:00","2026-06-27 17:00:00","240.000","240.000","240.000","240.000","4.48","2026-06-27 09:59:59","2026-06-27 17:59:59","1075.20000","5","4.48","1075.20000"
"all-available","Asia/Taipei","BTCUSDT","BTC-260629-59500-P","2026-06-29","59500","PUT","1h","2026-06-27 10:00:00","2026-06-27 18:00:00","220.000","220.000","220.000","220.000","0.01","2026-06-27 10:59:59","2026-06-27 18:59:59","2.20000","1","0.00","0.00000"
"all-available","Asia/Taipei","BTCUSDT","BTC-260629-59500-P","2026-06-29","59500","PUT","1h","2026-06-27 11:00:00","2026-06-27 19:00:00","225.000","270.000","225.000","270.000","3.90","2026-06-27 11:59:59","2026-06-27 19:59:59","903.80000","7","0.90","228.80000"
"all-available","Asia/Taipei","BTCUSDT","BTC-260629-59500-P","2026-06-29","59500","PUT","1h","2026-06-27 12:00:00","2026-06-27 20:00:00","220.000","220.000","220.000","220.000","0.17","2026-06-27 12:59:59","2026-06-27 20:59:59","37.40000","1","0.17","37.40000"
"all-available","Asia/Taipei","BTCUSDT","BTC-260629-59500-P","2026-06-29","59500","PUT","1h","2026-06-27 13:00:00","2026-06-27 21:00:00","220.000","220.000","220.000","220.000","0.00","2026-06-27 13:59:59","2026-06-27 21:59:59","0.00000","0","0.00","0.00000"
"all-available","Asia/Taipei","BTCUSDT","BTC-260629-59500-P","2026-06-29","59500","PUT","1h","2026-06-27 14:00:00","2026-06-27 22:00:00","170.000","170.000","165.000","165.000","0.10","2026-06-27 14:59:59","2026-06-27 22:59:59","16.75000","2","0.05","8.50000"
"all-available","Asia/Taipei","BTCUSDT","BTC-260629-59500-P","2026-06-29","59500","PUT","1h","2026-06-27 15:00:00","2026-06-27 23:00:00","135.000","140.000","135.000","135.000","2.41","2026-06-27 15:59:59","2026-06-27 23:59:59","325.85000","5","2.21","298.35000"
"all-available","Asia/Taipei","BTCUSDT","BTC-260629-59500-P","2026-06-29","59500","PUT","1h","2026-06-27 16:00:00","2026-06-28 00:00:00","140.000","155.000","140.000","155.000","0.75","2026-06-27 16:59:59","2026-06-28 00:59:59","105.15000","6","0.75","105.15000"
"all-available","Asia/Taipei","BTCUSDT","BTC-260629-59500-P","2026-06-29","59500","PUT","1h","2026-06-27 17:00:00","2026-06-28 01:00:00","200.000","200.000","180.000","180.000","0.57","2026-06-27 17:59:59","2026-06-28 01:59:59","103.55000","5","0.51","92.20000"
"all-available","Asia/Taipei","BTCUSDT","BTC-260629-59500-P","2026-06-29","59500","PUT","1h","2026-06-27 18:00:00","2026-06-28 02:00:00","185.000","185.000","185.000","185.000","2.16","2026-06-27 18:59:59","2026-06-28 02:59:59","399.60000","1","2.16","399.60000"
"all-available","Asia/Taipei","BTCUSDT","BTC-260629-59500-P","2026-06-29","59500","PUT","1h","2026-06-27 19:00:00","2026-06-28 03:00:00","215.000","285.000","215.000","280.000","5.25","2026-06-27 19:59:59","2026-06-28 03:59:59","1350.25000","19","5.16","1324.60000"
"all-available","Asia/Taipei","BTCUSDT","BTC-260629-59500-P","2026-06-29","59500","PUT","1h","2026-06-27 20:00:00","2026-06-28 04:00:00","280.000","280.000","280.000","280.000","0.00","2026-06-27 20:59:59","2026-06-28 04:59:59","0.00000","0","0.00","0.00000"
"all-available","Asia/Taipei","BTCUSDT","BTC-260629-59500-P","2026-06-29","59500","PUT","1h","2026-06-27 21:00:00","2026-06-28 05:00:00","205.000","205.000","200.000","200.000","1.23","2026-06-27 21:59:59","2026-06-28 05:59:59","250.20000","2","0.00","0.00000"
"all-available","Asia/Taipei","BTCUSDT","BTC-260629-59500-P","2026-06-29","59500","PUT","1h","2026-06-27 22:00:00","2026-06-28 06:00:00","355.000","395.000","250.000","250.000","9.97","2026-06-27 22:59:59","2026-06-28 06:59:59","3543.20000","6","7.76","2990.70000"
"all-available","Asia/Taipei","BTCUSDT","BTC-260629-59500-P","2026-06-29","59500","PUT","1h","2026-06-27 23:00:00","2026-06-28 07:00:00","260.000","335.000","260.000","335.000","1.20","2026-06-27 23:59:59","2026-06-28 07:59:59","329.65000","6","1.20","329.65000"
"all-available","Asia/Taipei","BTCUSDT","BTC-260629-59500-P","2026-06-29","59500","PUT","1h","2026-06-28 00:00:00","2026-06-28 08:00:00","280.000","280.000","265.000","265.000","0.08","2026-06-28 00:59:59","2026-06-28 08:59:59","21.65000","3","0.03","8.40000"
"all-available","Asia/Taipei","BTCUSDT","BTC-260629-59500-P","2026-06-29","59500","PUT","1h","2026-06-28 01:00:00","2026-06-28 09:00:00","265.000","265.000","265.000","265.000","0.00","2026-06-28 01:59:59","2026-06-28 09:59:59","0.00000","0","0.00","0.00000"
"all-available","Asia/Taipei","BTCUSDT","BTC-260629-59500-P","2026-06-29","59500","PUT","1h","2026-06-28 02:00:00","2026-06-28 10:00:00","265.000","265.000","265.000","265.000","0.00","2026-06-28 02:59:59","2026-06-28 10:59:59","0.00000","0","0.00","0.00000"
"all-available","Asia/Taipei","BTCUSDT","BTC-260629-59500-P","2026-06-29","59500","PUT","1h","2026-06-28 03:00:00","2026-06-28 11:00:00","250.000","250.000","250.000","250.000","0.83","2026-06-28 03:59:59","2026-06-28 11:59:59","207.50000","1","0.00","0.00000"
"all-available","Asia/Taipei","BTCUSDT","BTC-260629-59500-P","2026-06-29","59500","PUT","1h","2026-06-28 04:00:00","2026-06-28 12:00:00","250.000","250.000","250.000","250.000","0.53","2026-06-28 04:59:59","2026-06-28 12:59:59","132.50000","1","0.53","132.50000"
"all-available","Asia/Taipei","BTCUSDT","BTC-260629-59500-P","2026-06-29","59500","PUT","1h","2026-06-28 05:00:00","2026-06-28 13:00:00","280.000","400.000","280.000","320.000","1.41","2026-06-28 05:59:59","2026-06-28 13:59:59","442.85000","6","1.01","310.85000"
"all-available","Asia/Taipei","BTCUSDT","BTC-260629-59500-P","2026-06-29","59500","PUT","1h","2026-06-28 06:00:00","2026-06-28 14:00:00","345.000","370.000","340.000","355.000","1.74","2026-06-28 06:59:59","2026-06-28 14:59:59","604.70000","4","0.50","177.50000"
"all-available","Asia/Taipei","BTCUSDT","BTC-260629-59500-P","2026-06-29","59500","PUT","1h","2026-06-28 07:00:00","2026-06-28 15:00:00","295.000","310.000","280.000","280.000","1.75","2026-06-28 07:59:59","2026-06-28 15:59:59","508.20000","6","0.01","2.80000"
"all-available","Asia/Taipei","BTCUSDT","BTC-260629-59500-P","2026-06-29","59500","PUT","1h","2026-06-28 08:00:00","2026-06-28 16:00:00","300.000","310.000","240.000","240.000","6.47","2026-06-28 08:59:59","2026-06-28 16:59:59","1783.55000","12","0.45","121.65000"
"all-available","Asia/Taipei","BTCUSDT","BTC-260629-59500-P","2026-06-29","59500","PUT","1h","2026-06-28 09:00:00","2026-06-28 17:00:00","255.000","255.000","240.000","255.000","4.48","2026-06-28 09:59:59","2026-06-28 17:59:59","1141.95000","7","0.45","114.75000"
"all-available","Asia/Taipei","BTCUSDT","BTC-260629-59500-P","2026-06-29","59500","PUT","1h","2026-06-28 10:00:00","2026-06-28 18:00:00","295.000","335.000","295.000","315.000","0.72","2026-06-28 10:59:59","2026-06-28 18:59:59","233.50000","5","0.37","121.55000"
"all-available","Asia/Taipei","BTCUSDT","BTC-260629-59500-P","2026-06-29","59500","PUT","1h","2026-06-28 11:00:00","2026-06-28 19:00:00","275.000","275.000","235.000","235.000","0.61","2026-06-28 11:59:59","2026-06-28 19:59:59","149.60000","3","0.16","43.85000"
"all-available","Asia/Taipei","BTCUSDT","BTC-260629-59500-P","2026-06-29","59500","PUT","1h","2026-06-28 12:00:00","2026-06-28 20:00:00","245.000","290.000","245.000","265.000","3.57","2026-06-28 12:59:59","2026-06-28 20:59:59","920.70000","7","0.36","100.05000"
"all-available","Asia/Taipei","BTCUSDT","BTC-260629-59500-P","2026-06-29","59500","PUT","1h","2026-06-28 13:00:00","2026-06-28 21:00:00","275.000","360.000","275.000","320.000","11.46","2026-06-28 13:59:59","2026-06-28 21:59:59","3707.15000","22","2.33","721.10000"
"all-available","Asia/Taipei","BTCUSDT","BTC-260629-59500-P","2026-06-29","59500","PUT","1h","2026-06-28 14:00:00","2026-06-28 22:00:00","300.000","310.000","265.000","265.000","0.45","2026-06-28 14:59:59","2026-06-28 22:59:59","125.00000","3","0.00","0.00000"
"all-available","Asia/Taipei","BTCUSDT","BTC-260629-59500-P","2026-06-29","59500","PUT","1h","2026-06-28 15:00:00","2026-06-28 23:00:00","305.000","345.000","305.000","330.000","0.70","2026-06-28 15:59:59","2026-06-28 23:59:59","232.15000","7","0.57","187.90000"
"all-available","Asia/Taipei","BTCUSDT","BTC-260629-59500-P","2026-06-29","59500","PUT","1h","2026-06-28 16:00:00","2026-06-29 00:00:00","350.000","475.000","350.000","450.000","7.00","2026-06-28 16:59:59","2026-06-29 00:59:59","3080.50000","51","1.92","874.10000"
"all-available","Asia/Taipei","BTCUSDT","BTC-260629-59500-P","2026-06-29","59500","PUT","1h","2026-06-28 17:00:00","2026-06-29 01:00:00","445.000","555.000","445.000","510.000","0.73","2026-06-28 17:59:59","2026-06-29 01:59:59","371.70000","4","0.00","0.00000"
"all-available","Asia/Taipei","BTCUSDT","BTC-260629-59500-P","2026-06-29","59500","PUT","1h","2026-06-28 18:00:00","2026-06-29 02:00:00","510.000","510.000","510.000","510.000","0.00","2026-06-28 18:59:59","2026-06-29 02:59:59","0.00000","0","0.00","0.00000"
"all-available","Asia/Taipei","BTCUSDT","BTC-260629-59500-P","2026-06-29","59500","PUT","1h","2026-06-28 19:00:00","2026-06-29 03:00:00","485.000","580.000","485.000","580.000","0.91","2026-06-28 19:59:59","2026-06-29 03:59:59","452.45000","5","0.04","21.00000"
"all-available","Asia/Taipei","BTCUSDT","BTC-260629-59500-P","2026-06-29","59500","PUT","1h","2026-06-28 20:00:00","2026-06-29 04:00:00","480.000","480.000","395.000","405.000","0.56","2026-06-28 20:59:59","2026-06-29 04:59:59","225.60000","9","0.00","0.00000"
"all-available","Asia/Taipei","BTCUSDT","BTC-260629-59500-P","2026-06-29","59500","PUT","1h","2026-06-28 21:00:00","2026-06-29 05:00:00","395.000","515.000","345.000","515.000","2.15","2026-06-28 21:59:59","2026-06-29 05:59:59","927.85000","14","1.06","521.70000"
"all-available","Asia/Taipei","BTCUSDT","BTC-260629-59500-P","2026-06-29","59500","PUT","1h","2026-06-28 22:00:00","2026-06-29 06:00:00","455.000","770.000","290.000","770.000","13.74","2026-06-28 22:59:59","2026-06-29 06:59:59","5789.50000","27","5.57","2289.00000"
"all-available","Asia/Taipei","BTCUSDT","BTC-260629-59500-P","2026-06-29","59500","PUT","1h","2026-06-28 23:00:00","2026-06-29 07:00:00","665.000","665.000","295.000","345.000","8.62","2026-06-28 23:59:59","2026-06-29 07:59:59","4214.10000","11","3.02","945.10000"
"all-available","Asia/Taipei","BTCUSDT","BTC-260629-59500-P","2026-06-29","59500","PUT","1h","2026-06-29 00:00:00","2026-06-29 08:00:00","450.000","590.000","305.000","545.000","9.67","2026-06-29 00:59:59","2026-06-29 08:59:59","4727.05000","30","5.88","3075.80000"
"all-available","Asia/Taipei","BTCUSDT","BTC-260629-59500-P","2026-06-29","59500","PUT","1h","2026-06-29 01:00:00","2026-06-29 09:00:00","345.000","445.000","340.000","340.000","2.56","2026-06-29 01:59:59","2026-06-29 09:59:59","982.10000","9","0.07","27.55000"
"all-available","Asia/Taipei","BTCUSDT","BTC-260629-59500-P","2026-06-29","59500","PUT","1h","2026-06-29 02:00:00","2026-06-29 10:00:00","660.000","660.000","210.000","210.000","6.00","2026-06-29 02:59:59","2026-06-29 10:59:59","1881.05000","24","1.14","535.45000"
"all-available","Asia/Taipei","BTCUSDT","BTC-260629-59500-P","2026-06-29","59500","PUT","1h","2026-06-29 03:00:00","2026-06-29 11:00:00","185.000","185.000","90.000","95.000","7.64","2026-06-29 03:59:59","2026-06-29 11:59:59","840.30000","13","2.24","224.50000"
"all-available","Asia/Taipei","BTCUSDT","BTC-260629-59500-P","2026-06-29","59500","PUT","1h","2026-06-29 04:00:00","2026-06-29 12:00:00","100.000","105.000","95.000","95.000","1.40","2026-06-29 04:59:59","2026-06-29 12:59:59","143.30000","12","0.55","56.50000"
"all-available","Asia/Taipei","BTCUSDT","BTC-260629-59500-P","2026-06-29","59500","PUT","1h","2026-06-29 05:00:00","2026-06-29 13:00:00","150.000","235.000","25.000","25.000","46.21","2026-06-29 05:59:59","2026-06-29 13:59:59","6773.80000","119","20.14","2903.30000"
"all-available","Asia/Taipei","BTCUSDT","BTC-260629-59500-P","2026-06-29","59500","PUT","1h","2026-06-29 06:00:00","2026-06-29 14:00:00","20.000","20.000","5.000","10.000","4.85","2026-06-29 06:59:59","2026-06-29 14:59:59","51.05000","17","2.69","36.00000"
"all-available","Asia/Taipei","BTCUSDT","BTC-260629-59500-P","2026-06-29","59500","PUT","1h","2026-06-29 07:00:00","2026-06-29 15:00:00","5.000","10.000","5.000","5.000","452.67","2026-06-29 07:59:59","2026-06-29 15:59:59","2263.60000","31","182.72","913.85000"
"all-available","Asia/Taipei","BTCUSDT","BTC-260629-60000-C","2026-06-29","60000","CALL","1h","2026-06-26 09:00:00","2026-06-26 17:00:00","1030.000","1030.000","980.000","980.000","3.53","2026-06-26 09:59:59","2026-06-26 17:59:59","3468.90000","6","0.00","0.00000"
"all-available","Asia/Taipei","BTCUSDT","BTC-260629-60000-C","2026-06-29","60000","CALL","1h","2026-06-26 10:00:00","2026-06-26 18:00:00","805.000","825.000","805.000","825.000","1.02","2026-06-26 10:59:59","2026-06-26 18:59:59","821.50000","2","1.02","821.50000"
"all-available","Asia/Taipei","BTCUSDT","BTC-260629-60000-C","2026-06-29","60000","CALL","1h","2026-06-26 11:00:00","2026-06-26 19:00:00","660.000","660.000","660.000","660.000","0.03","2026-06-26 11:59:59","2026-06-26 19:59:59","19.80000","1","0.03","19.80000"
"all-available","Asia/Taipei","BTCUSDT","BTC-260629-60000-C","2026-06-29","60000","CALL","1h","2026-06-26 12:00:00","2026-06-26 20:00:00","755.000","755.000","640.000","640.000","1.03","2026-06-26 12:59:59","2026-06-26 20:59:59","774.20000","2","1.03","774.20000"
"all-available","Asia/Taipei","BTCUSDT","BTC-260629-60000-C","2026-06-29","60000","CALL","1h","2026-06-26 13:00:00","2026-06-26 21:00:00","575.000","995.000","535.000","995.000","6.00","2026-06-26 13:59:59","2026-06-26 21:59:59","3358.05000","11","3.09","1757.55000"
"all-available","Asia/Taipei","BTCUSDT","BTC-260629-60000-C","2026-06-29","60000","CALL","1h","2026-06-26 14:00:00","2026-06-26 22:00:00","930.000","930.000","710.000","710.000","1.39","2026-06-26 14:59:59","2026-06-26 22:59:59","1290.50000","2","0.01","7.10000"
"all-available","Asia/Taipei","BTCUSDT","BTC-260629-60000-C","2026-06-29","60000","CALL","1h","2026-06-26 15:00:00","2026-06-26 23:00:00","850.000","1025.000","850.000","1025.000","0.06","2026-06-26 15:59:59","2026-06-26 23:59:59","57.00000","4","0.03","26.70000"
"all-available","Asia/Taipei","BTCUSDT","BTC-260629-60000-C","2026-06-29","60000","CALL","1h","2026-06-26 16:00:00","2026-06-27 00:00:00","835.000","835.000","835.000","835.000","0.01","2026-06-26 16:59:59","2026-06-27 00:59:59","8.35000","1","0.01","8.35000"
"all-available","Asia/Taipei","BTCUSDT","BTC-260629-60000-C","2026-06-29","60000","CALL","1h","2026-06-26 17:00:00","2026-06-27 01:00:00","835.000","835.000","835.000","835.000","0.00","2026-06-26 17:59:59","2026-06-27 01:59:59","0.00000","0","0.00","0.00000"
"all-available","Asia/Taipei","BTCUSDT","BTC-260629-60000-C","2026-06-29","60000","CALL","1h","2026-06-26 18:00:00","2026-06-27 02:00:00","630.000","630.000","630.000","630.000","1.00","2026-06-26 18:59:59","2026-06-27 02:59:59","630.00000","1","0.00","0.00000"
"all-available","Asia/Taipei","BTCUSDT","BTC-260629-60000-C","2026-06-29","60000","CALL","1h","2026-06-26 19:00:00","2026-06-27 03:00:00","585.000","715.000","585.000","715.000","0.20","2026-06-26 19:59:59","2026-06-27 03:59:59","130.00000","2","0.20","130.00000"
"all-available","Asia/Taipei","BTCUSDT","BTC-260629-60000-C","2026-06-29","60000","CALL","1h","2026-06-26 20:00:00","2026-06-27 04:00:00","630.000","630.000","555.000","555.000","1.31","2026-06-26 20:59:59","2026-06-27 04:59:59","804.85000","3","1.28","788.20000"
"all-available","Asia/Taipei","BTCUSDT","BTC-260629-60000-C","2026-06-29","60000","CALL","1h","2026-06-26 21:00:00","2026-06-27 05:00:00","635.000","635.000","635.000","635.000","0.01","2026-06-26 21:59:59","2026-06-27 05:59:59","6.35000","1","0.00","0.00000"
"all-available","Asia/Taipei","BTCUSDT","BTC-260629-60000-C","2026-06-29","60000","CALL","1h","2026-06-26 22:00:00","2026-06-27 06:00:00","635.000","635.000","635.000","635.000","0.00","2026-06-26 22:59:59","2026-06-27 06:59:59","0.00000","0","0.00","0.00000"
"all-available","Asia/Taipei","BTCUSDT","BTC-260629-60000-C","2026-06-29","60000","CALL","1h","2026-06-26 23:00:00","2026-06-27 07:00:00","650.000","650.000","650.000","650.000","0.07","2026-06-26 23:59:59","2026-06-27 07:59:59","45.50000","1","0.07","45.50000"
"all-available","Asia/Taipei","BTCUSDT","BTC-260629-60000-C","2026-06-29","60000","CALL","1h","2026-06-27 00:00:00","2026-06-27 08:00:00","565.000","585.000","565.000","585.000","0.42","2026-06-27 00:59:59","2026-06-27 08:59:59","237.90000","2","0.42","237.90000"
"all-available","Asia/Taipei","BTCUSDT","BTC-260629-60000-C","2026-06-29","60000","CALL","1h","2026-06-27 01:00:00","2026-06-27 09:00:00","585.000","585.000","585.000","585.000","0.03","2026-06-27 01:59:59","2026-06-27 09:59:59","17.55000","1","0.00","0.00000"
"all-available","Asia/Taipei","BTCUSDT","BTC-260629-60000-C","2026-06-29","60000","CALL","1h","2026-06-27 02:00:00","2026-06-27 10:00:00","575.000","765.000","575.000","720.000","1.12","2026-06-27 02:59:59","2026-06-27 10:59:59","802.30000","3","1.05","748.75000"
"all-available","Asia/Taipei","BTCUSDT","BTC-260629-60000-C","2026-06-29","60000","CALL","1h","2026-06-27 03:00:00","2026-06-27 11:00:00","720.000","750.000","720.000","750.000","3.02","2026-06-27 03:59:59","2026-06-27 11:59:59","2175.00000","3","3.02","2175.00000"
"all-available","Asia/Taipei","BTCUSDT","BTC-260629-60000-C","2026-06-29","60000","CALL","1h","2026-06-27 04:00:00","2026-06-27 12:00:00","790.000","790.000","740.000","740.000","1.07","2026-06-27 04:59:59","2026-06-27 12:59:59","843.80000","5","1.05","829.00000"
"all-available","Asia/Taipei","BTCUSDT","BTC-260629-60000-C","2026-06-29","60000","CALL","1h","2026-06-27 05:00:00","2026-06-27 13:00:00","740.000","740.000","740.000","740.000","0.00","2026-06-27 05:59:59","2026-06-27 13:59:59","0.00000","0","0.00","0.00000"
"all-available","Asia/Taipei","BTCUSDT","BTC-260629-60000-C","2026-06-29","60000","CALL","1h","2026-06-27 06:00:00","2026-06-27 14:00:00","695.000","695.000","695.000","695.000","0.04","2026-06-27 06:59:59","2026-06-27 14:59:59","27.80000","1","0.04","27.80000"
"all-available","Asia/Taipei","BTCUSDT","BTC-260629-60000-C","2026-06-29","60000","CALL","1h","2026-06-27 07:00:00","2026-06-27 15:00:00","695.000","695.000","695.000","695.000","0.00","2026-06-27 07:59:59","2026-06-27 15:59:59","0.00000","0","0.00","0.00000"
"all-available","Asia/Taipei","BTCUSDT","BTC-260629-60000-C","2026-06-29","60000","CALL","1h","2026-06-27 08:00:00","2026-06-27 16:00:00","695.000","695.000","695.000","695.000","0.00","2026-06-27 08:59:59","2026-06-27 16:59:59","0.00000","0","0.00","0.00000"
"all-available","Asia/Taipei","BTCUSDT","BTC-260629-60000-C","2026-06-29","60000","CALL","1h","2026-06-27 09:00:00","2026-06-27 17:00:00","695.000","695.000","695.000","695.000","0.00","2026-06-27 09:59:59","2026-06-27 17:59:59","0.00000","0","0.00","0.00000"
"all-available","Asia/Taipei","BTCUSDT","BTC-260629-60000-C","2026-06-29","60000","CALL","1h","2026-06-27 10:00:00","2026-06-27 18:00:00","695.000","695.000","695.000","695.000","0.00","2026-06-27 10:59:59","2026-06-27 18:59:59","0.00000","0","0.00","0.00000"
"all-available","Asia/Taipei","BTCUSDT","BTC-260629-60000-C","2026-06-29","60000","CALL","1h","2026-06-27 11:00:00","2026-06-27 19:00:00","670.000","670.000","670.000","670.000","0.05","2026-06-27 11:59:59","2026-06-27 19:59:59","33.50000","1","0.00","0.00000"
"all-available","Asia/Taipei","BTCUSDT","BTC-260629-60000-C","2026-06-29","60000","CALL","1h","2026-06-27 12:00:00","2026-06-27 20:00:00","685.000","730.000","685.000","730.000","0.70","2026-06-27 12:59:59","2026-06-27 20:59:59","510.10000","3","0.01","6.85000"
"all-available","Asia/Taipei","BTCUSDT","BTC-260629-60000-C","2026-06-29","60000","CALL","1h","2026-06-27 13:00:00","2026-06-27 21:00:00","840.000","840.000","840.000","840.000","0.01","2026-06-27 13:59:59","2026-06-27 21:59:59","8.40000","1","0.00","0.00000"
"all-available","Asia/Taipei","BTCUSDT","BTC-260629-60000-C","2026-06-29","60000","CALL","1h","2026-06-27 14:00:00","2026-06-27 22:00:00","840.000","840.000","840.000","840.000","0.00","2026-06-27 14:59:59","2026-06-27 22:59:59","0.00000","0","0.00","0.00000"
"all-available","Asia/Taipei","BTCUSDT","BTC-260629-60000-C","2026-06-29","60000","CALL","1h","2026-06-27 15:00:00","2026-06-27 23:00:00","840.000","840.000","840.000","840.000","0.00","2026-06-27 15:59:59","2026-06-27 23:59:59","0.00000","0","0.00","0.00000"
"all-available","Asia/Taipei","BTCUSDT","BTC-260629-60000-C","2026-06-29","60000","CALL","1h","2026-06-27 16:00:00","2026-06-28 00:00:00","965.000","965.000","940.000","940.000","0.18","2026-06-27 16:59:59","2026-06-28 00:59:59","171.45000","2","0.00","0.00000"
"all-available","Asia/Taipei","BTCUSDT","BTC-260629-60000-C","2026-06-29","60000","CALL","1h","2026-06-27 17:00:00","2026-06-28 01:00:00","870.000","870.000","870.000","870.000","0.60","2026-06-27 17:59:59","2026-06-28 01:59:59","522.00000","1","0.60","522.00000"
"all-available","Asia/Taipei","BTCUSDT","BTC-260629-60000-C","2026-06-29","60000","CALL","1h","2026-06-27 18:00:00","2026-06-28 02:00:00","830.000","830.000","825.000","825.000","1.19","2026-06-27 18:59:59","2026-06-28 02:59:59","981.80000","3","1.19","981.80000"
"all-available","Asia/Taipei","BTCUSDT","BTC-260629-60000-C","2026-06-29","60000","CALL","1h","2026-06-27 19:00:00","2026-06-28 03:00:00","785.000","785.000","610.000","635.000","7.86","2026-06-27 19:59:59","2026-06-28 03:59:59","5033.10000","8","6.82","4325.20000"
"all-available","Asia/Taipei","BTCUSDT","BTC-260629-60000-C","2026-06-29","60000","CALL","1h","2026-06-27 20:00:00","2026-06-28 04:00:00","635.000","635.000","635.000","635.000","0.00","2026-06-27 20:59:59","2026-06-28 04:59:59","0.00000","0","0.00","0.00000"
"all-available","Asia/Taipei","BTCUSDT","BTC-260629-60000-C","2026-06-29","60000","CALL","1h","2026-06-27 21:00:00","2026-06-28 05:00:00","650.000","650.000","650.000","650.000","0.29","2026-06-27 21:59:59","2026-06-28 05:59:59","188.50000","1","0.29","188.50000"
"all-available","Asia/Taipei","BTCUSDT","BTC-260629-60000-C","2026-06-29","60000","CALL","1h","2026-06-27 22:00:00","2026-06-28 06:00:00","650.000","650.000","650.000","650.000","0.00","2026-06-27 22:59:59","2026-06-28 06:59:59","0.00000","0","0.00","0.00000"
"all-available","Asia/Taipei","BTCUSDT","BTC-260629-60000-C","2026-06-29","60000","CALL","1h","2026-06-27 23:00:00","2026-06-28 07:00:00","555.000","555.000","555.000","555.000","0.63","2026-06-27 23:59:59","2026-06-28 07:59:59","349.65000","1","0.63","349.65000"
"all-available","Asia/Taipei","BTCUSDT","BTC-260629-60000-C","2026-06-29","60000","CALL","1h","2026-06-28 00:00:00","2026-06-28 08:00:00","555.000","555.000","555.000","555.000","0.00","2026-06-28 00:59:59","2026-06-28 08:59:59","0.00000","0","0.00","0.00000"
"all-available","Asia/Taipei","BTCUSDT","BTC-260629-60000-C","2026-06-29","60000","CALL","1h","2026-06-28 01:00:00","2026-06-28 09:00:00","520.000","645.000","520.000","635.000","0.80","2026-06-28 01:59:59","2026-06-28 09:59:59","512.50000","7","0.00","0.00000"
"all-available","Asia/Taipei","BTCUSDT","BTC-260629-60000-C","2026-06-29","60000","CALL","1h","2026-06-28 02:00:00","2026-06-28 10:00:00","585.000","585.000","585.000","585.000","4.00","2026-06-28 02:59:59","2026-06-28 10:59:59","2340.00000","4","4.00","2340.00000"
"all-available","Asia/Taipei","BTCUSDT","BTC-260629-60000-C","2026-06-29","60000","CALL","1h","2026-06-28 03:00:00","2026-06-28 11:00:00","585.000","585.000","585.000","585.000","0.00","2026-06-28 03:59:59","2026-06-28 11:59:59","0.00000","0","0.00","0.00000"
"all-available","Asia/Taipei","BTCUSDT","BTC-260629-60000-C","2026-06-29","60000","CALL","1h","2026-06-28 04:00:00","2026-06-28 12:00:00","600.000","605.000","600.000","605.000","2.00","2026-06-28 04:59:59","2026-06-28 12:59:59","1201.25000","6","2.00","1201.25000"
"all-available","Asia/Taipei","BTCUSDT","BTC-260629-60000-C","2026-06-29","60000","CALL","1h","2026-06-28 05:00:00","2026-06-28 13:00:00","400.000","465.000","400.000","465.000","1.62","2026-06-28 05:59:59","2026-06-28 13:59:59","752.00000","2","1.60","744.00000"
"all-available","Asia/Taipei","BTCUSDT","BTC-260629-60000-C","2026-06-29","60000","CALL","1h","2026-06-28 06:00:00","2026-06-28 14:00:00","510.000","510.000","510.000","510.000","0.50","2026-06-28 06:59:59","2026-06-28 14:59:59","255.00000","1","0.50","255.00000"
"all-available","Asia/Taipei","BTCUSDT","BTC-260629-60000-C","2026-06-29","60000","CALL","1h","2026-06-28 07:00:00","2026-06-28 15:00:00","635.000","650.000","590.000","650.000","7.46","2026-06-28 07:59:59","2026-06-28 15:59:59","4648.65000","16","2.00","1270.00000"
"all-available","Asia/Taipei","BTCUSDT","BTC-260629-60000-C","2026-06-29","60000","CALL","1h","2026-06-28 08:00:00","2026-06-28 16:00:00","635.000","840.000","635.000","840.000","7.72","2026-06-28 08:59:59","2026-06-28 16:59:59","5764.20000","12","7.70","5751.50000"
"all-available","Asia/Taipei","BTCUSDT","BTC-260629-60000-C","2026-06-29","60000","CALL","1h","2026-06-28 09:00:00","2026-06-28 17:00:00","715.000","720.000","700.000","700.000","0.03","2026-06-28 09:59:59","2026-06-28 17:59:59","21.35000","3","0.01","7.00000"
"all-available","Asia/Taipei","BTCUSDT","BTC-260629-60000-C","2026-06-29","60000","CALL","1h","2026-06-28 10:00:00","2026-06-28 18:00:00","700.000","700.000","700.000","700.000","0.00","2026-06-28 10:59:59","2026-06-28 18:59:59","0.00000","0","0.00","0.00000"
"all-available","Asia/Taipei","BTCUSDT","BTC-260629-60000-C","2026-06-29","60000","CALL","1h","2026-06-28 11:00:00","2026-06-28 19:00:00","700.000","700.000","700.000","700.000","0.00","2026-06-28 11:59:59","2026-06-28 19:59:59","0.00000","0","0.00","0.00000"
"all-available","Asia/Taipei","BTCUSDT","BTC-260629-60000-C","2026-06-29","60000","CALL","1h","2026-06-28 12:00:00","2026-06-28 20:00:00","705.000","705.000","670.000","670.000","0.92","2026-06-28 12:59:59","2026-06-28 20:59:59","641.60000","2","0.92","641.60000"
"all-available","Asia/Taipei","BTCUSDT","BTC-260629-60000-C","2026-06-29","60000","CALL","1h","2026-06-28 13:00:00","2026-06-28 21:00:00","585.000","585.000","550.000","550.000","0.06","2026-06-28 13:59:59","2026-06-28 21:59:59","33.70000","2","0.06","33.70000"
"all-available","Asia/Taipei","BTCUSDT","BTC-260629-60000-C","2026-06-29","60000","CALL","1h","2026-06-28 14:00:00","2026-06-28 22:00:00","605.000","605.000","545.000","545.000","0.08","2026-06-28 14:59:59","2026-06-28 22:59:59","46.00000","2","0.04","24.20000"
"all-available","Asia/Taipei","BTCUSDT","BTC-260629-60000-C","2026-06-29","60000","CALL","1h","2026-06-28 15:00:00","2026-06-28 23:00:00","535.000","535.000","445.000","445.000","0.30","2026-06-28 15:59:59","2026-06-28 23:59:59","151.50000","2","0.00","0.00000"
"all-available","Asia/Taipei","BTCUSDT","BTC-260629-60000-C","2026-06-29","60000","CALL","1h","2026-06-28 16:00:00","2026-06-29 00:00:00","450.000","450.000","340.000","365.000","11.67","2026-06-28 16:59:59","2026-06-29 00:59:59","4773.55000","78","0.62","259.80000"
"all-available","Asia/Taipei","BTCUSDT","BTC-260629-60000-C","2026-06-29","60000","CALL","1h","2026-06-28 17:00:00","2026-06-29 01:00:00","345.000","345.000","335.000","335.000","0.54","2026-06-28 17:59:59","2026-06-29 01:59:59","181.30000","2","0.54","181.30000"
"all-available","Asia/Taipei","BTCUSDT","BTC-260629-60000-C","2026-06-29","60000","CALL","1h","2026-06-28 18:00:00","2026-06-29 02:00:00","355.000","355.000","325.000","325.000","0.07","2026-06-28 18:59:59","2026-06-29 02:59:59","24.00000","4","0.03","10.00000"
"all-available","Asia/Taipei","BTCUSDT","BTC-260629-60000-C","2026-06-29","60000","CALL","1h","2026-06-28 19:00:00","2026-06-29 03:00:00","280.000","285.000","255.000","255.000","0.57","2026-06-28 19:59:59","2026-06-29 03:59:59","147.40000","3","0.07","19.90000"
"all-available","Asia/Taipei","BTCUSDT","BTC-260629-60000-C","2026-06-29","60000","CALL","1h","2026-06-28 20:00:00","2026-06-29 04:00:00","260.000","345.000","260.000","305.000","1.76","2026-06-28 20:59:59","2026-06-29 04:59:59","582.25000","7","1.57","520.80000"
"all-available","Asia/Taipei","BTCUSDT","BTC-260629-60000-C","2026-06-29","60000","CALL","1h","2026-06-28 21:00:00","2026-06-29 05:00:00","310.000","310.000","200.000","210.000","3.47","2026-06-28 21:59:59","2026-06-29 05:59:59","754.25000","6","0.20","57.00000"
"all-available","Asia/Taipei","BTCUSDT","BTC-260629-60000-C","2026-06-29","60000","CALL","1h","2026-06-28 22:00:00","2026-06-29 06:00:00","345.000","345.000","105.000","120.000","1.75","2026-06-28 22:59:59","2026-06-29 06:59:59","329.85000","16","0.58","123.10000"
"all-available","Asia/Taipei","BTCUSDT","BTC-260629-60000-C","2026-06-29","60000","CALL","1h","2026-06-28 23:00:00","2026-06-29 07:00:00","165.000","310.000","155.000","235.000","21.36","2026-06-28 23:59:59","2026-06-29 07:59:59","5377.10000","33","18.85","4820.60000"
"all-available","Asia/Taipei","BTCUSDT","BTC-260629-60000-C","2026-06-29","60000","CALL","1h","2026-06-29 00:00:00","2026-06-29 08:00:00","175.000","175.000","75.000","160.000","10.06","2026-06-29 00:59:59","2026-06-29 08:59:59","1122.15000","25","6.76","698.80000"
"all-available","Asia/Taipei","BTCUSDT","BTC-260629-60000-C","2026-06-29","60000","CALL","1h","2026-06-29 01:00:00","2026-06-29 09:00:00","230.000","230.000","100.000","155.000","0.91","2026-06-29 01:59:59","2026-06-29 09:59:59","117.45000","11","0.19","30.85000"
"all-available","Asia/Taipei","BTCUSDT","BTC-260629-60000-C","2026-06-29","60000","CALL","1h","2026-06-29 02:00:00","2026-06-29 10:00:00","90.000","205.000","45.000","190.000","37.51","2026-06-29 02:59:59","2026-06-29 10:59:59","4632.75000","70","27.50","3663.45000"
"all-available","Asia/Taipei","BTCUSDT","BTC-260629-60000-C","2026-06-29","60000","CALL","1h","2026-06-29 03:00:00","2026-06-29 11:00:00","230.000","390.000","230.000","255.000","21.57","2026-06-29 03:59:59","2026-06-29 11:59:59","6505.90000","41","5.77","1771.85000"
"all-available","Asia/Taipei","BTCUSDT","BTC-260629-60000-C","2026-06-29","60000","CALL","1h","2026-06-29 04:00:00","2026-06-29 12:00:00","180.000","180.000","130.000","150.000","1.41","2026-06-29 04:59:59","2026-06-29 12:59:59","210.70000","5","0.21","27.80000"
"all-available","Asia/Taipei","BTCUSDT","BTC-260629-60000-C","2026-06-29","60000","CALL","1h","2026-06-29 05:00:00","2026-06-29 13:00:00","100.000","190.000","30.000","180.000","22.74","2026-06-29 05:59:59","2026-06-29 13:59:59","1478.65000","63","12.72","794.55000"
"all-available","Asia/Taipei","BTCUSDT","BTC-260629-60000-C","2026-06-29","60000","CALL","1h","2026-06-29 06:00:00","2026-06-29 14:00:00","200.000","340.000","130.000","130.000","5.45","2026-06-29 06:59:59","2026-06-29 14:59:59","1432.75000","18","5.09","1362.25000"
"all-available","Asia/Taipei","BTCUSDT","BTC-260629-60000-C","2026-06-29","60000","CALL","1h","2026-06-29 07:00:00","2026-06-29 15:00:00","90.000","120.000","30.000","30.000","0.66","2026-06-29 07:59:59","2026-06-29 15:59:59","61.30000","9","0.46","46.10000"
"all-available","Asia/Taipei","BTCUSDT","BTC-260629-60000-P","2026-06-29","60000","PUT","1h","2026-06-26 08:00:00","2026-06-26 16:00:00","825.000","870.000","825.000","835.000","2.90","2026-06-26 08:59:59","2026-06-26 16:59:59","2440.30000","26","1.88","1569.60000"
"all-available","Asia/Taipei","BTCUSDT","BTC-260629-60000-P","2026-06-29","60000","PUT","1h","2026-06-26 09:00:00","2026-06-26 17:00:00","875.000","905.000","875.000","905.000","1.35","2026-06-26 09:59:59","2026-06-26 17:59:59","1191.75000","2","0.00","0.00000"
"all-available","Asia/Taipei","BTCUSDT","BTC-260629-60000-P","2026-06-29","60000","PUT","1h","2026-06-26 10:00:00","2026-06-26 18:00:00","1090.000","1090.000","1090.000","1090.000","1.00","2026-06-26 10:59:59","2026-06-26 18:59:59","1090.00000","1","0.00","0.00000"
"all-available","Asia/Taipei","BTCUSDT","BTC-260629-60000-P","2026-06-29","60000","PUT","1h","2026-06-26 11:00:00","2026-06-26 19:00:00","1090.000","1090.000","1090.000","1090.000","0.00","2026-06-26 11:59:59","2026-06-26 19:59:59","0.00000","0","0.00","0.00000"
"all-available","Asia/Taipei","BTCUSDT","BTC-260629-60000-P","2026-06-29","60000","PUT","1h","2026-06-26 12:00:00","2026-06-26 20:00:00","1090.000","1090.000","1090.000","1090.000","0.00","2026-06-26 12:59:59","2026-06-26 20:59:59","0.00000","0","0.00","0.00000"
"all-available","Asia/Taipei","BTCUSDT","BTC-260629-60000-P","2026-06-29","60000","PUT","1h","2026-06-26 13:00:00","2026-06-26 21:00:00","860.000","860.000","860.000","860.000","0.10","2026-06-26 13:59:59","2026-06-26 21:59:59","86.00000","1","0.10","86.00000"
"all-available","Asia/Taipei","BTCUSDT","BTC-260629-60000-P","2026-06-29","60000","PUT","1h","2026-06-26 14:00:00","2026-06-26 22:00:00","950.000","1045.000","855.000","1045.000","3.37","2026-06-26 14:59:59","2026-06-26 22:59:59","2987.20000","8","3.17","2793.00000"
"all-available","Asia/Taipei","BTCUSDT","BTC-260629-60000-P","2026-06-29","60000","PUT","1h","2026-06-26 15:00:00","2026-06-26 23:00:00","975.000","975.000","745.000","755.000","2.30","2026-06-26 15:59:59","2026-06-26 23:59:59","2178.30000","6","0.28","212.85000"
"all-available","Asia/Taipei","BTCUSDT","BTC-260629-60000-P","2026-06-29","60000","PUT","1h","2026-06-26 16:00:00","2026-06-27 00:00:00","705.000","765.000","705.000","750.000","7.45","2026-06-26 16:59:59","2026-06-27 00:59:59","5455.10000","6","7.44","5447.60000"
"all-available","Asia/Taipei","BTCUSDT","BTC-260629-60000-P","2026-06-29","60000","PUT","1h","2026-06-26 17:00:00","2026-06-27 01:00:00","735.000","735.000","705.000","705.000","0.05","2026-06-26 17:59:59","2026-06-27 01:59:59","36.15000","2","0.05","36.15000"
"all-available","Asia/Taipei","BTCUSDT","BTC-260629-60000-P","2026-06-29","60000","PUT","1h","2026-06-26 18:00:00","2026-06-27 02:00:00","815.000","815.000","815.000","815.000","0.39","2026-06-26 18:59:59","2026-06-27 02:59:59","317.85000","1","0.39","317.85000"
"all-available","Asia/Taipei","BTCUSDT","BTC-260629-60000-P","2026-06-29","60000","PUT","1h","2026-06-26 19:00:00","2026-06-27 03:00:00","815.000","815.000","815.000","815.000","0.00","2026-06-26 19:59:59","2026-06-27 03:59:59","0.00000","0","0.00","0.00000"
"all-available","Asia/Taipei","BTCUSDT","BTC-260629-60000-P","2026-06-29","60000","PUT","1h","2026-06-26 20:00:00","2026-06-27 04:00:00","840.000","850.000","840.000","850.000","0.12","2026-06-26 20:59:59","2026-06-27 04:59:59","101.70000","2","0.12","101.70000"
"all-available","Asia/Taipei","BTCUSDT","BTC-260629-60000-P","2026-06-29","60000","PUT","1h","2026-06-26 21:00:00","2026-06-27 05:00:00","850.000","850.000","850.000","850.000","0.00","2026-06-26 21:59:59","2026-06-27 05:59:59","0.00000","0","0.00","0.00000"
"all-available","Asia/Taipei","BTCUSDT","BTC-260629-60000-P","2026-06-29","60000","PUT","1h","2026-06-26 22:00:00","2026-06-27 06:00:00","850.000","850.000","850.000","850.000","0.00","2026-06-26 22:59:59","2026-06-27 06:59:59","0.00000","0","0.00","0.00000"
"all-available","Asia/Taipei","BTCUSDT","BTC-260629-60000-P","2026-06-29","60000","PUT","1h","2026-06-26 23:00:00","2026-06-27 07:00:00","590.000","590.000","590.000","590.000","0.15","2026-06-26 23:59:59","2026-06-27 07:59:59","88.50000","3","0.15","88.50000"
"all-available","Asia/Taipei","BTCUSDT","BTC-260629-60000-P","2026-06-29","60000","PUT","1h","2026-06-27 00:00:00","2026-06-27 08:00:00","565.000","565.000","565.000","565.000","1.70","2026-06-27 00:59:59","2026-06-27 08:59:59","960.50000","1","1.70","960.50000"
"all-available","Asia/Taipei","BTCUSDT","BTC-260629-60000-P","2026-06-29","60000","PUT","1h","2026-06-27 01:00:00","2026-06-27 09:00:00","565.000","565.000","565.000","565.000","0.00","2026-06-27 01:59:59","2026-06-27 09:59:59","0.00000","0","0.00","0.00000"
"all-available","Asia/Taipei","BTCUSDT","BTC-260629-60000-P","2026-06-29","60000","PUT","1h","2026-06-27 02:00:00","2026-06-27 10:00:00","595.000","595.000","420.000","420.000","1.00","2026-06-27 02:59:59","2026-06-27 10:59:59","556.10000","6","0.27","123.00000"
"all-available","Asia/Taipei","BTCUSDT","BTC-260629-60000-P","2026-06-29","60000","PUT","1h","2026-06-27 03:00:00","2026-06-27 11:00:00","475.000","475.000","425.000","425.000","0.13","2026-06-27 03:59:59","2026-06-27 11:59:59","60.75000","3","0.13","60.75000"
"all-available","Asia/Taipei","BTCUSDT","BTC-260629-60000-P","2026-06-29","60000","PUT","1h","2026-06-27 04:00:00","2026-06-27 12:00:00","390.000","390.000","385.000","385.000","0.03","2026-06-27 04:59:59","2026-06-27 12:59:59","11.65000","2","0.03","11.65000"
"all-available","Asia/Taipei","BTCUSDT","BTC-260629-60000-P","2026-06-29","60000","PUT","1h","2026-06-27 05:00:00","2026-06-27 13:00:00","435.000","435.000","435.000","435.000","0.04","2026-06-27 05:59:59","2026-06-27 13:59:59","17.40000","1","0.04","17.40000"
"all-available","Asia/Taipei","BTCUSDT","BTC-260629-60000-P","2026-06-29","60000","PUT","1h","2026-06-27 06:00:00","2026-06-27 14:00:00","415.000","415.000","415.000","415.000","8.00","2026-06-27 06:59:59","2026-06-27 14:59:59","3320.00000","2","0.00","0.00000"
"all-available","Asia/Taipei","BTCUSDT","BTC-260629-60000-P","2026-06-29","60000","PUT","1h","2026-06-27 07:00:00","2026-06-27 15:00:00","340.000","340.000","340.000","340.000","0.02","2026-06-27 07:59:59","2026-06-27 15:59:59","6.80000","1","0.02","6.80000"
"all-available","Asia/Taipei","BTCUSDT","BTC-260629-60000-P","2026-06-29","60000","PUT","1h","2026-06-27 08:00:00","2026-06-27 16:00:00","320.000","355.000","320.000","355.000","2.58","2026-06-27 08:59:59","2026-06-27 16:59:59","913.80000","8","2.58","913.80000"
"all-available","Asia/Taipei","BTCUSDT","BTC-260629-60000-P","2026-06-29","60000","PUT","1h","2026-06-27 09:00:00","2026-06-27 17:00:00","385.000","385.000","385.000","385.000","0.25","2026-06-27 09:59:59","2026-06-27 17:59:59","96.25000","1","0.25","96.25000"
"all-available","Asia/Taipei","BTCUSDT","BTC-260629-60000-P","2026-06-29","60000","PUT","1h","2026-06-27 10:00:00","2026-06-27 18:00:00","385.000","385.000","385.000","385.000","0.00","2026-06-27 10:59:59","2026-06-27 18:59:59","0.00000","0","0.00","0.00000"
"all-available","Asia/Taipei","BTCUSDT","BTC-260629-60000-P","2026-06-29","60000","PUT","1h","2026-06-27 11:00:00","2026-06-27 19:00:00","370.000","415.000","370.000","415.000","1.57","2026-06-27 11:59:59","2026-06-27 19:59:59","632.05000","5","0.87","341.55000"
"all-available","Asia/Taipei","BTCUSDT","BTC-260629-60000-P","2026-06-29","60000","PUT","1h","2026-06-27 12:00:00","2026-06-27 20:00:00","355.000","355.000","355.000","355.000","0.28","2026-06-27 12:59:59","2026-06-27 20:59:59","99.40000","1","0.00","0.00000"
"all-available","Asia/Taipei","BTCUSDT","BTC-260629-60000-P","2026-06-29","60000","PUT","1h","2026-06-27 13:00:00","2026-06-27 21:00:00","315.000","315.000","280.000","285.000","3.99","2026-06-27 13:59:59","2026-06-27 21:59:59","1149.50000","5","0.00","0.00000"
"all-available","Asia/Taipei","BTCUSDT","BTC-260629-60000-P","2026-06-29","60000","PUT","1h","2026-06-27 14:00:00","2026-06-27 22:00:00","295.000","295.000","250.000","250.000","2.22","2026-06-27 14:59:59","2026-06-27 22:59:59","616.20000","4","0.00","0.00000"
"all-available","Asia/Taipei","BTCUSDT","BTC-260629-60000-P","2026-06-29","60000","PUT","1h","2026-06-27 15:00:00","2026-06-27 23:00:00","235.000","235.000","235.000","235.000","0.05","2026-06-27 15:59:59","2026-06-27 23:59:59","11.75000","1","0.00","0.00000"
"all-available","Asia/Taipei","BTCUSDT","BTC-260629-60000-P","2026-06-29","60000","PUT","1h","2026-06-27 16:00:00","2026-06-28 00:00:00","235.000","255.000","235.000","255.000","0.53","2026-06-27 16:59:59","2026-06-28 00:59:59","134.85000","4","0.53","134.85000"
"all-available","Asia/Taipei","BTCUSDT","BTC-260629-60000-P","2026-06-29","60000","PUT","1h","2026-06-27 17:00:00","2026-06-28 01:00:00","240.000","325.000","240.000","325.000","2.25","2026-06-27 17:59:59","2026-06-28 01:59:59","609.65000","11","2.23","603.35000"
"all-available","Asia/Taipei","BTCUSDT","BTC-260629-60000-P","2026-06-29","60000","PUT","1h","2026-06-27 18:00:00","2026-06-28 02:00:00","325.000","325.000","325.000","325.000","0.00","2026-06-27 18:59:59","2026-06-28 02:59:59","0.00000","0","0.00","0.00000"
"all-available","Asia/Taipei","BTCUSDT","BTC-260629-60000-P","2026-06-29","60000","PUT","1h","2026-06-27 19:00:00","2026-06-28 03:00:00","320.000","470.000","320.000","470.000","4.99","2026-06-27 19:59:59","2026-06-28 03:59:59","2171.30000","12","4.49","1936.30000"
"all-available","Asia/Taipei","BTCUSDT","BTC-260629-60000-P","2026-06-29","60000","PUT","1h","2026-06-27 20:00:00","2026-06-28 04:00:00","470.000","470.000","470.000","470.000","0.00","2026-06-27 20:59:59","2026-06-28 04:59:59","0.00000","0","0.00","0.00000"
"all-available","Asia/Taipei","BTCUSDT","BTC-260629-60000-P","2026-06-29","60000","PUT","1h","2026-06-27 21:00:00","2026-06-28 05:00:00","360.000","390.000","360.000","390.000","0.97","2026-06-27 21:59:59","2026-06-28 05:59:59","363.75000","7","0.97","363.75000"
"all-available","Asia/Taipei","BTCUSDT","BTC-260629-60000-P","2026-06-29","60000","PUT","1h","2026-06-27 22:00:00","2026-06-28 06:00:00","465.000","515.000","400.000","400.000","0.49","2026-06-27 22:59:59","2026-06-28 06:59:59","232.70000","8","0.18","88.85000"
"all-available","Asia/Taipei","BTCUSDT","BTC-260629-60000-P","2026-06-29","60000","PUT","1h","2026-06-27 23:00:00","2026-06-28 07:00:00","425.000","505.000","425.000","505.000","0.56","2026-06-27 23:59:59","2026-06-28 07:59:59","255.70000","8","0.52","235.60000"
"all-available","Asia/Taipei","BTCUSDT","BTC-260629-60000-P","2026-06-29","60000","PUT","1h","2026-06-28 00:00:00","2026-06-28 08:00:00","440.000","440.000","440.000","440.000","1.01","2026-06-28 00:59:59","2026-06-28 08:59:59","444.40000","2","1.00","440.00000"
"all-available","Asia/Taipei","BTCUSDT","BTC-260629-60000-P","2026-06-29","60000","PUT","1h","2026-06-28 01:00:00","2026-06-28 09:00:00","485.000","485.000","485.000","485.000","2.20","2026-06-28 01:59:59","2026-06-28 09:59:59","1067.00000","4","0.18","87.30000"
"all-available","Asia/Taipei","BTCUSDT","BTC-260629-60000-P","2026-06-29","60000","PUT","1h","2026-06-28 02:00:00","2026-06-28 10:00:00","405.000","445.000","405.000","440.000","1.54","2026-06-28 02:59:59","2026-06-28 10:59:59","646.25000","5","1.54","646.25000"
"all-available","Asia/Taipei","BTCUSDT","BTC-260629-60000-P","2026-06-29","60000","PUT","1h","2026-06-28 03:00:00","2026-06-28 11:00:00","380.000","380.000","380.000","380.000","0.01","2026-06-28 03:59:59","2026-06-28 11:59:59","3.80000","1","0.01","3.80000"
"all-available","Asia/Taipei","BTCUSDT","BTC-260629-60000-P","2026-06-29","60000","PUT","1h","2026-06-28 04:00:00","2026-06-28 12:00:00","420.000","420.000","420.000","420.000","0.55","2026-06-28 04:59:59","2026-06-28 12:59:59","231.00000","2","0.55","231.00000"
"all-available","Asia/Taipei","BTCUSDT","BTC-260629-60000-P","2026-06-29","60000","PUT","1h","2026-06-28 05:00:00","2026-06-28 13:00:00","445.000","480.000","445.000","480.000","0.44","2026-06-28 05:59:59","2026-06-28 13:59:59","202.80000","3","0.44","202.80000"
"all-available","Asia/Taipei","BTCUSDT","BTC-260629-60000-P","2026-06-29","60000","PUT","1h","2026-06-28 06:00:00","2026-06-28 14:00:00","575.000","575.000","535.000","535.000","0.23","2026-06-28 06:59:59","2026-06-28 14:59:59","124.65000","4","0.03","17.10000"
"all-available","Asia/Taipei","BTCUSDT","BTC-260629-60000-P","2026-06-29","60000","PUT","1h","2026-06-28 07:00:00","2026-06-28 15:00:00","480.000","500.000","475.000","485.000","2.82","2026-06-28 07:59:59","2026-06-28 15:59:59","1371.50000","4","0.96","456.50000"
"all-available","Asia/Taipei","BTCUSDT","BTC-260629-60000-P","2026-06-29","60000","PUT","1h","2026-06-28 08:00:00","2026-06-28 16:00:00","450.000","470.000","335.000","365.000","10.08","2026-06-28 08:59:59","2026-06-28 16:59:59","4032.25000","16","2.47","1077.30000"
"all-available","Asia/Taipei","BTCUSDT","BTC-260629-60000-P","2026-06-29","60000","PUT","1h","2026-06-28 09:00:00","2026-06-28 17:00:00","400.000","415.000","370.000","415.000","10.36","2026-06-28 09:59:59","2026-06-28 17:59:59","3997.40000","8","5.35","2013.40000"
"all-available","Asia/Taipei","BTCUSDT","BTC-260629-60000-P","2026-06-29","60000","PUT","1h","2026-06-28 10:00:00","2026-06-28 18:00:00","450.000","520.000","430.000","465.000","28.33","2026-06-28 10:59:59","2026-06-28 18:59:59","13069.05000","22","27.61","12732.00000"
"all-available","Asia/Taipei","BTCUSDT","BTC-260629-60000-P","2026-06-29","60000","PUT","1h","2026-06-28 11:00:00","2026-06-28 19:00:00","475.000","475.000","390.000","390.000","27.27","2026-06-28 11:59:59","2026-06-28 19:59:59","12919.25000","5","0.00","0.00000"
"all-available","Asia/Taipei","BTCUSDT","BTC-260629-60000-P","2026-06-29","60000","PUT","1h","2026-06-28 12:00:00","2026-06-28 20:00:00","390.000","460.000","370.000","435.000","5.97","2026-06-28 12:59:59","2026-06-28 20:59:59","2455.15000","37","1.44","598.35000"
"all-available","Asia/Taipei","BTCUSDT","BTC-260629-60000-P","2026-06-29","60000","PUT","1h","2026-06-28 13:00:00","2026-06-28 21:00:00","430.000","525.000","430.000","505.000","12.56","2026-06-28 13:59:59","2026-06-28 21:59:59","6227.45000","14","2.04","972.70000"
"all-available","Asia/Taipei","BTCUSDT","BTC-260629-60000-P","2026-06-29","60000","PUT","1h","2026-06-28 14:00:00","2026-06-28 22:00:00","440.000","460.000","440.000","460.000","0.87","2026-06-28 14:59:59","2026-06-28 22:59:59","394.60000","3","0.00","0.00000"
"all-available","Asia/Taipei","BTCUSDT","BTC-260629-60000-P","2026-06-29","60000","PUT","1h","2026-06-28 15:00:00","2026-06-28 23:00:00","500.000","500.000","500.000","500.000","0.42","2026-06-28 15:59:59","2026-06-28 23:59:59","210.00000","2","0.42","210.00000"
"all-available","Asia/Taipei","BTCUSDT","BTC-260629-60000-P","2026-06-29","60000","PUT","1h","2026-06-28 16:00:00","2026-06-29 00:00:00","660.000","690.000","660.000","690.000","2.01","2026-06-28 16:59:59","2026-06-29 00:59:59","1336.30000","5","1.64","1083.60000"
"all-available","Asia/Taipei","BTCUSDT","BTC-260629-60000-P","2026-06-29","60000","PUT","1h","2026-06-28 17:00:00","2026-06-29 01:00:00","715.000","800.000","715.000","735.000","1.45","2026-06-28 17:59:59","2026-06-29 01:59:59","1137.55000","8","1.00","800.00000"
"all-available","Asia/Taipei","BTCUSDT","BTC-260629-60000-P","2026-06-29","60000","PUT","1h","2026-06-28 18:00:00","2026-06-29 02:00:00","735.000","735.000","735.000","735.000","0.00","2026-06-28 18:59:59","2026-06-29 02:59:59","0.00000","0","0.00","0.00000"
"all-available","Asia/Taipei","BTCUSDT","BTC-260629-60000-P","2026-06-29","60000","PUT","1h","2026-06-28 19:00:00","2026-06-29 03:00:00","735.000","770.000","735.000","740.000","0.33","2026-06-28 19:59:59","2026-06-29 03:59:59","245.65000","3","0.32","238.30000"
"all-available","Asia/Taipei","BTCUSDT","BTC-260629-60000-P","2026-06-29","60000","PUT","1h","2026-06-28 20:00:00","2026-06-29 04:00:00","710.000","710.000","655.000","655.000","0.08","2026-06-28 20:59:59","2026-06-29 04:59:59","53.50000","4","0.00","0.00000"
"all-available","Asia/Taipei","BTCUSDT","BTC-260629-60000-P","2026-06-29","60000","PUT","1h","2026-06-28 21:00:00","2026-06-29 05:00:00","655.000","655.000","655.000","655.000","0.00","2026-06-28 21:59:59","2026-06-29 05:59:59","0.00000","0","0.00","0.00000"
"all-available","Asia/Taipei","BTCUSDT","BTC-260629-60000-P","2026-06-29","60000","PUT","1h","2026-06-28 22:00:00","2026-06-29 06:00:00","530.000","1100.000","530.000","1100.000","10.67","2026-06-28 22:59:59","2026-06-29 06:59:59","9067.90000","15","9.59","8495.50000"
"all-available","Asia/Taipei","BTCUSDT","BTC-260629-60000-P","2026-06-29","60000","PUT","1h","2026-06-28 23:00:00","2026-06-29 07:00:00","550.000","550.000","550.000","550.000","0.39","2026-06-28 23:59:59","2026-06-29 07:59:59","214.50000","5","0.39","214.50000"
"all-available","Asia/Taipei","BTCUSDT","BTC-260629-60000-P","2026-06-29","60000","PUT","1h","2026-06-29 00:00:00","2026-06-29 08:00:00","550.000","550.000","550.000","550.000","0.00","2026-06-29 00:59:59","2026-06-29 08:59:59","0.00000","0","0.00","0.00000"
"all-available","Asia/Taipei","BTCUSDT","BTC-260629-60000-P","2026-06-29","60000","PUT","1h","2026-06-29 01:00:00","2026-06-29 09:00:00","605.000","605.000","605.000","605.000","2.29","2026-06-29 01:59:59","2026-06-29 09:59:59","1385.45000","14","2.29","1385.45000"
"all-available","Asia/Taipei","BTCUSDT","BTC-260629-60000-P","2026-06-29","60000","PUT","1h","2026-06-29 02:00:00","2026-06-29 10:00:00","900.000","900.000","420.000","420.000","7.07","2026-06-29 02:59:59","2026-06-29 10:59:59","3312.65000","10","1.37","689.15000"
"all-available","Asia/Taipei","BTCUSDT","BTC-260629-60000-P","2026-06-29","60000","PUT","1h","2026-06-29 03:00:00","2026-06-29 11:00:00","400.000","400.000","215.000","235.000","14.95","2026-06-29 03:59:59","2026-06-29 11:59:59","4051.75000","28","4.74","1230.10000"
"all-available","Asia/Taipei","BTCUSDT","BTC-260629-60000-P","2026-06-29","60000","PUT","1h","2026-06-29 04:00:00","2026-06-29 12:00:00","270.000","345.000","270.000","285.000","0.47","2026-06-29 04:59:59","2026-06-29 12:59:59","150.60000","6","0.44","141.60000"
"all-available","Asia/Taipei","BTCUSDT","BTC-260629-60000-P","2026-06-29","60000","PUT","1h","2026-06-29 05:00:00","2026-06-29 13:00:00","495.000","580.000","115.000","115.000","4.04","2026-06-29 05:59:59","2026-06-29 13:59:59","1525.35000","13","3.90","1472.55000"
"all-available","Asia/Taipei","BTCUSDT","BTC-260629-60000-P","2026-06-29","60000","PUT","1h","2026-06-29 06:00:00","2026-06-29 14:00:00","100.000","100.000","35.000","70.000","42.61","2026-06-29 06:59:59","2026-06-29 14:59:59","2875.40000","90","24.65","1810.35000"
"all-available","Asia/Taipei","BTCUSDT","BTC-260629-60000-P","2026-06-29","60000","PUT","1h","2026-06-29 07:00:00","2026-06-29 15:00:00","85.000","95.000","5.000","5.000","65.27","2026-06-29 07:59:59","2026-06-29 15:59:59","449.45000","31","63.46","372.60000"
"all-available","Asia/Taipei","BTCUSDT","BTC-260629-60500-C","2026-06-29","60500","CALL","1h","2026-06-26 08:00:00","2026-06-26 16:00:00","815.000","815.000","765.000","785.000","0.96","2026-06-26 08:59:59","2026-06-26 16:59:59","761.65000","20","0.05","39.25000"
"all-available","Asia/Taipei","BTCUSDT","BTC-260629-60500-C","2026-06-29","60500","CALL","1h","2026-06-26 09:00:00","2026-06-26 17:00:00","720.000","720.000","665.000","665.000","3.18","2026-06-26 09:59:59","2026-06-26 17:59:59","2151.10000","4","1.00","665.00000"
"all-available","Asia/Taipei","BTCUSDT","BTC-260629-60500-C","2026-06-29","60500","CALL","1h","2026-06-26 10:00:00","2026-06-26 18:00:00","465.000","465.000","465.000","465.000","0.09","2026-06-26 10:59:59","2026-06-26 18:59:59","41.85000","1","0.09","41.85000"
"all-available","Asia/Taipei","BTCUSDT","BTC-260629-60500-C","2026-06-29","60500","CALL","1h","2026-06-26 11:00:00","2026-06-26 19:00:00","530.000","530.000","530.000","530.000","0.01","2026-06-26 11:59:59","2026-06-26 19:59:59","5.30000","1","0.00","0.00000"
"all-available","Asia/Taipei","BTCUSDT","BTC-260629-60500-C","2026-06-29","60500","CALL","1h","2026-06-26 12:00:00","2026-06-26 20:00:00","535.000","535.000","465.000","465.000","1.05","2026-06-26 12:59:59","2026-06-26 20:59:59","558.25000","2","1.00","535.00000"
"all-available","Asia/Taipei","BTCUSDT","BTC-260629-60500-C","2026-06-29","60500","CALL","1h","2026-06-26 13:00:00","2026-06-26 21:00:00","390.000","575.000","380.000","575.000","1.67","2026-06-26 13:59:59","2026-06-26 21:59:59","638.50000","5","1.66","632.75000"
"all-available","Asia/Taipei","BTCUSDT","BTC-260629-60500-C","2026-06-29","60500","CALL","1h","2026-06-26 14:00:00","2026-06-26 22:00:00","690.000","690.000","615.000","615.000","4.00","2026-06-26 14:59:59","2026-06-26 22:59:59","2610.00000","6","0.00","0.00000"
"all-available","Asia/Taipei","BTCUSDT","BTC-260629-60500-C","2026-06-29","60500","CALL","1h","2026-06-26 15:00:00","2026-06-26 23:00:00","745.000","745.000","645.000","645.000","2.95","2026-06-26 15:59:59","2026-06-26 23:59:59","2181.75000","4","0.16","119.20000"
"all-available","Asia/Taipei","BTCUSDT","BTC-260629-60500-C","2026-06-29","60500","CALL","1h","2026-06-26 16:00:00","2026-06-27 00:00:00","645.000","645.000","645.000","645.000","0.03","2026-06-26 16:59:59","2026-06-27 00:59:59","19.35000","1","0.00","0.00000"
"all-available","Asia/Taipei","BTCUSDT","BTC-260629-60500-C","2026-06-29","60500","CALL","1h","2026-06-26 17:00:00","2026-06-27 01:00:00","605.000","605.000","605.000","605.000","0.10","2026-06-26 17:59:59","2026-06-27 01:59:59","60.50000","1","0.00","0.00000"
"all-available","Asia/Taipei","BTCUSDT","BTC-260629-60500-C","2026-06-29","60500","CALL","1h","2026-06-26 18:00:00","2026-06-27 02:00:00","605.000","605.000","605.000","605.000","0.00","2026-06-26 18:59:59","2026-06-27 02:59:59","0.00000","0","0.00","0.00000"
"all-available","Asia/Taipei","BTCUSDT","BTC-260629-60500-C","2026-06-29","60500","CALL","1h","2026-06-26 19:00:00","2026-06-27 03:00:00","360.000","360.000","360.000","360.000","0.26","2026-06-26 19:59:59","2026-06-27 03:59:59","93.60000","1","0.26","93.60000"
"all-available","Asia/Taipei","BTCUSDT","BTC-260629-60500-C","2026-06-29","60500","CALL","1h","2026-06-26 20:00:00","2026-06-27 04:00:00","390.000","405.000","390.000","405.000","2.38","2026-06-26 20:59:59","2026-06-27 04:59:59","943.20000","2","1.00","405.00000"
"all-available","Asia/Taipei","BTCUSDT","BTC-260629-60500-C","2026-06-29","60500","CALL","1h","2026-06-26 21:00:00","2026-06-27 05:00:00","380.000","380.000","380.000","380.000","0.03","2026-06-26 21:59:59","2026-06-27 05:59:59","11.40000","1","0.00","0.00000"
"all-available","Asia/Taipei","BTCUSDT","BTC-260629-60500-C","2026-06-29","60500","CALL","1h","2026-06-26 22:00:00","2026-06-27 06:00:00","370.000","370.000","370.000","370.000","0.01","2026-06-26 22:59:59","2026-06-27 06:59:59","3.70000","1","0.00","0.00000"
"all-available","Asia/Taipei","BTCUSDT","BTC-260629-60500-C","2026-06-29","60500","CALL","1h","2026-06-26 23:00:00","2026-06-27 07:00:00","410.000","425.000","410.000","425.000","2.17","2026-06-26 23:59:59","2026-06-27 07:59:59","917.45000","38","2.17","917.45000"
"all-available","Asia/Taipei","BTCUSDT","BTC-260629-60500-C","2026-06-29","60500","CALL","1h","2026-06-27 00:00:00","2026-06-27 08:00:00","425.000","425.000","425.000","425.000","0.26","2026-06-27 00:59:59","2026-06-27 08:59:59","110.50000","2","0.26","110.50000"
"all-available","Asia/Taipei","BTCUSDT","BTC-260629-60500-C","2026-06-29","60500","CALL","1h","2026-06-27 01:00:00","2026-06-27 09:00:00","425.000","425.000","425.000","425.000","0.00","2026-06-27 01:59:59","2026-06-27 09:59:59","0.00000","0","0.00","0.00000"
"all-available","Asia/Taipei","BTCUSDT","BTC-260629-60500-C","2026-06-29","60500","CALL","1h","2026-06-27 02:00:00","2026-06-27 10:00:00","445.000","460.000","445.000","445.000","6.74","2026-06-27 02:59:59","2026-06-27 10:59:59","3055.25000","4","6.74","3055.25000"
"all-available","Asia/Taipei","BTCUSDT","BTC-260629-60500-C","2026-06-29","60500","CALL","1h","2026-06-27 03:00:00","2026-06-27 11:00:00","405.000","460.000","405.000","460.000","2.14","2026-06-27 03:59:59","2026-06-27 11:59:59","977.70000","5","2.14","977.70000"
"all-available","Asia/Taipei","BTCUSDT","BTC-260629-60500-C","2026-06-29","60500","CALL","1h","2026-06-27 04:00:00","2026-06-27 12:00:00","500.000","505.000","475.000","475.000","2.01","2026-06-27 04:59:59","2026-06-27 12:59:59","981.35000","4","0.99","471.45000"
"all-available","Asia/Taipei","BTCUSDT","BTC-260629-60500-C","2026-06-29","60500","CALL","1h","2026-06-27 05:00:00","2026-06-27 13:00:00","475.000","475.000","475.000","475.000","0.00","2026-06-27 05:59:59","2026-06-27 13:59:59","0.00000","0","0.00","0.00000"
"all-available","Asia/Taipei","BTCUSDT","BTC-260629-60500-C","2026-06-29","60500","CALL","1h","2026-06-27 06:00:00","2026-06-27 14:00:00","385.000","500.000","385.000","500.000","2.02","2026-06-27 06:59:59","2026-06-27 14:59:59","897.65000","4","1.98","881.10000"
"all-available","Asia/Taipei","BTCUSDT","BTC-260629-60500-C","2026-06-29","60500","CALL","1h","2026-06-27 07:00:00","2026-06-27 15:00:00","435.000","540.000","435.000","540.000","3.01","2026-06-27 07:59:59","2026-06-27 15:59:59","1551.20000","9","1.35","713.85000"
"all-available","Asia/Taipei","BTCUSDT","BTC-260629-60500-C","2026-06-29","60500","CALL","1h","2026-06-27 08:00:00","2026-06-27 16:00:00","500.000","500.000","450.000","490.000","2.89","2026-06-27 08:59:59","2026-06-27 16:59:59","1372.60000","6","1.24","561.00000"
"all-available","Asia/Taipei","BTCUSDT","BTC-260629-60500-C","2026-06-29","60500","CALL","1h","2026-06-27 09:00:00","2026-06-27 17:00:00","405.000","405.000","405.000","405.000","0.86","2026-06-27 09:59:59","2026-06-27 17:59:59","348.30000","2","0.86","348.30000"
"all-available","Asia/Taipei","BTCUSDT","BTC-260629-60500-C","2026-06-29","60500","CALL","1h","2026-06-27 10:00:00","2026-06-27 18:00:00","405.000","405.000","405.000","405.000","0.00","2026-06-27 10:59:59","2026-06-27 18:59:59","0.00000","0","0.00","0.00000"
"all-available","Asia/Taipei","BTCUSDT","BTC-260629-60500-C","2026-06-29","60500","CALL","1h","2026-06-27 11:00:00","2026-06-27 19:00:00","405.000","405.000","405.000","405.000","0.00","2026-06-27 11:59:59","2026-06-27 19:59:59","0.00000","0","0.00","0.00000"
"all-available","Asia/Taipei","BTCUSDT","BTC-260629-60500-C","2026-06-29","60500","CALL","1h","2026-06-27 12:00:00","2026-06-27 20:00:00","405.000","405.000","405.000","405.000","0.00","2026-06-27 12:59:59","2026-06-27 20:59:59","0.00000","0","0.00","0.00000"
"all-available","Asia/Taipei","BTCUSDT","BTC-260629-60500-C","2026-06-29","60500","CALL","1h","2026-06-27 13:00:00","2026-06-27 21:00:00","405.000","405.000","405.000","405.000","0.00","2026-06-27 13:59:59","2026-06-27 21:59:59","0.00000","0","0.00","0.00000"
"all-available","Asia/Taipei","BTCUSDT","BTC-260629-60500-C","2026-06-29","60500","CALL","1h","2026-06-27 14:00:00","2026-06-27 22:00:00","510.000","510.000","510.000","510.000","1.02","2026-06-27 14:59:59","2026-06-27 22:59:59","520.20000","2","0.00","0.00000"
"all-available","Asia/Taipei","BTCUSDT","BTC-260629-60500-C","2026-06-29","60500","CALL","1h","2026-06-27 15:00:00","2026-06-27 23:00:00","680.000","680.000","665.000","665.000","2.25","2026-06-27 15:59:59","2026-06-27 23:59:59","1522.50000","4","0.00","0.00000"
"all-available","Asia/Taipei","BTCUSDT","BTC-260629-60500-C","2026-06-29","60500","CALL","1h","2026-06-27 16:00:00","2026-06-28 00:00:00","700.000","700.000","610.000","610.000","0.06","2026-06-27 16:59:59","2026-06-28 00:59:59","39.30000","4","0.00","0.00000"
"all-available","Asia/Taipei","BTCUSDT","BTC-260629-60500-C","2026-06-29","60500","CALL","1h","2026-06-27 17:00:00","2026-06-28 01:00:00","570.000","570.000","500.000","525.000","3.13","2026-06-27 17:59:59","2026-06-28 01:59:59","1778.60000","4","0.00","0.00000"
"all-available","Asia/Taipei","BTCUSDT","BTC-260629-60500-C","2026-06-29","60500","CALL","1h","2026-06-27 18:00:00","2026-06-28 02:00:00","525.000","525.000","525.000","525.000","0.00","2026-06-27 18:59:59","2026-06-28 02:59:59","0.00000","0","0.00","0.00000"
"all-available","Asia/Taipei","BTCUSDT","BTC-260629-60500-C","2026-06-29","60500","CALL","1h","2026-06-27 19:00:00","2026-06-28 03:00:00","470.000","470.000","380.000","380.000","2.82","2026-06-27 19:59:59","2026-06-28 03:59:59","1183.90000","7","1.13","517.45000"
"all-available","Asia/Taipei","BTCUSDT","BTC-260629-60500-C","2026-06-29","60500","CALL","1h","2026-06-27 20:00:00","2026-06-28 04:00:00","380.000","380.000","380.000","380.000","0.00","2026-06-27 20:59:59","2026-06-28 04:59:59","0.00000","0","0.00","0.00000"
"all-available","Asia/Taipei","BTCUSDT","BTC-260629-60500-C","2026-06-29","60500","CALL","1h","2026-06-27 21:00:00","2026-06-28 05:00:00","420.000","420.000","350.000","350.000","0.76","2026-06-27 21:59:59","2026-06-28 05:59:59","296.80000","2","0.76","296.80000"
"all-available","Asia/Taipei","BTCUSDT","BTC-260629-60500-C","2026-06-29","60500","CALL","1h","2026-06-27 22:00:00","2026-06-28 06:00:00","355.000","355.000","270.000","290.000","2.40","2026-06-27 22:59:59","2026-06-28 06:59:59","772.95000","6","0.51","141.00000"
"all-available","Asia/Taipei","BTCUSDT","BTC-260629-60500-C","2026-06-29","60500","CALL","1h","2026-06-27 23:00:00","2026-06-28 07:00:00","290.000","290.000","285.000","285.000","0.99","2026-06-27 23:59:59","2026-06-28 07:59:59","285.25000","2","0.99","285.25000"
"all-available","Asia/Taipei","BTCUSDT","BTC-260629-60500-C","2026-06-29","60500","CALL","1h","2026-06-28 00:00:00","2026-06-28 08:00:00","330.000","335.000","330.000","335.000","1.01","2026-06-28 00:59:59","2026-06-28 08:59:59","338.30000","2","1.01","338.30000"
"all-available","Asia/Taipei","BTCUSDT","BTC-260629-60500-C","2026-06-29","60500","CALL","1h","2026-06-28 01:00:00","2026-06-28 09:00:00","355.000","355.000","345.000","350.000","0.61","2026-06-28 01:59:59","2026-06-28 09:59:59","216.20000","4","0.02","6.90000"
"all-available","Asia/Taipei","BTCUSDT","BTC-260629-60500-C","2026-06-29","60500","CALL","1h","2026-06-28 02:00:00","2026-06-28 10:00:00","350.000","350.000","350.000","350.000","0.00","2026-06-28 02:59:59","2026-06-28 10:59:59","0.00000","0","0.00","0.00000"
"all-available","Asia/Taipei","BTCUSDT","BTC-260629-60500-C","2026-06-29","60500","CALL","1h","2026-06-28 03:00:00","2026-06-28 11:00:00","350.000","350.000","350.000","350.000","2.98","2026-06-28 03:59:59","2026-06-28 11:59:59","1043.00000","1","0.00","0.00000"
"all-available","Asia/Taipei","BTCUSDT","BTC-260629-60500-C","2026-06-29","60500","CALL","1h","2026-06-28 04:00:00","2026-06-28 12:00:00","350.000","350.000","350.000","350.000","0.00","2026-06-28 04:59:59","2026-06-28 12:59:59","0.00000","0","0.00","0.00000"
"all-available","Asia/Taipei","BTCUSDT","BTC-260629-60500-C","2026-06-29","60500","CALL","1h","2026-06-28 05:00:00","2026-06-28 13:00:00","285.000","285.000","255.000","255.000","0.07","2026-06-28 05:59:59","2026-06-28 13:59:59","19.65000","2","0.01","2.55000"
"all-available","Asia/Taipei","BTCUSDT","BTC-260629-60500-C","2026-06-29","60500","CALL","1h","2026-06-28 06:00:00","2026-06-28 14:00:00","275.000","300.000","250.000","300.000","42.50","2026-06-28 06:59:59","2026-06-28 14:59:59","12729.55000","10","42.41","12705.05000"
"all-available","Asia/Taipei","BTCUSDT","BTC-260629-60500-C","2026-06-29","60500","CALL","1h","2026-06-28 07:00:00","2026-06-28 15:00:00","365.000","405.000","340.000","400.000","0.38","2026-06-28 07:59:59","2026-06-28 15:59:59","152.60000","4","0.05","20.00000"
"all-available","Asia/Taipei","BTCUSDT","BTC-260629-60500-C","2026-06-29","60500","CALL","1h","2026-06-28 08:00:00","2026-06-28 16:00:00","390.000","535.000","380.000","465.000","30.25","2026-06-28 08:59:59","2026-06-28 16:59:59","14034.20000","17","0.44","211.40000"
"all-available","Asia/Taipei","BTCUSDT","BTC-260629-60500-C","2026-06-29","60500","CALL","1h","2026-06-28 09:00:00","2026-06-28 17:00:00","455.000","465.000","440.000","465.000","16.08","2026-06-28 09:59:59","2026-06-28 17:59:59","7176.80000","16","2.93","1361.65000"
"all-available","Asia/Taipei","BTCUSDT","BTC-260629-60500-C","2026-06-29","60500","CALL","1h","2026-06-28 10:00:00","2026-06-28 18:00:00","410.000","415.000","340.000","360.000","4.64","2026-06-28 10:59:59","2026-06-28 18:59:59","1877.60000","8","3.56","1438.10000"
"all-available","Asia/Taipei","BTCUSDT","BTC-260629-60500-C","2026-06-29","60500","CALL","1h","2026-06-28 11:00:00","2026-06-28 19:00:00","380.000","435.000","380.000","435.000","3.50","2026-06-28 11:59:59","2026-06-28 19:59:59","1425.50000","3","1.70","651.50000"
"all-available","Asia/Taipei","BTCUSDT","BTC-260629-60500-C","2026-06-29","60500","CALL","1h","2026-06-28 12:00:00","2026-06-28 20:00:00","435.000","480.000","385.000","435.000","31.86","2026-06-28 12:59:59","2026-06-28 20:59:59","13700.60000","49","29.16","12505.55000"
"all-available","Asia/Taipei","BTCUSDT","BTC-260629-60500-C","2026-06-29","60500","CALL","1h","2026-06-28 13:00:00","2026-06-28 21:00:00","400.000","400.000","325.000","350.000","8.98","2026-06-28 13:59:59","2026-06-28 21:59:59","3069.00000","25","0.44","161.00000"
"all-available","Asia/Taipei","BTCUSDT","BTC-260629-60500-C","2026-06-29","60500","CALL","1h","2026-06-28 14:00:00","2026-06-28 22:00:00","375.000","375.000","310.000","310.000","1.10","2026-06-28 14:59:59","2026-06-28 22:59:59","344.25000","3","1.05","328.75000"
"all-available","Asia/Taipei","BTCUSDT","BTC-260629-60500-C","2026-06-29","60500","CALL","1h","2026-06-28 15:00:00","2026-06-28 23:00:00","310.000","310.000","240.000","240.000","3.63","2026-06-28 15:59:59","2026-06-28 23:59:59","936.40000","14","3.61","930.40000"
"all-available","Asia/Taipei","BTCUSDT","BTC-260629-60500-C","2026-06-29","60500","CALL","1h","2026-06-28 16:00:00","2026-06-29 00:00:00","245.000","245.000","170.000","180.000","16.16","2026-06-28 16:59:59","2026-06-29 00:59:59","3277.80000","232","0.34","65.95000"
"all-available","Asia/Taipei","BTCUSDT","BTC-260629-60500-C","2026-06-29","60500","CALL","1h","2026-06-28 17:00:00","2026-06-29 01:00:00","225.000","225.000","150.000","155.000","2.03","2026-06-28 17:59:59","2026-06-29 01:59:59","345.30000","6","2.02","343.80000"
"all-available","Asia/Taipei","BTCUSDT","BTC-260629-60500-C","2026-06-29","60500","CALL","1h","2026-06-28 18:00:00","2026-06-29 02:00:00","175.000","180.000","175.000","180.000","0.04","2026-06-28 18:59:59","2026-06-29 02:59:59","7.05000","2","0.04","7.05000"
"all-available","Asia/Taipei","BTCUSDT","BTC-260629-60500-C","2026-06-29","60500","CALL","1h","2026-06-28 19:00:00","2026-06-29 03:00:00","145.000","145.000","115.000","120.000","5.05","2026-06-28 19:59:59","2026-06-29 03:59:59","610.40000","15","0.23","32.60000"
"all-available","Asia/Taipei","BTCUSDT","BTC-260629-60500-C","2026-06-29","60500","CALL","1h","2026-06-28 20:00:00","2026-06-29 04:00:00","145.000","160.000","145.000","160.000","0.73","2026-06-28 20:59:59","2026-06-29 04:59:59","106.15000","3","0.73","106.15000"
"all-available","Asia/Taipei","BTCUSDT","BTC-260629-60500-C","2026-06-29","60500","CALL","1h","2026-06-28 21:00:00","2026-06-29 05:00:00","140.000","140.000","85.000","90.000","2.04","2026-06-28 21:59:59","2026-06-29 05:59:59","192.65000","9","1.75","157.45000"
"all-available","Asia/Taipei","BTCUSDT","BTC-260629-60500-C","2026-06-29","60500","CALL","1h","2026-06-28 22:00:00","2026-06-29 06:00:00","110.000","155.000","40.000","55.000","18.76","2026-06-28 22:59:59","2026-06-29 06:59:59","1722.20000","69","13.07","1429.85000"
"all-available","Asia/Taipei","BTCUSDT","BTC-260629-60500-C","2026-06-29","60500","CALL","1h","2026-06-28 23:00:00","2026-06-29 07:00:00","65.000","130.000","65.000","100.000","21.25","2026-06-28 23:59:59","2026-06-29 07:59:59","2040.10000","36","19.00","1863.10000"
"all-available","Asia/Taipei","BTCUSDT","BTC-260629-60500-C","2026-06-29","60500","CALL","1h","2026-06-29 00:00:00","2026-06-29 08:00:00","75.000","80.000","25.000","75.000","17.01","2026-06-29 00:59:59","2026-06-29 08:59:59","605.05000","39","14.27","458.05000"
"all-available","Asia/Taipei","BTCUSDT","BTC-260629-60500-C","2026-06-29","60500","CALL","1h","2026-06-29 01:00:00","2026-06-29 09:00:00","65.000","70.000","30.000","50.000","2.19","2026-06-29 01:59:59","2026-06-29 09:59:59","99.20000","9","1.94","91.70000"
"all-available","Asia/Taipei","BTCUSDT","BTC-260629-60500-C","2026-06-29","60500","CALL","1h","2026-06-29 02:00:00","2026-06-29 10:00:00","20.000","75.000","15.000","65.000","98.48","2026-06-29 02:59:59","2026-06-29 10:59:59","5161.05000","55","95.16","5094.65000"
"all-available","Asia/Taipei","BTCUSDT","BTC-260629-60500-C","2026-06-29","60500","CALL","1h","2026-06-29 03:00:00","2026-06-29 11:00:00","70.000","135.000","60.000","70.000","141.69","2026-06-29 03:59:59","2026-06-29 11:59:59","14402.55000","84","121.89","12450.35000"
"all-available","Asia/Taipei","BTCUSDT","BTC-260629-60500-C","2026-06-29","60500","CALL","1h","2026-06-29 04:00:00","2026-06-29 12:00:00","50.000","50.000","25.000","25.000","19.11","2026-06-29 04:59:59","2026-06-29 12:59:59","661.55000","31","18.33","636.50000"
"all-available","Asia/Taipei","BTCUSDT","BTC-260629-60500-C","2026-06-29","60500","CALL","1h","2026-06-29 05:00:00","2026-06-29 13:00:00","20.000","20.000","10.000","20.000","22.25","2026-06-29 05:59:59","2026-06-29 13:59:59","272.30000","47","8.27","128.05000"
"all-available","Asia/Taipei","BTCUSDT","BTC-260629-60500-C","2026-06-29","60500","CALL","1h","2026-06-29 06:00:00","2026-06-29 14:00:00","25.000","55.000","10.000","10.000","29.72","2026-06-29 06:59:59","2026-06-29 14:59:59","601.05000","75","13.02","348.65000"
"all-available","Asia/Taipei","BTCUSDT","BTC-260629-60500-C","2026-06-29","60500","CALL","1h","2026-06-29 07:00:00","2026-06-29 15:00:00","5.000","5.000","5.000","5.000","404.09","2026-06-29 07:59:59","2026-06-29 15:59:59","2020.45000","20","152.98","764.90000"
"all-available","Asia/Taipei","BTCUSDT","BTC-260629-60500-P","2026-06-29","60500","PUT","1h","2026-06-26 10:00:00","2026-06-26 18:00:00","1340.000","1360.000","1340.000","1360.000","1.48","2026-06-26 10:59:59","2026-06-26 18:59:59","2003.20000","2","0.00","0.00000"
"all-available","Asia/Taipei","BTCUSDT","BTC-260629-60500-P","2026-06-29","60500","PUT","1h","2026-06-26 11:00:00","2026-06-26 19:00:00","1360.000","1360.000","1360.000","1360.000","0.00","2026-06-26 11:59:59","2026-06-26 19:59:59","0.00000","0","0.00","0.00000"
"all-available","Asia/Taipei","BTCUSDT","BTC-260629-60500-P","2026-06-29","60500","PUT","1h","2026-06-26 12:00:00","2026-06-26 20:00:00","1360.000","1360.000","1360.000","1360.000","0.00","2026-06-26 12:59:59","2026-06-26 20:59:59","0.00000","0","0.00","0.00000"
"all-available","Asia/Taipei","BTCUSDT","BTC-260629-60500-P","2026-06-29","60500","PUT","1h","2026-06-26 13:00:00","2026-06-26 21:00:00","1360.000","1360.000","1360.000","1360.000","0.00","2026-06-26 13:59:59","2026-06-26 21:59:59","0.00000","0","0.00","0.00000"
"all-available","Asia/Taipei","BTCUSDT","BTC-260629-60500-P","2026-06-29","60500","PUT","1h","2026-06-26 14:00:00","2026-06-26 22:00:00","1205.000","1205.000","1205.000","1205.000","0.62","2026-06-26 14:59:59","2026-06-26 22:59:59","747.10000","1","0.00","0.00000"
"all-available","Asia/Taipei","BTCUSDT","BTC-260629-60500-P","2026-06-29","60500","PUT","1h","2026-06-26 15:00:00","2026-06-26 23:00:00","815.000","815.000","815.000","815.000","1.72","2026-06-26 15:59:59","2026-06-26 23:59:59","1401.80000","2","1.72","1401.80000"
"all-available","Asia/Taipei","BTCUSDT","BTC-260629-60500-P","2026-06-29","60500","PUT","1h","2026-06-26 16:00:00","2026-06-27 00:00:00","815.000","815.000","815.000","815.000","0.00","2026-06-26 16:59:59","2026-06-27 00:59:59","0.00000","0","0.00","0.00000"
"all-available","Asia/Taipei","BTCUSDT","BTC-260629-60500-P","2026-06-29","60500","PUT","1h","2026-06-26 17:00:00","2026-06-27 01:00:00","815.000","815.000","815.000","815.000","0.00","2026-06-26 17:59:59","2026-06-27 01:59:59","0.00000","0","0.00","0.00000"
"all-available","Asia/Taipei","BTCUSDT","BTC-260629-60500-P","2026-06-29","60500","PUT","1h","2026-06-26 18:00:00","2026-06-27 02:00:00","970.000","970.000","970.000","970.000","1.60","2026-06-26 18:59:59","2026-06-27 02:59:59","1552.00000","1","1.60","1552.00000"
"all-available","Asia/Taipei","BTCUSDT","BTC-260629-60500-P","2026-06-29","60500","PUT","1h","2026-06-26 19:00:00","2026-06-27 03:00:00","960.000","960.000","960.000","960.000","0.25","2026-06-26 19:59:59","2026-06-27 03:59:59","240.00000","1","0.25","240.00000"
"all-available","Asia/Taipei","BTCUSDT","BTC-260629-60500-P","2026-06-29","60500","PUT","1h","2026-06-26 20:00:00","2026-06-27 04:00:00","1150.000","1150.000","1150.000","1150.000","1.67","2026-06-26 20:59:59","2026-06-27 04:59:59","1920.50000","1","1.67","1920.50000"
"all-available","Asia/Taipei","BTCUSDT","BTC-260629-60500-P","2026-06-29","60500","PUT","1h","2026-06-26 21:00:00","2026-06-27 05:00:00","1150.000","1150.000","1150.000","1150.000","0.00","2026-06-26 21:59:59","2026-06-27 05:59:59","0.00000","0","0.00","0.00000"
"all-available","Asia/Taipei","BTCUSDT","BTC-260629-60500-P","2026-06-29","60500","PUT","1h","2026-06-26 22:00:00","2026-06-27 06:00:00","1150.000","1150.000","1150.000","1150.000","0.00","2026-06-26 22:59:59","2026-06-27 06:59:59","0.00000","0","0.00","0.00000"
"all-available","Asia/Taipei","BTCUSDT","BTC-260629-60500-P","2026-06-29","60500","PUT","1h","2026-06-26 23:00:00","2026-06-27 07:00:00","865.000","885.000","860.000","885.000","2.24","2026-06-26 23:59:59","2026-06-27 07:59:59","1947.05000","3","1.61","1389.50000"
"all-available","Asia/Taipei","BTCUSDT","BTC-260629-60500-P","2026-06-29","60500","PUT","1h","2026-06-27 00:00:00","2026-06-27 08:00:00","885.000","885.000","885.000","885.000","0.00","2026-06-27 00:59:59","2026-06-27 08:59:59","0.00000","0","0.00","0.00000"
"all-available","Asia/Taipei","BTCUSDT","BTC-260629-60500-P","2026-06-29","60500","PUT","1h","2026-06-27 01:00:00","2026-06-27 09:00:00","885.000","885.000","885.000","885.000","0.00","2026-06-27 01:59:59","2026-06-27 09:59:59","0.00000","0","0.00","0.00000"
"all-available","Asia/Taipei","BTCUSDT","BTC-260629-60500-P","2026-06-29","60500","PUT","1h","2026-06-27 02:00:00","2026-06-27 10:00:00","885.000","885.000","885.000","885.000","0.00","2026-06-27 02:59:59","2026-06-27 10:59:59","0.00000","0","0.00","0.00000"
"all-available","Asia/Taipei","BTCUSDT","BTC-260629-60500-P","2026-06-29","60500","PUT","1h","2026-06-27 03:00:00","2026-06-27 11:00:00","885.000","885.000","885.000","885.000","0.00","2026-06-27 03:59:59","2026-06-27 11:59:59","0.00000","0","0.00","0.00000"
"all-available","Asia/Taipei","BTCUSDT","BTC-260629-60500-P","2026-06-29","60500","PUT","1h","2026-06-27 04:00:00","2026-06-27 12:00:00","885.000","885.000","885.000","885.000","0.00","2026-06-27 04:59:59","2026-06-27 12:59:59","0.00000","0","0.00","0.00000"
"all-available","Asia/Taipei","BTCUSDT","BTC-260629-60500-P","2026-06-29","60500","PUT","1h","2026-06-27 05:00:00","2026-06-27 13:00:00","680.000","680.000","670.000","670.000","0.87","2026-06-27 05:59:59","2026-06-27 13:59:59","586.10000","2","0.87","586.10000"
"all-available","Asia/Taipei","BTCUSDT","BTC-260629-60500-P","2026-06-29","60500","PUT","1h","2026-06-27 06:00:00","2026-06-27 14:00:00","555.000","555.000","555.000","555.000","0.10","2026-06-27 06:59:59","2026-06-27 14:59:59","55.50000","1","0.10","55.50000"
"all-available","Asia/Taipei","BTCUSDT","BTC-260629-60500-P","2026-06-29","60500","PUT","1h","2026-06-27 07:00:00","2026-06-27 15:00:00","555.000","555.000","555.000","555.000","0.00","2026-06-27 07:59:59","2026-06-27 15:59:59","0.00000","0","0.00","0.00000"
"all-available","Asia/Taipei","BTCUSDT","BTC-260629-60500-P","2026-06-29","60500","PUT","1h","2026-06-27 08:00:00","2026-06-27 16:00:00","525.000","525.000","525.000","525.000","0.61","2026-06-27 08:59:59","2026-06-27 16:59:59","320.25000","1","0.00","0.00000"
"all-available","Asia/Taipei","BTCUSDT","BTC-260629-60500-P","2026-06-29","60500","PUT","1h","2026-06-27 09:00:00","2026-06-27 17:00:00","605.000","605.000","560.000","560.000","0.83","2026-06-27 09:59:59","2026-06-27 17:59:59","481.00000","2","0.00","0.00000"
"all-available","Asia/Taipei","BTCUSDT","BTC-260629-60500-P","2026-06-29","60500","PUT","1h","2026-06-27 10:00:00","2026-06-27 18:00:00","530.000","530.000","530.000","530.000","0.22","2026-06-27 10:59:59","2026-06-27 18:59:59","116.60000","1","0.00","0.00000"
"all-available","Asia/Taipei","BTCUSDT","BTC-260629-60500-P","2026-06-29","60500","PUT","1h","2026-06-27 11:00:00","2026-06-27 19:00:00","550.000","635.000","545.000","585.000","0.43","2026-06-27 11:59:59","2026-06-27 19:59:59","245.85000","7","0.16","93.10000"
"all-available","Asia/Taipei","BTCUSDT","BTC-260629-60500-P","2026-06-29","60500","PUT","1h","2026-06-27 12:00:00","2026-06-27 20:00:00","575.000","575.000","575.000","575.000","0.06","2026-06-27 12:59:59","2026-06-27 20:59:59","34.50000","1","0.06","34.50000"
"all-available","Asia/Taipei","BTCUSDT","BTC-260629-60500-P","2026-06-29","60500","PUT","1h","2026-06-27 13:00:00","2026-06-27 21:00:00","515.000","515.000","470.000","470.000","0.23","2026-06-27 13:59:59","2026-06-27 21:59:59","118.00000","2","0.01","4.70000"
"all-available","Asia/Taipei","BTCUSDT","BTC-260629-60500-P","2026-06-29","60500","PUT","1h","2026-06-27 14:00:00","2026-06-27 22:00:00","480.000","480.000","415.000","415.000","0.60","2026-06-27 14:59:59","2026-06-27 22:59:59","250.05000","4","0.02","8.70000"
"all-available","Asia/Taipei","BTCUSDT","BTC-260629-60500-P","2026-06-29","60500","PUT","1h","2026-06-27 15:00:00","2026-06-27 23:00:00","340.000","395.000","340.000","395.000","3.03","2026-06-27 15:59:59","2026-06-27 23:59:59","1031.15000","3","3.01","1023.95000"
"all-available","Asia/Taipei","BTCUSDT","BTC-260629-60500-P","2026-06-29","60500","PUT","1h","2026-06-27 16:00:00","2026-06-28 00:00:00","395.000","420.000","375.000","375.000","12.82","2026-06-27 16:59:59","2026-06-28 00:59:59","4950.40000","14","12.65","4879.25000"
"all-available","Asia/Taipei","BTCUSDT","BTC-260629-60500-P","2026-06-29","60500","PUT","1h","2026-06-27 17:00:00","2026-06-28 01:00:00","470.000","530.000","460.000","480.000","8.38","2026-06-27 17:59:59","2026-06-28 01:59:59","4188.15000","12","6.23","3119.15000"
"all-available","Asia/Taipei","BTCUSDT","BTC-260629-60500-P","2026-06-29","60500","PUT","1h","2026-06-27 18:00:00","2026-06-28 02:00:00","480.000","480.000","480.000","480.000","0.00","2026-06-27 18:59:59","2026-06-28 02:59:59","0.00000","0","0.00","0.00000"
"all-available","Asia/Taipei","BTCUSDT","BTC-260629-60500-P","2026-06-29","60500","PUT","1h","2026-06-27 19:00:00","2026-06-28 03:00:00","530.000","705.000","520.000","705.000","12.79","2026-06-27 19:59:59","2026-06-28 03:59:59","6747.95000","4","0.16","83.20000"
"all-available","Asia/Taipei","BTCUSDT","BTC-260629-60500-P","2026-06-29","60500","PUT","1h","2026-06-27 20:00:00","2026-06-28 04:00:00","705.000","705.000","705.000","705.000","0.00","2026-06-27 20:59:59","2026-06-28 04:59:59","0.00000","0","0.00","0.00000"
"all-available","Asia/Taipei","BTCUSDT","BTC-260629-60500-P","2026-06-29","60500","PUT","1h","2026-06-27 21:00:00","2026-06-28 05:00:00","600.000","600.000","600.000","600.000","0.57","2026-06-27 21:59:59","2026-06-28 05:59:59","342.00000","2","0.57","342.00000"
"all-available","Asia/Taipei","BTCUSDT","BTC-260629-60500-P","2026-06-29","60500","PUT","1h","2026-06-27 22:00:00","2026-06-28 06:00:00","665.000","670.000","665.000","670.000","1.55","2026-06-27 22:59:59","2026-06-28 06:59:59","1036.70000","2","1.55","1036.70000"
"all-available","Asia/Taipei","BTCUSDT","BTC-260629-60500-P","2026-06-29","60500","PUT","1h","2026-06-27 23:00:00","2026-06-28 07:00:00","670.000","670.000","670.000","670.000","0.00","2026-06-27 23:59:59","2026-06-28 07:59:59","0.00000","0","0.00","0.00000"
"all-available","Asia/Taipei","BTCUSDT","BTC-260629-60500-P","2026-06-29","60500","PUT","1h","2026-06-28 00:00:00","2026-06-28 08:00:00","670.000","670.000","670.000","670.000","0.00","2026-06-28 00:59:59","2026-06-28 08:59:59","0.00000","0","0.00","0.00000"
"all-available","Asia/Taipei","BTCUSDT","BTC-260629-60500-P","2026-06-29","60500","PUT","1h","2026-06-28 01:00:00","2026-06-28 09:00:00","670.000","670.000","670.000","670.000","0.00","2026-06-28 01:59:59","2026-06-28 09:59:59","0.00000","0","0.00","0.00000"
"all-available","Asia/Taipei","BTCUSDT","BTC-260629-60500-P","2026-06-29","60500","PUT","1h","2026-06-28 02:00:00","2026-06-28 10:00:00","670.000","670.000","670.000","670.000","0.00","2026-06-28 02:59:59","2026-06-28 10:59:59","0.00000","0","0.00","0.00000"
"all-available","Asia/Taipei","BTCUSDT","BTC-260629-60500-P","2026-06-29","60500","PUT","1h","2026-06-28 03:00:00","2026-06-28 11:00:00","670.000","670.000","670.000","670.000","0.00","2026-06-28 03:59:59","2026-06-28 11:59:59","0.00000","0","0.00","0.00000"
"all-available","Asia/Taipei","BTCUSDT","BTC-260629-60500-P","2026-06-29","60500","PUT","1h","2026-06-28 04:00:00","2026-06-28 12:00:00","670.000","670.000","670.000","670.000","0.00","2026-06-28 04:59:59","2026-06-28 12:59:59","0.00000","0","0.00","0.00000"
"all-available","Asia/Taipei","BTCUSDT","BTC-260629-60500-P","2026-06-29","60500","PUT","1h","2026-06-28 05:00:00","2026-06-28 13:00:00","670.000","670.000","670.000","670.000","0.00","2026-06-28 05:59:59","2026-06-28 13:59:59","0.00000","0","0.00","0.00000"
"all-available","Asia/Taipei","BTCUSDT","BTC-260629-60500-P","2026-06-29","60500","PUT","1h","2026-06-28 06:00:00","2026-06-28 14:00:00","670.000","670.000","670.000","670.000","0.00","2026-06-28 06:59:59","2026-06-28 14:59:59","0.00000","0","0.00","0.00000"
"all-available","Asia/Taipei","BTCUSDT","BTC-260629-60500-P","2026-06-29","60500","PUT","1h","2026-06-28 07:00:00","2026-06-28 15:00:00","675.000","675.000","675.000","675.000","1.00","2026-06-28 07:59:59","2026-06-28 15:59:59","675.00000","1","0.00","0.00000"
"all-available","Asia/Taipei","BTCUSDT","BTC-260629-60500-P","2026-06-29","60500","PUT","1h","2026-06-28 08:00:00","2026-06-28 16:00:00","685.000","685.000","525.000","575.000","5.10","2026-06-28 08:59:59","2026-06-28 16:59:59","2793.15000","7","2.25","1192.75000"
"all-available","Asia/Taipei","BTCUSDT","BTC-260629-60500-P","2026-06-29","60500","PUT","1h","2026-06-28 09:00:00","2026-06-28 17:00:00","625.000","630.000","610.000","610.000","30.16","2026-06-28 09:59:59","2026-06-28 17:59:59","18601.25000","13","25.16","15451.25000"
"all-available","Asia/Taipei","BTCUSDT","BTC-260629-60500-P","2026-06-29","60500","PUT","1h","2026-06-28 10:00:00","2026-06-28 18:00:00","675.000","720.000","650.000","720.000","33.22","2026-06-28 10:59:59","2026-06-28 18:59:59","22179.85000","21","3.06","2052.20000"
"all-available","Asia/Taipei","BTCUSDT","BTC-260629-60500-P","2026-06-29","60500","PUT","1h","2026-06-28 11:00:00","2026-06-28 19:00:00","720.000","720.000","720.000","720.000","0.00","2026-06-28 11:59:59","2026-06-28 19:59:59","0.00000","0","0.00","0.00000"
"all-available","Asia/Taipei","BTCUSDT","BTC-260629-60500-P","2026-06-29","60500","PUT","1h","2026-06-28 12:00:00","2026-06-28 20:00:00","675.000","675.000","610.000","610.000","3.41","2026-06-28 12:59:59","2026-06-28 20:59:59","2106.75000","3","3.41","2106.75000"
"all-available","Asia/Taipei","BTCUSDT","BTC-260629-60500-P","2026-06-29","60500","PUT","1h","2026-06-28 13:00:00","2026-06-28 21:00:00","720.000","745.000","720.000","745.000","7.55","2026-06-28 13:59:59","2026-06-28 21:59:59","5489.75000","7","1.05","782.25000"
"all-available","Asia/Taipei","BTCUSDT","BTC-260629-60500-P","2026-06-29","60500","PUT","1h","2026-06-28 14:00:00","2026-06-28 22:00:00","745.000","745.000","745.000","745.000","0.00","2026-06-28 14:59:59","2026-06-28 22:59:59","0.00000","0","0.00","0.00000"
"all-available","Asia/Taipei","BTCUSDT","BTC-260629-60500-P","2026-06-29","60500","PUT","1h","2026-06-28 15:00:00","2026-06-28 23:00:00","830.000","830.000","830.000","830.000","0.02","2026-06-28 15:59:59","2026-06-28 23:59:59","16.60000","1","0.00","0.00000"
"all-available","Asia/Taipei","BTCUSDT","BTC-260629-60500-P","2026-06-29","60500","PUT","1h","2026-06-28 16:00:00","2026-06-29 00:00:00","830.000","830.000","830.000","830.000","0.00","2026-06-28 16:59:59","2026-06-29 00:59:59","0.00000","0","0.00","0.00000"
"all-available","Asia/Taipei","BTCUSDT","BTC-260629-60500-P","2026-06-29","60500","PUT","1h","2026-06-28 17:00:00","2026-06-29 01:00:00","830.000","830.000","830.000","830.000","0.00","2026-06-28 17:59:59","2026-06-29 01:59:59","0.00000","0","0.00","0.00000"
"all-available","Asia/Taipei","BTCUSDT","BTC-260629-60500-P","2026-06-29","60500","PUT","1h","2026-06-28 18:00:00","2026-06-29 02:00:00","1030.000","1030.000","1030.000","1030.000","0.05","2026-06-28 18:59:59","2026-06-29 02:59:59","51.50000","1","0.05","51.50000"
"all-available","Asia/Taipei","BTCUSDT","BTC-260629-60500-P","2026-06-29","60500","PUT","1h","2026-06-28 19:00:00","2026-06-29 03:00:00","1030.000","1030.000","1030.000","1030.000","0.00","2026-06-28 19:59:59","2026-06-29 03:59:59","0.00000","0","0.00","0.00000"
"all-available","Asia/Taipei","BTCUSDT","BTC-260629-60500-P","2026-06-29","60500","PUT","1h","2026-06-28 20:00:00","2026-06-29 04:00:00","1030.000","1030.000","1030.000","1030.000","0.00","2026-06-28 20:59:59","2026-06-29 04:59:59","0.00000","0","0.00","0.00000"
"all-available","Asia/Taipei","BTCUSDT","BTC-260629-60500-P","2026-06-29","60500","PUT","1h","2026-06-28 21:00:00","2026-06-29 05:00:00","1030.000","1030.000","1030.000","1030.000","0.00","2026-06-28 21:59:59","2026-06-29 05:59:59","0.00000","0","0.00","0.00000"
"all-available","Asia/Taipei","BTCUSDT","BTC-260629-60500-P","2026-06-29","60500","PUT","1h","2026-06-28 22:00:00","2026-06-29 06:00:00","1380.000","1380.000","1380.000","1380.000","0.05","2026-06-28 22:59:59","2026-06-29 06:59:59","69.00000","1","0.00","0.00000"
"all-available","Asia/Taipei","BTCUSDT","BTC-260629-60500-P","2026-06-29","60500","PUT","1h","2026-06-28 23:00:00","2026-06-29 07:00:00","1320.000","1320.000","1320.000","1320.000","0.18","2026-06-28 23:59:59","2026-06-29 07:59:59","237.60000","2","0.00","0.00000"
"all-available","Asia/Taipei","BTCUSDT","BTC-260629-60500-P","2026-06-29","60500","PUT","1h","2026-06-29 00:00:00","2026-06-29 08:00:00","1320.000","1320.000","1320.000","1320.000","0.00","2026-06-29 00:59:59","2026-06-29 08:59:59","0.00000","0","0.00","0.00000"
"all-available","Asia/Taipei","BTCUSDT","BTC-260629-60500-P","2026-06-29","60500","PUT","1h","2026-06-29 01:00:00","2026-06-29 09:00:00","1320.000","1320.000","1320.000","1320.000","0.00","2026-06-29 01:59:59","2026-06-29 09:59:59","0.00000","0","0.00","0.00000"
"all-available","Asia/Taipei","BTCUSDT","BTC-260629-60500-P","2026-06-29","60500","PUT","1h","2026-06-29 02:00:00","2026-06-29 10:00:00","1320.000","1320.000","1320.000","1320.000","0.00","2026-06-29 02:59:59","2026-06-29 10:59:59","0.00000","0","0.00","0.00000"
"all-available","Asia/Taipei","BTCUSDT","BTC-260629-60500-P","2026-06-29","60500","PUT","1h","2026-06-29 03:00:00","2026-06-29 11:00:00","500.000","620.000","500.000","620.000","0.51","2026-06-29 03:59:59","2026-06-29 11:59:59","315.00000","2","0.00","0.00000"
"all-available","Asia/Taipei","BTCUSDT","BTC-260629-60500-P","2026-06-29","60500","PUT","1h","2026-06-29 04:00:00","2026-06-29 12:00:00","620.000","620.000","620.000","620.000","0.00","2026-06-29 04:59:59","2026-06-29 12:59:59","0.00000","0","0.00","0.00000"
"all-available","Asia/Taipei","BTCUSDT","BTC-260629-60500-P","2026-06-29","60500","PUT","1h","2026-06-29 05:00:00","2026-06-29 13:00:00","505.000","505.000","505.000","505.000","0.01","2026-06-29 05:59:59","2026-06-29 13:59:59","5.05000","1","0.00","0.00000"
"all-available","Asia/Taipei","BTCUSDT","BTC-260629-60500-P","2026-06-29","60500","PUT","1h","2026-06-29 06:00:00","2026-06-29 14:00:00","285.000","310.000","285.000","310.000","0.26","2026-06-29 06:59:59","2026-06-29 14:59:59","78.10000","3","0.10","28.50000"
"all-available","Asia/Taipei","BTCUSDT","BTC-260629-60500-P","2026-06-29","60500","PUT","1h","2026-06-29 07:00:00","2026-06-29 15:00:00","480.000","480.000","480.000","480.000","0.26","2026-06-29 07:59:59","2026-06-29 15:59:59","124.80000","3","0.26","124.80000"
"all-available","Asia/Taipei","BTCUSDT","BTC-260629-61000-C","2026-06-29","61000","CALL","1h","2026-06-26 08:00:00","2026-06-26 16:00:00","560.000","565.000","520.000","520.000","1.62","2026-06-26 08:59:59","2026-06-26 16:59:59","867.65000","30","0.20","108.00000"
"all-available","Asia/Taipei","BTCUSDT","BTC-260629-61000-C","2026-06-29","61000","CALL","1h","2026-06-26 09:00:00","2026-06-26 17:00:00","520.000","520.000","375.000","410.000","3.25","2026-06-26 09:59:59","2026-06-26 17:59:59","1399.00000","20","2.54","1090.70000"
"all-available","Asia/Taipei","BTCUSDT","BTC-260629-61000-C","2026-06-29","61000","CALL","1h","2026-06-26 10:00:00","2026-06-26 18:00:00","340.000","340.000","315.000","315.000","1.03","2026-06-26 10:59:59","2026-06-26 18:59:59","337.70000","2","0.50","157.50000"
"all-available","Asia/Taipei","BTCUSDT","BTC-260629-61000-C","2026-06-29","61000","CALL","1h","2026-06-26 11:00:00","2026-06-26 19:00:00","340.000","340.000","340.000","340.000","0.40","2026-06-26 11:59:59","2026-06-26 19:59:59","136.00000","1","0.40","136.00000"
"all-available","Asia/Taipei","BTCUSDT","BTC-260629-61000-C","2026-06-29","61000","CALL","1h","2026-06-26 12:00:00","2026-06-26 20:00:00","340.000","465.000","340.000","465.000","4.83","2026-06-26 12:59:59","2026-06-26 20:59:59","2158.45000","6","4.75","2130.00000"
"all-available","Asia/Taipei","BTCUSDT","BTC-260629-61000-C","2026-06-29","61000","CALL","1h","2026-06-26 13:00:00","2026-06-26 21:00:00","250.000","360.000","245.000","360.000","6.61","2026-06-26 13:59:59","2026-06-26 21:59:59","1679.05000","11","6.51","1646.65000"
"all-available","Asia/Taipei","BTCUSDT","BTC-260629-61000-C","2026-06-29","61000","CALL","1h","2026-06-26 14:00:00","2026-06-26 22:00:00","430.000","430.000","320.000","355.000","0.98","2026-06-26 14:59:59","2026-06-26 22:59:59","394.10000","5","0.40","151.40000"
"all-available","Asia/Taipei","BTCUSDT","BTC-260629-61000-C","2026-06-29","61000","CALL","1h","2026-06-26 15:00:00","2026-06-26 23:00:00","420.000","530.000","420.000","440.000","1.92","2026-06-26 15:59:59","2026-06-26 23:59:59","957.05000","10","1.10","561.15000"
"all-available","Asia/Taipei","BTCUSDT","BTC-260629-61000-C","2026-06-29","61000","CALL","1h","2026-06-26 16:00:00","2026-06-27 00:00:00","440.000","440.000","440.000","440.000","0.00","2026-06-26 16:59:59","2026-06-27 00:59:59","0.00000","0","0.00","0.00000"
"all-available","Asia/Taipei","BTCUSDT","BTC-260629-61000-C","2026-06-29","61000","CALL","1h","2026-06-26 17:00:00","2026-06-27 01:00:00","440.000","440.000","440.000","440.000","0.00","2026-06-26 17:59:59","2026-06-27 01:59:59","0.00000","0","0.00","0.00000"
"all-available","Asia/Taipei","BTCUSDT","BTC-260629-61000-C","2026-06-29","61000","CALL","1h","2026-06-26 18:00:00","2026-06-27 02:00:00","440.000","440.000","440.000","440.000","0.00","2026-06-26 18:59:59","2026-06-27 02:59:59","0.00000","0","0.00","0.00000"
"all-available","Asia/Taipei","BTCUSDT","BTC-260629-61000-C","2026-06-29","61000","CALL","1h","2026-06-26 19:00:00","2026-06-27 03:00:00","295.000","295.000","295.000","295.000","0.63","2026-06-26 19:59:59","2026-06-27 03:59:59","185.85000","1","0.63","185.85000"
"all-available","Asia/Taipei","BTCUSDT","BTC-260629-61000-C","2026-06-29","61000","CALL","1h","2026-06-26 20:00:00","2026-06-27 04:00:00","230.000","230.000","185.000","200.000","3.75","2026-06-26 20:59:59","2026-06-27 04:59:59","780.35000","7","3.34","692.50000"
"all-available","Asia/Taipei","BTCUSDT","BTC-260629-61000-C","2026-06-29","61000","CALL","1h","2026-06-26 21:00:00","2026-06-27 05:00:00","200.000","200.000","200.000","200.000","0.00","2026-06-26 21:59:59","2026-06-27 05:59:59","0.00000","0","0.00","0.00000"
"all-available","Asia/Taipei","BTCUSDT","BTC-260629-61000-C","2026-06-29","61000","CALL","1h","2026-06-26 22:00:00","2026-06-27 06:00:00","200.000","200.000","200.000","200.000","0.00","2026-06-26 22:59:59","2026-06-27 06:59:59","0.00000","0","0.00","0.00000"
"all-available","Asia/Taipei","BTCUSDT","BTC-260629-61000-C","2026-06-29","61000","CALL","1h","2026-06-26 23:00:00","2026-06-27 07:00:00","245.000","250.000","240.000","250.000","2.30","2026-06-26 23:59:59","2026-06-27 07:59:59","572.50000","42","2.30","572.50000"
"all-available","Asia/Taipei","BTCUSDT","BTC-260629-61000-C","2026-06-29","61000","CALL","1h","2026-06-27 00:00:00","2026-06-27 08:00:00","250.000","250.000","250.000","250.000","0.00","2026-06-27 00:59:59","2026-06-27 08:59:59","0.00000","0","0.00","0.00000"
"all-available","Asia/Taipei","BTCUSDT","BTC-260629-61000-C","2026-06-29","61000","CALL","1h","2026-06-27 01:00:00","2026-06-27 09:00:00","250.000","250.000","250.000","250.000","0.00","2026-06-27 01:59:59","2026-06-27 09:59:59","0.00000","0","0.00","0.00000"
"all-available","Asia/Taipei","BTCUSDT","BTC-260629-61000-C","2026-06-29","61000","CALL","1h","2026-06-27 02:00:00","2026-06-27 10:00:00","250.000","250.000","250.000","250.000","1.00","2026-06-27 02:59:59","2026-06-27 10:59:59","250.00000","1","1.00","250.00000"
"all-available","Asia/Taipei","BTCUSDT","BTC-260629-61000-C","2026-06-29","61000","CALL","1h","2026-06-27 03:00:00","2026-06-27 11:00:00","250.000","250.000","250.000","250.000","0.00","2026-06-27 03:59:59","2026-06-27 11:59:59","0.00000","0","0.00","0.00000"
"all-available","Asia/Taipei","BTCUSDT","BTC-260629-61000-C","2026-06-29","61000","CALL","1h","2026-06-27 04:00:00","2026-06-27 12:00:00","285.000","285.000","285.000","285.000","1.00","2026-06-27 04:59:59","2026-06-27 12:59:59","285.00000","1","0.00","0.00000"
"all-available","Asia/Taipei","BTCUSDT","BTC-260629-61000-C","2026-06-29","61000","CALL","1h","2026-06-27 05:00:00","2026-06-27 13:00:00","230.000","230.000","225.000","225.000","1.30","2026-06-27 05:59:59","2026-06-27 13:59:59","294.95000","2","0.00","0.00000"
"all-available","Asia/Taipei","BTCUSDT","BTC-260629-61000-C","2026-06-29","61000","CALL","1h","2026-06-27 06:00:00","2026-06-27 14:00:00","225.000","225.000","225.000","225.000","0.00","2026-06-27 06:59:59","2026-06-27 14:59:59","0.00000","0","0.00","0.00000"
"all-available","Asia/Taipei","BTCUSDT","BTC-260629-61000-C","2026-06-29","61000","CALL","1h","2026-06-27 07:00:00","2026-06-27 15:00:00","295.000","295.000","295.000","295.000","0.48","2026-06-27 07:59:59","2026-06-27 15:59:59","141.60000","1","0.00","0.00000"
"all-available","Asia/Taipei","BTCUSDT","BTC-260629-61000-C","2026-06-29","61000","CALL","1h","2026-06-27 08:00:00","2026-06-27 16:00:00","295.000","300.000","270.000","270.000","5.25","2026-06-27 08:59:59","2026-06-27 16:59:59","1484.90000","7","0.00","0.00000"
"all-available","Asia/Taipei","BTCUSDT","BTC-260629-61000-C","2026-06-29","61000","CALL","1h","2026-06-27 09:00:00","2026-06-27 17:00:00","270.000","270.000","270.000","270.000","0.00","2026-06-27 09:59:59","2026-06-27 17:59:59","0.00000","0","0.00","0.00000"
"all-available","Asia/Taipei","BTCUSDT","BTC-260629-61000-C","2026-06-29","61000","CALL","1h","2026-06-27 10:00:00","2026-06-27 18:00:00","270.000","270.000","270.000","270.000","0.00","2026-06-27 10:59:59","2026-06-27 18:59:59","0.00000","0","0.00","0.00000"
"all-available","Asia/Taipei","BTCUSDT","BTC-260629-61000-C","2026-06-29","61000","CALL","1h","2026-06-27 11:00:00","2026-06-27 19:00:00","270.000","270.000","270.000","270.000","0.00","2026-06-27 11:59:59","2026-06-27 19:59:59","0.00000","0","0.00","0.00000"
"all-available","Asia/Taipei","BTCUSDT","BTC-260629-61000-C","2026-06-29","61000","CALL","1h","2026-06-27 12:00:00","2026-06-27 20:00:00","215.000","215.000","215.000","215.000","0.10","2026-06-27 12:59:59","2026-06-27 20:59:59","21.50000","1","0.00","0.00000"
"all-available","Asia/Taipei","BTCUSDT","BTC-260629-61000-C","2026-06-29","61000","CALL","1h","2026-06-27 13:00:00","2026-06-27 21:00:00","215.000","215.000","215.000","215.000","0.00","2026-06-27 13:59:59","2026-06-27 21:59:59","0.00000","0","0.00","0.00000"
"all-available","Asia/Taipei","BTCUSDT","BTC-260629-61000-C","2026-06-29","61000","CALL","1h","2026-06-27 14:00:00","2026-06-27 22:00:00","290.000","290.000","290.000","290.000","3.13","2026-06-27 14:59:59","2026-06-27 22:59:59","907.70000","1","3.13","907.70000"
"all-available","Asia/Taipei","BTCUSDT","BTC-260629-61000-C","2026-06-29","61000","CALL","1h","2026-06-27 15:00:00","2026-06-27 23:00:00","345.000","410.000","345.000","385.000","1.83","2026-06-27 15:59:59","2026-06-27 23:59:59","711.70000","5","0.01","3.45000"
"all-available","Asia/Taipei","BTCUSDT","BTC-260629-61000-C","2026-06-29","61000","CALL","1h","2026-06-27 16:00:00","2026-06-28 00:00:00","400.000","400.000","360.000","390.000","1.57","2026-06-27 16:59:59","2026-06-28 00:59:59","612.20000","5","0.00","0.00000"
"all-available","Asia/Taipei","BTCUSDT","BTC-260629-61000-C","2026-06-29","61000","CALL","1h","2026-06-27 17:00:00","2026-06-28 01:00:00","330.000","330.000","305.000","305.000","4.00","2026-06-27 17:59:59","2026-06-28 01:59:59","1295.00000","2","1.00","305.00000"
"all-available","Asia/Taipei","BTCUSDT","BTC-260629-61000-C","2026-06-29","61000","CALL","1h","2026-06-27 18:00:00","2026-06-28 02:00:00","305.000","305.000","305.000","305.000","0.00","2026-06-27 18:59:59","2026-06-28 02:59:59","0.00000","0","0.00","0.00000"
"all-available","Asia/Taipei","BTCUSDT","BTC-260629-61000-C","2026-06-29","61000","CALL","1h","2026-06-27 19:00:00","2026-06-28 03:00:00","295.000","295.000","290.000","290.000","2.00","2026-06-27 19:59:59","2026-06-28 03:59:59","585.00000","6","1.00","295.00000"
"all-available","Asia/Taipei","BTCUSDT","BTC-260629-61000-C","2026-06-29","61000","CALL","1h","2026-06-27 20:00:00","2026-06-28 04:00:00","215.000","215.000","205.000","205.000","5.32","2026-06-27 20:59:59","2026-06-28 04:59:59","1140.60000","3","0.32","65.60000"
"all-available","Asia/Taipei","BTCUSDT","BTC-260629-61000-C","2026-06-29","61000","CALL","1h","2026-06-27 21:00:00","2026-06-28 05:00:00","205.000","205.000","205.000","205.000","0.00","2026-06-27 21:59:59","2026-06-28 05:59:59","0.00000","0","0.00","0.00000"
"all-available","Asia/Taipei","BTCUSDT","BTC-260629-61000-C","2026-06-29","61000","CALL","1h","2026-06-27 22:00:00","2026-06-28 06:00:00","135.000","170.000","135.000","170.000","1.00","2026-06-27 22:59:59","2026-06-28 06:59:59","157.00000","4","1.00","157.00000"
"all-available","Asia/Taipei","BTCUSDT","BTC-260629-61000-C","2026-06-29","61000","CALL","1h","2026-06-27 23:00:00","2026-06-28 07:00:00","170.000","170.000","170.000","170.000","0.00","2026-06-27 23:59:59","2026-06-28 07:59:59","0.00000","0","0.00","0.00000"
"all-available","Asia/Taipei","BTCUSDT","BTC-260629-61000-C","2026-06-29","61000","CALL","1h","2026-06-28 00:00:00","2026-06-28 08:00:00","170.000","170.000","170.000","170.000","0.00","2026-06-28 00:59:59","2026-06-28 08:59:59","0.00000","0","0.00","0.00000"
"all-available","Asia/Taipei","BTCUSDT","BTC-260629-61000-C","2026-06-29","61000","CALL","1h","2026-06-28 01:00:00","2026-06-28 09:00:00","155.000","185.000","145.000","185.000","3.35","2026-06-28 01:59:59","2026-06-28 09:59:59","495.35000","4","0.04","6.80000"
"all-available","Asia/Taipei","BTCUSDT","BTC-260629-61000-C","2026-06-29","61000","CALL","1h","2026-06-28 02:00:00","2026-06-28 10:00:00","145.000","145.000","145.000","145.000","0.08","2026-06-28 02:59:59","2026-06-28 10:59:59","11.60000","2","0.00","0.00000"
"all-available","Asia/Taipei","BTCUSDT","BTC-260629-61000-C","2026-06-29","61000","CALL","1h","2026-06-28 03:00:00","2026-06-28 11:00:00","145.000","145.000","145.000","145.000","0.00","2026-06-28 03:59:59","2026-06-28 11:59:59","0.00000","0","0.00","0.00000"
"all-available","Asia/Taipei","BTCUSDT","BTC-260629-61000-C","2026-06-29","61000","CALL","1h","2026-06-28 04:00:00","2026-06-28 12:00:00","145.000","145.000","145.000","145.000","0.01","2026-06-28 04:59:59","2026-06-28 12:59:59","1.45000","1","0.00","0.00000"
"all-available","Asia/Taipei","BTCUSDT","BTC-260629-61000-C","2026-06-29","61000","CALL","1h","2026-06-28 05:00:00","2026-06-28 13:00:00","120.000","120.000","105.000","120.000","0.32","2026-06-28 05:59:59","2026-06-28 13:59:59","37.95000","4","0.13","15.15000"
"all-available","Asia/Taipei","BTCUSDT","BTC-260629-61000-C","2026-06-29","61000","CALL","1h","2026-06-28 06:00:00","2026-06-28 14:00:00","140.000","170.000","135.000","170.000","0.54","2026-06-28 06:59:59","2026-06-28 14:59:59","83.15000","7","0.35","57.50000"
"all-available","Asia/Taipei","BTCUSDT","BTC-260629-61000-C","2026-06-29","61000","CALL","1h","2026-06-28 07:00:00","2026-06-28 15:00:00","185.000","235.000","185.000","235.000","6.49","2026-06-28 07:59:59","2026-06-28 15:59:59","1489.00000","11","0.62","143.25000"
"all-available","Asia/Taipei","BTCUSDT","BTC-260629-61000-C","2026-06-29","61000","CALL","1h","2026-06-28 08:00:00","2026-06-28 16:00:00","215.000","280.000","210.000","265.000","8.50","2026-06-28 08:59:59","2026-06-28 16:59:59","1903.30000","18","6.48","1473.40000"
"all-available","Asia/Taipei","BTCUSDT","BTC-260629-61000-C","2026-06-29","61000","CALL","1h","2026-06-28 09:00:00","2026-06-28 17:00:00","230.000","265.000","230.000","230.000","1.75","2026-06-28 09:59:59","2026-06-28 17:59:59","416.85000","11","0.55","127.45000"
"all-available","Asia/Taipei","BTCUSDT","BTC-260629-61000-C","2026-06-29","61000","CALL","1h","2026-06-28 10:00:00","2026-06-28 18:00:00","220.000","220.000","185.000","190.000","0.58","2026-06-28 10:59:59","2026-06-28 18:59:59","108.20000","4","0.02","4.40000"
"all-available","Asia/Taipei","BTCUSDT","BTC-260629-61000-C","2026-06-29","61000","CALL","1h","2026-06-28 11:00:00","2026-06-28 19:00:00","180.000","235.000","180.000","235.000","0.78","2026-06-28 11:59:59","2026-06-28 19:59:59","163.10000","3","0.76","158.80000"
"all-available","Asia/Taipei","BTCUSDT","BTC-260629-61000-C","2026-06-29","61000","CALL","1h","2026-06-28 12:00:00","2026-06-28 20:00:00","225.000","225.000","225.000","225.000","0.04","2026-06-28 12:59:59","2026-06-28 20:59:59","9.00000","1","0.00","0.00000"
"all-available","Asia/Taipei","BTCUSDT","BTC-260629-61000-C","2026-06-29","61000","CALL","1h","2026-06-28 13:00:00","2026-06-28 21:00:00","200.000","200.000","160.000","175.000","8.63","2026-06-28 13:59:59","2026-06-28 21:59:59","1401.55000","12","1.02","173.55000"
"all-available","Asia/Taipei","BTCUSDT","BTC-260629-61000-C","2026-06-29","61000","CALL","1h","2026-06-28 14:00:00","2026-06-28 22:00:00","185.000","185.000","175.000","175.000","1.00","2026-06-28 14:59:59","2026-06-28 22:59:59","180.00000","2","1.00","180.00000"
"all-available","Asia/Taipei","BTCUSDT","BTC-260629-61000-C","2026-06-29","61000","CALL","1h","2026-06-28 15:00:00","2026-06-28 23:00:00","160.000","160.000","115.000","115.000","6.66","2026-06-28 15:59:59","2026-06-28 23:59:59","833.70000","17","5.82","716.25000"
"all-available","Asia/Taipei","BTCUSDT","BTC-260629-61000-C","2026-06-29","61000","CALL","1h","2026-06-28 16:00:00","2026-06-29 00:00:00","120.000","120.000","85.000","85.000","7.66","2026-06-28 16:59:59","2026-06-29 00:59:59","819.65000","28","1.14","112.90000"
"all-available","Asia/Taipei","BTCUSDT","BTC-260629-61000-C","2026-06-29","61000","CALL","1h","2026-06-28 17:00:00","2026-06-29 01:00:00","85.000","85.000","65.000","70.000","3.61","2026-06-28 17:59:59","2026-06-29 01:59:59","268.45000","9","2.61","198.05000"
"all-available","Asia/Taipei","BTCUSDT","BTC-260629-61000-C","2026-06-29","61000","CALL","1h","2026-06-28 18:00:00","2026-06-29 02:00:00","85.000","90.000","75.000","75.000","3.51","2026-06-28 18:59:59","2026-06-29 02:59:59","297.20000","16","1.53","124.05000"
"all-available","Asia/Taipei","BTCUSDT","BTC-260629-61000-C","2026-06-29","61000","CALL","1h","2026-06-28 19:00:00","2026-06-29 03:00:00","65.000","70.000","45.000","55.000","9.06","2026-06-28 19:59:59","2026-06-29 03:59:59","546.40000","23","3.09","178.75000"
"all-available","Asia/Taipei","BTCUSDT","BTC-260629-61000-C","2026-06-29","61000","CALL","1h","2026-06-28 20:00:00","2026-06-29 04:00:00","75.000","75.000","65.000","65.000","0.45","2026-06-28 20:59:59","2026-06-29 04:59:59","32.75000","3","0.45","32.75000"
"all-available","Asia/Taipei","BTCUSDT","BTC-260629-61000-C","2026-06-29","61000","CALL","1h","2026-06-28 21:00:00","2026-06-29 05:00:00","60.000","65.000","30.000","40.000","21.57","2026-06-28 21:59:59","2026-06-29 05:59:59","1113.70000","36","13.31","684.90000"
"all-available","Asia/Taipei","BTCUSDT","BTC-260629-61000-C","2026-06-29","61000","CALL","1h","2026-06-28 22:00:00","2026-06-29 06:00:00","50.000","70.000","15.000","25.000","20.64","2026-06-28 22:59:59","2026-06-29 06:59:59","458.00000","39","7.49","225.75000"
"all-available","Asia/Taipei","BTCUSDT","BTC-260629-61000-C","2026-06-29","61000","CALL","1h","2026-06-28 23:00:00","2026-06-29 07:00:00","25.000","55.000","25.000","30.000","22.91","2026-06-28 23:59:59","2026-06-29 07:59:59","754.45000","40","11.16","337.20000"
"all-available","Asia/Taipei","BTCUSDT","BTC-260629-61000-C","2026-06-29","61000","CALL","1h","2026-06-29 00:00:00","2026-06-29 08:00:00","25.000","30.000","10.000","15.000","8.78","2026-06-29 00:59:59","2026-06-29 08:59:59","190.40000","27","4.46","81.90000"
"all-available","Asia/Taipei","BTCUSDT","BTC-260629-61000-C","2026-06-29","61000","CALL","1h","2026-06-29 01:00:00","2026-06-29 09:00:00","15.000","15.000","15.000","15.000","0.00","2026-06-29 01:59:59","2026-06-29 09:59:59","0.00000","0","0.00","0.00000"
"all-available","Asia/Taipei","BTCUSDT","BTC-260629-61000-C","2026-06-29","61000","CALL","1h","2026-06-29 02:00:00","2026-06-29 10:00:00","10.000","20.000","5.000","20.000","1.20","2026-06-29 02:59:59","2026-06-29 10:59:59","7.10000","8","0.01","0.20000"
"all-available","Asia/Taipei","BTCUSDT","BTC-260629-61000-C","2026-06-29","61000","CALL","1h","2026-06-29 03:00:00","2026-06-29 11:00:00","20.000","35.000","15.000","15.000","14.56","2026-06-29 03:59:59","2026-06-29 11:59:59","338.90000","20","9.12","208.80000"
"all-available","Asia/Taipei","BTCUSDT","BTC-260629-61000-C","2026-06-29","61000","CALL","1h","2026-06-29 04:00:00","2026-06-29 12:00:00","15.000","15.000","5.000","5.000","1.77","2026-06-29 04:59:59","2026-06-29 12:59:59","9.05000","6","0.72","3.80000"
"all-available","Asia/Taipei","BTCUSDT","BTC-260629-61000-C","2026-06-29","61000","CALL","1h","2026-06-29 05:00:00","2026-06-29 13:00:00","5.000","5.000","5.000","5.000","0.00","2026-06-29 05:59:59","2026-06-29 13:59:59","0.00000","0","0.00","0.00000"
"all-available","Asia/Taipei","BTCUSDT","BTC-260629-61000-C","2026-06-29","61000","CALL","1h","2026-06-29 06:00:00","2026-06-29 14:00:00","5.000","5.000","5.000","5.000","4.41","2026-06-29 06:59:59","2026-06-29 14:59:59","22.05000","7","4.41","22.05000"
"all-available","Asia/Taipei","BTCUSDT","BTC-260629-61000-C","2026-06-29","61000","CALL","1h","2026-06-29 07:00:00","2026-06-29 15:00:00","5.000","5.000","5.000","5.000","0.00","2026-06-29 07:59:59","2026-06-29 15:59:59","0.00000","0","0.00","0.00000"
"all-available","Asia/Taipei","BTCUSDT","BTC-260629-61000-P","2026-06-29","61000","PUT","1h","2026-06-26 12:00:00","2026-06-26 20:00:00","2265.000","2265.000","2265.000","2265.000","0.09","2026-06-26 12:59:59","2026-06-26 20:59:59","203.85000","1","0.09","203.85000"
"all-available","Asia/Taipei","BTCUSDT","BTC-260629-61000-P","2026-06-29","61000","PUT","1h","2026-06-26 13:00:00","2026-06-26 21:00:00","2380.000","2380.000","2380.000","2380.000","1.71","2026-06-26 13:59:59","2026-06-26 21:59:59","4069.80000","2","1.71","4069.80000"
"all-available","Asia/Taipei","BTCUSDT","BTC-260629-61000-P","2026-06-29","61000","PUT","1h","2026-06-26 14:00:00","2026-06-26 22:00:00","1455.000","1455.000","1455.000","1455.000","1.00","2026-06-26 14:59:59","2026-06-26 22:59:59","1455.00000","1","0.00","0.00000"
"all-available","Asia/Taipei","BTCUSDT","BTC-260629-61000-P","2026-06-29","61000","PUT","1h","2026-06-26 15:00:00","2026-06-26 23:00:00","1315.000","1315.000","1145.000","1260.000","2.12","2026-06-26 15:59:59","2026-06-26 23:59:59","2608.90000","4","0.00","0.00000"
"all-available","Asia/Taipei","BTCUSDT","BTC-260629-61000-P","2026-06-29","61000","PUT","1h","2026-06-26 16:00:00","2026-06-27 00:00:00","1260.000","1260.000","1260.000","1260.000","0.00","2026-06-26 16:59:59","2026-06-27 00:59:59","0.00000","0","0.00","0.00000"
"all-available","Asia/Taipei","BTCUSDT","BTC-260629-61000-P","2026-06-29","61000","PUT","1h","2026-06-26 17:00:00","2026-06-27 01:00:00","1260.000","1260.000","1260.000","1260.000","0.00","2026-06-26 17:59:59","2026-06-27 01:59:59","0.00000","0","0.00","0.00000"
"all-available","Asia/Taipei","BTCUSDT","BTC-260629-61000-P","2026-06-29","61000","PUT","1h","2026-06-26 18:00:00","2026-06-27 02:00:00","1260.000","1260.000","1260.000","1260.000","0.00","2026-06-26 18:59:59","2026-06-27 02:59:59","0.00000","0","0.00","0.00000"
"all-available","Asia/Taipei","BTCUSDT","BTC-260629-61000-P","2026-06-29","61000","PUT","1h","2026-06-26 19:00:00","2026-06-27 03:00:00","1260.000","1260.000","1260.000","1260.000","0.00","2026-06-26 19:59:59","2026-06-27 03:59:59","0.00000","0","0.00","0.00000"
"all-available","Asia/Taipei","BTCUSDT","BTC-260629-61000-P","2026-06-29","61000","PUT","1h","2026-06-26 20:00:00","2026-06-27 04:00:00","1260.000","1260.000","1260.000","1260.000","0.00","2026-06-26 20:59:59","2026-06-27 04:59:59","0.00000","0","0.00","0.00000"
"all-available","Asia/Taipei","BTCUSDT","BTC-260629-61000-P","2026-06-29","61000","PUT","1h","2026-06-26 21:00:00","2026-06-27 05:00:00","1260.000","1260.000","1260.000","1260.000","0.00","2026-06-26 21:59:59","2026-06-27 05:59:59","0.00000","0","0.00","0.00000"
"all-available","Asia/Taipei","BTCUSDT","BTC-260629-61000-P","2026-06-29","61000","PUT","1h","2026-06-26 22:00:00","2026-06-27 06:00:00","1260.000","1260.000","1260.000","1260.000","0.00","2026-06-26 22:59:59","2026-06-27 06:59:59","0.00000","0","0.00","0.00000"
"all-available","Asia/Taipei","BTCUSDT","BTC-260629-61000-P","2026-06-29","61000","PUT","1h","2026-06-26 23:00:00","2026-06-27 07:00:00","1260.000","1260.000","1260.000","1260.000","0.00","2026-06-26 23:59:59","2026-06-27 07:59:59","0.00000","0","0.00","0.00000"
"all-available","Asia/Taipei","BTCUSDT","BTC-260629-61000-P","2026-06-29","61000","PUT","1h","2026-06-27 00:00:00","2026-06-27 08:00:00","1260.000","1260.000","1260.000","1260.000","0.00","2026-06-27 00:59:59","2026-06-27 08:59:59","0.00000","0","0.00","0.00000"
"all-available","Asia/Taipei","BTCUSDT","BTC-260629-61000-P","2026-06-29","61000","PUT","1h","2026-06-27 01:00:00","2026-06-27 09:00:00","1260.000","1260.000","1260.000","1260.000","0.00","2026-06-27 01:59:59","2026-06-27 09:59:59","0.00000","0","0.00","0.00000"
"all-available","Asia/Taipei","BTCUSDT","BTC-260629-61000-P","2026-06-29","61000","PUT","1h","2026-06-27 02:00:00","2026-06-27 10:00:00","925.000","925.000","925.000","925.000","0.46","2026-06-27 02:59:59","2026-06-27 10:59:59","425.50000","5","0.46","425.50000"
"all-available","Asia/Taipei","BTCUSDT","BTC-260629-61000-P","2026-06-29","61000","PUT","1h","2026-06-27 03:00:00","2026-06-27 11:00:00","925.000","925.000","925.000","925.000","0.00","2026-06-27 03:59:59","2026-06-27 11:59:59","0.00000","0","0.00","0.00000"
"all-available","Asia/Taipei","BTCUSDT","BTC-260629-61000-P","2026-06-29","61000","PUT","1h","2026-06-27 04:00:00","2026-06-27 12:00:00","925.000","925.000","925.000","925.000","0.00","2026-06-27 04:59:59","2026-06-27 12:59:59","0.00000","0","0.00","0.00000"
"all-available","Asia/Taipei","BTCUSDT","BTC-260629-61000-P","2026-06-29","61000","PUT","1h","2026-06-27 05:00:00","2026-06-27 13:00:00","995.000","995.000","995.000","995.000","0.40","2026-06-27 05:59:59","2026-06-27 13:59:59","398.00000","3","0.00","0.00000"
"all-available","Asia/Taipei","BTCUSDT","BTC-260629-61000-P","2026-06-29","61000","PUT","1h","2026-06-27 06:00:00","2026-06-27 14:00:00","905.000","905.000","895.000","895.000","0.18","2026-06-27 06:59:59","2026-06-27 14:59:59","162.10000","3","0.00","0.00000"
"all-available","Asia/Taipei","BTCUSDT","BTC-260629-61000-P","2026-06-29","61000","PUT","1h","2026-06-27 07:00:00","2026-06-27 15:00:00","890.000","890.000","890.000","890.000","0.24","2026-06-27 07:59:59","2026-06-27 15:59:59","213.60000","1","0.00","0.00000"
"all-available","Asia/Taipei","BTCUSDT","BTC-260629-61000-P","2026-06-29","61000","PUT","1h","2026-06-27 08:00:00","2026-06-27 16:00:00","890.000","890.000","890.000","890.000","0.00","2026-06-27 08:59:59","2026-06-27 16:59:59","0.00000","0","0.00","0.00000"
"all-available","Asia/Taipei","BTCUSDT","BTC-260629-61000-P","2026-06-29","61000","PUT","1h","2026-06-27 09:00:00","2026-06-27 17:00:00","835.000","835.000","825.000","825.000","0.16","2026-06-27 09:59:59","2026-06-27 17:59:59","133.20000","3","0.00","0.00000"
"all-available","Asia/Taipei","BTCUSDT","BTC-260629-61000-P","2026-06-29","61000","PUT","1h","2026-06-27 10:00:00","2026-06-27 18:00:00","815.000","815.000","815.000","815.000","0.06","2026-06-27 10:59:59","2026-06-27 18:59:59","48.90000","1","0.06","48.90000"
"all-available","Asia/Taipei","BTCUSDT","BTC-260629-61000-P","2026-06-29","61000","PUT","1h","2026-06-27 11:00:00","2026-06-27 19:00:00","860.000","860.000","825.000","825.000","0.30","2026-06-27 11:59:59","2026-06-27 19:59:59","251.70000","3","0.00","0.00000"
"all-available","Asia/Taipei","BTCUSDT","BTC-260629-61000-P","2026-06-29","61000","PUT","1h","2026-06-27 12:00:00","2026-06-27 20:00:00","825.000","825.000","825.000","825.000","0.00","2026-06-27 12:59:59","2026-06-27 20:59:59","0.00000","0","0.00","0.00000"
"all-available","Asia/Taipei","BTCUSDT","BTC-260629-61000-P","2026-06-29","61000","PUT","1h","2026-06-27 13:00:00","2026-06-27 21:00:00","825.000","825.000","825.000","825.000","0.00","2026-06-27 13:59:59","2026-06-27 21:59:59","0.00000","0","0.00","0.00000"
"all-available","Asia/Taipei","BTCUSDT","BTC-260629-61000-P","2026-06-29","61000","PUT","1h","2026-06-27 14:00:00","2026-06-27 22:00:00","700.000","700.000","700.000","700.000","0.40","2026-06-27 14:59:59","2026-06-27 22:59:59","280.00000","1","0.00","0.00000"
"all-available","Asia/Taipei","BTCUSDT","BTC-260629-61000-P","2026-06-29","61000","PUT","1h","2026-06-27 15:00:00","2026-06-27 23:00:00","560.000","605.000","535.000","605.000","0.22","2026-06-27 15:59:59","2026-06-27 23:59:59","126.85000","5","0.11","60.30000"
"all-available","Asia/Taipei","BTCUSDT","BTC-260629-61000-P","2026-06-29","61000","PUT","1h","2026-06-27 16:00:00","2026-06-28 00:00:00","605.000","605.000","605.000","605.000","0.00","2026-06-27 16:59:59","2026-06-28 00:59:59","0.00000","0","0.00","0.00000"
"all-available","Asia/Taipei","BTCUSDT","BTC-260629-61000-P","2026-06-29","61000","PUT","1h","2026-06-27 17:00:00","2026-06-28 01:00:00","810.000","810.000","810.000","810.000","0.04","2026-06-27 17:59:59","2026-06-28 01:59:59","32.40000","1","0.04","32.40000"
"all-available","Asia/Taipei","BTCUSDT","BTC-260629-61000-P","2026-06-29","61000","PUT","1h","2026-06-27 18:00:00","2026-06-28 02:00:00","810.000","810.000","810.000","810.000","0.00","2026-06-27 18:59:59","2026-06-28 02:59:59","0.00000","0","0.00","0.00000"
"all-available","Asia/Taipei","BTCUSDT","BTC-260629-61000-P","2026-06-29","61000","PUT","1h","2026-06-27 19:00:00","2026-06-28 03:00:00","1015.000","1015.000","1015.000","1015.000","0.06","2026-06-27 19:59:59","2026-06-28 03:59:59","60.90000","1","0.06","60.90000"
"all-available","Asia/Taipei","BTCUSDT","BTC-260629-61000-P","2026-06-29","61000","PUT","1h","2026-06-27 20:00:00","2026-06-28 04:00:00","1015.000","1015.000","1015.000","1015.000","0.00","2026-06-27 20:59:59","2026-06-28 04:59:59","0.00000","0","0.00","0.00000"
"all-available","Asia/Taipei","BTCUSDT","BTC-260629-61000-P","2026-06-29","61000","PUT","1h","2026-06-27 21:00:00","2026-06-28 05:00:00","1015.000","1015.000","1015.000","1015.000","0.00","2026-06-27 21:59:59","2026-06-28 05:59:59","0.00000","0","0.00","0.00000"
"all-available","Asia/Taipei","BTCUSDT","BTC-260629-61000-P","2026-06-29","61000","PUT","1h","2026-06-27 22:00:00","2026-06-28 06:00:00","1015.000","1015.000","1015.000","1015.000","0.00","2026-06-27 22:59:59","2026-06-28 06:59:59","0.00000","0","0.00","0.00000"
"all-available","Asia/Taipei","BTCUSDT","BTC-260629-61000-P","2026-06-29","61000","PUT","1h","2026-06-27 23:00:00","2026-06-28 07:00:00","1015.000","1015.000","1015.000","1015.000","0.00","2026-06-27 23:59:59","2026-06-28 07:59:59","0.00000","0","0.00","0.00000"
"all-available","Asia/Taipei","BTCUSDT","BTC-260629-61000-P","2026-06-29","61000","PUT","1h","2026-06-28 00:00:00","2026-06-28 08:00:00","1015.000","1015.000","1015.000","1015.000","0.00","2026-06-28 00:59:59","2026-06-28 08:59:59","0.00000","0","0.00","0.00000"
"all-available","Asia/Taipei","BTCUSDT","BTC-260629-61000-P","2026-06-29","61000","PUT","1h","2026-06-28 01:00:00","2026-06-28 09:00:00","1015.000","1015.000","1015.000","1015.000","0.00","2026-06-28 01:59:59","2026-06-28 09:59:59","0.00000","0","0.00","0.00000"
"all-available","Asia/Taipei","BTCUSDT","BTC-260629-61000-P","2026-06-29","61000","PUT","1h","2026-06-28 02:00:00","2026-06-28 10:00:00","1015.000","1015.000","1015.000","1015.000","0.00","2026-06-28 02:59:59","2026-06-28 10:59:59","0.00000","0","0.00","0.00000"
"all-available","Asia/Taipei","BTCUSDT","BTC-260629-61000-P","2026-06-29","61000","PUT","1h","2026-06-28 03:00:00","2026-06-28 11:00:00","1015.000","1015.000","1015.000","1015.000","0.00","2026-06-28 03:59:59","2026-06-28 11:59:59","0.00000","0","0.00","0.00000"
"all-available","Asia/Taipei","BTCUSDT","BTC-260629-61000-P","2026-06-29","61000","PUT","1h","2026-06-28 04:00:00","2026-06-28 12:00:00","1015.000","1015.000","1015.000","1015.000","0.00","2026-06-28 04:59:59","2026-06-28 12:59:59","0.00000","0","0.00","0.00000"
"all-available","Asia/Taipei","BTCUSDT","BTC-260629-61000-P","2026-06-29","61000","PUT","1h","2026-06-28 05:00:00","2026-06-28 13:00:00","1015.000","1015.000","1015.000","1015.000","0.00","2026-06-28 05:59:59","2026-06-28 13:59:59","0.00000","0","0.00","0.00000"
"all-available","Asia/Taipei","BTCUSDT","BTC-260629-61000-P","2026-06-29","61000","PUT","1h","2026-06-28 06:00:00","2026-06-28 14:00:00","1015.000","1015.000","1015.000","1015.000","0.00","2026-06-28 06:59:59","2026-06-28 14:59:59","0.00000","0","0.00","0.00000"
"all-available","Asia/Taipei","BTCUSDT","BTC-260629-61000-P","2026-06-29","61000","PUT","1h","2026-06-28 07:00:00","2026-06-28 15:00:00","1015.000","1015.000","1015.000","1015.000","0.00","2026-06-28 07:59:59","2026-06-28 15:59:59","0.00000","0","0.00","0.00000"
"all-available","Asia/Taipei","BTCUSDT","BTC-260629-61000-P","2026-06-29","61000","PUT","1h","2026-06-28 08:00:00","2026-06-28 16:00:00","800.000","800.000","800.000","800.000","0.01","2026-06-28 08:59:59","2026-06-28 16:59:59","8.00000","1","0.00","0.00000"
"all-available","Asia/Taipei","BTCUSDT","BTC-260629-61000-P","2026-06-29","61000","PUT","1h","2026-06-28 09:00:00","2026-06-28 17:00:00","800.000","800.000","800.000","800.000","0.00","2026-06-28 09:59:59","2026-06-28 17:59:59","0.00000","0","0.00","0.00000"
"all-available","Asia/Taipei","BTCUSDT","BTC-260629-61000-P","2026-06-29","61000","PUT","1h","2026-06-28 10:00:00","2026-06-28 18:00:00","800.000","800.000","800.000","800.000","0.00","2026-06-28 10:59:59","2026-06-28 18:59:59","0.00000","0","0.00","0.00000"
"all-available","Asia/Taipei","BTCUSDT","BTC-260629-61000-P","2026-06-29","61000","PUT","1h","2026-06-28 11:00:00","2026-06-28 19:00:00","1000.000","1000.000","1000.000","1000.000","0.50","2026-06-28 11:59:59","2026-06-28 19:59:59","500.00000","1","0.50","500.00000"
"all-available","Asia/Taipei","BTCUSDT","BTC-260629-61000-P","2026-06-29","61000","PUT","1h","2026-06-28 12:00:00","2026-06-28 20:00:00","905.000","905.000","905.000","905.000","3.00","2026-06-28 12:59:59","2026-06-28 20:59:59","2715.00000","1","3.00","2715.00000"
"all-available","Asia/Taipei","BTCUSDT","BTC-260629-61000-P","2026-06-29","61000","PUT","1h","2026-06-28 13:00:00","2026-06-28 21:00:00","1000.000","1000.000","1000.000","1000.000","59.32","2026-06-28 13:59:59","2026-06-28 21:59:59","59320.00000","22","59.32","59320.00000"
"all-available","Asia/Taipei","BTCUSDT","BTC-260629-61000-P","2026-06-29","61000","PUT","1h","2026-06-28 14:00:00","2026-06-28 22:00:00","1000.000","1000.000","1000.000","1000.000","0.00","2026-06-28 14:59:59","2026-06-28 22:59:59","0.00000","0","0.00","0.00000"
"all-available","Asia/Taipei","BTCUSDT","BTC-260629-61000-P","2026-06-29","61000","PUT","1h","2026-06-28 15:00:00","2026-06-28 23:00:00","1000.000","1000.000","1000.000","1000.000","0.00","2026-06-28 15:59:59","2026-06-28 23:59:59","0.00000","0","0.00","0.00000"
"all-available","Asia/Taipei","BTCUSDT","BTC-260629-61000-P","2026-06-29","61000","PUT","1h","2026-06-28 16:00:00","2026-06-29 00:00:00","1350.000","1350.000","1350.000","1350.000","0.50","2026-06-28 16:59:59","2026-06-29 00:59:59","675.00000","1","0.50","675.00000"
"all-available","Asia/Taipei","BTCUSDT","BTC-260629-61000-P","2026-06-29","61000","PUT","1h","2026-06-28 17:00:00","2026-06-29 01:00:00","1350.000","1350.000","1350.000","1350.000","0.00","2026-06-28 17:59:59","2026-06-29 01:59:59","0.00000","0","0.00","0.00000"
"all-available","Asia/Taipei","BTCUSDT","BTC-260629-61000-P","2026-06-29","61000","PUT","1h","2026-06-28 18:00:00","2026-06-29 02:00:00","1350.000","1350.000","1350.000","1350.000","0.00","2026-06-28 18:59:59","2026-06-29 02:59:59","0.00000","0","0.00","0.00000"
"all-available","Asia/Taipei","BTCUSDT","BTC-260629-61000-P","2026-06-29","61000","PUT","1h","2026-06-28 19:00:00","2026-06-29 03:00:00","1350.000","1350.000","1350.000","1350.000","0.00","2026-06-28 19:59:59","2026-06-29 03:59:59","0.00000","0","0.00","0.00000"
"all-available","Asia/Taipei","BTCUSDT","BTC-260629-61000-P","2026-06-29","61000","PUT","1h","2026-06-28 20:00:00","2026-06-29 04:00:00","1350.000","1350.000","1350.000","1350.000","0.00","2026-06-28 20:59:59","2026-06-29 04:59:59","0.00000","0","0.00","0.00000"
"all-available","Asia/Taipei","BTCUSDT","BTC-260629-61000-P","2026-06-29","61000","PUT","1h","2026-06-28 21:00:00","2026-06-29 05:00:00","1350.000","1350.000","1350.000","1350.000","0.00","2026-06-28 21:59:59","2026-06-29 05:59:59","0.00000","0","0.00","0.00000"
"all-available","Asia/Taipei","BTCUSDT","BTC-260629-61000-P","2026-06-29","61000","PUT","1h","2026-06-28 22:00:00","2026-06-29 06:00:00","1350.000","1350.000","1350.000","1350.000","0.00","2026-06-28 22:59:59","2026-06-29 06:59:59","0.00000","0","0.00","0.00000"
"all-available","Asia/Taipei","BTCUSDT","BTC-260629-61000-P","2026-06-29","61000","PUT","1h","2026-06-28 23:00:00","2026-06-29 07:00:00","1350.000","1350.000","1350.000","1350.000","0.00","2026-06-28 23:59:59","2026-06-29 07:59:59","0.00000","0","0.00","0.00000"
"all-available","Asia/Taipei","BTCUSDT","BTC-260629-61000-P","2026-06-29","61000","PUT","1h","2026-06-29 00:00:00","2026-06-29 08:00:00","1350.000","1350.000","1350.000","1350.000","0.00","2026-06-29 00:59:59","2026-06-29 08:59:59","0.00000","0","0.00","0.00000"
"all-available","Asia/Taipei","BTCUSDT","BTC-260629-61000-P","2026-06-29","61000","PUT","1h","2026-06-29 01:00:00","2026-06-29 09:00:00","1350.000","1350.000","1350.000","1350.000","0.00","2026-06-29 01:59:59","2026-06-29 09:59:59","0.00000","0","0.00","0.00000"
"all-available","Asia/Taipei","BTCUSDT","BTC-260629-61000-P","2026-06-29","61000","PUT","1h","2026-06-29 02:00:00","2026-06-29 10:00:00","1350.000","1350.000","1350.000","1350.000","0.00","2026-06-29 02:59:59","2026-06-29 10:59:59","0.00000","0","0.00","0.00000"
"all-available","Asia/Taipei","BTCUSDT","BTC-260629-61000-P","2026-06-29","61000","PUT","1h","2026-06-29 03:00:00","2026-06-29 11:00:00","1350.000","1350.000","1350.000","1350.000","0.00","2026-06-29 03:59:59","2026-06-29 11:59:59","0.00000","0","0.00","0.00000"
"all-available","Asia/Taipei","BTCUSDT","BTC-260629-61000-P","2026-06-29","61000","PUT","1h","2026-06-29 04:00:00","2026-06-29 12:00:00","1350.000","1350.000","1350.000","1350.000","0.00","2026-06-29 04:59:59","2026-06-29 12:59:59","0.00000","0","0.00","0.00000"
"all-available","Asia/Taipei","BTCUSDT","BTC-260629-61000-P","2026-06-29","61000","PUT","1h","2026-06-29 05:00:00","2026-06-29 13:00:00","1350.000","1350.000","1350.000","1350.000","0.00","2026-06-29 05:59:59","2026-06-29 13:59:59","0.00000","0","0.00","0.00000"
"all-available","Asia/Taipei","BTCUSDT","BTC-260629-61000-P","2026-06-29","61000","PUT","1h","2026-06-29 06:00:00","2026-06-29 14:00:00","1350.000","1350.000","1350.000","1350.000","0.00","2026-06-29 06:59:59","2026-06-29 14:59:59","0.00000","0","0.00","0.00000"
"all-available","Asia/Taipei","BTCUSDT","BTC-260629-61000-P","2026-06-29","61000","PUT","1h","2026-06-29 07:00:00","2026-06-29 15:00:00","1350.000","1350.000","1350.000","1350.000","0.00","2026-06-29 07:59:59","2026-06-29 15:59:59","0.00000","0","0.00","0.00000"
"all-available","Asia/Taipei","BTCUSDT","BTC-260629-61500-C","2026-06-29","61500","CALL","1h","2026-06-26 09:00:00","2026-06-26 17:00:00","310.000","310.000","310.000","310.000","10.00","2026-06-26 09:59:59","2026-06-26 17:59:59","3100.00000","4","0.00","0.00000"
"all-available","Asia/Taipei","BTCUSDT","BTC-260629-61500-C","2026-06-29","61500","CALL","1h","2026-06-26 10:00:00","2026-06-26 18:00:00","310.000","310.000","310.000","310.000","0.00","2026-06-26 10:59:59","2026-06-26 18:59:59","0.00000","0","0.00","0.00000"
"all-available","Asia/Taipei","BTCUSDT","BTC-260629-61500-C","2026-06-29","61500","CALL","1h","2026-06-26 11:00:00","2026-06-26 19:00:00","215.000","215.000","210.000","215.000","1.60","2026-06-26 11:59:59","2026-06-26 19:59:59","339.00000","5","0.00","0.00000"
"all-available","Asia/Taipei","BTCUSDT","BTC-260629-61500-C","2026-06-29","61500","CALL","1h","2026-06-26 12:00:00","2026-06-26 20:00:00","245.000","270.000","210.000","215.000","0.65","2026-06-26 12:59:59","2026-06-26 20:59:59","151.15000","6","0.00","0.00000"
"all-available","Asia/Taipei","BTCUSDT","BTC-260629-61500-C","2026-06-29","61500","CALL","1h","2026-06-26 13:00:00","2026-06-26 21:00:00","210.000","210.000","175.000","190.000","2.96","2026-06-26 13:59:59","2026-06-26 21:59:59","525.45000","5","2.91","516.70000"
"all-available","Asia/Taipei","BTCUSDT","BTC-260629-61500-C","2026-06-29","61500","CALL","1h","2026-06-26 14:00:00","2026-06-26 22:00:00","310.000","310.000","210.000","210.000","10.62","2026-06-26 14:59:59","2026-06-26 22:59:59","3229.50000","8","8.91","2707.40000"
"all-available","Asia/Taipei","BTCUSDT","BTC-260629-61500-C","2026-06-29","61500","CALL","1h","2026-06-26 15:00:00","2026-06-26 23:00:00","285.000","325.000","265.000","285.000","10.68","2026-06-26 15:59:59","2026-06-26 23:59:59","3091.00000","14","5.06","1439.20000"
"all-available","Asia/Taipei","BTCUSDT","BTC-260629-61500-C","2026-06-29","61500","CALL","1h","2026-06-26 16:00:00","2026-06-27 00:00:00","305.000","355.000","295.000","295.000","9.91","2026-06-26 16:59:59","2026-06-27 00:59:59","3147.55000","8","0.00","0.00000"
"all-available","Asia/Taipei","BTCUSDT","BTC-260629-61500-C","2026-06-29","61500","CALL","1h","2026-06-26 17:00:00","2026-06-27 01:00:00","295.000","295.000","295.000","295.000","0.00","2026-06-26 17:59:59","2026-06-27 01:59:59","0.00000","0","0.00","0.00000"
"all-available","Asia/Taipei","BTCUSDT","BTC-260629-61500-C","2026-06-29","61500","CALL","1h","2026-06-26 18:00:00","2026-06-27 02:00:00","295.000","295.000","295.000","295.000","0.00","2026-06-26 18:59:59","2026-06-27 02:59:59","0.00000","0","0.00","0.00000"
"all-available","Asia/Taipei","BTCUSDT","BTC-260629-61500-C","2026-06-29","61500","CALL","1h","2026-06-26 19:00:00","2026-06-27 03:00:00","295.000","295.000","295.000","295.000","0.00","2026-06-26 19:59:59","2026-06-27 03:59:59","0.00000","0","0.00","0.00000"
"all-available","Asia/Taipei","BTCUSDT","BTC-260629-61500-C","2026-06-29","61500","CALL","1h","2026-06-26 20:00:00","2026-06-27 04:00:00","295.000","295.000","295.000","295.000","0.00","2026-06-26 20:59:59","2026-06-27 04:59:59","0.00000","0","0.00","0.00000"
"all-available","Asia/Taipei","BTCUSDT","BTC-260629-61500-C","2026-06-29","61500","CALL","1h","2026-06-26 21:00:00","2026-06-27 05:00:00","295.000","295.000","295.000","295.000","0.00","2026-06-26 21:59:59","2026-06-27 05:59:59","0.00000","0","0.00","0.00000"
"all-available","Asia/Taipei","BTCUSDT","BTC-260629-61500-C","2026-06-29","61500","CALL","1h","2026-06-26 22:00:00","2026-06-27 06:00:00","130.000","130.000","130.000","130.000","0.01","2026-06-26 22:59:59","2026-06-27 06:59:59","1.30000","1","0.01","1.30000"
"all-available","Asia/Taipei","BTCUSDT","BTC-260629-61500-C","2026-06-29","61500","CALL","1h","2026-06-26 23:00:00","2026-06-27 07:00:00","135.000","135.000","135.000","135.000","0.85","2026-06-26 23:59:59","2026-06-27 07:59:59","114.75000","17","0.85","114.75000"
"all-available","Asia/Taipei","BTCUSDT","BTC-260629-61500-C","2026-06-29","61500","CALL","1h","2026-06-27 00:00:00","2026-06-27 08:00:00","135.000","135.000","135.000","135.000","0.00","2026-06-27 00:59:59","2026-06-27 08:59:59","0.00000","0","0.00","0.00000"
"all-available","Asia/Taipei","BTCUSDT","BTC-260629-61500-C","2026-06-29","61500","CALL","1h","2026-06-27 01:00:00","2026-06-27 09:00:00","110.000","110.000","105.000","105.000","0.03","2026-06-27 01:59:59","2026-06-27 09:59:59","3.25000","2","0.01","1.05000"
"all-available","Asia/Taipei","BTCUSDT","BTC-260629-61500-C","2026-06-29","61500","CALL","1h","2026-06-27 02:00:00","2026-06-27 10:00:00","105.000","105.000","105.000","105.000","0.00","2026-06-27 02:59:59","2026-06-27 10:59:59","0.00000","0","0.00","0.00000"
"all-available","Asia/Taipei","BTCUSDT","BTC-260629-61500-C","2026-06-29","61500","CALL","1h","2026-06-27 03:00:00","2026-06-27 11:00:00","105.000","105.000","105.000","105.000","0.00","2026-06-27 03:59:59","2026-06-27 11:59:59","0.00000","0","0.00","0.00000"
"all-available","Asia/Taipei","BTCUSDT","BTC-260629-61500-C","2026-06-29","61500","CALL","1h","2026-06-27 04:00:00","2026-06-27 12:00:00","150.000","150.000","150.000","150.000","0.03","2026-06-27 04:59:59","2026-06-27 12:59:59","4.50000","1","0.03","4.50000"
"all-available","Asia/Taipei","BTCUSDT","BTC-260629-61500-C","2026-06-29","61500","CALL","1h","2026-06-27 05:00:00","2026-06-27 13:00:00","150.000","150.000","150.000","150.000","0.00","2026-06-27 05:59:59","2026-06-27 13:59:59","0.00000","0","0.00","0.00000"
"all-available","Asia/Taipei","BTCUSDT","BTC-260629-61500-C","2026-06-29","61500","CALL","1h","2026-06-27 06:00:00","2026-06-27 14:00:00","110.000","150.000","110.000","150.000","1.91","2026-06-27 06:59:59","2026-06-27 14:59:59","220.10000","3","1.83","208.50000"
"all-available","Asia/Taipei","BTCUSDT","BTC-260629-61500-C","2026-06-29","61500","CALL","1h","2026-06-27 07:00:00","2026-06-27 15:00:00","130.000","160.000","130.000","160.000","0.32","2026-06-27 07:59:59","2026-06-27 15:59:59","50.90000","2","0.31","49.60000"
"all-available","Asia/Taipei","BTCUSDT","BTC-260629-61500-C","2026-06-29","61500","CALL","1h","2026-06-27 08:00:00","2026-06-27 16:00:00","155.000","155.000","135.000","135.000","0.16","2026-06-27 08:59:59","2026-06-27 16:59:59","23.20000","2","0.08","12.40000"
"all-available","Asia/Taipei","BTCUSDT","BTC-260629-61500-C","2026-06-29","61500","CALL","1h","2026-06-27 09:00:00","2026-06-27 17:00:00","135.000","135.000","135.000","135.000","0.00","2026-06-27 09:59:59","2026-06-27 17:59:59","0.00000","0","0.00","0.00000"
"all-available","Asia/Taipei","BTCUSDT","BTC-260629-61500-C","2026-06-29","61500","CALL","1h","2026-06-27 10:00:00","2026-06-27 18:00:00","120.000","120.000","120.000","120.000","0.04","2026-06-27 10:59:59","2026-06-27 18:59:59","4.80000","1","0.00","0.00000"
"all-available","Asia/Taipei","BTCUSDT","BTC-260629-61500-C","2026-06-29","61500","CALL","1h","2026-06-27 11:00:00","2026-06-27 19:00:00","105.000","115.000","105.000","115.000","0.79","2026-06-27 11:59:59","2026-06-27 19:59:59","83.65000","2","0.79","83.65000"
"all-available","Asia/Taipei","BTCUSDT","BTC-260629-61500-C","2026-06-29","61500","CALL","1h","2026-06-27 12:00:00","2026-06-27 20:00:00","100.000","100.000","100.000","100.000","0.44","2026-06-27 12:59:59","2026-06-27 20:59:59","44.00000","2","0.44","44.00000"
"all-available","Asia/Taipei","BTCUSDT","BTC-260629-61500-C","2026-06-29","61500","CALL","1h","2026-06-27 13:00:00","2026-06-27 21:00:00","115.000","135.000","115.000","135.000","1.87","2026-06-27 13:59:59","2026-06-27 21:59:59","228.40000","5","1.53","186.30000"
"all-available","Asia/Taipei","BTCUSDT","BTC-260629-61500-C","2026-06-29","61500","CALL","1h","2026-06-27 14:00:00","2026-06-27 22:00:00","120.000","150.000","120.000","150.000","0.36","2026-06-27 14:59:59","2026-06-27 22:59:59","49.40000","4","0.00","0.00000"
"all-available","Asia/Taipei","BTCUSDT","BTC-260629-61500-C","2026-06-29","61500","CALL","1h","2026-06-27 15:00:00","2026-06-27 23:00:00","205.000","215.000","195.000","215.000","1.01","2026-06-27 15:59:59","2026-06-27 23:59:59","214.45000","5","0.95","202.35000"
"all-available","Asia/Taipei","BTCUSDT","BTC-260629-61500-C","2026-06-29","61500","CALL","1h","2026-06-27 16:00:00","2026-06-28 00:00:00","210.000","210.000","190.000","200.000","3.10","2026-06-27 16:59:59","2026-06-28 00:59:59","598.40000","4","0.91","182.00000"
"all-available","Asia/Taipei","BTCUSDT","BTC-260629-61500-C","2026-06-29","61500","CALL","1h","2026-06-27 17:00:00","2026-06-28 01:00:00","150.000","160.000","150.000","160.000","0.93","2026-06-27 17:59:59","2026-06-28 01:59:59","147.50000","4","0.93","147.50000"
"all-available","Asia/Taipei","BTCUSDT","BTC-260629-61500-C","2026-06-29","61500","CALL","1h","2026-06-27 18:00:00","2026-06-28 02:00:00","140.000","140.000","130.000","130.000","0.64","2026-06-27 18:59:59","2026-06-28 02:59:59","89.30000","3","0.61","85.40000"
"all-available","Asia/Taipei","BTCUSDT","BTC-260629-61500-C","2026-06-29","61500","CALL","1h","2026-06-27 19:00:00","2026-06-28 03:00:00","95.000","95.000","95.000","95.000","0.04","2026-06-27 19:59:59","2026-06-28 03:59:59","3.80000","1","0.04","3.80000"
"all-available","Asia/Taipei","BTCUSDT","BTC-260629-61500-C","2026-06-29","61500","CALL","1h","2026-06-27 20:00:00","2026-06-28 04:00:00","95.000","95.000","95.000","95.000","0.00","2026-06-27 20:59:59","2026-06-28 04:59:59","0.00000","0","0.00","0.00000"
"all-available","Asia/Taipei","BTCUSDT","BTC-260629-61500-C","2026-06-29","61500","CALL","1h","2026-06-27 21:00:00","2026-06-28 05:00:00","95.000","95.000","95.000","95.000","0.00","2026-06-27 21:59:59","2026-06-28 05:59:59","0.00000","0","0.00","0.00000"
"all-available","Asia/Taipei","BTCUSDT","BTC-260629-61500-C","2026-06-29","61500","CALL","1h","2026-06-27 22:00:00","2026-06-28 06:00:00","80.000","85.000","60.000","85.000","0.86","2026-06-27 22:59:59","2026-06-28 06:59:59","68.25000","8","0.04","3.05000"
"all-available","Asia/Taipei","BTCUSDT","BTC-260629-61500-C","2026-06-29","61500","CALL","1h","2026-06-27 23:00:00","2026-06-28 07:00:00","80.000","80.000","80.000","80.000","0.01","2026-06-27 23:59:59","2026-06-28 07:59:59","0.80000","1","0.00","0.00000"
"all-available","Asia/Taipei","BTCUSDT","BTC-260629-61500-C","2026-06-29","61500","CALL","1h","2026-06-28 00:00:00","2026-06-28 08:00:00","80.000","80.000","80.000","80.000","0.01","2026-06-28 00:59:59","2026-06-28 08:59:59","0.80000","1","0.01","0.80000"
"all-available","Asia/Taipei","BTCUSDT","BTC-260629-61500-C","2026-06-29","61500","CALL","1h","2026-06-28 01:00:00","2026-06-28 09:00:00","65.000","65.000","65.000","65.000","0.06","2026-06-28 01:59:59","2026-06-28 09:59:59","3.90000","1","0.00","0.00000"
"all-available","Asia/Taipei","BTCUSDT","BTC-260629-61500-C","2026-06-29","61500","CALL","1h","2026-06-28 02:00:00","2026-06-28 10:00:00","75.000","75.000","65.000","65.000","0.23","2026-06-28 02:59:59","2026-06-28 10:59:59","15.85000","3","0.00","0.00000"
"all-available","Asia/Taipei","BTCUSDT","BTC-260629-61500-C","2026-06-29","61500","CALL","1h","2026-06-28 03:00:00","2026-06-28 11:00:00","75.000","75.000","65.000","65.000","5.46","2026-06-28 03:59:59","2026-06-28 11:59:59","359.45000","9","0.45","33.75000"
"all-available","Asia/Taipei","BTCUSDT","BTC-260629-61500-C","2026-06-29","61500","CALL","1h","2026-06-28 04:00:00","2026-06-28 12:00:00","70.000","70.000","65.000","65.000","1.24","2026-06-28 04:59:59","2026-06-28 12:59:59","84.20000","5","1.24","84.20000"
"all-available","Asia/Taipei","BTCUSDT","BTC-260629-61500-C","2026-06-29","61500","CALL","1h","2026-06-28 05:00:00","2026-06-28 13:00:00","55.000","60.000","45.000","60.000","1.15","2026-06-28 05:59:59","2026-06-28 13:59:59","56.70000","13","0.29","13.35000"
"all-available","Asia/Taipei","BTCUSDT","BTC-260629-61500-C","2026-06-29","61500","CALL","1h","2026-06-28 06:00:00","2026-06-28 14:00:00","80.000","80.000","80.000","80.000","0.90","2026-06-28 06:59:59","2026-06-28 14:59:59","72.00000","1","0.00","0.00000"
"all-available","Asia/Taipei","BTCUSDT","BTC-260629-61500-C","2026-06-29","61500","CALL","1h","2026-06-28 07:00:00","2026-06-28 15:00:00","105.000","120.000","105.000","115.000","0.22","2026-06-28 07:59:59","2026-06-28 15:59:59","23.55000","4","0.19","20.10000"
"all-available","Asia/Taipei","BTCUSDT","BTC-260629-61500-C","2026-06-29","61500","CALL","1h","2026-06-28 08:00:00","2026-06-28 16:00:00","110.000","140.000","105.000","135.000","17.59","2026-06-28 08:59:59","2026-06-28 16:59:59","2007.55000","26","2.98","329.20000"
"all-available","Asia/Taipei","BTCUSDT","BTC-260629-61500-C","2026-06-29","61500","CALL","1h","2026-06-28 09:00:00","2026-06-28 17:00:00","120.000","125.000","115.000","125.000","2.56","2026-06-28 09:59:59","2026-06-28 17:59:59","304.25000","18","0.41","51.25000"
"all-available","Asia/Taipei","BTCUSDT","BTC-260629-61500-C","2026-06-29","61500","CALL","1h","2026-06-28 10:00:00","2026-06-28 18:00:00","125.000","125.000","125.000","125.000","0.00","2026-06-28 10:59:59","2026-06-28 18:59:59","0.00000","0","0.00","0.00000"
"all-available","Asia/Taipei","BTCUSDT","BTC-260629-61500-C","2026-06-29","61500","CALL","1h","2026-06-28 11:00:00","2026-06-28 19:00:00","85.000","120.000","85.000","120.000","0.46","2026-06-28 11:59:59","2026-06-28 19:59:59","47.50000","3","0.24","28.80000"
"all-available","Asia/Taipei","BTCUSDT","BTC-260629-61500-C","2026-06-29","61500","CALL","1h","2026-06-28 12:00:00","2026-06-28 20:00:00","100.000","110.000","100.000","110.000","1.74","2026-06-28 12:59:59","2026-06-28 20:59:59","184.50000","8","1.54","164.00000"
"all-available","Asia/Taipei","BTCUSDT","BTC-260629-61500-C","2026-06-29","61500","CALL","1h","2026-06-28 13:00:00","2026-06-28 21:00:00","90.000","90.000","70.000","75.000","6.40","2026-06-28 13:59:59","2026-06-28 21:59:59","482.65000","23","1.22","94.60000"
"all-available","Asia/Taipei","BTCUSDT","BTC-260629-61500-C","2026-06-29","61500","CALL","1h","2026-06-28 14:00:00","2026-06-28 22:00:00","70.000","75.000","70.000","70.000","2.91","2026-06-28 14:59:59","2026-06-28 22:59:59","208.20000","13","0.16","12.00000"
"all-available","Asia/Taipei","BTCUSDT","BTC-260629-61500-C","2026-06-29","61500","CALL","1h","2026-06-28 15:00:00","2026-06-28 23:00:00","55.000","65.000","45.000","45.000","6.82","2026-06-28 15:59:59","2026-06-28 23:59:59","341.65000","17","0.33","20.65000"
"all-available","Asia/Taipei","BTCUSDT","BTC-260629-61500-C","2026-06-29","61500","CALL","1h","2026-06-28 16:00:00","2026-06-29 00:00:00","50.000","50.000","35.000","35.000","13.65","2026-06-28 16:59:59","2026-06-29 00:59:59","563.90000","71","0.66","32.90000"
"all-available","Asia/Taipei","BTCUSDT","BTC-260629-61500-C","2026-06-29","61500","CALL","1h","2026-06-28 17:00:00","2026-06-29 01:00:00","35.000","35.000","30.000","30.000","1.54","2026-06-28 17:59:59","2026-06-29 01:59:59","50.50000","10","0.70","21.10000"
"all-available","Asia/Taipei","BTCUSDT","BTC-260629-61500-C","2026-06-29","61500","CALL","1h","2026-06-28 18:00:00","2026-06-29 02:00:00","45.000","45.000","45.000","45.000","0.01","2026-06-28 18:59:59","2026-06-29 02:59:59","0.45000","1","0.01","0.45000"
"all-available","Asia/Taipei","BTCUSDT","BTC-260629-61500-C","2026-06-29","61500","CALL","1h","2026-06-28 19:00:00","2026-06-29 03:00:00","20.000","20.000","20.000","20.000","0.01","2026-06-28 19:59:59","2026-06-29 03:59:59","0.20000","1","0.00","0.00000"
"all-available","Asia/Taipei","BTCUSDT","BTC-260629-61500-C","2026-06-29","61500","CALL","1h","2026-06-28 20:00:00","2026-06-29 04:00:00","35.000","35.000","30.000","30.000","0.76","2026-06-28 20:59:59","2026-06-29 04:59:59","23.55000","9","0.76","23.55000"
"all-available","Asia/Taipei","BTCUSDT","BTC-260629-61500-C","2026-06-29","61500","CALL","1h","2026-06-28 21:00:00","2026-06-29 05:00:00","25.000","25.000","20.000","20.000","10.72","2026-06-28 21:59:59","2026-06-29 05:59:59","257.15000","10","7.54","188.50000"
"all-available","Asia/Taipei","BTCUSDT","BTC-260629-61500-C","2026-06-29","61500","CALL","1h","2026-06-28 22:00:00","2026-06-29 06:00:00","25.000","25.000","10.000","10.000","11.67","2026-06-28 22:59:59","2026-06-29 06:59:59","186.20000","12","6.00","100.00000"
"all-available","Asia/Taipei","BTCUSDT","BTC-260629-61500-C","2026-06-29","61500","CALL","1h","2026-06-28 23:00:00","2026-06-29 07:00:00","15.000","20.000","15.000","20.000","5.19","2026-06-28 23:59:59","2026-06-29 07:59:59","88.85000","5","2.99","44.85000"
"all-available","Asia/Taipei","BTCUSDT","BTC-260629-61500-C","2026-06-29","61500","CALL","1h","2026-06-29 00:00:00","2026-06-29 08:00:00","10.000","10.000","5.000","5.000","6.39","2026-06-29 00:59:59","2026-06-29 08:59:59","41.70000","12","1.95","19.50000"
"all-available","Asia/Taipei","BTCUSDT","BTC-260629-61500-C","2026-06-29","61500","CALL","1h","2026-06-29 01:00:00","2026-06-29 09:00:00","5.000","5.000","5.000","5.000","2.00","2026-06-29 01:59:59","2026-06-29 09:59:59","10.00000","4","2.00","10.00000"
"all-available","Asia/Taipei","BTCUSDT","BTC-260629-61500-C","2026-06-29","61500","CALL","1h","2026-06-29 02:00:00","2026-06-29 10:00:00","5.000","5.000","5.000","5.000","2.70","2026-06-29 02:59:59","2026-06-29 10:59:59","13.50000","6","2.70","13.50000"
"all-available","Asia/Taipei","BTCUSDT","BTC-260629-61500-C","2026-06-29","61500","CALL","1h","2026-06-29 03:00:00","2026-06-29 11:00:00","5.000","10.000","5.000","10.000","7.90","2026-06-29 03:59:59","2026-06-29 11:59:59","49.25000","9","2.05","20.00000"
"all-available","Asia/Taipei","BTCUSDT","BTC-260629-61500-C","2026-06-29","61500","CALL","1h","2026-06-29 04:00:00","2026-06-29 12:00:00","5.000","5.000","5.000","5.000","0.01","2026-06-29 04:59:59","2026-06-29 12:59:59","0.05000","1","0.01","0.05000"
"all-available","Asia/Taipei","BTCUSDT","BTC-260629-61500-C","2026-06-29","61500","CALL","1h","2026-06-29 05:00:00","2026-06-29 13:00:00","5.000","5.000","5.000","5.000","0.00","2026-06-29 05:59:59","2026-06-29 13:59:59","0.00000","0","0.00","0.00000"
"all-available","Asia/Taipei","BTCUSDT","BTC-260629-61500-C","2026-06-29","61500","CALL","1h","2026-06-29 06:00:00","2026-06-29 14:00:00","5.000","5.000","5.000","5.000","0.00","2026-06-29 06:59:59","2026-06-29 14:59:59","0.00000","0","0.00","0.00000"
"all-available","Asia/Taipei","BTCUSDT","BTC-260629-61500-C","2026-06-29","61500","CALL","1h","2026-06-29 07:00:00","2026-06-29 15:00:00","5.000","5.000","5.000","5.000","1.26","2026-06-29 07:59:59","2026-06-29 15:59:59","6.30000","1","1.26","6.30000"
"all-available","Asia/Taipei","BTCUSDT","BTC-260629-61500-P","2026-06-29","61500","PUT","1h","2026-06-26 12:00:00","2026-06-26 20:00:00","2555.000","2555.000","2555.000","2555.000","2.60","2026-06-26 12:59:59","2026-06-26 20:59:59","6643.00000","1","0.00","0.00000"
"all-available","Asia/Taipei","BTCUSDT","BTC-260629-61500-P","2026-06-29","61500","PUT","1h","2026-06-26 13:00:00","2026-06-26 21:00:00","2775.000","2775.000","2720.000","2720.000","4.75","2026-06-26 13:59:59","2026-06-26 21:59:59","13063.00000","3","2.15","5848.00000"
"all-available","Asia/Taipei","BTCUSDT","BTC-260629-61500-P","2026-06-29","61500","PUT","1h","2026-06-26 14:00:00","2026-06-26 22:00:00","2720.000","2720.000","2720.000","2720.000","0.00","2026-06-26 14:59:59","2026-06-26 22:59:59","0.00000","0","0.00","0.00000"
"all-available","Asia/Taipei","BTCUSDT","BTC-260629-61500-P","2026-06-29","61500","PUT","1h","2026-06-26 15:00:00","2026-06-26 23:00:00","2720.000","2720.000","2720.000","2720.000","0.00","2026-06-26 15:59:59","2026-06-26 23:59:59","0.00000","0","0.00","0.00000"
"all-available","Asia/Taipei","BTCUSDT","BTC-260629-61500-P","2026-06-29","61500","PUT","1h","2026-06-26 16:00:00","2026-06-27 00:00:00","2720.000","2720.000","2720.000","2720.000","0.00","2026-06-26 16:59:59","2026-06-27 00:59:59","0.00000","0","0.00","0.00000"
"all-available","Asia/Taipei","BTCUSDT","BTC-260629-61500-P","2026-06-29","61500","PUT","1h","2026-06-26 17:00:00","2026-06-27 01:00:00","2720.000","2720.000","2720.000","2720.000","0.00","2026-06-26 17:59:59","2026-06-27 01:59:59","0.00000","0","0.00","0.00000"
"all-available","Asia/Taipei","BTCUSDT","BTC-260629-61500-P","2026-06-29","61500","PUT","1h","2026-06-26 18:00:00","2026-06-27 02:00:00","2720.000","2720.000","2720.000","2720.000","0.00","2026-06-26 18:59:59","2026-06-27 02:59:59","0.00000","0","0.00","0.00000"
"all-available","Asia/Taipei","BTCUSDT","BTC-260629-61500-P","2026-06-29","61500","PUT","1h","2026-06-26 19:00:00","2026-06-27 03:00:00","2720.000","2720.000","2720.000","2720.000","0.00","2026-06-26 19:59:59","2026-06-27 03:59:59","0.00000","0","0.00","0.00000"
"all-available","Asia/Taipei","BTCUSDT","BTC-260629-61500-P","2026-06-29","61500","PUT","1h","2026-06-26 20:00:00","2026-06-27 04:00:00","2720.000","2720.000","2720.000","2720.000","0.00","2026-06-26 20:59:59","2026-06-27 04:59:59","0.00000","0","0.00","0.00000"
"all-available","Asia/Taipei","BTCUSDT","BTC-260629-61500-P","2026-06-29","61500","PUT","1h","2026-06-26 21:00:00","2026-06-27 05:00:00","2720.000","2720.000","2720.000","2720.000","0.00","2026-06-26 21:59:59","2026-06-27 05:59:59","0.00000","0","0.00","0.00000"
"all-available","Asia/Taipei","BTCUSDT","BTC-260629-61500-P","2026-06-29","61500","PUT","1h","2026-06-26 22:00:00","2026-06-27 06:00:00","2720.000","2720.000","2720.000","2720.000","0.00","2026-06-26 22:59:59","2026-06-27 06:59:59","0.00000","0","0.00","0.00000"
"all-available","Asia/Taipei","BTCUSDT","BTC-260629-61500-P","2026-06-29","61500","PUT","1h","2026-06-26 23:00:00","2026-06-27 07:00:00","2720.000","2720.000","2720.000","2720.000","0.00","2026-06-26 23:59:59","2026-06-27 07:59:59","0.00000","0","0.00","0.00000"
"all-available","Asia/Taipei","BTCUSDT","BTC-260629-61500-P","2026-06-29","61500","PUT","1h","2026-06-27 00:00:00","2026-06-27 08:00:00","2720.000","2720.000","2720.000","2720.000","0.00","2026-06-27 00:59:59","2026-06-27 08:59:59","0.00000","0","0.00","0.00000"
"all-available","Asia/Taipei","BTCUSDT","BTC-260629-61500-P","2026-06-29","61500","PUT","1h","2026-06-27 01:00:00","2026-06-27 09:00:00","2720.000","2720.000","2720.000","2720.000","0.00","2026-06-27 01:59:59","2026-06-27 09:59:59","0.00000","0","0.00","0.00000"
"all-available","Asia/Taipei","BTCUSDT","BTC-260629-61500-P","2026-06-29","61500","PUT","1h","2026-06-27 02:00:00","2026-06-27 10:00:00","2720.000","2720.000","2720.000","2720.000","0.00","2026-06-27 02:59:59","2026-06-27 10:59:59","0.00000","0","0.00","0.00000"
"all-available","Asia/Taipei","BTCUSDT","BTC-260629-61500-P","2026-06-29","61500","PUT","1h","2026-06-27 03:00:00","2026-06-27 11:00:00","2720.000","2720.000","2720.000","2720.000","0.00","2026-06-27 03:59:59","2026-06-27 11:59:59","0.00000","0","0.00","0.00000"
"all-available","Asia/Taipei","BTCUSDT","BTC-260629-61500-P","2026-06-29","61500","PUT","1h","2026-06-27 04:00:00","2026-06-27 12:00:00","2720.000","2720.000","2720.000","2720.000","0.00","2026-06-27 04:59:59","2026-06-27 12:59:59","0.00000","0","0.00","0.00000"
"all-available","Asia/Taipei","BTCUSDT","BTC-260629-61500-P","2026-06-29","61500","PUT","1h","2026-06-27 05:00:00","2026-06-27 13:00:00","2720.000","2720.000","2720.000","2720.000","0.00","2026-06-27 05:59:59","2026-06-27 13:59:59","0.00000","0","0.00","0.00000"
"all-available","Asia/Taipei","BTCUSDT","BTC-260629-61500-P","2026-06-29","61500","PUT","1h","2026-06-27 06:00:00","2026-06-27 14:00:00","2720.000","2720.000","2720.000","2720.000","0.00","2026-06-27 06:59:59","2026-06-27 14:59:59","0.00000","0","0.00","0.00000"
"all-available","Asia/Taipei","BTCUSDT","BTC-260629-61500-P","2026-06-29","61500","PUT","1h","2026-06-27 07:00:00","2026-06-27 15:00:00","2720.000","2720.000","2720.000","2720.000","0.00","2026-06-27 07:59:59","2026-06-27 15:59:59","0.00000","0","0.00","0.00000"
"all-available","Asia/Taipei","BTCUSDT","BTC-260629-61500-P","2026-06-29","61500","PUT","1h","2026-06-27 08:00:00","2026-06-27 16:00:00","2720.000","2720.000","2720.000","2720.000","0.00","2026-06-27 08:59:59","2026-06-27 16:59:59","0.00000","0","0.00","0.00000"
"all-available","Asia/Taipei","BTCUSDT","BTC-260629-61500-P","2026-06-29","61500","PUT","1h","2026-06-27 09:00:00","2026-06-27 17:00:00","2720.000","2720.000","2720.000","2720.000","0.00","2026-06-27 09:59:59","2026-06-27 17:59:59","0.00000","0","0.00","0.00000"
"all-available","Asia/Taipei","BTCUSDT","BTC-260629-61500-P","2026-06-29","61500","PUT","1h","2026-06-27 10:00:00","2026-06-27 18:00:00","2720.000","2720.000","2720.000","2720.000","0.00","2026-06-27 10:59:59","2026-06-27 18:59:59","0.00000","0","0.00","0.00000"
"all-available","Asia/Taipei","BTCUSDT","BTC-260629-61500-P","2026-06-29","61500","PUT","1h","2026-06-27 11:00:00","2026-06-27 19:00:00","2720.000","2720.000","2720.000","2720.000","0.00","2026-06-27 11:59:59","2026-06-27 19:59:59","0.00000","0","0.00","0.00000"
"all-available","Asia/Taipei","BTCUSDT","BTC-260629-61500-P","2026-06-29","61500","PUT","1h","2026-06-27 12:00:00","2026-06-27 20:00:00","2720.000","2720.000","2720.000","2720.000","0.00","2026-06-27 12:59:59","2026-06-27 20:59:59","0.00000","0","0.00","0.00000"
"all-available","Asia/Taipei","BTCUSDT","BTC-260629-61500-P","2026-06-29","61500","PUT","1h","2026-06-27 13:00:00","2026-06-27 21:00:00","2720.000","2720.000","2720.000","2720.000","0.00","2026-06-27 13:59:59","2026-06-27 21:59:59","0.00000","0","0.00","0.00000"
"all-available","Asia/Taipei","BTCUSDT","BTC-260629-61500-P","2026-06-29","61500","PUT","1h","2026-06-27 14:00:00","2026-06-27 22:00:00","2720.000","2720.000","2720.000","2720.000","0.00","2026-06-27 14:59:59","2026-06-27 22:59:59","0.00000","0","0.00","0.00000"
"all-available","Asia/Taipei","BTCUSDT","BTC-260629-61500-P","2026-06-29","61500","PUT","1h","2026-06-27 15:00:00","2026-06-27 23:00:00","2720.000","2720.000","2720.000","2720.000","0.00","2026-06-27 15:59:59","2026-06-27 23:59:59","0.00000","0","0.00","0.00000"
"all-available","Asia/Taipei","BTCUSDT","BTC-260629-61500-P","2026-06-29","61500","PUT","1h","2026-06-27 16:00:00","2026-06-28 00:00:00","2720.000","2720.000","2720.000","2720.000","0.00","2026-06-27 16:59:59","2026-06-28 00:59:59","0.00000","0","0.00","0.00000"
"all-available","Asia/Taipei","BTCUSDT","BTC-260629-61500-P","2026-06-29","61500","PUT","1h","2026-06-27 17:00:00","2026-06-28 01:00:00","2720.000","2720.000","2720.000","2720.000","0.00","2026-06-27 17:59:59","2026-06-28 01:59:59","0.00000","0","0.00","0.00000"
"all-available","Asia/Taipei","BTCUSDT","BTC-260629-61500-P","2026-06-29","61500","PUT","1h","2026-06-27 18:00:00","2026-06-28 02:00:00","2720.000","2720.000","2720.000","2720.000","0.00","2026-06-27 18:59:59","2026-06-28 02:59:59","0.00000","0","0.00","0.00000"
"all-available","Asia/Taipei","BTCUSDT","BTC-260629-61500-P","2026-06-29","61500","PUT","1h","2026-06-27 19:00:00","2026-06-28 03:00:00","2720.000","2720.000","2720.000","2720.000","0.00","2026-06-27 19:59:59","2026-06-28 03:59:59","0.00000","0","0.00","0.00000"
"all-available","Asia/Taipei","BTCUSDT","BTC-260629-61500-P","2026-06-29","61500","PUT","1h","2026-06-27 20:00:00","2026-06-28 04:00:00","2720.000","2720.000","2720.000","2720.000","0.00","2026-06-27 20:59:59","2026-06-28 04:59:59","0.00000","0","0.00","0.00000"
"all-available","Asia/Taipei","BTCUSDT","BTC-260629-61500-P","2026-06-29","61500","PUT","1h","2026-06-27 21:00:00","2026-06-28 05:00:00","2720.000","2720.000","2720.000","2720.000","0.00","2026-06-27 21:59:59","2026-06-28 05:59:59","0.00000","0","0.00","0.00000"
"all-available","Asia/Taipei","BTCUSDT","BTC-260629-61500-P","2026-06-29","61500","PUT","1h","2026-06-27 22:00:00","2026-06-28 06:00:00","2720.000","2720.000","2720.000","2720.000","0.00","2026-06-27 22:59:59","2026-06-28 06:59:59","0.00000","0","0.00","0.00000"
"all-available","Asia/Taipei","BTCUSDT","BTC-260629-61500-P","2026-06-29","61500","PUT","1h","2026-06-27 23:00:00","2026-06-28 07:00:00","2720.000","2720.000","2720.000","2720.000","0.00","2026-06-27 23:59:59","2026-06-28 07:59:59","0.00000","0","0.00","0.00000"
"all-available","Asia/Taipei","BTCUSDT","BTC-260629-61500-P","2026-06-29","61500","PUT","1h","2026-06-28 00:00:00","2026-06-28 08:00:00","2720.000","2720.000","2720.000","2720.000","0.00","2026-06-28 00:59:59","2026-06-28 08:59:59","0.00000","0","0.00","0.00000"
"all-available","Asia/Taipei","BTCUSDT","BTC-260629-61500-P","2026-06-29","61500","PUT","1h","2026-06-28 01:00:00","2026-06-28 09:00:00","2720.000","2720.000","2720.000","2720.000","0.00","2026-06-28 01:59:59","2026-06-28 09:59:59","0.00000","0","0.00","0.00000"
"all-available","Asia/Taipei","BTCUSDT","BTC-260629-61500-P","2026-06-29","61500","PUT","1h","2026-06-28 02:00:00","2026-06-28 10:00:00","2720.000","2720.000","2720.000","2720.000","0.00","2026-06-28 02:59:59","2026-06-28 10:59:59","0.00000","0","0.00","0.00000"
"all-available","Asia/Taipei","BTCUSDT","BTC-260629-61500-P","2026-06-29","61500","PUT","1h","2026-06-28 03:00:00","2026-06-28 11:00:00","2720.000","2720.000","2720.000","2720.000","0.00","2026-06-28 03:59:59","2026-06-28 11:59:59","0.00000","0","0.00","0.00000"
"all-available","Asia/Taipei","BTCUSDT","BTC-260629-61500-P","2026-06-29","61500","PUT","1h","2026-06-28 04:00:00","2026-06-28 12:00:00","2720.000","2720.000","2720.000","2720.000","0.00","2026-06-28 04:59:59","2026-06-28 12:59:59","0.00000","0","0.00","0.00000"
"all-available","Asia/Taipei","BTCUSDT","BTC-260629-61500-P","2026-06-29","61500","PUT","1h","2026-06-28 05:00:00","2026-06-28 13:00:00","2720.000","2720.000","2720.000","2720.000","0.00","2026-06-28 05:59:59","2026-06-28 13:59:59","0.00000","0","0.00","0.00000"
"all-available","Asia/Taipei","BTCUSDT","BTC-260629-61500-P","2026-06-29","61500","PUT","1h","2026-06-28 06:00:00","2026-06-28 14:00:00","2720.000","2720.000","2720.000","2720.000","0.00","2026-06-28 06:59:59","2026-06-28 14:59:59","0.00000","0","0.00","0.00000"
"all-available","Asia/Taipei","BTCUSDT","BTC-260629-61500-P","2026-06-29","61500","PUT","1h","2026-06-28 07:00:00","2026-06-28 15:00:00","2720.000","2720.000","2720.000","2720.000","0.00","2026-06-28 07:59:59","2026-06-28 15:59:59","0.00000","0","0.00","0.00000"
"all-available","Asia/Taipei","BTCUSDT","BTC-260629-61500-P","2026-06-29","61500","PUT","1h","2026-06-28 08:00:00","2026-06-28 16:00:00","2720.000","2720.000","2720.000","2720.000","0.00","2026-06-28 08:59:59","2026-06-28 16:59:59","0.00000","0","0.00","0.00000"
"all-available","Asia/Taipei","BTCUSDT","BTC-260629-61500-P","2026-06-29","61500","PUT","1h","2026-06-28 09:00:00","2026-06-28 17:00:00","2720.000","2720.000","2720.000","2720.000","0.00","2026-06-28 09:59:59","2026-06-28 17:59:59","0.00000","0","0.00","0.00000"
"all-available","Asia/Taipei","BTCUSDT","BTC-260629-61500-P","2026-06-29","61500","PUT","1h","2026-06-28 10:00:00","2026-06-28 18:00:00","2720.000","2720.000","2720.000","2720.000","0.00","2026-06-28 10:59:59","2026-06-28 18:59:59","0.00000","0","0.00","0.00000"
"all-available","Asia/Taipei","BTCUSDT","BTC-260629-61500-P","2026-06-29","61500","PUT","1h","2026-06-28 11:00:00","2026-06-28 19:00:00","2720.000","2720.000","2720.000","2720.000","0.00","2026-06-28 11:59:59","2026-06-28 19:59:59","0.00000","0","0.00","0.00000"
"all-available","Asia/Taipei","BTCUSDT","BTC-260629-61500-P","2026-06-29","61500","PUT","1h","2026-06-28 12:00:00","2026-06-28 20:00:00","2720.000","2720.000","2720.000","2720.000","0.00","2026-06-28 12:59:59","2026-06-28 20:59:59","0.00000","0","0.00","0.00000"
"all-available","Asia/Taipei","BTCUSDT","BTC-260629-61500-P","2026-06-29","61500","PUT","1h","2026-06-28 13:00:00","2026-06-28 21:00:00","2720.000","2720.000","2720.000","2720.000","0.00","2026-06-28 13:59:59","2026-06-28 21:59:59","0.00000","0","0.00","0.00000"
"all-available","Asia/Taipei","BTCUSDT","BTC-260629-61500-P","2026-06-29","61500","PUT","1h","2026-06-28 14:00:00","2026-06-28 22:00:00","2720.000","2720.000","2720.000","2720.000","0.00","2026-06-28 14:59:59","2026-06-28 22:59:59","0.00000","0","0.00","0.00000"
"all-available","Asia/Taipei","BTCUSDT","BTC-260629-61500-P","2026-06-29","61500","PUT","1h","2026-06-28 15:00:00","2026-06-28 23:00:00","2720.000","2720.000","2720.000","2720.000","0.00","2026-06-28 15:59:59","2026-06-28 23:59:59","0.00000","0","0.00","0.00000"
"all-available","Asia/Taipei","BTCUSDT","BTC-260629-61500-P","2026-06-29","61500","PUT","1h","2026-06-28 16:00:00","2026-06-29 00:00:00","2720.000","2720.000","2720.000","2720.000","0.00","2026-06-28 16:59:59","2026-06-29 00:59:59","0.00000","0","0.00","0.00000"
"all-available","Asia/Taipei","BTCUSDT","BTC-260629-61500-P","2026-06-29","61500","PUT","1h","2026-06-28 17:00:00","2026-06-29 01:00:00","2720.000","2720.000","2720.000","2720.000","0.00","2026-06-28 17:59:59","2026-06-29 01:59:59","0.00000","0","0.00","0.00000"
"all-available","Asia/Taipei","BTCUSDT","BTC-260629-61500-P","2026-06-29","61500","PUT","1h","2026-06-28 18:00:00","2026-06-29 02:00:00","2720.000","2720.000","2720.000","2720.000","0.00","2026-06-28 18:59:59","2026-06-29 02:59:59","0.00000","0","0.00","0.00000"
"all-available","Asia/Taipei","BTCUSDT","BTC-260629-61500-P","2026-06-29","61500","PUT","1h","2026-06-28 19:00:00","2026-06-29 03:00:00","2720.000","2720.000","2720.000","2720.000","0.00","2026-06-28 19:59:59","2026-06-29 03:59:59","0.00000","0","0.00","0.00000"
"all-available","Asia/Taipei","BTCUSDT","BTC-260629-61500-P","2026-06-29","61500","PUT","1h","2026-06-28 20:00:00","2026-06-29 04:00:00","2720.000","2720.000","2720.000","2720.000","0.00","2026-06-28 20:59:59","2026-06-29 04:59:59","0.00000","0","0.00","0.00000"
"all-available","Asia/Taipei","BTCUSDT","BTC-260629-61500-P","2026-06-29","61500","PUT","1h","2026-06-28 21:00:00","2026-06-29 05:00:00","2720.000","2720.000","2720.000","2720.000","0.00","2026-06-28 21:59:59","2026-06-29 05:59:59","0.00000","0","0.00","0.00000"
"all-available","Asia/Taipei","BTCUSDT","BTC-260629-61500-P","2026-06-29","61500","PUT","1h","2026-06-28 22:00:00","2026-06-29 06:00:00","2720.000","2720.000","2720.000","2720.000","0.00","2026-06-28 22:59:59","2026-06-29 06:59:59","0.00000","0","0.00","0.00000"
"all-available","Asia/Taipei","BTCUSDT","BTC-260629-61500-P","2026-06-29","61500","PUT","1h","2026-06-28 23:00:00","2026-06-29 07:00:00","2720.000","2720.000","2720.000","2720.000","0.00","2026-06-28 23:59:59","2026-06-29 07:59:59","0.00000","0","0.00","0.00000"
"all-available","Asia/Taipei","BTCUSDT","BTC-260629-61500-P","2026-06-29","61500","PUT","1h","2026-06-29 00:00:00","2026-06-29 08:00:00","2720.000","2720.000","2720.000","2720.000","0.00","2026-06-29 00:59:59","2026-06-29 08:59:59","0.00000","0","0.00","0.00000"
"all-available","Asia/Taipei","BTCUSDT","BTC-260629-61500-P","2026-06-29","61500","PUT","1h","2026-06-29 01:00:00","2026-06-29 09:00:00","2720.000","2720.000","2720.000","2720.000","0.00","2026-06-29 01:59:59","2026-06-29 09:59:59","0.00000","0","0.00","0.00000"
"all-available","Asia/Taipei","BTCUSDT","BTC-260629-61500-P","2026-06-29","61500","PUT","1h","2026-06-29 02:00:00","2026-06-29 10:00:00","2720.000","2720.000","2720.000","2720.000","0.00","2026-06-29 02:59:59","2026-06-29 10:59:59","0.00000","0","0.00","0.00000"
"all-available","Asia/Taipei","BTCUSDT","BTC-260629-61500-P","2026-06-29","61500","PUT","1h","2026-06-29 03:00:00","2026-06-29 11:00:00","2720.000","2720.000","2720.000","2720.000","0.00","2026-06-29 03:59:59","2026-06-29 11:59:59","0.00000","0","0.00","0.00000"
"all-available","Asia/Taipei","BTCUSDT","BTC-260629-61500-P","2026-06-29","61500","PUT","1h","2026-06-29 04:00:00","2026-06-29 12:00:00","2720.000","2720.000","2720.000","2720.000","0.00","2026-06-29 04:59:59","2026-06-29 12:59:59","0.00000","0","0.00","0.00000"
"all-available","Asia/Taipei","BTCUSDT","BTC-260629-61500-P","2026-06-29","61500","PUT","1h","2026-06-29 05:00:00","2026-06-29 13:00:00","2720.000","2720.000","2720.000","2720.000","0.00","2026-06-29 05:59:59","2026-06-29 13:59:59","0.00000","0","0.00","0.00000"
"all-available","Asia/Taipei","BTCUSDT","BTC-260629-61500-P","2026-06-29","61500","PUT","1h","2026-06-29 06:00:00","2026-06-29 14:00:00","2720.000","2720.000","2720.000","2720.000","0.00","2026-06-29 06:59:59","2026-06-29 14:59:59","0.00000","0","0.00","0.00000"
"all-available","Asia/Taipei","BTCUSDT","BTC-260629-61500-P","2026-06-29","61500","PUT","1h","2026-06-29 07:00:00","2026-06-29 15:00:00","2720.000","2720.000","2720.000","2720.000","0.00","2026-06-29 07:59:59","2026-06-29 15:59:59","0.00000","0","0.00","0.00000"
"all-available","Asia/Taipei","BTCUSDT","BTC-260629-62000-C","2026-06-29","62000","CALL","1h","2026-06-26 08:00:00","2026-06-26 16:00:00","245.000","270.000","225.000","225.000","21.32","2026-06-26 08:59:59","2026-06-26 16:59:59","5170.15000","29","1.01","238.95000"
"all-available","Asia/Taipei","BTCUSDT","BTC-260629-62000-C","2026-06-29","62000","CALL","1h","2026-06-26 09:00:00","2026-06-26 17:00:00","205.000","205.000","205.000","205.000","0.04","2026-06-26 09:59:59","2026-06-26 17:59:59","8.20000","1","0.00","0.00000"
"all-available","Asia/Taipei","BTCUSDT","BTC-260629-62000-C","2026-06-29","62000","CALL","1h","2026-06-26 10:00:00","2026-06-26 18:00:00","165.000","165.000","145.000","145.000","0.73","2026-06-26 10:59:59","2026-06-26 18:59:59","106.25000","3","0.00","0.00000"
"all-available","Asia/Taipei","BTCUSDT","BTC-260629-62000-C","2026-06-29","62000","CALL","1h","2026-06-26 11:00:00","2026-06-26 19:00:00","140.000","140.000","140.000","140.000","0.01","2026-06-26 11:59:59","2026-06-26 19:59:59","1.40000","1","0.00","0.00000"
"all-available","Asia/Taipei","BTCUSDT","BTC-260629-62000-C","2026-06-29","62000","CALL","1h","2026-06-26 12:00:00","2026-06-26 20:00:00","170.000","180.000","170.000","180.000","0.25","2026-06-26 12:59:59","2026-06-26 20:59:59","43.50000","2","0.00","0.00000"
"all-available","Asia/Taipei","BTCUSDT","BTC-260629-62000-C","2026-06-29","62000","CALL","1h","2026-06-26 13:00:00","2026-06-26 21:00:00","120.000","225.000","105.000","225.000","2.83","2026-06-26 13:59:59","2026-06-26 21:59:59","343.40000","6","0.82","98.40000"
"all-available","Asia/Taipei","BTCUSDT","BTC-260629-62000-C","2026-06-29","62000","CALL","1h","2026-06-26 14:00:00","2026-06-26 22:00:00","225.000","225.000","225.000","225.000","0.00","2026-06-26 14:59:59","2026-06-26 22:59:59","0.00000","0","0.00","0.00000"
"all-available","Asia/Taipei","BTCUSDT","BTC-260629-62000-C","2026-06-29","62000","CALL","1h","2026-06-26 15:00:00","2026-06-26 23:00:00","140.000","220.000","140.000","175.000","1.22","2026-06-26 15:59:59","2026-06-26 23:59:59","202.05000","9","0.02","2.80000"
"all-available","Asia/Taipei","BTCUSDT","BTC-260629-62000-C","2026-06-29","62000","CALL","1h","2026-06-26 16:00:00","2026-06-27 00:00:00","180.000","180.000","135.000","135.000","1.81","2026-06-26 16:59:59","2026-06-27 00:59:59","283.25000","4","0.50","90.00000"
"all-available","Asia/Taipei","BTCUSDT","BTC-260629-62000-C","2026-06-29","62000","CALL","1h","2026-06-26 17:00:00","2026-06-27 01:00:00","135.000","135.000","135.000","135.000","0.00","2026-06-26 17:59:59","2026-06-27 01:59:59","0.00000","0","0.00","0.00000"
"all-available","Asia/Taipei","BTCUSDT","BTC-260629-62000-C","2026-06-29","62000","CALL","1h","2026-06-26 18:00:00","2026-06-27 02:00:00","135.000","135.000","135.000","135.000","0.00","2026-06-26 18:59:59","2026-06-27 02:59:59","0.00000","0","0.00","0.00000"
"all-available","Asia/Taipei","BTCUSDT","BTC-260629-62000-C","2026-06-29","62000","CALL","1h","2026-06-26 19:00:00","2026-06-27 03:00:00","85.000","95.000","80.000","80.000","0.16","2026-06-26 19:59:59","2026-06-27 03:59:59","13.85000","3","0.16","13.85000"
"all-available","Asia/Taipei","BTCUSDT","BTC-260629-62000-C","2026-06-29","62000","CALL","1h","2026-06-26 20:00:00","2026-06-27 04:00:00","80.000","80.000","80.000","80.000","0.00","2026-06-26 20:59:59","2026-06-27 04:59:59","0.00000","0","0.00","0.00000"
"all-available","Asia/Taipei","BTCUSDT","BTC-260629-62000-C","2026-06-29","62000","CALL","1h","2026-06-26 21:00:00","2026-06-27 05:00:00","80.000","80.000","80.000","80.000","0.00","2026-06-26 21:59:59","2026-06-27 05:59:59","0.00000","0","0.00","0.00000"
"all-available","Asia/Taipei","BTCUSDT","BTC-260629-62000-C","2026-06-29","62000","CALL","1h","2026-06-26 22:00:00","2026-06-27 06:00:00","80.000","80.000","80.000","80.000","0.00","2026-06-26 22:59:59","2026-06-27 06:59:59","0.00000","0","0.00","0.00000"
"all-available","Asia/Taipei","BTCUSDT","BTC-260629-62000-C","2026-06-29","62000","CALL","1h","2026-06-26 23:00:00","2026-06-27 07:00:00","75.000","75.000","65.000","70.000","1.80","2026-06-26 23:59:59","2026-06-27 07:59:59","123.75000","21","1.15","81.50000"
"all-available","Asia/Taipei","BTCUSDT","BTC-260629-62000-C","2026-06-29","62000","CALL","1h","2026-06-27 00:00:00","2026-06-27 08:00:00","70.000","70.000","70.000","70.000","0.01","2026-06-27 00:59:59","2026-06-27 08:59:59","0.70000","1","0.00","0.00000"
"all-available","Asia/Taipei","BTCUSDT","BTC-260629-62000-C","2026-06-29","62000","CALL","1h","2026-06-27 01:00:00","2026-06-27 09:00:00","50.000","50.000","50.000","50.000","0.01","2026-06-27 01:59:59","2026-06-27 09:59:59","0.50000","1","0.00","0.00000"
"all-available","Asia/Taipei","BTCUSDT","BTC-260629-62000-C","2026-06-29","62000","CALL","1h","2026-06-27 02:00:00","2026-06-27 10:00:00","65.000","65.000","65.000","65.000","0.04","2026-06-27 02:59:59","2026-06-27 10:59:59","2.60000","1","0.04","2.60000"
"all-available","Asia/Taipei","BTCUSDT","BTC-260629-62000-C","2026-06-29","62000","CALL","1h","2026-06-27 03:00:00","2026-06-27 11:00:00","55.000","55.000","55.000","55.000","0.09","2026-06-27 03:59:59","2026-06-27 11:59:59","4.95000","1","0.00","0.00000"
"all-available","Asia/Taipei","BTCUSDT","BTC-260629-62000-C","2026-06-29","62000","CALL","1h","2026-06-27 04:00:00","2026-06-27 12:00:00","75.000","75.000","70.000","70.000","0.13","2026-06-27 04:59:59","2026-06-27 12:59:59","9.60000","2","0.13","9.60000"
"all-available","Asia/Taipei","BTCUSDT","BTC-260629-62000-C","2026-06-29","62000","CALL","1h","2026-06-27 05:00:00","2026-06-27 13:00:00","65.000","65.000","55.000","60.000","0.12","2026-06-27 05:59:59","2026-06-27 13:59:59","6.75000","3","0.02","1.25000"
"all-available","Asia/Taipei","BTCUSDT","BTC-260629-62000-C","2026-06-29","62000","CALL","1h","2026-06-27 06:00:00","2026-06-27 14:00:00","60.000","60.000","60.000","60.000","0.00","2026-06-27 06:59:59","2026-06-27 14:59:59","0.00000","0","0.00","0.00000"
"all-available","Asia/Taipei","BTCUSDT","BTC-260629-62000-C","2026-06-29","62000","CALL","1h","2026-06-27 07:00:00","2026-06-27 15:00:00","60.000","80.000","60.000","80.000","2.22","2026-06-27 07:59:59","2026-06-27 15:59:59","137.60000","2","2.22","137.60000"
"all-available","Asia/Taipei","BTCUSDT","BTC-260629-62000-C","2026-06-29","62000","CALL","1h","2026-06-27 08:00:00","2026-06-27 16:00:00","60.000","60.000","60.000","60.000","0.01","2026-06-27 08:59:59","2026-06-27 16:59:59","0.60000","1","0.01","0.60000"
"all-available","Asia/Taipei","BTCUSDT","BTC-260629-62000-C","2026-06-29","62000","CALL","1h","2026-06-27 09:00:00","2026-06-27 17:00:00","50.000","55.000","45.000","55.000","2.96","2026-06-27 09:59:59","2026-06-27 17:59:59","153.70000","7","0.00","0.00000"
"all-available","Asia/Taipei","BTCUSDT","BTC-260629-62000-C","2026-06-29","62000","CALL","1h","2026-06-27 10:00:00","2026-06-27 18:00:00","55.000","60.000","55.000","60.000","0.13","2026-06-27 10:59:59","2026-06-27 18:59:59","7.30000","2","0.03","1.80000"
"all-available","Asia/Taipei","BTCUSDT","BTC-260629-62000-C","2026-06-29","62000","CALL","1h","2026-06-27 11:00:00","2026-06-27 19:00:00","60.000","60.000","45.000","45.000","0.34","2026-06-27 11:59:59","2026-06-27 19:59:59","15.45000","3","0.01","0.60000"
"all-available","Asia/Taipei","BTCUSDT","BTC-260629-62000-C","2026-06-29","62000","CALL","1h","2026-06-27 12:00:00","2026-06-27 20:00:00","50.000","50.000","50.000","50.000","1.02","2026-06-27 12:59:59","2026-06-27 20:59:59","51.00000","2","1.02","51.00000"
"all-available","Asia/Taipei","BTCUSDT","BTC-260629-62000-C","2026-06-29","62000","CALL","1h","2026-06-27 13:00:00","2026-06-27 21:00:00","65.000","65.000","65.000","65.000","5.00","2026-06-27 13:59:59","2026-06-27 21:59:59","325.00000","2","0.00","0.00000"
"all-available","Asia/Taipei","BTCUSDT","BTC-260629-62000-C","2026-06-29","62000","CALL","1h","2026-06-27 14:00:00","2026-06-27 22:00:00","65.000","70.000","65.000","70.000","0.46","2026-06-27 14:59:59","2026-06-27 22:59:59","29.95000","4","0.01","0.70000"
"all-available","Asia/Taipei","BTCUSDT","BTC-260629-62000-C","2026-06-29","62000","CALL","1h","2026-06-27 15:00:00","2026-06-27 23:00:00","70.000","100.000","70.000","100.000","2.22","2026-06-27 15:59:59","2026-06-27 23:59:59","217.05000","9","0.00","0.00000"
"all-available","Asia/Taipei","BTCUSDT","BTC-260629-62000-C","2026-06-29","62000","CALL","1h","2026-06-27 16:00:00","2026-06-28 00:00:00","100.000","100.000","90.000","90.000","1.21","2026-06-27 16:59:59","2026-06-28 00:59:59","118.90000","3","0.11","9.90000"
"all-available","Asia/Taipei","BTCUSDT","BTC-260629-62000-C","2026-06-29","62000","CALL","1h","2026-06-27 17:00:00","2026-06-28 01:00:00","90.000","90.000","90.000","90.000","0.00","2026-06-27 17:59:59","2026-06-28 01:59:59","0.00000","0","0.00","0.00000"
"all-available","Asia/Taipei","BTCUSDT","BTC-260629-62000-C","2026-06-29","62000","CALL","1h","2026-06-27 18:00:00","2026-06-28 02:00:00","90.000","90.000","90.000","90.000","0.00","2026-06-27 18:59:59","2026-06-28 02:59:59","0.00000","0","0.00","0.00000"
"all-available","Asia/Taipei","BTCUSDT","BTC-260629-62000-C","2026-06-29","62000","CALL","1h","2026-06-27 19:00:00","2026-06-28 03:00:00","55.000","55.000","40.000","40.000","1.09","2026-06-27 19:59:59","2026-06-28 03:59:59","50.35000","6","0.00","0.00000"
"all-available","Asia/Taipei","BTCUSDT","BTC-260629-62000-C","2026-06-29","62000","CALL","1h","2026-06-27 20:00:00","2026-06-28 04:00:00","45.000","45.000","45.000","45.000","0.08","2026-06-27 20:59:59","2026-06-28 04:59:59","3.60000","1","0.08","3.60000"
"all-available","Asia/Taipei","BTCUSDT","BTC-260629-62000-C","2026-06-29","62000","CALL","1h","2026-06-27 21:00:00","2026-06-28 05:00:00","45.000","45.000","45.000","45.000","0.00","2026-06-27 21:59:59","2026-06-28 05:59:59","0.00000","0","0.00","0.00000"
"all-available","Asia/Taipei","BTCUSDT","BTC-260629-62000-C","2026-06-29","62000","CALL","1h","2026-06-27 22:00:00","2026-06-28 06:00:00","40.000","40.000","40.000","40.000","2.00","2026-06-27 22:59:59","2026-06-28 06:59:59","80.00000","7","0.00","0.00000"
"all-available","Asia/Taipei","BTCUSDT","BTC-260629-62000-C","2026-06-29","62000","CALL","1h","2026-06-27 23:00:00","2026-06-28 07:00:00","40.000","40.000","35.000","35.000","2.27","2026-06-27 23:59:59","2026-06-28 07:59:59","86.95000","4","1.50","60.00000"
"all-available","Asia/Taipei","BTCUSDT","BTC-260629-62000-C","2026-06-29","62000","CALL","1h","2026-06-28 00:00:00","2026-06-28 08:00:00","30.000","35.000","30.000","35.000","0.66","2026-06-28 00:59:59","2026-06-28 08:59:59","20.60000","5","0.00","0.00000"
"all-available","Asia/Taipei","BTCUSDT","BTC-260629-62000-C","2026-06-29","62000","CALL","1h","2026-06-28 01:00:00","2026-06-28 09:00:00","35.000","35.000","30.000","30.000","0.15","2026-06-28 01:59:59","2026-06-28 09:59:59","4.55000","4","0.00","0.00000"
"all-available","Asia/Taipei","BTCUSDT","BTC-260629-62000-C","2026-06-29","62000","CALL","1h","2026-06-28 02:00:00","2026-06-28 10:00:00","30.000","35.000","30.000","35.000","8.18","2026-06-28 02:59:59","2026-06-28 10:59:59","249.20000","9","8.16","248.60000"
"all-available","Asia/Taipei","BTCUSDT","BTC-260629-62000-C","2026-06-29","62000","CALL","1h","2026-06-28 03:00:00","2026-06-28 11:00:00","35.000","35.000","35.000","35.000","0.14","2026-06-28 03:59:59","2026-06-28 11:59:59","4.90000","3","0.14","4.90000"
"all-available","Asia/Taipei","BTCUSDT","BTC-260629-62000-C","2026-06-29","62000","CALL","1h","2026-06-28 04:00:00","2026-06-28 12:00:00","35.000","35.000","35.000","35.000","0.75","2026-06-28 04:59:59","2026-06-28 12:59:59","26.25000","2","0.75","26.25000"
"all-available","Asia/Taipei","BTCUSDT","BTC-260629-62000-C","2026-06-29","62000","CALL","1h","2026-06-28 05:00:00","2026-06-28 13:00:00","30.000","30.000","30.000","30.000","2.00","2026-06-28 05:59:59","2026-06-28 13:59:59","60.00000","2","0.00","0.00000"
"all-available","Asia/Taipei","BTCUSDT","BTC-260629-62000-C","2026-06-29","62000","CALL","1h","2026-06-28 06:00:00","2026-06-28 14:00:00","35.000","40.000","30.000","35.000","7.75","2026-06-28 06:59:59","2026-06-28 14:59:59","305.75000","11","0.29","8.80000"
"all-available","Asia/Taipei","BTCUSDT","BTC-260629-62000-C","2026-06-29","62000","CALL","1h","2026-06-28 07:00:00","2026-06-28 15:00:00","45.000","60.000","45.000","60.000","1.32","2026-06-28 07:59:59","2026-06-28 15:59:59","79.05000","8","1.05","62.85000"
"all-available","Asia/Taipei","BTCUSDT","BTC-260629-62000-C","2026-06-29","62000","CALL","1h","2026-06-28 08:00:00","2026-06-28 16:00:00","55.000","65.000","45.000","60.000","5.42","2026-06-28 08:59:59","2026-06-28 16:59:59","283.60000","25","1.46","66.00000"
"all-available","Asia/Taipei","BTCUSDT","BTC-260629-62000-C","2026-06-29","62000","CALL","1h","2026-06-28 09:00:00","2026-06-28 17:00:00","55.000","60.000","45.000","45.000","1.90","2026-06-28 09:59:59","2026-06-28 17:59:59","97.50000","18","0.03","1.70000"
"all-available","Asia/Taipei","BTCUSDT","BTC-260629-62000-C","2026-06-29","62000","CALL","1h","2026-06-28 10:00:00","2026-06-28 18:00:00","40.000","45.000","35.000","45.000","0.74","2026-06-28 10:59:59","2026-06-28 18:59:59","27.15000","5","0.01","0.45000"
"all-available","Asia/Taipei","BTCUSDT","BTC-260629-62000-C","2026-06-29","62000","CALL","1h","2026-06-28 11:00:00","2026-06-28 19:00:00","55.000","55.000","50.000","50.000","1.35","2026-06-28 11:59:59","2026-06-28 19:59:59","69.25000","3","1.35","69.25000"
"all-available","Asia/Taipei","BTCUSDT","BTC-260629-62000-C","2026-06-29","62000","CALL","1h","2026-06-28 12:00:00","2026-06-28 20:00:00","45.000","50.000","40.000","45.000","3.88","2026-06-28 12:59:59","2026-06-28 20:59:59","174.20000","14","2.50","117.50000"
"all-available","Asia/Taipei","BTCUSDT","BTC-260629-62000-C","2026-06-29","62000","CALL","1h","2026-06-28 13:00:00","2026-06-28 21:00:00","45.000","45.000","30.000","30.000","28.06","2026-06-28 13:59:59","2026-06-28 21:59:59","933.75000","61","2.62","89.35000"
"all-available","Asia/Taipei","BTCUSDT","BTC-260629-62000-C","2026-06-29","62000","CALL","1h","2026-06-28 14:00:00","2026-06-28 22:00:00","35.000","35.000","25.000","25.000","2.22","2026-06-28 14:59:59","2026-06-28 22:59:59","71.10000","16","0.56","18.90000"
"all-available","Asia/Taipei","BTCUSDT","BTC-260629-62000-C","2026-06-29","62000","CALL","1h","2026-06-28 15:00:00","2026-06-28 23:00:00","30.000","30.000","25.000","25.000","3.08","2026-06-28 15:59:59","2026-06-28 23:59:59","82.05000","10","2.96","79.00000"
"all-available","Asia/Taipei","BTCUSDT","BTC-260629-62000-C","2026-06-29","62000","CALL","1h","2026-06-28 16:00:00","2026-06-29 00:00:00","25.000","25.000","20.000","25.000","10.13","2026-06-28 16:59:59","2026-06-29 00:59:59","232.25000","8","10.13","232.25000"
"all-available","Asia/Taipei","BTCUSDT","BTC-260629-62000-C","2026-06-29","62000","CALL","1h","2026-06-28 17:00:00","2026-06-29 01:00:00","25.000","25.000","15.000","20.000","1.64","2026-06-28 17:59:59","2026-06-29 01:59:59","32.10000","8","1.32","27.30000"
"all-available","Asia/Taipei","BTCUSDT","BTC-260629-62000-C","2026-06-29","62000","CALL","1h","2026-06-28 18:00:00","2026-06-29 02:00:00","20.000","20.000","15.000","15.000","1.42","2026-06-28 18:59:59","2026-06-29 02:59:59","26.30000","2","1.00","20.00000"
"all-available","Asia/Taipei","BTCUSDT","BTC-260629-62000-C","2026-06-29","62000","CALL","1h","2026-06-28 19:00:00","2026-06-29 03:00:00","15.000","15.000","10.000","10.000","0.77","2026-06-28 19:59:59","2026-06-29 03:59:59","11.50000","2","0.00","0.00000"
"all-available","Asia/Taipei","BTCUSDT","BTC-260629-62000-C","2026-06-29","62000","CALL","1h","2026-06-28 20:00:00","2026-06-29 04:00:00","20.000","20.000","15.000","15.000","2.06","2026-06-28 20:59:59","2026-06-29 04:59:59","36.20000","5","1.06","21.20000"
"all-available","Asia/Taipei","BTCUSDT","BTC-260629-62000-C","2026-06-29","62000","CALL","1h","2026-06-28 21:00:00","2026-06-29 05:00:00","10.000","15.000","10.000","15.000","1.32","2026-06-28 21:59:59","2026-06-29 05:59:59","13.55000","5","0.07","1.05000"
"all-available","Asia/Taipei","BTCUSDT","BTC-260629-62000-C","2026-06-29","62000","CALL","1h","2026-06-28 22:00:00","2026-06-29 06:00:00","15.000","15.000","10.000","10.000","6.00","2026-06-28 22:59:59","2026-06-29 06:59:59","65.00000","6","6.00","65.00000"
"all-available","Asia/Taipei","BTCUSDT","BTC-260629-62000-C","2026-06-29","62000","CALL","1h","2026-06-28 23:00:00","2026-06-29 07:00:00","10.000","10.000","10.000","10.000","10.88","2026-06-28 23:59:59","2026-06-29 07:59:59","108.80000","17","4.32","43.20000"
"all-available","Asia/Taipei","BTCUSDT","BTC-260629-62000-C","2026-06-29","62000","CALL","1h","2026-06-29 00:00:00","2026-06-29 08:00:00","5.000","5.000","5.000","5.000","23.74","2026-06-29 00:59:59","2026-06-29 08:59:59","118.70000","17","3.00","15.00000"
"all-available","Asia/Taipei","BTCUSDT","BTC-260629-62000-C","2026-06-29","62000","CALL","1h","2026-06-29 01:00:00","2026-06-29 09:00:00","5.000","5.000","5.000","5.000","0.00","2026-06-29 01:59:59","2026-06-29 09:59:59","0.00000","0","0.00","0.00000"
"all-available","Asia/Taipei","BTCUSDT","BTC-260629-62000-C","2026-06-29","62000","CALL","1h","2026-06-29 02:00:00","2026-06-29 10:00:00","5.000","5.000","5.000","5.000","0.00","2026-06-29 02:59:59","2026-06-29 10:59:59","0.00000","0","0.00","0.00000"
"all-available","Asia/Taipei","BTCUSDT","BTC-260629-62000-C","2026-06-29","62000","CALL","1h","2026-06-29 03:00:00","2026-06-29 11:00:00","5.000","5.000","5.000","5.000","0.00","2026-06-29 03:59:59","2026-06-29 11:59:59","0.00000","0","0.00","0.00000"
"all-available","Asia/Taipei","BTCUSDT","BTC-260629-62000-C","2026-06-29","62000","CALL","1h","2026-06-29 04:00:00","2026-06-29 12:00:00","5.000","5.000","5.000","5.000","0.00","2026-06-29 04:59:59","2026-06-29 12:59:59","0.00000","0","0.00","0.00000"
"all-available","Asia/Taipei","BTCUSDT","BTC-260629-62000-C","2026-06-29","62000","CALL","1h","2026-06-29 05:00:00","2026-06-29 13:00:00","5.000","5.000","5.000","5.000","0.00","2026-06-29 05:59:59","2026-06-29 13:59:59","0.00000","0","0.00","0.00000"
"all-available","Asia/Taipei","BTCUSDT","BTC-260629-62000-C","2026-06-29","62000","CALL","1h","2026-06-29 06:00:00","2026-06-29 14:00:00","5.000","5.000","5.000","5.000","0.00","2026-06-29 06:59:59","2026-06-29 14:59:59","0.00000","0","0.00","0.00000"
"all-available","Asia/Taipei","BTCUSDT","BTC-260629-62000-C","2026-06-29","62000","CALL","1h","2026-06-29 07:00:00","2026-06-29 15:00:00","5.000","5.000","5.000","5.000","0.00","2026-06-29 07:59:59","2026-06-29 15:59:59","0.00000","0","0.00","0.00000"
"all-available","Asia/Taipei","BTCUSDT","BTC-260629-62000-P","2026-06-29","62000","PUT","1h","2026-06-26 10:00:00","2026-06-26 18:00:00","2380.000","2380.000","2380.000","2380.000","1.04","2026-06-26 10:59:59","2026-06-26 18:59:59","2475.20000","1","0.00","0.00000"
"all-available","Asia/Taipei","BTCUSDT","BTC-260629-62000-P","2026-06-29","62000","PUT","1h","2026-06-26 11:00:00","2026-06-26 19:00:00","2380.000","2380.000","2380.000","2380.000","0.00","2026-06-26 11:59:59","2026-06-26 19:59:59","0.00000","0","0.00","0.00000"
"all-available","Asia/Taipei","BTCUSDT","BTC-260629-62000-P","2026-06-29","62000","PUT","1h","2026-06-26 12:00:00","2026-06-26 20:00:00","3105.000","3105.000","2990.000","2990.000","4.82","2026-06-26 12:59:59","2026-06-26 20:59:59","14667.10000","3","2.22","6893.10000"
"all-available","Asia/Taipei","BTCUSDT","BTC-260629-62000-P","2026-06-29","62000","PUT","1h","2026-06-26 13:00:00","2026-06-26 21:00:00","3145.000","3145.000","2160.000","2160.000","3.94","2026-06-26 13:59:59","2026-06-26 21:59:59","10106.10000","3","1.62","5094.90000"
"all-available","Asia/Taipei","BTCUSDT","BTC-260629-62000-P","2026-06-29","62000","PUT","1h","2026-06-26 14:00:00","2026-06-26 22:00:00","2160.000","2160.000","2160.000","2160.000","0.00","2026-06-26 14:59:59","2026-06-26 22:59:59","0.00000","0","0.00","0.00000"
"all-available","Asia/Taipei","BTCUSDT","BTC-260629-62000-P","2026-06-29","62000","PUT","1h","2026-06-26 15:00:00","2026-06-26 23:00:00","2155.000","2155.000","1900.000","1900.000","2.32","2026-06-26 15:59:59","2026-06-26 23:59:59","4433.50000","3","0.00","0.00000"
"all-available","Asia/Taipei","BTCUSDT","BTC-260629-62000-P","2026-06-29","62000","PUT","1h","2026-06-26 16:00:00","2026-06-27 00:00:00","2025.000","2025.000","2025.000","2025.000","1.75","2026-06-26 16:59:59","2026-06-27 00:59:59","3543.75000","1","1.75","3543.75000"
"all-available","Asia/Taipei","BTCUSDT","BTC-260629-62000-P","2026-06-29","62000","PUT","1h","2026-06-26 17:00:00","2026-06-27 01:00:00","2025.000","2025.000","2025.000","2025.000","0.00","2026-06-26 17:59:59","2026-06-27 01:59:59","0.00000","0","0.00","0.00000"
"all-available","Asia/Taipei","BTCUSDT","BTC-260629-62000-P","2026-06-29","62000","PUT","1h","2026-06-26 18:00:00","2026-06-27 02:00:00","2025.000","2025.000","2025.000","2025.000","0.00","2026-06-26 18:59:59","2026-06-27 02:59:59","0.00000","0","0.00","0.00000"
"all-available","Asia/Taipei","BTCUSDT","BTC-260629-62000-P","2026-06-29","62000","PUT","1h","2026-06-26 19:00:00","2026-06-27 03:00:00","2025.000","2025.000","2025.000","2025.000","0.00","2026-06-26 19:59:59","2026-06-27 03:59:59","0.00000","0","0.00","0.00000"
"all-available","Asia/Taipei","BTCUSDT","BTC-260629-62000-P","2026-06-29","62000","PUT","1h","2026-06-26 20:00:00","2026-06-27 04:00:00","2025.000","2025.000","2025.000","2025.000","0.00","2026-06-26 20:59:59","2026-06-27 04:59:59","0.00000","0","0.00","0.00000"
"all-available","Asia/Taipei","BTCUSDT","BTC-260629-62000-P","2026-06-29","62000","PUT","1h","2026-06-26 21:00:00","2026-06-27 05:00:00","2025.000","2025.000","2025.000","2025.000","0.00","2026-06-26 21:59:59","2026-06-27 05:59:59","0.00000","0","0.00","0.00000"
"all-available","Asia/Taipei","BTCUSDT","BTC-260629-62000-P","2026-06-29","62000","PUT","1h","2026-06-26 22:00:00","2026-06-27 06:00:00","2285.000","2285.000","2285.000","2285.000","1.75","2026-06-26 22:59:59","2026-06-27 06:59:59","3998.75000","2","1.75","3998.75000"
"all-available","Asia/Taipei","BTCUSDT","BTC-260629-62000-P","2026-06-29","62000","PUT","1h","2026-06-26 23:00:00","2026-06-27 07:00:00","2285.000","2285.000","2285.000","2285.000","0.00","2026-06-26 23:59:59","2026-06-27 07:59:59","0.00000","0","0.00","0.00000"
"all-available","Asia/Taipei","BTCUSDT","BTC-260629-62000-P","2026-06-29","62000","PUT","1h","2026-06-27 00:00:00","2026-06-27 08:00:00","2285.000","2285.000","2285.000","2285.000","0.00","2026-06-27 00:59:59","2026-06-27 08:59:59","0.00000","0","0.00","0.00000"
"all-available","Asia/Taipei","BTCUSDT","BTC-260629-62000-P","2026-06-29","62000","PUT","1h","2026-06-27 01:00:00","2026-06-27 09:00:00","2285.000","2285.000","2285.000","2285.000","0.00","2026-06-27 01:59:59","2026-06-27 09:59:59","0.00000","0","0.00","0.00000"
"all-available","Asia/Taipei","BTCUSDT","BTC-260629-62000-P","2026-06-29","62000","PUT","1h","2026-06-27 02:00:00","2026-06-27 10:00:00","2285.000","2285.000","2285.000","2285.000","0.00","2026-06-27 02:59:59","2026-06-27 10:59:59","0.00000","0","0.00","0.00000"
"all-available","Asia/Taipei","BTCUSDT","BTC-260629-62000-P","2026-06-29","62000","PUT","1h","2026-06-27 03:00:00","2026-06-27 11:00:00","2285.000","2285.000","2285.000","2285.000","0.00","2026-06-27 03:59:59","2026-06-27 11:59:59","0.00000","0","0.00","0.00000"
"all-available","Asia/Taipei","BTCUSDT","BTC-260629-62000-P","2026-06-29","62000","PUT","1h","2026-06-27 04:00:00","2026-06-27 12:00:00","2285.000","2285.000","2285.000","2285.000","0.00","2026-06-27 04:59:59","2026-06-27 12:59:59","0.00000","0","0.00","0.00000"
"all-available","Asia/Taipei","BTCUSDT","BTC-260629-62000-P","2026-06-29","62000","PUT","1h","2026-06-27 05:00:00","2026-06-27 13:00:00","2285.000","2285.000","2285.000","2285.000","0.00","2026-06-27 05:59:59","2026-06-27 13:59:59","0.00000","0","0.00","0.00000"
"all-available","Asia/Taipei","BTCUSDT","BTC-260629-62000-P","2026-06-29","62000","PUT","1h","2026-06-27 06:00:00","2026-06-27 14:00:00","2285.000","2285.000","2285.000","2285.000","0.00","2026-06-27 06:59:59","2026-06-27 14:59:59","0.00000","0","0.00","0.00000"
"all-available","Asia/Taipei","BTCUSDT","BTC-260629-62000-P","2026-06-29","62000","PUT","1h","2026-06-27 07:00:00","2026-06-27 15:00:00","2285.000","2285.000","2285.000","2285.000","0.00","2026-06-27 07:59:59","2026-06-27 15:59:59","0.00000","0","0.00","0.00000"
"all-available","Asia/Taipei","BTCUSDT","BTC-260629-62000-P","2026-06-29","62000","PUT","1h","2026-06-27 08:00:00","2026-06-27 16:00:00","2285.000","2285.000","2285.000","2285.000","0.00","2026-06-27 08:59:59","2026-06-27 16:59:59","0.00000","0","0.00","0.00000"
"all-available","Asia/Taipei","BTCUSDT","BTC-260629-62000-P","2026-06-29","62000","PUT","1h","2026-06-27 09:00:00","2026-06-27 17:00:00","2285.000","2285.000","2285.000","2285.000","0.00","2026-06-27 09:59:59","2026-06-27 17:59:59","0.00000","0","0.00","0.00000"
"all-available","Asia/Taipei","BTCUSDT","BTC-260629-62000-P","2026-06-29","62000","PUT","1h","2026-06-27 10:00:00","2026-06-27 18:00:00","2285.000","2285.000","2285.000","2285.000","0.00","2026-06-27 10:59:59","2026-06-27 18:59:59","0.00000","0","0.00","0.00000"
"all-available","Asia/Taipei","BTCUSDT","BTC-260629-62000-P","2026-06-29","62000","PUT","1h","2026-06-27 11:00:00","2026-06-27 19:00:00","2285.000","2285.000","2285.000","2285.000","0.00","2026-06-27 11:59:59","2026-06-27 19:59:59","0.00000","0","0.00","0.00000"
"all-available","Asia/Taipei","BTCUSDT","BTC-260629-62000-P","2026-06-29","62000","PUT","1h","2026-06-27 12:00:00","2026-06-27 20:00:00","2285.000","2285.000","2285.000","2285.000","0.00","2026-06-27 12:59:59","2026-06-27 20:59:59","0.00000","0","0.00","0.00000"
"all-available","Asia/Taipei","BTCUSDT","BTC-260629-62000-P","2026-06-29","62000","PUT","1h","2026-06-27 13:00:00","2026-06-27 21:00:00","2285.000","2285.000","2285.000","2285.000","0.00","2026-06-27 13:59:59","2026-06-27 21:59:59","0.00000","0","0.00","0.00000"
"all-available","Asia/Taipei","BTCUSDT","BTC-260629-62000-P","2026-06-29","62000","PUT","1h","2026-06-27 14:00:00","2026-06-27 22:00:00","2285.000","2285.000","2285.000","2285.000","0.00","2026-06-27 14:59:59","2026-06-27 22:59:59","0.00000","0","0.00","0.00000"
"all-available","Asia/Taipei","BTCUSDT","BTC-260629-62000-P","2026-06-29","62000","PUT","1h","2026-06-27 15:00:00","2026-06-27 23:00:00","2285.000","2285.000","2285.000","2285.000","0.00","2026-06-27 15:59:59","2026-06-27 23:59:59","0.00000","0","0.00","0.00000"
"all-available","Asia/Taipei","BTCUSDT","BTC-260629-62000-P","2026-06-29","62000","PUT","1h","2026-06-27 16:00:00","2026-06-28 00:00:00","2285.000","2285.000","2285.000","2285.000","0.00","2026-06-27 16:59:59","2026-06-28 00:59:59","0.00000","0","0.00","0.00000"
"all-available","Asia/Taipei","BTCUSDT","BTC-260629-62000-P","2026-06-29","62000","PUT","1h","2026-06-27 17:00:00","2026-06-28 01:00:00","2285.000","2285.000","2285.000","2285.000","0.00","2026-06-27 17:59:59","2026-06-28 01:59:59","0.00000","0","0.00","0.00000"
"all-available","Asia/Taipei","BTCUSDT","BTC-260629-62000-P","2026-06-29","62000","PUT","1h","2026-06-27 18:00:00","2026-06-28 02:00:00","2285.000","2285.000","2285.000","2285.000","0.00","2026-06-27 18:59:59","2026-06-28 02:59:59","0.00000","0","0.00","0.00000"
"all-available","Asia/Taipei","BTCUSDT","BTC-260629-62000-P","2026-06-29","62000","PUT","1h","2026-06-27 19:00:00","2026-06-28 03:00:00","2285.000","2285.000","2285.000","2285.000","0.00","2026-06-27 19:59:59","2026-06-28 03:59:59","0.00000","0","0.00","0.00000"
"all-available","Asia/Taipei","BTCUSDT","BTC-260629-62000-P","2026-06-29","62000","PUT","1h","2026-06-27 20:00:00","2026-06-28 04:00:00","2285.000","2285.000","2285.000","2285.000","0.00","2026-06-27 20:59:59","2026-06-28 04:59:59","0.00000","0","0.00","0.00000"
"all-available","Asia/Taipei","BTCUSDT","BTC-260629-62000-P","2026-06-29","62000","PUT","1h","2026-06-27 21:00:00","2026-06-28 05:00:00","2285.000","2285.000","2285.000","2285.000","0.00","2026-06-27 21:59:59","2026-06-28 05:59:59","0.00000","0","0.00","0.00000"
"all-available","Asia/Taipei","BTCUSDT","BTC-260629-62000-P","2026-06-29","62000","PUT","1h","2026-06-27 22:00:00","2026-06-28 06:00:00","2285.000","2285.000","2285.000","2285.000","0.00","2026-06-27 22:59:59","2026-06-28 06:59:59","0.00000","0","0.00","0.00000"
"all-available","Asia/Taipei","BTCUSDT","BTC-260629-62000-P","2026-06-29","62000","PUT","1h","2026-06-27 23:00:00","2026-06-28 07:00:00","2285.000","2285.000","2285.000","2285.000","0.00","2026-06-27 23:59:59","2026-06-28 07:59:59","0.00000","0","0.00","0.00000"
"all-available","Asia/Taipei","BTCUSDT","BTC-260629-62000-P","2026-06-29","62000","PUT","1h","2026-06-28 00:00:00","2026-06-28 08:00:00","2285.000","2285.000","2285.000","2285.000","0.00","2026-06-28 00:59:59","2026-06-28 08:59:59","0.00000","0","0.00","0.00000"
"all-available","Asia/Taipei","BTCUSDT","BTC-260629-62000-P","2026-06-29","62000","PUT","1h","2026-06-28 01:00:00","2026-06-28 09:00:00","2285.000","2285.000","2285.000","2285.000","0.00","2026-06-28 01:59:59","2026-06-28 09:59:59","0.00000","0","0.00","0.00000"
"all-available","Asia/Taipei","BTCUSDT","BTC-260629-62000-P","2026-06-29","62000","PUT","1h","2026-06-28 02:00:00","2026-06-28 10:00:00","2285.000","2285.000","2285.000","2285.000","0.00","2026-06-28 02:59:59","2026-06-28 10:59:59","0.00000","0","0.00","0.00000"
"all-available","Asia/Taipei","BTCUSDT","BTC-260629-62000-P","2026-06-29","62000","PUT","1h","2026-06-28 03:00:00","2026-06-28 11:00:00","2285.000","2285.000","2285.000","2285.000","0.00","2026-06-28 03:59:59","2026-06-28 11:59:59","0.00000","0","0.00","0.00000"
"all-available","Asia/Taipei","BTCUSDT","BTC-260629-62000-P","2026-06-29","62000","PUT","1h","2026-06-28 04:00:00","2026-06-28 12:00:00","2285.000","2285.000","2285.000","2285.000","0.00","2026-06-28 04:59:59","2026-06-28 12:59:59","0.00000","0","0.00","0.00000"
"all-available","Asia/Taipei","BTCUSDT","BTC-260629-62000-P","2026-06-29","62000","PUT","1h","2026-06-28 05:00:00","2026-06-28 13:00:00","2285.000","2285.000","2285.000","2285.000","0.00","2026-06-28 05:59:59","2026-06-28 13:59:59","0.00000","0","0.00","0.00000"
"all-available","Asia/Taipei","BTCUSDT","BTC-260629-62000-P","2026-06-29","62000","PUT","1h","2026-06-28 06:00:00","2026-06-28 14:00:00","2285.000","2285.000","2285.000","2285.000","0.00","2026-06-28 06:59:59","2026-06-28 14:59:59","0.00000","0","0.00","0.00000"
"all-available","Asia/Taipei","BTCUSDT","BTC-260629-62000-P","2026-06-29","62000","PUT","1h","2026-06-28 07:00:00","2026-06-28 15:00:00","2285.000","2285.000","2285.000","2285.000","0.00","2026-06-28 07:59:59","2026-06-28 15:59:59","0.00000","0","0.00","0.00000"
"all-available","Asia/Taipei","BTCUSDT","BTC-260629-62000-P","2026-06-29","62000","PUT","1h","2026-06-28 08:00:00","2026-06-28 16:00:00","2285.000","2285.000","2285.000","2285.000","0.00","2026-06-28 08:59:59","2026-06-28 16:59:59","0.00000","0","0.00","0.00000"
"all-available","Asia/Taipei","BTCUSDT","BTC-260629-62000-P","2026-06-29","62000","PUT","1h","2026-06-28 09:00:00","2026-06-28 17:00:00","1680.000","1680.000","1680.000","1680.000","2.07","2026-06-28 09:59:59","2026-06-28 17:59:59","3477.60000","1","0.00","0.00000"
"all-available","Asia/Taipei","BTCUSDT","BTC-260629-62000-P","2026-06-29","62000","PUT","1h","2026-06-28 10:00:00","2026-06-28 18:00:00","1850.000","1850.000","1850.000","1850.000","2.07","2026-06-28 10:59:59","2026-06-28 18:59:59","3829.50000","2","2.07","3829.50000"
"all-available","Asia/Taipei","BTCUSDT","BTC-260629-62000-P","2026-06-29","62000","PUT","1h","2026-06-28 11:00:00","2026-06-28 19:00:00","1850.000","1850.000","1850.000","1850.000","0.02","2026-06-28 11:59:59","2026-06-28 19:59:59","37.00000","1","0.00","0.00000"
"all-available","Asia/Taipei","BTCUSDT","BTC-260629-62000-P","2026-06-29","62000","PUT","1h","2026-06-28 12:00:00","2026-06-28 20:00:00","1850.000","1850.000","1850.000","1850.000","0.00","2026-06-28 12:59:59","2026-06-28 20:59:59","0.00000","0","0.00","0.00000"
"all-available","Asia/Taipei","BTCUSDT","BTC-260629-62000-P","2026-06-29","62000","PUT","1h","2026-06-28 13:00:00","2026-06-28 21:00:00","1850.000","1850.000","1850.000","1850.000","0.00","2026-06-28 13:59:59","2026-06-28 21:59:59","0.00000","0","0.00","0.00000"
"all-available","Asia/Taipei","BTCUSDT","BTC-260629-62000-P","2026-06-29","62000","PUT","1h","2026-06-28 14:00:00","2026-06-28 22:00:00","1850.000","1850.000","1850.000","1850.000","0.00","2026-06-28 14:59:59","2026-06-28 22:59:59","0.00000","0","0.00","0.00000"
"all-available","Asia/Taipei","BTCUSDT","BTC-260629-62000-P","2026-06-29","62000","PUT","1h","2026-06-28 15:00:00","2026-06-28 23:00:00","1850.000","1850.000","1850.000","1850.000","0.00","2026-06-28 15:59:59","2026-06-28 23:59:59","0.00000","0","0.00","0.00000"
"all-available","Asia/Taipei","BTCUSDT","BTC-260629-62000-P","2026-06-29","62000","PUT","1h","2026-06-28 16:00:00","2026-06-29 00:00:00","1850.000","1850.000","1850.000","1850.000","0.00","2026-06-28 16:59:59","2026-06-29 00:59:59","0.00000","0","0.00","0.00000"
"all-available","Asia/Taipei","BTCUSDT","BTC-260629-62000-P","2026-06-29","62000","PUT","1h","2026-06-28 17:00:00","2026-06-29 01:00:00","1850.000","1850.000","1850.000","1850.000","0.00","2026-06-28 17:59:59","2026-06-29 01:59:59","0.00000","0","0.00","0.00000"
"all-available","Asia/Taipei","BTCUSDT","BTC-260629-62000-P","2026-06-29","62000","PUT","1h","2026-06-28 18:00:00","2026-06-29 02:00:00","1850.000","1850.000","1850.000","1850.000","0.00","2026-06-28 18:59:59","2026-06-29 02:59:59","0.00000","0","0.00","0.00000"
"all-available","Asia/Taipei","BTCUSDT","BTC-260629-62000-P","2026-06-29","62000","PUT","1h","2026-06-28 19:00:00","2026-06-29 03:00:00","1850.000","1850.000","1850.000","1850.000","0.00","2026-06-28 19:59:59","2026-06-29 03:59:59","0.00000","0","0.00","0.00000"
"all-available","Asia/Taipei","BTCUSDT","BTC-260629-62000-P","2026-06-29","62000","PUT","1h","2026-06-28 20:00:00","2026-06-29 04:00:00","1850.000","1850.000","1850.000","1850.000","0.00","2026-06-28 20:59:59","2026-06-29 04:59:59","0.00000","0","0.00","0.00000"
"all-available","Asia/Taipei","BTCUSDT","BTC-260629-62000-P","2026-06-29","62000","PUT","1h","2026-06-28 21:00:00","2026-06-29 05:00:00","1850.000","1850.000","1850.000","1850.000","0.00","2026-06-28 21:59:59","2026-06-29 05:59:59","0.00000","0","0.00","0.00000"
"all-available","Asia/Taipei","BTCUSDT","BTC-260629-62000-P","2026-06-29","62000","PUT","1h","2026-06-28 22:00:00","2026-06-29 06:00:00","1850.000","1850.000","1850.000","1850.000","0.00","2026-06-28 22:59:59","2026-06-29 06:59:59","0.00000","0","0.00","0.00000"
"all-available","Asia/Taipei","BTCUSDT","BTC-260629-62000-P","2026-06-29","62000","PUT","1h","2026-06-28 23:00:00","2026-06-29 07:00:00","2970.000","2970.000","2970.000","2970.000","0.02","2026-06-28 23:59:59","2026-06-29 07:59:59","59.40000","1","0.02","59.40000"
"all-available","Asia/Taipei","BTCUSDT","BTC-260629-62000-P","2026-06-29","62000","PUT","1h","2026-06-29 00:00:00","2026-06-29 08:00:00","2970.000","2970.000","2970.000","2970.000","0.00","2026-06-29 00:59:59","2026-06-29 08:59:59","0.00000","0","0.00","0.00000"
"all-available","Asia/Taipei","BTCUSDT","BTC-260629-62000-P","2026-06-29","62000","PUT","1h","2026-06-29 01:00:00","2026-06-29 09:00:00","2970.000","2970.000","2970.000","2970.000","0.00","2026-06-29 01:59:59","2026-06-29 09:59:59","0.00000","0","0.00","0.00000"
"all-available","Asia/Taipei","BTCUSDT","BTC-260629-62000-P","2026-06-29","62000","PUT","1h","2026-06-29 02:00:00","2026-06-29 10:00:00","2970.000","2970.000","2970.000","2970.000","0.00","2026-06-29 02:59:59","2026-06-29 10:59:59","0.00000","0","0.00","0.00000"
"all-available","Asia/Taipei","BTCUSDT","BTC-260629-62000-P","2026-06-29","62000","PUT","1h","2026-06-29 03:00:00","2026-06-29 11:00:00","2970.000","2970.000","2970.000","2970.000","0.00","2026-06-29 03:59:59","2026-06-29 11:59:59","0.00000","0","0.00","0.00000"
"all-available","Asia/Taipei","BTCUSDT","BTC-260629-62000-P","2026-06-29","62000","PUT","1h","2026-06-29 04:00:00","2026-06-29 12:00:00","2970.000","2970.000","2970.000","2970.000","0.00","2026-06-29 04:59:59","2026-06-29 12:59:59","0.00000","0","0.00","0.00000"
"all-available","Asia/Taipei","BTCUSDT","BTC-260629-62000-P","2026-06-29","62000","PUT","1h","2026-06-29 05:00:00","2026-06-29 13:00:00","2970.000","2970.000","2970.000","2970.000","0.00","2026-06-29 05:59:59","2026-06-29 13:59:59","0.00000","0","0.00","0.00000"
"all-available","Asia/Taipei","BTCUSDT","BTC-260629-62000-P","2026-06-29","62000","PUT","1h","2026-06-29 06:00:00","2026-06-29 14:00:00","2970.000","2970.000","2970.000","2970.000","0.00","2026-06-29 06:59:59","2026-06-29 14:59:59","0.00000","0","0.00","0.00000"
"all-available","Asia/Taipei","BTCUSDT","BTC-260629-62000-P","2026-06-29","62000","PUT","1h","2026-06-29 07:00:00","2026-06-29 15:00:00","2970.000","2970.000","2970.000","2970.000","0.00","2026-06-29 07:59:59","2026-06-29 15:59:59","0.00000","0","0.00","0.00000"
"all-available","Asia/Taipei","BTCUSDT","BTC-260629-62500-C","2026-06-29","62500","CALL","1h","2026-06-26 09:00:00","2026-06-26 17:00:00","120.000","120.000","100.000","100.000","10.38","2026-06-26 09:59:59","2026-06-26 17:59:59","1239.20000","6","0.00","0.00000"
"all-available","Asia/Taipei","BTCUSDT","BTC-260629-62500-C","2026-06-29","62500","CALL","1h","2026-06-26 10:00:00","2026-06-26 18:00:00","100.000","100.000","80.000","80.000","0.83","2026-06-26 10:59:59","2026-06-26 18:59:59","67.00000","3","0.00","0.00000"
"all-available","Asia/Taipei","BTCUSDT","BTC-260629-62500-C","2026-06-29","62500","CALL","1h","2026-06-26 11:00:00","2026-06-26 19:00:00","85.000","85.000","85.000","85.000","1.83","2026-06-26 11:59:59","2026-06-26 19:59:59","155.55000","3","0.00","0.00000"
"all-available","Asia/Taipei","BTCUSDT","BTC-260629-62500-C","2026-06-29","62500","CALL","1h","2026-06-26 12:00:00","2026-06-26 20:00:00","90.000","115.000","90.000","115.000","3.07","2026-06-26 12:59:59","2026-06-26 20:59:59","333.55000","4","0.00","0.00000"
"all-available","Asia/Taipei","BTCUSDT","BTC-260629-62500-C","2026-06-29","62500","CALL","1h","2026-06-26 13:00:00","2026-06-26 21:00:00","75.000","75.000","60.000","75.000","11.99","2026-06-26 13:59:59","2026-06-26 21:59:59","719.70000","3","11.97","718.20000"
"all-available","Asia/Taipei","BTCUSDT","BTC-260629-62500-C","2026-06-29","62500","CALL","1h","2026-06-26 14:00:00","2026-06-26 22:00:00","130.000","130.000","115.000","125.000","19.01","2026-06-26 14:59:59","2026-06-26 22:59:59","2376.90000","8","11.74","1517.50000"
"all-available","Asia/Taipei","BTCUSDT","BTC-260629-62500-C","2026-06-29","62500","CALL","1h","2026-06-26 15:00:00","2026-06-26 23:00:00","85.000","140.000","85.000","140.000","0.52","2026-06-26 15:59:59","2026-06-26 23:59:59","47.10000","4","0.02","2.80000"
"all-available","Asia/Taipei","BTCUSDT","BTC-260629-62500-C","2026-06-29","62500","CALL","1h","2026-06-26 16:00:00","2026-06-27 00:00:00","110.000","110.000","110.000","110.000","0.26","2026-06-26 16:59:59","2026-06-27 00:59:59","28.60000","3","0.26","28.60000"
"all-available","Asia/Taipei","BTCUSDT","BTC-260629-62500-C","2026-06-29","62500","CALL","1h","2026-06-26 17:00:00","2026-06-27 01:00:00","85.000","85.000","85.000","85.000","0.01","2026-06-26 17:59:59","2026-06-27 01:59:59","0.85000","1","0.01","0.85000"
"all-available","Asia/Taipei","BTCUSDT","BTC-260629-62500-C","2026-06-29","62500","CALL","1h","2026-06-26 18:00:00","2026-06-27 02:00:00","60.000","60.000","60.000","60.000","12.00","2026-06-26 18:59:59","2026-06-27 02:59:59","720.00000","18","0.00","0.00000"
"all-available","Asia/Taipei","BTCUSDT","BTC-260629-62500-C","2026-06-29","62500","CALL","1h","2026-06-26 19:00:00","2026-06-27 03:00:00","50.000","50.000","50.000","50.000","0.27","2026-06-26 19:59:59","2026-06-27 03:59:59","13.50000","1","0.27","13.50000"
"all-available","Asia/Taipei","BTCUSDT","BTC-260629-62500-C","2026-06-29","62500","CALL","1h","2026-06-26 20:00:00","2026-06-27 04:00:00","40.000","40.000","40.000","40.000","0.23","2026-06-26 20:59:59","2026-06-27 04:59:59","9.20000","1","0.00","0.00000"
"all-available","Asia/Taipei","BTCUSDT","BTC-260629-62500-C","2026-06-29","62500","CALL","1h","2026-06-26 21:00:00","2026-06-27 05:00:00","40.000","40.000","40.000","40.000","5.04","2026-06-26 21:59:59","2026-06-27 05:59:59","201.60000","2","5.04","201.60000"
"all-available","Asia/Taipei","BTCUSDT","BTC-260629-62500-C","2026-06-29","62500","CALL","1h","2026-06-26 22:00:00","2026-06-27 06:00:00","40.000","40.000","40.000","40.000","0.00","2026-06-26 22:59:59","2026-06-27 06:59:59","0.00000","0","0.00","0.00000"
"all-available","Asia/Taipei","BTCUSDT","BTC-260629-62500-C","2026-06-29","62500","CALL","1h","2026-06-26 23:00:00","2026-06-27 07:00:00","40.000","40.000","40.000","40.000","0.00","2026-06-26 23:59:59","2026-06-27 07:59:59","0.00000","0","0.00","0.00000"
"all-available","Asia/Taipei","BTCUSDT","BTC-260629-62500-C","2026-06-29","62500","CALL","1h","2026-06-27 00:00:00","2026-06-27 08:00:00","40.000","40.000","40.000","40.000","0.00","2026-06-27 00:59:59","2026-06-27 08:59:59","0.00000","0","0.00","0.00000"
"all-available","Asia/Taipei","BTCUSDT","BTC-260629-62500-C","2026-06-29","62500","CALL","1h","2026-06-27 01:00:00","2026-06-27 09:00:00","30.000","30.000","30.000","30.000","2.11","2026-06-27 01:59:59","2026-06-27 09:59:59","63.30000","3","0.00","0.00000"
"all-available","Asia/Taipei","BTCUSDT","BTC-260629-62500-C","2026-06-29","62500","CALL","1h","2026-06-27 02:00:00","2026-06-27 10:00:00","30.000","35.000","30.000","35.000","1.45","2026-06-27 02:59:59","2026-06-27 10:59:59","45.85000","2","1.45","45.85000"
"all-available","Asia/Taipei","BTCUSDT","BTC-260629-62500-C","2026-06-29","62500","CALL","1h","2026-06-27 03:00:00","2026-06-27 11:00:00","35.000","35.000","35.000","35.000","0.00","2026-06-27 03:59:59","2026-06-27 11:59:59","0.00000","0","0.00","0.00000"
"all-available","Asia/Taipei","BTCUSDT","BTC-260629-62500-C","2026-06-29","62500","CALL","1h","2026-06-27 04:00:00","2026-06-27 12:00:00","35.000","35.000","35.000","35.000","0.00","2026-06-27 04:59:59","2026-06-27 12:59:59","0.00000","0","0.00","0.00000"
"all-available","Asia/Taipei","BTCUSDT","BTC-260629-62500-C","2026-06-29","62500","CALL","1h","2026-06-27 05:00:00","2026-06-27 13:00:00","30.000","30.000","30.000","30.000","0.09","2026-06-27 05:59:59","2026-06-27 13:59:59","2.70000","1","0.00","0.00000"
"all-available","Asia/Taipei","BTCUSDT","BTC-260629-62500-C","2026-06-29","62500","CALL","1h","2026-06-27 06:00:00","2026-06-27 14:00:00","35.000","35.000","35.000","35.000","0.06","2026-06-27 06:59:59","2026-06-27 14:59:59","2.10000","2","0.01","0.35000"
"all-available","Asia/Taipei","BTCUSDT","BTC-260629-62500-C","2026-06-29","62500","CALL","1h","2026-06-27 07:00:00","2026-06-27 15:00:00","35.000","35.000","35.000","35.000","0.00","2026-06-27 07:59:59","2026-06-27 15:59:59","0.00000","0","0.00","0.00000"
"all-available","Asia/Taipei","BTCUSDT","BTC-260629-62500-C","2026-06-29","62500","CALL","1h","2026-06-27 08:00:00","2026-06-27 16:00:00","40.000","40.000","40.000","40.000","0.67","2026-06-27 08:59:59","2026-06-27 16:59:59","26.80000","4","0.67","26.80000"
"all-available","Asia/Taipei","BTCUSDT","BTC-260629-62500-C","2026-06-29","62500","CALL","1h","2026-06-27 09:00:00","2026-06-27 17:00:00","25.000","25.000","25.000","25.000","7.34","2026-06-27 09:59:59","2026-06-27 17:59:59","183.50000","6","7.34","183.50000"
"all-available","Asia/Taipei","BTCUSDT","BTC-260629-62500-C","2026-06-29","62500","CALL","1h","2026-06-27 10:00:00","2026-06-27 18:00:00","30.000","30.000","30.000","30.000","0.05","2026-06-27 10:59:59","2026-06-27 18:59:59","1.50000","1","0.05","1.50000"
"all-available","Asia/Taipei","BTCUSDT","BTC-260629-62500-C","2026-06-29","62500","CALL","1h","2026-06-27 11:00:00","2026-06-27 19:00:00","30.000","30.000","30.000","30.000","0.00","2026-06-27 11:59:59","2026-06-27 19:59:59","0.00000","0","0.00","0.00000"
"all-available","Asia/Taipei","BTCUSDT","BTC-260629-62500-C","2026-06-29","62500","CALL","1h","2026-06-27 12:00:00","2026-06-27 20:00:00","30.000","30.000","25.000","25.000","2.84","2026-06-27 12:59:59","2026-06-27 20:59:59","84.70000","4","2.74","82.20000"
"all-available","Asia/Taipei","BTCUSDT","BTC-260629-62500-C","2026-06-29","62500","CALL","1h","2026-06-27 13:00:00","2026-06-27 21:00:00","30.000","30.000","25.000","25.000","0.04","2026-06-27 13:59:59","2026-06-27 21:59:59","1.15000","2","0.03","0.90000"
"all-available","Asia/Taipei","BTCUSDT","BTC-260629-62500-C","2026-06-29","62500","CALL","1h","2026-06-27 14:00:00","2026-06-27 22:00:00","25.000","25.000","25.000","25.000","0.03","2026-06-27 14:59:59","2026-06-27 22:59:59","0.75000","3","0.00","0.00000"
"all-available","Asia/Taipei","BTCUSDT","BTC-260629-62500-C","2026-06-29","62500","CALL","1h","2026-06-27 15:00:00","2026-06-27 23:00:00","35.000","45.000","35.000","45.000","0.11","2026-06-27 15:59:59","2026-06-27 23:59:59","4.35000","4","0.01","0.35000"
"all-available","Asia/Taipei","BTCUSDT","BTC-260629-62500-C","2026-06-29","62500","CALL","1h","2026-06-27 16:00:00","2026-06-28 00:00:00","45.000","45.000","45.000","45.000","0.00","2026-06-27 16:59:59","2026-06-28 00:59:59","0.00000","0","0.00","0.00000"
"all-available","Asia/Taipei","BTCUSDT","BTC-260629-62500-C","2026-06-29","62500","CALL","1h","2026-06-27 17:00:00","2026-06-28 01:00:00","45.000","45.000","45.000","45.000","0.00","2026-06-27 17:59:59","2026-06-28 01:59:59","0.00000","0","0.00","0.00000"
"all-available","Asia/Taipei","BTCUSDT","BTC-260629-62500-C","2026-06-29","62500","CALL","1h","2026-06-27 18:00:00","2026-06-28 02:00:00","45.000","45.000","45.000","45.000","0.00","2026-06-27 18:59:59","2026-06-28 02:59:59","0.00000","0","0.00","0.00000"
"all-available","Asia/Taipei","BTCUSDT","BTC-260629-62500-C","2026-06-29","62500","CALL","1h","2026-06-27 19:00:00","2026-06-28 03:00:00","30.000","30.000","20.000","25.000","2.19","2026-06-27 19:59:59","2026-06-28 03:59:59","50.90000","12","2.19","50.90000"
"all-available","Asia/Taipei","BTCUSDT","BTC-260629-62500-C","2026-06-29","62500","CALL","1h","2026-06-27 20:00:00","2026-06-28 04:00:00","25.000","25.000","25.000","25.000","0.00","2026-06-27 20:59:59","2026-06-28 04:59:59","0.00000","0","0.00","0.00000"
"all-available","Asia/Taipei","BTCUSDT","BTC-260629-62500-C","2026-06-29","62500","CALL","1h","2026-06-27 21:00:00","2026-06-28 05:00:00","25.000","25.000","25.000","25.000","0.45","2026-06-27 21:59:59","2026-06-28 05:59:59","11.25000","1","0.45","11.25000"
"all-available","Asia/Taipei","BTCUSDT","BTC-260629-62500-C","2026-06-29","62500","CALL","1h","2026-06-27 22:00:00","2026-06-28 06:00:00","25.000","25.000","25.000","25.000","0.00","2026-06-27 22:59:59","2026-06-28 06:59:59","0.00000","0","0.00","0.00000"
"all-available","Asia/Taipei","BTCUSDT","BTC-260629-62500-C","2026-06-29","62500","CALL","1h","2026-06-27 23:00:00","2026-06-28 07:00:00","15.000","15.000","15.000","15.000","0.33","2026-06-27 23:59:59","2026-06-28 07:59:59","4.95000","2","0.00","0.00000"
"all-available","Asia/Taipei","BTCUSDT","BTC-260629-62500-C","2026-06-29","62500","CALL","1h","2026-06-28 00:00:00","2026-06-28 08:00:00","20.000","20.000","20.000","20.000","0.03","2026-06-28 00:59:59","2026-06-28 08:59:59","0.60000","1","0.03","0.60000"
"all-available","Asia/Taipei","BTCUSDT","BTC-260629-62500-C","2026-06-29","62500","CALL","1h","2026-06-28 01:00:00","2026-06-28 09:00:00","20.000","20.000","20.000","20.000","0.00","2026-06-28 01:59:59","2026-06-28 09:59:59","0.00000","0","0.00","0.00000"
"all-available","Asia/Taipei","BTCUSDT","BTC-260629-62500-C","2026-06-29","62500","CALL","1h","2026-06-28 02:00:00","2026-06-28 10:00:00","20.000","20.000","20.000","20.000","15.15","2026-06-28 02:59:59","2026-06-28 10:59:59","303.00000","6","15.15","303.00000"
"all-available","Asia/Taipei","BTCUSDT","BTC-260629-62500-C","2026-06-29","62500","CALL","1h","2026-06-28 03:00:00","2026-06-28 11:00:00","20.000","20.000","20.000","20.000","0.00","2026-06-28 03:59:59","2026-06-28 11:59:59","0.00000","0","0.00","0.00000"
"all-available","Asia/Taipei","BTCUSDT","BTC-260629-62500-C","2026-06-29","62500","CALL","1h","2026-06-28 04:00:00","2026-06-28 12:00:00","20.000","20.000","20.000","20.000","0.50","2026-06-28 04:59:59","2026-06-28 12:59:59","10.00000","3","0.50","10.00000"
"all-available","Asia/Taipei","BTCUSDT","BTC-260629-62500-C","2026-06-29","62500","CALL","1h","2026-06-28 05:00:00","2026-06-28 13:00:00","20.000","20.000","20.000","20.000","0.00","2026-06-28 05:59:59","2026-06-28 13:59:59","0.00000","0","0.00","0.00000"
"all-available","Asia/Taipei","BTCUSDT","BTC-260629-62500-C","2026-06-29","62500","CALL","1h","2026-06-28 06:00:00","2026-06-28 14:00:00","20.000","20.000","20.000","20.000","15.89","2026-06-28 06:59:59","2026-06-28 14:59:59","317.80000","8","0.00","0.00000"
"all-available","Asia/Taipei","BTCUSDT","BTC-260629-62500-C","2026-06-29","62500","CALL","1h","2026-06-28 07:00:00","2026-06-28 15:00:00","35.000","35.000","35.000","35.000","0.02","2026-06-28 07:59:59","2026-06-28 15:59:59","0.70000","2","0.02","0.70000"
"all-available","Asia/Taipei","BTCUSDT","BTC-260629-62500-C","2026-06-29","62500","CALL","1h","2026-06-28 08:00:00","2026-06-28 16:00:00","30.000","35.000","25.000","35.000","3.93","2026-06-28 08:59:59","2026-06-28 16:59:59","108.15000","14","2.49","72.10000"
"all-available","Asia/Taipei","BTCUSDT","BTC-260629-62500-C","2026-06-29","62500","CALL","1h","2026-06-28 09:00:00","2026-06-28 17:00:00","25.000","25.000","25.000","25.000","0.72","2026-06-28 09:59:59","2026-06-28 17:59:59","18.00000","6","0.00","0.00000"
"all-available","Asia/Taipei","BTCUSDT","BTC-260629-62500-C","2026-06-29","62500","CALL","1h","2026-06-28 10:00:00","2026-06-28 18:00:00","25.000","25.000","25.000","25.000","0.16","2026-06-28 10:59:59","2026-06-28 18:59:59","4.00000","1","0.16","4.00000"
"all-available","Asia/Taipei","BTCUSDT","BTC-260629-62500-C","2026-06-29","62500","CALL","1h","2026-06-28 11:00:00","2026-06-28 19:00:00","25.000","25.000","20.000","20.000","4.29","2026-06-28 11:59:59","2026-06-28 19:59:59","95.50000","15","2.01","47.70000"
"all-available","Asia/Taipei","BTCUSDT","BTC-260629-62500-C","2026-06-29","62500","CALL","1h","2026-06-28 12:00:00","2026-06-28 20:00:00","20.000","20.000","15.000","20.000","1.40","2026-06-28 12:59:59","2026-06-28 20:59:59","27.70000","14","1.34","26.80000"
"all-available","Asia/Taipei","BTCUSDT","BTC-260629-62500-C","2026-06-29","62500","CALL","1h","2026-06-28 13:00:00","2026-06-28 21:00:00","20.000","20.000","20.000","20.000","0.01","2026-06-28 13:59:59","2026-06-28 21:59:59","0.20000","1","0.01","0.20000"
"all-available","Asia/Taipei","BTCUSDT","BTC-260629-62500-C","2026-06-29","62500","CALL","1h","2026-06-28 14:00:00","2026-06-28 22:00:00","20.000","20.000","20.000","20.000","1.00","2026-06-28 14:59:59","2026-06-28 22:59:59","20.00000","1","1.00","20.00000"
"all-available","Asia/Taipei","BTCUSDT","BTC-260629-62500-C","2026-06-29","62500","CALL","1h","2026-06-28 15:00:00","2026-06-28 23:00:00","15.000","15.000","10.000","10.000","18.05","2026-06-28 15:59:59","2026-06-28 23:59:59","185.55000","8","0.00","0.00000"
"all-available","Asia/Taipei","BTCUSDT","BTC-260629-62500-C","2026-06-29","62500","CALL","1h","2026-06-28 16:00:00","2026-06-29 00:00:00","10.000","10.000","10.000","10.000","2.47","2026-06-28 16:59:59","2026-06-29 00:59:59","24.70000","4","0.00","0.00000"
"all-available","Asia/Taipei","BTCUSDT","BTC-260629-62500-C","2026-06-29","62500","CALL","1h","2026-06-28 17:00:00","2026-06-29 01:00:00","10.000","10.000","5.000","5.000","0.28","2026-06-28 17:59:59","2026-06-29 01:59:59","2.35000","3","0.00","0.00000"
"all-available","Asia/Taipei","BTCUSDT","BTC-260629-62500-C","2026-06-29","62500","CALL","1h","2026-06-28 18:00:00","2026-06-29 02:00:00","10.000","10.000","10.000","10.000","11.65","2026-06-28 18:59:59","2026-06-29 02:59:59","116.50000","10","11.65","116.50000"
"all-available","Asia/Taipei","BTCUSDT","BTC-260629-62500-C","2026-06-29","62500","CALL","1h","2026-06-28 19:00:00","2026-06-29 03:00:00","10.000","10.000","10.000","10.000","0.00","2026-06-28 19:59:59","2026-06-29 03:59:59","0.00000","0","0.00","0.00000"
"all-available","Asia/Taipei","BTCUSDT","BTC-260629-62500-C","2026-06-29","62500","CALL","1h","2026-06-28 20:00:00","2026-06-29 04:00:00","10.000","10.000","10.000","10.000","0.00","2026-06-28 20:59:59","2026-06-29 04:59:59","0.00000","0","0.00","0.00000"
"all-available","Asia/Taipei","BTCUSDT","BTC-260629-62500-C","2026-06-29","62500","CALL","1h","2026-06-28 21:00:00","2026-06-29 05:00:00","5.000","5.000","5.000","5.000","0.09","2026-06-28 21:59:59","2026-06-29 05:59:59","0.45000","1","0.00","0.00000"
"all-available","Asia/Taipei","BTCUSDT","BTC-260629-62500-C","2026-06-29","62500","CALL","1h","2026-06-28 22:00:00","2026-06-29 06:00:00","10.000","10.000","5.000","5.000","1.15","2026-06-28 22:59:59","2026-06-29 06:59:59","5.90000","5","0.05","0.40000"
"all-available","Asia/Taipei","BTCUSDT","BTC-260629-62500-C","2026-06-29","62500","CALL","1h","2026-06-28 23:00:00","2026-06-29 07:00:00","5.000","5.000","5.000","5.000","0.15","2026-06-28 23:59:59","2026-06-29 07:59:59","0.75000","2","0.00","0.00000"
"all-available","Asia/Taipei","BTCUSDT","BTC-260629-62500-C","2026-06-29","62500","CALL","1h","2026-06-29 00:00:00","2026-06-29 08:00:00","5.000","5.000","5.000","5.000","0.00","2026-06-29 00:59:59","2026-06-29 08:59:59","0.00000","0","0.00","0.00000"
"all-available","Asia/Taipei","BTCUSDT","BTC-260629-62500-C","2026-06-29","62500","CALL","1h","2026-06-29 01:00:00","2026-06-29 09:00:00","5.000","5.000","5.000","5.000","0.00","2026-06-29 01:59:59","2026-06-29 09:59:59","0.00000","0","0.00","0.00000"
"all-available","Asia/Taipei","BTCUSDT","BTC-260629-62500-C","2026-06-29","62500","CALL","1h","2026-06-29 02:00:00","2026-06-29 10:00:00","5.000","5.000","5.000","5.000","0.00","2026-06-29 02:59:59","2026-06-29 10:59:59","0.00000","0","0.00","0.00000"
"all-available","Asia/Taipei","BTCUSDT","BTC-260629-62500-C","2026-06-29","62500","CALL","1h","2026-06-29 03:00:00","2026-06-29 11:00:00","5.000","5.000","5.000","5.000","0.00","2026-06-29 03:59:59","2026-06-29 11:59:59","0.00000","0","0.00","0.00000"
"all-available","Asia/Taipei","BTCUSDT","BTC-260629-62500-C","2026-06-29","62500","CALL","1h","2026-06-29 04:00:00","2026-06-29 12:00:00","5.000","5.000","5.000","5.000","0.00","2026-06-29 04:59:59","2026-06-29 12:59:59","0.00000","0","0.00","0.00000"
"all-available","Asia/Taipei","BTCUSDT","BTC-260629-62500-C","2026-06-29","62500","CALL","1h","2026-06-29 05:00:00","2026-06-29 13:00:00","5.000","5.000","5.000","5.000","0.00","2026-06-29 05:59:59","2026-06-29 13:59:59","0.00000","0","0.00","0.00000"
"all-available","Asia/Taipei","BTCUSDT","BTC-260629-62500-C","2026-06-29","62500","CALL","1h","2026-06-29 06:00:00","2026-06-29 14:00:00","5.000","5.000","5.000","5.000","0.00","2026-06-29 06:59:59","2026-06-29 14:59:59","0.00000","0","0.00","0.00000"
"all-available","Asia/Taipei","BTCUSDT","BTC-260629-62500-C","2026-06-29","62500","CALL","1h","2026-06-29 07:00:00","2026-06-29 15:00:00","5.000","5.000","5.000","5.000","0.00","2026-06-29 07:59:59","2026-06-29 15:59:59","0.00000","0","0.00","0.00000"
"all-available","Asia/Taipei","BTCUSDT","BTC-260629-63000-C","2026-06-29","63000","CALL","1h","2026-06-26 08:00:00","2026-06-26 16:00:00","95.000","100.000","90.000","95.000","1.06","2026-06-26 08:59:59","2026-06-26 16:59:59","100.15000","21","0.96","90.65000"
"all-available","Asia/Taipei","BTCUSDT","BTC-260629-63000-C","2026-06-29","63000","CALL","1h","2026-06-26 09:00:00","2026-06-26 17:00:00","75.000","75.000","75.000","75.000","0.79","2026-06-26 09:59:59","2026-06-26 17:59:59","59.25000","3","0.00","0.00000"
"all-available","Asia/Taipei","BTCUSDT","BTC-260629-63000-C","2026-06-29","63000","CALL","1h","2026-06-26 10:00:00","2026-06-26 18:00:00","65.000","70.000","55.000","55.000","0.16","2026-06-26 10:59:59","2026-06-26 18:59:59","9.15000","3","0.00","0.00000"
"all-available","Asia/Taipei","BTCUSDT","BTC-260629-63000-C","2026-06-29","63000","CALL","1h","2026-06-26 11:00:00","2026-06-26 19:00:00","55.000","60.000","55.000","60.000","0.17","2026-06-26 11:59:59","2026-06-26 19:59:59","9.45000","4","0.02","1.20000"
"all-available","Asia/Taipei","BTCUSDT","BTC-260629-63000-C","2026-06-29","63000","CALL","1h","2026-06-26 12:00:00","2026-06-26 20:00:00","65.000","65.000","45.000","55.000","6.69","2026-06-26 12:59:59","2026-06-26 20:59:59","387.95000","8","1.00","60.00000"
"all-available","Asia/Taipei","BTCUSDT","BTC-260629-63000-C","2026-06-29","63000","CALL","1h","2026-06-26 13:00:00","2026-06-26 21:00:00","50.000","85.000","40.000","85.000","3.18","2026-06-26 13:59:59","2026-06-26 21:59:59","195.35000","5","0.00","0.00000"
"all-available","Asia/Taipei","BTCUSDT","BTC-260629-63000-C","2026-06-29","63000","CALL","1h","2026-06-26 14:00:00","2026-06-26 22:00:00","95.000","95.000","65.000","65.000","5.06","2026-06-26 14:59:59","2026-06-26 22:59:59","341.95000","6","0.63","44.10000"
"all-available","Asia/Taipei","BTCUSDT","BTC-260629-63000-C","2026-06-29","63000","CALL","1h","2026-06-26 15:00:00","2026-06-26 23:00:00","50.000","65.000","50.000","65.000","0.50","2026-06-26 15:59:59","2026-06-26 23:59:59","29.70000","4","0.36","21.20000"
"all-available","Asia/Taipei","BTCUSDT","BTC-260629-63000-C","2026-06-29","63000","CALL","1h","2026-06-26 16:00:00","2026-06-27 00:00:00","65.000","65.000","50.000","50.000","4.95","2026-06-26 16:59:59","2026-06-27 00:59:59","306.65000","10","3.52","228.50000"
"all-available","Asia/Taipei","BTCUSDT","BTC-260629-63000-C","2026-06-29","63000","CALL","1h","2026-06-26 17:00:00","2026-06-27 01:00:00","50.000","50.000","50.000","50.000","0.00","2026-06-26 17:59:59","2026-06-27 01:59:59","0.00000","0","0.00","0.00000"
"all-available","Asia/Taipei","BTCUSDT","BTC-260629-63000-C","2026-06-29","63000","CALL","1h","2026-06-26 18:00:00","2026-06-27 02:00:00","50.000","50.000","50.000","50.000","0.00","2026-06-26 18:59:59","2026-06-27 02:59:59","0.00000","0","0.00","0.00000"
"all-available","Asia/Taipei","BTCUSDT","BTC-260629-63000-C","2026-06-29","63000","CALL","1h","2026-06-26 19:00:00","2026-06-27 03:00:00","50.000","50.000","50.000","50.000","0.00","2026-06-26 19:59:59","2026-06-27 03:59:59","0.00000","0","0.00","0.00000"
"all-available","Asia/Taipei","BTCUSDT","BTC-260629-63000-C","2026-06-29","63000","CALL","1h","2026-06-26 20:00:00","2026-06-27 04:00:00","50.000","50.000","50.000","50.000","0.00","2026-06-26 20:59:59","2026-06-27 04:59:59","0.00000","0","0.00","0.00000"
"all-available","Asia/Taipei","BTCUSDT","BTC-260629-63000-C","2026-06-29","63000","CALL","1h","2026-06-26 21:00:00","2026-06-27 05:00:00","50.000","50.000","50.000","50.000","0.00","2026-06-26 21:59:59","2026-06-27 05:59:59","0.00000","0","0.00","0.00000"
"all-available","Asia/Taipei","BTCUSDT","BTC-260629-63000-C","2026-06-29","63000","CALL","1h","2026-06-26 22:00:00","2026-06-27 06:00:00","20.000","25.000","20.000","25.000","0.37","2026-06-26 22:59:59","2026-06-27 06:59:59","7.45000","3","0.01","0.25000"
"all-available","Asia/Taipei","BTCUSDT","BTC-260629-63000-C","2026-06-29","63000","CALL","1h","2026-06-26 23:00:00","2026-06-27 07:00:00","25.000","25.000","25.000","25.000","0.00","2026-06-26 23:59:59","2026-06-27 07:59:59","0.00000","0","0.00","0.00000"
"all-available","Asia/Taipei","BTCUSDT","BTC-260629-63000-C","2026-06-29","63000","CALL","1h","2026-06-27 00:00:00","2026-06-27 08:00:00","20.000","20.000","20.000","20.000","0.12","2026-06-27 00:59:59","2026-06-27 08:59:59","2.40000","2","0.12","2.40000"
"all-available","Asia/Taipei","BTCUSDT","BTC-260629-63000-C","2026-06-29","63000","CALL","1h","2026-06-27 01:00:00","2026-06-27 09:00:00","20.000","20.000","20.000","20.000","0.00","2026-06-27 01:59:59","2026-06-27 09:59:59","0.00000","0","0.00","0.00000"
"all-available","Asia/Taipei","BTCUSDT","BTC-260629-63000-C","2026-06-29","63000","CALL","1h","2026-06-27 02:00:00","2026-06-27 10:00:00","20.000","20.000","20.000","20.000","0.17","2026-06-27 02:59:59","2026-06-27 10:59:59","3.40000","1","0.17","3.40000"
"all-available","Asia/Taipei","BTCUSDT","BTC-260629-63000-C","2026-06-29","63000","CALL","1h","2026-06-27 03:00:00","2026-06-27 11:00:00","20.000","20.000","20.000","20.000","0.00","2026-06-27 03:59:59","2026-06-27 11:59:59","0.00000","0","0.00","0.00000"
"all-available","Asia/Taipei","BTCUSDT","BTC-260629-63000-C","2026-06-29","63000","CALL","1h","2026-06-27 04:00:00","2026-06-27 12:00:00","20.000","20.000","20.000","20.000","0.49","2026-06-27 04:59:59","2026-06-27 12:59:59","9.80000","1","0.00","0.00000"
"all-available","Asia/Taipei","BTCUSDT","BTC-260629-63000-C","2026-06-29","63000","CALL","1h","2026-06-27 05:00:00","2026-06-27 13:00:00","20.000","20.000","20.000","20.000","0.02","2026-06-27 05:59:59","2026-06-27 13:59:59","0.40000","1","0.00","0.00000"
"all-available","Asia/Taipei","BTCUSDT","BTC-260629-63000-C","2026-06-29","63000","CALL","1h","2026-06-27 06:00:00","2026-06-27 14:00:00","20.000","20.000","20.000","20.000","0.00","2026-06-27 06:59:59","2026-06-27 14:59:59","0.00000","0","0.00","0.00000"
"all-available","Asia/Taipei","BTCUSDT","BTC-260629-63000-C","2026-06-29","63000","CALL","1h","2026-06-27 07:00:00","2026-06-27 15:00:00","15.000","20.000","15.000","20.000","0.09","2026-06-27 07:59:59","2026-06-27 15:59:59","1.55000","2","0.04","0.80000"
"all-available","Asia/Taipei","BTCUSDT","BTC-260629-63000-C","2026-06-29","63000","CALL","1h","2026-06-27 08:00:00","2026-06-27 16:00:00","20.000","20.000","20.000","20.000","1.34","2026-06-27 08:59:59","2026-06-27 16:59:59","26.80000","5","1.34","26.80000"
"all-available","Asia/Taipei","BTCUSDT","BTC-260629-63000-C","2026-06-29","63000","CALL","1h","2026-06-27 09:00:00","2026-06-27 17:00:00","20.000","20.000","20.000","20.000","0.00","2026-06-27 09:59:59","2026-06-27 17:59:59","0.00000","0","0.00","0.00000"
"all-available","Asia/Taipei","BTCUSDT","BTC-260629-63000-C","2026-06-29","63000","CALL","1h","2026-06-27 10:00:00","2026-06-27 18:00:00","15.000","20.000","15.000","20.000","21.62","2026-06-27 10:59:59","2026-06-27 18:59:59","324.90000","6","21.62","324.90000"
"all-available","Asia/Taipei","BTCUSDT","BTC-260629-63000-C","2026-06-29","63000","CALL","1h","2026-06-27 11:00:00","2026-06-27 19:00:00","20.000","20.000","20.000","20.000","0.00","2026-06-27 11:59:59","2026-06-27 19:59:59","0.00000","0","0.00","0.00000"
"all-available","Asia/Taipei","BTCUSDT","BTC-260629-63000-C","2026-06-29","63000","CALL","1h","2026-06-27 12:00:00","2026-06-27 20:00:00","15.000","15.000","15.000","15.000","5.76","2026-06-27 12:59:59","2026-06-27 20:59:59","86.40000","5","5.76","86.40000"
"all-available","Asia/Taipei","BTCUSDT","BTC-260629-63000-C","2026-06-29","63000","CALL","1h","2026-06-27 13:00:00","2026-06-27 21:00:00","15.000","15.000","10.000","10.000","0.07","2026-06-27 13:59:59","2026-06-27 21:59:59","1.00000","3","0.06","0.90000"
"all-available","Asia/Taipei","BTCUSDT","BTC-260629-63000-C","2026-06-29","63000","CALL","1h","2026-06-27 14:00:00","2026-06-27 22:00:00","15.000","15.000","15.000","15.000","1.00","2026-06-27 14:59:59","2026-06-27 22:59:59","15.00000","3","1.00","15.00000"
"all-available","Asia/Taipei","BTCUSDT","BTC-260629-63000-C","2026-06-29","63000","CALL","1h","2026-06-27 15:00:00","2026-06-27 23:00:00","15.000","15.000","15.000","15.000","0.00","2026-06-27 15:59:59","2026-06-27 23:59:59","0.00000","0","0.00","0.00000"
"all-available","Asia/Taipei","BTCUSDT","BTC-260629-63000-C","2026-06-29","63000","CALL","1h","2026-06-27 16:00:00","2026-06-28 00:00:00","15.000","15.000","15.000","15.000","0.00","2026-06-27 16:59:59","2026-06-28 00:59:59","0.00000","0","0.00","0.00000"
"all-available","Asia/Taipei","BTCUSDT","BTC-260629-63000-C","2026-06-29","63000","CALL","1h","2026-06-27 17:00:00","2026-06-28 01:00:00","15.000","15.000","15.000","15.000","0.00","2026-06-27 17:59:59","2026-06-28 01:59:59","0.00000","0","0.00","0.00000"
"all-available","Asia/Taipei","BTCUSDT","BTC-260629-63000-C","2026-06-29","63000","CALL","1h","2026-06-27 18:00:00","2026-06-28 02:00:00","20.000","20.000","20.000","20.000","0.06","2026-06-27 18:59:59","2026-06-28 02:59:59","1.20000","2","0.00","0.00000"
"all-available","Asia/Taipei","BTCUSDT","BTC-260629-63000-C","2026-06-29","63000","CALL","1h","2026-06-27 19:00:00","2026-06-28 03:00:00","15.000","15.000","15.000","15.000","0.85","2026-06-27 19:59:59","2026-06-28 03:59:59","12.75000","4","0.85","12.75000"
"all-available","Asia/Taipei","BTCUSDT","BTC-260629-63000-C","2026-06-29","63000","CALL","1h","2026-06-27 20:00:00","2026-06-28 04:00:00","15.000","15.000","15.000","15.000","0.00","2026-06-27 20:59:59","2026-06-28 04:59:59","0.00000","0","0.00","0.00000"
"all-available","Asia/Taipei","BTCUSDT","BTC-260629-63000-C","2026-06-29","63000","CALL","1h","2026-06-27 21:00:00","2026-06-28 05:00:00","15.000","15.000","15.000","15.000","0.00","2026-06-27 21:59:59","2026-06-28 05:59:59","0.00000","0","0.00","0.00000"
"all-available","Asia/Taipei","BTCUSDT","BTC-260629-63000-C","2026-06-29","63000","CALL","1h","2026-06-27 22:00:00","2026-06-28 06:00:00","15.000","15.000","15.000","15.000","0.00","2026-06-27 22:59:59","2026-06-28 06:59:59","0.00000","0","0.00","0.00000"
"all-available","Asia/Taipei","BTCUSDT","BTC-260629-63000-C","2026-06-29","63000","CALL","1h","2026-06-27 23:00:00","2026-06-28 07:00:00","10.000","10.000","10.000","10.000","1.34","2026-06-27 23:59:59","2026-06-28 07:59:59","13.40000","5","0.00","0.00000"
"all-available","Asia/Taipei","BTCUSDT","BTC-260629-63000-C","2026-06-29","63000","CALL","1h","2026-06-28 00:00:00","2026-06-28 08:00:00","10.000","10.000","10.000","10.000","1.00","2026-06-28 00:59:59","2026-06-28 08:59:59","10.00000","1","0.00","0.00000"
"all-available","Asia/Taipei","BTCUSDT","BTC-260629-63000-C","2026-06-29","63000","CALL","1h","2026-06-28 01:00:00","2026-06-28 09:00:00","10.000","10.000","10.000","10.000","1.07","2026-06-28 01:59:59","2026-06-28 09:59:59","10.70000","2","0.87","8.70000"
"all-available","Asia/Taipei","BTCUSDT","BTC-260629-63000-C","2026-06-29","63000","CALL","1h","2026-06-28 02:00:00","2026-06-28 10:00:00","10.000","10.000","10.000","10.000","6.57","2026-06-28 02:59:59","2026-06-28 10:59:59","65.70000","4","6.57","65.70000"
"all-available","Asia/Taipei","BTCUSDT","BTC-260629-63000-C","2026-06-29","63000","CALL","1h","2026-06-28 03:00:00","2026-06-28 11:00:00","10.000","10.000","10.000","10.000","3.00","2026-06-28 03:59:59","2026-06-28 11:59:59","30.00000","5","0.00","0.00000"
"all-available","Asia/Taipei","BTCUSDT","BTC-260629-63000-C","2026-06-29","63000","CALL","1h","2026-06-28 04:00:00","2026-06-28 12:00:00","10.000","10.000","10.000","10.000","0.00","2026-06-28 04:59:59","2026-06-28 12:59:59","0.00000","0","0.00","0.00000"
"all-available","Asia/Taipei","BTCUSDT","BTC-260629-63000-C","2026-06-29","63000","CALL","1h","2026-06-28 05:00:00","2026-06-28 13:00:00","10.000","10.000","10.000","10.000","0.00","2026-06-28 05:59:59","2026-06-28 13:59:59","0.00000","0","0.00","0.00000"
"all-available","Asia/Taipei","BTCUSDT","BTC-260629-63000-C","2026-06-29","63000","CALL","1h","2026-06-28 06:00:00","2026-06-28 14:00:00","10.000","10.000","10.000","10.000","6.71","2026-06-28 06:59:59","2026-06-28 14:59:59","67.10000","9","0.14","1.40000"
"all-available","Asia/Taipei","BTCUSDT","BTC-260629-63000-C","2026-06-29","63000","CALL","1h","2026-06-28 07:00:00","2026-06-28 15:00:00","10.000","15.000","10.000","15.000","27.53","2026-06-28 07:59:59","2026-06-28 15:59:59","412.05000","18","0.01","0.15000"
"all-available","Asia/Taipei","BTCUSDT","BTC-260629-63000-C","2026-06-29","63000","CALL","1h","2026-06-28 08:00:00","2026-06-28 16:00:00","15.000","15.000","10.000","15.000","2.12","2026-06-28 08:59:59","2026-06-28 16:59:59","28.50000","14","0.46","6.90000"
"all-available","Asia/Taipei","BTCUSDT","BTC-260629-63000-C","2026-06-29","63000","CALL","1h","2026-06-28 09:00:00","2026-06-28 17:00:00","15.000","15.000","15.000","15.000","0.00","2026-06-28 09:59:59","2026-06-28 17:59:59","0.00000","0","0.00","0.00000"
"all-available","Asia/Taipei","BTCUSDT","BTC-260629-63000-C","2026-06-29","63000","CALL","1h","2026-06-28 10:00:00","2026-06-28 18:00:00","15.000","15.000","15.000","15.000","0.00","2026-06-28 10:59:59","2026-06-28 18:59:59","0.00000","0","0.00","0.00000"
"all-available","Asia/Taipei","BTCUSDT","BTC-260629-63000-C","2026-06-29","63000","CALL","1h","2026-06-28 11:00:00","2026-06-28 19:00:00","15.000","15.000","15.000","15.000","0.00","2026-06-28 11:59:59","2026-06-28 19:59:59","0.00000","0","0.00","0.00000"
"all-available","Asia/Taipei","BTCUSDT","BTC-260629-63000-C","2026-06-29","63000","CALL","1h","2026-06-28 12:00:00","2026-06-28 20:00:00","10.000","10.000","5.000","10.000","6.81","2026-06-28 12:59:59","2026-06-28 20:59:59","67.05000","9","0.91","9.10000"
"all-available","Asia/Taipei","BTCUSDT","BTC-260629-63000-C","2026-06-29","63000","CALL","1h","2026-06-28 13:00:00","2026-06-28 21:00:00","10.000","10.000","10.000","10.000","0.00","2026-06-28 13:59:59","2026-06-28 21:59:59","0.00000","0","0.00","0.00000"
"all-available","Asia/Taipei","BTCUSDT","BTC-260629-63000-C","2026-06-29","63000","CALL","1h","2026-06-28 14:00:00","2026-06-28 22:00:00","10.000","10.000","10.000","10.000","6.18","2026-06-28 14:59:59","2026-06-28 22:59:59","61.80000","9","2.07","20.70000"
"all-available","Asia/Taipei","BTCUSDT","BTC-260629-63000-C","2026-06-29","63000","CALL","1h","2026-06-28 15:00:00","2026-06-28 23:00:00","5.000","5.000","5.000","5.000","1.09","2026-06-28 15:59:59","2026-06-28 23:59:59","5.45000","5","0.00","0.00000"
"all-available","Asia/Taipei","BTCUSDT","BTC-260629-63000-C","2026-06-29","63000","CALL","1h","2026-06-28 16:00:00","2026-06-29 00:00:00","10.000","10.000","5.000","5.000","7.41","2026-06-28 16:59:59","2026-06-29 00:59:59","37.20000","5","0.03","0.30000"
"all-available","Asia/Taipei","BTCUSDT","BTC-260629-63000-C","2026-06-29","63000","CALL","1h","2026-06-28 17:00:00","2026-06-29 01:00:00","5.000","5.000","5.000","5.000","1.97","2026-06-28 17:59:59","2026-06-29 01:59:59","9.85000","2","0.00","0.00000"
"all-available","Asia/Taipei","BTCUSDT","BTC-260629-63000-C","2026-06-29","63000","CALL","1h","2026-06-28 18:00:00","2026-06-29 02:00:00","5.000","5.000","5.000","5.000","1.91","2026-06-28 18:59:59","2026-06-29 02:59:59","9.55000","6","0.00","0.00000"
"all-available","Asia/Taipei","BTCUSDT","BTC-260629-63000-C","2026-06-29","63000","CALL","1h","2026-06-28 19:00:00","2026-06-29 03:00:00","5.000","5.000","5.000","5.000","0.18","2026-06-28 19:59:59","2026-06-29 03:59:59","0.90000","1","0.00","0.00000"
"all-available","Asia/Taipei","BTCUSDT","BTC-260629-63000-C","2026-06-29","63000","CALL","1h","2026-06-28 20:00:00","2026-06-29 04:00:00","5.000","5.000","5.000","5.000","0.00","2026-06-28 20:59:59","2026-06-29 04:59:59","0.00000","0","0.00","0.00000"
"all-available","Asia/Taipei","BTCUSDT","BTC-260629-63000-C","2026-06-29","63000","CALL","1h","2026-06-28 21:00:00","2026-06-29 05:00:00","5.000","5.000","5.000","5.000","0.00","2026-06-28 21:59:59","2026-06-29 05:59:59","0.00000","0","0.00","0.00000"
"all-available","Asia/Taipei","BTCUSDT","BTC-260629-63000-C","2026-06-29","63000","CALL","1h","2026-06-28 22:00:00","2026-06-29 06:00:00","5.000","5.000","5.000","5.000","0.00","2026-06-28 22:59:59","2026-06-29 06:59:59","0.00000","0","0.00","0.00000"
"all-available","Asia/Taipei","BTCUSDT","BTC-260629-63000-C","2026-06-29","63000","CALL","1h","2026-06-28 23:00:00","2026-06-29 07:00:00","5.000","5.000","5.000","5.000","0.00","2026-06-28 23:59:59","2026-06-29 07:59:59","0.00000","0","0.00","0.00000"
"all-available","Asia/Taipei","BTCUSDT","BTC-260629-63000-C","2026-06-29","63000","CALL","1h","2026-06-29 00:00:00","2026-06-29 08:00:00","5.000","5.000","5.000","5.000","0.00","2026-06-29 00:59:59","2026-06-29 08:59:59","0.00000","0","0.00","0.00000"
"all-available","Asia/Taipei","BTCUSDT","BTC-260629-63000-C","2026-06-29","63000","CALL","1h","2026-06-29 01:00:00","2026-06-29 09:00:00","5.000","5.000","5.000","5.000","0.00","2026-06-29 01:59:59","2026-06-29 09:59:59","0.00000","0","0.00","0.00000"
"all-available","Asia/Taipei","BTCUSDT","BTC-260629-63000-C","2026-06-29","63000","CALL","1h","2026-06-29 02:00:00","2026-06-29 10:00:00","5.000","5.000","5.000","5.000","0.00","2026-06-29 02:59:59","2026-06-29 10:59:59","0.00000","0","0.00","0.00000"
"all-available","Asia/Taipei","BTCUSDT","BTC-260629-63000-C","2026-06-29","63000","CALL","1h","2026-06-29 03:00:00","2026-06-29 11:00:00","5.000","5.000","5.000","5.000","0.00","2026-06-29 03:59:59","2026-06-29 11:59:59","0.00000","0","0.00","0.00000"
"all-available","Asia/Taipei","BTCUSDT","BTC-260629-63000-C","2026-06-29","63000","CALL","1h","2026-06-29 04:00:00","2026-06-29 12:00:00","5.000","5.000","5.000","5.000","0.00","2026-06-29 04:59:59","2026-06-29 12:59:59","0.00000","0","0.00","0.00000"
"all-available","Asia/Taipei","BTCUSDT","BTC-260629-63000-C","2026-06-29","63000","CALL","1h","2026-06-29 05:00:00","2026-06-29 13:00:00","5.000","5.000","5.000","5.000","3.00","2026-06-29 05:59:59","2026-06-29 13:59:59","15.00000","8","3.00","15.00000"
"all-available","Asia/Taipei","BTCUSDT","BTC-260629-63000-C","2026-06-29","63000","CALL","1h","2026-06-29 06:00:00","2026-06-29 14:00:00","5.000","5.000","5.000","5.000","0.00","2026-06-29 06:59:59","2026-06-29 14:59:59","0.00000","0","0.00","0.00000"
"all-available","Asia/Taipei","BTCUSDT","BTC-260629-63000-C","2026-06-29","63000","CALL","1h","2026-06-29 07:00:00","2026-06-29 15:00:00","5.000","5.000","5.000","5.000","0.00","2026-06-29 07:59:59","2026-06-29 15:59:59","0.00000","0","0.00","0.00000"
"all-available","Asia/Taipei","BTCUSDT","BTC-260629-64000-C","2026-06-29","64000","CALL","1h","2026-06-26 08:00:00","2026-06-26 16:00:00","50.000","50.000","40.000","40.000","0.29","2026-06-26 08:59:59","2026-06-26 16:59:59","13.25000","3","0.22","10.10000"
"all-available","Asia/Taipei","BTCUSDT","BTC-260629-64000-C","2026-06-29","64000","CALL","1h","2026-06-26 09:00:00","2026-06-26 17:00:00","35.000","35.000","25.000","30.000","1.62","2026-06-26 09:59:59","2026-06-26 17:59:59","55.15000","5","0.00","0.00000"
"all-available","Asia/Taipei","BTCUSDT","BTC-260629-64000-C","2026-06-29","64000","CALL","1h","2026-06-26 10:00:00","2026-06-26 18:00:00","30.000","30.000","30.000","30.000","0.30","2026-06-26 10:59:59","2026-06-26 18:59:59","9.00000","1","0.00","0.00000"
"all-available","Asia/Taipei","BTCUSDT","BTC-260629-64000-C","2026-06-29","64000","CALL","1h","2026-06-26 11:00:00","2026-06-26 19:00:00","25.000","25.000","25.000","25.000","2.75","2026-06-26 11:59:59","2026-06-26 19:59:59","68.75000","1","2.75","68.75000"
"all-available","Asia/Taipei","BTCUSDT","BTC-260629-64000-C","2026-06-29","64000","CALL","1h","2026-06-26 12:00:00","2026-06-26 20:00:00","35.000","35.000","20.000","20.000","0.76","2026-06-26 12:59:59","2026-06-26 20:59:59","21.85000","4","0.00","0.00000"
"all-available","Asia/Taipei","BTCUSDT","BTC-260629-64000-C","2026-06-29","64000","CALL","1h","2026-06-26 13:00:00","2026-06-26 21:00:00","25.000","40.000","20.000","40.000","5.55","2026-06-26 13:59:59","2026-06-26 21:59:59","124.85000","10","2.03","41.00000"
"all-available","Asia/Taipei","BTCUSDT","BTC-260629-64000-C","2026-06-29","64000","CALL","1h","2026-06-26 14:00:00","2026-06-26 22:00:00","35.000","35.000","20.000","20.000","3.45","2026-06-26 14:59:59","2026-06-26 22:59:59","107.85000","6","1.99","64.25000"
"all-available","Asia/Taipei","BTCUSDT","BTC-260629-64000-C","2026-06-29","64000","CALL","1h","2026-06-26 15:00:00","2026-06-26 23:00:00","15.000","25.000","15.000","25.000","1.44","2026-06-26 15:59:59","2026-06-26 23:59:59","24.70000","4","0.00","0.00000"
"all-available","Asia/Taipei","BTCUSDT","BTC-260629-64000-C","2026-06-29","64000","CALL","1h","2026-06-26 16:00:00","2026-06-27 00:00:00","20.000","20.000","20.000","20.000","12.07","2026-06-26 16:59:59","2026-06-27 00:59:59","241.40000","6","12.07","241.40000"
"all-available","Asia/Taipei","BTCUSDT","BTC-260629-64000-C","2026-06-29","64000","CALL","1h","2026-06-26 17:00:00","2026-06-27 01:00:00","20.000","20.000","20.000","20.000","0.02","2026-06-26 17:59:59","2026-06-27 01:59:59","0.40000","1","0.02","0.40000"
"all-available","Asia/Taipei","BTCUSDT","BTC-260629-64000-C","2026-06-29","64000","CALL","1h","2026-06-26 18:00:00","2026-06-27 02:00:00","10.000","10.000","10.000","10.000","2.00","2026-06-26 18:59:59","2026-06-27 02:59:59","20.00000","1","0.00","0.00000"
"all-available","Asia/Taipei","BTCUSDT","BTC-260629-64000-C","2026-06-29","64000","CALL","1h","2026-06-26 19:00:00","2026-06-27 03:00:00","10.000","10.000","10.000","10.000","2.20","2026-06-26 19:59:59","2026-06-27 03:59:59","22.00000","1","2.20","22.00000"
"all-available","Asia/Taipei","BTCUSDT","BTC-260629-64000-C","2026-06-29","64000","CALL","1h","2026-06-26 20:00:00","2026-06-27 04:00:00","10.000","10.000","10.000","10.000","0.00","2026-06-26 20:59:59","2026-06-27 04:59:59","0.00000","0","0.00","0.00000"
"all-available","Asia/Taipei","BTCUSDT","BTC-260629-64000-C","2026-06-29","64000","CALL","1h","2026-06-26 21:00:00","2026-06-27 05:00:00","10.000","10.000","10.000","10.000","0.00","2026-06-26 21:59:59","2026-06-27 05:59:59","0.00000","0","0.00","0.00000"
"all-available","Asia/Taipei","BTCUSDT","BTC-260629-64000-C","2026-06-29","64000","CALL","1h","2026-06-26 22:00:00","2026-06-27 06:00:00","10.000","15.000","10.000","10.000","0.27","2026-06-26 22:59:59","2026-06-27 06:59:59","2.95000","4","0.27","2.95000"
"all-available","Asia/Taipei","BTCUSDT","BTC-260629-64000-C","2026-06-29","64000","CALL","1h","2026-06-26 23:00:00","2026-06-27 07:00:00","10.000","10.000","10.000","10.000","0.00","2026-06-26 23:59:59","2026-06-27 07:59:59","0.00000","0","0.00","0.00000"
"all-available","Asia/Taipei","BTCUSDT","BTC-260629-64000-C","2026-06-29","64000","CALL","1h","2026-06-27 00:00:00","2026-06-27 08:00:00","10.000","10.000","10.000","10.000","0.70","2026-06-27 00:59:59","2026-06-27 08:59:59","7.00000","1","0.70","7.00000"
"all-available","Asia/Taipei","BTCUSDT","BTC-260629-64000-C","2026-06-29","64000","CALL","1h","2026-06-27 01:00:00","2026-06-27 09:00:00","10.000","10.000","10.000","10.000","0.00","2026-06-27 01:59:59","2026-06-27 09:59:59","0.00000","0","0.00","0.00000"
"all-available","Asia/Taipei","BTCUSDT","BTC-260629-64000-C","2026-06-29","64000","CALL","1h","2026-06-27 02:00:00","2026-06-27 10:00:00","10.000","10.000","10.000","10.000","1.50","2026-06-27 02:59:59","2026-06-27 10:59:59","15.00000","1","1.50","15.00000"
"all-available","Asia/Taipei","BTCUSDT","BTC-260629-64000-C","2026-06-29","64000","CALL","1h","2026-06-27 03:00:00","2026-06-27 11:00:00","10.000","10.000","10.000","10.000","0.00","2026-06-27 03:59:59","2026-06-27 11:59:59","0.00000","0","0.00","0.00000"
"all-available","Asia/Taipei","BTCUSDT","BTC-260629-64000-C","2026-06-29","64000","CALL","1h","2026-06-27 04:00:00","2026-06-27 12:00:00","10.000","15.000","10.000","15.000","6.00","2026-06-27 04:59:59","2026-06-27 12:59:59","75.00000","2","6.00","75.00000"
"all-available","Asia/Taipei","BTCUSDT","BTC-260629-64000-C","2026-06-29","64000","CALL","1h","2026-06-27 05:00:00","2026-06-27 13:00:00","15.000","15.000","15.000","15.000","0.00","2026-06-27 05:59:59","2026-06-27 13:59:59","0.00000","0","0.00","0.00000"
"all-available","Asia/Taipei","BTCUSDT","BTC-260629-64000-C","2026-06-29","64000","CALL","1h","2026-06-27 06:00:00","2026-06-27 14:00:00","15.000","15.000","15.000","15.000","0.00","2026-06-27 06:59:59","2026-06-27 14:59:59","0.00000","0","0.00","0.00000"
"all-available","Asia/Taipei","BTCUSDT","BTC-260629-64000-C","2026-06-29","64000","CALL","1h","2026-06-27 07:00:00","2026-06-27 15:00:00","10.000","10.000","10.000","10.000","2.63","2026-06-27 07:59:59","2026-06-27 15:59:59","26.30000","3","0.50","5.00000"
"all-available","Asia/Taipei","BTCUSDT","BTC-260629-64000-C","2026-06-29","64000","CALL","1h","2026-06-27 08:00:00","2026-06-27 16:00:00","10.000","10.000","10.000","10.000","17.74","2026-06-27 08:59:59","2026-06-27 16:59:59","177.40000","3","0.00","0.00000"
"all-available","Asia/Taipei","BTCUSDT","BTC-260629-64000-C","2026-06-29","64000","CALL","1h","2026-06-27 09:00:00","2026-06-27 17:00:00","10.000","10.000","10.000","10.000","0.00","2026-06-27 09:59:59","2026-06-27 17:59:59","0.00000","0","0.00","0.00000"
"all-available","Asia/Taipei","BTCUSDT","BTC-260629-64000-C","2026-06-29","64000","CALL","1h","2026-06-27 10:00:00","2026-06-27 18:00:00","5.000","5.000","5.000","5.000","20.00","2026-06-27 10:59:59","2026-06-27 18:59:59","100.00000","9","0.00","0.00000"
"all-available","Asia/Taipei","BTCUSDT","BTC-260629-64000-C","2026-06-29","64000","CALL","1h","2026-06-27 11:00:00","2026-06-27 19:00:00","10.000","10.000","5.000","5.000","1.81","2026-06-27 11:59:59","2026-06-27 19:59:59","16.55000","2","1.81","16.55000"
"all-available","Asia/Taipei","BTCUSDT","BTC-260629-64000-C","2026-06-29","64000","CALL","1h","2026-06-27 12:00:00","2026-06-27 20:00:00","5.000","5.000","5.000","5.000","0.05","2026-06-27 12:59:59","2026-06-27 20:59:59","0.25000","1","0.05","0.25000"
"all-available","Asia/Taipei","BTCUSDT","BTC-260629-64000-C","2026-06-29","64000","CALL","1h","2026-06-27 13:00:00","2026-06-27 21:00:00","5.000","5.000","5.000","5.000","28.26","2026-06-27 13:59:59","2026-06-27 21:59:59","141.30000","9","28.26","141.30000"
"all-available","Asia/Taipei","BTCUSDT","BTC-260629-64000-C","2026-06-29","64000","CALL","1h","2026-06-27 14:00:00","2026-06-27 22:00:00","5.000","5.000","5.000","5.000","0.36","2026-06-27 14:59:59","2026-06-27 22:59:59","1.80000","2","0.36","1.80000"
"all-available","Asia/Taipei","BTCUSDT","BTC-260629-64000-C","2026-06-29","64000","CALL","1h","2026-06-27 15:00:00","2026-06-27 23:00:00","5.000","5.000","5.000","5.000","2.54","2026-06-27 15:59:59","2026-06-27 23:59:59","12.70000","2","2.54","12.70000"
"all-available","Asia/Taipei","BTCUSDT","BTC-260629-64000-C","2026-06-29","64000","CALL","1h","2026-06-27 16:00:00","2026-06-28 00:00:00","5.000","5.000","5.000","5.000","0.00","2026-06-27 16:59:59","2026-06-28 00:59:59","0.00000","0","0.00","0.00000"
"all-available","Asia/Taipei","BTCUSDT","BTC-260629-64000-C","2026-06-29","64000","CALL","1h","2026-06-27 17:00:00","2026-06-28 01:00:00","10.000","10.000","10.000","10.000","0.42","2026-06-27 17:59:59","2026-06-28 01:59:59","4.20000","1","0.42","4.20000"
"all-available","Asia/Taipei","BTCUSDT","BTC-260629-64000-C","2026-06-29","64000","CALL","1h","2026-06-27 18:00:00","2026-06-28 02:00:00","10.000","10.000","10.000","10.000","4.18","2026-06-27 18:59:59","2026-06-28 02:59:59","41.80000","5","4.18","41.80000"
"all-available","Asia/Taipei","BTCUSDT","BTC-260629-64000-C","2026-06-29","64000","CALL","1h","2026-06-27 19:00:00","2026-06-28 03:00:00","5.000","10.000","5.000","10.000","10.90","2026-06-27 19:59:59","2026-06-28 03:59:59","58.95000","7","0.89","8.90000"
"all-available","Asia/Taipei","BTCUSDT","BTC-260629-64000-C","2026-06-29","64000","CALL","1h","2026-06-27 20:00:00","2026-06-28 04:00:00","10.000","10.000","10.000","10.000","0.00","2026-06-27 20:59:59","2026-06-28 04:59:59","0.00000","0","0.00","0.00000"
"all-available","Asia/Taipei","BTCUSDT","BTC-260629-64000-C","2026-06-29","64000","CALL","1h","2026-06-27 21:00:00","2026-06-28 05:00:00","10.000","10.000","10.000","10.000","0.00","2026-06-27 21:59:59","2026-06-28 05:59:59","0.00000","0","0.00","0.00000"
"all-available","Asia/Taipei","BTCUSDT","BTC-260629-64000-C","2026-06-29","64000","CALL","1h","2026-06-27 22:00:00","2026-06-28 06:00:00","5.000","5.000","5.000","5.000","0.04","2026-06-27 22:59:59","2026-06-28 06:59:59","0.20000","1","0.04","0.20000"
"all-available","Asia/Taipei","BTCUSDT","BTC-260629-64000-C","2026-06-29","64000","CALL","1h","2026-06-27 23:00:00","2026-06-28 07:00:00","5.000","5.000","5.000","5.000","0.00","2026-06-27 23:59:59","2026-06-28 07:59:59","0.00000","0","0.00","0.00000"
"all-available","Asia/Taipei","BTCUSDT","BTC-260629-64000-C","2026-06-29","64000","CALL","1h","2026-06-28 00:00:00","2026-06-28 08:00:00","5.000","5.000","5.000","5.000","2.79","2026-06-28 00:59:59","2026-06-28 08:59:59","13.95000","2","1.79","8.95000"
"all-available","Asia/Taipei","BTCUSDT","BTC-260629-64000-C","2026-06-29","64000","CALL","1h","2026-06-28 01:00:00","2026-06-28 09:00:00","5.000","10.000","5.000","10.000","0.51","2026-06-28 01:59:59","2026-06-28 09:59:59","2.60000","3","0.01","0.10000"
"all-available","Asia/Taipei","BTCUSDT","BTC-260629-64000-C","2026-06-29","64000","CALL","1h","2026-06-28 02:00:00","2026-06-28 10:00:00","10.000","10.000","10.000","10.000","0.00","2026-06-28 02:59:59","2026-06-28 10:59:59","0.00000","0","0.00","0.00000"
"all-available","Asia/Taipei","BTCUSDT","BTC-260629-64000-C","2026-06-29","64000","CALL","1h","2026-06-28 03:00:00","2026-06-28 11:00:00","10.000","10.000","10.000","10.000","0.00","2026-06-28 03:59:59","2026-06-28 11:59:59","0.00000","0","0.00","0.00000"
"all-available","Asia/Taipei","BTCUSDT","BTC-260629-64000-C","2026-06-29","64000","CALL","1h","2026-06-28 04:00:00","2026-06-28 12:00:00","10.000","10.000","10.000","10.000","0.00","2026-06-28 04:59:59","2026-06-28 12:59:59","0.00000","0","0.00","0.00000"
"all-available","Asia/Taipei","BTCUSDT","BTC-260629-64000-C","2026-06-29","64000","CALL","1h","2026-06-28 05:00:00","2026-06-28 13:00:00","10.000","10.000","10.000","10.000","0.00","2026-06-28 05:59:59","2026-06-28 13:59:59","0.00000","0","0.00","0.00000"
"all-available","Asia/Taipei","BTCUSDT","BTC-260629-64000-C","2026-06-29","64000","CALL","1h","2026-06-28 06:00:00","2026-06-28 14:00:00","5.000","5.000","5.000","5.000","1.83","2026-06-28 06:59:59","2026-06-28 14:59:59","9.15000","2","1.83","9.15000"
"all-available","Asia/Taipei","BTCUSDT","BTC-260629-64000-C","2026-06-29","64000","CALL","1h","2026-06-28 07:00:00","2026-06-28 15:00:00","5.000","5.000","5.000","5.000","41.86","2026-06-28 07:59:59","2026-06-28 15:59:59","209.30000","13","21.99","109.95000"
"all-available","Asia/Taipei","BTCUSDT","BTC-260629-64000-C","2026-06-29","64000","CALL","1h","2026-06-28 08:00:00","2026-06-28 16:00:00","10.000","10.000","5.000","5.000","26.00","2026-06-28 08:59:59","2026-06-28 16:59:59","130.05000","11","3.01","15.10000"
"all-available","Asia/Taipei","BTCUSDT","BTC-260629-64000-C","2026-06-29","64000","CALL","1h","2026-06-28 09:00:00","2026-06-28 17:00:00","5.000","5.000","5.000","5.000","0.00","2026-06-28 09:59:59","2026-06-28 17:59:59","0.00000","0","0.00","0.00000"
"all-available","Asia/Taipei","BTCUSDT","BTC-260629-64000-C","2026-06-29","64000","CALL","1h","2026-06-28 10:00:00","2026-06-28 18:00:00","5.000","5.000","5.000","5.000","1.00","2026-06-28 10:59:59","2026-06-28 18:59:59","5.00000","2","0.00","0.00000"
"all-available","Asia/Taipei","BTCUSDT","BTC-260629-64000-C","2026-06-29","64000","CALL","1h","2026-06-28 11:00:00","2026-06-28 19:00:00","5.000","5.000","5.000","5.000","0.13","2026-06-28 11:59:59","2026-06-28 19:59:59","0.65000","2","0.13","0.65000"
"all-available","Asia/Taipei","BTCUSDT","BTC-260629-64000-C","2026-06-29","64000","CALL","1h","2026-06-28 12:00:00","2026-06-28 20:00:00","5.000","5.000","5.000","5.000","32.91","2026-06-28 12:59:59","2026-06-28 20:59:59","164.55000","5","32.91","164.55000"
"all-available","Asia/Taipei","BTCUSDT","BTC-260629-64000-C","2026-06-29","64000","CALL","1h","2026-06-28 13:00:00","2026-06-28 21:00:00","5.000","5.000","5.000","5.000","0.00","2026-06-28 13:59:59","2026-06-28 21:59:59","0.00000","0","0.00","0.00000"
"all-available","Asia/Taipei","BTCUSDT","BTC-260629-64000-C","2026-06-29","64000","CALL","1h","2026-06-28 14:00:00","2026-06-28 22:00:00","5.000","5.000","5.000","5.000","0.00","2026-06-28 14:59:59","2026-06-28 22:59:59","0.00000","0","0.00","0.00000"
"all-available","Asia/Taipei","BTCUSDT","BTC-260629-64000-C","2026-06-29","64000","CALL","1h","2026-06-28 15:00:00","2026-06-28 23:00:00","5.000","5.000","5.000","5.000","1.00","2026-06-28 15:59:59","2026-06-28 23:59:59","5.00000","1","0.00","0.00000"
"all-available","Asia/Taipei","BTCUSDT","BTC-260629-64000-C","2026-06-29","64000","CALL","1h","2026-06-28 16:00:00","2026-06-29 00:00:00","5.000","5.000","5.000","5.000","0.01","2026-06-28 16:59:59","2026-06-29 00:59:59","0.05000","1","0.01","0.05000"
"all-available","Asia/Taipei","BTCUSDT","BTC-260629-64000-C","2026-06-29","64000","CALL","1h","2026-06-28 17:00:00","2026-06-29 01:00:00","5.000","5.000","5.000","5.000","0.00","2026-06-28 17:59:59","2026-06-29 01:59:59","0.00000","0","0.00","0.00000"
"all-available","Asia/Taipei","BTCUSDT","BTC-260629-64000-C","2026-06-29","64000","CALL","1h","2026-06-28 18:00:00","2026-06-29 02:00:00","5.000","5.000","5.000","5.000","5.00","2026-06-28 18:59:59","2026-06-29 02:59:59","25.00000","1","5.00","25.00000"
"all-available","Asia/Taipei","BTCUSDT","BTC-260629-64000-C","2026-06-29","64000","CALL","1h","2026-06-28 19:00:00","2026-06-29 03:00:00","5.000","5.000","5.000","5.000","0.00","2026-06-28 19:59:59","2026-06-29 03:59:59","0.00000","0","0.00","0.00000"
"all-available","Asia/Taipei","BTCUSDT","BTC-260629-64000-C","2026-06-29","64000","CALL","1h","2026-06-28 20:00:00","2026-06-29 04:00:00","5.000","5.000","5.000","5.000","0.00","2026-06-28 20:59:59","2026-06-29 04:59:59","0.00000","0","0.00","0.00000"
"all-available","Asia/Taipei","BTCUSDT","BTC-260629-64000-C","2026-06-29","64000","CALL","1h","2026-06-28 21:00:00","2026-06-29 05:00:00","5.000","5.000","5.000","5.000","0.00","2026-06-28 21:59:59","2026-06-29 05:59:59","0.00000","0","0.00","0.00000"
"all-available","Asia/Taipei","BTCUSDT","BTC-260629-64000-C","2026-06-29","64000","CALL","1h","2026-06-28 22:00:00","2026-06-29 06:00:00","5.000","5.000","5.000","5.000","0.00","2026-06-28 22:59:59","2026-06-29 06:59:59","0.00000","0","0.00","0.00000"
"all-available","Asia/Taipei","BTCUSDT","BTC-260629-64000-C","2026-06-29","64000","CALL","1h","2026-06-28 23:00:00","2026-06-29 07:00:00","5.000","5.000","5.000","5.000","0.00","2026-06-28 23:59:59","2026-06-29 07:59:59","0.00000","0","0.00","0.00000"
"all-available","Asia/Taipei","BTCUSDT","BTC-260629-64000-C","2026-06-29","64000","CALL","1h","2026-06-29 00:00:00","2026-06-29 08:00:00","5.000","5.000","5.000","5.000","0.00","2026-06-29 00:59:59","2026-06-29 08:59:59","0.00000","0","0.00","0.00000"
"all-available","Asia/Taipei","BTCUSDT","BTC-260629-64000-C","2026-06-29","64000","CALL","1h","2026-06-29 01:00:00","2026-06-29 09:00:00","5.000","5.000","5.000","5.000","0.00","2026-06-29 01:59:59","2026-06-29 09:59:59","0.00000","0","0.00","0.00000"
"all-available","Asia/Taipei","BTCUSDT","BTC-260629-64000-C","2026-06-29","64000","CALL","1h","2026-06-29 02:00:00","2026-06-29 10:00:00","5.000","5.000","5.000","5.000","0.00","2026-06-29 02:59:59","2026-06-29 10:59:59","0.00000","0","0.00","0.00000"
"all-available","Asia/Taipei","BTCUSDT","BTC-260629-64000-C","2026-06-29","64000","CALL","1h","2026-06-29 03:00:00","2026-06-29 11:00:00","5.000","5.000","5.000","5.000","0.00","2026-06-29 03:59:59","2026-06-29 11:59:59","0.00000","0","0.00","0.00000"
"all-available","Asia/Taipei","BTCUSDT","BTC-260629-64000-C","2026-06-29","64000","CALL","1h","2026-06-29 04:00:00","2026-06-29 12:00:00","5.000","5.000","5.000","5.000","0.00","2026-06-29 04:59:59","2026-06-29 12:59:59","0.00000","0","0.00","0.00000"
"all-available","Asia/Taipei","BTCUSDT","BTC-260629-64000-C","2026-06-29","64000","CALL","1h","2026-06-29 05:00:00","2026-06-29 13:00:00","5.000","5.000","5.000","5.000","0.00","2026-06-29 05:59:59","2026-06-29 13:59:59","0.00000","0","0.00","0.00000"
"all-available","Asia/Taipei","BTCUSDT","BTC-260629-64000-C","2026-06-29","64000","CALL","1h","2026-06-29 06:00:00","2026-06-29 14:00:00","5.000","5.000","5.000","5.000","0.00","2026-06-29 06:59:59","2026-06-29 14:59:59","0.00000","0","0.00","0.00000"
"all-available","Asia/Taipei","BTCUSDT","BTC-260629-64000-C","2026-06-29","64000","CALL","1h","2026-06-29 07:00:00","2026-06-29 15:00:00","5.000","5.000","5.000","5.000","0.00","2026-06-29 07:59:59","2026-06-29 15:59:59","0.00000","0","0.00","0.00000"
"all-available","Asia/Taipei","BTCUSDT","BTC-260629-64000-P","2026-06-29","64000","PUT","1h","2026-06-27 09:00:00","2026-06-27 17:00:00","3575.000","3575.000","3575.000","3575.000","0.01","2026-06-27 09:59:59","2026-06-27 17:59:59","35.75000","1","0.01","35.75000"
"all-available","Asia/Taipei","BTCUSDT","BTC-260629-64000-P","2026-06-29","64000","PUT","1h","2026-06-27 10:00:00","2026-06-27 18:00:00","3575.000","3575.000","3575.000","3575.000","0.00","2026-06-27 10:59:59","2026-06-27 18:59:59","0.00000","0","0.00","0.00000"
"all-available","Asia/Taipei","BTCUSDT","BTC-260629-64000-P","2026-06-29","64000","PUT","1h","2026-06-27 11:00:00","2026-06-27 19:00:00","3575.000","3575.000","3575.000","3575.000","0.00","2026-06-27 11:59:59","2026-06-27 19:59:59","0.00000","0","0.00","0.00000"
"all-available","Asia/Taipei","BTCUSDT","BTC-260629-64000-P","2026-06-29","64000","PUT","1h","2026-06-27 12:00:00","2026-06-27 20:00:00","3575.000","3575.000","3575.000","3575.000","0.00","2026-06-27 12:59:59","2026-06-27 20:59:59","0.00000","0","0.00","0.00000"
"all-available","Asia/Taipei","BTCUSDT","BTC-260629-64000-P","2026-06-29","64000","PUT","1h","2026-06-27 13:00:00","2026-06-27 21:00:00","3575.000","3575.000","3575.000","3575.000","0.00","2026-06-27 13:59:59","2026-06-27 21:59:59","0.00000","0","0.00","0.00000"
"all-available","Asia/Taipei","BTCUSDT","BTC-260629-64000-P","2026-06-29","64000","PUT","1h","2026-06-27 14:00:00","2026-06-27 22:00:00","3575.000","3575.000","3575.000","3575.000","0.00","2026-06-27 14:59:59","2026-06-27 22:59:59","0.00000","0","0.00","0.00000"
"all-available","Asia/Taipei","BTCUSDT","BTC-260629-64000-P","2026-06-29","64000","PUT","1h","2026-06-27 15:00:00","2026-06-27 23:00:00","3575.000","3575.000","3575.000","3575.000","0.00","2026-06-27 15:59:59","2026-06-27 23:59:59","0.00000","0","0.00","0.00000"
"all-available","Asia/Taipei","BTCUSDT","BTC-260629-64000-P","2026-06-29","64000","PUT","1h","2026-06-27 16:00:00","2026-06-28 00:00:00","3575.000","3575.000","3575.000","3575.000","0.00","2026-06-27 16:59:59","2026-06-28 00:59:59","0.00000","0","0.00","0.00000"
"all-available","Asia/Taipei","BTCUSDT","BTC-260629-64000-P","2026-06-29","64000","PUT","1h","2026-06-27 17:00:00","2026-06-28 01:00:00","3575.000","3575.000","3575.000","3575.000","0.00","2026-06-27 17:59:59","2026-06-28 01:59:59","0.00000","0","0.00","0.00000"
"all-available","Asia/Taipei","BTCUSDT","BTC-260629-64000-P","2026-06-29","64000","PUT","1h","2026-06-27 18:00:00","2026-06-28 02:00:00","3575.000","3575.000","3575.000","3575.000","0.00","2026-06-27 18:59:59","2026-06-28 02:59:59","0.00000","0","0.00","0.00000"
"all-available","Asia/Taipei","BTCUSDT","BTC-260629-64000-P","2026-06-29","64000","PUT","1h","2026-06-27 19:00:00","2026-06-28 03:00:00","3575.000","3575.000","3575.000","3575.000","0.00","2026-06-27 19:59:59","2026-06-28 03:59:59","0.00000","0","0.00","0.00000"
"all-available","Asia/Taipei","BTCUSDT","BTC-260629-64000-P","2026-06-29","64000","PUT","1h","2026-06-27 20:00:00","2026-06-28 04:00:00","3575.000","3575.000","3575.000","3575.000","0.00","2026-06-27 20:59:59","2026-06-28 04:59:59","0.00000","0","0.00","0.00000"
"all-available","Asia/Taipei","BTCUSDT","BTC-260629-64000-P","2026-06-29","64000","PUT","1h","2026-06-27 21:00:00","2026-06-28 05:00:00","3575.000","3575.000","3575.000","3575.000","0.00","2026-06-27 21:59:59","2026-06-28 05:59:59","0.00000","0","0.00","0.00000"
"all-available","Asia/Taipei","BTCUSDT","BTC-260629-64000-P","2026-06-29","64000","PUT","1h","2026-06-27 22:00:00","2026-06-28 06:00:00","3575.000","3575.000","3575.000","3575.000","0.00","2026-06-27 22:59:59","2026-06-28 06:59:59","0.00000","0","0.00","0.00000"
"all-available","Asia/Taipei","BTCUSDT","BTC-260629-64000-P","2026-06-29","64000","PUT","1h","2026-06-27 23:00:00","2026-06-28 07:00:00","3575.000","3575.000","3575.000","3575.000","0.00","2026-06-27 23:59:59","2026-06-28 07:59:59","0.00000","0","0.00","0.00000"
"all-available","Asia/Taipei","BTCUSDT","BTC-260629-64000-P","2026-06-29","64000","PUT","1h","2026-06-28 00:00:00","2026-06-28 08:00:00","3575.000","3575.000","3575.000","3575.000","0.00","2026-06-28 00:59:59","2026-06-28 08:59:59","0.00000","0","0.00","0.00000"
"all-available","Asia/Taipei","BTCUSDT","BTC-260629-64000-P","2026-06-29","64000","PUT","1h","2026-06-28 01:00:00","2026-06-28 09:00:00","3575.000","3575.000","3575.000","3575.000","0.00","2026-06-28 01:59:59","2026-06-28 09:59:59","0.00000","0","0.00","0.00000"
"all-available","Asia/Taipei","BTCUSDT","BTC-260629-64000-P","2026-06-29","64000","PUT","1h","2026-06-28 02:00:00","2026-06-28 10:00:00","3575.000","3575.000","3575.000","3575.000","0.00","2026-06-28 02:59:59","2026-06-28 10:59:59","0.00000","0","0.00","0.00000"
"all-available","Asia/Taipei","BTCUSDT","BTC-260629-64000-P","2026-06-29","64000","PUT","1h","2026-06-28 03:00:00","2026-06-28 11:00:00","3575.000","3575.000","3575.000","3575.000","0.00","2026-06-28 03:59:59","2026-06-28 11:59:59","0.00000","0","0.00","0.00000"
"all-available","Asia/Taipei","BTCUSDT","BTC-260629-64000-P","2026-06-29","64000","PUT","1h","2026-06-28 04:00:00","2026-06-28 12:00:00","3575.000","3575.000","3575.000","3575.000","0.00","2026-06-28 04:59:59","2026-06-28 12:59:59","0.00000","0","0.00","0.00000"
"all-available","Asia/Taipei","BTCUSDT","BTC-260629-64000-P","2026-06-29","64000","PUT","1h","2026-06-28 05:00:00","2026-06-28 13:00:00","3575.000","3575.000","3575.000","3575.000","0.00","2026-06-28 05:59:59","2026-06-28 13:59:59","0.00000","0","0.00","0.00000"
"all-available","Asia/Taipei","BTCUSDT","BTC-260629-64000-P","2026-06-29","64000","PUT","1h","2026-06-28 06:00:00","2026-06-28 14:00:00","3575.000","3575.000","3575.000","3575.000","0.00","2026-06-28 06:59:59","2026-06-28 14:59:59","0.00000","0","0.00","0.00000"
"all-available","Asia/Taipei","BTCUSDT","BTC-260629-64000-P","2026-06-29","64000","PUT","1h","2026-06-28 07:00:00","2026-06-28 15:00:00","3575.000","3575.000","3575.000","3575.000","0.00","2026-06-28 07:59:59","2026-06-28 15:59:59","0.00000","0","0.00","0.00000"
"all-available","Asia/Taipei","BTCUSDT","BTC-260629-64000-P","2026-06-29","64000","PUT","1h","2026-06-28 08:00:00","2026-06-28 16:00:00","3575.000","3575.000","3575.000","3575.000","0.00","2026-06-28 08:59:59","2026-06-28 16:59:59","0.00000","0","0.00","0.00000"
"all-available","Asia/Taipei","BTCUSDT","BTC-260629-64000-P","2026-06-29","64000","PUT","1h","2026-06-28 09:00:00","2026-06-28 17:00:00","3575.000","3575.000","3575.000","3575.000","0.00","2026-06-28 09:59:59","2026-06-28 17:59:59","0.00000","0","0.00","0.00000"
"all-available","Asia/Taipei","BTCUSDT","BTC-260629-64000-P","2026-06-29","64000","PUT","1h","2026-06-28 10:00:00","2026-06-28 18:00:00","3575.000","3575.000","3575.000","3575.000","0.00","2026-06-28 10:59:59","2026-06-28 18:59:59","0.00000","0","0.00","0.00000"
"all-available","Asia/Taipei","BTCUSDT","BTC-260629-64000-P","2026-06-29","64000","PUT","1h","2026-06-28 11:00:00","2026-06-28 19:00:00","3575.000","3575.000","3575.000","3575.000","0.00","2026-06-28 11:59:59","2026-06-28 19:59:59","0.00000","0","0.00","0.00000"
"all-available","Asia/Taipei","BTCUSDT","BTC-260629-64000-P","2026-06-29","64000","PUT","1h","2026-06-28 12:00:00","2026-06-28 20:00:00","3575.000","3575.000","3575.000","3575.000","0.00","2026-06-28 12:59:59","2026-06-28 20:59:59","0.00000","0","0.00","0.00000"
"all-available","Asia/Taipei","BTCUSDT","BTC-260629-64000-P","2026-06-29","64000","PUT","1h","2026-06-28 13:00:00","2026-06-28 21:00:00","3575.000","3575.000","3575.000","3575.000","0.00","2026-06-28 13:59:59","2026-06-28 21:59:59","0.00000","0","0.00","0.00000"
"all-available","Asia/Taipei","BTCUSDT","BTC-260629-64000-P","2026-06-29","64000","PUT","1h","2026-06-28 14:00:00","2026-06-28 22:00:00","3575.000","3575.000","3575.000","3575.000","0.00","2026-06-28 14:59:59","2026-06-28 22:59:59","0.00000","0","0.00","0.00000"
"all-available","Asia/Taipei","BTCUSDT","BTC-260629-64000-P","2026-06-29","64000","PUT","1h","2026-06-28 15:00:00","2026-06-28 23:00:00","3575.000","3575.000","3575.000","3575.000","0.00","2026-06-28 15:59:59","2026-06-28 23:59:59","0.00000","0","0.00","0.00000"
"all-available","Asia/Taipei","BTCUSDT","BTC-260629-64000-P","2026-06-29","64000","PUT","1h","2026-06-28 16:00:00","2026-06-29 00:00:00","3575.000","3575.000","3575.000","3575.000","0.00","2026-06-28 16:59:59","2026-06-29 00:59:59","0.00000","0","0.00","0.00000"
"all-available","Asia/Taipei","BTCUSDT","BTC-260629-64000-P","2026-06-29","64000","PUT","1h","2026-06-28 17:00:00","2026-06-29 01:00:00","3575.000","3575.000","3575.000","3575.000","0.00","2026-06-28 17:59:59","2026-06-29 01:59:59","0.00000","0","0.00","0.00000"
"all-available","Asia/Taipei","BTCUSDT","BTC-260629-64000-P","2026-06-29","64000","PUT","1h","2026-06-28 18:00:00","2026-06-29 02:00:00","3575.000","3575.000","3575.000","3575.000","0.00","2026-06-28 18:59:59","2026-06-29 02:59:59","0.00000","0","0.00","0.00000"
"all-available","Asia/Taipei","BTCUSDT","BTC-260629-64000-P","2026-06-29","64000","PUT","1h","2026-06-28 19:00:00","2026-06-29 03:00:00","3575.000","3575.000","3575.000","3575.000","0.00","2026-06-28 19:59:59","2026-06-29 03:59:59","0.00000","0","0.00","0.00000"
"all-available","Asia/Taipei","BTCUSDT","BTC-260629-64000-P","2026-06-29","64000","PUT","1h","2026-06-28 20:00:00","2026-06-29 04:00:00","3575.000","3575.000","3575.000","3575.000","0.00","2026-06-28 20:59:59","2026-06-29 04:59:59","0.00000","0","0.00","0.00000"
"all-available","Asia/Taipei","BTCUSDT","BTC-260629-64000-P","2026-06-29","64000","PUT","1h","2026-06-28 21:00:00","2026-06-29 05:00:00","3575.000","3575.000","3575.000","3575.000","0.00","2026-06-28 21:59:59","2026-06-29 05:59:59","0.00000","0","0.00","0.00000"
"all-available","Asia/Taipei","BTCUSDT","BTC-260629-64000-P","2026-06-29","64000","PUT","1h","2026-06-28 22:00:00","2026-06-29 06:00:00","3575.000","3575.000","3575.000","3575.000","0.00","2026-06-28 22:59:59","2026-06-29 06:59:59","0.00000","0","0.00","0.00000"
"all-available","Asia/Taipei","BTCUSDT","BTC-260629-64000-P","2026-06-29","64000","PUT","1h","2026-06-28 23:00:00","2026-06-29 07:00:00","3575.000","3575.000","3575.000","3575.000","0.00","2026-06-28 23:59:59","2026-06-29 07:59:59","0.00000","0","0.00","0.00000"
"all-available","Asia/Taipei","BTCUSDT","BTC-260629-64000-P","2026-06-29","64000","PUT","1h","2026-06-29 00:00:00","2026-06-29 08:00:00","3575.000","3575.000","3575.000","3575.000","0.00","2026-06-29 00:59:59","2026-06-29 08:59:59","0.00000","0","0.00","0.00000"
"all-available","Asia/Taipei","BTCUSDT","BTC-260629-64000-P","2026-06-29","64000","PUT","1h","2026-06-29 01:00:00","2026-06-29 09:00:00","3575.000","3575.000","3575.000","3575.000","0.00","2026-06-29 01:59:59","2026-06-29 09:59:59","0.00000","0","0.00","0.00000"
"all-available","Asia/Taipei","BTCUSDT","BTC-260629-64000-P","2026-06-29","64000","PUT","1h","2026-06-29 02:00:00","2026-06-29 10:00:00","3575.000","3575.000","3575.000","3575.000","0.00","2026-06-29 02:59:59","2026-06-29 10:59:59","0.00000","0","0.00","0.00000"
"all-available","Asia/Taipei","BTCUSDT","BTC-260629-64000-P","2026-06-29","64000","PUT","1h","2026-06-29 03:00:00","2026-06-29 11:00:00","3575.000","3575.000","3575.000","3575.000","0.00","2026-06-29 03:59:59","2026-06-29 11:59:59","0.00000","0","0.00","0.00000"
"all-available","Asia/Taipei","BTCUSDT","BTC-260629-64000-P","2026-06-29","64000","PUT","1h","2026-06-29 04:00:00","2026-06-29 12:00:00","3575.000","3575.000","3575.000","3575.000","0.00","2026-06-29 04:59:59","2026-06-29 12:59:59","0.00000","0","0.00","0.00000"
"all-available","Asia/Taipei","BTCUSDT","BTC-260629-64000-P","2026-06-29","64000","PUT","1h","2026-06-29 05:00:00","2026-06-29 13:00:00","3575.000","3575.000","3575.000","3575.000","0.00","2026-06-29 05:59:59","2026-06-29 13:59:59","0.00000","0","0.00","0.00000"
"all-available","Asia/Taipei","BTCUSDT","BTC-260629-64000-P","2026-06-29","64000","PUT","1h","2026-06-29 06:00:00","2026-06-29 14:00:00","3575.000","3575.000","3575.000","3575.000","0.00","2026-06-29 06:59:59","2026-06-29 14:59:59","0.00000","0","0.00","0.00000"
"all-available","Asia/Taipei","BTCUSDT","BTC-260629-64000-P","2026-06-29","64000","PUT","1h","2026-06-29 07:00:00","2026-06-29 15:00:00","3575.000","3575.000","3575.000","3575.000","0.00","2026-06-29 07:59:59","2026-06-29 15:59:59","0.00000","0","0.00","0.00000"
