"queryDate","timeZone","underlying","symbol","expiryDate","strikePrice","side","interval","openTimeUtc","openTimeLocal","open","high","low","close","volume","closeTimeUtc","closeTimeLocal","quoteVolume","numberOfTrades","takerBuyVolume","takerBuyQuoteVolume"
"all-available","Asia/Taipei","BTCUSDT","BTC-260816-59000-P","2026-08-16","59000","PUT","1h","2026-08-14 09:00:00","2026-08-14 17:00:00","10.000","10.000","10.000","10.000","0.10","2026-08-14 09:59:59","2026-08-14 17:59:59","1.00000","1","0.00","0.00000"
"all-available","Asia/Taipei","BTCUSDT","BTC-260816-59000-P","2026-08-16","59000","PUT","1h","2026-08-14 10:00:00","2026-08-14 18:00:00","10.000","10.000","10.000","10.000","0.01","2026-08-14 10:59:59","2026-08-14 18:59:59","0.10000","1","0.00","0.00000"
"all-available","Asia/Taipei","BTCUSDT","BTC-260816-59000-P","2026-08-16","59000","PUT","1h","2026-08-14 11:00:00","2026-08-14 19:00:00","10.000","10.000","10.000","10.000","0.00","2026-08-14 11:59:59","2026-08-14 19:59:59","0.00000","0","0.00","0.00000"
"all-available","Asia/Taipei","BTCUSDT","BTC-260816-59000-P","2026-08-16","59000","PUT","1h","2026-08-14 12:00:00","2026-08-14 20:00:00","10.000","10.000","10.000","10.000","0.00","2026-08-14 12:59:59","2026-08-14 20:59:59","0.00000","0","0.00","0.00000"
"all-available","Asia/Taipei","BTCUSDT","BTC-260816-59000-P","2026-08-16","59000","PUT","1h","2026-08-14 13:00:00","2026-08-14 21:00:00","15.000","15.000","15.000","15.000","0.86","2026-08-14 13:59:59","2026-08-14 21:59:59","12.90000","2","0.86","12.90000"
"all-available","Asia/Taipei","BTCUSDT","BTC-260816-59000-P","2026-08-16","59000","PUT","1h","2026-08-14 14:00:00","2026-08-14 22:00:00","15.000","15.000","15.000","15.000","0.00","2026-08-14 14:59:59","2026-08-14 22:59:59","0.00000","0","0.00","0.00000"
"all-available","Asia/Taipei","BTCUSDT","BTC-260816-59000-P","2026-08-16","59000","PUT","1h","2026-08-14 15:00:00","2026-08-14 23:00:00","15.000","15.000","15.000","15.000","0.00","2026-08-14 15:59:59","2026-08-14 23:59:59","0.00000","0","0.00","0.00000"
"all-available","Asia/Taipei","BTCUSDT","BTC-260816-59000-P","2026-08-16","59000","PUT","1h","2026-08-14 16:00:00","2026-08-15 00:00:00","15.000","15.000","15.000","15.000","0.00","2026-08-14 16:59:59","2026-08-15 00:59:59","0.00000","0","0.00","0.00000"
"all-available","Asia/Taipei","BTCUSDT","BTC-260816-59000-P","2026-08-16","59000","PUT","1h","2026-08-14 17:00:00","2026-08-15 01:00:00","15.000","15.000","15.000","15.000","0.00","2026-08-14 17:59:59","2026-08-15 01:59:59","0.00000","0","0.00","0.00000"
"all-available","Asia/Taipei","BTCUSDT","BTC-260816-59000-P","2026-08-16","59000","PUT","1h","2026-08-14 18:00:00","2026-08-15 02:00:00","10.000","10.000","10.000","10.000","0.08","2026-08-14 18:59:59","2026-08-15 02:59:59","0.80000","1","0.08","0.80000"
"all-available","Asia/Taipei","BTCUSDT","BTC-260816-59000-P","2026-08-16","59000","PUT","1h","2026-08-14 19:00:00","2026-08-15 03:00:00","10.000","10.000","10.000","10.000","0.00","2026-08-14 19:59:59","2026-08-15 03:59:59","0.00000","0","0.00","0.00000"
"all-available","Asia/Taipei","BTCUSDT","BTC-260816-59000-P","2026-08-16","59000","PUT","1h","2026-08-14 20:00:00","2026-08-15 04:00:00","10.000","10.000","10.000","10.000","0.00","2026-08-14 20:59:59","2026-08-15 04:59:59","0.00000","0","0.00","0.00000"
"all-available","Asia/Taipei","BTCUSDT","BTC-260816-59000-P","2026-08-16","59000","PUT","1h","2026-08-14 21:00:00","2026-08-15 05:00:00","10.000","10.000","10.000","10.000","0.00","2026-08-14 21:59:59","2026-08-15 05:59:59","0.00000","0","0.00","0.00000"
"all-available","Asia/Taipei","BTCUSDT","BTC-260816-59000-P","2026-08-16","59000","PUT","1h","2026-08-14 22:00:00","2026-08-15 06:00:00","10.000","10.000","10.000","10.000","0.00","2026-08-14 22:59:59","2026-08-15 06:59:59","0.00000","0","0.00","0.00000"
"all-available","Asia/Taipei","BTCUSDT","BTC-260816-59000-P","2026-08-16","59000","PUT","1h","2026-08-14 23:00:00","2026-08-15 07:00:00","10.000","10.000","10.000","10.000","0.00","2026-08-14 23:59:59","2026-08-15 07:59:59","0.00000","0","0.00","0.00000"
"all-available","Asia/Taipei","BTCUSDT","BTC-260816-59000-P","2026-08-16","59000","PUT","1h","2026-08-15 00:00:00","2026-08-15 08:00:00","10.000","10.000","10.000","10.000","0.00","2026-08-15 00:59:59","2026-08-15 08:59:59","0.00000","0","0.00","0.00000"
"all-available","Asia/Taipei","BTCUSDT","BTC-260816-59000-P","2026-08-16","59000","PUT","1h","2026-08-15 01:00:00","2026-08-15 09:00:00","10.000","10.000","10.000","10.000","0.00","2026-08-15 01:59:59","2026-08-15 09:59:59","0.00000","0","0.00","0.00000"
"all-available","Asia/Taipei","BTCUSDT","BTC-260816-59000-P","2026-08-16","59000","PUT","1h","2026-08-15 02:00:00","2026-08-15 10:00:00","10.000","10.000","10.000","10.000","0.00","2026-08-15 02:59:59","2026-08-15 10:59:59","0.00000","0","0.00","0.00000"
"all-available","Asia/Taipei","BTCUSDT","BTC-260816-59000-P","2026-08-16","59000","PUT","1h","2026-08-15 03:00:00","2026-08-15 11:00:00","10.000","10.000","10.000","10.000","0.00","2026-08-15 03:59:59","2026-08-15 11:59:59","0.00000","0","0.00","0.00000"
"all-available","Asia/Taipei","BTCUSDT","BTC-260816-59000-P","2026-08-16","59000","PUT","1h","2026-08-15 04:00:00","2026-08-15 12:00:00","10.000","10.000","10.000","10.000","0.00","2026-08-15 04:59:59","2026-08-15 12:59:59","0.00000","0","0.00","0.00000"
"all-available","Asia/Taipei","BTCUSDT","BTC-260816-59000-P","2026-08-16","59000","PUT","1h","2026-08-15 05:00:00","2026-08-15 13:00:00","10.000","10.000","10.000","10.000","0.00","2026-08-15 05:59:59","2026-08-15 13:59:59","0.00000","0","0.00","0.00000"
"all-available","Asia/Taipei","BTCUSDT","BTC-260816-59000-P","2026-08-16","59000","PUT","1h","2026-08-15 06:00:00","2026-08-15 14:00:00","10.000","10.000","10.000","10.000","0.00","2026-08-15 06:59:59","2026-08-15 14:59:59","0.00000","0","0.00","0.00000"
"all-available","Asia/Taipei","BTCUSDT","BTC-260816-59000-P","2026-08-16","59000","PUT","1h","2026-08-15 07:00:00","2026-08-15 15:00:00","10.000","10.000","10.000","10.000","0.00","2026-08-15 07:59:59","2026-08-15 15:59:59","0.00000","0","0.00","0.00000"
"all-available","Asia/Taipei","BTCUSDT","BTC-260816-59000-P","2026-08-16","59000","PUT","1h","2026-08-15 08:00:00","2026-08-15 16:00:00","10.000","10.000","10.000","10.000","0.00","2026-08-15 08:59:59","2026-08-15 16:59:59","0.00000","0","0.00","0.00000"
"all-available","Asia/Taipei","BTCUSDT","BTC-260816-59000-P","2026-08-16","59000","PUT","1h","2026-08-15 09:00:00","2026-08-15 17:00:00","10.000","10.000","10.000","10.000","0.00","2026-08-15 09:59:59","2026-08-15 17:59:59","0.00000","0","0.00","0.00000"
"all-available","Asia/Taipei","BTCUSDT","BTC-260816-59000-P","2026-08-16","59000","PUT","1h","2026-08-15 10:00:00","2026-08-15 18:00:00","10.000","10.000","10.000","10.000","0.00","2026-08-15 10:59:59","2026-08-15 18:59:59","0.00000","0","0.00","0.00000"
"all-available","Asia/Taipei","BTCUSDT","BTC-260816-59000-P","2026-08-16","59000","PUT","1h","2026-08-15 11:00:00","2026-08-15 19:00:00","10.000","10.000","10.000","10.000","0.00","2026-08-15 11:59:59","2026-08-15 19:59:59","0.00000","0","0.00","0.00000"
"all-available","Asia/Taipei","BTCUSDT","BTC-260816-59000-P","2026-08-16","59000","PUT","1h","2026-08-15 12:00:00","2026-08-15 20:00:00","5.000","5.000","5.000","5.000","0.28","2026-08-15 12:59:59","2026-08-15 20:59:59","1.40000","1","0.28","1.40000"
"all-available","Asia/Taipei","BTCUSDT","BTC-260816-59000-P","2026-08-16","59000","PUT","1h","2026-08-15 13:00:00","2026-08-15 21:00:00","5.000","5.000","5.000","5.000","0.00","2026-08-15 13:59:59","2026-08-15 21:59:59","0.00000","0","0.00","0.00000"
"all-available","Asia/Taipei","BTCUSDT","BTC-260816-59000-P","2026-08-16","59000","PUT","1h","2026-08-15 14:00:00","2026-08-15 22:00:00","5.000","5.000","5.000","5.000","0.00","2026-08-15 14:59:59","2026-08-15 22:59:59","0.00000","0","0.00","0.00000"
"all-available","Asia/Taipei","BTCUSDT","BTC-260816-59000-P","2026-08-16","59000","PUT","1h","2026-08-15 15:00:00","2026-08-15 23:00:00","5.000","5.000","5.000","5.000","0.00","2026-08-15 15:59:59","2026-08-15 23:59:59","0.00000","0","0.00","0.00000"
"all-available","Asia/Taipei","BTCUSDT","BTC-260816-59000-P","2026-08-16","59000","PUT","1h","2026-08-15 16:00:00","2026-08-16 00:00:00","5.000","5.000","5.000","5.000","0.00","2026-08-15 16:59:59","2026-08-16 00:59:59","0.00000","0","0.00","0.00000"
"all-available","Asia/Taipei","BTCUSDT","BTC-260816-59000-P","2026-08-16","59000","PUT","1h","2026-08-15 17:00:00","2026-08-16 01:00:00","5.000","5.000","5.000","5.000","0.00","2026-08-15 17:59:59","2026-08-16 01:59:59","0.00000","0","0.00","0.00000"
"all-available","Asia/Taipei","BTCUSDT","BTC-260816-59000-P","2026-08-16","59000","PUT","1h","2026-08-15 18:00:00","2026-08-16 02:00:00","5.000","5.000","5.000","5.000","0.00","2026-08-15 18:59:59","2026-08-16 02:59:59","0.00000","0","0.00","0.00000"
"all-available","Asia/Taipei","BTCUSDT","BTC-260816-59000-P","2026-08-16","59000","PUT","1h","2026-08-15 19:00:00","2026-08-16 03:00:00","5.000","5.000","5.000","5.000","0.00","2026-08-15 19:59:59","2026-08-16 03:59:59","0.00000","0","0.00","0.00000"
"all-available","Asia/Taipei","BTCUSDT","BTC-260816-59000-P","2026-08-16","59000","PUT","1h","2026-08-15 20:00:00","2026-08-16 04:00:00","5.000","5.000","5.000","5.000","0.00","2026-08-15 20:59:59","2026-08-16 04:59:59","0.00000","0","0.00","0.00000"
"all-available","Asia/Taipei","BTCUSDT","BTC-260816-59000-P","2026-08-16","59000","PUT","1h","2026-08-15 21:00:00","2026-08-16 05:00:00","5.000","5.000","5.000","5.000","0.00","2026-08-15 21:59:59","2026-08-16 05:59:59","0.00000","0","0.00","0.00000"
"all-available","Asia/Taipei","BTCUSDT","BTC-260816-59000-P","2026-08-16","59000","PUT","1h","2026-08-15 22:00:00","2026-08-16 06:00:00","5.000","5.000","5.000","5.000","0.00","2026-08-15 22:59:59","2026-08-16 06:59:59","0.00000","0","0.00","0.00000"
"all-available","Asia/Taipei","BTCUSDT","BTC-260816-59000-P","2026-08-16","59000","PUT","1h","2026-08-15 23:00:00","2026-08-16 07:00:00","5.000","5.000","5.000","5.000","0.00","2026-08-15 23:59:59","2026-08-16 07:59:59","0.00000","0","0.00","0.00000"
"all-available","Asia/Taipei","BTCUSDT","BTC-260816-59000-P","2026-08-16","59000","PUT","1h","2026-08-16 00:00:00","2026-08-16 08:00:00","5.000","5.000","5.000","5.000","0.00","2026-08-16 00:59:59","2026-08-16 08:59:59","0.00000","0","0.00","0.00000"
"all-available","Asia/Taipei","BTCUSDT","BTC-260816-59000-P","2026-08-16","59000","PUT","1h","2026-08-16 01:00:00","2026-08-16 09:00:00","5.000","5.000","5.000","5.000","0.00","2026-08-16 01:59:59","2026-08-16 09:59:59","0.00000","0","0.00","0.00000"
"all-available","Asia/Taipei","BTCUSDT","BTC-260816-59000-P","2026-08-16","59000","PUT","1h","2026-08-16 02:00:00","2026-08-16 10:00:00","5.000","5.000","5.000","5.000","0.00","2026-08-16 02:59:59","2026-08-16 10:59:59","0.00000","0","0.00","0.00000"
"all-available","Asia/Taipei","BTCUSDT","BTC-260816-59000-P","2026-08-16","59000","PUT","1h","2026-08-16 03:00:00","2026-08-16 11:00:00","5.000","5.000","5.000","5.000","0.00","2026-08-16 03:59:59","2026-08-16 11:59:59","0.00000","0","0.00","0.00000"
"all-available","Asia/Taipei","BTCUSDT","BTC-260816-59000-P","2026-08-16","59000","PUT","1h","2026-08-16 04:00:00","2026-08-16 12:00:00","5.000","5.000","5.000","5.000","0.00","2026-08-16 04:59:59","2026-08-16 12:59:59","0.00000","0","0.00","0.00000"
"all-available","Asia/Taipei","BTCUSDT","BTC-260816-59000-P","2026-08-16","59000","PUT","1h","2026-08-16 05:00:00","2026-08-16 13:00:00","5.000","5.000","5.000","5.000","0.00","2026-08-16 05:59:59","2026-08-16 13:59:59","0.00000","0","0.00","0.00000"
"all-available","Asia/Taipei","BTCUSDT","BTC-260816-59000-P","2026-08-16","59000","PUT","1h","2026-08-16 06:00:00","2026-08-16 14:00:00","5.000","5.000","5.000","5.000","0.00","2026-08-16 06:59:59","2026-08-16 14:59:59","0.00000","0","0.00","0.00000"
"all-available","Asia/Taipei","BTCUSDT","BTC-260816-59000-P","2026-08-16","59000","PUT","1h","2026-08-16 07:00:00","2026-08-16 15:00:00","5.000","5.000","5.000","5.000","0.00","2026-08-16 07:59:59","2026-08-16 15:59:59","0.00000","0","0.00","0.00000"
"all-available","Asia/Taipei","BTCUSDT","BTC-260816-60000-P","2026-08-16","60000","PUT","1h","2026-08-13 08:00:00","2026-08-13 16:00:00","10.000","10.000","10.000","10.000","0.18","2026-08-13 08:59:59","2026-08-13 16:59:59","1.80000","2","0.17","1.70000"
"all-available","Asia/Taipei","BTCUSDT","BTC-260816-60000-P","2026-08-16","60000","PUT","1h","2026-08-13 09:00:00","2026-08-13 17:00:00","10.000","10.000","10.000","10.000","0.38","2026-08-13 09:59:59","2026-08-13 17:59:59","3.80000","13","0.00","0.00000"
"all-available","Asia/Taipei","BTCUSDT","BTC-260816-60000-P","2026-08-16","60000","PUT","1h","2026-08-13 10:00:00","2026-08-13 18:00:00","10.000","10.000","10.000","10.000","1.39","2026-08-13 10:59:59","2026-08-13 18:59:59","13.90000","10","0.00","0.00000"
"all-available","Asia/Taipei","BTCUSDT","BTC-260816-60000-P","2026-08-16","60000","PUT","1h","2026-08-13 11:00:00","2026-08-13 19:00:00","10.000","15.000","10.000","10.000","1.20","2026-08-13 11:59:59","2026-08-13 19:59:59","17.00000","9","1.00","15.00000"
"all-available","Asia/Taipei","BTCUSDT","BTC-260816-60000-P","2026-08-16","60000","PUT","1h","2026-08-13 12:00:00","2026-08-13 20:00:00","15.000","15.000","10.000","10.000","0.09","2026-08-13 12:59:59","2026-08-13 20:59:59","1.30000","2","0.00","0.00000"
"all-available","Asia/Taipei","BTCUSDT","BTC-260816-60000-P","2026-08-16","60000","PUT","1h","2026-08-13 13:00:00","2026-08-13 21:00:00","10.000","10.000","10.000","10.000","17.66","2026-08-13 13:59:59","2026-08-13 21:59:59","176.60000","1","0.00","0.00000"
"all-available","Asia/Taipei","BTCUSDT","BTC-260816-60000-P","2026-08-16","60000","PUT","1h","2026-08-13 14:00:00","2026-08-13 22:00:00","10.000","10.000","10.000","10.000","2.76","2026-08-13 14:59:59","2026-08-13 22:59:59","27.60000","7","0.00","0.00000"
"all-available","Asia/Taipei","BTCUSDT","BTC-260816-60000-P","2026-08-16","60000","PUT","1h","2026-08-13 15:00:00","2026-08-13 23:00:00","10.000","10.000","10.000","10.000","0.42","2026-08-13 15:59:59","2026-08-13 23:59:59","4.20000","2","0.00","0.00000"
"all-available","Asia/Taipei","BTCUSDT","BTC-260816-60000-P","2026-08-16","60000","PUT","1h","2026-08-13 16:00:00","2026-08-14 00:00:00","10.000","20.000","10.000","15.000","1.47","2026-08-13 16:59:59","2026-08-14 00:59:59","25.45000","8","0.91","18.20000"
"all-available","Asia/Taipei","BTCUSDT","BTC-260816-60000-P","2026-08-16","60000","PUT","1h","2026-08-13 17:00:00","2026-08-14 01:00:00","15.000","15.000","15.000","15.000","0.09","2026-08-13 17:59:59","2026-08-14 01:59:59","1.35000","2","0.00","0.00000"
"all-available","Asia/Taipei","BTCUSDT","BTC-260816-60000-P","2026-08-16","60000","PUT","1h","2026-08-13 18:00:00","2026-08-14 02:00:00","20.000","20.000","20.000","20.000","0.10","2026-08-13 18:59:59","2026-08-14 02:59:59","2.00000","1","0.10","2.00000"
"all-available","Asia/Taipei","BTCUSDT","BTC-260816-60000-P","2026-08-16","60000","PUT","1h","2026-08-13 19:00:00","2026-08-14 03:00:00","20.000","20.000","20.000","20.000","0.00","2026-08-13 19:59:59","2026-08-14 03:59:59","0.00000","0","0.00","0.00000"
"all-available","Asia/Taipei","BTCUSDT","BTC-260816-60000-P","2026-08-16","60000","PUT","1h","2026-08-13 20:00:00","2026-08-14 04:00:00","20.000","20.000","20.000","20.000","0.00","2026-08-13 20:59:59","2026-08-14 04:59:59","0.00000","0","0.00","0.00000"
"all-available","Asia/Taipei","BTCUSDT","BTC-260816-60000-P","2026-08-16","60000","PUT","1h","2026-08-13 21:00:00","2026-08-14 05:00:00","20.000","20.000","20.000","20.000","0.00","2026-08-13 21:59:59","2026-08-14 05:59:59","0.00000","0","0.00","0.00000"
"all-available","Asia/Taipei","BTCUSDT","BTC-260816-60000-P","2026-08-16","60000","PUT","1h","2026-08-13 22:00:00","2026-08-14 06:00:00","20.000","20.000","20.000","20.000","0.00","2026-08-13 22:59:59","2026-08-14 06:59:59","0.00000","0","0.00","0.00000"
"all-available","Asia/Taipei","BTCUSDT","BTC-260816-60000-P","2026-08-16","60000","PUT","1h","2026-08-13 23:00:00","2026-08-14 07:00:00","20.000","20.000","20.000","20.000","0.00","2026-08-13 23:59:59","2026-08-14 07:59:59","0.00000","0","0.00","0.00000"
"all-available","Asia/Taipei","BTCUSDT","BTC-260816-60000-P","2026-08-16","60000","PUT","1h","2026-08-14 00:00:00","2026-08-14 08:00:00","20.000","20.000","20.000","20.000","0.00","2026-08-14 00:59:59","2026-08-14 08:59:59","0.00000","0","0.00","0.00000"
"all-available","Asia/Taipei","BTCUSDT","BTC-260816-60000-P","2026-08-16","60000","PUT","1h","2026-08-14 01:00:00","2026-08-14 09:00:00","20.000","20.000","20.000","20.000","0.00","2026-08-14 01:59:59","2026-08-14 09:59:59","0.00000","0","0.00","0.00000"
"all-available","Asia/Taipei","BTCUSDT","BTC-260816-60000-P","2026-08-16","60000","PUT","1h","2026-08-14 02:00:00","2026-08-14 10:00:00","20.000","20.000","20.000","20.000","0.00","2026-08-14 02:59:59","2026-08-14 10:59:59","0.00000","0","0.00","0.00000"
"all-available","Asia/Taipei","BTCUSDT","BTC-260816-60000-P","2026-08-16","60000","PUT","1h","2026-08-14 03:00:00","2026-08-14 11:00:00","20.000","20.000","20.000","20.000","0.00","2026-08-14 03:59:59","2026-08-14 11:59:59","0.00000","0","0.00","0.00000"
"all-available","Asia/Taipei","BTCUSDT","BTC-260816-60000-P","2026-08-16","60000","PUT","1h","2026-08-14 04:00:00","2026-08-14 12:00:00","10.000","10.000","10.000","10.000","0.10","2026-08-14 04:59:59","2026-08-14 12:59:59","1.00000","1","0.10","1.00000"
"all-available","Asia/Taipei","BTCUSDT","BTC-260816-60000-P","2026-08-16","60000","PUT","1h","2026-08-14 05:00:00","2026-08-14 13:00:00","10.000","10.000","10.000","10.000","0.00","2026-08-14 05:59:59","2026-08-14 13:59:59","0.00000","0","0.00","0.00000"
"all-available","Asia/Taipei","BTCUSDT","BTC-260816-60000-P","2026-08-16","60000","PUT","1h","2026-08-14 06:00:00","2026-08-14 14:00:00","10.000","10.000","10.000","10.000","1.74","2026-08-14 06:59:59","2026-08-14 14:59:59","17.40000","5","0.03","0.30000"
"all-available","Asia/Taipei","BTCUSDT","BTC-260816-60000-P","2026-08-16","60000","PUT","1h","2026-08-14 07:00:00","2026-08-14 15:00:00","10.000","15.000","10.000","15.000","2.65","2026-08-14 07:59:59","2026-08-14 15:59:59","39.65000","5","2.63","39.45000"
"all-available","Asia/Taipei","BTCUSDT","BTC-260816-60000-P","2026-08-16","60000","PUT","1h","2026-08-14 08:00:00","2026-08-14 16:00:00","15.000","20.000","15.000","20.000","0.19","2026-08-14 08:59:59","2026-08-14 16:59:59","3.70000","4","0.19","3.70000"
"all-available","Asia/Taipei","BTCUSDT","BTC-260816-60000-P","2026-08-16","60000","PUT","1h","2026-08-14 09:00:00","2026-08-14 17:00:00","20.000","20.000","20.000","20.000","0.51","2026-08-14 09:59:59","2026-08-14 17:59:59","10.20000","1","0.51","10.20000"
"all-available","Asia/Taipei","BTCUSDT","BTC-260816-60000-P","2026-08-16","60000","PUT","1h","2026-08-14 10:00:00","2026-08-14 18:00:00","20.000","20.000","20.000","20.000","0.00","2026-08-14 10:59:59","2026-08-14 18:59:59","0.00000","0","0.00","0.00000"
"all-available","Asia/Taipei","BTCUSDT","BTC-260816-60000-P","2026-08-16","60000","PUT","1h","2026-08-14 11:00:00","2026-08-14 19:00:00","20.000","20.000","20.000","20.000","0.00","2026-08-14 11:59:59","2026-08-14 19:59:59","0.00000","0","0.00","0.00000"
"all-available","Asia/Taipei","BTCUSDT","BTC-260816-60000-P","2026-08-16","60000","PUT","1h","2026-08-14 12:00:00","2026-08-14 20:00:00","20.000","20.000","20.000","20.000","0.00","2026-08-14 12:59:59","2026-08-14 20:59:59","0.00000","0","0.00","0.00000"
"all-available","Asia/Taipei","BTCUSDT","BTC-260816-60000-P","2026-08-16","60000","PUT","1h","2026-08-14 13:00:00","2026-08-14 21:00:00","20.000","20.000","20.000","20.000","0.00","2026-08-14 13:59:59","2026-08-14 21:59:59","0.00000","0","0.00","0.00000"
"all-available","Asia/Taipei","BTCUSDT","BTC-260816-60000-P","2026-08-16","60000","PUT","1h","2026-08-14 14:00:00","2026-08-14 22:00:00","20.000","20.000","20.000","20.000","0.22","2026-08-14 14:59:59","2026-08-14 22:59:59","4.40000","1","0.22","4.40000"
"all-available","Asia/Taipei","BTCUSDT","BTC-260816-60000-P","2026-08-16","60000","PUT","1h","2026-08-14 15:00:00","2026-08-14 23:00:00","20.000","20.000","15.000","15.000","7.82","2026-08-14 15:59:59","2026-08-14 23:59:59","132.30000","3","3.00","60.00000"
"all-available","Asia/Taipei","BTCUSDT","BTC-260816-60000-P","2026-08-16","60000","PUT","1h","2026-08-14 16:00:00","2026-08-15 00:00:00","15.000","15.000","15.000","15.000","0.41","2026-08-14 16:59:59","2026-08-15 00:59:59","6.15000","4","0.00","0.00000"
"all-available","Asia/Taipei","BTCUSDT","BTC-260816-60000-P","2026-08-16","60000","PUT","1h","2026-08-14 17:00:00","2026-08-15 01:00:00","15.000","15.000","15.000","15.000","0.01","2026-08-14 17:59:59","2026-08-15 01:59:59","0.15000","1","0.01","0.15000"
"all-available","Asia/Taipei","BTCUSDT","BTC-260816-60000-P","2026-08-16","60000","PUT","1h","2026-08-14 18:00:00","2026-08-15 02:00:00","10.000","10.000","10.000","10.000","0.16","2026-08-14 18:59:59","2026-08-15 02:59:59","1.60000","1","0.00","0.00000"
"all-available","Asia/Taipei","BTCUSDT","BTC-260816-60000-P","2026-08-16","60000","PUT","1h","2026-08-14 19:00:00","2026-08-15 03:00:00","10.000","10.000","10.000","10.000","0.00","2026-08-14 19:59:59","2026-08-15 03:59:59","0.00000","0","0.00","0.00000"
"all-available","Asia/Taipei","BTCUSDT","BTC-260816-60000-P","2026-08-16","60000","PUT","1h","2026-08-14 20:00:00","2026-08-15 04:00:00","10.000","15.000","10.000","15.000","0.41","2026-08-14 20:59:59","2026-08-15 04:59:59","5.10000","3","0.20","3.00000"
"all-available","Asia/Taipei","BTCUSDT","BTC-260816-60000-P","2026-08-16","60000","PUT","1h","2026-08-14 21:00:00","2026-08-15 05:00:00","10.000","10.000","10.000","10.000","0.90","2026-08-14 21:59:59","2026-08-15 05:59:59","9.00000","2","0.00","0.00000"
"all-available","Asia/Taipei","BTCUSDT","BTC-260816-60000-P","2026-08-16","60000","PUT","1h","2026-08-14 22:00:00","2026-08-15 06:00:00","10.000","10.000","10.000","10.000","0.00","2026-08-14 22:59:59","2026-08-15 06:59:59","0.00000","0","0.00","0.00000"
"all-available","Asia/Taipei","BTCUSDT","BTC-260816-60000-P","2026-08-16","60000","PUT","1h","2026-08-14 23:00:00","2026-08-15 07:00:00","10.000","10.000","5.000","5.000","1.14","2026-08-14 23:59:59","2026-08-15 07:59:59","10.25000","4","0.91","9.10000"
"all-available","Asia/Taipei","BTCUSDT","BTC-260816-60000-P","2026-08-16","60000","PUT","1h","2026-08-15 00:00:00","2026-08-15 08:00:00","5.000","5.000","5.000","5.000","0.00","2026-08-15 00:59:59","2026-08-15 08:59:59","0.00000","0","0.00","0.00000"
"all-available","Asia/Taipei","BTCUSDT","BTC-260816-60000-P","2026-08-16","60000","PUT","1h","2026-08-15 01:00:00","2026-08-15 09:00:00","5.000","5.000","5.000","5.000","0.00","2026-08-15 01:59:59","2026-08-15 09:59:59","0.00000","0","0.00","0.00000"
"all-available","Asia/Taipei","BTCUSDT","BTC-260816-60000-P","2026-08-16","60000","PUT","1h","2026-08-15 02:00:00","2026-08-15 10:00:00","5.000","5.000","5.000","5.000","0.00","2026-08-15 02:59:59","2026-08-15 10:59:59","0.00000","0","0.00","0.00000"
"all-available","Asia/Taipei","BTCUSDT","BTC-260816-60000-P","2026-08-16","60000","PUT","1h","2026-08-15 03:00:00","2026-08-15 11:00:00","5.000","5.000","5.000","5.000","0.00","2026-08-15 03:59:59","2026-08-15 11:59:59","0.00000","0","0.00","0.00000"
"all-available","Asia/Taipei","BTCUSDT","BTC-260816-60000-P","2026-08-16","60000","PUT","1h","2026-08-15 04:00:00","2026-08-15 12:00:00","5.000","5.000","5.000","5.000","0.00","2026-08-15 04:59:59","2026-08-15 12:59:59","0.00000","0","0.00","0.00000"
"all-available","Asia/Taipei","BTCUSDT","BTC-260816-60000-P","2026-08-16","60000","PUT","1h","2026-08-15 05:00:00","2026-08-15 13:00:00","5.000","5.000","5.000","5.000","0.00","2026-08-15 05:59:59","2026-08-15 13:59:59","0.00000","0","0.00","0.00000"
"all-available","Asia/Taipei","BTCUSDT","BTC-260816-60000-P","2026-08-16","60000","PUT","1h","2026-08-15 06:00:00","2026-08-15 14:00:00","5.000","5.000","5.000","5.000","0.00","2026-08-15 06:59:59","2026-08-15 14:59:59","0.00000","0","0.00","0.00000"
"all-available","Asia/Taipei","BTCUSDT","BTC-260816-60000-P","2026-08-16","60000","PUT","1h","2026-08-15 07:00:00","2026-08-15 15:00:00","5.000","5.000","5.000","5.000","0.00","2026-08-15 07:59:59","2026-08-15 15:59:59","0.00000","0","0.00","0.00000"
"all-available","Asia/Taipei","BTCUSDT","BTC-260816-60000-P","2026-08-16","60000","PUT","1h","2026-08-15 08:00:00","2026-08-15 16:00:00","5.000","5.000","5.000","5.000","0.00","2026-08-15 08:59:59","2026-08-15 16:59:59","0.00000","0","0.00","0.00000"
"all-available","Asia/Taipei","BTCUSDT","BTC-260816-60000-P","2026-08-16","60000","PUT","1h","2026-08-15 09:00:00","2026-08-15 17:00:00","5.000","5.000","5.000","5.000","0.00","2026-08-15 09:59:59","2026-08-15 17:59:59","0.00000","0","0.00","0.00000"
"all-available","Asia/Taipei","BTCUSDT","BTC-260816-60000-P","2026-08-16","60000","PUT","1h","2026-08-15 10:00:00","2026-08-15 18:00:00","5.000","5.000","5.000","5.000","0.00","2026-08-15 10:59:59","2026-08-15 18:59:59","0.00000","0","0.00","0.00000"
"all-available","Asia/Taipei","BTCUSDT","BTC-260816-60000-P","2026-08-16","60000","PUT","1h","2026-08-15 11:00:00","2026-08-15 19:00:00","5.000","5.000","5.000","5.000","0.00","2026-08-15 11:59:59","2026-08-15 19:59:59","0.00000","0","0.00","0.00000"
"all-available","Asia/Taipei","BTCUSDT","BTC-260816-60000-P","2026-08-16","60000","PUT","1h","2026-08-15 12:00:00","2026-08-15 20:00:00","5.000","5.000","5.000","5.000","0.00","2026-08-15 12:59:59","2026-08-15 20:59:59","0.00000","0","0.00","0.00000"
"all-available","Asia/Taipei","BTCUSDT","BTC-260816-60000-P","2026-08-16","60000","PUT","1h","2026-08-15 13:00:00","2026-08-15 21:00:00","5.000","5.000","5.000","5.000","0.00","2026-08-15 13:59:59","2026-08-15 21:59:59","0.00000","0","0.00","0.00000"
"all-available","Asia/Taipei","BTCUSDT","BTC-260816-60000-P","2026-08-16","60000","PUT","1h","2026-08-15 14:00:00","2026-08-15 22:00:00","5.000","5.000","5.000","5.000","0.00","2026-08-15 14:59:59","2026-08-15 22:59:59","0.00000","0","0.00","0.00000"
"all-available","Asia/Taipei","BTCUSDT","BTC-260816-60000-P","2026-08-16","60000","PUT","1h","2026-08-15 15:00:00","2026-08-15 23:00:00","5.000","5.000","5.000","5.000","0.00","2026-08-15 15:59:59","2026-08-15 23:59:59","0.00000","0","0.00","0.00000"
"all-available","Asia/Taipei","BTCUSDT","BTC-260816-60000-P","2026-08-16","60000","PUT","1h","2026-08-15 16:00:00","2026-08-16 00:00:00","5.000","5.000","5.000","5.000","0.00","2026-08-15 16:59:59","2026-08-16 00:59:59","0.00000","0","0.00","0.00000"
"all-available","Asia/Taipei","BTCUSDT","BTC-260816-60000-P","2026-08-16","60000","PUT","1h","2026-08-15 17:00:00","2026-08-16 01:00:00","5.000","5.000","5.000","5.000","0.00","2026-08-15 17:59:59","2026-08-16 01:59:59","0.00000","0","0.00","0.00000"
"all-available","Asia/Taipei","BTCUSDT","BTC-260816-60000-P","2026-08-16","60000","PUT","1h","2026-08-15 18:00:00","2026-08-16 02:00:00","5.000","5.000","5.000","5.000","0.00","2026-08-15 18:59:59","2026-08-16 02:59:59","0.00000","0","0.00","0.00000"
"all-available","Asia/Taipei","BTCUSDT","BTC-260816-60000-P","2026-08-16","60000","PUT","1h","2026-08-15 19:00:00","2026-08-16 03:00:00","5.000","5.000","5.000","5.000","0.00","2026-08-15 19:59:59","2026-08-16 03:59:59","0.00000","0","0.00","0.00000"
"all-available","Asia/Taipei","BTCUSDT","BTC-260816-60000-P","2026-08-16","60000","PUT","1h","2026-08-15 20:00:00","2026-08-16 04:00:00","5.000","5.000","5.000","5.000","0.00","2026-08-15 20:59:59","2026-08-16 04:59:59","0.00000","0","0.00","0.00000"
"all-available","Asia/Taipei","BTCUSDT","BTC-260816-60000-P","2026-08-16","60000","PUT","1h","2026-08-15 21:00:00","2026-08-16 05:00:00","5.000","5.000","5.000","5.000","0.00","2026-08-15 21:59:59","2026-08-16 05:59:59","0.00000","0","0.00","0.00000"
"all-available","Asia/Taipei","BTCUSDT","BTC-260816-60000-P","2026-08-16","60000","PUT","1h","2026-08-15 22:00:00","2026-08-16 06:00:00","5.000","5.000","5.000","5.000","0.00","2026-08-15 22:59:59","2026-08-16 06:59:59","0.00000","0","0.00","0.00000"
"all-available","Asia/Taipei","BTCUSDT","BTC-260816-60000-P","2026-08-16","60000","PUT","1h","2026-08-15 23:00:00","2026-08-16 07:00:00","5.000","5.000","5.000","5.000","0.00","2026-08-15 23:59:59","2026-08-16 07:59:59","0.00000","0","0.00","0.00000"
"all-available","Asia/Taipei","BTCUSDT","BTC-260816-60000-P","2026-08-16","60000","PUT","1h","2026-08-16 00:00:00","2026-08-16 08:00:00","5.000","5.000","5.000","5.000","0.00","2026-08-16 00:59:59","2026-08-16 08:59:59","0.00000","0","0.00","0.00000"
"all-available","Asia/Taipei","BTCUSDT","BTC-260816-60000-P","2026-08-16","60000","PUT","1h","2026-08-16 01:00:00","2026-08-16 09:00:00","5.000","5.000","5.000","5.000","0.00","2026-08-16 01:59:59","2026-08-16 09:59:59","0.00000","0","0.00","0.00000"
"all-available","Asia/Taipei","BTCUSDT","BTC-260816-60000-P","2026-08-16","60000","PUT","1h","2026-08-16 02:00:00","2026-08-16 10:00:00","5.000","5.000","5.000","5.000","0.00","2026-08-16 02:59:59","2026-08-16 10:59:59","0.00000","0","0.00","0.00000"
"all-available","Asia/Taipei","BTCUSDT","BTC-260816-60000-P","2026-08-16","60000","PUT","1h","2026-08-16 03:00:00","2026-08-16 11:00:00","5.000","5.000","5.000","5.000","0.00","2026-08-16 03:59:59","2026-08-16 11:59:59","0.00000","0","0.00","0.00000"
"all-available","Asia/Taipei","BTCUSDT","BTC-260816-60000-P","2026-08-16","60000","PUT","1h","2026-08-16 04:00:00","2026-08-16 12:00:00","5.000","5.000","5.000","5.000","0.00","2026-08-16 04:59:59","2026-08-16 12:59:59","0.00000","0","0.00","0.00000"
"all-available","Asia/Taipei","BTCUSDT","BTC-260816-60000-P","2026-08-16","60000","PUT","1h","2026-08-16 05:00:00","2026-08-16 13:00:00","5.000","5.000","5.000","5.000","0.00","2026-08-16 05:59:59","2026-08-16 13:59:59","0.00000","0","0.00","0.00000"
"all-available","Asia/Taipei","BTCUSDT","BTC-260816-60000-P","2026-08-16","60000","PUT","1h","2026-08-16 06:00:00","2026-08-16 14:00:00","5.000","5.000","5.000","5.000","0.00","2026-08-16 06:59:59","2026-08-16 14:59:59","0.00000","0","0.00","0.00000"
"all-available","Asia/Taipei","BTCUSDT","BTC-260816-60000-P","2026-08-16","60000","PUT","1h","2026-08-16 07:00:00","2026-08-16 15:00:00","5.000","5.000","5.000","5.000","0.00","2026-08-16 07:59:59","2026-08-16 15:59:59","0.00000","0","0.00","0.00000"
"all-available","Asia/Taipei","BTCUSDT","BTC-260816-61000-P","2026-08-16","61000","PUT","1h","2026-08-14 10:00:00","2026-08-14 18:00:00","30.000","30.000","30.000","30.000","1.61","2026-08-14 10:59:59","2026-08-14 18:59:59","48.30000","2","0.00","0.00000"
"all-available","Asia/Taipei","BTCUSDT","BTC-260816-61000-P","2026-08-16","61000","PUT","1h","2026-08-14 11:00:00","2026-08-14 19:00:00","35.000","35.000","35.000","35.000","0.78","2026-08-14 11:59:59","2026-08-14 19:59:59","27.30000","2","0.78","27.30000"
"all-available","Asia/Taipei","BTCUSDT","BTC-260816-61000-P","2026-08-16","61000","PUT","1h","2026-08-14 12:00:00","2026-08-14 20:00:00","35.000","35.000","35.000","35.000","0.00","2026-08-14 12:59:59","2026-08-14 20:59:59","0.00000","0","0.00","0.00000"
"all-available","Asia/Taipei","BTCUSDT","BTC-260816-61000-P","2026-08-16","61000","PUT","1h","2026-08-14 13:00:00","2026-08-14 21:00:00","45.000","45.000","40.000","40.000","0.85","2026-08-14 13:59:59","2026-08-14 21:59:59","34.05000","12","0.07","2.85000"
"all-available","Asia/Taipei","BTCUSDT","BTC-260816-61000-P","2026-08-16","61000","PUT","1h","2026-08-14 14:00:00","2026-08-14 22:00:00","35.000","40.000","35.000","35.000","2.81","2026-08-14 14:59:59","2026-08-14 22:59:59","110.05000","12","0.34","13.60000"
"all-available","Asia/Taipei","BTCUSDT","BTC-260816-61000-P","2026-08-16","61000","PUT","1h","2026-08-14 15:00:00","2026-08-14 23:00:00","30.000","30.000","30.000","30.000","0.02","2026-08-14 15:59:59","2026-08-14 23:59:59","0.60000","1","0.00","0.00000"
"all-available","Asia/Taipei","BTCUSDT","BTC-260816-61000-P","2026-08-16","61000","PUT","1h","2026-08-14 16:00:00","2026-08-15 00:00:00","30.000","30.000","30.000","30.000","0.00","2026-08-14 16:59:59","2026-08-15 00:59:59","0.00000","0","0.00","0.00000"
"all-available","Asia/Taipei","BTCUSDT","BTC-260816-61000-P","2026-08-16","61000","PUT","1h","2026-08-14 17:00:00","2026-08-15 01:00:00","30.000","30.000","30.000","30.000","0.00","2026-08-14 17:59:59","2026-08-15 01:59:59","0.00000","0","0.00","0.00000"
"all-available","Asia/Taipei","BTCUSDT","BTC-260816-61000-P","2026-08-16","61000","PUT","1h","2026-08-14 18:00:00","2026-08-15 02:00:00","15.000","15.000","15.000","15.000","1.20","2026-08-14 18:59:59","2026-08-15 02:59:59","18.00000","2","0.00","0.00000"
"all-available","Asia/Taipei","BTCUSDT","BTC-260816-61000-P","2026-08-16","61000","PUT","1h","2026-08-14 19:00:00","2026-08-15 03:00:00","15.000","15.000","15.000","15.000","0.00","2026-08-14 19:59:59","2026-08-15 03:59:59","0.00000","0","0.00","0.00000"
"all-available","Asia/Taipei","BTCUSDT","BTC-260816-61000-P","2026-08-16","61000","PUT","1h","2026-08-14 20:00:00","2026-08-15 04:00:00","15.000","15.000","15.000","15.000","0.00","2026-08-14 20:59:59","2026-08-15 04:59:59","0.00000","0","0.00","0.00000"
"all-available","Asia/Taipei","BTCUSDT","BTC-260816-61000-P","2026-08-16","61000","PUT","1h","2026-08-14 21:00:00","2026-08-15 05:00:00","15.000","15.000","15.000","15.000","0.00","2026-08-14 21:59:59","2026-08-15 05:59:59","0.00000","0","0.00","0.00000"
"all-available","Asia/Taipei","BTCUSDT","BTC-260816-61000-P","2026-08-16","61000","PUT","1h","2026-08-14 22:00:00","2026-08-15 06:00:00","15.000","15.000","15.000","15.000","0.00","2026-08-14 22:59:59","2026-08-15 06:59:59","0.00000","0","0.00","0.00000"
"all-available","Asia/Taipei","BTCUSDT","BTC-260816-61000-P","2026-08-16","61000","PUT","1h","2026-08-14 23:00:00","2026-08-15 07:00:00","15.000","15.000","15.000","15.000","0.00","2026-08-14 23:59:59","2026-08-15 07:59:59","0.00000","0","0.00","0.00000"
"all-available","Asia/Taipei","BTCUSDT","BTC-260816-61000-P","2026-08-16","61000","PUT","1h","2026-08-15 00:00:00","2026-08-15 08:00:00","10.000","10.000","10.000","10.000","0.34","2026-08-15 00:59:59","2026-08-15 08:59:59","3.40000","1","0.34","3.40000"
"all-available","Asia/Taipei","BTCUSDT","BTC-260816-61000-P","2026-08-16","61000","PUT","1h","2026-08-15 01:00:00","2026-08-15 09:00:00","10.000","10.000","10.000","10.000","0.00","2026-08-15 01:59:59","2026-08-15 09:59:59","0.00000","0","0.00","0.00000"
"all-available","Asia/Taipei","BTCUSDT","BTC-260816-61000-P","2026-08-16","61000","PUT","1h","2026-08-15 02:00:00","2026-08-15 10:00:00","5.000","10.000","5.000","10.000","0.19","2026-08-15 02:59:59","2026-08-15 10:59:59","1.75000","3","0.16","1.60000"
"all-available","Asia/Taipei","BTCUSDT","BTC-260816-61000-P","2026-08-16","61000","PUT","1h","2026-08-15 03:00:00","2026-08-15 11:00:00","10.000","10.000","10.000","10.000","0.00","2026-08-15 03:59:59","2026-08-15 11:59:59","0.00000","0","0.00","0.00000"
"all-available","Asia/Taipei","BTCUSDT","BTC-260816-61000-P","2026-08-16","61000","PUT","1h","2026-08-15 04:00:00","2026-08-15 12:00:00","10.000","10.000","10.000","10.000","0.00","2026-08-15 04:59:59","2026-08-15 12:59:59","0.00000","0","0.00","0.00000"
"all-available","Asia/Taipei","BTCUSDT","BTC-260816-61000-P","2026-08-16","61000","PUT","1h","2026-08-15 05:00:00","2026-08-15 13:00:00","5.000","5.000","5.000","5.000","7.31","2026-08-15 05:59:59","2026-08-15 13:59:59","36.55000","5","5.34","26.70000"
"all-available","Asia/Taipei","BTCUSDT","BTC-260816-61000-P","2026-08-16","61000","PUT","1h","2026-08-15 06:00:00","2026-08-15 14:00:00","5.000","5.000","5.000","5.000","0.00","2026-08-15 06:59:59","2026-08-15 14:59:59","0.00000","0","0.00","0.00000"
"all-available","Asia/Taipei","BTCUSDT","BTC-260816-61000-P","2026-08-16","61000","PUT","1h","2026-08-15 07:00:00","2026-08-15 15:00:00","5.000","5.000","5.000","5.000","0.00","2026-08-15 07:59:59","2026-08-15 15:59:59","0.00000","0","0.00","0.00000"
"all-available","Asia/Taipei","BTCUSDT","BTC-260816-61000-P","2026-08-16","61000","PUT","1h","2026-08-15 08:00:00","2026-08-15 16:00:00","5.000","5.000","5.000","5.000","0.26","2026-08-15 08:59:59","2026-08-15 16:59:59","1.30000","2","0.00","0.00000"
"all-available","Asia/Taipei","BTCUSDT","BTC-260816-61000-P","2026-08-16","61000","PUT","1h","2026-08-15 09:00:00","2026-08-15 17:00:00","5.000","5.000","5.000","5.000","0.84","2026-08-15 09:59:59","2026-08-15 17:59:59","4.20000","9","0.00","0.00000"
"all-available","Asia/Taipei","BTCUSDT","BTC-260816-61000-P","2026-08-16","61000","PUT","1h","2026-08-15 10:00:00","2026-08-15 18:00:00","5.000","5.000","5.000","5.000","5.28","2026-08-15 10:59:59","2026-08-15 18:59:59","26.40000","8","0.00","0.00000"
"all-available","Asia/Taipei","BTCUSDT","BTC-260816-61000-P","2026-08-16","61000","PUT","1h","2026-08-15 11:00:00","2026-08-15 19:00:00","5.000","5.000","5.000","5.000","1.63","2026-08-15 11:59:59","2026-08-15 19:59:59","8.15000","3","0.00","0.00000"
"all-available","Asia/Taipei","BTCUSDT","BTC-260816-61000-P","2026-08-16","61000","PUT","1h","2026-08-15 12:00:00","2026-08-15 20:00:00","5.000","5.000","5.000","5.000","0.21","2026-08-15 12:59:59","2026-08-15 20:59:59","1.05000","3","0.00","0.00000"
"all-available","Asia/Taipei","BTCUSDT","BTC-260816-61000-P","2026-08-16","61000","PUT","1h","2026-08-15 13:00:00","2026-08-15 21:00:00","5.000","5.000","5.000","5.000","0.07","2026-08-15 13:59:59","2026-08-15 21:59:59","0.35000","1","0.00","0.00000"
"all-available","Asia/Taipei","BTCUSDT","BTC-260816-61000-P","2026-08-16","61000","PUT","1h","2026-08-15 14:00:00","2026-08-15 22:00:00","5.000","5.000","5.000","5.000","0.00","2026-08-15 14:59:59","2026-08-15 22:59:59","0.00000","0","0.00","0.00000"
"all-available","Asia/Taipei","BTCUSDT","BTC-260816-61000-P","2026-08-16","61000","PUT","1h","2026-08-15 15:00:00","2026-08-15 23:00:00","5.000","5.000","5.000","5.000","0.00","2026-08-15 15:59:59","2026-08-15 23:59:59","0.00000","0","0.00","0.00000"
"all-available","Asia/Taipei","BTCUSDT","BTC-260816-61000-P","2026-08-16","61000","PUT","1h","2026-08-15 16:00:00","2026-08-16 00:00:00","5.000","5.000","5.000","5.000","0.69","2026-08-15 16:59:59","2026-08-16 00:59:59","3.45000","3","0.00","0.00000"
"all-available","Asia/Taipei","BTCUSDT","BTC-260816-61000-P","2026-08-16","61000","PUT","1h","2026-08-15 17:00:00","2026-08-16 01:00:00","5.000","5.000","5.000","5.000","1.00","2026-08-15 17:59:59","2026-08-16 01:59:59","5.00000","1","1.00","5.00000"
"all-available","Asia/Taipei","BTCUSDT","BTC-260816-61000-P","2026-08-16","61000","PUT","1h","2026-08-15 18:00:00","2026-08-16 02:00:00","5.000","5.000","5.000","5.000","0.00","2026-08-15 18:59:59","2026-08-16 02:59:59","0.00000","0","0.00","0.00000"
"all-available","Asia/Taipei","BTCUSDT","BTC-260816-61000-P","2026-08-16","61000","PUT","1h","2026-08-15 19:00:00","2026-08-16 03:00:00","5.000","5.000","5.000","5.000","0.00","2026-08-15 19:59:59","2026-08-16 03:59:59","0.00000","0","0.00","0.00000"
"all-available","Asia/Taipei","BTCUSDT","BTC-260816-61000-P","2026-08-16","61000","PUT","1h","2026-08-15 20:00:00","2026-08-16 04:00:00","5.000","5.000","5.000","5.000","0.00","2026-08-15 20:59:59","2026-08-16 04:59:59","0.00000","0","0.00","0.00000"
"all-available","Asia/Taipei","BTCUSDT","BTC-260816-61000-P","2026-08-16","61000","PUT","1h","2026-08-15 21:00:00","2026-08-16 05:00:00","5.000","5.000","5.000","5.000","0.00","2026-08-15 21:59:59","2026-08-16 05:59:59","0.00000","0","0.00","0.00000"
"all-available","Asia/Taipei","BTCUSDT","BTC-260816-61000-P","2026-08-16","61000","PUT","1h","2026-08-15 22:00:00","2026-08-16 06:00:00","5.000","5.000","5.000","5.000","0.00","2026-08-15 22:59:59","2026-08-16 06:59:59","0.00000","0","0.00","0.00000"
"all-available","Asia/Taipei","BTCUSDT","BTC-260816-61000-P","2026-08-16","61000","PUT","1h","2026-08-15 23:00:00","2026-08-16 07:00:00","5.000","5.000","5.000","5.000","0.00","2026-08-15 23:59:59","2026-08-16 07:59:59","0.00000","0","0.00","0.00000"
"all-available","Asia/Taipei","BTCUSDT","BTC-260816-61000-P","2026-08-16","61000","PUT","1h","2026-08-16 00:00:00","2026-08-16 08:00:00","5.000","5.000","5.000","5.000","0.00","2026-08-16 00:59:59","2026-08-16 08:59:59","0.00000","0","0.00","0.00000"
"all-available","Asia/Taipei","BTCUSDT","BTC-260816-61000-P","2026-08-16","61000","PUT","1h","2026-08-16 01:00:00","2026-08-16 09:00:00","5.000","5.000","5.000","5.000","0.00","2026-08-16 01:59:59","2026-08-16 09:59:59","0.00000","0","0.00","0.00000"
"all-available","Asia/Taipei","BTCUSDT","BTC-260816-61000-P","2026-08-16","61000","PUT","1h","2026-08-16 02:00:00","2026-08-16 10:00:00","5.000","5.000","5.000","5.000","0.00","2026-08-16 02:59:59","2026-08-16 10:59:59","0.00000","0","0.00","0.00000"
"all-available","Asia/Taipei","BTCUSDT","BTC-260816-61000-P","2026-08-16","61000","PUT","1h","2026-08-16 03:00:00","2026-08-16 11:00:00","5.000","5.000","5.000","5.000","0.00","2026-08-16 03:59:59","2026-08-16 11:59:59","0.00000","0","0.00","0.00000"
"all-available","Asia/Taipei","BTCUSDT","BTC-260816-61000-P","2026-08-16","61000","PUT","1h","2026-08-16 04:00:00","2026-08-16 12:00:00","5.000","5.000","5.000","5.000","0.00","2026-08-16 04:59:59","2026-08-16 12:59:59","0.00000","0","0.00","0.00000"
"all-available","Asia/Taipei","BTCUSDT","BTC-260816-61000-P","2026-08-16","61000","PUT","1h","2026-08-16 05:00:00","2026-08-16 13:00:00","5.000","5.000","5.000","5.000","0.00","2026-08-16 05:59:59","2026-08-16 13:59:59","0.00000","0","0.00","0.00000"
"all-available","Asia/Taipei","BTCUSDT","BTC-260816-61000-P","2026-08-16","61000","PUT","1h","2026-08-16 06:00:00","2026-08-16 14:00:00","5.000","5.000","5.000","5.000","0.00","2026-08-16 06:59:59","2026-08-16 14:59:59","0.00000","0","0.00","0.00000"
"all-available","Asia/Taipei","BTCUSDT","BTC-260816-61000-P","2026-08-16","61000","PUT","1h","2026-08-16 07:00:00","2026-08-16 15:00:00","5.000","5.000","5.000","5.000","0.00","2026-08-16 07:59:59","2026-08-16 15:59:59","0.00000","0","0.00","0.00000"
"all-available","Asia/Taipei","BTCUSDT","BTC-260816-61500-P","2026-08-16","61500","PUT","1h","2026-08-14 10:00:00","2026-08-14 18:00:00","55.000","55.000","55.000","55.000","8.33","2026-08-14 10:59:59","2026-08-14 18:59:59","458.15000","4","8.33","458.15000"
"all-available","Asia/Taipei","BTCUSDT","BTC-260816-61500-P","2026-08-16","61500","PUT","1h","2026-08-14 11:00:00","2026-08-14 19:00:00","55.000","55.000","55.000","55.000","0.00","2026-08-14 11:59:59","2026-08-14 19:59:59","0.00000","0","0.00","0.00000"
"all-available","Asia/Taipei","BTCUSDT","BTC-260816-61500-P","2026-08-16","61500","PUT","1h","2026-08-14 12:00:00","2026-08-14 20:00:00","55.000","55.000","55.000","55.000","0.00","2026-08-14 12:59:59","2026-08-14 20:59:59","0.00000","0","0.00","0.00000"
"all-available","Asia/Taipei","BTCUSDT","BTC-260816-61500-P","2026-08-16","61500","PUT","1h","2026-08-14 13:00:00","2026-08-14 21:00:00","70.000","70.000","70.000","70.000","0.69","2026-08-14 13:59:59","2026-08-14 21:59:59","48.30000","3","0.69","48.30000"
"all-available","Asia/Taipei","BTCUSDT","BTC-260816-61500-P","2026-08-16","61500","PUT","1h","2026-08-14 14:00:00","2026-08-14 22:00:00","70.000","70.000","55.000","60.000","1.72","2026-08-14 14:59:59","2026-08-14 22:59:59","117.00000","6","0.48","30.95000"
"all-available","Asia/Taipei","BTCUSDT","BTC-260816-61500-P","2026-08-16","61500","PUT","1h","2026-08-14 15:00:00","2026-08-14 23:00:00","55.000","55.000","50.000","50.000","0.52","2026-08-14 15:59:59","2026-08-14 23:59:59","26.20000","3","0.00","0.00000"
"all-available","Asia/Taipei","BTCUSDT","BTC-260816-61500-P","2026-08-16","61500","PUT","1h","2026-08-14 16:00:00","2026-08-15 00:00:00","50.000","50.000","50.000","50.000","0.00","2026-08-14 16:59:59","2026-08-15 00:59:59","0.00000","0","0.00","0.00000"
"all-available","Asia/Taipei","BTCUSDT","BTC-260816-61500-P","2026-08-16","61500","PUT","1h","2026-08-14 17:00:00","2026-08-15 01:00:00","25.000","25.000","25.000","25.000","0.50","2026-08-14 17:59:59","2026-08-15 01:59:59","12.50000","1","0.50","12.50000"
"all-available","Asia/Taipei","BTCUSDT","BTC-260816-61500-P","2026-08-16","61500","PUT","1h","2026-08-14 18:00:00","2026-08-15 02:00:00","20.000","20.000","20.000","20.000","0.81","2026-08-14 18:59:59","2026-08-15 02:59:59","16.20000","2","0.00","0.00000"
"all-available","Asia/Taipei","BTCUSDT","BTC-260816-61500-P","2026-08-16","61500","PUT","1h","2026-08-14 19:00:00","2026-08-15 03:00:00","20.000","20.000","20.000","20.000","0.00","2026-08-14 19:59:59","2026-08-15 03:59:59","0.00000","0","0.00","0.00000"
"all-available","Asia/Taipei","BTCUSDT","BTC-260816-61500-P","2026-08-16","61500","PUT","1h","2026-08-14 20:00:00","2026-08-15 04:00:00","20.000","20.000","20.000","20.000","0.00","2026-08-14 20:59:59","2026-08-15 04:59:59","0.00000","0","0.00","0.00000"
"all-available","Asia/Taipei","BTCUSDT","BTC-260816-61500-P","2026-08-16","61500","PUT","1h","2026-08-14 21:00:00","2026-08-15 05:00:00","20.000","20.000","20.000","20.000","0.00","2026-08-14 21:59:59","2026-08-15 05:59:59","0.00000","0","0.00","0.00000"
"all-available","Asia/Taipei","BTCUSDT","BTC-260816-61500-P","2026-08-16","61500","PUT","1h","2026-08-14 22:00:00","2026-08-15 06:00:00","20.000","20.000","20.000","20.000","0.00","2026-08-14 22:59:59","2026-08-15 06:59:59","0.00000","0","0.00","0.00000"
"all-available","Asia/Taipei","BTCUSDT","BTC-260816-61500-P","2026-08-16","61500","PUT","1h","2026-08-14 23:00:00","2026-08-15 07:00:00","20.000","20.000","20.000","20.000","0.00","2026-08-14 23:59:59","2026-08-15 07:59:59","0.00000","0","0.00","0.00000"
"all-available","Asia/Taipei","BTCUSDT","BTC-260816-61500-P","2026-08-16","61500","PUT","1h","2026-08-15 00:00:00","2026-08-15 08:00:00","15.000","15.000","15.000","15.000","1.00","2026-08-15 00:59:59","2026-08-15 08:59:59","15.00000","3","1.00","15.00000"
"all-available","Asia/Taipei","BTCUSDT","BTC-260816-61500-P","2026-08-16","61500","PUT","1h","2026-08-15 01:00:00","2026-08-15 09:00:00","15.000","15.000","15.000","15.000","0.00","2026-08-15 01:59:59","2026-08-15 09:59:59","0.00000","0","0.00","0.00000"
"all-available","Asia/Taipei","BTCUSDT","BTC-260816-61500-P","2026-08-16","61500","PUT","1h","2026-08-15 02:00:00","2026-08-15 10:00:00","10.000","10.000","10.000","10.000","1.37","2026-08-15 02:59:59","2026-08-15 10:59:59","13.70000","13","1.37","13.70000"
"all-available","Asia/Taipei","BTCUSDT","BTC-260816-61500-P","2026-08-16","61500","PUT","1h","2026-08-15 03:00:00","2026-08-15 11:00:00","10.000","10.000","10.000","10.000","0.00","2026-08-15 03:59:59","2026-08-15 11:59:59","0.00000","0","0.00","0.00000"
"all-available","Asia/Taipei","BTCUSDT","BTC-260816-61500-P","2026-08-16","61500","PUT","1h","2026-08-15 04:00:00","2026-08-15 12:00:00","10.000","10.000","10.000","10.000","0.00","2026-08-15 04:59:59","2026-08-15 12:59:59","0.00000","0","0.00","0.00000"
"all-available","Asia/Taipei","BTCUSDT","BTC-260816-61500-P","2026-08-16","61500","PUT","1h","2026-08-15 05:00:00","2026-08-15 13:00:00","10.000","10.000","10.000","10.000","0.00","2026-08-15 05:59:59","2026-08-15 13:59:59","0.00000","0","0.00","0.00000"
"all-available","Asia/Taipei","BTCUSDT","BTC-260816-61500-P","2026-08-16","61500","PUT","1h","2026-08-15 06:00:00","2026-08-15 14:00:00","10.000","10.000","10.000","10.000","0.01","2026-08-15 06:59:59","2026-08-15 14:59:59","0.10000","1","0.01","0.10000"
"all-available","Asia/Taipei","BTCUSDT","BTC-260816-61500-P","2026-08-16","61500","PUT","1h","2026-08-15 07:00:00","2026-08-15 15:00:00","10.000","10.000","10.000","10.000","0.00","2026-08-15 07:59:59","2026-08-15 15:59:59","0.00000","0","0.00","0.00000"
"all-available","Asia/Taipei","BTCUSDT","BTC-260816-61500-P","2026-08-16","61500","PUT","1h","2026-08-15 08:00:00","2026-08-15 16:00:00","10.000","10.000","10.000","10.000","0.00","2026-08-15 08:59:59","2026-08-15 16:59:59","0.00000","0","0.00","0.00000"
"all-available","Asia/Taipei","BTCUSDT","BTC-260816-61500-P","2026-08-16","61500","PUT","1h","2026-08-15 09:00:00","2026-08-15 17:00:00","10.000","10.000","10.000","10.000","0.00","2026-08-15 09:59:59","2026-08-15 17:59:59","0.00000","0","0.00","0.00000"
"all-available","Asia/Taipei","BTCUSDT","BTC-260816-61500-P","2026-08-16","61500","PUT","1h","2026-08-15 10:00:00","2026-08-15 18:00:00","10.000","10.000","10.000","10.000","0.00","2026-08-15 10:59:59","2026-08-15 18:59:59","0.00000","0","0.00","0.00000"
"all-available","Asia/Taipei","BTCUSDT","BTC-260816-61500-P","2026-08-16","61500","PUT","1h","2026-08-15 11:00:00","2026-08-15 19:00:00","10.000","10.000","10.000","10.000","0.00","2026-08-15 11:59:59","2026-08-15 19:59:59","0.00000","0","0.00","0.00000"
"all-available","Asia/Taipei","BTCUSDT","BTC-260816-61500-P","2026-08-16","61500","PUT","1h","2026-08-15 12:00:00","2026-08-15 20:00:00","10.000","10.000","10.000","10.000","0.00","2026-08-15 12:59:59","2026-08-15 20:59:59","0.00000","0","0.00","0.00000"
"all-available","Asia/Taipei","BTCUSDT","BTC-260816-61500-P","2026-08-16","61500","PUT","1h","2026-08-15 13:00:00","2026-08-15 21:00:00","10.000","10.000","10.000","10.000","0.00","2026-08-15 13:59:59","2026-08-15 21:59:59","0.00000","0","0.00","0.00000"
"all-available","Asia/Taipei","BTCUSDT","BTC-260816-61500-P","2026-08-16","61500","PUT","1h","2026-08-15 14:00:00","2026-08-15 22:00:00","10.000","10.000","10.000","10.000","0.00","2026-08-15 14:59:59","2026-08-15 22:59:59","0.00000","0","0.00","0.00000"
"all-available","Asia/Taipei","BTCUSDT","BTC-260816-61500-P","2026-08-16","61500","PUT","1h","2026-08-15 15:00:00","2026-08-15 23:00:00","5.000","5.000","5.000","5.000","0.01","2026-08-15 15:59:59","2026-08-15 23:59:59","0.05000","1","0.00","0.00000"
"all-available","Asia/Taipei","BTCUSDT","BTC-260816-61500-P","2026-08-16","61500","PUT","1h","2026-08-15 16:00:00","2026-08-16 00:00:00","5.000","5.000","5.000","5.000","0.00","2026-08-15 16:59:59","2026-08-16 00:59:59","0.00000","0","0.00","0.00000"
"all-available","Asia/Taipei","BTCUSDT","BTC-260816-61500-P","2026-08-16","61500","PUT","1h","2026-08-15 17:00:00","2026-08-16 01:00:00","5.000","5.000","5.000","5.000","0.00","2026-08-15 17:59:59","2026-08-16 01:59:59","0.00000","0","0.00","0.00000"
"all-available","Asia/Taipei","BTCUSDT","BTC-260816-61500-P","2026-08-16","61500","PUT","1h","2026-08-15 18:00:00","2026-08-16 02:00:00","5.000","5.000","5.000","5.000","0.00","2026-08-15 18:59:59","2026-08-16 02:59:59","0.00000","0","0.00","0.00000"
"all-available","Asia/Taipei","BTCUSDT","BTC-260816-61500-P","2026-08-16","61500","PUT","1h","2026-08-15 19:00:00","2026-08-16 03:00:00","5.000","5.000","5.000","5.000","0.00","2026-08-15 19:59:59","2026-08-16 03:59:59","0.00000","0","0.00","0.00000"
"all-available","Asia/Taipei","BTCUSDT","BTC-260816-61500-P","2026-08-16","61500","PUT","1h","2026-08-15 20:00:00","2026-08-16 04:00:00","5.000","5.000","5.000","5.000","11.56","2026-08-15 20:59:59","2026-08-16 04:59:59","57.80000","2","0.00","0.00000"
"all-available","Asia/Taipei","BTCUSDT","BTC-260816-61500-P","2026-08-16","61500","PUT","1h","2026-08-15 21:00:00","2026-08-16 05:00:00","5.000","5.000","5.000","5.000","0.00","2026-08-15 21:59:59","2026-08-16 05:59:59","0.00000","0","0.00","0.00000"
"all-available","Asia/Taipei","BTCUSDT","BTC-260816-61500-P","2026-08-16","61500","PUT","1h","2026-08-15 22:00:00","2026-08-16 06:00:00","5.000","5.000","5.000","5.000","0.00","2026-08-15 22:59:59","2026-08-16 06:59:59","0.00000","0","0.00","0.00000"
"all-available","Asia/Taipei","BTCUSDT","BTC-260816-61500-P","2026-08-16","61500","PUT","1h","2026-08-15 23:00:00","2026-08-16 07:00:00","5.000","5.000","5.000","5.000","0.00","2026-08-15 23:59:59","2026-08-16 07:59:59","0.00000","0","0.00","0.00000"
"all-available","Asia/Taipei","BTCUSDT","BTC-260816-61500-P","2026-08-16","61500","PUT","1h","2026-08-16 00:00:00","2026-08-16 08:00:00","5.000","5.000","5.000","5.000","0.00","2026-08-16 00:59:59","2026-08-16 08:59:59","0.00000","0","0.00","0.00000"
"all-available","Asia/Taipei","BTCUSDT","BTC-260816-61500-P","2026-08-16","61500","PUT","1h","2026-08-16 01:00:00","2026-08-16 09:00:00","5.000","5.000","5.000","5.000","0.00","2026-08-16 01:59:59","2026-08-16 09:59:59","0.00000","0","0.00","0.00000"
"all-available","Asia/Taipei","BTCUSDT","BTC-260816-61500-P","2026-08-16","61500","PUT","1h","2026-08-16 02:00:00","2026-08-16 10:00:00","5.000","5.000","5.000","5.000","0.00","2026-08-16 02:59:59","2026-08-16 10:59:59","0.00000","0","0.00","0.00000"
"all-available","Asia/Taipei","BTCUSDT","BTC-260816-61500-P","2026-08-16","61500","PUT","1h","2026-08-16 03:00:00","2026-08-16 11:00:00","5.000","5.000","5.000","5.000","0.00","2026-08-16 03:59:59","2026-08-16 11:59:59","0.00000","0","0.00","0.00000"
"all-available","Asia/Taipei","BTCUSDT","BTC-260816-61500-P","2026-08-16","61500","PUT","1h","2026-08-16 04:00:00","2026-08-16 12:00:00","5.000","5.000","5.000","5.000","0.00","2026-08-16 04:59:59","2026-08-16 12:59:59","0.00000","0","0.00","0.00000"
"all-available","Asia/Taipei","BTCUSDT","BTC-260816-61500-P","2026-08-16","61500","PUT","1h","2026-08-16 05:00:00","2026-08-16 13:00:00","5.000","5.000","5.000","5.000","0.00","2026-08-16 05:59:59","2026-08-16 13:59:59","0.00000","0","0.00","0.00000"
"all-available","Asia/Taipei","BTCUSDT","BTC-260816-61500-P","2026-08-16","61500","PUT","1h","2026-08-16 06:00:00","2026-08-16 14:00:00","5.000","5.000","5.000","5.000","0.00","2026-08-16 06:59:59","2026-08-16 14:59:59","0.00000","0","0.00","0.00000"
"all-available","Asia/Taipei","BTCUSDT","BTC-260816-61500-P","2026-08-16","61500","PUT","1h","2026-08-16 07:00:00","2026-08-16 15:00:00","5.000","5.000","5.000","5.000","1.25","2026-08-16 07:59:59","2026-08-16 15:59:59","6.25000","1","1.25","6.25000"
"all-available","Asia/Taipei","BTCUSDT","BTC-260816-62000-C","2026-08-16","62000","CALL","1h","2026-08-14 14:00:00","2026-08-14 22:00:00","775.000","775.000","775.000","775.000","4.00","2026-08-14 14:59:59","2026-08-14 22:59:59","3100.00000","10","0.00","0.00000"
"all-available","Asia/Taipei","BTCUSDT","BTC-260816-62000-C","2026-08-16","62000","CALL","1h","2026-08-14 15:00:00","2026-08-14 23:00:00","900.000","900.000","900.000","900.000","4.00","2026-08-14 15:59:59","2026-08-14 23:59:59","3600.00000","2","4.00","3600.00000"
"all-available","Asia/Taipei","BTCUSDT","BTC-260816-62000-C","2026-08-16","62000","CALL","1h","2026-08-14 16:00:00","2026-08-15 00:00:00","900.000","900.000","900.000","900.000","0.00","2026-08-14 16:59:59","2026-08-15 00:59:59","0.00000","0","0.00","0.00000"
"all-available","Asia/Taipei","BTCUSDT","BTC-260816-62000-C","2026-08-16","62000","CALL","1h","2026-08-14 17:00:00","2026-08-15 01:00:00","900.000","900.000","900.000","900.000","0.00","2026-08-14 17:59:59","2026-08-15 01:59:59","0.00000","0","0.00","0.00000"
"all-available","Asia/Taipei","BTCUSDT","BTC-260816-62000-C","2026-08-16","62000","CALL","1h","2026-08-14 18:00:00","2026-08-15 02:00:00","900.000","900.000","900.000","900.000","0.00","2026-08-14 18:59:59","2026-08-15 02:59:59","0.00000","0","0.00","0.00000"
"all-available","Asia/Taipei","BTCUSDT","BTC-260816-62000-C","2026-08-16","62000","CALL","1h","2026-08-14 19:00:00","2026-08-15 03:00:00","900.000","900.000","900.000","900.000","0.00","2026-08-14 19:59:59","2026-08-15 03:59:59","0.00000","0","0.00","0.00000"
"all-available","Asia/Taipei","BTCUSDT","BTC-260816-62000-C","2026-08-16","62000","CALL","1h","2026-08-14 20:00:00","2026-08-15 04:00:00","900.000","900.000","900.000","900.000","0.00","2026-08-14 20:59:59","2026-08-15 04:59:59","0.00000","0","0.00","0.00000"
"all-available","Asia/Taipei","BTCUSDT","BTC-260816-62000-C","2026-08-16","62000","CALL","1h","2026-08-14 21:00:00","2026-08-15 05:00:00","900.000","900.000","900.000","900.000","0.00","2026-08-14 21:59:59","2026-08-15 05:59:59","0.00000","0","0.00","0.00000"
"all-available","Asia/Taipei","BTCUSDT","BTC-260816-62000-C","2026-08-16","62000","CALL","1h","2026-08-14 22:00:00","2026-08-15 06:00:00","900.000","900.000","900.000","900.000","0.00","2026-08-14 22:59:59","2026-08-15 06:59:59","0.00000","0","0.00","0.00000"
"all-available","Asia/Taipei","BTCUSDT","BTC-260816-62000-C","2026-08-16","62000","CALL","1h","2026-08-14 23:00:00","2026-08-15 07:00:00","900.000","900.000","900.000","900.000","0.00","2026-08-14 23:59:59","2026-08-15 07:59:59","0.00000","0","0.00","0.00000"
"all-available","Asia/Taipei","BTCUSDT","BTC-260816-62000-C","2026-08-16","62000","CALL","1h","2026-08-15 00:00:00","2026-08-15 08:00:00","900.000","900.000","900.000","900.000","0.00","2026-08-15 00:59:59","2026-08-15 08:59:59","0.00000","0","0.00","0.00000"
"all-available","Asia/Taipei","BTCUSDT","BTC-260816-62000-C","2026-08-16","62000","CALL","1h","2026-08-15 01:00:00","2026-08-15 09:00:00","900.000","900.000","900.000","900.000","0.00","2026-08-15 01:59:59","2026-08-15 09:59:59","0.00000","0","0.00","0.00000"
"all-available","Asia/Taipei","BTCUSDT","BTC-260816-62000-C","2026-08-16","62000","CALL","1h","2026-08-15 02:00:00","2026-08-15 10:00:00","900.000","900.000","900.000","900.000","0.00","2026-08-15 02:59:59","2026-08-15 10:59:59","0.00000","0","0.00","0.00000"
"all-available","Asia/Taipei","BTCUSDT","BTC-260816-62000-C","2026-08-16","62000","CALL","1h","2026-08-15 03:00:00","2026-08-15 11:00:00","900.000","900.000","900.000","900.000","0.00","2026-08-15 03:59:59","2026-08-15 11:59:59","0.00000","0","0.00","0.00000"
"all-available","Asia/Taipei","BTCUSDT","BTC-260816-62000-C","2026-08-16","62000","CALL","1h","2026-08-15 04:00:00","2026-08-15 12:00:00","900.000","900.000","900.000","900.000","0.00","2026-08-15 04:59:59","2026-08-15 12:59:59","0.00000","0","0.00","0.00000"
"all-available","Asia/Taipei","BTCUSDT","BTC-260816-62000-C","2026-08-16","62000","CALL","1h","2026-08-15 05:00:00","2026-08-15 13:00:00","900.000","900.000","900.000","900.000","0.00","2026-08-15 05:59:59","2026-08-15 13:59:59","0.00000","0","0.00","0.00000"
"all-available","Asia/Taipei","BTCUSDT","BTC-260816-62000-C","2026-08-16","62000","CALL","1h","2026-08-15 06:00:00","2026-08-15 14:00:00","900.000","900.000","900.000","900.000","0.00","2026-08-15 06:59:59","2026-08-15 14:59:59","0.00000","0","0.00","0.00000"
"all-available","Asia/Taipei","BTCUSDT","BTC-260816-62000-C","2026-08-16","62000","CALL","1h","2026-08-15 07:00:00","2026-08-15 15:00:00","900.000","900.000","900.000","900.000","0.00","2026-08-15 07:59:59","2026-08-15 15:59:59","0.00000","0","0.00","0.00000"
"all-available","Asia/Taipei","BTCUSDT","BTC-260816-62000-C","2026-08-16","62000","CALL","1h","2026-08-15 08:00:00","2026-08-15 16:00:00","900.000","900.000","900.000","900.000","0.00","2026-08-15 08:59:59","2026-08-15 16:59:59","0.00000","0","0.00","0.00000"
"all-available","Asia/Taipei","BTCUSDT","BTC-260816-62000-C","2026-08-16","62000","CALL","1h","2026-08-15 09:00:00","2026-08-15 17:00:00","900.000","900.000","900.000","900.000","0.00","2026-08-15 09:59:59","2026-08-15 17:59:59","0.00000","0","0.00","0.00000"
"all-available","Asia/Taipei","BTCUSDT","BTC-260816-62000-C","2026-08-16","62000","CALL","1h","2026-08-15 10:00:00","2026-08-15 18:00:00","900.000","900.000","900.000","900.000","0.00","2026-08-15 10:59:59","2026-08-15 18:59:59","0.00000","0","0.00","0.00000"
"all-available","Asia/Taipei","BTCUSDT","BTC-260816-62000-C","2026-08-16","62000","CALL","1h","2026-08-15 11:00:00","2026-08-15 19:00:00","900.000","900.000","900.000","900.000","0.00","2026-08-15 11:59:59","2026-08-15 19:59:59","0.00000","0","0.00","0.00000"
"all-available","Asia/Taipei","BTCUSDT","BTC-260816-62000-C","2026-08-16","62000","CALL","1h","2026-08-15 12:00:00","2026-08-15 20:00:00","900.000","900.000","900.000","900.000","0.00","2026-08-15 12:59:59","2026-08-15 20:59:59","0.00000","0","0.00","0.00000"
"all-available","Asia/Taipei","BTCUSDT","BTC-260816-62000-C","2026-08-16","62000","CALL","1h","2026-08-15 13:00:00","2026-08-15 21:00:00","900.000","900.000","900.000","900.000","0.00","2026-08-15 13:59:59","2026-08-15 21:59:59","0.00000","0","0.00","0.00000"
"all-available","Asia/Taipei","BTCUSDT","BTC-260816-62000-C","2026-08-16","62000","CALL","1h","2026-08-15 14:00:00","2026-08-15 22:00:00","900.000","900.000","900.000","900.000","0.00","2026-08-15 14:59:59","2026-08-15 22:59:59","0.00000","0","0.00","0.00000"
"all-available","Asia/Taipei","BTCUSDT","BTC-260816-62000-C","2026-08-16","62000","CALL","1h","2026-08-15 15:00:00","2026-08-15 23:00:00","900.000","900.000","900.000","900.000","0.00","2026-08-15 15:59:59","2026-08-15 23:59:59","0.00000","0","0.00","0.00000"
"all-available","Asia/Taipei","BTCUSDT","BTC-260816-62000-C","2026-08-16","62000","CALL","1h","2026-08-15 16:00:00","2026-08-16 00:00:00","900.000","900.000","900.000","900.000","0.00","2026-08-15 16:59:59","2026-08-16 00:59:59","0.00000","0","0.00","0.00000"
"all-available","Asia/Taipei","BTCUSDT","BTC-260816-62000-C","2026-08-16","62000","CALL","1h","2026-08-15 17:00:00","2026-08-16 01:00:00","900.000","900.000","900.000","900.000","0.00","2026-08-15 17:59:59","2026-08-16 01:59:59","0.00000","0","0.00","0.00000"
"all-available","Asia/Taipei","BTCUSDT","BTC-260816-62000-C","2026-08-16","62000","CALL","1h","2026-08-15 18:00:00","2026-08-16 02:00:00","900.000","900.000","900.000","900.000","0.00","2026-08-15 18:59:59","2026-08-16 02:59:59","0.00000","0","0.00","0.00000"
"all-available","Asia/Taipei","BTCUSDT","BTC-260816-62000-C","2026-08-16","62000","CALL","1h","2026-08-15 19:00:00","2026-08-16 03:00:00","900.000","900.000","900.000","900.000","0.00","2026-08-15 19:59:59","2026-08-16 03:59:59","0.00000","0","0.00","0.00000"
"all-available","Asia/Taipei","BTCUSDT","BTC-260816-62000-C","2026-08-16","62000","CALL","1h","2026-08-15 20:00:00","2026-08-16 04:00:00","900.000","900.000","900.000","900.000","0.00","2026-08-15 20:59:59","2026-08-16 04:59:59","0.00000","0","0.00","0.00000"
"all-available","Asia/Taipei","BTCUSDT","BTC-260816-62000-C","2026-08-16","62000","CALL","1h","2026-08-15 21:00:00","2026-08-16 05:00:00","900.000","900.000","900.000","900.000","0.00","2026-08-15 21:59:59","2026-08-16 05:59:59","0.00000","0","0.00","0.00000"
"all-available","Asia/Taipei","BTCUSDT","BTC-260816-62000-C","2026-08-16","62000","CALL","1h","2026-08-15 22:00:00","2026-08-16 06:00:00","900.000","900.000","900.000","900.000","0.00","2026-08-15 22:59:59","2026-08-16 06:59:59","0.00000","0","0.00","0.00000"
"all-available","Asia/Taipei","BTCUSDT","BTC-260816-62000-C","2026-08-16","62000","CALL","1h","2026-08-15 23:00:00","2026-08-16 07:00:00","900.000","900.000","900.000","900.000","0.00","2026-08-15 23:59:59","2026-08-16 07:59:59","0.00000","0","0.00","0.00000"
"all-available","Asia/Taipei","BTCUSDT","BTC-260816-62000-C","2026-08-16","62000","CALL","1h","2026-08-16 00:00:00","2026-08-16 08:00:00","900.000","900.000","900.000","900.000","0.00","2026-08-16 00:59:59","2026-08-16 08:59:59","0.00000","0","0.00","0.00000"
"all-available","Asia/Taipei","BTCUSDT","BTC-260816-62000-C","2026-08-16","62000","CALL","1h","2026-08-16 01:00:00","2026-08-16 09:00:00","900.000","900.000","900.000","900.000","0.00","2026-08-16 01:59:59","2026-08-16 09:59:59","0.00000","0","0.00","0.00000"
"all-available","Asia/Taipei","BTCUSDT","BTC-260816-62000-C","2026-08-16","62000","CALL","1h","2026-08-16 02:00:00","2026-08-16 10:00:00","900.000","900.000","900.000","900.000","0.00","2026-08-16 02:59:59","2026-08-16 10:59:59","0.00000","0","0.00","0.00000"
"all-available","Asia/Taipei","BTCUSDT","BTC-260816-62000-C","2026-08-16","62000","CALL","1h","2026-08-16 03:00:00","2026-08-16 11:00:00","900.000","900.000","900.000","900.000","0.00","2026-08-16 03:59:59","2026-08-16 11:59:59","0.00000","0","0.00","0.00000"
"all-available","Asia/Taipei","BTCUSDT","BTC-260816-62000-C","2026-08-16","62000","CALL","1h","2026-08-16 04:00:00","2026-08-16 12:00:00","900.000","900.000","900.000","900.000","0.00","2026-08-16 04:59:59","2026-08-16 12:59:59","0.00000","0","0.00","0.00000"
"all-available","Asia/Taipei","BTCUSDT","BTC-260816-62000-C","2026-08-16","62000","CALL","1h","2026-08-16 05:00:00","2026-08-16 13:00:00","900.000","900.000","900.000","900.000","0.00","2026-08-16 05:59:59","2026-08-16 13:59:59","0.00000","0","0.00","0.00000"
"all-available","Asia/Taipei","BTCUSDT","BTC-260816-62000-C","2026-08-16","62000","CALL","1h","2026-08-16 06:00:00","2026-08-16 14:00:00","900.000","900.000","900.000","900.000","0.00","2026-08-16 06:59:59","2026-08-16 14:59:59","0.00000","0","0.00","0.00000"
"all-available","Asia/Taipei","BTCUSDT","BTC-260816-62000-C","2026-08-16","62000","CALL","1h","2026-08-16 07:00:00","2026-08-16 15:00:00","900.000","900.000","900.000","900.000","0.00","2026-08-16 07:59:59","2026-08-16 15:59:59","0.00000","0","0.00","0.00000"
"all-available","Asia/Taipei","BTCUSDT","BTC-260816-62000-P","2026-08-16","62000","PUT","1h","2026-08-13 08:00:00","2026-08-13 16:00:00","60.000","60.000","55.000","55.000","8.73","2026-08-13 08:59:59","2026-08-13 16:59:59","518.80000","8","0.00","0.00000"
"all-available","Asia/Taipei","BTCUSDT","BTC-260816-62000-P","2026-08-16","62000","PUT","1h","2026-08-13 09:00:00","2026-08-13 17:00:00","65.000","65.000","65.000","65.000","0.01","2026-08-13 09:59:59","2026-08-13 17:59:59","0.65000","1","0.00","0.00000"
"all-available","Asia/Taipei","BTCUSDT","BTC-260816-62000-P","2026-08-16","62000","PUT","1h","2026-08-13 10:00:00","2026-08-13 18:00:00","70.000","70.000","70.000","70.000","0.05","2026-08-13 10:59:59","2026-08-13 18:59:59","3.50000","2","0.00","0.00000"
"all-available","Asia/Taipei","BTCUSDT","BTC-260816-62000-P","2026-08-16","62000","PUT","1h","2026-08-13 11:00:00","2026-08-13 19:00:00","70.000","110.000","70.000","90.000","16.33","2026-08-13 11:59:59","2026-08-13 19:59:59","1225.30000","10","16.21","1216.10000"
"all-available","Asia/Taipei","BTCUSDT","BTC-260816-62000-P","2026-08-16","62000","PUT","1h","2026-08-13 12:00:00","2026-08-13 20:00:00","80.000","80.000","80.000","80.000","0.92","2026-08-13 12:59:59","2026-08-13 20:59:59","73.60000","1","0.00","0.00000"
"all-available","Asia/Taipei","BTCUSDT","BTC-260816-62000-P","2026-08-16","62000","PUT","1h","2026-08-13 13:00:00","2026-08-13 21:00:00","60.000","60.000","55.000","55.000","2.69","2026-08-13 13:59:59","2026-08-13 21:59:59","152.15000","11","0.00","0.00000"
"all-available","Asia/Taipei","BTCUSDT","BTC-260816-62000-P","2026-08-16","62000","PUT","1h","2026-08-13 14:00:00","2026-08-13 22:00:00","55.000","55.000","40.000","40.000","5.91","2026-08-13 14:59:59","2026-08-13 22:59:59","295.75000","18","0.00","0.00000"
"all-available","Asia/Taipei","BTCUSDT","BTC-260816-62000-P","2026-08-16","62000","PUT","1h","2026-08-13 15:00:00","2026-08-13 23:00:00","45.000","65.000","45.000","65.000","43.65","2026-08-13 15:59:59","2026-08-13 23:59:59","2751.40000","26","42.64","2685.75000"
"all-available","Asia/Taipei","BTCUSDT","BTC-260816-62000-P","2026-08-16","62000","PUT","1h","2026-08-13 16:00:00","2026-08-14 00:00:00","115.000","165.000","115.000","165.000","12.65","2026-08-13 16:59:59","2026-08-14 00:59:59","1812.15000","4","6.47","792.45000"
"all-available","Asia/Taipei","BTCUSDT","BTC-260816-62000-P","2026-08-16","62000","PUT","1h","2026-08-13 17:00:00","2026-08-14 01:00:00","115.000","115.000","110.000","110.000","0.16","2026-08-13 17:59:59","2026-08-14 01:59:59","18.35000","2","0.01","1.10000"
"all-available","Asia/Taipei","BTCUSDT","BTC-260816-62000-P","2026-08-16","62000","PUT","1h","2026-08-13 18:00:00","2026-08-14 02:00:00","110.000","110.000","110.000","110.000","0.00","2026-08-13 18:59:59","2026-08-14 02:59:59","0.00000","0","0.00","0.00000"
"all-available","Asia/Taipei","BTCUSDT","BTC-260816-62000-P","2026-08-16","62000","PUT","1h","2026-08-13 19:00:00","2026-08-14 03:00:00","110.000","110.000","110.000","110.000","0.00","2026-08-13 19:59:59","2026-08-14 03:59:59","0.00000","0","0.00","0.00000"
"all-available","Asia/Taipei","BTCUSDT","BTC-260816-62000-P","2026-08-16","62000","PUT","1h","2026-08-13 20:00:00","2026-08-14 04:00:00","65.000","65.000","65.000","65.000","37.27","2026-08-13 20:59:59","2026-08-14 04:59:59","2422.55000","3","0.00","0.00000"
"all-available","Asia/Taipei","BTCUSDT","BTC-260816-62000-P","2026-08-16","62000","PUT","1h","2026-08-13 21:00:00","2026-08-14 05:00:00","65.000","65.000","65.000","65.000","0.00","2026-08-13 21:59:59","2026-08-14 05:59:59","0.00000","0","0.00","0.00000"
"all-available","Asia/Taipei","BTCUSDT","BTC-260816-62000-P","2026-08-16","62000","PUT","1h","2026-08-13 22:00:00","2026-08-14 06:00:00","65.000","65.000","65.000","65.000","0.00","2026-08-13 22:59:59","2026-08-14 06:59:59","0.00000","0","0.00","0.00000"
"all-available","Asia/Taipei","BTCUSDT","BTC-260816-62000-P","2026-08-16","62000","PUT","1h","2026-08-13 23:00:00","2026-08-14 07:00:00","50.000","50.000","50.000","50.000","0.73","2026-08-13 23:59:59","2026-08-14 07:59:59","36.50000","2","0.73","36.50000"
"all-available","Asia/Taipei","BTCUSDT","BTC-260816-62000-P","2026-08-16","62000","PUT","1h","2026-08-14 00:00:00","2026-08-14 08:00:00","50.000","50.000","50.000","50.000","0.15","2026-08-14 00:59:59","2026-08-14 08:59:59","7.50000","2","0.00","0.00000"
"all-available","Asia/Taipei","BTCUSDT","BTC-260816-62000-P","2026-08-16","62000","PUT","1h","2026-08-14 01:00:00","2026-08-14 09:00:00","45.000","45.000","40.000","40.000","1.19","2026-08-14 01:59:59","2026-08-14 09:59:59","51.65000","2","0.81","36.45000"
"all-available","Asia/Taipei","BTCUSDT","BTC-260816-62000-P","2026-08-16","62000","PUT","1h","2026-08-14 02:00:00","2026-08-14 10:00:00","40.000","40.000","40.000","40.000","0.00","2026-08-14 02:59:59","2026-08-14 10:59:59","0.00000","0","0.00","0.00000"
"all-available","Asia/Taipei","BTCUSDT","BTC-260816-62000-P","2026-08-16","62000","PUT","1h","2026-08-14 03:00:00","2026-08-14 11:00:00","40.000","40.000","40.000","40.000","0.00","2026-08-14 03:59:59","2026-08-14 11:59:59","0.00000","0","0.00","0.00000"
"all-available","Asia/Taipei","BTCUSDT","BTC-260816-62000-P","2026-08-16","62000","PUT","1h","2026-08-14 04:00:00","2026-08-14 12:00:00","40.000","40.000","40.000","40.000","0.00","2026-08-14 04:59:59","2026-08-14 12:59:59","0.00000","0","0.00","0.00000"
"all-available","Asia/Taipei","BTCUSDT","BTC-260816-62000-P","2026-08-16","62000","PUT","1h","2026-08-14 05:00:00","2026-08-14 13:00:00","40.000","40.000","40.000","40.000","0.00","2026-08-14 05:59:59","2026-08-14 13:59:59","0.00000","0","0.00","0.00000"
"all-available","Asia/Taipei","BTCUSDT","BTC-260816-62000-P","2026-08-16","62000","PUT","1h","2026-08-14 06:00:00","2026-08-14 14:00:00","60.000","65.000","60.000","65.000","0.99","2026-08-14 06:59:59","2026-08-14 14:59:59","63.00000","3","0.72","46.80000"
"all-available","Asia/Taipei","BTCUSDT","BTC-260816-62000-P","2026-08-16","62000","PUT","1h","2026-08-14 07:00:00","2026-08-14 15:00:00","95.000","110.000","85.000","110.000","0.90","2026-08-14 07:59:59","2026-08-14 15:59:59","78.35000","7","0.51","43.45000"
"all-available","Asia/Taipei","BTCUSDT","BTC-260816-62000-P","2026-08-16","62000","PUT","1h","2026-08-14 08:00:00","2026-08-14 16:00:00","125.000","160.000","115.000","140.000","3.75","2026-08-14 08:59:59","2026-08-14 16:59:59","514.55000","32","0.01","1.25000"
"all-available","Asia/Taipei","BTCUSDT","BTC-260816-62000-P","2026-08-16","62000","PUT","1h","2026-08-14 09:00:00","2026-08-14 17:00:00","140.000","140.000","140.000","140.000","0.00","2026-08-14 09:59:59","2026-08-14 17:59:59","0.00000","0","0.00","0.00000"
"all-available","Asia/Taipei","BTCUSDT","BTC-260816-62000-P","2026-08-16","62000","PUT","1h","2026-08-14 10:00:00","2026-08-14 18:00:00","140.000","140.000","140.000","140.000","0.00","2026-08-14 10:59:59","2026-08-14 18:59:59","0.00000","0","0.00","0.00000"
"all-available","Asia/Taipei","BTCUSDT","BTC-260816-62000-P","2026-08-16","62000","PUT","1h","2026-08-14 11:00:00","2026-08-14 19:00:00","95.000","95.000","95.000","95.000","1.04","2026-08-14 11:59:59","2026-08-14 19:59:59","98.80000","5","0.00","0.00000"
"all-available","Asia/Taipei","BTCUSDT","BTC-260816-62000-P","2026-08-16","62000","PUT","1h","2026-08-14 12:00:00","2026-08-14 20:00:00","100.000","115.000","100.000","115.000","0.24","2026-08-14 12:59:59","2026-08-14 20:59:59","24.75000","3","0.05","5.75000"
"all-available","Asia/Taipei","BTCUSDT","BTC-260816-62000-P","2026-08-16","62000","PUT","1h","2026-08-14 13:00:00","2026-08-14 21:00:00","120.000","150.000","120.000","135.000","4.40","2026-08-14 13:59:59","2026-08-14 21:59:59","629.90000","11","0.39","52.50000"
"all-available","Asia/Taipei","BTCUSDT","BTC-260816-62000-P","2026-08-16","62000","PUT","1h","2026-08-14 14:00:00","2026-08-14 22:00:00","125.000","145.000","125.000","145.000","3.15","2026-08-14 14:59:59","2026-08-14 22:59:59","450.25000","7","3.14","449.00000"
"all-available","Asia/Taipei","BTCUSDT","BTC-260816-62000-P","2026-08-16","62000","PUT","1h","2026-08-14 15:00:00","2026-08-14 23:00:00","100.000","100.000","60.000","60.000","1.65","2026-08-14 15:59:59","2026-08-14 23:59:59","121.30000","5","1.19","77.35000"
"all-available","Asia/Taipei","BTCUSDT","BTC-260816-62000-P","2026-08-16","62000","PUT","1h","2026-08-14 16:00:00","2026-08-15 00:00:00","45.000","50.000","35.000","35.000","5.52","2026-08-14 16:59:59","2026-08-15 00:59:59","229.40000","17","1.42","71.00000"
"all-available","Asia/Taipei","BTCUSDT","BTC-260816-62000-P","2026-08-16","62000","PUT","1h","2026-08-14 17:00:00","2026-08-15 01:00:00","35.000","35.000","35.000","35.000","0.00","2026-08-14 17:59:59","2026-08-15 01:59:59","0.00000","0","0.00","0.00000"
"all-available","Asia/Taipei","BTCUSDT","BTC-260816-62000-P","2026-08-16","62000","PUT","1h","2026-08-14 18:00:00","2026-08-15 02:00:00","35.000","35.000","25.000","30.000","11.79","2026-08-14 18:59:59","2026-08-15 02:59:59","397.00000","9","3.03","90.90000"
"all-available","Asia/Taipei","BTCUSDT","BTC-260816-62000-P","2026-08-16","62000","PUT","1h","2026-08-14 19:00:00","2026-08-15 03:00:00","25.000","25.000","25.000","25.000","0.81","2026-08-14 19:59:59","2026-08-15 03:59:59","20.25000","2","0.00","0.00000"
"all-available","Asia/Taipei","BTCUSDT","BTC-260816-62000-P","2026-08-16","62000","PUT","1h","2026-08-14 20:00:00","2026-08-15 04:00:00","25.000","25.000","25.000","25.000","0.10","2026-08-14 20:59:59","2026-08-15 04:59:59","2.50000","1","0.10","2.50000"
"all-available","Asia/Taipei","BTCUSDT","BTC-260816-62000-P","2026-08-16","62000","PUT","1h","2026-08-14 21:00:00","2026-08-15 05:00:00","25.000","25.000","25.000","25.000","0.00","2026-08-14 21:59:59","2026-08-15 05:59:59","0.00000","0","0.00","0.00000"
"all-available","Asia/Taipei","BTCUSDT","BTC-260816-62000-P","2026-08-16","62000","PUT","1h","2026-08-14 22:00:00","2026-08-15 06:00:00","25.000","25.000","25.000","25.000","0.00","2026-08-14 22:59:59","2026-08-15 06:59:59","0.00000","0","0.00","0.00000"
"all-available","Asia/Taipei","BTCUSDT","BTC-260816-62000-P","2026-08-16","62000","PUT","1h","2026-08-14 23:00:00","2026-08-15 07:00:00","25.000","25.000","25.000","25.000","0.98","2026-08-14 23:59:59","2026-08-15 07:59:59","24.50000","1","0.98","24.50000"
"all-available","Asia/Taipei","BTCUSDT","BTC-260816-62000-P","2026-08-16","62000","PUT","1h","2026-08-15 00:00:00","2026-08-15 08:00:00","20.000","20.000","15.000","15.000","2.92","2026-08-15 00:59:59","2026-08-15 08:59:59","44.55000","5","1.00","15.00000"
"all-available","Asia/Taipei","BTCUSDT","BTC-260816-62000-P","2026-08-16","62000","PUT","1h","2026-08-15 01:00:00","2026-08-15 09:00:00","15.000","15.000","15.000","15.000","0.93","2026-08-15 01:59:59","2026-08-15 09:59:59","13.95000","2","0.93","13.95000"
"all-available","Asia/Taipei","BTCUSDT","BTC-260816-62000-P","2026-08-16","62000","PUT","1h","2026-08-15 02:00:00","2026-08-15 10:00:00","10.000","15.000","10.000","15.000","3.96","2026-08-15 02:59:59","2026-08-15 10:59:59","44.25000","3","0.93","13.95000"
"all-available","Asia/Taipei","BTCUSDT","BTC-260816-62000-P","2026-08-16","62000","PUT","1h","2026-08-15 03:00:00","2026-08-15 11:00:00","15.000","15.000","15.000","15.000","0.00","2026-08-15 03:59:59","2026-08-15 11:59:59","0.00000","0","0.00","0.00000"
"all-available","Asia/Taipei","BTCUSDT","BTC-260816-62000-P","2026-08-16","62000","PUT","1h","2026-08-15 04:00:00","2026-08-15 12:00:00","15.000","15.000","15.000","15.000","0.00","2026-08-15 04:59:59","2026-08-15 12:59:59","0.00000","0","0.00","0.00000"
"all-available","Asia/Taipei","BTCUSDT","BTC-260816-62000-P","2026-08-16","62000","PUT","1h","2026-08-15 05:00:00","2026-08-15 13:00:00","10.000","15.000","10.000","15.000","11.98","2026-08-15 05:59:59","2026-08-15 13:59:59","163.35000","11","11.00","153.55000"
"all-available","Asia/Taipei","BTCUSDT","BTC-260816-62000-P","2026-08-16","62000","PUT","1h","2026-08-15 06:00:00","2026-08-15 14:00:00","15.000","15.000","15.000","15.000","13.52","2026-08-15 06:59:59","2026-08-15 14:59:59","202.80000","6","13.52","202.80000"
"all-available","Asia/Taipei","BTCUSDT","BTC-260816-62000-P","2026-08-16","62000","PUT","1h","2026-08-15 07:00:00","2026-08-15 15:00:00","15.000","15.000","15.000","15.000","0.00","2026-08-15 07:59:59","2026-08-15 15:59:59","0.00000","0","0.00","0.00000"
"all-available","Asia/Taipei","BTCUSDT","BTC-260816-62000-P","2026-08-16","62000","PUT","1h","2026-08-15 08:00:00","2026-08-15 16:00:00","15.000","15.000","10.000","15.000","5.39","2026-08-15 08:59:59","2026-08-15 16:59:59","80.65000","7","5.35","80.25000"
"all-available","Asia/Taipei","BTCUSDT","BTC-260816-62000-P","2026-08-16","62000","PUT","1h","2026-08-15 09:00:00","2026-08-15 17:00:00","15.000","20.000","15.000","15.000","36.11","2026-08-15 09:59:59","2026-08-15 17:59:59","591.65000","14","31.01","515.15000"
"all-available","Asia/Taipei","BTCUSDT","BTC-260816-62000-P","2026-08-16","62000","PUT","1h","2026-08-15 10:00:00","2026-08-15 18:00:00","15.000","15.000","10.000","10.000","0.02","2026-08-15 10:59:59","2026-08-15 18:59:59","0.25000","2","0.01","0.15000"
"all-available","Asia/Taipei","BTCUSDT","BTC-260816-62000-P","2026-08-16","62000","PUT","1h","2026-08-15 11:00:00","2026-08-15 19:00:00","15.000","15.000","10.000","15.000","0.20","2026-08-15 11:59:59","2026-08-15 19:59:59","2.95000","4","0.19","2.85000"
"all-available","Asia/Taipei","BTCUSDT","BTC-260816-62000-P","2026-08-16","62000","PUT","1h","2026-08-15 12:00:00","2026-08-15 20:00:00","15.000","15.000","15.000","15.000","0.00","2026-08-15 12:59:59","2026-08-15 20:59:59","0.00000","0","0.00","0.00000"
"all-available","Asia/Taipei","BTCUSDT","BTC-260816-62000-P","2026-08-16","62000","PUT","1h","2026-08-15 13:00:00","2026-08-15 21:00:00","15.000","15.000","15.000","15.000","0.00","2026-08-15 13:59:59","2026-08-15 21:59:59","0.00000","0","0.00","0.00000"
"all-available","Asia/Taipei","BTCUSDT","BTC-260816-62000-P","2026-08-16","62000","PUT","1h","2026-08-15 14:00:00","2026-08-15 22:00:00","15.000","15.000","15.000","15.000","0.00","2026-08-15 14:59:59","2026-08-15 22:59:59","0.00000","0","0.00","0.00000"
"all-available","Asia/Taipei","BTCUSDT","BTC-260816-62000-P","2026-08-16","62000","PUT","1h","2026-08-15 15:00:00","2026-08-15 23:00:00","10.000","10.000","10.000","10.000","0.23","2026-08-15 15:59:59","2026-08-15 23:59:59","2.30000","1","0.00","0.00000"
"all-available","Asia/Taipei","BTCUSDT","BTC-260816-62000-P","2026-08-16","62000","PUT","1h","2026-08-15 16:00:00","2026-08-16 00:00:00","10.000","10.000","10.000","10.000","0.00","2026-08-15 16:59:59","2026-08-16 00:59:59","0.00000","0","0.00","0.00000"
"all-available","Asia/Taipei","BTCUSDT","BTC-260816-62000-P","2026-08-16","62000","PUT","1h","2026-08-15 17:00:00","2026-08-16 01:00:00","10.000","10.000","10.000","10.000","27.29","2026-08-15 17:59:59","2026-08-16 01:59:59","272.90000","6","27.29","272.90000"
"all-available","Asia/Taipei","BTCUSDT","BTC-260816-62000-P","2026-08-16","62000","PUT","1h","2026-08-15 18:00:00","2026-08-16 02:00:00","10.000","10.000","10.000","10.000","0.00","2026-08-15 18:59:59","2026-08-16 02:59:59","0.00000","0","0.00","0.00000"
"all-available","Asia/Taipei","BTCUSDT","BTC-260816-62000-P","2026-08-16","62000","PUT","1h","2026-08-15 19:00:00","2026-08-16 03:00:00","10.000","10.000","10.000","10.000","0.00","2026-08-15 19:59:59","2026-08-16 03:59:59","0.00000","0","0.00","0.00000"
"all-available","Asia/Taipei","BTCUSDT","BTC-260816-62000-P","2026-08-16","62000","PUT","1h","2026-08-15 20:00:00","2026-08-16 04:00:00","5.000","5.000","5.000","5.000","1.50","2026-08-15 20:59:59","2026-08-16 04:59:59","7.50000","2","0.00","0.00000"
"all-available","Asia/Taipei","BTCUSDT","BTC-260816-62000-P","2026-08-16","62000","PUT","1h","2026-08-15 21:00:00","2026-08-16 05:00:00","5.000","5.000","5.000","5.000","0.00","2026-08-15 21:59:59","2026-08-16 05:59:59","0.00000","0","0.00","0.00000"
"all-available","Asia/Taipei","BTCUSDT","BTC-260816-62000-P","2026-08-16","62000","PUT","1h","2026-08-15 22:00:00","2026-08-16 06:00:00","5.000","5.000","5.000","5.000","0.00","2026-08-15 22:59:59","2026-08-16 06:59:59","0.00000","0","0.00","0.00000"
"all-available","Asia/Taipei","BTCUSDT","BTC-260816-62000-P","2026-08-16","62000","PUT","1h","2026-08-15 23:00:00","2026-08-16 07:00:00","5.000","5.000","5.000","5.000","0.01","2026-08-15 23:59:59","2026-08-16 07:59:59","0.05000","1","0.00","0.00000"
"all-available","Asia/Taipei","BTCUSDT","BTC-260816-62000-P","2026-08-16","62000","PUT","1h","2026-08-16 00:00:00","2026-08-16 08:00:00","5.000","5.000","5.000","5.000","0.00","2026-08-16 00:59:59","2026-08-16 08:59:59","0.00000","0","0.00","0.00000"
"all-available","Asia/Taipei","BTCUSDT","BTC-260816-62000-P","2026-08-16","62000","PUT","1h","2026-08-16 01:00:00","2026-08-16 09:00:00","5.000","5.000","5.000","5.000","0.00","2026-08-16 01:59:59","2026-08-16 09:59:59","0.00000","0","0.00","0.00000"
"all-available","Asia/Taipei","BTCUSDT","BTC-260816-62000-P","2026-08-16","62000","PUT","1h","2026-08-16 02:00:00","2026-08-16 10:00:00","5.000","5.000","5.000","5.000","0.00","2026-08-16 02:59:59","2026-08-16 10:59:59","0.00000","0","0.00","0.00000"
"all-available","Asia/Taipei","BTCUSDT","BTC-260816-62000-P","2026-08-16","62000","PUT","1h","2026-08-16 03:00:00","2026-08-16 11:00:00","5.000","5.000","5.000","5.000","0.00","2026-08-16 03:59:59","2026-08-16 11:59:59","0.00000","0","0.00","0.00000"
"all-available","Asia/Taipei","BTCUSDT","BTC-260816-62000-P","2026-08-16","62000","PUT","1h","2026-08-16 04:00:00","2026-08-16 12:00:00","5.000","5.000","5.000","5.000","0.00","2026-08-16 04:59:59","2026-08-16 12:59:59","0.00000","0","0.00","0.00000"
"all-available","Asia/Taipei","BTCUSDT","BTC-260816-62000-P","2026-08-16","62000","PUT","1h","2026-08-16 05:00:00","2026-08-16 13:00:00","5.000","5.000","5.000","5.000","0.00","2026-08-16 05:59:59","2026-08-16 13:59:59","0.00000","0","0.00","0.00000"
"all-available","Asia/Taipei","BTCUSDT","BTC-260816-62000-P","2026-08-16","62000","PUT","1h","2026-08-16 06:00:00","2026-08-16 14:00:00","5.000","5.000","5.000","5.000","0.00","2026-08-16 06:59:59","2026-08-16 14:59:59","0.00000","0","0.00","0.00000"
"all-available","Asia/Taipei","BTCUSDT","BTC-260816-62000-P","2026-08-16","62000","PUT","1h","2026-08-16 07:00:00","2026-08-16 15:00:00","5.000","5.000","5.000","5.000","597.61","2026-08-16 07:59:59","2026-08-16 15:59:59","2988.05000","9","597.61","2988.05000"
"all-available","Asia/Taipei","BTCUSDT","BTC-260816-62500-C","2026-08-16","62500","CALL","1h","2026-08-14 08:00:00","2026-08-14 16:00:00","570.000","615.000","570.000","610.000","0.96","2026-08-14 08:59:59","2026-08-14 16:59:59","585.50000","6","0.00","0.00000"
"all-available","Asia/Taipei","BTCUSDT","BTC-260816-62500-C","2026-08-16","62500","CALL","1h","2026-08-14 09:00:00","2026-08-14 17:00:00","610.000","610.000","610.000","610.000","0.00","2026-08-14 09:59:59","2026-08-14 17:59:59","0.00000","0","0.00","0.00000"
"all-available","Asia/Taipei","BTCUSDT","BTC-260816-62500-C","2026-08-16","62500","CALL","1h","2026-08-14 10:00:00","2026-08-14 18:00:00","550.000","550.000","550.000","550.000","0.02","2026-08-14 10:59:59","2026-08-14 18:59:59","11.00000","2","0.00","0.00000"
"all-available","Asia/Taipei","BTCUSDT","BTC-260816-62500-C","2026-08-16","62500","CALL","1h","2026-08-14 11:00:00","2026-08-14 19:00:00","565.000","565.000","565.000","565.000","0.01","2026-08-14 11:59:59","2026-08-14 19:59:59","5.65000","1","0.01","5.65000"
"all-available","Asia/Taipei","BTCUSDT","BTC-260816-62500-C","2026-08-16","62500","CALL","1h","2026-08-14 12:00:00","2026-08-14 20:00:00","530.000","530.000","530.000","530.000","0.10","2026-08-14 12:59:59","2026-08-14 20:59:59","53.00000","1","0.00","0.00000"
"all-available","Asia/Taipei","BTCUSDT","BTC-260816-62500-C","2026-08-16","62500","CALL","1h","2026-08-14 13:00:00","2026-08-14 21:00:00","550.000","550.000","430.000","430.000","7.21","2026-08-14 13:59:59","2026-08-14 21:59:59","3585.80000","12","0.46","219.30000"
"all-available","Asia/Taipei","BTCUSDT","BTC-260816-62500-C","2026-08-16","62500","CALL","1h","2026-08-14 14:00:00","2026-08-14 22:00:00","445.000","460.000","360.000","360.000","5.76","2026-08-14 14:59:59","2026-08-14 22:59:59","2530.70000","7","5.76","2530.70000"
"all-available","Asia/Taipei","BTCUSDT","BTC-260816-62500-C","2026-08-16","62500","CALL","1h","2026-08-14 15:00:00","2026-08-14 23:00:00","360.000","360.000","360.000","360.000","0.00","2026-08-14 15:59:59","2026-08-14 23:59:59","0.00000","0","0.00","0.00000"
"all-available","Asia/Taipei","BTCUSDT","BTC-260816-62500-C","2026-08-16","62500","CALL","1h","2026-08-14 16:00:00","2026-08-15 00:00:00","360.000","360.000","360.000","360.000","0.00","2026-08-14 16:59:59","2026-08-15 00:59:59","0.00000","0","0.00","0.00000"
"all-available","Asia/Taipei","BTCUSDT","BTC-260816-62500-C","2026-08-16","62500","CALL","1h","2026-08-14 17:00:00","2026-08-15 01:00:00","760.000","760.000","760.000","760.000","0.01","2026-08-14 17:59:59","2026-08-15 01:59:59","7.60000","1","0.01","7.60000"
"all-available","Asia/Taipei","BTCUSDT","BTC-260816-62500-C","2026-08-16","62500","CALL","1h","2026-08-14 18:00:00","2026-08-15 02:00:00","760.000","760.000","760.000","760.000","0.00","2026-08-14 18:59:59","2026-08-15 02:59:59","0.00000","0","0.00","0.00000"
"all-available","Asia/Taipei","BTCUSDT","BTC-260816-62500-C","2026-08-16","62500","CALL","1h","2026-08-14 19:00:00","2026-08-15 03:00:00","760.000","760.000","760.000","760.000","0.00","2026-08-14 19:59:59","2026-08-15 03:59:59","0.00000","0","0.00","0.00000"
"all-available","Asia/Taipei","BTCUSDT","BTC-260816-62500-C","2026-08-16","62500","CALL","1h","2026-08-14 20:00:00","2026-08-15 04:00:00","760.000","760.000","760.000","760.000","0.00","2026-08-14 20:59:59","2026-08-15 04:59:59","0.00000","0","0.00","0.00000"
"all-available","Asia/Taipei","BTCUSDT","BTC-260816-62500-C","2026-08-16","62500","CALL","1h","2026-08-14 21:00:00","2026-08-15 05:00:00","760.000","760.000","760.000","760.000","0.00","2026-08-14 21:59:59","2026-08-15 05:59:59","0.00000","0","0.00","0.00000"
"all-available","Asia/Taipei","BTCUSDT","BTC-260816-62500-C","2026-08-16","62500","CALL","1h","2026-08-14 22:00:00","2026-08-15 06:00:00","760.000","760.000","760.000","760.000","0.00","2026-08-14 22:59:59","2026-08-15 06:59:59","0.00000","0","0.00","0.00000"
"all-available","Asia/Taipei","BTCUSDT","BTC-260816-62500-C","2026-08-16","62500","CALL","1h","2026-08-14 23:00:00","2026-08-15 07:00:00","760.000","760.000","760.000","760.000","0.00","2026-08-14 23:59:59","2026-08-15 07:59:59","0.00000","0","0.00","0.00000"
"all-available","Asia/Taipei","BTCUSDT","BTC-260816-62500-C","2026-08-16","62500","CALL","1h","2026-08-15 00:00:00","2026-08-15 08:00:00","760.000","760.000","760.000","760.000","0.00","2026-08-15 00:59:59","2026-08-15 08:59:59","0.00000","0","0.00","0.00000"
"all-available","Asia/Taipei","BTCUSDT","BTC-260816-62500-C","2026-08-16","62500","CALL","1h","2026-08-15 01:00:00","2026-08-15 09:00:00","760.000","760.000","760.000","760.000","0.00","2026-08-15 01:59:59","2026-08-15 09:59:59","0.00000","0","0.00","0.00000"
"all-available","Asia/Taipei","BTCUSDT","BTC-260816-62500-C","2026-08-16","62500","CALL","1h","2026-08-15 02:00:00","2026-08-15 10:00:00","760.000","760.000","760.000","760.000","0.00","2026-08-15 02:59:59","2026-08-15 10:59:59","0.00000","0","0.00","0.00000"
"all-available","Asia/Taipei","BTCUSDT","BTC-260816-62500-C","2026-08-16","62500","CALL","1h","2026-08-15 03:00:00","2026-08-15 11:00:00","760.000","760.000","760.000","760.000","0.00","2026-08-15 03:59:59","2026-08-15 11:59:59","0.00000","0","0.00","0.00000"
"all-available","Asia/Taipei","BTCUSDT","BTC-260816-62500-C","2026-08-16","62500","CALL","1h","2026-08-15 04:00:00","2026-08-15 12:00:00","760.000","760.000","760.000","760.000","0.00","2026-08-15 04:59:59","2026-08-15 12:59:59","0.00000","0","0.00","0.00000"
"all-available","Asia/Taipei","BTCUSDT","BTC-260816-62500-C","2026-08-16","62500","CALL","1h","2026-08-15 05:00:00","2026-08-15 13:00:00","760.000","760.000","760.000","760.000","0.00","2026-08-15 05:59:59","2026-08-15 13:59:59","0.00000","0","0.00","0.00000"
"all-available","Asia/Taipei","BTCUSDT","BTC-260816-62500-C","2026-08-16","62500","CALL","1h","2026-08-15 06:00:00","2026-08-15 14:00:00","760.000","760.000","760.000","760.000","0.00","2026-08-15 06:59:59","2026-08-15 14:59:59","0.00000","0","0.00","0.00000"
"all-available","Asia/Taipei","BTCUSDT","BTC-260816-62500-C","2026-08-16","62500","CALL","1h","2026-08-15 07:00:00","2026-08-15 15:00:00","665.000","665.000","665.000","665.000","0.10","2026-08-15 07:59:59","2026-08-15 15:59:59","66.50000","1","0.00","0.00000"
"all-available","Asia/Taipei","BTCUSDT","BTC-260816-62500-C","2026-08-16","62500","CALL","1h","2026-08-15 08:00:00","2026-08-15 16:00:00","670.000","670.000","645.000","645.000","0.21","2026-08-15 08:59:59","2026-08-15 16:59:59","138.45000","3","0.00","0.00000"
"all-available","Asia/Taipei","BTCUSDT","BTC-260816-62500-C","2026-08-16","62500","CALL","1h","2026-08-15 09:00:00","2026-08-15 17:00:00","645.000","645.000","645.000","645.000","0.00","2026-08-15 09:59:59","2026-08-15 17:59:59","0.00000","0","0.00","0.00000"
"all-available","Asia/Taipei","BTCUSDT","BTC-260816-62500-C","2026-08-16","62500","CALL","1h","2026-08-15 10:00:00","2026-08-15 18:00:00","590.000","590.000","590.000","590.000","0.76","2026-08-15 10:59:59","2026-08-15 18:59:59","448.40000","1","0.00","0.00000"
"all-available","Asia/Taipei","BTCUSDT","BTC-260816-62500-C","2026-08-16","62500","CALL","1h","2026-08-15 11:00:00","2026-08-15 19:00:00","575.000","575.000","575.000","575.000","0.01","2026-08-15 11:59:59","2026-08-15 19:59:59","5.75000","1","0.00","0.00000"
"all-available","Asia/Taipei","BTCUSDT","BTC-260816-62500-C","2026-08-16","62500","CALL","1h","2026-08-15 12:00:00","2026-08-15 20:00:00","575.000","575.000","575.000","575.000","0.00","2026-08-15 12:59:59","2026-08-15 20:59:59","0.00000","0","0.00","0.00000"
"all-available","Asia/Taipei","BTCUSDT","BTC-260816-62500-C","2026-08-16","62500","CALL","1h","2026-08-15 13:00:00","2026-08-15 21:00:00","575.000","575.000","575.000","575.000","0.00","2026-08-15 13:59:59","2026-08-15 21:59:59","0.00000","0","0.00","0.00000"
"all-available","Asia/Taipei","BTCUSDT","BTC-260816-62500-C","2026-08-16","62500","CALL","1h","2026-08-15 14:00:00","2026-08-15 22:00:00","575.000","575.000","575.000","575.000","0.00","2026-08-15 14:59:59","2026-08-15 22:59:59","0.00000","0","0.00","0.00000"
"all-available","Asia/Taipei","BTCUSDT","BTC-260816-62500-C","2026-08-16","62500","CALL","1h","2026-08-15 15:00:00","2026-08-15 23:00:00","575.000","575.000","575.000","575.000","0.00","2026-08-15 15:59:59","2026-08-15 23:59:59","0.00000","0","0.00","0.00000"
"all-available","Asia/Taipei","BTCUSDT","BTC-260816-62500-C","2026-08-16","62500","CALL","1h","2026-08-15 16:00:00","2026-08-16 00:00:00","630.000","630.000","630.000","630.000","0.01","2026-08-15 16:59:59","2026-08-16 00:59:59","6.30000","1","0.00","0.00000"
"all-available","Asia/Taipei","BTCUSDT","BTC-260816-62500-C","2026-08-16","62500","CALL","1h","2026-08-15 17:00:00","2026-08-16 01:00:00","630.000","630.000","630.000","630.000","0.00","2026-08-15 17:59:59","2026-08-16 01:59:59","0.00000","0","0.00","0.00000"
"all-available","Asia/Taipei","BTCUSDT","BTC-260816-62500-C","2026-08-16","62500","CALL","1h","2026-08-15 18:00:00","2026-08-16 02:00:00","630.000","630.000","630.000","630.000","0.00","2026-08-15 18:59:59","2026-08-16 02:59:59","0.00000","0","0.00","0.00000"
"all-available","Asia/Taipei","BTCUSDT","BTC-260816-62500-C","2026-08-16","62500","CALL","1h","2026-08-15 19:00:00","2026-08-16 03:00:00","630.000","630.000","630.000","630.000","0.00","2026-08-15 19:59:59","2026-08-16 03:59:59","0.00000","0","0.00","0.00000"
"all-available","Asia/Taipei","BTCUSDT","BTC-260816-62500-C","2026-08-16","62500","CALL","1h","2026-08-15 20:00:00","2026-08-16 04:00:00","630.000","630.000","630.000","630.000","0.00","2026-08-15 20:59:59","2026-08-16 04:59:59","0.00000","0","0.00","0.00000"
"all-available","Asia/Taipei","BTCUSDT","BTC-260816-62500-C","2026-08-16","62500","CALL","1h","2026-08-15 21:00:00","2026-08-16 05:00:00","630.000","630.000","630.000","630.000","0.00","2026-08-15 21:59:59","2026-08-16 05:59:59","0.00000","0","0.00","0.00000"
"all-available","Asia/Taipei","BTCUSDT","BTC-260816-62500-C","2026-08-16","62500","CALL","1h","2026-08-15 22:00:00","2026-08-16 06:00:00","630.000","630.000","630.000","630.000","0.00","2026-08-15 22:59:59","2026-08-16 06:59:59","0.00000","0","0.00","0.00000"
"all-available","Asia/Taipei","BTCUSDT","BTC-260816-62500-C","2026-08-16","62500","CALL","1h","2026-08-15 23:00:00","2026-08-16 07:00:00","630.000","630.000","630.000","630.000","0.00","2026-08-15 23:59:59","2026-08-16 07:59:59","0.00000","0","0.00","0.00000"
"all-available","Asia/Taipei","BTCUSDT","BTC-260816-62500-C","2026-08-16","62500","CALL","1h","2026-08-16 00:00:00","2026-08-16 08:00:00","630.000","630.000","630.000","630.000","0.00","2026-08-16 00:59:59","2026-08-16 08:59:59","0.00000","0","0.00","0.00000"
"all-available","Asia/Taipei","BTCUSDT","BTC-260816-62500-C","2026-08-16","62500","CALL","1h","2026-08-16 01:00:00","2026-08-16 09:00:00","630.000","630.000","630.000","630.000","0.00","2026-08-16 01:59:59","2026-08-16 09:59:59","0.00000","0","0.00","0.00000"
"all-available","Asia/Taipei","BTCUSDT","BTC-260816-62500-C","2026-08-16","62500","CALL","1h","2026-08-16 02:00:00","2026-08-16 10:00:00","630.000","630.000","630.000","630.000","0.00","2026-08-16 02:59:59","2026-08-16 10:59:59","0.00000","0","0.00","0.00000"
"all-available","Asia/Taipei","BTCUSDT","BTC-260816-62500-C","2026-08-16","62500","CALL","1h","2026-08-16 03:00:00","2026-08-16 11:00:00","630.000","630.000","630.000","630.000","0.00","2026-08-16 03:59:59","2026-08-16 11:59:59","0.00000","0","0.00","0.00000"
"all-available","Asia/Taipei","BTCUSDT","BTC-260816-62500-C","2026-08-16","62500","CALL","1h","2026-08-16 04:00:00","2026-08-16 12:00:00","625.000","625.000","625.000","625.000","0.40","2026-08-16 04:59:59","2026-08-16 12:59:59","250.00000","4","0.40","250.00000"
"all-available","Asia/Taipei","BTCUSDT","BTC-260816-62500-C","2026-08-16","62500","CALL","1h","2026-08-16 05:00:00","2026-08-16 13:00:00","625.000","625.000","625.000","625.000","0.00","2026-08-16 05:59:59","2026-08-16 13:59:59","0.00000","0","0.00","0.00000"
"all-available","Asia/Taipei","BTCUSDT","BTC-260816-62500-C","2026-08-16","62500","CALL","1h","2026-08-16 06:00:00","2026-08-16 14:00:00","625.000","625.000","625.000","625.000","0.00","2026-08-16 06:59:59","2026-08-16 14:59:59","0.00000","0","0.00","0.00000"
"all-available","Asia/Taipei","BTCUSDT","BTC-260816-62500-C","2026-08-16","62500","CALL","1h","2026-08-16 07:00:00","2026-08-16 15:00:00","625.000","625.000","625.000","625.000","0.00","2026-08-16 07:59:59","2026-08-16 15:59:59","0.00000","0","0.00","0.00000"
"all-available","Asia/Taipei","BTCUSDT","BTC-260816-62500-P","2026-08-16","62500","PUT","1h","2026-08-13 08:00:00","2026-08-13 16:00:00","110.000","110.000","105.000","110.000","0.72","2026-08-13 08:59:59","2026-08-13 16:59:59","79.15000","6","0.02","2.20000"
"all-available","Asia/Taipei","BTCUSDT","BTC-260816-62500-P","2026-08-16","62500","PUT","1h","2026-08-13 09:00:00","2026-08-13 17:00:00","120.000","125.000","120.000","120.000","0.45","2026-08-13 09:59:59","2026-08-13 17:59:59","54.10000","3","0.00","0.00000"
"all-available","Asia/Taipei","BTCUSDT","BTC-260816-62500-P","2026-08-16","62500","PUT","1h","2026-08-13 10:00:00","2026-08-13 18:00:00","130.000","130.000","130.000","130.000","0.01","2026-08-13 10:59:59","2026-08-13 18:59:59","1.30000","1","0.00","0.00000"
"all-available","Asia/Taipei","BTCUSDT","BTC-260816-62500-P","2026-08-16","62500","PUT","1h","2026-08-13 11:00:00","2026-08-13 19:00:00","190.000","190.000","190.000","190.000","1.41","2026-08-13 11:59:59","2026-08-13 19:59:59","267.90000","6","0.00","0.00000"
"all-available","Asia/Taipei","BTCUSDT","BTC-260816-62500-P","2026-08-16","62500","PUT","1h","2026-08-13 12:00:00","2026-08-13 20:00:00","155.000","155.000","155.000","155.000","15.35","2026-08-13 12:59:59","2026-08-13 20:59:59","2379.25000","1","0.00","0.00000"
"all-available","Asia/Taipei","BTCUSDT","BTC-260816-62500-P","2026-08-16","62500","PUT","1h","2026-08-13 13:00:00","2026-08-13 21:00:00","115.000","115.000","105.000","105.000","5.95","2026-08-13 13:59:59","2026-08-13 21:59:59","626.75000","3","5.95","626.75000"
"all-available","Asia/Taipei","BTCUSDT","BTC-260816-62500-P","2026-08-16","62500","PUT","1h","2026-08-13 14:00:00","2026-08-13 22:00:00","110.000","110.000","95.000","95.000","0.32","2026-08-13 14:59:59","2026-08-13 22:59:59","30.55000","3","0.32","30.55000"
"all-available","Asia/Taipei","BTCUSDT","BTC-260816-62500-P","2026-08-16","62500","PUT","1h","2026-08-13 15:00:00","2026-08-13 23:00:00","80.000","135.000","80.000","135.000","0.15","2026-08-13 15:59:59","2026-08-13 23:59:59","16.50000","4","0.00","0.00000"
"all-available","Asia/Taipei","BTCUSDT","BTC-260816-62500-P","2026-08-16","62500","PUT","1h","2026-08-13 16:00:00","2026-08-14 00:00:00","160.000","325.000","155.000","250.000","3.79","2026-08-13 16:59:59","2026-08-14 00:59:59","1089.30000","8","0.03","4.80000"
"all-available","Asia/Taipei","BTCUSDT","BTC-260816-62500-P","2026-08-16","62500","PUT","1h","2026-08-13 17:00:00","2026-08-14 01:00:00","250.000","250.000","250.000","250.000","0.00","2026-08-13 17:59:59","2026-08-14 01:59:59","0.00000","0","0.00","0.00000"
"all-available","Asia/Taipei","BTCUSDT","BTC-260816-62500-P","2026-08-16","62500","PUT","1h","2026-08-13 18:00:00","2026-08-14 02:00:00","250.000","250.000","250.000","250.000","0.00","2026-08-13 18:59:59","2026-08-14 02:59:59","0.00000","0","0.00","0.00000"
"all-available","Asia/Taipei","BTCUSDT","BTC-260816-62500-P","2026-08-16","62500","PUT","1h","2026-08-13 19:00:00","2026-08-14 03:00:00","250.000","250.000","250.000","250.000","0.00","2026-08-13 19:59:59","2026-08-14 03:59:59","0.00000","0","0.00","0.00000"
"all-available","Asia/Taipei","BTCUSDT","BTC-260816-62500-P","2026-08-16","62500","PUT","1h","2026-08-13 20:00:00","2026-08-14 04:00:00","250.000","250.000","250.000","250.000","0.00","2026-08-13 20:59:59","2026-08-14 04:59:59","0.00000","0","0.00","0.00000"
"all-available","Asia/Taipei","BTCUSDT","BTC-260816-62500-P","2026-08-16","62500","PUT","1h","2026-08-13 21:00:00","2026-08-14 05:00:00","250.000","250.000","250.000","250.000","0.00","2026-08-13 21:59:59","2026-08-14 05:59:59","0.00000","0","0.00","0.00000"
"all-available","Asia/Taipei","BTCUSDT","BTC-260816-62500-P","2026-08-16","62500","PUT","1h","2026-08-13 22:00:00","2026-08-14 06:00:00","95.000","95.000","90.000","90.000","0.48","2026-08-13 22:59:59","2026-08-14 06:59:59","43.65000","2","0.00","0.00000"
"all-available","Asia/Taipei","BTCUSDT","BTC-260816-62500-P","2026-08-16","62500","PUT","1h","2026-08-13 23:00:00","2026-08-14 07:00:00","90.000","90.000","90.000","90.000","0.00","2026-08-13 23:59:59","2026-08-14 07:59:59","0.00000","0","0.00","0.00000"
"all-available","Asia/Taipei","BTCUSDT","BTC-260816-62500-P","2026-08-16","62500","PUT","1h","2026-08-14 00:00:00","2026-08-14 08:00:00","90.000","90.000","90.000","90.000","0.00","2026-08-14 00:59:59","2026-08-14 08:59:59","0.00000","0","0.00","0.00000"
"all-available","Asia/Taipei","BTCUSDT","BTC-260816-62500-P","2026-08-16","62500","PUT","1h","2026-08-14 01:00:00","2026-08-14 09:00:00","90.000","90.000","80.000","80.000","0.35","2026-08-14 01:59:59","2026-08-14 09:59:59","30.50000","2","0.00","0.00000"
"all-available","Asia/Taipei","BTCUSDT","BTC-260816-62500-P","2026-08-16","62500","PUT","1h","2026-08-14 02:00:00","2026-08-14 10:00:00","80.000","80.000","75.000","75.000","0.09","2026-08-14 02:59:59","2026-08-14 10:59:59","6.80000","2","0.01","0.80000"
"all-available","Asia/Taipei","BTCUSDT","BTC-260816-62500-P","2026-08-16","62500","PUT","1h","2026-08-14 03:00:00","2026-08-14 11:00:00","80.000","85.000","75.000","75.000","0.11","2026-08-14 03:59:59","2026-08-14 11:59:59","8.55000","3","0.00","0.00000"
"all-available","Asia/Taipei","BTCUSDT","BTC-260816-62500-P","2026-08-16","62500","PUT","1h","2026-08-14 04:00:00","2026-08-14 12:00:00","90.000","90.000","90.000","90.000","0.01","2026-08-14 04:59:59","2026-08-14 12:59:59","0.90000","1","0.00","0.00000"
"all-available","Asia/Taipei","BTCUSDT","BTC-260816-62500-P","2026-08-16","62500","PUT","1h","2026-08-14 05:00:00","2026-08-14 13:00:00","105.000","105.000","100.000","100.000","0.08","2026-08-14 05:59:59","2026-08-14 13:59:59","8.20000","2","0.00","0.00000"
"all-available","Asia/Taipei","BTCUSDT","BTC-260816-62500-P","2026-08-16","62500","PUT","1h","2026-08-14 06:00:00","2026-08-14 14:00:00","110.000","140.000","110.000","140.000","0.58","2026-08-14 06:59:59","2026-08-14 14:59:59","76.25000","4","0.04","5.60000"
"all-available","Asia/Taipei","BTCUSDT","BTC-260816-62500-P","2026-08-16","62500","PUT","1h","2026-08-14 07:00:00","2026-08-14 15:00:00","185.000","200.000","185.000","200.000","1.22","2026-08-14 07:59:59","2026-08-14 15:59:59","233.20000","6","0.50","100.00000"
"all-available","Asia/Taipei","BTCUSDT","BTC-260816-62500-P","2026-08-16","62500","PUT","1h","2026-08-14 08:00:00","2026-08-14 16:00:00","235.000","295.000","225.000","295.000","0.81","2026-08-14 08:59:59","2026-08-14 16:59:59","199.95000","7","0.30","83.10000"
"all-available","Asia/Taipei","BTCUSDT","BTC-260816-62500-P","2026-08-16","62500","PUT","1h","2026-08-14 09:00:00","2026-08-14 17:00:00","215.000","240.000","215.000","235.000","1.72","2026-08-14 09:59:59","2026-08-14 17:59:59","384.10000","6","1.72","384.10000"
"all-available","Asia/Taipei","BTCUSDT","BTC-260816-62500-P","2026-08-16","62500","PUT","1h","2026-08-14 10:00:00","2026-08-14 18:00:00","225.000","225.000","190.000","190.000","0.40","2026-08-14 10:59:59","2026-08-14 18:59:59","83.00000","6","0.00","0.00000"
"all-available","Asia/Taipei","BTCUSDT","BTC-260816-62500-P","2026-08-16","62500","PUT","1h","2026-08-14 11:00:00","2026-08-14 19:00:00","215.000","215.000","185.000","190.000","0.37","2026-08-14 11:59:59","2026-08-14 19:59:59","69.80000","6","0.00","0.00000"
"all-available","Asia/Taipei","BTCUSDT","BTC-260816-62500-P","2026-08-16","62500","PUT","1h","2026-08-14 12:00:00","2026-08-14 20:00:00","225.000","240.000","210.000","240.000","0.52","2026-08-14 12:59:59","2026-08-14 20:59:59","111.45000","4","0.52","111.45000"
"all-available","Asia/Taipei","BTCUSDT","BTC-260816-62500-P","2026-08-16","62500","PUT","1h","2026-08-14 13:00:00","2026-08-14 21:00:00","260.000","305.000","240.000","255.000","4.46","2026-08-14 13:59:59","2026-08-14 21:59:59","1285.95000","13","4.24","1232.10000"
"all-available","Asia/Taipei","BTCUSDT","BTC-260816-62500-P","2026-08-16","62500","PUT","1h","2026-08-14 14:00:00","2026-08-14 22:00:00","290.000","305.000","215.000","265.000","1.23","2026-08-14 14:59:59","2026-08-14 22:59:59","309.70000","16","0.62","177.30000"
"all-available","Asia/Taipei","BTCUSDT","BTC-260816-62500-P","2026-08-16","62500","PUT","1h","2026-08-14 15:00:00","2026-08-14 23:00:00","260.000","260.000","170.000","170.000","3.00","2026-08-14 15:59:59","2026-08-14 23:59:59","649.00000","31","0.00","0.00000"
"all-available","Asia/Taipei","BTCUSDT","BTC-260816-62500-P","2026-08-16","62500","PUT","1h","2026-08-14 16:00:00","2026-08-15 00:00:00","100.000","100.000","80.000","80.000","4.15","2026-08-14 16:59:59","2026-08-15 00:59:59","382.50000","17","3.15","287.50000"
"all-available","Asia/Taipei","BTCUSDT","BTC-260816-62500-P","2026-08-16","62500","PUT","1h","2026-08-14 17:00:00","2026-08-15 01:00:00","70.000","70.000","70.000","70.000","0.64","2026-08-14 17:59:59","2026-08-15 01:59:59","44.80000","6","0.00","0.00000"
"all-available","Asia/Taipei","BTCUSDT","BTC-260816-62500-P","2026-08-16","62500","PUT","1h","2026-08-14 18:00:00","2026-08-15 02:00:00","75.000","75.000","55.000","65.000","0.76","2026-08-14 18:59:59","2026-08-15 02:59:59","53.70000","4","0.23","14.95000"
"all-available","Asia/Taipei","BTCUSDT","BTC-260816-62500-P","2026-08-16","62500","PUT","1h","2026-08-14 19:00:00","2026-08-15 03:00:00","75.000","75.000","60.000","60.000","6.72","2026-08-14 19:59:59","2026-08-15 03:59:59","438.70000","10","2.12","140.70000"
"all-available","Asia/Taipei","BTCUSDT","BTC-260816-62500-P","2026-08-16","62500","PUT","1h","2026-08-14 20:00:00","2026-08-15 04:00:00","60.000","60.000","55.000","60.000","7.26","2026-08-14 20:59:59","2026-08-15 04:59:59","400.50000","7","0.16","9.50000"
"all-available","Asia/Taipei","BTCUSDT","BTC-260816-62500-P","2026-08-16","62500","PUT","1h","2026-08-14 21:00:00","2026-08-15 05:00:00","60.000","60.000","60.000","60.000","1.47","2026-08-14 21:59:59","2026-08-15 05:59:59","88.20000","3","1.47","88.20000"
"all-available","Asia/Taipei","BTCUSDT","BTC-260816-62500-P","2026-08-16","62500","PUT","1h","2026-08-14 22:00:00","2026-08-15 06:00:00","65.000","65.000","65.000","65.000","0.04","2026-08-14 22:59:59","2026-08-15 06:59:59","2.60000","1","0.04","2.60000"
"all-available","Asia/Taipei","BTCUSDT","BTC-260816-62500-P","2026-08-16","62500","PUT","1h","2026-08-14 23:00:00","2026-08-15 07:00:00","50.000","50.000","40.000","40.000","2.11","2026-08-14 23:59:59","2026-08-15 07:59:59","105.10000","4","2.07","103.50000"
"all-available","Asia/Taipei","BTCUSDT","BTC-260816-62500-P","2026-08-16","62500","PUT","1h","2026-08-15 00:00:00","2026-08-15 08:00:00","30.000","30.000","25.000","25.000","69.41","2026-08-15 00:59:59","2026-08-15 08:59:59","2063.30000","27","63.05","1891.50000"
"all-available","Asia/Taipei","BTCUSDT","BTC-260816-62500-P","2026-08-16","62500","PUT","1h","2026-08-15 01:00:00","2026-08-15 09:00:00","25.000","25.000","25.000","25.000","0.70","2026-08-15 01:59:59","2026-08-15 09:59:59","17.50000","1","0.70","17.50000"
"all-available","Asia/Taipei","BTCUSDT","BTC-260816-62500-P","2026-08-16","62500","PUT","1h","2026-08-15 02:00:00","2026-08-15 10:00:00","20.000","20.000","20.000","20.000","1.00","2026-08-15 02:59:59","2026-08-15 10:59:59","20.00000","1","1.00","20.00000"
"all-available","Asia/Taipei","BTCUSDT","BTC-260816-62500-P","2026-08-16","62500","PUT","1h","2026-08-15 03:00:00","2026-08-15 11:00:00","25.000","25.000","25.000","25.000","37.00","2026-08-15 03:59:59","2026-08-15 11:59:59","925.00000","2","37.00","925.00000"
"all-available","Asia/Taipei","BTCUSDT","BTC-260816-62500-P","2026-08-16","62500","PUT","1h","2026-08-15 04:00:00","2026-08-15 12:00:00","30.000","30.000","25.000","25.000","2.53","2026-08-15 04:59:59","2026-08-15 12:59:59","64.75000","3","0.30","9.00000"
"all-available","Asia/Taipei","BTCUSDT","BTC-260816-62500-P","2026-08-16","62500","PUT","1h","2026-08-15 05:00:00","2026-08-15 13:00:00","20.000","25.000","20.000","25.000","50.95","2026-08-15 05:59:59","2026-08-15 13:59:59","1186.95000","16","50.95","1186.95000"
"all-available","Asia/Taipei","BTCUSDT","BTC-260816-62500-P","2026-08-16","62500","PUT","1h","2026-08-15 06:00:00","2026-08-15 14:00:00","30.000","35.000","30.000","30.000","4.24","2026-08-15 06:59:59","2026-08-15 14:59:59","127.40000","8","3.43","103.10000"
"all-available","Asia/Taipei","BTCUSDT","BTC-260816-62500-P","2026-08-16","62500","PUT","1h","2026-08-15 07:00:00","2026-08-15 15:00:00","25.000","30.000","25.000","30.000","43.69","2026-08-15 07:59:59","2026-08-15 15:59:59","1308.00000","14","43.15","1294.50000"
"all-available","Asia/Taipei","BTCUSDT","BTC-260816-62500-P","2026-08-16","62500","PUT","1h","2026-08-15 08:00:00","2026-08-15 16:00:00","30.000","40.000","25.000","35.000","10.85","2026-08-15 08:59:59","2026-08-15 16:59:59","353.15000","16","10.35","339.15000"
"all-available","Asia/Taipei","BTCUSDT","BTC-260816-62500-P","2026-08-16","62500","PUT","1h","2026-08-15 09:00:00","2026-08-15 17:00:00","45.000","45.000","35.000","35.000","8.47","2026-08-15 09:59:59","2026-08-15 17:59:59","358.95000","6","6.20","279.00000"
"all-available","Asia/Taipei","BTCUSDT","BTC-260816-62500-P","2026-08-16","62500","PUT","1h","2026-08-15 10:00:00","2026-08-15 18:00:00","30.000","30.000","30.000","30.000","2.02","2026-08-15 10:59:59","2026-08-15 18:59:59","60.60000","1","0.00","0.00000"
"all-available","Asia/Taipei","BTCUSDT","BTC-260816-62500-P","2026-08-16","62500","PUT","1h","2026-08-15 11:00:00","2026-08-15 19:00:00","25.000","35.000","25.000","30.000","25.33","2026-08-15 11:59:59","2026-08-15 19:59:59","769.45000","26","12.07","397.20000"
"all-available","Asia/Taipei","BTCUSDT","BTC-260816-62500-P","2026-08-16","62500","PUT","1h","2026-08-15 12:00:00","2026-08-15 20:00:00","40.000","40.000","30.000","30.000","0.18","2026-08-15 12:59:59","2026-08-15 20:59:59","6.50000","4","0.12","4.70000"
"all-available","Asia/Taipei","BTCUSDT","BTC-260816-62500-P","2026-08-16","62500","PUT","1h","2026-08-15 13:00:00","2026-08-15 21:00:00","25.000","30.000","25.000","25.000","5.52","2026-08-15 13:59:59","2026-08-15 21:59:59","138.55000","7","0.11","3.30000"
"all-available","Asia/Taipei","BTCUSDT","BTC-260816-62500-P","2026-08-16","62500","PUT","1h","2026-08-15 14:00:00","2026-08-15 22:00:00","30.000","30.000","25.000","30.000","15.83","2026-08-15 14:59:59","2026-08-15 22:59:59","470.75000","8","15.00","450.00000"
"all-available","Asia/Taipei","BTCUSDT","BTC-260816-62500-P","2026-08-16","62500","PUT","1h","2026-08-15 15:00:00","2026-08-15 23:00:00","25.000","25.000","15.000","20.000","4.94","2026-08-15 15:59:59","2026-08-15 23:59:59","102.65000","8","2.50","62.00000"
"all-available","Asia/Taipei","BTCUSDT","BTC-260816-62500-P","2026-08-16","62500","PUT","1h","2026-08-15 16:00:00","2026-08-16 00:00:00","20.000","20.000","20.000","20.000","0.05","2026-08-15 16:59:59","2026-08-16 00:59:59","1.00000","1","0.05","1.00000"
"all-available","Asia/Taipei","BTCUSDT","BTC-260816-62500-P","2026-08-16","62500","PUT","1h","2026-08-15 17:00:00","2026-08-16 01:00:00","20.000","20.000","15.000","15.000","2.33","2026-08-15 17:59:59","2026-08-16 01:59:59","35.20000","7","2.33","35.20000"
"all-available","Asia/Taipei","BTCUSDT","BTC-260816-62500-P","2026-08-16","62500","PUT","1h","2026-08-15 18:00:00","2026-08-16 02:00:00","10.000","15.000","10.000","15.000","0.13","2026-08-15 18:59:59","2026-08-16 02:59:59","1.85000","2","0.11","1.65000"
"all-available","Asia/Taipei","BTCUSDT","BTC-260816-62500-P","2026-08-16","62500","PUT","1h","2026-08-15 19:00:00","2026-08-16 03:00:00","10.000","10.000","10.000","10.000","18.11","2026-08-15 19:59:59","2026-08-16 03:59:59","181.10000","8","0.00","0.00000"
"all-available","Asia/Taipei","BTCUSDT","BTC-260816-62500-P","2026-08-16","62500","PUT","1h","2026-08-15 20:00:00","2026-08-16 04:00:00","15.000","15.000","10.000","15.000","47.17","2026-08-15 20:59:59","2026-08-16 04:59:59","702.55000","17","46.17","692.55000"
"all-available","Asia/Taipei","BTCUSDT","BTC-260816-62500-P","2026-08-16","62500","PUT","1h","2026-08-15 21:00:00","2026-08-16 05:00:00","15.000","15.000","15.000","15.000","0.00","2026-08-15 21:59:59","2026-08-16 05:59:59","0.00000","0","0.00","0.00000"
"all-available","Asia/Taipei","BTCUSDT","BTC-260816-62500-P","2026-08-16","62500","PUT","1h","2026-08-15 22:00:00","2026-08-16 06:00:00","10.000","10.000","5.000","5.000","13.90","2026-08-15 22:59:59","2026-08-16 06:59:59","72.00000","27","0.50","5.00000"
"all-available","Asia/Taipei","BTCUSDT","BTC-260816-62500-P","2026-08-16","62500","PUT","1h","2026-08-15 23:00:00","2026-08-16 07:00:00","5.000","5.000","5.000","5.000","0.00","2026-08-15 23:59:59","2026-08-16 07:59:59","0.00000","0","0.00","0.00000"
"all-available","Asia/Taipei","BTCUSDT","BTC-260816-62500-P","2026-08-16","62500","PUT","1h","2026-08-16 00:00:00","2026-08-16 08:00:00","5.000","5.000","5.000","5.000","11.19","2026-08-16 00:59:59","2026-08-16 08:59:59","55.95000","6","0.00","0.00000"
"all-available","Asia/Taipei","BTCUSDT","BTC-260816-62500-P","2026-08-16","62500","PUT","1h","2026-08-16 01:00:00","2026-08-16 09:00:00","5.000","5.000","5.000","5.000","0.30","2026-08-16 01:59:59","2026-08-16 09:59:59","1.50000","1","0.30","1.50000"
"all-available","Asia/Taipei","BTCUSDT","BTC-260816-62500-P","2026-08-16","62500","PUT","1h","2026-08-16 02:00:00","2026-08-16 10:00:00","5.000","5.000","5.000","5.000","2.57","2026-08-16 02:59:59","2026-08-16 10:59:59","12.85000","1","2.57","12.85000"
"all-available","Asia/Taipei","BTCUSDT","BTC-260816-62500-P","2026-08-16","62500","PUT","1h","2026-08-16 03:00:00","2026-08-16 11:00:00","5.000","5.000","5.000","5.000","0.00","2026-08-16 03:59:59","2026-08-16 11:59:59","0.00000","0","0.00","0.00000"
"all-available","Asia/Taipei","BTCUSDT","BTC-260816-62500-P","2026-08-16","62500","PUT","1h","2026-08-16 04:00:00","2026-08-16 12:00:00","5.000","5.000","5.000","5.000","0.10","2026-08-16 04:59:59","2026-08-16 12:59:59","0.50000","1","0.10","0.50000"
"all-available","Asia/Taipei","BTCUSDT","BTC-260816-62500-P","2026-08-16","62500","PUT","1h","2026-08-16 05:00:00","2026-08-16 13:00:00","5.000","5.000","5.000","5.000","0.57","2026-08-16 05:59:59","2026-08-16 13:59:59","2.85000","1","0.57","2.85000"
"all-available","Asia/Taipei","BTCUSDT","BTC-260816-62500-P","2026-08-16","62500","PUT","1h","2026-08-16 06:00:00","2026-08-16 14:00:00","5.000","5.000","5.000","5.000","0.01","2026-08-16 06:59:59","2026-08-16 14:59:59","0.05000","1","0.01","0.05000"
"all-available","Asia/Taipei","BTCUSDT","BTC-260816-62500-P","2026-08-16","62500","PUT","1h","2026-08-16 07:00:00","2026-08-16 15:00:00","5.000","5.000","5.000","5.000","0.08","2026-08-16 07:59:59","2026-08-16 15:59:59","0.40000","4","0.08","0.40000"
"all-available","Asia/Taipei","BTCUSDT","BTC-260816-63000-C","2026-08-16","63000","CALL","1h","2026-08-13 16:00:00","2026-08-14 00:00:00","620.000","620.000","620.000","620.000","3.74","2026-08-13 16:59:59","2026-08-14 00:59:59","2318.80000","1","0.00","0.00000"
"all-available","Asia/Taipei","BTCUSDT","BTC-260816-63000-C","2026-08-16","63000","CALL","1h","2026-08-13 17:00:00","2026-08-14 01:00:00","560.000","595.000","560.000","595.000","1.02","2026-08-13 17:59:59","2026-08-14 01:59:59","606.20000","3","1.02","606.20000"
"all-available","Asia/Taipei","BTCUSDT","BTC-260816-63000-C","2026-08-16","63000","CALL","1h","2026-08-13 18:00:00","2026-08-14 02:00:00","595.000","595.000","595.000","595.000","0.00","2026-08-13 18:59:59","2026-08-14 02:59:59","0.00000","0","0.00","0.00000"
"all-available","Asia/Taipei","BTCUSDT","BTC-260816-63000-C","2026-08-16","63000","CALL","1h","2026-08-13 19:00:00","2026-08-14 03:00:00","595.000","595.000","595.000","595.000","0.00","2026-08-13 19:59:59","2026-08-14 03:59:59","0.00000","0","0.00","0.00000"
"all-available","Asia/Taipei","BTCUSDT","BTC-260816-63000-C","2026-08-16","63000","CALL","1h","2026-08-13 20:00:00","2026-08-14 04:00:00","595.000","595.000","595.000","595.000","0.00","2026-08-13 20:59:59","2026-08-14 04:59:59","0.00000","0","0.00","0.00000"
"all-available","Asia/Taipei","BTCUSDT","BTC-260816-63000-C","2026-08-16","63000","CALL","1h","2026-08-13 21:00:00","2026-08-14 05:00:00","595.000","595.000","595.000","595.000","0.00","2026-08-13 21:59:59","2026-08-14 05:59:59","0.00000","0","0.00","0.00000"
"all-available","Asia/Taipei","BTCUSDT","BTC-260816-63000-C","2026-08-16","63000","CALL","1h","2026-08-13 22:00:00","2026-08-14 06:00:00","595.000","595.000","595.000","595.000","0.00","2026-08-13 22:59:59","2026-08-14 06:59:59","0.00000","0","0.00","0.00000"
"all-available","Asia/Taipei","BTCUSDT","BTC-260816-63000-C","2026-08-16","63000","CALL","1h","2026-08-13 23:00:00","2026-08-14 07:00:00","595.000","595.000","595.000","595.000","0.00","2026-08-13 23:59:59","2026-08-14 07:59:59","0.00000","0","0.00","0.00000"
"all-available","Asia/Taipei","BTCUSDT","BTC-260816-63000-C","2026-08-16","63000","CALL","1h","2026-08-14 00:00:00","2026-08-14 08:00:00","595.000","595.000","595.000","595.000","0.00","2026-08-14 00:59:59","2026-08-14 08:59:59","0.00000","0","0.00","0.00000"
"all-available","Asia/Taipei","BTCUSDT","BTC-260816-63000-C","2026-08-16","63000","CALL","1h","2026-08-14 01:00:00","2026-08-14 09:00:00","595.000","595.000","595.000","595.000","0.00","2026-08-14 01:59:59","2026-08-14 09:59:59","0.00000","0","0.00","0.00000"
"all-available","Asia/Taipei","BTCUSDT","BTC-260816-63000-C","2026-08-16","63000","CALL","1h","2026-08-14 02:00:00","2026-08-14 10:00:00","595.000","595.000","595.000","595.000","0.00","2026-08-14 02:59:59","2026-08-14 10:59:59","0.00000","0","0.00","0.00000"
"all-available","Asia/Taipei","BTCUSDT","BTC-260816-63000-C","2026-08-16","63000","CALL","1h","2026-08-14 03:00:00","2026-08-14 11:00:00","595.000","595.000","595.000","595.000","0.00","2026-08-14 03:59:59","2026-08-14 11:59:59","0.00000","0","0.00","0.00000"
"all-available","Asia/Taipei","BTCUSDT","BTC-260816-63000-C","2026-08-16","63000","CALL","1h","2026-08-14 04:00:00","2026-08-14 12:00:00","595.000","595.000","595.000","595.000","0.00","2026-08-14 04:59:59","2026-08-14 12:59:59","0.00000","0","0.00","0.00000"
"all-available","Asia/Taipei","BTCUSDT","BTC-260816-63000-C","2026-08-16","63000","CALL","1h","2026-08-14 05:00:00","2026-08-14 13:00:00","595.000","595.000","595.000","595.000","0.00","2026-08-14 05:59:59","2026-08-14 13:59:59","0.00000","0","0.00","0.00000"
"all-available","Asia/Taipei","BTCUSDT","BTC-260816-63000-C","2026-08-16","63000","CALL","1h","2026-08-14 06:00:00","2026-08-14 14:00:00","490.000","490.000","475.000","475.000","0.60","2026-08-14 06:59:59","2026-08-14 14:59:59","292.50000","2","0.50","245.00000"
"all-available","Asia/Taipei","BTCUSDT","BTC-260816-63000-C","2026-08-16","63000","CALL","1h","2026-08-14 07:00:00","2026-08-14 15:00:00","455.000","460.000","385.000","395.000","1.27","2026-08-14 07:59:59","2026-08-14 15:59:59","570.25000","7","0.00","0.00000"
"all-available","Asia/Taipei","BTCUSDT","BTC-260816-63000-C","2026-08-16","63000","CALL","1h","2026-08-14 08:00:00","2026-08-14 16:00:00","395.000","395.000","315.000","315.000","0.20","2026-08-14 08:59:59","2026-08-14 16:59:59","69.45000","4","0.03","11.85000"
"all-available","Asia/Taipei","BTCUSDT","BTC-260816-63000-C","2026-08-16","63000","CALL","1h","2026-08-14 09:00:00","2026-08-14 17:00:00","280.000","280.000","280.000","280.000","0.08","2026-08-14 09:59:59","2026-08-14 17:59:59","22.40000","1","0.00","0.00000"
"all-available","Asia/Taipei","BTCUSDT","BTC-260816-63000-C","2026-08-16","63000","CALL","1h","2026-08-14 10:00:00","2026-08-14 18:00:00","325.000","325.000","325.000","325.000","0.07","2026-08-14 10:59:59","2026-08-14 18:59:59","22.75000","1","0.00","0.00000"
"all-available","Asia/Taipei","BTCUSDT","BTC-260816-63000-C","2026-08-16","63000","CALL","1h","2026-08-14 11:00:00","2026-08-14 19:00:00","275.000","320.000","275.000","320.000","1.17","2026-08-14 11:59:59","2026-08-14 19:59:59","356.80000","17","0.33","96.95000"
"all-available","Asia/Taipei","BTCUSDT","BTC-260816-63000-C","2026-08-16","63000","CALL","1h","2026-08-14 12:00:00","2026-08-14 20:00:00","315.000","315.000","290.000","290.000","0.15","2026-08-14 12:59:59","2026-08-14 20:59:59","46.75000","2","0.02","5.80000"
"all-available","Asia/Taipei","BTCUSDT","BTC-260816-63000-C","2026-08-16","63000","CALL","1h","2026-08-14 13:00:00","2026-08-14 21:00:00","230.000","240.000","205.000","205.000","1.90","2026-08-14 13:59:59","2026-08-14 21:59:59","429.20000","8","1.90","429.20000"
"all-available","Asia/Taipei","BTCUSDT","BTC-260816-63000-C","2026-08-16","63000","CALL","1h","2026-08-14 14:00:00","2026-08-14 22:00:00","195.000","195.000","195.000","195.000","0.09","2026-08-14 14:59:59","2026-08-14 22:59:59","17.55000","2","0.09","17.55000"
"all-available","Asia/Taipei","BTCUSDT","BTC-260816-63000-C","2026-08-16","63000","CALL","1h","2026-08-14 15:00:00","2026-08-14 23:00:00","205.000","350.000","205.000","350.000","0.69","2026-08-14 15:59:59","2026-08-14 23:59:59","143.45000","4","0.61","126.50000"
"all-available","Asia/Taipei","BTCUSDT","BTC-260816-63000-C","2026-08-16","63000","CALL","1h","2026-08-14 16:00:00","2026-08-15 00:00:00","360.000","385.000","340.000","370.000","0.42","2026-08-14 16:59:59","2026-08-15 00:59:59","146.05000","4","0.08","28.80000"
"all-available","Asia/Taipei","BTCUSDT","BTC-260816-63000-C","2026-08-16","63000","CALL","1h","2026-08-14 17:00:00","2026-08-15 01:00:00","415.000","415.000","260.000","260.000","3.24","2026-08-14 17:59:59","2026-08-15 01:59:59","1007.90000","10","2.41","685.60000"
"all-available","Asia/Taipei","BTCUSDT","BTC-260816-63000-C","2026-08-16","63000","CALL","1h","2026-08-14 18:00:00","2026-08-15 02:00:00","255.000","255.000","205.000","205.000","8.01","2026-08-14 18:59:59","2026-08-15 02:59:59","1842.40000","3","8.01","1842.40000"
"all-available","Asia/Taipei","BTCUSDT","BTC-260816-63000-C","2026-08-16","63000","CALL","1h","2026-08-14 19:00:00","2026-08-15 03:00:00","140.000","190.000","135.000","190.000","3.63","2026-08-14 19:59:59","2026-08-15 03:59:59","512.20000","4","3.03","410.20000"
"all-available","Asia/Taipei","BTCUSDT","BTC-260816-63000-C","2026-08-16","63000","CALL","1h","2026-08-14 20:00:00","2026-08-15 04:00:00","195.000","195.000","195.000","195.000","0.21","2026-08-14 20:59:59","2026-08-15 04:59:59","40.95000","2","0.01","1.95000"
"all-available","Asia/Taipei","BTCUSDT","BTC-260816-63000-C","2026-08-16","63000","CALL","1h","2026-08-14 21:00:00","2026-08-15 05:00:00","140.000","140.000","130.000","130.000","4.22","2026-08-14 21:59:59","2026-08-15 05:59:59","588.60000","3","4.22","588.60000"
"all-available","Asia/Taipei","BTCUSDT","BTC-260816-63000-C","2026-08-16","63000","CALL","1h","2026-08-14 22:00:00","2026-08-15 06:00:00","150.000","150.000","125.000","125.000","3.15","2026-08-14 22:59:59","2026-08-15 06:59:59","416.50000","5","0.25","37.50000"
"all-available","Asia/Taipei","BTCUSDT","BTC-260816-63000-C","2026-08-16","63000","CALL","1h","2026-08-14 23:00:00","2026-08-15 07:00:00","120.000","205.000","120.000","195.000","1.61","2026-08-14 23:59:59","2026-08-15 07:59:59","230.75000","7","1.25","158.75000"
"all-available","Asia/Taipei","BTCUSDT","BTC-260816-63000-C","2026-08-16","63000","CALL","1h","2026-08-15 00:00:00","2026-08-15 08:00:00","195.000","195.000","110.000","115.000","3.12","2026-08-15 00:59:59","2026-08-15 08:59:59","446.90000","36","0.97","136.60000"
"all-available","Asia/Taipei","BTCUSDT","BTC-260816-63000-C","2026-08-16","63000","CALL","1h","2026-08-15 01:00:00","2026-08-15 09:00:00","120.000","130.000","100.000","105.000","1.15","2026-08-15 01:59:59","2026-08-15 09:59:59","125.35000","32","0.18","21.50000"
"all-available","Asia/Taipei","BTCUSDT","BTC-260816-63000-C","2026-08-16","63000","CALL","1h","2026-08-15 02:00:00","2026-08-15 10:00:00","200.000","220.000","200.000","220.000","1.59","2026-08-15 02:59:59","2026-08-15 10:59:59","349.60000","2","1.59","349.60000"
"all-available","Asia/Taipei","BTCUSDT","BTC-260816-63000-C","2026-08-16","63000","CALL","1h","2026-08-15 03:00:00","2026-08-15 11:00:00","175.000","175.000","170.000","170.000","0.17","2026-08-15 03:59:59","2026-08-15 11:59:59","29.65000","2","0.17","29.65000"
"all-available","Asia/Taipei","BTCUSDT","BTC-260816-63000-C","2026-08-16","63000","CALL","1h","2026-08-15 04:00:00","2026-08-15 12:00:00","220.000","220.000","220.000","220.000","0.02","2026-08-15 04:59:59","2026-08-15 12:59:59","4.40000","2","0.00","0.00000"
"all-available","Asia/Taipei","BTCUSDT","BTC-260816-63000-C","2026-08-16","63000","CALL","1h","2026-08-15 05:00:00","2026-08-15 13:00:00","195.000","195.000","195.000","195.000","0.69","2026-08-15 05:59:59","2026-08-15 13:59:59","134.55000","2","0.69","134.55000"
"all-available","Asia/Taipei","BTCUSDT","BTC-260816-63000-C","2026-08-16","63000","CALL","1h","2026-08-15 06:00:00","2026-08-15 14:00:00","195.000","195.000","195.000","195.000","0.01","2026-08-15 06:59:59","2026-08-15 14:59:59","1.95000","1","0.01","1.95000"
"all-available","Asia/Taipei","BTCUSDT","BTC-260816-63000-C","2026-08-16","63000","CALL","1h","2026-08-15 07:00:00","2026-08-15 15:00:00","195.000","195.000","195.000","195.000","0.00","2026-08-15 07:59:59","2026-08-15 15:59:59","0.00000","0","0.00","0.00000"
"all-available","Asia/Taipei","BTCUSDT","BTC-260816-63000-C","2026-08-16","63000","CALL","1h","2026-08-15 08:00:00","2026-08-15 16:00:00","205.000","205.000","175.000","180.000","8.19","2026-08-15 08:59:59","2026-08-15 16:59:59","1552.60000","13","0.52","93.85000"
"all-available","Asia/Taipei","BTCUSDT","BTC-260816-63000-C","2026-08-16","63000","CALL","1h","2026-08-15 09:00:00","2026-08-15 17:00:00","135.000","165.000","135.000","165.000","0.22","2026-08-15 09:59:59","2026-08-15 17:59:59","35.90000","9","0.15","24.35000"
"all-available","Asia/Taipei","BTCUSDT","BTC-260816-63000-C","2026-08-16","63000","CALL","1h","2026-08-15 10:00:00","2026-08-15 18:00:00","175.000","175.000","175.000","175.000","0.26","2026-08-15 10:59:59","2026-08-15 18:59:59","45.50000","4","0.00","0.00000"
"all-available","Asia/Taipei","BTCUSDT","BTC-260816-63000-C","2026-08-16","63000","CALL","1h","2026-08-15 11:00:00","2026-08-15 19:00:00","175.000","185.000","170.000","185.000","0.23","2026-08-15 11:59:59","2026-08-15 19:59:59","39.45000","4","0.19","32.30000"
"all-available","Asia/Taipei","BTCUSDT","BTC-260816-63000-C","2026-08-16","63000","CALL","1h","2026-08-15 12:00:00","2026-08-15 20:00:00","155.000","160.000","135.000","135.000","2.48","2026-08-15 12:59:59","2026-08-15 20:59:59","381.35000","9","0.48","71.35000"
"all-available","Asia/Taipei","BTCUSDT","BTC-260816-63000-C","2026-08-16","63000","CALL","1h","2026-08-15 13:00:00","2026-08-15 21:00:00","175.000","185.000","175.000","175.000","3.52","2026-08-15 13:59:59","2026-08-15 21:59:59","624.60000","13","1.76","316.60000"
"all-available","Asia/Taipei","BTCUSDT","BTC-260816-63000-C","2026-08-16","63000","CALL","1h","2026-08-15 14:00:00","2026-08-15 22:00:00","150.000","180.000","150.000","180.000","1.22","2026-08-15 14:59:59","2026-08-15 22:59:59","202.20000","37","0.09","15.95000"
"all-available","Asia/Taipei","BTCUSDT","BTC-260816-63000-C","2026-08-16","63000","CALL","1h","2026-08-15 15:00:00","2026-08-15 23:00:00","170.000","195.000","165.000","195.000","0.95","2026-08-15 15:59:59","2026-08-15 23:59:59","165.10000","29","0.25","42.70000"
"all-available","Asia/Taipei","BTCUSDT","BTC-260816-63000-C","2026-08-16","63000","CALL","1h","2026-08-15 16:00:00","2026-08-16 00:00:00","155.000","155.000","155.000","155.000","0.01","2026-08-15 16:59:59","2026-08-16 00:59:59","1.55000","1","0.01","1.55000"
"all-available","Asia/Taipei","BTCUSDT","BTC-260816-63000-C","2026-08-16","63000","CALL","1h","2026-08-15 17:00:00","2026-08-16 01:00:00","160.000","160.000","160.000","160.000","0.16","2026-08-15 17:59:59","2026-08-16 01:59:59","25.60000","6","0.00","0.00000"
"all-available","Asia/Taipei","BTCUSDT","BTC-260816-63000-C","2026-08-16","63000","CALL","1h","2026-08-15 18:00:00","2026-08-16 02:00:00","160.000","160.000","160.000","160.000","0.00","2026-08-15 18:59:59","2026-08-16 02:59:59","0.00000","0","0.00","0.00000"
"all-available","Asia/Taipei","BTCUSDT","BTC-260816-63000-C","2026-08-16","63000","CALL","1h","2026-08-15 19:00:00","2026-08-16 03:00:00","130.000","130.000","130.000","130.000","0.10","2026-08-15 19:59:59","2026-08-16 03:59:59","13.00000","1","0.10","13.00000"
"all-available","Asia/Taipei","BTCUSDT","BTC-260816-63000-C","2026-08-16","63000","CALL","1h","2026-08-15 20:00:00","2026-08-16 04:00:00","135.000","135.000","125.000","130.000","0.22","2026-08-15 20:59:59","2026-08-16 04:59:59","29.45000","4","0.22","29.45000"
"all-available","Asia/Taipei","BTCUSDT","BTC-260816-63000-C","2026-08-16","63000","CALL","1h","2026-08-15 21:00:00","2026-08-16 05:00:00","130.000","130.000","130.000","130.000","0.00","2026-08-15 21:59:59","2026-08-16 05:59:59","0.00000","0","0.00","0.00000"
"all-available","Asia/Taipei","BTCUSDT","BTC-260816-63000-C","2026-08-16","63000","CALL","1h","2026-08-15 22:00:00","2026-08-16 06:00:00","130.000","130.000","130.000","130.000","0.00","2026-08-15 22:59:59","2026-08-16 06:59:59","0.00000","0","0.00","0.00000"
"all-available","Asia/Taipei","BTCUSDT","BTC-260816-63000-C","2026-08-16","63000","CALL","1h","2026-08-15 23:00:00","2026-08-16 07:00:00","130.000","130.000","130.000","130.000","0.00","2026-08-15 23:59:59","2026-08-16 07:59:59","0.00000","0","0.00","0.00000"
"all-available","Asia/Taipei","BTCUSDT","BTC-260816-63000-C","2026-08-16","63000","CALL","1h","2026-08-16 00:00:00","2026-08-16 08:00:00","125.000","125.000","125.000","125.000","0.01","2026-08-16 00:59:59","2026-08-16 08:59:59","1.25000","1","0.00","0.00000"
"all-available","Asia/Taipei","BTCUSDT","BTC-260816-63000-C","2026-08-16","63000","CALL","1h","2026-08-16 01:00:00","2026-08-16 09:00:00","115.000","115.000","100.000","100.000","0.12","2026-08-16 01:59:59","2026-08-16 09:59:59","12.25000","5","0.00","0.00000"
"all-available","Asia/Taipei","BTCUSDT","BTC-260816-63000-C","2026-08-16","63000","CALL","1h","2026-08-16 02:00:00","2026-08-16 10:00:00","100.000","100.000","100.000","100.000","0.00","2026-08-16 02:59:59","2026-08-16 10:59:59","0.00000","0","0.00","0.00000"
"all-available","Asia/Taipei","BTCUSDT","BTC-260816-63000-C","2026-08-16","63000","CALL","1h","2026-08-16 03:00:00","2026-08-16 11:00:00","100.000","100.000","100.000","100.000","0.05","2026-08-16 03:59:59","2026-08-16 11:59:59","5.00000","1","0.05","5.00000"
"all-available","Asia/Taipei","BTCUSDT","BTC-260816-63000-C","2026-08-16","63000","CALL","1h","2026-08-16 04:00:00","2026-08-16 12:00:00","100.000","100.000","100.000","100.000","0.00","2026-08-16 04:59:59","2026-08-16 12:59:59","0.00000","0","0.00","0.00000"
"all-available","Asia/Taipei","BTCUSDT","BTC-260816-63000-C","2026-08-16","63000","CALL","1h","2026-08-16 05:00:00","2026-08-16 13:00:00","100.000","100.000","60.000","65.000","3.43","2026-08-16 05:59:59","2026-08-16 13:59:59","218.55000","188","3.42","217.55000"
"all-available","Asia/Taipei","BTCUSDT","BTC-260816-63000-C","2026-08-16","63000","CALL","1h","2026-08-16 06:00:00","2026-08-16 14:00:00","65.000","65.000","65.000","65.000","0.00","2026-08-16 06:59:59","2026-08-16 14:59:59","0.00000","0","0.00","0.00000"
"all-available","Asia/Taipei","BTCUSDT","BTC-260816-63000-C","2026-08-16","63000","CALL","1h","2026-08-16 07:00:00","2026-08-16 15:00:00","65.000","65.000","65.000","65.000","0.00","2026-08-16 07:59:59","2026-08-16 15:59:59","0.00000","0","0.00","0.00000"
"all-available","Asia/Taipei","BTCUSDT","BTC-260816-63000-P","2026-08-16","63000","PUT","1h","2026-08-13 08:00:00","2026-08-13 16:00:00","200.000","205.000","200.000","205.000","0.16","2026-08-13 08:59:59","2026-08-13 16:59:59","32.05000","3","0.01","2.05000"
"all-available","Asia/Taipei","BTCUSDT","BTC-260816-63000-P","2026-08-16","63000","PUT","1h","2026-08-13 09:00:00","2026-08-13 17:00:00","255.000","255.000","240.000","240.000","0.03","2026-08-13 09:59:59","2026-08-13 17:59:59","7.35000","2","0.00","0.00000"
"all-available","Asia/Taipei","BTCUSDT","BTC-260816-63000-P","2026-08-16","63000","PUT","1h","2026-08-13 10:00:00","2026-08-13 18:00:00","245.000","245.000","210.000","240.000","0.14","2026-08-13 10:59:59","2026-08-13 18:59:59","33.20000","4","0.10","24.50000"
"all-available","Asia/Taipei","BTCUSDT","BTC-260816-63000-P","2026-08-16","63000","PUT","1h","2026-08-13 11:00:00","2026-08-13 19:00:00","305.000","330.000","305.000","330.000","4.10","2026-08-13 11:59:59","2026-08-13 19:59:59","1350.50000","3","0.10","30.50000"
"all-available","Asia/Taipei","BTCUSDT","BTC-260816-63000-P","2026-08-16","63000","PUT","1h","2026-08-13 12:00:00","2026-08-13 20:00:00","270.000","295.000","270.000","295.000","0.18","2026-08-13 12:59:59","2026-08-13 20:59:59","51.10000","3","0.10","29.50000"
"all-available","Asia/Taipei","BTCUSDT","BTC-260816-63000-P","2026-08-16","63000","PUT","1h","2026-08-13 13:00:00","2026-08-13 21:00:00","190.000","200.000","190.000","200.000","0.64","2026-08-13 13:59:59","2026-08-13 21:59:59","127.80000","5","0.00","0.00000"
"all-available","Asia/Taipei","BTCUSDT","BTC-260816-63000-P","2026-08-16","63000","PUT","1h","2026-08-13 14:00:00","2026-08-13 22:00:00","185.000","185.000","155.000","155.000","0.77","2026-08-13 14:59:59","2026-08-13 22:59:59","131.35000","2","0.00","0.00000"
"all-available","Asia/Taipei","BTCUSDT","BTC-260816-63000-P","2026-08-16","63000","PUT","1h","2026-08-13 15:00:00","2026-08-13 23:00:00","225.000","240.000","200.000","240.000","0.96","2026-08-13 15:59:59","2026-08-13 23:59:59","216.20000","9","0.01","2.20000"
"all-available","Asia/Taipei","BTCUSDT","BTC-260816-63000-P","2026-08-16","63000","PUT","1h","2026-08-13 16:00:00","2026-08-14 00:00:00","300.000","350.000","270.000","350.000","4.34","2026-08-13 16:59:59","2026-08-14 00:59:59","1299.90000","5","0.08","28.00000"
"all-available","Asia/Taipei","BTCUSDT","BTC-260816-63000-P","2026-08-16","63000","PUT","1h","2026-08-13 17:00:00","2026-08-14 01:00:00","375.000","375.000","375.000","375.000","0.33","2026-08-13 17:59:59","2026-08-14 01:59:59","123.75000","3","0.33","123.75000"
"all-available","Asia/Taipei","BTCUSDT","BTC-260816-63000-P","2026-08-16","63000","PUT","1h","2026-08-13 18:00:00","2026-08-14 02:00:00","340.000","340.000","315.000","315.000","0.62","2026-08-13 18:59:59","2026-08-14 02:59:59","207.80000","3","0.00","0.00000"
"all-available","Asia/Taipei","BTCUSDT","BTC-260816-63000-P","2026-08-16","63000","PUT","1h","2026-08-13 19:00:00","2026-08-14 03:00:00","265.000","265.000","265.000","265.000","0.13","2026-08-13 19:59:59","2026-08-14 03:59:59","34.45000","1","0.13","34.45000"
"all-available","Asia/Taipei","BTCUSDT","BTC-260816-63000-P","2026-08-16","63000","PUT","1h","2026-08-13 20:00:00","2026-08-14 04:00:00","255.000","260.000","250.000","260.000","0.32","2026-08-13 20:59:59","2026-08-14 04:59:59","81.50000","3","0.11","28.60000"
"all-available","Asia/Taipei","BTCUSDT","BTC-260816-63000-P","2026-08-16","63000","PUT","1h","2026-08-13 21:00:00","2026-08-14 05:00:00","240.000","240.000","240.000","240.000","0.11","2026-08-13 21:59:59","2026-08-14 05:59:59","26.40000","1","0.00","0.00000"
"all-available","Asia/Taipei","BTCUSDT","BTC-260816-63000-P","2026-08-16","63000","PUT","1h","2026-08-13 22:00:00","2026-08-14 06:00:00","205.000","205.000","190.000","190.000","0.15","2026-08-13 22:59:59","2026-08-14 06:59:59","28.80000","3","0.00","0.00000"
"all-available","Asia/Taipei","BTCUSDT","BTC-260816-63000-P","2026-08-16","63000","PUT","1h","2026-08-13 23:00:00","2026-08-14 07:00:00","210.000","225.000","210.000","225.000","0.68","2026-08-13 23:59:59","2026-08-14 07:59:59","147.60000","3","0.44","93.60000"
"all-available","Asia/Taipei","BTCUSDT","BTC-260816-63000-P","2026-08-16","63000","PUT","1h","2026-08-14 00:00:00","2026-08-14 08:00:00","200.000","220.000","200.000","220.000","1.16","2026-08-14 00:59:59","2026-08-14 08:59:59","233.15000","5","1.07","215.00000"
"all-available","Asia/Taipei","BTCUSDT","BTC-260816-63000-P","2026-08-16","63000","PUT","1h","2026-08-14 01:00:00","2026-08-14 09:00:00","195.000","195.000","170.000","175.000","0.19","2026-08-14 01:59:59","2026-08-14 09:59:59","33.75000","4","0.00","0.00000"
"all-available","Asia/Taipei","BTCUSDT","BTC-260816-63000-P","2026-08-16","63000","PUT","1h","2026-08-14 02:00:00","2026-08-14 10:00:00","160.000","160.000","160.000","160.000","0.01","2026-08-14 02:59:59","2026-08-14 10:59:59","1.60000","1","0.01","1.60000"
"all-available","Asia/Taipei","BTCUSDT","BTC-260816-63000-P","2026-08-16","63000","PUT","1h","2026-08-14 03:00:00","2026-08-14 11:00:00","165.000","220.000","165.000","220.000","0.38","2026-08-14 03:59:59","2026-08-14 11:59:59","64.10000","4","0.02","4.40000"
"all-available","Asia/Taipei","BTCUSDT","BTC-260816-63000-P","2026-08-16","63000","PUT","1h","2026-08-14 04:00:00","2026-08-14 12:00:00","205.000","205.000","195.000","195.000","0.12","2026-08-14 04:59:59","2026-08-14 12:59:59","24.40000","3","0.00","0.00000"
"all-available","Asia/Taipei","BTCUSDT","BTC-260816-63000-P","2026-08-16","63000","PUT","1h","2026-08-14 05:00:00","2026-08-14 13:00:00","225.000","225.000","225.000","225.000","0.02","2026-08-14 05:59:59","2026-08-14 13:59:59","4.50000","2","0.00","0.00000"
"all-available","Asia/Taipei","BTCUSDT","BTC-260816-63000-P","2026-08-16","63000","PUT","1h","2026-08-14 06:00:00","2026-08-14 14:00:00","220.000","340.000","220.000","340.000","0.64","2026-08-14 06:59:59","2026-08-14 14:59:59","196.95000","10","0.52","165.40000"
"all-available","Asia/Taipei","BTCUSDT","BTC-260816-63000-P","2026-08-16","63000","PUT","1h","2026-08-14 07:00:00","2026-08-14 15:00:00","360.000","360.000","320.000","320.000","1.42","2026-08-14 07:59:59","2026-08-14 15:59:59","509.30000","4","0.00","0.00000"
"all-available","Asia/Taipei","BTCUSDT","BTC-260816-63000-P","2026-08-16","63000","PUT","1h","2026-08-14 08:00:00","2026-08-14 16:00:00","440.000","555.000","425.000","425.000","1.56","2026-08-14 08:59:59","2026-08-14 16:59:59","773.45000","12","0.87","413.50000"
"all-available","Asia/Taipei","BTCUSDT","BTC-260816-63000-P","2026-08-16","63000","PUT","1h","2026-08-14 09:00:00","2026-08-14 17:00:00","430.000","470.000","400.000","455.000","0.87","2026-08-14 09:59:59","2026-08-14 17:59:59","369.60000","13","0.87","369.60000"
"all-available","Asia/Taipei","BTCUSDT","BTC-260816-63000-P","2026-08-16","63000","PUT","1h","2026-08-14 10:00:00","2026-08-14 18:00:00","435.000","435.000","400.000","400.000","2.23","2026-08-14 10:59:59","2026-08-14 18:59:59","931.20000","14","0.61","258.90000"
"all-available","Asia/Taipei","BTCUSDT","BTC-260816-63000-P","2026-08-16","63000","PUT","1h","2026-08-14 11:00:00","2026-08-14 19:00:00","445.000","445.000","445.000","445.000","4.00","2026-08-14 11:59:59","2026-08-14 19:59:59","1780.00000","1","0.00","0.00000"
"all-available","Asia/Taipei","BTCUSDT","BTC-260816-63000-P","2026-08-16","63000","PUT","1h","2026-08-14 12:00:00","2026-08-14 20:00:00","440.000","480.000","440.000","480.000","1.89","2026-08-14 12:59:59","2026-08-14 20:59:59","859.55000","21","1.89","859.55000"
"all-available","Asia/Taipei","BTCUSDT","BTC-260816-63000-P","2026-08-16","63000","PUT","1h","2026-08-14 13:00:00","2026-08-14 21:00:00","525.000","525.000","470.000","505.000","4.38","2026-08-14 13:59:59","2026-08-14 21:59:59","2293.50000","8","4.17","2189.25000"
"all-available","Asia/Taipei","BTCUSDT","BTC-260816-63000-P","2026-08-16","63000","PUT","1h","2026-08-14 14:00:00","2026-08-14 22:00:00","560.000","560.000","560.000","560.000","0.05","2026-08-14 14:59:59","2026-08-14 22:59:59","28.00000","1","0.05","28.00000"
"all-available","Asia/Taipei","BTCUSDT","BTC-260816-63000-P","2026-08-16","63000","PUT","1h","2026-08-14 15:00:00","2026-08-14 23:00:00","470.000","470.000","290.000","290.000","1.88","2026-08-14 15:59:59","2026-08-14 23:59:59","853.50000","12","0.10","30.50000"
"all-available","Asia/Taipei","BTCUSDT","BTC-260816-63000-P","2026-08-16","63000","PUT","1h","2026-08-14 16:00:00","2026-08-15 00:00:00","290.000","290.000","190.000","210.000","0.30","2026-08-14 16:59:59","2026-08-15 00:59:59","62.45000","4","0.30","62.45000"
"all-available","Asia/Taipei","BTCUSDT","BTC-260816-63000-P","2026-08-16","63000","PUT","1h","2026-08-14 17:00:00","2026-08-15 01:00:00","210.000","210.000","210.000","210.000","0.00","2026-08-14 17:59:59","2026-08-15 01:59:59","0.00000","0","0.00","0.00000"
"all-available","Asia/Taipei","BTCUSDT","BTC-260816-63000-P","2026-08-16","63000","PUT","1h","2026-08-14 18:00:00","2026-08-15 02:00:00","210.000","210.000","210.000","210.000","0.40","2026-08-14 18:59:59","2026-08-15 02:59:59","84.00000","2","0.00","0.00000"
"all-available","Asia/Taipei","BTCUSDT","BTC-260816-63000-P","2026-08-16","63000","PUT","1h","2026-08-14 19:00:00","2026-08-15 03:00:00","280.000","280.000","280.000","280.000","0.01","2026-08-14 19:59:59","2026-08-15 03:59:59","2.80000","1","0.01","2.80000"
"all-available","Asia/Taipei","BTCUSDT","BTC-260816-63000-P","2026-08-16","63000","PUT","1h","2026-08-14 20:00:00","2026-08-15 04:00:00","190.000","190.000","175.000","175.000","0.21","2026-08-14 20:59:59","2026-08-15 04:59:59","36.90000","2","0.00","0.00000"
"all-available","Asia/Taipei","BTCUSDT","BTC-260816-63000-P","2026-08-16","63000","PUT","1h","2026-08-14 21:00:00","2026-08-15 05:00:00","220.000","220.000","220.000","220.000","0.50","2026-08-14 21:59:59","2026-08-15 05:59:59","110.00000","1","0.50","110.00000"
"all-available","Asia/Taipei","BTCUSDT","BTC-260816-63000-P","2026-08-16","63000","PUT","1h","2026-08-14 22:00:00","2026-08-15 06:00:00","220.000","220.000","220.000","220.000","0.00","2026-08-14 22:59:59","2026-08-15 06:59:59","0.00000","0","0.00","0.00000"
"all-available","Asia/Taipei","BTCUSDT","BTC-260816-63000-P","2026-08-16","63000","PUT","1h","2026-08-14 23:00:00","2026-08-15 07:00:00","135.000","135.000","135.000","135.000","0.01","2026-08-14 23:59:59","2026-08-15 07:59:59","1.35000","1","0.01","1.35000"
"all-available","Asia/Taipei","BTCUSDT","BTC-260816-63000-P","2026-08-16","63000","PUT","1h","2026-08-15 00:00:00","2026-08-15 08:00:00","130.000","130.000","85.000","85.000","3.88","2026-08-15 00:59:59","2026-08-15 08:59:59","422.75000","53","1.97","203.25000"
"all-available","Asia/Taipei","BTCUSDT","BTC-260816-63000-P","2026-08-16","63000","PUT","1h","2026-08-15 01:00:00","2026-08-15 09:00:00","110.000","110.000","75.000","90.000","3.96","2026-08-15 01:59:59","2026-08-15 09:59:59","354.35000","90","2.23","207.80000"
"all-available","Asia/Taipei","BTCUSDT","BTC-260816-63000-P","2026-08-16","63000","PUT","1h","2026-08-15 02:00:00","2026-08-15 10:00:00","80.000","95.000","75.000","85.000","10.71","2026-08-15 02:59:59","2026-08-15 10:59:59","908.10000","153","4.48","401.10000"
"all-available","Asia/Taipei","BTCUSDT","BTC-260816-63000-P","2026-08-16","63000","PUT","1h","2026-08-15 03:00:00","2026-08-15 11:00:00","80.000","120.000","65.000","100.000","7.04","2026-08-15 03:59:59","2026-08-15 11:59:59","584.90000","78","4.18","362.75000"
"all-available","Asia/Taipei","BTCUSDT","BTC-260816-63000-P","2026-08-16","63000","PUT","1h","2026-08-15 04:00:00","2026-08-15 12:00:00","110.000","110.000","85.000","85.000","5.33","2026-08-15 04:59:59","2026-08-15 12:59:59","483.30000","37","0.06","5.30000"
"all-available","Asia/Taipei","BTCUSDT","BTC-260816-63000-P","2026-08-16","63000","PUT","1h","2026-08-15 05:00:00","2026-08-15 13:00:00","105.000","105.000","105.000","105.000","2.01","2026-08-15 05:59:59","2026-08-15 13:59:59","211.05000","3","2.00","210.00000"
"all-available","Asia/Taipei","BTCUSDT","BTC-260816-63000-P","2026-08-16","63000","PUT","1h","2026-08-15 06:00:00","2026-08-15 14:00:00","105.000","120.000","105.000","115.000","0.29","2026-08-15 06:59:59","2026-08-15 14:59:59","31.15000","3","0.25","26.35000"
"all-available","Asia/Taipei","BTCUSDT","BTC-260816-63000-P","2026-08-16","63000","PUT","1h","2026-08-15 07:00:00","2026-08-15 15:00:00","100.000","100.000","100.000","100.000","44.96","2026-08-15 07:59:59","2026-08-15 15:59:59","4496.00000","7","4.56","456.00000"
"all-available","Asia/Taipei","BTCUSDT","BTC-260816-63000-P","2026-08-16","63000","PUT","1h","2026-08-15 08:00:00","2026-08-15 16:00:00","110.000","175.000","105.000","175.000","44.72","2026-08-15 08:59:59","2026-08-15 16:59:59","5139.75000","24","4.88","696.95000"
"all-available","Asia/Taipei","BTCUSDT","BTC-260816-63000-P","2026-08-16","63000","PUT","1h","2026-08-15 09:00:00","2026-08-15 17:00:00","175.000","185.000","175.000","175.000","0.27","2026-08-15 09:59:59","2026-08-15 17:59:59","48.25000","3","0.17","30.75000"
"all-available","Asia/Taipei","BTCUSDT","BTC-260816-63000-P","2026-08-16","63000","PUT","1h","2026-08-15 10:00:00","2026-08-15 18:00:00","140.000","140.000","140.000","140.000","0.50","2026-08-15 10:59:59","2026-08-15 18:59:59","70.00000","2","0.00","0.00000"
"all-available","Asia/Taipei","BTCUSDT","BTC-260816-63000-P","2026-08-16","63000","PUT","1h","2026-08-15 11:00:00","2026-08-15 19:00:00","130.000","150.000","125.000","150.000","4.34","2026-08-15 11:59:59","2026-08-15 19:59:59","584.85000","12","3.50","475.65000"
"all-available","Asia/Taipei","BTCUSDT","BTC-260816-63000-P","2026-08-16","63000","PUT","1h","2026-08-15 12:00:00","2026-08-15 20:00:00","145.000","170.000","120.000","120.000","2.21","2026-08-15 12:59:59","2026-08-15 20:59:59","331.55000","31","1.34","220.75000"
"all-available","Asia/Taipei","BTCUSDT","BTC-260816-63000-P","2026-08-16","63000","PUT","1h","2026-08-15 13:00:00","2026-08-15 21:00:00","115.000","130.000","115.000","130.000","1.56","2026-08-15 13:59:59","2026-08-15 21:59:59","184.55000","4","0.83","96.95000"
"all-available","Asia/Taipei","BTCUSDT","BTC-260816-63000-P","2026-08-16","63000","PUT","1h","2026-08-15 14:00:00","2026-08-15 22:00:00","125.000","125.000","110.000","110.000","1.43","2026-08-15 14:59:59","2026-08-15 22:59:59","176.30000","12","1.03","128.30000"
"all-available","Asia/Taipei","BTCUSDT","BTC-260816-63000-P","2026-08-16","63000","PUT","1h","2026-08-15 15:00:00","2026-08-15 23:00:00","110.000","110.000","85.000","90.000","3.08","2026-08-15 15:59:59","2026-08-15 23:59:59","277.95000","40","0.63","58.90000"
"all-available","Asia/Taipei","BTCUSDT","BTC-260816-63000-P","2026-08-16","63000","PUT","1h","2026-08-15 16:00:00","2026-08-16 00:00:00","85.000","85.000","75.000","75.000","7.92","2026-08-15 16:59:59","2026-08-16 00:59:59","595.50000","4","7.91","594.65000"
"all-available","Asia/Taipei","BTCUSDT","BTC-260816-63000-P","2026-08-16","63000","PUT","1h","2026-08-15 17:00:00","2026-08-16 01:00:00","70.000","80.000","70.000","80.000","2.10","2026-08-15 17:59:59","2026-08-16 01:59:59","160.00000","8","1.80","139.00000"
"all-available","Asia/Taipei","BTCUSDT","BTC-260816-63000-P","2026-08-16","63000","PUT","1h","2026-08-15 18:00:00","2026-08-16 02:00:00","80.000","85.000","70.000","80.000","2.29","2026-08-15 18:59:59","2026-08-16 02:59:59","166.50000","37","0.51","41.90000"
"all-available","Asia/Taipei","BTCUSDT","BTC-260816-63000-P","2026-08-16","63000","PUT","1h","2026-08-15 19:00:00","2026-08-16 03:00:00","80.000","80.000","45.000","45.000","6.53","2026-08-15 19:59:59","2026-08-16 03:59:59","443.05000","23","5.73","401.05000"
"all-available","Asia/Taipei","BTCUSDT","BTC-260816-63000-P","2026-08-16","63000","PUT","1h","2026-08-15 20:00:00","2026-08-16 04:00:00","65.000","65.000","50.000","50.000","1.94","2026-08-15 20:59:59","2026-08-16 04:59:59","123.05000","55","1.94","123.05000"
"all-available","Asia/Taipei","BTCUSDT","BTC-260816-63000-P","2026-08-16","63000","PUT","1h","2026-08-15 21:00:00","2026-08-16 05:00:00","35.000","40.000","35.000","35.000","1.57","2026-08-15 21:59:59","2026-08-16 05:59:59","56.20000","43","1.57","56.20000"
"all-available","Asia/Taipei","BTCUSDT","BTC-260816-63000-P","2026-08-16","63000","PUT","1h","2026-08-15 22:00:00","2026-08-16 06:00:00","35.000","40.000","30.000","35.000","5.37","2026-08-15 22:59:59","2026-08-16 06:59:59","185.65000","62","2.64","93.00000"
"all-available","Asia/Taipei","BTCUSDT","BTC-260816-63000-P","2026-08-16","63000","PUT","1h","2026-08-15 23:00:00","2026-08-16 07:00:00","35.000","35.000","35.000","35.000","0.22","2026-08-15 23:59:59","2026-08-16 07:59:59","7.70000","22","0.00","0.00000"
"all-available","Asia/Taipei","BTCUSDT","BTC-260816-63000-P","2026-08-16","63000","PUT","1h","2026-08-16 00:00:00","2026-08-16 08:00:00","50.000","50.000","50.000","50.000","0.21","2026-08-16 00:59:59","2026-08-16 08:59:59","10.50000","2","0.19","9.50000"
"all-available","Asia/Taipei","BTCUSDT","BTC-260816-63000-P","2026-08-16","63000","PUT","1h","2026-08-16 01:00:00","2026-08-16 09:00:00","45.000","45.000","40.000","45.000","0.48","2026-08-16 01:59:59","2026-08-16 09:59:59","21.10000","18","0.48","21.10000"
"all-available","Asia/Taipei","BTCUSDT","BTC-260816-63000-P","2026-08-16","63000","PUT","1h","2026-08-16 02:00:00","2026-08-16 10:00:00","30.000","30.000","15.000","15.000","2.98","2026-08-16 02:59:59","2026-08-16 10:59:59","53.30000","45","2.98","53.30000"
"all-available","Asia/Taipei","BTCUSDT","BTC-260816-63000-P","2026-08-16","63000","PUT","1h","2026-08-16 03:00:00","2026-08-16 11:00:00","15.000","15.000","15.000","15.000","0.40","2026-08-16 03:59:59","2026-08-16 11:59:59","6.00000","13","0.40","6.00000"
"all-available","Asia/Taipei","BTCUSDT","BTC-260816-63000-P","2026-08-16","63000","PUT","1h","2026-08-16 04:00:00","2026-08-16 12:00:00","15.000","15.000","10.000","15.000","5.79","2026-08-16 04:59:59","2026-08-16 12:59:59","81.30000","61","4.68","70.20000"
"all-available","Asia/Taipei","BTCUSDT","BTC-260816-63000-P","2026-08-16","63000","PUT","1h","2026-08-16 05:00:00","2026-08-16 13:00:00","20.000","25.000","20.000","20.000","1.35","2026-08-16 05:59:59","2026-08-16 13:59:59","29.20000","51","0.73","14.60000"
"all-available","Asia/Taipei","BTCUSDT","BTC-260816-63000-P","2026-08-16","63000","PUT","1h","2026-08-16 06:00:00","2026-08-16 14:00:00","15.000","20.000","10.000","20.000","5.75","2026-08-16 06:59:59","2026-08-16 14:59:59","63.50000","4","0.75","13.50000"
"all-available","Asia/Taipei","BTCUSDT","BTC-260816-63000-P","2026-08-16","63000","PUT","1h","2026-08-16 07:00:00","2026-08-16 15:00:00","10.000","10.000","5.000","5.000","146.53","2026-08-16 07:59:59","2026-08-16 15:59:59","733.65000","12","1.24","7.20000"
"all-available","Asia/Taipei","BTCUSDT","BTC-260816-63500-C","2026-08-16","63500","CALL","1h","2026-08-13 10:00:00","2026-08-13 18:00:00","570.000","570.000","570.000","570.000","5.00","2026-08-13 10:59:59","2026-08-13 18:59:59","2850.00000","5","5.00","2850.00000"
"all-available","Asia/Taipei","BTCUSDT","BTC-260816-63500-C","2026-08-16","63500","CALL","1h","2026-08-13 11:00:00","2026-08-13 19:00:00","570.000","570.000","570.000","570.000","0.00","2026-08-13 11:59:59","2026-08-13 19:59:59","0.00000","0","0.00","0.00000"
"all-available","Asia/Taipei","BTCUSDT","BTC-260816-63500-C","2026-08-16","63500","CALL","1h","2026-08-13 12:00:00","2026-08-13 20:00:00","545.000","570.000","545.000","570.000","4.45","2026-08-13 12:59:59","2026-08-13 20:59:59","2527.15000","3","4.45","2527.15000"
"all-available","Asia/Taipei","BTCUSDT","BTC-260816-63500-C","2026-08-16","63500","CALL","1h","2026-08-13 13:00:00","2026-08-13 21:00:00","565.000","565.000","565.000","565.000","0.01","2026-08-13 13:59:59","2026-08-13 21:59:59","5.65000","1","0.00","0.00000"
"all-available","Asia/Taipei","BTCUSDT","BTC-260816-63500-C","2026-08-16","63500","CALL","1h","2026-08-13 14:00:00","2026-08-13 22:00:00","565.000","565.000","565.000","565.000","0.00","2026-08-13 14:59:59","2026-08-13 22:59:59","0.00000","0","0.00","0.00000"
"all-available","Asia/Taipei","BTCUSDT","BTC-260816-63500-C","2026-08-16","63500","CALL","1h","2026-08-13 15:00:00","2026-08-13 23:00:00","565.000","565.000","565.000","565.000","0.00","2026-08-13 15:59:59","2026-08-13 23:59:59","0.00000","0","0.00","0.00000"
"all-available","Asia/Taipei","BTCUSDT","BTC-260816-63500-C","2026-08-16","63500","CALL","1h","2026-08-13 16:00:00","2026-08-14 00:00:00","475.000","495.000","335.000","340.000","0.41","2026-08-13 16:59:59","2026-08-14 00:59:59","175.20000","6","0.41","175.20000"
"all-available","Asia/Taipei","BTCUSDT","BTC-260816-63500-C","2026-08-16","63500","CALL","1h","2026-08-13 17:00:00","2026-08-14 01:00:00","325.000","325.000","325.000","325.000","0.14","2026-08-13 17:59:59","2026-08-14 01:59:59","45.50000","1","0.14","45.50000"
"all-available","Asia/Taipei","BTCUSDT","BTC-260816-63500-C","2026-08-16","63500","CALL","1h","2026-08-13 18:00:00","2026-08-14 02:00:00","385.000","385.000","385.000","385.000","0.10","2026-08-13 18:59:59","2026-08-14 02:59:59","38.50000","1","0.00","0.00000"
"all-available","Asia/Taipei","BTCUSDT","BTC-260816-63500-C","2026-08-16","63500","CALL","1h","2026-08-13 19:00:00","2026-08-14 03:00:00","405.000","410.000","405.000","410.000","0.83","2026-08-13 19:59:59","2026-08-14 03:59:59","338.65000","2","0.83","338.65000"
"all-available","Asia/Taipei","BTCUSDT","BTC-260816-63500-C","2026-08-16","63500","CALL","1h","2026-08-13 20:00:00","2026-08-14 04:00:00","410.000","410.000","410.000","410.000","0.00","2026-08-13 20:59:59","2026-08-14 04:59:59","0.00000","0","0.00","0.00000"
"all-available","Asia/Taipei","BTCUSDT","BTC-260816-63500-C","2026-08-16","63500","CALL","1h","2026-08-13 21:00:00","2026-08-14 05:00:00","430.000","430.000","430.000","430.000","0.05","2026-08-13 21:59:59","2026-08-14 05:59:59","21.50000","1","0.05","21.50000"
"all-available","Asia/Taipei","BTCUSDT","BTC-260816-63500-C","2026-08-16","63500","CALL","1h","2026-08-13 22:00:00","2026-08-14 06:00:00","430.000","430.000","430.000","430.000","0.00","2026-08-13 22:59:59","2026-08-14 06:59:59","0.00000","0","0.00","0.00000"
"all-available","Asia/Taipei","BTCUSDT","BTC-260816-63500-C","2026-08-16","63500","CALL","1h","2026-08-13 23:00:00","2026-08-14 07:00:00","425.000","425.000","380.000","380.000","0.69","2026-08-13 23:59:59","2026-08-14 07:59:59","288.75000","4","0.64","269.75000"
"all-available","Asia/Taipei","BTCUSDT","BTC-260816-63500-C","2026-08-16","63500","CALL","1h","2026-08-14 00:00:00","2026-08-14 08:00:00","405.000","405.000","405.000","405.000","0.11","2026-08-14 00:59:59","2026-08-14 08:59:59","44.55000","1","0.11","44.55000"
"all-available","Asia/Taipei","BTCUSDT","BTC-260816-63500-C","2026-08-16","63500","CALL","1h","2026-08-14 01:00:00","2026-08-14 09:00:00","405.000","405.000","405.000","405.000","0.00","2026-08-14 01:59:59","2026-08-14 09:59:59","0.00000","0","0.00","0.00000"
"all-available","Asia/Taipei","BTCUSDT","BTC-260816-63500-C","2026-08-16","63500","CALL","1h","2026-08-14 02:00:00","2026-08-14 10:00:00","395.000","410.000","395.000","410.000","3.39","2026-08-14 02:59:59","2026-08-14 10:59:59","1384.05000","3","3.39","1384.05000"
"all-available","Asia/Taipei","BTCUSDT","BTC-260816-63500-C","2026-08-16","63500","CALL","1h","2026-08-14 03:00:00","2026-08-14 11:00:00","370.000","370.000","350.000","350.000","0.04","2026-08-14 03:59:59","2026-08-14 11:59:59","14.60000","2","0.04","14.60000"
"all-available","Asia/Taipei","BTCUSDT","BTC-260816-63500-C","2026-08-16","63500","CALL","1h","2026-08-14 04:00:00","2026-08-14 12:00:00","295.000","295.000","295.000","295.000","3.00","2026-08-14 04:59:59","2026-08-14 12:59:59","885.00000","1","3.00","885.00000"
"all-available","Asia/Taipei","BTCUSDT","BTC-260816-63500-C","2026-08-16","63500","CALL","1h","2026-08-14 05:00:00","2026-08-14 13:00:00","295.000","295.000","295.000","295.000","0.00","2026-08-14 05:59:59","2026-08-14 13:59:59","0.00000","0","0.00","0.00000"
"all-available","Asia/Taipei","BTCUSDT","BTC-260816-63500-C","2026-08-16","63500","CALL","1h","2026-08-14 06:00:00","2026-08-14 14:00:00","190.000","190.000","190.000","190.000","0.37","2026-08-14 06:59:59","2026-08-14 14:59:59","70.30000","1","0.37","70.30000"
"all-available","Asia/Taipei","BTCUSDT","BTC-260816-63500-C","2026-08-16","63500","CALL","1h","2026-08-14 07:00:00","2026-08-14 15:00:00","220.000","220.000","185.000","185.000","11.10","2026-08-14 07:59:59","2026-08-14 15:59:59","2141.50000","7","1.08","237.20000"
"all-available","Asia/Taipei","BTCUSDT","BTC-260816-63500-C","2026-08-16","63500","CALL","1h","2026-08-14 08:00:00","2026-08-14 16:00:00","150.000","160.000","150.000","155.000","0.37","2026-08-14 08:59:59","2026-08-14 16:59:59","56.25000","5","0.36","54.75000"
"all-available","Asia/Taipei","BTCUSDT","BTC-260816-63500-C","2026-08-16","63500","CALL","1h","2026-08-14 09:00:00","2026-08-14 17:00:00","140.000","140.000","140.000","140.000","0.58","2026-08-14 09:59:59","2026-08-14 17:59:59","81.20000","3","0.58","81.20000"
"all-available","Asia/Taipei","BTCUSDT","BTC-260816-63500-C","2026-08-16","63500","CALL","1h","2026-08-14 10:00:00","2026-08-14 18:00:00","120.000","120.000","120.000","120.000","0.21","2026-08-14 10:59:59","2026-08-14 18:59:59","25.20000","2","0.18","21.60000"
"all-available","Asia/Taipei","BTCUSDT","BTC-260816-63500-C","2026-08-16","63500","CALL","1h","2026-08-14 11:00:00","2026-08-14 19:00:00","120.000","120.000","120.000","120.000","0.05","2026-08-14 11:59:59","2026-08-14 19:59:59","6.00000","1","0.05","6.00000"
"all-available","Asia/Taipei","BTCUSDT","BTC-260816-63500-C","2026-08-16","63500","CALL","1h","2026-08-14 12:00:00","2026-08-14 20:00:00","120.000","120.000","120.000","120.000","1.17","2026-08-14 12:59:59","2026-08-14 20:59:59","140.40000","1","1.17","140.40000"
"all-available","Asia/Taipei","BTCUSDT","BTC-260816-63500-C","2026-08-16","63500","CALL","1h","2026-08-14 13:00:00","2026-08-14 21:00:00","85.000","100.000","85.000","85.000","1.44","2026-08-14 13:59:59","2026-08-14 21:59:59","129.75000","5","1.44","129.75000"
"all-available","Asia/Taipei","BTCUSDT","BTC-260816-63500-C","2026-08-16","63500","CALL","1h","2026-08-14 14:00:00","2026-08-14 22:00:00","75.000","80.000","70.000","75.000","1.50","2026-08-14 14:59:59","2026-08-14 22:59:59","113.55000","9","0.10","7.50000"
"all-available","Asia/Taipei","BTCUSDT","BTC-260816-63500-C","2026-08-16","63500","CALL","1h","2026-08-14 15:00:00","2026-08-14 23:00:00","65.000","135.000","65.000","130.000","1.79","2026-08-14 15:59:59","2026-08-14 23:59:59","171.20000","9","0.86","65.00000"
"all-available","Asia/Taipei","BTCUSDT","BTC-260816-63500-C","2026-08-16","63500","CALL","1h","2026-08-14 16:00:00","2026-08-15 00:00:00","120.000","155.000","120.000","155.000","1.35","2026-08-14 16:59:59","2026-08-15 00:59:59","207.15000","9","0.06","7.20000"
"all-available","Asia/Taipei","BTCUSDT","BTC-260816-63500-C","2026-08-16","63500","CALL","1h","2026-08-14 17:00:00","2026-08-15 01:00:00","155.000","155.000","155.000","155.000","0.00","2026-08-14 17:59:59","2026-08-15 01:59:59","0.00000","0","0.00","0.00000"
"all-available","Asia/Taipei","BTCUSDT","BTC-260816-63500-C","2026-08-16","63500","CALL","1h","2026-08-14 18:00:00","2026-08-15 02:00:00","60.000","60.000","50.000","50.000","1.80","2026-08-14 18:59:59","2026-08-15 02:59:59","105.70000","4","1.80","105.70000"
"all-available","Asia/Taipei","BTCUSDT","BTC-260816-63500-C","2026-08-16","63500","CALL","1h","2026-08-14 19:00:00","2026-08-15 03:00:00","30.000","35.000","30.000","35.000","3.26","2026-08-14 19:59:59","2026-08-15 03:59:59","109.10000","5","2.26","79.10000"
"all-available","Asia/Taipei","BTCUSDT","BTC-260816-63500-C","2026-08-16","63500","CALL","1h","2026-08-14 20:00:00","2026-08-15 04:00:00","30.000","30.000","25.000","25.000","1.11","2026-08-14 20:59:59","2026-08-15 04:59:59","32.80000","6","1.11","32.80000"
"all-available","Asia/Taipei","BTCUSDT","BTC-260816-63500-C","2026-08-16","63500","CALL","1h","2026-08-14 21:00:00","2026-08-15 05:00:00","25.000","25.000","25.000","25.000","0.00","2026-08-14 21:59:59","2026-08-15 05:59:59","0.00000","0","0.00","0.00000"
"all-available","Asia/Taipei","BTCUSDT","BTC-260816-63500-C","2026-08-16","63500","CALL","1h","2026-08-14 22:00:00","2026-08-15 06:00:00","20.000","20.000","20.000","20.000","5.44","2026-08-14 22:59:59","2026-08-15 06:59:59","108.80000","6","5.09","101.80000"
"all-available","Asia/Taipei","BTCUSDT","BTC-260816-63500-C","2026-08-16","63500","CALL","1h","2026-08-14 23:00:00","2026-08-15 07:00:00","25.000","25.000","25.000","25.000","2.00","2026-08-14 23:59:59","2026-08-15 07:59:59","50.00000","3","2.00","50.00000"
"all-available","Asia/Taipei","BTCUSDT","BTC-260816-63500-C","2026-08-16","63500","CALL","1h","2026-08-15 00:00:00","2026-08-15 08:00:00","25.000","25.000","25.000","25.000","2.10","2026-08-15 00:59:59","2026-08-15 08:59:59","52.50000","7","1.00","25.00000"
"all-available","Asia/Taipei","BTCUSDT","BTC-260816-63500-C","2026-08-16","63500","CALL","1h","2026-08-15 01:00:00","2026-08-15 09:00:00","25.000","30.000","25.000","25.000","1.72","2026-08-15 01:59:59","2026-08-15 09:59:59","43.35000","8","0.78","19.85000"
"all-available","Asia/Taipei","BTCUSDT","BTC-260816-63500-C","2026-08-16","63500","CALL","1h","2026-08-15 02:00:00","2026-08-15 10:00:00","25.000","35.000","25.000","35.000","35.30","2026-08-15 02:59:59","2026-08-15 10:59:59","1045.60000","16","29.93","882.95000"
"all-available","Asia/Taipei","BTCUSDT","BTC-260816-63500-C","2026-08-16","63500","CALL","1h","2026-08-15 03:00:00","2026-08-15 11:00:00","35.000","45.000","30.000","35.000","23.45","2026-08-15 03:59:59","2026-08-15 11:59:59","938.20000","15","21.33","870.70000"
"all-available","Asia/Taipei","BTCUSDT","BTC-260816-63500-C","2026-08-16","63500","CALL","1h","2026-08-15 04:00:00","2026-08-15 12:00:00","35.000","35.000","35.000","35.000","0.69","2026-08-15 04:59:59","2026-08-15 12:59:59","24.15000","3","0.69","24.15000"
"all-available","Asia/Taipei","BTCUSDT","BTC-260816-63500-C","2026-08-16","63500","CALL","1h","2026-08-15 05:00:00","2026-08-15 13:00:00","40.000","40.000","30.000","30.000","40.17","2026-08-15 05:59:59","2026-08-15 13:59:59","1426.90000","20","0.92","28.15000"
"all-available","Asia/Taipei","BTCUSDT","BTC-260816-63500-C","2026-08-16","63500","CALL","1h","2026-08-15 06:00:00","2026-08-15 14:00:00","30.000","35.000","30.000","35.000","4.36","2026-08-15 06:59:59","2026-08-15 14:59:59","147.85000","17","4.36","147.85000"
"all-available","Asia/Taipei","BTCUSDT","BTC-260816-63500-C","2026-08-16","63500","CALL","1h","2026-08-15 07:00:00","2026-08-15 15:00:00","35.000","35.000","35.000","35.000","0.00","2026-08-15 07:59:59","2026-08-15 15:59:59","0.00000","0","0.00","0.00000"
"all-available","Asia/Taipei","BTCUSDT","BTC-260816-63500-C","2026-08-16","63500","CALL","1h","2026-08-15 08:00:00","2026-08-15 16:00:00","35.000","35.000","25.000","25.000","24.05","2026-08-15 08:59:59","2026-08-15 16:59:59","721.25000","17","22.16","655.10000"
"all-available","Asia/Taipei","BTCUSDT","BTC-260816-63500-C","2026-08-16","63500","CALL","1h","2026-08-15 09:00:00","2026-08-15 17:00:00","25.000","30.000","20.000","30.000","2.90","2026-08-15 09:59:59","2026-08-15 17:59:59","80.65000","6","0.20","5.00000"
"all-available","Asia/Taipei","BTCUSDT","BTC-260816-63500-C","2026-08-16","63500","CALL","1h","2026-08-15 10:00:00","2026-08-15 18:00:00","25.000","30.000","25.000","30.000","6.95","2026-08-15 10:59:59","2026-08-15 18:59:59","193.60000","8","3.97","119.10000"
"all-available","Asia/Taipei","BTCUSDT","BTC-260816-63500-C","2026-08-16","63500","CALL","1h","2026-08-15 11:00:00","2026-08-15 19:00:00","30.000","30.000","30.000","30.000","11.34","2026-08-15 11:59:59","2026-08-15 19:59:59","340.20000","6","11.34","340.20000"
"all-available","Asia/Taipei","BTCUSDT","BTC-260816-63500-C","2026-08-16","63500","CALL","1h","2026-08-15 12:00:00","2026-08-15 20:00:00","30.000","30.000","20.000","25.000","0.34","2026-08-15 12:59:59","2026-08-15 20:59:59","8.45000","4","0.32","8.05000"
"all-available","Asia/Taipei","BTCUSDT","BTC-260816-63500-C","2026-08-16","63500","CALL","1h","2026-08-15 13:00:00","2026-08-15 21:00:00","30.000","30.000","30.000","30.000","2.53","2026-08-15 13:59:59","2026-08-15 21:59:59","75.90000","4","2.53","75.90000"
"all-available","Asia/Taipei","BTCUSDT","BTC-260816-63500-C","2026-08-16","63500","CALL","1h","2026-08-15 14:00:00","2026-08-15 22:00:00","25.000","25.000","25.000","25.000","0.71","2026-08-15 14:59:59","2026-08-15 22:59:59","17.75000","3","0.71","17.75000"
"all-available","Asia/Taipei","BTCUSDT","BTC-260816-63500-C","2026-08-16","63500","CALL","1h","2026-08-15 15:00:00","2026-08-15 23:00:00","25.000","30.000","25.000","25.000","38.54","2026-08-15 15:59:59","2026-08-15 23:59:59","1013.25000","28","37.68","991.75000"
"all-available","Asia/Taipei","BTCUSDT","BTC-260816-63500-C","2026-08-16","63500","CALL","1h","2026-08-15 16:00:00","2026-08-16 00:00:00","25.000","25.000","15.000","15.000","5.24","2026-08-15 16:59:59","2026-08-16 00:59:59","118.10000","54","0.75","17.70000"
"all-available","Asia/Taipei","BTCUSDT","BTC-260816-63500-C","2026-08-16","63500","CALL","1h","2026-08-15 17:00:00","2026-08-16 01:00:00","15.000","15.000","15.000","15.000","0.38","2026-08-15 17:59:59","2026-08-16 01:59:59","5.70000","17","0.08","1.20000"
"all-available","Asia/Taipei","BTCUSDT","BTC-260816-63500-C","2026-08-16","63500","CALL","1h","2026-08-15 18:00:00","2026-08-16 02:00:00","10.000","10.000","10.000","10.000","6.73","2026-08-15 18:59:59","2026-08-16 02:59:59","67.30000","9","3.54","35.40000"
"all-available","Asia/Taipei","BTCUSDT","BTC-260816-63500-C","2026-08-16","63500","CALL","1h","2026-08-15 19:00:00","2026-08-16 03:00:00","10.000","15.000","10.000","15.000","16.79","2026-08-15 19:59:59","2026-08-16 03:59:59","232.85000","15","16.79","232.85000"
"all-available","Asia/Taipei","BTCUSDT","BTC-260816-63500-C","2026-08-16","63500","CALL","1h","2026-08-15 20:00:00","2026-08-16 04:00:00","10.000","15.000","10.000","15.000","22.56","2026-08-15 20:59:59","2026-08-16 04:59:59","232.10000","29","19.75","204.00000"
"all-available","Asia/Taipei","BTCUSDT","BTC-260816-63500-C","2026-08-16","63500","CALL","1h","2026-08-15 21:00:00","2026-08-16 05:00:00","15.000","15.000","10.000","15.000","6.87","2026-08-15 21:59:59","2026-08-16 05:59:59","93.30000","6","4.92","73.80000"
"all-available","Asia/Taipei","BTCUSDT","BTC-260816-63500-C","2026-08-16","63500","CALL","1h","2026-08-15 22:00:00","2026-08-16 06:00:00","15.000","15.000","15.000","15.000","0.30","2026-08-15 22:59:59","2026-08-16 06:59:59","4.50000","1","0.30","4.50000"
"all-available","Asia/Taipei","BTCUSDT","BTC-260816-63500-C","2026-08-16","63500","CALL","1h","2026-08-15 23:00:00","2026-08-16 07:00:00","15.000","15.000","10.000","10.000","6.69","2026-08-15 23:59:59","2026-08-16 07:59:59","71.90000","9","1.30","18.00000"
"all-available","Asia/Taipei","BTCUSDT","BTC-260816-63500-C","2026-08-16","63500","CALL","1h","2026-08-16 00:00:00","2026-08-16 08:00:00","10.000","10.000","10.000","10.000","2.14","2026-08-16 00:59:59","2026-08-16 08:59:59","21.40000","5","2.14","21.40000"
"all-available","Asia/Taipei","BTCUSDT","BTC-260816-63500-C","2026-08-16","63500","CALL","1h","2026-08-16 01:00:00","2026-08-16 09:00:00","5.000","5.000","5.000","5.000","7.17","2026-08-16 01:59:59","2026-08-16 09:59:59","35.85000","7","2.16","10.80000"
"all-available","Asia/Taipei","BTCUSDT","BTC-260816-63500-C","2026-08-16","63500","CALL","1h","2026-08-16 02:00:00","2026-08-16 10:00:00","5.000","10.000","5.000","10.000","34.85","2026-08-16 02:59:59","2026-08-16 10:59:59","179.85000","10","34.71","178.45000"
"all-available","Asia/Taipei","BTCUSDT","BTC-260816-63500-C","2026-08-16","63500","CALL","1h","2026-08-16 03:00:00","2026-08-16 11:00:00","10.000","10.000","5.000","5.000","5.05","2026-08-16 03:59:59","2026-08-16 11:59:59","25.40000","5","0.03","0.30000"
"all-available","Asia/Taipei","BTCUSDT","BTC-260816-63500-C","2026-08-16","63500","CALL","1h","2026-08-16 04:00:00","2026-08-16 12:00:00","5.000","5.000","5.000","5.000","0.94","2026-08-16 04:59:59","2026-08-16 12:59:59","4.70000","3","0.94","4.70000"
"all-available","Asia/Taipei","BTCUSDT","BTC-260816-63500-C","2026-08-16","63500","CALL","1h","2026-08-16 05:00:00","2026-08-16 13:00:00","5.000","5.000","5.000","5.000","0.00","2026-08-16 05:59:59","2026-08-16 13:59:59","0.00000","0","0.00","0.00000"
"all-available","Asia/Taipei","BTCUSDT","BTC-260816-63500-C","2026-08-16","63500","CALL","1h","2026-08-16 06:00:00","2026-08-16 14:00:00","5.000","5.000","5.000","5.000","0.55","2026-08-16 06:59:59","2026-08-16 14:59:59","2.75000","2","0.55","2.75000"
"all-available","Asia/Taipei","BTCUSDT","BTC-260816-63500-C","2026-08-16","63500","CALL","1h","2026-08-16 07:00:00","2026-08-16 15:00:00","5.000","5.000","5.000","5.000","0.00","2026-08-16 07:59:59","2026-08-16 15:59:59","0.00000","0","0.00","0.00000"
"all-available","Asia/Taipei","BTCUSDT","BTC-260816-63500-P","2026-08-16","63500","PUT","1h","2026-08-13 10:00:00","2026-08-13 18:00:00","405.000","445.000","405.000","445.000","1.81","2026-08-13 10:59:59","2026-08-13 18:59:59","796.65000","3","1.81","796.65000"
"all-available","Asia/Taipei","BTCUSDT","BTC-260816-63500-P","2026-08-16","63500","PUT","1h","2026-08-13 11:00:00","2026-08-13 19:00:00","525.000","540.000","525.000","535.000","0.15","2026-08-13 11:59:59","2026-08-13 19:59:59","79.55000","3","0.15","79.55000"
"all-available","Asia/Taipei","BTCUSDT","BTC-260816-63500-P","2026-08-16","63500","PUT","1h","2026-08-13 12:00:00","2026-08-13 20:00:00","535.000","535.000","415.000","415.000","0.82","2026-08-13 12:59:59","2026-08-13 20:59:59","386.05000","6","0.46","227.20000"
"all-available","Asia/Taipei","BTCUSDT","BTC-260816-63500-P","2026-08-16","63500","PUT","1h","2026-08-13 13:00:00","2026-08-13 21:00:00","405.000","405.000","405.000","405.000","4.00","2026-08-13 13:59:59","2026-08-13 21:59:59","1620.00000","2","4.00","1620.00000"
"all-available","Asia/Taipei","BTCUSDT","BTC-260816-63500-P","2026-08-16","63500","PUT","1h","2026-08-13 14:00:00","2026-08-13 22:00:00","370.000","370.000","370.000","370.000","0.10","2026-08-13 14:59:59","2026-08-13 22:59:59","37.00000","2","0.10","37.00000"
"all-available","Asia/Taipei","BTCUSDT","BTC-260816-63500-P","2026-08-16","63500","PUT","1h","2026-08-13 15:00:00","2026-08-13 23:00:00","315.000","425.000","315.000","425.000","0.35","2026-08-13 15:59:59","2026-08-13 23:59:59","132.80000","4","0.00","0.00000"
"all-available","Asia/Taipei","BTCUSDT","BTC-260816-63500-P","2026-08-16","63500","PUT","1h","2026-08-13 16:00:00","2026-08-14 00:00:00","650.000","650.000","620.000","620.000","1.10","2026-08-13 16:59:59","2026-08-14 00:59:59","687.50000","3","0.00","0.00000"
"all-available","Asia/Taipei","BTCUSDT","BTC-260816-63500-P","2026-08-16","63500","PUT","1h","2026-08-13 17:00:00","2026-08-14 01:00:00","670.000","670.000","670.000","670.000","1.59","2026-08-13 17:59:59","2026-08-14 01:59:59","1065.30000","3","1.59","1065.30000"
"all-available","Asia/Taipei","BTCUSDT","BTC-260816-63500-P","2026-08-16","63500","PUT","1h","2026-08-13 18:00:00","2026-08-14 02:00:00","600.000","600.000","600.000","600.000","0.08","2026-08-13 18:59:59","2026-08-14 02:59:59","48.00000","1","0.00","0.00000"
"all-available","Asia/Taipei","BTCUSDT","BTC-260816-63500-P","2026-08-16","63500","PUT","1h","2026-08-13 19:00:00","2026-08-14 03:00:00","600.000","600.000","600.000","600.000","0.00","2026-08-13 19:59:59","2026-08-14 03:59:59","0.00000","0","0.00","0.00000"
"all-available","Asia/Taipei","BTCUSDT","BTC-260816-63500-P","2026-08-16","63500","PUT","1h","2026-08-13 20:00:00","2026-08-14 04:00:00","450.000","450.000","450.000","450.000","1.43","2026-08-13 20:59:59","2026-08-14 04:59:59","643.50000","2","1.43","643.50000"
"all-available","Asia/Taipei","BTCUSDT","BTC-260816-63500-P","2026-08-16","63500","PUT","1h","2026-08-13 21:00:00","2026-08-14 05:00:00","450.000","450.000","450.000","450.000","0.00","2026-08-13 21:59:59","2026-08-14 05:59:59","0.00000","0","0.00","0.00000"
"all-available","Asia/Taipei","BTCUSDT","BTC-260816-63500-P","2026-08-16","63500","PUT","1h","2026-08-13 22:00:00","2026-08-14 06:00:00","450.000","450.000","450.000","450.000","0.00","2026-08-13 22:59:59","2026-08-14 06:59:59","0.00000","0","0.00","0.00000"
"all-available","Asia/Taipei","BTCUSDT","BTC-260816-63500-P","2026-08-16","63500","PUT","1h","2026-08-13 23:00:00","2026-08-14 07:00:00","450.000","450.000","450.000","450.000","0.00","2026-08-13 23:59:59","2026-08-14 07:59:59","0.00000","0","0.00","0.00000"
"all-available","Asia/Taipei","BTCUSDT","BTC-260816-63500-P","2026-08-16","63500","PUT","1h","2026-08-14 00:00:00","2026-08-14 08:00:00","370.000","410.000","370.000","410.000","0.67","2026-08-14 00:59:59","2026-08-14 08:59:59","271.90000","4","0.67","271.90000"
"all-available","Asia/Taipei","BTCUSDT","BTC-260816-63500-P","2026-08-16","63500","PUT","1h","2026-08-14 01:00:00","2026-08-14 09:00:00","360.000","370.000","360.000","370.000","0.11","2026-08-14 01:59:59","2026-08-14 09:59:59","40.20000","2","0.11","40.20000"
"all-available","Asia/Taipei","BTCUSDT","BTC-260816-63500-P","2026-08-16","63500","PUT","1h","2026-08-14 02:00:00","2026-08-14 10:00:00","355.000","365.000","355.000","365.000","1.51","2026-08-14 02:59:59","2026-08-14 10:59:59","546.65000","11","1.51","546.65000"
"all-available","Asia/Taipei","BTCUSDT","BTC-260816-63500-P","2026-08-16","63500","PUT","1h","2026-08-14 03:00:00","2026-08-14 11:00:00","370.000","420.000","370.000","420.000","0.44","2026-08-14 03:59:59","2026-08-14 11:59:59","183.20000","6","0.44","183.20000"
"all-available","Asia/Taipei","BTCUSDT","BTC-260816-63500-P","2026-08-16","63500","PUT","1h","2026-08-14 04:00:00","2026-08-14 12:00:00","420.000","420.000","420.000","420.000","0.00","2026-08-14 04:59:59","2026-08-14 12:59:59","0.00000","0","0.00","0.00000"
"all-available","Asia/Taipei","BTCUSDT","BTC-260816-63500-P","2026-08-16","63500","PUT","1h","2026-08-14 05:00:00","2026-08-14 13:00:00","420.000","420.000","420.000","420.000","0.00","2026-08-14 05:59:59","2026-08-14 13:59:59","0.00000","0","0.00","0.00000"
"all-available","Asia/Taipei","BTCUSDT","BTC-260816-63500-P","2026-08-16","63500","PUT","1h","2026-08-14 06:00:00","2026-08-14 14:00:00","420.000","420.000","420.000","420.000","0.00","2026-08-14 06:59:59","2026-08-14 14:59:59","0.00000","0","0.00","0.00000"
"all-available","Asia/Taipei","BTCUSDT","BTC-260816-63500-P","2026-08-16","63500","PUT","1h","2026-08-14 07:00:00","2026-08-14 15:00:00","420.000","420.000","420.000","420.000","0.00","2026-08-14 07:59:59","2026-08-14 15:59:59","0.00000","0","0.00","0.00000"
"all-available","Asia/Taipei","BTCUSDT","BTC-260816-63500-P","2026-08-16","63500","PUT","1h","2026-08-14 08:00:00","2026-08-14 16:00:00","420.000","420.000","420.000","420.000","0.00","2026-08-14 08:59:59","2026-08-14 16:59:59","0.00000","0","0.00","0.00000"
"all-available","Asia/Taipei","BTCUSDT","BTC-260816-63500-P","2026-08-16","63500","PUT","1h","2026-08-14 09:00:00","2026-08-14 17:00:00","420.000","420.000","420.000","420.000","0.00","2026-08-14 09:59:59","2026-08-14 17:59:59","0.00000","0","0.00","0.00000"
"all-available","Asia/Taipei","BTCUSDT","BTC-260816-63500-P","2026-08-16","63500","PUT","1h","2026-08-14 10:00:00","2026-08-14 18:00:00","420.000","420.000","420.000","420.000","0.00","2026-08-14 10:59:59","2026-08-14 18:59:59","0.00000","0","0.00","0.00000"
"all-available","Asia/Taipei","BTCUSDT","BTC-260816-63500-P","2026-08-16","63500","PUT","1h","2026-08-14 11:00:00","2026-08-14 19:00:00","420.000","420.000","420.000","420.000","0.00","2026-08-14 11:59:59","2026-08-14 19:59:59","0.00000","0","0.00","0.00000"
"all-available","Asia/Taipei","BTCUSDT","BTC-260816-63500-P","2026-08-16","63500","PUT","1h","2026-08-14 12:00:00","2026-08-14 20:00:00","420.000","420.000","420.000","420.000","0.00","2026-08-14 12:59:59","2026-08-14 20:59:59","0.00000","0","0.00","0.00000"
"all-available","Asia/Taipei","BTCUSDT","BTC-260816-63500-P","2026-08-16","63500","PUT","1h","2026-08-14 13:00:00","2026-08-14 21:00:00","420.000","420.000","420.000","420.000","0.00","2026-08-14 13:59:59","2026-08-14 21:59:59","0.00000","0","0.00","0.00000"
"all-available","Asia/Taipei","BTCUSDT","BTC-260816-63500-P","2026-08-16","63500","PUT","1h","2026-08-14 14:00:00","2026-08-14 22:00:00","420.000","420.000","420.000","420.000","0.00","2026-08-14 14:59:59","2026-08-14 22:59:59","0.00000","0","0.00","0.00000"
"all-available","Asia/Taipei","BTCUSDT","BTC-260816-63500-P","2026-08-16","63500","PUT","1h","2026-08-14 15:00:00","2026-08-14 23:00:00","420.000","420.000","420.000","420.000","0.00","2026-08-14 15:59:59","2026-08-14 23:59:59","0.00000","0","0.00","0.00000"
"all-available","Asia/Taipei","BTCUSDT","BTC-260816-63500-P","2026-08-16","63500","PUT","1h","2026-08-14 16:00:00","2026-08-15 00:00:00","420.000","420.000","420.000","420.000","0.00","2026-08-14 16:59:59","2026-08-15 00:59:59","0.00000","0","0.00","0.00000"
"all-available","Asia/Taipei","BTCUSDT","BTC-260816-63500-P","2026-08-16","63500","PUT","1h","2026-08-14 17:00:00","2026-08-15 01:00:00","420.000","420.000","420.000","420.000","0.00","2026-08-14 17:59:59","2026-08-15 01:59:59","0.00000","0","0.00","0.00000"
"all-available","Asia/Taipei","BTCUSDT","BTC-260816-63500-P","2026-08-16","63500","PUT","1h","2026-08-14 18:00:00","2026-08-15 02:00:00","420.000","420.000","420.000","420.000","0.00","2026-08-14 18:59:59","2026-08-15 02:59:59","0.00000","0","0.00","0.00000"
"all-available","Asia/Taipei","BTCUSDT","BTC-260816-63500-P","2026-08-16","63500","PUT","1h","2026-08-14 19:00:00","2026-08-15 03:00:00","420.000","420.000","420.000","420.000","0.00","2026-08-14 19:59:59","2026-08-15 03:59:59","0.00000","0","0.00","0.00000"
"all-available","Asia/Taipei","BTCUSDT","BTC-260816-63500-P","2026-08-16","63500","PUT","1h","2026-08-14 20:00:00","2026-08-15 04:00:00","420.000","420.000","420.000","420.000","0.00","2026-08-14 20:59:59","2026-08-15 04:59:59","0.00000","0","0.00","0.00000"
"all-available","Asia/Taipei","BTCUSDT","BTC-260816-63500-P","2026-08-16","63500","PUT","1h","2026-08-14 21:00:00","2026-08-15 05:00:00","420.000","420.000","420.000","420.000","0.00","2026-08-14 21:59:59","2026-08-15 05:59:59","0.00000","0","0.00","0.00000"
"all-available","Asia/Taipei","BTCUSDT","BTC-260816-63500-P","2026-08-16","63500","PUT","1h","2026-08-14 22:00:00","2026-08-15 06:00:00","420.000","420.000","420.000","420.000","0.00","2026-08-14 22:59:59","2026-08-15 06:59:59","0.00000","0","0.00","0.00000"
"all-available","Asia/Taipei","BTCUSDT","BTC-260816-63500-P","2026-08-16","63500","PUT","1h","2026-08-14 23:00:00","2026-08-15 07:00:00","420.000","420.000","420.000","420.000","0.00","2026-08-14 23:59:59","2026-08-15 07:59:59","0.00000","0","0.00","0.00000"
"all-available","Asia/Taipei","BTCUSDT","BTC-260816-63500-P","2026-08-16","63500","PUT","1h","2026-08-15 00:00:00","2026-08-15 08:00:00","420.000","420.000","420.000","420.000","0.00","2026-08-15 00:59:59","2026-08-15 08:59:59","0.00000","0","0.00","0.00000"
"all-available","Asia/Taipei","BTCUSDT","BTC-260816-63500-P","2026-08-16","63500","PUT","1h","2026-08-15 01:00:00","2026-08-15 09:00:00","420.000","420.000","420.000","420.000","0.00","2026-08-15 01:59:59","2026-08-15 09:59:59","0.00000","0","0.00","0.00000"
"all-available","Asia/Taipei","BTCUSDT","BTC-260816-63500-P","2026-08-16","63500","PUT","1h","2026-08-15 02:00:00","2026-08-15 10:00:00","565.000","565.000","565.000","565.000","0.01","2026-08-15 02:59:59","2026-08-15 10:59:59","5.65000","1","0.00","0.00000"
"all-available","Asia/Taipei","BTCUSDT","BTC-260816-63500-P","2026-08-16","63500","PUT","1h","2026-08-15 03:00:00","2026-08-15 11:00:00","565.000","565.000","565.000","565.000","0.00","2026-08-15 03:59:59","2026-08-15 11:59:59","0.00000","0","0.00","0.00000"
"all-available","Asia/Taipei","BTCUSDT","BTC-260816-63500-P","2026-08-16","63500","PUT","1h","2026-08-15 04:00:00","2026-08-15 12:00:00","565.000","565.000","565.000","565.000","0.00","2026-08-15 04:59:59","2026-08-15 12:59:59","0.00000","0","0.00","0.00000"
"all-available","Asia/Taipei","BTCUSDT","BTC-260816-63500-P","2026-08-16","63500","PUT","1h","2026-08-15 05:00:00","2026-08-15 13:00:00","565.000","565.000","565.000","565.000","0.00","2026-08-15 05:59:59","2026-08-15 13:59:59","0.00000","0","0.00","0.00000"
"all-available","Asia/Taipei","BTCUSDT","BTC-260816-63500-P","2026-08-16","63500","PUT","1h","2026-08-15 06:00:00","2026-08-15 14:00:00","565.000","565.000","565.000","565.000","0.00","2026-08-15 06:59:59","2026-08-15 14:59:59","0.00000","0","0.00","0.00000"
"all-available","Asia/Taipei","BTCUSDT","BTC-260816-63500-P","2026-08-16","63500","PUT","1h","2026-08-15 07:00:00","2026-08-15 15:00:00","565.000","565.000","565.000","565.000","0.00","2026-08-15 07:59:59","2026-08-15 15:59:59","0.00000","0","0.00","0.00000"
"all-available","Asia/Taipei","BTCUSDT","BTC-260816-63500-P","2026-08-16","63500","PUT","1h","2026-08-15 08:00:00","2026-08-15 16:00:00","595.000","595.000","595.000","595.000","0.03","2026-08-15 08:59:59","2026-08-15 16:59:59","17.85000","1","0.00","0.00000"
"all-available","Asia/Taipei","BTCUSDT","BTC-260816-63500-P","2026-08-16","63500","PUT","1h","2026-08-15 09:00:00","2026-08-15 17:00:00","595.000","595.000","595.000","595.000","0.00","2026-08-15 09:59:59","2026-08-15 17:59:59","0.00000","0","0.00","0.00000"
"all-available","Asia/Taipei","BTCUSDT","BTC-260816-63500-P","2026-08-16","63500","PUT","1h","2026-08-15 10:00:00","2026-08-15 18:00:00","595.000","595.000","595.000","595.000","0.00","2026-08-15 10:59:59","2026-08-15 18:59:59","0.00000","0","0.00","0.00000"
"all-available","Asia/Taipei","BTCUSDT","BTC-260816-63500-P","2026-08-16","63500","PUT","1h","2026-08-15 11:00:00","2026-08-15 19:00:00","595.000","595.000","595.000","595.000","0.00","2026-08-15 11:59:59","2026-08-15 19:59:59","0.00000","0","0.00","0.00000"
"all-available","Asia/Taipei","BTCUSDT","BTC-260816-63500-P","2026-08-16","63500","PUT","1h","2026-08-15 12:00:00","2026-08-15 20:00:00","595.000","595.000","595.000","595.000","0.00","2026-08-15 12:59:59","2026-08-15 20:59:59","0.00000","0","0.00","0.00000"
"all-available","Asia/Taipei","BTCUSDT","BTC-260816-63500-P","2026-08-16","63500","PUT","1h","2026-08-15 13:00:00","2026-08-15 21:00:00","595.000","595.000","595.000","595.000","0.00","2026-08-15 13:59:59","2026-08-15 21:59:59","0.00000","0","0.00","0.00000"
"all-available","Asia/Taipei","BTCUSDT","BTC-260816-63500-P","2026-08-16","63500","PUT","1h","2026-08-15 14:00:00","2026-08-15 22:00:00","595.000","595.000","595.000","595.000","0.00","2026-08-15 14:59:59","2026-08-15 22:59:59","0.00000","0","0.00","0.00000"
"all-available","Asia/Taipei","BTCUSDT","BTC-260816-63500-P","2026-08-16","63500","PUT","1h","2026-08-15 15:00:00","2026-08-15 23:00:00","595.000","595.000","595.000","595.000","0.00","2026-08-15 15:59:59","2026-08-15 23:59:59","0.00000","0","0.00","0.00000"
"all-available","Asia/Taipei","BTCUSDT","BTC-260816-63500-P","2026-08-16","63500","PUT","1h","2026-08-15 16:00:00","2026-08-16 00:00:00","595.000","595.000","595.000","595.000","0.00","2026-08-15 16:59:59","2026-08-16 00:59:59","0.00000","0","0.00","0.00000"
"all-available","Asia/Taipei","BTCUSDT","BTC-260816-63500-P","2026-08-16","63500","PUT","1h","2026-08-15 17:00:00","2026-08-16 01:00:00","595.000","595.000","595.000","595.000","0.00","2026-08-15 17:59:59","2026-08-16 01:59:59","0.00000","0","0.00","0.00000"
"all-available","Asia/Taipei","BTCUSDT","BTC-260816-63500-P","2026-08-16","63500","PUT","1h","2026-08-15 18:00:00","2026-08-16 02:00:00","595.000","595.000","595.000","595.000","0.00","2026-08-15 18:59:59","2026-08-16 02:59:59","0.00000","0","0.00","0.00000"
"all-available","Asia/Taipei","BTCUSDT","BTC-260816-63500-P","2026-08-16","63500","PUT","1h","2026-08-15 19:00:00","2026-08-16 03:00:00","460.000","460.000","460.000","460.000","0.01","2026-08-15 19:59:59","2026-08-16 03:59:59","4.60000","1","0.00","0.00000"
"all-available","Asia/Taipei","BTCUSDT","BTC-260816-63500-P","2026-08-16","63500","PUT","1h","2026-08-15 20:00:00","2026-08-16 04:00:00","460.000","460.000","460.000","460.000","0.00","2026-08-15 20:59:59","2026-08-16 04:59:59","0.00000","0","0.00","0.00000"
"all-available","Asia/Taipei","BTCUSDT","BTC-260816-63500-P","2026-08-16","63500","PUT","1h","2026-08-15 21:00:00","2026-08-16 05:00:00","460.000","460.000","460.000","460.000","0.00","2026-08-15 21:59:59","2026-08-16 05:59:59","0.00000","0","0.00","0.00000"
"all-available","Asia/Taipei","BTCUSDT","BTC-260816-63500-P","2026-08-16","63500","PUT","1h","2026-08-15 22:00:00","2026-08-16 06:00:00","460.000","460.000","460.000","460.000","0.00","2026-08-15 22:59:59","2026-08-16 06:59:59","0.00000","0","0.00","0.00000"
"all-available","Asia/Taipei","BTCUSDT","BTC-260816-63500-P","2026-08-16","63500","PUT","1h","2026-08-15 23:00:00","2026-08-16 07:00:00","460.000","460.000","460.000","460.000","0.00","2026-08-15 23:59:59","2026-08-16 07:59:59","0.00000","0","0.00","0.00000"
"all-available","Asia/Taipei","BTCUSDT","BTC-260816-63500-P","2026-08-16","63500","PUT","1h","2026-08-16 00:00:00","2026-08-16 08:00:00","460.000","460.000","460.000","460.000","0.00","2026-08-16 00:59:59","2026-08-16 08:59:59","0.00000","0","0.00","0.00000"
"all-available","Asia/Taipei","BTCUSDT","BTC-260816-63500-P","2026-08-16","63500","PUT","1h","2026-08-16 01:00:00","2026-08-16 09:00:00","460.000","460.000","460.000","460.000","0.00","2026-08-16 01:59:59","2026-08-16 09:59:59","0.00000","0","0.00","0.00000"
"all-available","Asia/Taipei","BTCUSDT","BTC-260816-63500-P","2026-08-16","63500","PUT","1h","2026-08-16 02:00:00","2026-08-16 10:00:00","460.000","460.000","460.000","460.000","0.00","2026-08-16 02:59:59","2026-08-16 10:59:59","0.00000","0","0.00","0.00000"
"all-available","Asia/Taipei","BTCUSDT","BTC-260816-63500-P","2026-08-16","63500","PUT","1h","2026-08-16 03:00:00","2026-08-16 11:00:00","370.000","370.000","370.000","370.000","0.01","2026-08-16 03:59:59","2026-08-16 11:59:59","3.70000","1","0.01","3.70000"
"all-available","Asia/Taipei","BTCUSDT","BTC-260816-63500-P","2026-08-16","63500","PUT","1h","2026-08-16 04:00:00","2026-08-16 12:00:00","370.000","370.000","370.000","370.000","0.00","2026-08-16 04:59:59","2026-08-16 12:59:59","0.00000","0","0.00","0.00000"
"all-available","Asia/Taipei","BTCUSDT","BTC-260816-63500-P","2026-08-16","63500","PUT","1h","2026-08-16 05:00:00","2026-08-16 13:00:00","370.000","370.000","370.000","370.000","0.00","2026-08-16 05:59:59","2026-08-16 13:59:59","0.00000","0","0.00","0.00000"
"all-available","Asia/Taipei","BTCUSDT","BTC-260816-63500-P","2026-08-16","63500","PUT","1h","2026-08-16 06:00:00","2026-08-16 14:00:00","370.000","370.000","370.000","370.000","0.00","2026-08-16 06:59:59","2026-08-16 14:59:59","0.00000","0","0.00","0.00000"
"all-available","Asia/Taipei","BTCUSDT","BTC-260816-63500-P","2026-08-16","63500","PUT","1h","2026-08-16 07:00:00","2026-08-16 15:00:00","370.000","370.000","370.000","370.000","0.00","2026-08-16 07:59:59","2026-08-16 15:59:59","0.00000","0","0.00","0.00000"
"all-available","Asia/Taipei","BTCUSDT","BTC-260816-64000-C","2026-08-16","64000","CALL","1h","2026-08-13 09:00:00","2026-08-13 17:00:00","410.000","410.000","410.000","410.000","0.09","2026-08-13 09:59:59","2026-08-13 17:59:59","36.90000","1","0.09","36.90000"
"all-available","Asia/Taipei","BTCUSDT","BTC-260816-64000-C","2026-08-16","64000","CALL","1h","2026-08-13 10:00:00","2026-08-13 18:00:00","370.000","380.000","350.000","350.000","0.76","2026-08-13 10:59:59","2026-08-13 18:59:59","270.80000","6","0.47","164.50000"
"all-available","Asia/Taipei","BTCUSDT","BTC-260816-64000-C","2026-08-16","64000","CALL","1h","2026-08-13 11:00:00","2026-08-13 19:00:00","350.000","350.000","350.000","350.000","0.00","2026-08-13 11:59:59","2026-08-13 19:59:59","0.00000","0","0.00","0.00000"
"all-available","Asia/Taipei","BTCUSDT","BTC-260816-64000-C","2026-08-16","64000","CALL","1h","2026-08-13 12:00:00","2026-08-13 20:00:00","355.000","355.000","335.000","335.000","1.07","2026-08-13 12:59:59","2026-08-13 20:59:59","379.25000","3","1.07","379.25000"
"all-available","Asia/Taipei","BTCUSDT","BTC-260816-64000-C","2026-08-16","64000","CALL","1h","2026-08-13 13:00:00","2026-08-13 21:00:00","435.000","435.000","435.000","435.000","0.02","2026-08-13 13:59:59","2026-08-13 21:59:59","8.70000","1","0.00","0.00000"
"all-available","Asia/Taipei","BTCUSDT","BTC-260816-64000-C","2026-08-16","64000","CALL","1h","2026-08-13 14:00:00","2026-08-13 22:00:00","400.000","400.000","400.000","400.000","0.66","2026-08-13 14:59:59","2026-08-13 22:59:59","264.00000","2","0.66","264.00000"
"all-available","Asia/Taipei","BTCUSDT","BTC-260816-64000-C","2026-08-16","64000","CALL","1h","2026-08-13 15:00:00","2026-08-13 23:00:00","430.000","430.000","330.000","330.000","0.23","2026-08-13 15:59:59","2026-08-13 23:59:59","93.15000","4","0.20","80.25000"
"all-available","Asia/Taipei","BTCUSDT","BTC-260816-64000-C","2026-08-16","64000","CALL","1h","2026-08-13 16:00:00","2026-08-14 00:00:00","265.000","265.000","165.000","165.000","2.65","2026-08-13 16:59:59","2026-08-14 00:59:59","442.25000","2","2.60","429.00000"
"all-available","Asia/Taipei","BTCUSDT","BTC-260816-64000-C","2026-08-16","64000","CALL","1h","2026-08-13 17:00:00","2026-08-14 01:00:00","170.000","170.000","170.000","170.000","1.00","2026-08-13 17:59:59","2026-08-14 01:59:59","170.00000","1","1.00","170.00000"
"all-available","Asia/Taipei","BTCUSDT","BTC-260816-64000-C","2026-08-16","64000","CALL","1h","2026-08-13 18:00:00","2026-08-14 02:00:00","170.000","170.000","170.000","170.000","0.00","2026-08-13 18:59:59","2026-08-14 02:59:59","0.00000","0","0.00","0.00000"
"all-available","Asia/Taipei","BTCUSDT","BTC-260816-64000-C","2026-08-16","64000","CALL","1h","2026-08-13 19:00:00","2026-08-14 03:00:00","170.000","170.000","170.000","170.000","0.00","2026-08-13 19:59:59","2026-08-14 03:59:59","0.00000","0","0.00","0.00000"
"all-available","Asia/Taipei","BTCUSDT","BTC-260816-64000-C","2026-08-16","64000","CALL","1h","2026-08-13 20:00:00","2026-08-14 04:00:00","240.000","245.000","235.000","245.000","0.20","2026-08-13 20:59:59","2026-08-14 04:59:59","48.25000","4","0.20","48.25000"
"all-available","Asia/Taipei","BTCUSDT","BTC-260816-64000-C","2026-08-16","64000","CALL","1h","2026-08-13 21:00:00","2026-08-14 05:00:00","235.000","235.000","235.000","235.000","0.02","2026-08-13 21:59:59","2026-08-14 05:59:59","4.70000","1","0.02","4.70000"
"all-available","Asia/Taipei","BTCUSDT","BTC-260816-64000-C","2026-08-16","64000","CALL","1h","2026-08-13 22:00:00","2026-08-14 06:00:00","255.000","280.000","250.000","250.000","3.98","2026-08-13 22:59:59","2026-08-14 06:59:59","1066.05000","7","0.98","258.05000"
"all-available","Asia/Taipei","BTCUSDT","BTC-260816-64000-C","2026-08-16","64000","CALL","1h","2026-08-13 23:00:00","2026-08-14 07:00:00","215.000","215.000","195.000","195.000","0.02","2026-08-13 23:59:59","2026-08-14 07:59:59","4.10000","2","0.01","2.15000"
"all-available","Asia/Taipei","BTCUSDT","BTC-260816-64000-C","2026-08-16","64000","CALL","1h","2026-08-14 00:00:00","2026-08-14 08:00:00","220.000","220.000","200.000","200.000","0.12","2026-08-14 00:59:59","2026-08-14 08:59:59","25.20000","2","0.06","13.20000"
"all-available","Asia/Taipei","BTCUSDT","BTC-260816-64000-C","2026-08-16","64000","CALL","1h","2026-08-14 01:00:00","2026-08-14 09:00:00","205.000","215.000","200.000","210.000","4.10","2026-08-14 01:59:59","2026-08-14 09:59:59","880.35000","4","4.06","872.00000"
"all-available","Asia/Taipei","BTCUSDT","BTC-260816-64000-C","2026-08-16","64000","CALL","1h","2026-08-14 02:00:00","2026-08-14 10:00:00","215.000","215.000","195.000","195.000","0.14","2026-08-14 02:59:59","2026-08-14 10:59:59","29.75000","3","0.10","21.50000"
"all-available","Asia/Taipei","BTCUSDT","BTC-260816-64000-C","2026-08-16","64000","CALL","1h","2026-08-14 03:00:00","2026-08-14 11:00:00","190.000","190.000","190.000","190.000","0.01","2026-08-14 03:59:59","2026-08-14 11:59:59","1.90000","1","0.00","0.00000"
"all-available","Asia/Taipei","BTCUSDT","BTC-260816-64000-C","2026-08-16","64000","CALL","1h","2026-08-14 04:00:00","2026-08-14 12:00:00","190.000","190.000","190.000","190.000","0.00","2026-08-14 04:59:59","2026-08-14 12:59:59","0.00000","0","0.00","0.00000"
"all-available","Asia/Taipei","BTCUSDT","BTC-260816-64000-C","2026-08-16","64000","CALL","1h","2026-08-14 05:00:00","2026-08-14 13:00:00","140.000","140.000","140.000","140.000","1.00","2026-08-14 05:59:59","2026-08-14 13:59:59","140.00000","1","1.00","140.00000"
"all-available","Asia/Taipei","BTCUSDT","BTC-260816-64000-C","2026-08-16","64000","CALL","1h","2026-08-14 06:00:00","2026-08-14 14:00:00","115.000","115.000","80.000","80.000","1.27","2026-08-14 06:59:59","2026-08-14 14:59:59","119.80000","4","1.27","119.80000"
"all-available","Asia/Taipei","BTCUSDT","BTC-260816-64000-C","2026-08-16","64000","CALL","1h","2026-08-14 07:00:00","2026-08-14 15:00:00","90.000","95.000","85.000","95.000","0.31","2026-08-14 07:59:59","2026-08-14 15:59:59","27.75000","4","0.06","5.65000"
"all-available","Asia/Taipei","BTCUSDT","BTC-260816-64000-C","2026-08-16","64000","CALL","1h","2026-08-14 08:00:00","2026-08-14 16:00:00","85.000","85.000","60.000","65.000","4.26","2026-08-14 08:59:59","2026-08-14 16:59:59","295.35000","16","3.02","207.15000"
"all-available","Asia/Taipei","BTCUSDT","BTC-260816-64000-C","2026-08-16","64000","CALL","1h","2026-08-14 09:00:00","2026-08-14 17:00:00","45.000","50.000","45.000","45.000","4.76","2026-08-14 09:59:59","2026-08-14 17:59:59","224.20000","3","2.00","100.00000"
"all-available","Asia/Taipei","BTCUSDT","BTC-260816-64000-C","2026-08-16","64000","CALL","1h","2026-08-14 10:00:00","2026-08-14 18:00:00","50.000","50.000","50.000","50.000","1.02","2026-08-14 10:59:59","2026-08-14 18:59:59","51.00000","4","1.02","51.00000"
"all-available","Asia/Taipei","BTCUSDT","BTC-260816-64000-C","2026-08-16","64000","CALL","1h","2026-08-14 11:00:00","2026-08-14 19:00:00","45.000","50.000","45.000","50.000","1.49","2026-08-14 11:59:59","2026-08-14 19:59:59","72.05000","10","1.00","50.00000"
"all-available","Asia/Taipei","BTCUSDT","BTC-260816-64000-C","2026-08-16","64000","CALL","1h","2026-08-14 12:00:00","2026-08-14 20:00:00","40.000","40.000","35.000","35.000","1.59","2026-08-14 12:59:59","2026-08-14 20:59:59","60.10000","6","0.70","24.50000"
"all-available","Asia/Taipei","BTCUSDT","BTC-260816-64000-C","2026-08-16","64000","CALL","1h","2026-08-14 13:00:00","2026-08-14 21:00:00","40.000","40.000","30.000","30.000","7.66","2026-08-14 13:59:59","2026-08-14 21:59:59","271.40000","9","1.01","40.40000"
"all-available","Asia/Taipei","BTCUSDT","BTC-260816-64000-C","2026-08-16","64000","CALL","1h","2026-08-14 14:00:00","2026-08-14 22:00:00","25.000","35.000","25.000","25.000","10.58","2026-08-14 14:59:59","2026-08-14 22:59:59","276.40000","22","0.77","26.95000"
"all-available","Asia/Taipei","BTCUSDT","BTC-260816-64000-C","2026-08-16","64000","CALL","1h","2026-08-14 15:00:00","2026-08-14 23:00:00","25.000","45.000","25.000","40.000","6.12","2026-08-14 15:59:59","2026-08-14 23:59:59","215.80000","11","2.60","75.00000"
"all-available","Asia/Taipei","BTCUSDT","BTC-260816-64000-C","2026-08-16","64000","CALL","1h","2026-08-14 16:00:00","2026-08-15 00:00:00","40.000","40.000","40.000","40.000","0.00","2026-08-14 16:59:59","2026-08-15 00:59:59","0.00000","0","0.00","0.00000"
"all-available","Asia/Taipei","BTCUSDT","BTC-260816-64000-C","2026-08-16","64000","CALL","1h","2026-08-14 17:00:00","2026-08-15 01:00:00","40.000","40.000","40.000","40.000","0.00","2026-08-14 17:59:59","2026-08-15 01:59:59","0.00000","0","0.00","0.00000"
"all-available","Asia/Taipei","BTCUSDT","BTC-260816-64000-C","2026-08-16","64000","CALL","1h","2026-08-14 18:00:00","2026-08-15 02:00:00","20.000","20.000","15.000","15.000","5.76","2026-08-14 18:59:59","2026-08-15 02:59:59","89.90000","6","0.01","0.20000"
"all-available","Asia/Taipei","BTCUSDT","BTC-260816-64000-C","2026-08-16","64000","CALL","1h","2026-08-14 19:00:00","2026-08-15 03:00:00","10.000","10.000","10.000","10.000","0.20","2026-08-14 19:59:59","2026-08-15 03:59:59","2.00000","1","0.20","2.00000"
"all-available","Asia/Taipei","BTCUSDT","BTC-260816-64000-C","2026-08-16","64000","CALL","1h","2026-08-14 20:00:00","2026-08-15 04:00:00","10.000","10.000","10.000","10.000","1.00","2026-08-14 20:59:59","2026-08-15 04:59:59","10.00000","1","1.00","10.00000"
"all-available","Asia/Taipei","BTCUSDT","BTC-260816-64000-C","2026-08-16","64000","CALL","1h","2026-08-14 21:00:00","2026-08-15 05:00:00","10.000","10.000","10.000","10.000","0.00","2026-08-14 21:59:59","2026-08-15 05:59:59","0.00000","0","0.00","0.00000"
"all-available","Asia/Taipei","BTCUSDT","BTC-260816-64000-C","2026-08-16","64000","CALL","1h","2026-08-14 22:00:00","2026-08-15 06:00:00","10.000","10.000","10.000","10.000","0.00","2026-08-14 22:59:59","2026-08-15 06:59:59","0.00000","0","0.00","0.00000"
"all-available","Asia/Taipei","BTCUSDT","BTC-260816-64000-C","2026-08-16","64000","CALL","1h","2026-08-14 23:00:00","2026-08-15 07:00:00","10.000","10.000","10.000","10.000","3.28","2026-08-14 23:59:59","2026-08-15 07:59:59","32.80000","3","3.28","32.80000"
"all-available","Asia/Taipei","BTCUSDT","BTC-260816-64000-C","2026-08-16","64000","CALL","1h","2026-08-15 00:00:00","2026-08-15 08:00:00","10.000","10.000","10.000","10.000","0.10","2026-08-15 00:59:59","2026-08-15 08:59:59","1.00000","1","0.10","1.00000"
"all-available","Asia/Taipei","BTCUSDT","BTC-260816-64000-C","2026-08-16","64000","CALL","1h","2026-08-15 01:00:00","2026-08-15 09:00:00","10.000","10.000","10.000","10.000","0.76","2026-08-15 01:59:59","2026-08-15 09:59:59","7.60000","2","0.76","7.60000"
"all-available","Asia/Taipei","BTCUSDT","BTC-260816-64000-C","2026-08-16","64000","CALL","1h","2026-08-15 02:00:00","2026-08-15 10:00:00","10.000","10.000","10.000","10.000","20.06","2026-08-15 02:59:59","2026-08-15 10:59:59","200.60000","7","16.00","160.00000"
"all-available","Asia/Taipei","BTCUSDT","BTC-260816-64000-C","2026-08-16","64000","CALL","1h","2026-08-15 03:00:00","2026-08-15 11:00:00","10.000","10.000","10.000","10.000","9.17","2026-08-15 03:59:59","2026-08-15 11:59:59","91.70000","6","9.17","91.70000"
"all-available","Asia/Taipei","BTCUSDT","BTC-260816-64000-C","2026-08-16","64000","CALL","1h","2026-08-15 04:00:00","2026-08-15 12:00:00","10.000","10.000","10.000","10.000","0.00","2026-08-15 04:59:59","2026-08-15 12:59:59","0.00000","0","0.00","0.00000"
"all-available","Asia/Taipei","BTCUSDT","BTC-260816-64000-C","2026-08-16","64000","CALL","1h","2026-08-15 05:00:00","2026-08-15 13:00:00","10.000","10.000","10.000","10.000","1.62","2026-08-15 05:59:59","2026-08-15 13:59:59","16.20000","4","1.62","16.20000"
"all-available","Asia/Taipei","BTCUSDT","BTC-260816-64000-C","2026-08-16","64000","CALL","1h","2026-08-15 06:00:00","2026-08-15 14:00:00","10.000","10.000","10.000","10.000","20.48","2026-08-15 06:59:59","2026-08-15 14:59:59","204.80000","46","20.48","204.80000"
"all-available","Asia/Taipei","BTCUSDT","BTC-260816-64000-C","2026-08-16","64000","CALL","1h","2026-08-15 07:00:00","2026-08-15 15:00:00","10.000","10.000","10.000","10.000","11.96","2026-08-15 07:59:59","2026-08-15 15:59:59","119.60000","6","11.96","119.60000"
"all-available","Asia/Taipei","BTCUSDT","BTC-260816-64000-C","2026-08-16","64000","CALL","1h","2026-08-15 08:00:00","2026-08-15 16:00:00","10.000","10.000","5.000","10.000","25.12","2026-08-15 08:59:59","2026-08-15 16:59:59","250.20000","14","23.14","231.40000"
"all-available","Asia/Taipei","BTCUSDT","BTC-260816-64000-C","2026-08-16","64000","CALL","1h","2026-08-15 09:00:00","2026-08-15 17:00:00","10.000","10.000","10.000","10.000","0.20","2026-08-15 09:59:59","2026-08-15 17:59:59","2.00000","1","0.20","2.00000"
"all-available","Asia/Taipei","BTCUSDT","BTC-260816-64000-C","2026-08-16","64000","CALL","1h","2026-08-15 10:00:00","2026-08-15 18:00:00","10.000","10.000","10.000","10.000","0.04","2026-08-15 10:59:59","2026-08-15 18:59:59","0.40000","2","0.04","0.40000"
"all-available","Asia/Taipei","BTCUSDT","BTC-260816-64000-C","2026-08-16","64000","CALL","1h","2026-08-15 11:00:00","2026-08-15 19:00:00","10.000","10.000","10.000","10.000","29.92","2026-08-15 11:59:59","2026-08-15 19:59:59","299.20000","17","24.27","242.70000"
"all-available","Asia/Taipei","BTCUSDT","BTC-260816-64000-C","2026-08-16","64000","CALL","1h","2026-08-15 12:00:00","2026-08-15 20:00:00","10.000","10.000","10.000","10.000","1.00","2026-08-15 12:59:59","2026-08-15 20:59:59","10.00000","1","0.00","0.00000"
"all-available","Asia/Taipei","BTCUSDT","BTC-260816-64000-C","2026-08-16","64000","CALL","1h","2026-08-15 13:00:00","2026-08-15 21:00:00","10.000","10.000","5.000","5.000","25.39","2026-08-15 13:59:59","2026-08-15 21:59:59","252.95000","4","25.20","252.00000"
"all-available","Asia/Taipei","BTCUSDT","BTC-260816-64000-C","2026-08-16","64000","CALL","1h","2026-08-15 14:00:00","2026-08-15 22:00:00","10.000","10.000","10.000","10.000","2.00","2026-08-15 14:59:59","2026-08-15 22:59:59","20.00000","1","2.00","20.00000"
"all-available","Asia/Taipei","BTCUSDT","BTC-260816-64000-C","2026-08-16","64000","CALL","1h","2026-08-15 15:00:00","2026-08-15 23:00:00","5.000","10.000","5.000","10.000","20.20","2026-08-15 15:59:59","2026-08-15 23:59:59","101.90000","9","0.18","1.80000"
"all-available","Asia/Taipei","BTCUSDT","BTC-260816-64000-C","2026-08-16","64000","CALL","1h","2026-08-15 16:00:00","2026-08-16 00:00:00","10.000","10.000","5.000","5.000","3.06","2026-08-15 16:59:59","2026-08-16 00:59:59","20.30000","5","1.00","10.00000"
"all-available","Asia/Taipei","BTCUSDT","BTC-260816-64000-C","2026-08-16","64000","CALL","1h","2026-08-15 17:00:00","2026-08-16 01:00:00","5.000","5.000","5.000","5.000","5.50","2026-08-15 17:59:59","2026-08-16 01:59:59","27.50000","3","0.00","0.00000"
"all-available","Asia/Taipei","BTCUSDT","BTC-260816-64000-C","2026-08-16","64000","CALL","1h","2026-08-15 18:00:00","2026-08-16 02:00:00","5.000","5.000","5.000","5.000","0.92","2026-08-15 18:59:59","2026-08-16 02:59:59","4.60000","1","0.92","4.60000"
"all-available","Asia/Taipei","BTCUSDT","BTC-260816-64000-C","2026-08-16","64000","CALL","1h","2026-08-15 19:00:00","2026-08-16 03:00:00","5.000","5.000","5.000","5.000","0.80","2026-08-15 19:59:59","2026-08-16 03:59:59","4.00000","2","0.80","4.00000"
"all-available","Asia/Taipei","BTCUSDT","BTC-260816-64000-C","2026-08-16","64000","CALL","1h","2026-08-15 20:00:00","2026-08-16 04:00:00","5.000","5.000","5.000","5.000","0.00","2026-08-15 20:59:59","2026-08-16 04:59:59","0.00000","0","0.00","0.00000"
"all-available","Asia/Taipei","BTCUSDT","BTC-260816-64000-C","2026-08-16","64000","CALL","1h","2026-08-15 21:00:00","2026-08-16 05:00:00","5.000","5.000","5.000","5.000","0.00","2026-08-15 21:59:59","2026-08-16 05:59:59","0.00000","0","0.00","0.00000"
"all-available","Asia/Taipei","BTCUSDT","BTC-260816-64000-C","2026-08-16","64000","CALL","1h","2026-08-15 22:00:00","2026-08-16 06:00:00","5.000","5.000","5.000","5.000","0.00","2026-08-15 22:59:59","2026-08-16 06:59:59","0.00000","0","0.00","0.00000"
"all-available","Asia/Taipei","BTCUSDT","BTC-260816-64000-C","2026-08-16","64000","CALL","1h","2026-08-15 23:00:00","2026-08-16 07:00:00","5.000","5.000","5.000","5.000","0.05","2026-08-15 23:59:59","2026-08-16 07:59:59","0.25000","1","0.05","0.25000"
"all-available","Asia/Taipei","BTCUSDT","BTC-260816-64000-C","2026-08-16","64000","CALL","1h","2026-08-16 00:00:00","2026-08-16 08:00:00","5.000","5.000","5.000","5.000","0.00","2026-08-16 00:59:59","2026-08-16 08:59:59","0.00000","0","0.00","0.00000"
"all-available","Asia/Taipei","BTCUSDT","BTC-260816-64000-C","2026-08-16","64000","CALL","1h","2026-08-16 01:00:00","2026-08-16 09:00:00","5.000","5.000","5.000","5.000","0.00","2026-08-16 01:59:59","2026-08-16 09:59:59","0.00000","0","0.00","0.00000"
"all-available","Asia/Taipei","BTCUSDT","BTC-260816-64000-C","2026-08-16","64000","CALL","1h","2026-08-16 02:00:00","2026-08-16 10:00:00","5.000","5.000","5.000","5.000","0.00","2026-08-16 02:59:59","2026-08-16 10:59:59","0.00000","0","0.00","0.00000"
"all-available","Asia/Taipei","BTCUSDT","BTC-260816-64000-C","2026-08-16","64000","CALL","1h","2026-08-16 03:00:00","2026-08-16 11:00:00","5.000","5.000","5.000","5.000","0.00","2026-08-16 03:59:59","2026-08-16 11:59:59","0.00000","0","0.00","0.00000"
"all-available","Asia/Taipei","BTCUSDT","BTC-260816-64000-C","2026-08-16","64000","CALL","1h","2026-08-16 04:00:00","2026-08-16 12:00:00","5.000","5.000","5.000","5.000","0.00","2026-08-16 04:59:59","2026-08-16 12:59:59","0.00000","0","0.00","0.00000"
"all-available","Asia/Taipei","BTCUSDT","BTC-260816-64000-C","2026-08-16","64000","CALL","1h","2026-08-16 05:00:00","2026-08-16 13:00:00","5.000","5.000","5.000","5.000","0.00","2026-08-16 05:59:59","2026-08-16 13:59:59","0.00000","0","0.00","0.00000"
"all-available","Asia/Taipei","BTCUSDT","BTC-260816-64000-C","2026-08-16","64000","CALL","1h","2026-08-16 06:00:00","2026-08-16 14:00:00","5.000","5.000","5.000","5.000","0.00","2026-08-16 06:59:59","2026-08-16 14:59:59","0.00000","0","0.00","0.00000"
"all-available","Asia/Taipei","BTCUSDT","BTC-260816-64000-C","2026-08-16","64000","CALL","1h","2026-08-16 07:00:00","2026-08-16 15:00:00","5.000","5.000","5.000","5.000","0.00","2026-08-16 07:59:59","2026-08-16 15:59:59","0.00000","0","0.00","0.00000"
"all-available","Asia/Taipei","BTCUSDT","BTC-260816-64000-P","2026-08-16","64000","PUT","1h","2026-08-13 13:00:00","2026-08-13 21:00:00","615.000","645.000","615.000","645.000","0.37","2026-08-13 13:59:59","2026-08-13 21:59:59","234.15000","3","0.37","234.15000"
"all-available","Asia/Taipei","BTCUSDT","BTC-260816-64000-P","2026-08-16","64000","PUT","1h","2026-08-13 14:00:00","2026-08-13 22:00:00","535.000","535.000","505.000","505.000","0.14","2026-08-13 14:59:59","2026-08-13 22:59:59","73.70000","2","0.04","20.20000"
"all-available","Asia/Taipei","BTCUSDT","BTC-260816-64000-P","2026-08-16","64000","PUT","1h","2026-08-13 15:00:00","2026-08-13 23:00:00","620.000","620.000","620.000","620.000","0.04","2026-08-13 15:59:59","2026-08-13 23:59:59","24.80000","1","0.00","0.00000"
"all-available","Asia/Taipei","BTCUSDT","BTC-260816-64000-P","2026-08-16","64000","PUT","1h","2026-08-13 16:00:00","2026-08-14 00:00:00","620.000","620.000","620.000","620.000","0.00","2026-08-13 16:59:59","2026-08-14 00:59:59","0.00000","0","0.00","0.00000"
"all-available","Asia/Taipei","BTCUSDT","BTC-260816-64000-P","2026-08-16","64000","PUT","1h","2026-08-13 17:00:00","2026-08-14 01:00:00","620.000","620.000","620.000","620.000","0.00","2026-08-13 17:59:59","2026-08-14 01:59:59","0.00000","0","0.00","0.00000"
"all-available","Asia/Taipei","BTCUSDT","BTC-260816-64000-P","2026-08-16","64000","PUT","1h","2026-08-13 18:00:00","2026-08-14 02:00:00","620.000","620.000","620.000","620.000","0.00","2026-08-13 18:59:59","2026-08-14 02:59:59","0.00000","0","0.00","0.00000"
"all-available","Asia/Taipei","BTCUSDT","BTC-260816-64000-P","2026-08-16","64000","PUT","1h","2026-08-13 19:00:00","2026-08-14 03:00:00","620.000","620.000","620.000","620.000","0.00","2026-08-13 19:59:59","2026-08-14 03:59:59","0.00000","0","0.00","0.00000"
"all-available","Asia/Taipei","BTCUSDT","BTC-260816-64000-P","2026-08-16","64000","PUT","1h","2026-08-13 20:00:00","2026-08-14 04:00:00","620.000","620.000","620.000","620.000","0.00","2026-08-13 20:59:59","2026-08-14 04:59:59","0.00000","0","0.00","0.00000"
"all-available","Asia/Taipei","BTCUSDT","BTC-260816-64000-P","2026-08-16","64000","PUT","1h","2026-08-13 21:00:00","2026-08-14 05:00:00","620.000","620.000","620.000","620.000","0.00","2026-08-13 21:59:59","2026-08-14 05:59:59","0.00000","0","0.00","0.00000"
"all-available","Asia/Taipei","BTCUSDT","BTC-260816-64000-P","2026-08-16","64000","PUT","1h","2026-08-13 22:00:00","2026-08-14 06:00:00","620.000","620.000","620.000","620.000","0.00","2026-08-13 22:59:59","2026-08-14 06:59:59","0.00000","0","0.00","0.00000"
"all-available","Asia/Taipei","BTCUSDT","BTC-260816-64000-P","2026-08-16","64000","PUT","1h","2026-08-13 23:00:00","2026-08-14 07:00:00","620.000","620.000","620.000","620.000","0.00","2026-08-13 23:59:59","2026-08-14 07:59:59","0.00000","0","0.00","0.00000"
"all-available","Asia/Taipei","BTCUSDT","BTC-260816-64000-P","2026-08-16","64000","PUT","1h","2026-08-14 00:00:00","2026-08-14 08:00:00","620.000","620.000","620.000","620.000","0.00","2026-08-14 00:59:59","2026-08-14 08:59:59","0.00000","0","0.00","0.00000"
"all-available","Asia/Taipei","BTCUSDT","BTC-260816-64000-P","2026-08-16","64000","PUT","1h","2026-08-14 01:00:00","2026-08-14 09:00:00","620.000","620.000","620.000","620.000","0.00","2026-08-14 01:59:59","2026-08-14 09:59:59","0.00000","0","0.00","0.00000"
"all-available","Asia/Taipei","BTCUSDT","BTC-260816-64000-P","2026-08-16","64000","PUT","1h","2026-08-14 02:00:00","2026-08-14 10:00:00","620.000","620.000","620.000","620.000","0.00","2026-08-14 02:59:59","2026-08-14 10:59:59","0.00000","0","0.00","0.00000"
"all-available","Asia/Taipei","BTCUSDT","BTC-260816-64000-P","2026-08-16","64000","PUT","1h","2026-08-14 03:00:00","2026-08-14 11:00:00","620.000","620.000","620.000","620.000","0.00","2026-08-14 03:59:59","2026-08-14 11:59:59","0.00000","0","0.00","0.00000"
"all-available","Asia/Taipei","BTCUSDT","BTC-260816-64000-P","2026-08-16","64000","PUT","1h","2026-08-14 04:00:00","2026-08-14 12:00:00","620.000","620.000","620.000","620.000","0.00","2026-08-14 04:59:59","2026-08-14 12:59:59","0.00000","0","0.00","0.00000"
"all-available","Asia/Taipei","BTCUSDT","BTC-260816-64000-P","2026-08-16","64000","PUT","1h","2026-08-14 05:00:00","2026-08-14 13:00:00","620.000","620.000","620.000","620.000","0.00","2026-08-14 05:59:59","2026-08-14 13:59:59","0.00000","0","0.00","0.00000"
"all-available","Asia/Taipei","BTCUSDT","BTC-260816-64000-P","2026-08-16","64000","PUT","1h","2026-08-14 06:00:00","2026-08-14 14:00:00","620.000","620.000","620.000","620.000","0.00","2026-08-14 06:59:59","2026-08-14 14:59:59","0.00000","0","0.00","0.00000"
"all-available","Asia/Taipei","BTCUSDT","BTC-260816-64000-P","2026-08-16","64000","PUT","1h","2026-08-14 07:00:00","2026-08-14 15:00:00","620.000","620.000","620.000","620.000","0.00","2026-08-14 07:59:59","2026-08-14 15:59:59","0.00000","0","0.00","0.00000"
"all-available","Asia/Taipei","BTCUSDT","BTC-260816-64000-P","2026-08-16","64000","PUT","1h","2026-08-14 08:00:00","2026-08-14 16:00:00","1300.000","1300.000","1300.000","1300.000","0.10","2026-08-14 08:59:59","2026-08-14 16:59:59","130.00000","1","0.10","130.00000"
"all-available","Asia/Taipei","BTCUSDT","BTC-260816-64000-P","2026-08-16","64000","PUT","1h","2026-08-14 09:00:00","2026-08-14 17:00:00","1300.000","1300.000","1300.000","1300.000","0.00","2026-08-14 09:59:59","2026-08-14 17:59:59","0.00000","0","0.00","0.00000"
"all-available","Asia/Taipei","BTCUSDT","BTC-260816-64000-P","2026-08-16","64000","PUT","1h","2026-08-14 10:00:00","2026-08-14 18:00:00","1300.000","1300.000","1300.000","1300.000","0.00","2026-08-14 10:59:59","2026-08-14 18:59:59","0.00000","0","0.00","0.00000"
"all-available","Asia/Taipei","BTCUSDT","BTC-260816-64000-P","2026-08-16","64000","PUT","1h","2026-08-14 11:00:00","2026-08-14 19:00:00","1300.000","1300.000","1300.000","1300.000","0.00","2026-08-14 11:59:59","2026-08-14 19:59:59","0.00000","0","0.00","0.00000"
"all-available","Asia/Taipei","BTCUSDT","BTC-260816-64000-P","2026-08-16","64000","PUT","1h","2026-08-14 12:00:00","2026-08-14 20:00:00","1300.000","1300.000","1300.000","1300.000","0.00","2026-08-14 12:59:59","2026-08-14 20:59:59","0.00000","0","0.00","0.00000"
"all-available","Asia/Taipei","BTCUSDT","BTC-260816-64000-P","2026-08-16","64000","PUT","1h","2026-08-14 13:00:00","2026-08-14 21:00:00","1300.000","1300.000","1300.000","1300.000","0.00","2026-08-14 13:59:59","2026-08-14 21:59:59","0.00000","0","0.00","0.00000"
"all-available","Asia/Taipei","BTCUSDT","BTC-260816-64000-P","2026-08-16","64000","PUT","1h","2026-08-14 14:00:00","2026-08-14 22:00:00","1300.000","1300.000","1300.000","1300.000","0.00","2026-08-14 14:59:59","2026-08-14 22:59:59","0.00000","0","0.00","0.00000"
"all-available","Asia/Taipei","BTCUSDT","BTC-260816-64000-P","2026-08-16","64000","PUT","1h","2026-08-14 15:00:00","2026-08-14 23:00:00","1090.000","1090.000","1000.000","1000.000","4.85","2026-08-14 15:59:59","2026-08-14 23:59:59","5277.50000","2","0.00","0.00000"
"all-available","Asia/Taipei","BTCUSDT","BTC-260816-64000-P","2026-08-16","64000","PUT","1h","2026-08-14 16:00:00","2026-08-15 00:00:00","1000.000","1000.000","1000.000","1000.000","0.00","2026-08-14 16:59:59","2026-08-15 00:59:59","0.00000","0","0.00","0.00000"
"all-available","Asia/Taipei","BTCUSDT","BTC-260816-64000-P","2026-08-16","64000","PUT","1h","2026-08-14 17:00:00","2026-08-15 01:00:00","1000.000","1000.000","1000.000","1000.000","0.00","2026-08-14 17:59:59","2026-08-15 01:59:59","0.00000","0","0.00","0.00000"
"all-available","Asia/Taipei","BTCUSDT","BTC-260816-64000-P","2026-08-16","64000","PUT","1h","2026-08-14 18:00:00","2026-08-15 02:00:00","1000.000","1000.000","1000.000","1000.000","0.00","2026-08-14 18:59:59","2026-08-15 02:59:59","0.00000","0","0.00","0.00000"
"all-available","Asia/Taipei","BTCUSDT","BTC-260816-64000-P","2026-08-16","64000","PUT","1h","2026-08-14 19:00:00","2026-08-15 03:00:00","1000.000","1000.000","1000.000","1000.000","0.00","2026-08-14 19:59:59","2026-08-15 03:59:59","0.00000","0","0.00","0.00000"
"all-available","Asia/Taipei","BTCUSDT","BTC-260816-64000-P","2026-08-16","64000","PUT","1h","2026-08-14 20:00:00","2026-08-15 04:00:00","1000.000","1000.000","1000.000","1000.000","0.00","2026-08-14 20:59:59","2026-08-15 04:59:59","0.00000","0","0.00","0.00000"
"all-available","Asia/Taipei","BTCUSDT","BTC-260816-64000-P","2026-08-16","64000","PUT","1h","2026-08-14 21:00:00","2026-08-15 05:00:00","1000.000","1000.000","1000.000","1000.000","0.00","2026-08-14 21:59:59","2026-08-15 05:59:59","0.00000","0","0.00","0.00000"
"all-available","Asia/Taipei","BTCUSDT","BTC-260816-64000-P","2026-08-16","64000","PUT","1h","2026-08-14 22:00:00","2026-08-15 06:00:00","1000.000","1000.000","1000.000","1000.000","0.00","2026-08-14 22:59:59","2026-08-15 06:59:59","0.00000","0","0.00","0.00000"
"all-available","Asia/Taipei","BTCUSDT","BTC-260816-64000-P","2026-08-16","64000","PUT","1h","2026-08-14 23:00:00","2026-08-15 07:00:00","1000.000","1000.000","1000.000","1000.000","0.00","2026-08-14 23:59:59","2026-08-15 07:59:59","0.00000","0","0.00","0.00000"
"all-available","Asia/Taipei","BTCUSDT","BTC-260816-64000-P","2026-08-16","64000","PUT","1h","2026-08-15 00:00:00","2026-08-15 08:00:00","1000.000","1000.000","1000.000","1000.000","0.00","2026-08-15 00:59:59","2026-08-15 08:59:59","0.00000","0","0.00","0.00000"
"all-available","Asia/Taipei","BTCUSDT","BTC-260816-64000-P","2026-08-16","64000","PUT","1h","2026-08-15 01:00:00","2026-08-15 09:00:00","1000.000","1000.000","1000.000","1000.000","0.00","2026-08-15 01:59:59","2026-08-15 09:59:59","0.00000","0","0.00","0.00000"
"all-available","Asia/Taipei","BTCUSDT","BTC-260816-64000-P","2026-08-16","64000","PUT","1h","2026-08-15 02:00:00","2026-08-15 10:00:00","1000.000","1000.000","1000.000","1000.000","0.00","2026-08-15 02:59:59","2026-08-15 10:59:59","0.00000","0","0.00","0.00000"
"all-available","Asia/Taipei","BTCUSDT","BTC-260816-64000-P","2026-08-16","64000","PUT","1h","2026-08-15 03:00:00","2026-08-15 11:00:00","1000.000","1000.000","1000.000","1000.000","0.00","2026-08-15 03:59:59","2026-08-15 11:59:59","0.00000","0","0.00","0.00000"
"all-available","Asia/Taipei","BTCUSDT","BTC-260816-64000-P","2026-08-16","64000","PUT","1h","2026-08-15 04:00:00","2026-08-15 12:00:00","1000.000","1000.000","1000.000","1000.000","0.00","2026-08-15 04:59:59","2026-08-15 12:59:59","0.00000","0","0.00","0.00000"
"all-available","Asia/Taipei","BTCUSDT","BTC-260816-64000-P","2026-08-16","64000","PUT","1h","2026-08-15 05:00:00","2026-08-15 13:00:00","1000.000","1000.000","1000.000","1000.000","0.00","2026-08-15 05:59:59","2026-08-15 13:59:59","0.00000","0","0.00","0.00000"
"all-available","Asia/Taipei","BTCUSDT","BTC-260816-64000-P","2026-08-16","64000","PUT","1h","2026-08-15 06:00:00","2026-08-15 14:00:00","1000.000","1000.000","1000.000","1000.000","0.00","2026-08-15 06:59:59","2026-08-15 14:59:59","0.00000","0","0.00","0.00000"
"all-available","Asia/Taipei","BTCUSDT","BTC-260816-64000-P","2026-08-16","64000","PUT","1h","2026-08-15 07:00:00","2026-08-15 15:00:00","1000.000","1000.000","1000.000","1000.000","0.00","2026-08-15 07:59:59","2026-08-15 15:59:59","0.00000","0","0.00","0.00000"
"all-available","Asia/Taipei","BTCUSDT","BTC-260816-64000-P","2026-08-16","64000","PUT","1h","2026-08-15 08:00:00","2026-08-15 16:00:00","920.000","1000.000","920.000","1000.000","5.28","2026-08-15 08:59:59","2026-08-15 16:59:59","5097.50000","3","5.28","5097.50000"
"all-available","Asia/Taipei","BTCUSDT","BTC-260816-64000-P","2026-08-16","64000","PUT","1h","2026-08-15 09:00:00","2026-08-15 17:00:00","1000.000","1000.000","1000.000","1000.000","0.00","2026-08-15 09:59:59","2026-08-15 17:59:59","0.00000","0","0.00","0.00000"
"all-available","Asia/Taipei","BTCUSDT","BTC-260816-64000-P","2026-08-16","64000","PUT","1h","2026-08-15 10:00:00","2026-08-15 18:00:00","1000.000","1000.000","1000.000","1000.000","0.00","2026-08-15 10:59:59","2026-08-15 18:59:59","0.00000","0","0.00","0.00000"
"all-available","Asia/Taipei","BTCUSDT","BTC-260816-64000-P","2026-08-16","64000","PUT","1h","2026-08-15 11:00:00","2026-08-15 19:00:00","1000.000","1000.000","1000.000","1000.000","0.00","2026-08-15 11:59:59","2026-08-15 19:59:59","0.00000","0","0.00","0.00000"
"all-available","Asia/Taipei","BTCUSDT","BTC-260816-64000-P","2026-08-16","64000","PUT","1h","2026-08-15 12:00:00","2026-08-15 20:00:00","1000.000","1000.000","1000.000","1000.000","0.00","2026-08-15 12:59:59","2026-08-15 20:59:59","0.00000","0","0.00","0.00000"
"all-available","Asia/Taipei","BTCUSDT","BTC-260816-64000-P","2026-08-16","64000","PUT","1h","2026-08-15 13:00:00","2026-08-15 21:00:00","1000.000","1000.000","1000.000","1000.000","0.00","2026-08-15 13:59:59","2026-08-15 21:59:59","0.00000","0","0.00","0.00000"
"all-available","Asia/Taipei","BTCUSDT","BTC-260816-64000-P","2026-08-16","64000","PUT","1h","2026-08-15 14:00:00","2026-08-15 22:00:00","1000.000","1000.000","1000.000","1000.000","0.00","2026-08-15 14:59:59","2026-08-15 22:59:59","0.00000","0","0.00","0.00000"
"all-available","Asia/Taipei","BTCUSDT","BTC-260816-64000-P","2026-08-16","64000","PUT","1h","2026-08-15 15:00:00","2026-08-15 23:00:00","1000.000","1000.000","1000.000","1000.000","0.00","2026-08-15 15:59:59","2026-08-15 23:59:59","0.00000","0","0.00","0.00000"
"all-available","Asia/Taipei","BTCUSDT","BTC-260816-64000-P","2026-08-16","64000","PUT","1h","2026-08-15 16:00:00","2026-08-16 00:00:00","1000.000","1000.000","1000.000","1000.000","0.00","2026-08-15 16:59:59","2026-08-16 00:59:59","0.00000","0","0.00","0.00000"
"all-available","Asia/Taipei","BTCUSDT","BTC-260816-64000-P","2026-08-16","64000","PUT","1h","2026-08-15 17:00:00","2026-08-16 01:00:00","1000.000","1000.000","1000.000","1000.000","0.00","2026-08-15 17:59:59","2026-08-16 01:59:59","0.00000","0","0.00","0.00000"
"all-available","Asia/Taipei","BTCUSDT","BTC-260816-64000-P","2026-08-16","64000","PUT","1h","2026-08-15 18:00:00","2026-08-16 02:00:00","1000.000","1000.000","1000.000","1000.000","0.00","2026-08-15 18:59:59","2026-08-16 02:59:59","0.00000","0","0.00","0.00000"
"all-available","Asia/Taipei","BTCUSDT","BTC-260816-64000-P","2026-08-16","64000","PUT","1h","2026-08-15 19:00:00","2026-08-16 03:00:00","1000.000","1000.000","1000.000","1000.000","0.00","2026-08-15 19:59:59","2026-08-16 03:59:59","0.00000","0","0.00","0.00000"
"all-available","Asia/Taipei","BTCUSDT","BTC-260816-64000-P","2026-08-16","64000","PUT","1h","2026-08-15 20:00:00","2026-08-16 04:00:00","1000.000","1000.000","1000.000","1000.000","0.00","2026-08-15 20:59:59","2026-08-16 04:59:59","0.00000","0","0.00","0.00000"
"all-available","Asia/Taipei","BTCUSDT","BTC-260816-64000-P","2026-08-16","64000","PUT","1h","2026-08-15 21:00:00","2026-08-16 05:00:00","1000.000","1000.000","1000.000","1000.000","0.00","2026-08-15 21:59:59","2026-08-16 05:59:59","0.00000","0","0.00","0.00000"
"all-available","Asia/Taipei","BTCUSDT","BTC-260816-64000-P","2026-08-16","64000","PUT","1h","2026-08-15 22:00:00","2026-08-16 06:00:00","1000.000","1000.000","1000.000","1000.000","0.00","2026-08-15 22:59:59","2026-08-16 06:59:59","0.00000","0","0.00","0.00000"
"all-available","Asia/Taipei","BTCUSDT","BTC-260816-64000-P","2026-08-16","64000","PUT","1h","2026-08-15 23:00:00","2026-08-16 07:00:00","1000.000","1000.000","1000.000","1000.000","0.00","2026-08-15 23:59:59","2026-08-16 07:59:59","0.00000","0","0.00","0.00000"
"all-available","Asia/Taipei","BTCUSDT","BTC-260816-64000-P","2026-08-16","64000","PUT","1h","2026-08-16 00:00:00","2026-08-16 08:00:00","1000.000","1000.000","1000.000","1000.000","0.00","2026-08-16 00:59:59","2026-08-16 08:59:59","0.00000","0","0.00","0.00000"
"all-available","Asia/Taipei","BTCUSDT","BTC-260816-64000-P","2026-08-16","64000","PUT","1h","2026-08-16 01:00:00","2026-08-16 09:00:00","1000.000","1000.000","1000.000","1000.000","0.00","2026-08-16 01:59:59","2026-08-16 09:59:59","0.00000","0","0.00","0.00000"
"all-available","Asia/Taipei","BTCUSDT","BTC-260816-64000-P","2026-08-16","64000","PUT","1h","2026-08-16 02:00:00","2026-08-16 10:00:00","1000.000","1000.000","1000.000","1000.000","0.00","2026-08-16 02:59:59","2026-08-16 10:59:59","0.00000","0","0.00","0.00000"
"all-available","Asia/Taipei","BTCUSDT","BTC-260816-64000-P","2026-08-16","64000","PUT","1h","2026-08-16 03:00:00","2026-08-16 11:00:00","1000.000","1000.000","1000.000","1000.000","0.00","2026-08-16 03:59:59","2026-08-16 11:59:59","0.00000","0","0.00","0.00000"
"all-available","Asia/Taipei","BTCUSDT","BTC-260816-64000-P","2026-08-16","64000","PUT","1h","2026-08-16 04:00:00","2026-08-16 12:00:00","1000.000","1000.000","1000.000","1000.000","0.00","2026-08-16 04:59:59","2026-08-16 12:59:59","0.00000","0","0.00","0.00000"
"all-available","Asia/Taipei","BTCUSDT","BTC-260816-64000-P","2026-08-16","64000","PUT","1h","2026-08-16 05:00:00","2026-08-16 13:00:00","1000.000","1000.000","1000.000","1000.000","0.00","2026-08-16 05:59:59","2026-08-16 13:59:59","0.00000","0","0.00","0.00000"
"all-available","Asia/Taipei","BTCUSDT","BTC-260816-64000-P","2026-08-16","64000","PUT","1h","2026-08-16 06:00:00","2026-08-16 14:00:00","1000.000","1000.000","1000.000","1000.000","0.00","2026-08-16 06:59:59","2026-08-16 14:59:59","0.00000","0","0.00","0.00000"
"all-available","Asia/Taipei","BTCUSDT","BTC-260816-64000-P","2026-08-16","64000","PUT","1h","2026-08-16 07:00:00","2026-08-16 15:00:00","1000.000","1000.000","1000.000","1000.000","0.00","2026-08-16 07:59:59","2026-08-16 15:59:59","0.00000","0","0.00","0.00000"
"all-available","Asia/Taipei","BTCUSDT","BTC-260816-64500-C","2026-08-16","64500","CALL","1h","2026-08-13 09:00:00","2026-08-13 17:00:00","220.000","220.000","210.000","215.000","0.16","2026-08-13 09:59:59","2026-08-13 17:59:59","34.70000","4","0.00","0.00000"
"all-available","Asia/Taipei","BTCUSDT","BTC-260816-64500-C","2026-08-16","64500","CALL","1h","2026-08-13 10:00:00","2026-08-13 18:00:00","235.000","235.000","235.000","235.000","0.02","2026-08-13 10:59:59","2026-08-13 18:59:59","4.70000","1","0.00","0.00000"
"all-available","Asia/Taipei","BTCUSDT","BTC-260816-64500-C","2026-08-16","64500","CALL","1h","2026-08-13 11:00:00","2026-08-13 19:00:00","210.000","210.000","175.000","185.000","0.33","2026-08-13 11:59:59","2026-08-13 19:59:59","58.30000","4","0.01","2.10000"
"all-available","Asia/Taipei","BTCUSDT","BTC-260816-64500-C","2026-08-16","64500","CALL","1h","2026-08-13 12:00:00","2026-08-13 20:00:00","205.000","205.000","205.000","205.000","2.08","2026-08-13 12:59:59","2026-08-13 20:59:59","426.40000","2","2.08","426.40000"
"all-available","Asia/Taipei","BTCUSDT","BTC-260816-64500-C","2026-08-16","64500","CALL","1h","2026-08-13 13:00:00","2026-08-13 21:00:00","195.000","220.000","190.000","220.000","4.90","2026-08-13 13:59:59","2026-08-13 21:59:59","1077.20000","4","0.00","0.00000"
"all-available","Asia/Taipei","BTCUSDT","BTC-260816-64500-C","2026-08-16","64500","CALL","1h","2026-08-13 14:00:00","2026-08-13 22:00:00","210.000","255.000","210.000","255.000","2.19","2026-08-13 14:59:59","2026-08-13 22:59:59","555.30000","3","2.19","555.30000"
"all-available","Asia/Taipei","BTCUSDT","BTC-260816-64500-C","2026-08-16","64500","CALL","1h","2026-08-13 15:00:00","2026-08-13 23:00:00","200.000","200.000","200.000","200.000","0.31","2026-08-13 15:59:59","2026-08-13 23:59:59","62.00000","1","0.00","0.00000"
"all-available","Asia/Taipei","BTCUSDT","BTC-260816-64500-C","2026-08-16","64500","CALL","1h","2026-08-13 16:00:00","2026-08-14 00:00:00","125.000","125.000","125.000","125.000","0.09","2026-08-13 16:59:59","2026-08-14 00:59:59","11.25000","1","0.09","11.25000"
"all-available","Asia/Taipei","BTCUSDT","BTC-260816-64500-C","2026-08-16","64500","CALL","1h","2026-08-13 17:00:00","2026-08-14 01:00:00","95.000","95.000","95.000","95.000","0.01","2026-08-13 17:59:59","2026-08-14 01:59:59","0.95000","1","0.01","0.95000"
"all-available","Asia/Taipei","BTCUSDT","BTC-260816-64500-C","2026-08-16","64500","CALL","1h","2026-08-13 18:00:00","2026-08-14 02:00:00","90.000","90.000","90.000","90.000","0.28","2026-08-13 18:59:59","2026-08-14 02:59:59","25.20000","2","0.28","25.20000"
"all-available","Asia/Taipei","BTCUSDT","BTC-260816-64500-C","2026-08-16","64500","CALL","1h","2026-08-13 19:00:00","2026-08-14 03:00:00","90.000","90.000","90.000","90.000","0.00","2026-08-13 19:59:59","2026-08-14 03:59:59","0.00000","0","0.00","0.00000"
"all-available","Asia/Taipei","BTCUSDT","BTC-260816-64500-C","2026-08-16","64500","CALL","1h","2026-08-13 20:00:00","2026-08-14 04:00:00","130.000","130.000","130.000","130.000","1.00","2026-08-13 20:59:59","2026-08-14 04:59:59","130.00000","1","1.00","130.00000"
"all-available","Asia/Taipei","BTCUSDT","BTC-260816-64500-C","2026-08-16","64500","CALL","1h","2026-08-13 21:00:00","2026-08-14 05:00:00","125.000","125.000","120.000","120.000","0.12","2026-08-13 21:59:59","2026-08-14 05:59:59","14.70000","2","0.06","7.50000"
"all-available","Asia/Taipei","BTCUSDT","BTC-260816-64500-C","2026-08-16","64500","CALL","1h","2026-08-13 22:00:00","2026-08-14 06:00:00","125.000","150.000","125.000","150.000","0.03","2026-08-13 22:59:59","2026-08-14 06:59:59","4.00000","2","0.01","1.50000"
"all-available","Asia/Taipei","BTCUSDT","BTC-260816-64500-C","2026-08-16","64500","CALL","1h","2026-08-13 23:00:00","2026-08-14 07:00:00","110.000","110.000","110.000","110.000","0.84","2026-08-13 23:59:59","2026-08-14 07:59:59","92.40000","5","0.02","2.20000"
"all-available","Asia/Taipei","BTCUSDT","BTC-260816-64500-C","2026-08-16","64500","CALL","1h","2026-08-14 00:00:00","2026-08-14 08:00:00","105.000","105.000","105.000","105.000","10.78","2026-08-14 00:59:59","2026-08-14 08:59:59","1131.90000","2","0.00","0.00000"
"all-available","Asia/Taipei","BTCUSDT","BTC-260816-64500-C","2026-08-16","64500","CALL","1h","2026-08-14 01:00:00","2026-08-14 09:00:00","100.000","105.000","85.000","85.000","84.27","2026-08-14 01:59:59","2026-08-14 09:59:59","7980.15000","28","0.00","0.00000"
"all-available","Asia/Taipei","BTCUSDT","BTC-260816-64500-C","2026-08-16","64500","CALL","1h","2026-08-14 02:00:00","2026-08-14 10:00:00","90.000","90.000","90.000","90.000","0.67","2026-08-14 02:59:59","2026-08-14 10:59:59","60.30000","1","0.00","0.00000"
"all-available","Asia/Taipei","BTCUSDT","BTC-260816-64500-C","2026-08-16","64500","CALL","1h","2026-08-14 03:00:00","2026-08-14 11:00:00","90.000","90.000","90.000","90.000","0.00","2026-08-14 03:59:59","2026-08-14 11:59:59","0.00000","0","0.00","0.00000"
"all-available","Asia/Taipei","BTCUSDT","BTC-260816-64500-C","2026-08-16","64500","CALL","1h","2026-08-14 04:00:00","2026-08-14 12:00:00","60.000","60.000","60.000","60.000","0.08","2026-08-14 04:59:59","2026-08-14 12:59:59","4.80000","2","0.00","0.00000"
"all-available","Asia/Taipei","BTCUSDT","BTC-260816-64500-C","2026-08-16","64500","CALL","1h","2026-08-14 05:00:00","2026-08-14 13:00:00","60.000","60.000","60.000","60.000","0.00","2026-08-14 05:59:59","2026-08-14 13:59:59","0.00000","0","0.00","0.00000"
"all-available","Asia/Taipei","BTCUSDT","BTC-260816-64500-C","2026-08-16","64500","CALL","1h","2026-08-14 06:00:00","2026-08-14 14:00:00","55.000","55.000","55.000","55.000","0.70","2026-08-14 06:59:59","2026-08-14 14:59:59","38.50000","6","0.00","0.00000"
"all-available","Asia/Taipei","BTCUSDT","BTC-260816-64500-C","2026-08-16","64500","CALL","1h","2026-08-14 07:00:00","2026-08-14 15:00:00","40.000","40.000","35.000","35.000","3.12","2026-08-14 07:59:59","2026-08-14 15:59:59","124.30000","8","3.02","120.80000"
"all-available","Asia/Taipei","BTCUSDT","BTC-260816-64500-C","2026-08-16","64500","CALL","1h","2026-08-14 08:00:00","2026-08-14 16:00:00","35.000","35.000","30.000","30.000","3.48","2026-08-14 08:59:59","2026-08-14 16:59:59","106.75000","8","0.00","0.00000"
"all-available","Asia/Taipei","BTCUSDT","BTC-260816-64500-C","2026-08-16","64500","CALL","1h","2026-08-14 09:00:00","2026-08-14 17:00:00","25.000","25.000","25.000","25.000","0.41","2026-08-14 09:59:59","2026-08-14 17:59:59","10.25000","4","0.00","0.00000"
"all-available","Asia/Taipei","BTCUSDT","BTC-260816-64500-C","2026-08-16","64500","CALL","1h","2026-08-14 10:00:00","2026-08-14 18:00:00","20.000","20.000","20.000","20.000","1.28","2026-08-14 10:59:59","2026-08-14 18:59:59","25.60000","5","1.28","25.60000"
"all-available","Asia/Taipei","BTCUSDT","BTC-260816-64500-C","2026-08-16","64500","CALL","1h","2026-08-14 11:00:00","2026-08-14 19:00:00","20.000","20.000","20.000","20.000","0.00","2026-08-14 11:59:59","2026-08-14 19:59:59","0.00000","0","0.00","0.00000"
"all-available","Asia/Taipei","BTCUSDT","BTC-260816-64500-C","2026-08-16","64500","CALL","1h","2026-08-14 12:00:00","2026-08-14 20:00:00","15.000","15.000","15.000","15.000","9.84","2026-08-14 12:59:59","2026-08-14 20:59:59","147.60000","11","6.83","102.45000"
"all-available","Asia/Taipei","BTCUSDT","BTC-260816-64500-C","2026-08-16","64500","CALL","1h","2026-08-14 13:00:00","2026-08-14 21:00:00","10.000","10.000","10.000","10.000","1.31","2026-08-14 13:59:59","2026-08-14 21:59:59","13.10000","1","0.00","0.00000"
"all-available","Asia/Taipei","BTCUSDT","BTC-260816-64500-C","2026-08-16","64500","CALL","1h","2026-08-14 14:00:00","2026-08-14 22:00:00","10.000","10.000","10.000","10.000","1.31","2026-08-14 14:59:59","2026-08-14 22:59:59","13.10000","4","0.00","0.00000"
"all-available","Asia/Taipei","BTCUSDT","BTC-260816-64500-C","2026-08-16","64500","CALL","1h","2026-08-14 15:00:00","2026-08-14 23:00:00","10.000","10.000","10.000","10.000","11.11","2026-08-14 15:59:59","2026-08-14 23:59:59","111.10000","19","6.05","60.50000"
"all-available","Asia/Taipei","BTCUSDT","BTC-260816-64500-C","2026-08-16","64500","CALL","1h","2026-08-14 16:00:00","2026-08-15 00:00:00","10.000","15.000","10.000","15.000","1.11","2026-08-14 16:59:59","2026-08-15 00:59:59","11.20000","6","0.32","3.30000"
"all-available","Asia/Taipei","BTCUSDT","BTC-260816-64500-C","2026-08-16","64500","CALL","1h","2026-08-14 17:00:00","2026-08-15 01:00:00","15.000","15.000","10.000","10.000","1.71","2026-08-14 17:59:59","2026-08-15 01:59:59","17.20000","5","0.42","4.30000"
"all-available","Asia/Taipei","BTCUSDT","BTC-260816-64500-C","2026-08-16","64500","CALL","1h","2026-08-14 18:00:00","2026-08-15 02:00:00","10.000","10.000","10.000","10.000","0.10","2026-08-14 18:59:59","2026-08-15 02:59:59","1.00000","1","0.10","1.00000"
"all-available","Asia/Taipei","BTCUSDT","BTC-260816-64500-C","2026-08-16","64500","CALL","1h","2026-08-14 19:00:00","2026-08-15 03:00:00","5.000","5.000","5.000","5.000","5.18","2026-08-14 19:59:59","2026-08-15 03:59:59","25.90000","9","0.00","0.00000"
"all-available","Asia/Taipei","BTCUSDT","BTC-260816-64500-C","2026-08-16","64500","CALL","1h","2026-08-14 20:00:00","2026-08-15 04:00:00","5.000","5.000","5.000","5.000","0.31","2026-08-14 20:59:59","2026-08-15 04:59:59","1.55000","2","0.31","1.55000"
"all-available","Asia/Taipei","BTCUSDT","BTC-260816-64500-C","2026-08-16","64500","CALL","1h","2026-08-14 21:00:00","2026-08-15 05:00:00","5.000","5.000","5.000","5.000","0.00","2026-08-14 21:59:59","2026-08-15 05:59:59","0.00000","0","0.00","0.00000"
"all-available","Asia/Taipei","BTCUSDT","BTC-260816-64500-C","2026-08-16","64500","CALL","1h","2026-08-14 22:00:00","2026-08-15 06:00:00","5.000","5.000","5.000","5.000","0.00","2026-08-14 22:59:59","2026-08-15 06:59:59","0.00000","0","0.00","0.00000"
"all-available","Asia/Taipei","BTCUSDT","BTC-260816-64500-C","2026-08-16","64500","CALL","1h","2026-08-14 23:00:00","2026-08-15 07:00:00","5.000","5.000","5.000","5.000","0.70","2026-08-14 23:59:59","2026-08-15 07:59:59","3.50000","1","0.70","3.50000"
"all-available","Asia/Taipei","BTCUSDT","BTC-260816-64500-C","2026-08-16","64500","CALL","1h","2026-08-15 00:00:00","2026-08-15 08:00:00","5.000","5.000","5.000","5.000","0.00","2026-08-15 00:59:59","2026-08-15 08:59:59","0.00000","0","0.00","0.00000"
"all-available","Asia/Taipei","BTCUSDT","BTC-260816-64500-C","2026-08-16","64500","CALL","1h","2026-08-15 01:00:00","2026-08-15 09:00:00","5.000","5.000","5.000","5.000","0.00","2026-08-15 01:59:59","2026-08-15 09:59:59","0.00000","0","0.00","0.00000"
"all-available","Asia/Taipei","BTCUSDT","BTC-260816-64500-C","2026-08-16","64500","CALL","1h","2026-08-15 02:00:00","2026-08-15 10:00:00","5.000","5.000","5.000","5.000","0.18","2026-08-15 02:59:59","2026-08-15 10:59:59","0.90000","1","0.18","0.90000"
"all-available","Asia/Taipei","BTCUSDT","BTC-260816-64500-C","2026-08-16","64500","CALL","1h","2026-08-15 03:00:00","2026-08-15 11:00:00","5.000","5.000","5.000","5.000","0.00","2026-08-15 03:59:59","2026-08-15 11:59:59","0.00000","0","0.00","0.00000"
"all-available","Asia/Taipei","BTCUSDT","BTC-260816-64500-C","2026-08-16","64500","CALL","1h","2026-08-15 04:00:00","2026-08-15 12:00:00","5.000","5.000","5.000","5.000","0.00","2026-08-15 04:59:59","2026-08-15 12:59:59","0.00000","0","0.00","0.00000"
"all-available","Asia/Taipei","BTCUSDT","BTC-260816-64500-C","2026-08-16","64500","CALL","1h","2026-08-15 05:00:00","2026-08-15 13:00:00","5.000","5.000","5.000","5.000","0.00","2026-08-15 05:59:59","2026-08-15 13:59:59","0.00000","0","0.00","0.00000"
"all-available","Asia/Taipei","BTCUSDT","BTC-260816-64500-C","2026-08-16","64500","CALL","1h","2026-08-15 06:00:00","2026-08-15 14:00:00","5.000","5.000","5.000","5.000","0.00","2026-08-15 06:59:59","2026-08-15 14:59:59","0.00000","0","0.00","0.00000"
"all-available","Asia/Taipei","BTCUSDT","BTC-260816-64500-C","2026-08-16","64500","CALL","1h","2026-08-15 07:00:00","2026-08-15 15:00:00","5.000","5.000","5.000","5.000","0.50","2026-08-15 07:59:59","2026-08-15 15:59:59","2.50000","1","0.50","2.50000"
"all-available","Asia/Taipei","BTCUSDT","BTC-260816-64500-C","2026-08-16","64500","CALL","1h","2026-08-15 08:00:00","2026-08-15 16:00:00","5.000","5.000","5.000","5.000","0.00","2026-08-15 08:59:59","2026-08-15 16:59:59","0.00000","0","0.00","0.00000"
"all-available","Asia/Taipei","BTCUSDT","BTC-260816-64500-C","2026-08-16","64500","CALL","1h","2026-08-15 09:00:00","2026-08-15 17:00:00","5.000","5.000","5.000","5.000","0.00","2026-08-15 09:59:59","2026-08-15 17:59:59","0.00000","0","0.00","0.00000"
"all-available","Asia/Taipei","BTCUSDT","BTC-260816-64500-C","2026-08-16","64500","CALL","1h","2026-08-15 10:00:00","2026-08-15 18:00:00","5.000","5.000","5.000","5.000","0.00","2026-08-15 10:59:59","2026-08-15 18:59:59","0.00000","0","0.00","0.00000"
"all-available","Asia/Taipei","BTCUSDT","BTC-260816-64500-C","2026-08-16","64500","CALL","1h","2026-08-15 11:00:00","2026-08-15 19:00:00","5.000","5.000","5.000","5.000","0.00","2026-08-15 11:59:59","2026-08-15 19:59:59","0.00000","0","0.00","0.00000"
"all-available","Asia/Taipei","BTCUSDT","BTC-260816-64500-C","2026-08-16","64500","CALL","1h","2026-08-15 12:00:00","2026-08-15 20:00:00","5.000","5.000","5.000","5.000","0.00","2026-08-15 12:59:59","2026-08-15 20:59:59","0.00000","0","0.00","0.00000"
"all-available","Asia/Taipei","BTCUSDT","BTC-260816-64500-C","2026-08-16","64500","CALL","1h","2026-08-15 13:00:00","2026-08-15 21:00:00","5.000","5.000","5.000","5.000","0.20","2026-08-15 13:59:59","2026-08-15 21:59:59","1.00000","1","0.20","1.00000"
"all-available","Asia/Taipei","BTCUSDT","BTC-260816-64500-C","2026-08-16","64500","CALL","1h","2026-08-15 14:00:00","2026-08-15 22:00:00","5.000","5.000","5.000","5.000","0.00","2026-08-15 14:59:59","2026-08-15 22:59:59","0.00000","0","0.00","0.00000"
"all-available","Asia/Taipei","BTCUSDT","BTC-260816-64500-C","2026-08-16","64500","CALL","1h","2026-08-15 15:00:00","2026-08-15 23:00:00","5.000","5.000","5.000","5.000","0.00","2026-08-15 15:59:59","2026-08-15 23:59:59","0.00000","0","0.00","0.00000"
"all-available","Asia/Taipei","BTCUSDT","BTC-260816-64500-C","2026-08-16","64500","CALL","1h","2026-08-15 16:00:00","2026-08-16 00:00:00","5.000","5.000","5.000","5.000","0.00","2026-08-15 16:59:59","2026-08-16 00:59:59","0.00000","0","0.00","0.00000"
"all-available","Asia/Taipei","BTCUSDT","BTC-260816-64500-C","2026-08-16","64500","CALL","1h","2026-08-15 17:00:00","2026-08-16 01:00:00","5.000","5.000","5.000","5.000","1.00","2026-08-15 17:59:59","2026-08-16 01:59:59","5.00000","5","1.00","5.00000"
"all-available","Asia/Taipei","BTCUSDT","BTC-260816-64500-C","2026-08-16","64500","CALL","1h","2026-08-15 18:00:00","2026-08-16 02:00:00","5.000","5.000","5.000","5.000","0.00","2026-08-15 18:59:59","2026-08-16 02:59:59","0.00000","0","0.00","0.00000"
"all-available","Asia/Taipei","BTCUSDT","BTC-260816-64500-C","2026-08-16","64500","CALL","1h","2026-08-15 19:00:00","2026-08-16 03:00:00","5.000","5.000","5.000","5.000","0.00","2026-08-15 19:59:59","2026-08-16 03:59:59","0.00000","0","0.00","0.00000"
"all-available","Asia/Taipei","BTCUSDT","BTC-260816-64500-C","2026-08-16","64500","CALL","1h","2026-08-15 20:00:00","2026-08-16 04:00:00","5.000","5.000","5.000","5.000","0.00","2026-08-15 20:59:59","2026-08-16 04:59:59","0.00000","0","0.00","0.00000"
"all-available","Asia/Taipei","BTCUSDT","BTC-260816-64500-C","2026-08-16","64500","CALL","1h","2026-08-15 21:00:00","2026-08-16 05:00:00","5.000","5.000","5.000","5.000","0.00","2026-08-15 21:59:59","2026-08-16 05:59:59","0.00000","0","0.00","0.00000"
"all-available","Asia/Taipei","BTCUSDT","BTC-260816-64500-C","2026-08-16","64500","CALL","1h","2026-08-15 22:00:00","2026-08-16 06:00:00","5.000","5.000","5.000","5.000","0.00","2026-08-15 22:59:59","2026-08-16 06:59:59","0.00000","0","0.00","0.00000"
"all-available","Asia/Taipei","BTCUSDT","BTC-260816-64500-C","2026-08-16","64500","CALL","1h","2026-08-15 23:00:00","2026-08-16 07:00:00","5.000","5.000","5.000","5.000","0.00","2026-08-15 23:59:59","2026-08-16 07:59:59","0.00000","0","0.00","0.00000"
"all-available","Asia/Taipei","BTCUSDT","BTC-260816-64500-C","2026-08-16","64500","CALL","1h","2026-08-16 00:00:00","2026-08-16 08:00:00","5.000","5.000","5.000","5.000","0.00","2026-08-16 00:59:59","2026-08-16 08:59:59","0.00000","0","0.00","0.00000"
"all-available","Asia/Taipei","BTCUSDT","BTC-260816-64500-C","2026-08-16","64500","CALL","1h","2026-08-16 01:00:00","2026-08-16 09:00:00","5.000","5.000","5.000","5.000","0.00","2026-08-16 01:59:59","2026-08-16 09:59:59","0.00000","0","0.00","0.00000"
"all-available","Asia/Taipei","BTCUSDT","BTC-260816-64500-C","2026-08-16","64500","CALL","1h","2026-08-16 02:00:00","2026-08-16 10:00:00","5.000","5.000","5.000","5.000","0.00","2026-08-16 02:59:59","2026-08-16 10:59:59","0.00000","0","0.00","0.00000"
"all-available","Asia/Taipei","BTCUSDT","BTC-260816-64500-C","2026-08-16","64500","CALL","1h","2026-08-16 03:00:00","2026-08-16 11:00:00","5.000","5.000","5.000","5.000","0.00","2026-08-16 03:59:59","2026-08-16 11:59:59","0.00000","0","0.00","0.00000"
"all-available","Asia/Taipei","BTCUSDT","BTC-260816-64500-C","2026-08-16","64500","CALL","1h","2026-08-16 04:00:00","2026-08-16 12:00:00","5.000","5.000","5.000","5.000","0.00","2026-08-16 04:59:59","2026-08-16 12:59:59","0.00000","0","0.00","0.00000"
"all-available","Asia/Taipei","BTCUSDT","BTC-260816-64500-C","2026-08-16","64500","CALL","1h","2026-08-16 05:00:00","2026-08-16 13:00:00","5.000","5.000","5.000","5.000","0.00","2026-08-16 05:59:59","2026-08-16 13:59:59","0.00000","0","0.00","0.00000"
"all-available","Asia/Taipei","BTCUSDT","BTC-260816-64500-C","2026-08-16","64500","CALL","1h","2026-08-16 06:00:00","2026-08-16 14:00:00","5.000","5.000","5.000","5.000","0.00","2026-08-16 06:59:59","2026-08-16 14:59:59","0.00000","0","0.00","0.00000"
"all-available","Asia/Taipei","BTCUSDT","BTC-260816-64500-C","2026-08-16","64500","CALL","1h","2026-08-16 07:00:00","2026-08-16 15:00:00","5.000","5.000","5.000","5.000","0.00","2026-08-16 07:59:59","2026-08-16 15:59:59","0.00000","0","0.00","0.00000"
"all-available","Asia/Taipei","BTCUSDT","BTC-260816-65000-C","2026-08-16","65000","CALL","1h","2026-08-13 08:00:00","2026-08-13 16:00:00","150.000","150.000","140.000","140.000","0.29","2026-08-13 08:59:59","2026-08-13 16:59:59","41.50000","5","0.00","0.00000"
"all-available","Asia/Taipei","BTCUSDT","BTC-260816-65000-C","2026-08-16","65000","CALL","1h","2026-08-13 09:00:00","2026-08-13 17:00:00","115.000","125.000","115.000","125.000","0.12","2026-08-13 09:59:59","2026-08-13 17:59:59","14.45000","3","0.00","0.00000"
"all-available","Asia/Taipei","BTCUSDT","BTC-260816-65000-C","2026-08-16","65000","CALL","1h","2026-08-13 10:00:00","2026-08-13 18:00:00","130.000","130.000","110.000","110.000","0.74","2026-08-13 10:59:59","2026-08-13 18:59:59","83.80000","5","0.00","0.00000"
"all-available","Asia/Taipei","BTCUSDT","BTC-260816-65000-C","2026-08-16","65000","CALL","1h","2026-08-13 11:00:00","2026-08-13 19:00:00","115.000","115.000","95.000","100.000","0.40","2026-08-13 11:59:59","2026-08-13 19:59:59","42.15000","7","0.01","0.95000"
"all-available","Asia/Taipei","BTCUSDT","BTC-260816-65000-C","2026-08-16","65000","CALL","1h","2026-08-13 12:00:00","2026-08-13 20:00:00","100.000","120.000","100.000","120.000","84.12","2026-08-13 12:59:59","2026-08-13 20:59:59","8420.85000","28","0.93","97.65000"
"all-available","Asia/Taipei","BTCUSDT","BTC-260816-65000-C","2026-08-16","65000","CALL","1h","2026-08-13 13:00:00","2026-08-13 21:00:00","100.000","135.000","100.000","110.000","77.96","2026-08-13 13:59:59","2026-08-13 21:59:59","9923.50000","17","0.00","0.00000"
"all-available","Asia/Taipei","BTCUSDT","BTC-260816-65000-C","2026-08-16","65000","CALL","1h","2026-08-13 14:00:00","2026-08-13 22:00:00","125.000","160.000","125.000","150.000","50.97","2026-08-13 14:59:59","2026-08-13 22:59:59","7746.75000","23","3.15","401.95000"
"all-available","Asia/Taipei","BTCUSDT","BTC-260816-65000-C","2026-08-16","65000","CALL","1h","2026-08-13 15:00:00","2026-08-13 23:00:00","130.000","130.000","100.000","100.000","1.21","2026-08-13 15:59:59","2026-08-13 23:59:59","156.00000","4","0.20","25.00000"
"all-available","Asia/Taipei","BTCUSDT","BTC-260816-65000-C","2026-08-16","65000","CALL","1h","2026-08-13 16:00:00","2026-08-14 00:00:00","65.000","65.000","65.000","65.000","7.00","2026-08-13 16:59:59","2026-08-14 00:59:59","455.00000","1","0.00","0.00000"
"all-available","Asia/Taipei","BTCUSDT","BTC-260816-65000-C","2026-08-16","65000","CALL","1h","2026-08-13 17:00:00","2026-08-14 01:00:00","55.000","55.000","55.000","55.000","0.01","2026-08-13 17:59:59","2026-08-14 01:59:59","0.55000","1","0.01","0.55000"
"all-available","Asia/Taipei","BTCUSDT","BTC-260816-65000-C","2026-08-16","65000","CALL","1h","2026-08-13 18:00:00","2026-08-14 02:00:00","50.000","50.000","50.000","50.000","0.19","2026-08-13 18:59:59","2026-08-14 02:59:59","9.50000","1","0.19","9.50000"
"all-available","Asia/Taipei","BTCUSDT","BTC-260816-65000-C","2026-08-16","65000","CALL","1h","2026-08-13 19:00:00","2026-08-14 03:00:00","50.000","50.000","50.000","50.000","0.00","2026-08-13 19:59:59","2026-08-14 03:59:59","0.00000","0","0.00","0.00000"
"all-available","Asia/Taipei","BTCUSDT","BTC-260816-65000-C","2026-08-16","65000","CALL","1h","2026-08-13 20:00:00","2026-08-14 04:00:00","65.000","65.000","65.000","65.000","0.02","2026-08-13 20:59:59","2026-08-14 04:59:59","1.30000","1","0.00","0.00000"
"all-available","Asia/Taipei","BTCUSDT","BTC-260816-65000-C","2026-08-16","65000","CALL","1h","2026-08-13 21:00:00","2026-08-14 05:00:00","65.000","65.000","65.000","65.000","0.00","2026-08-13 21:59:59","2026-08-14 05:59:59","0.00000","0","0.00","0.00000"
"all-available","Asia/Taipei","BTCUSDT","BTC-260816-65000-C","2026-08-16","65000","CALL","1h","2026-08-13 22:00:00","2026-08-14 06:00:00","70.000","70.000","65.000","65.000","0.53","2026-08-13 22:59:59","2026-08-14 06:59:59","35.75000","2","0.00","0.00000"
"all-available","Asia/Taipei","BTCUSDT","BTC-260816-65000-C","2026-08-16","65000","CALL","1h","2026-08-13 23:00:00","2026-08-14 07:00:00","60.000","60.000","50.000","50.000","1.51","2026-08-13 23:59:59","2026-08-14 07:59:59","87.80000","4","1.23","73.80000"
"all-available","Asia/Taipei","BTCUSDT","BTC-260816-65000-C","2026-08-16","65000","CALL","1h","2026-08-14 00:00:00","2026-08-14 08:00:00","45.000","50.000","45.000","50.000","0.03","2026-08-14 00:59:59","2026-08-14 08:59:59","1.40000","2","0.01","0.50000"
"all-available","Asia/Taipei","BTCUSDT","BTC-260816-65000-C","2026-08-16","65000","CALL","1h","2026-08-14 01:00:00","2026-08-14 09:00:00","50.000","50.000","35.000","35.000","1.86","2026-08-14 01:59:59","2026-08-14 09:59:59","79.10000","4","0.55","27.50000"
"all-available","Asia/Taipei","BTCUSDT","BTC-260816-65000-C","2026-08-16","65000","CALL","1h","2026-08-14 02:00:00","2026-08-14 10:00:00","35.000","35.000","35.000","35.000","0.00","2026-08-14 02:59:59","2026-08-14 10:59:59","0.00000","0","0.00","0.00000"
"all-available","Asia/Taipei","BTCUSDT","BTC-260816-65000-C","2026-08-16","65000","CALL","1h","2026-08-14 03:00:00","2026-08-14 11:00:00","35.000","35.000","35.000","35.000","0.00","2026-08-14 03:59:59","2026-08-14 11:59:59","0.00000","0","0.00","0.00000"
"all-available","Asia/Taipei","BTCUSDT","BTC-260816-65000-C","2026-08-16","65000","CALL","1h","2026-08-14 04:00:00","2026-08-14 12:00:00","25.000","25.000","25.000","25.000","0.03","2026-08-14 04:59:59","2026-08-14 12:59:59","0.75000","1","0.00","0.00000"
"all-available","Asia/Taipei","BTCUSDT","BTC-260816-65000-C","2026-08-16","65000","CALL","1h","2026-08-14 05:00:00","2026-08-14 13:00:00","30.000","30.000","30.000","30.000","0.16","2026-08-14 05:59:59","2026-08-14 13:59:59","4.80000","1","0.16","4.80000"
"all-available","Asia/Taipei","BTCUSDT","BTC-260816-65000-C","2026-08-16","65000","CALL","1h","2026-08-14 06:00:00","2026-08-14 14:00:00","30.000","30.000","30.000","30.000","0.00","2026-08-14 06:59:59","2026-08-14 14:59:59","0.00000","0","0.00","0.00000"
"all-available","Asia/Taipei","BTCUSDT","BTC-260816-65000-C","2026-08-16","65000","CALL","1h","2026-08-14 07:00:00","2026-08-14 15:00:00","30.000","30.000","30.000","30.000","0.00","2026-08-14 07:59:59","2026-08-14 15:59:59","0.00000","0","0.00","0.00000"
"all-available","Asia/Taipei","BTCUSDT","BTC-260816-65000-C","2026-08-16","65000","CALL","1h","2026-08-14 08:00:00","2026-08-14 16:00:00","15.000","15.000","15.000","15.000","0.57","2026-08-14 08:59:59","2026-08-14 16:59:59","8.55000","7","0.10","1.50000"
"all-available","Asia/Taipei","BTCUSDT","BTC-260816-65000-C","2026-08-16","65000","CALL","1h","2026-08-14 09:00:00","2026-08-14 17:00:00","10.000","10.000","10.000","10.000","0.07","2026-08-14 09:59:59","2026-08-14 17:59:59","0.70000","3","0.00","0.00000"
"all-available","Asia/Taipei","BTCUSDT","BTC-260816-65000-C","2026-08-16","65000","CALL","1h","2026-08-14 10:00:00","2026-08-14 18:00:00","10.000","10.000","10.000","10.000","0.00","2026-08-14 10:59:59","2026-08-14 18:59:59","0.00000","0","0.00","0.00000"
"all-available","Asia/Taipei","BTCUSDT","BTC-260816-65000-C","2026-08-16","65000","CALL","1h","2026-08-14 11:00:00","2026-08-14 19:00:00","10.000","10.000","10.000","10.000","0.01","2026-08-14 11:59:59","2026-08-14 19:59:59","0.10000","1","0.01","0.10000"
"all-available","Asia/Taipei","BTCUSDT","BTC-260816-65000-C","2026-08-16","65000","CALL","1h","2026-08-14 12:00:00","2026-08-14 20:00:00","5.000","5.000","5.000","5.000","12.64","2026-08-14 12:59:59","2026-08-14 20:59:59","63.20000","18","8.69","43.45000"
"all-available","Asia/Taipei","BTCUSDT","BTC-260816-65000-C","2026-08-16","65000","CALL","1h","2026-08-14 13:00:00","2026-08-14 21:00:00","5.000","5.000","5.000","5.000","0.95","2026-08-14 13:59:59","2026-08-14 21:59:59","4.75000","7","0.95","4.75000"
"all-available","Asia/Taipei","BTCUSDT","BTC-260816-65000-C","2026-08-16","65000","CALL","1h","2026-08-14 14:00:00","2026-08-14 22:00:00","5.000","5.000","5.000","5.000","22.79","2026-08-14 14:59:59","2026-08-14 22:59:59","113.95000","9","0.00","0.00000"
"all-available","Asia/Taipei","BTCUSDT","BTC-260816-65000-C","2026-08-16","65000","CALL","1h","2026-08-14 15:00:00","2026-08-14 23:00:00","5.000","5.000","5.000","5.000","0.00","2026-08-14 15:59:59","2026-08-14 23:59:59","0.00000","0","0.00","0.00000"
"all-available","Asia/Taipei","BTCUSDT","BTC-260816-65000-C","2026-08-16","65000","CALL","1h","2026-08-14 16:00:00","2026-08-15 00:00:00","5.000","5.000","5.000","5.000","8.00","2026-08-14 16:59:59","2026-08-15 00:59:59","40.00000","7","8.00","40.00000"
"all-available","Asia/Taipei","BTCUSDT","BTC-260816-65000-C","2026-08-16","65000","CALL","1h","2026-08-14 17:00:00","2026-08-15 01:00:00","5.000","5.000","5.000","5.000","0.20","2026-08-14 17:59:59","2026-08-15 01:59:59","1.00000","1","0.20","1.00000"
"all-available","Asia/Taipei","BTCUSDT","BTC-260816-65000-C","2026-08-16","65000","CALL","1h","2026-08-14 18:00:00","2026-08-15 02:00:00","5.000","5.000","5.000","5.000","0.00","2026-08-14 18:59:59","2026-08-15 02:59:59","0.00000","0","0.00","0.00000"
"all-available","Asia/Taipei","BTCUSDT","BTC-260816-65000-C","2026-08-16","65000","CALL","1h","2026-08-14 19:00:00","2026-08-15 03:00:00","5.000","5.000","5.000","5.000","0.00","2026-08-14 19:59:59","2026-08-15 03:59:59","0.00000","0","0.00","0.00000"
"all-available","Asia/Taipei","BTCUSDT","BTC-260816-65000-C","2026-08-16","65000","CALL","1h","2026-08-14 20:00:00","2026-08-15 04:00:00","5.000","5.000","5.000","5.000","0.00","2026-08-14 20:59:59","2026-08-15 04:59:59","0.00000","0","0.00","0.00000"
"all-available","Asia/Taipei","BTCUSDT","BTC-260816-65000-C","2026-08-16","65000","CALL","1h","2026-08-14 21:00:00","2026-08-15 05:00:00","5.000","5.000","5.000","5.000","0.00","2026-08-14 21:59:59","2026-08-15 05:59:59","0.00000","0","0.00","0.00000"
"all-available","Asia/Taipei","BTCUSDT","BTC-260816-65000-C","2026-08-16","65000","CALL","1h","2026-08-14 22:00:00","2026-08-15 06:00:00","5.000","5.000","5.000","5.000","0.00","2026-08-14 22:59:59","2026-08-15 06:59:59","0.00000","0","0.00","0.00000"
"all-available","Asia/Taipei","BTCUSDT","BTC-260816-65000-C","2026-08-16","65000","CALL","1h","2026-08-14 23:00:00","2026-08-15 07:00:00","5.000","5.000","5.000","5.000","0.00","2026-08-14 23:59:59","2026-08-15 07:59:59","0.00000","0","0.00","0.00000"
"all-available","Asia/Taipei","BTCUSDT","BTC-260816-65000-C","2026-08-16","65000","CALL","1h","2026-08-15 00:00:00","2026-08-15 08:00:00","5.000","5.000","5.000","5.000","0.00","2026-08-15 00:59:59","2026-08-15 08:59:59","0.00000","0","0.00","0.00000"
"all-available","Asia/Taipei","BTCUSDT","BTC-260816-65000-C","2026-08-16","65000","CALL","1h","2026-08-15 01:00:00","2026-08-15 09:00:00","5.000","5.000","5.000","5.000","0.00","2026-08-15 01:59:59","2026-08-15 09:59:59","0.00000","0","0.00","0.00000"
"all-available","Asia/Taipei","BTCUSDT","BTC-260816-65000-C","2026-08-16","65000","CALL","1h","2026-08-15 02:00:00","2026-08-15 10:00:00","5.000","5.000","5.000","5.000","0.00","2026-08-15 02:59:59","2026-08-15 10:59:59","0.00000","0","0.00","0.00000"
"all-available","Asia/Taipei","BTCUSDT","BTC-260816-65000-C","2026-08-16","65000","CALL","1h","2026-08-15 03:00:00","2026-08-15 11:00:00","5.000","5.000","5.000","5.000","0.00","2026-08-15 03:59:59","2026-08-15 11:59:59","0.00000","0","0.00","0.00000"
"all-available","Asia/Taipei","BTCUSDT","BTC-260816-65000-C","2026-08-16","65000","CALL","1h","2026-08-15 04:00:00","2026-08-15 12:00:00","5.000","5.000","5.000","5.000","0.00","2026-08-15 04:59:59","2026-08-15 12:59:59","0.00000","0","0.00","0.00000"
"all-available","Asia/Taipei","BTCUSDT","BTC-260816-65000-C","2026-08-16","65000","CALL","1h","2026-08-15 05:00:00","2026-08-15 13:00:00","5.000","5.000","5.000","5.000","0.00","2026-08-15 05:59:59","2026-08-15 13:59:59","0.00000","0","0.00","0.00000"
"all-available","Asia/Taipei","BTCUSDT","BTC-260816-65000-C","2026-08-16","65000","CALL","1h","2026-08-15 06:00:00","2026-08-15 14:00:00","5.000","5.000","5.000","5.000","0.00","2026-08-15 06:59:59","2026-08-15 14:59:59","0.00000","0","0.00","0.00000"
"all-available","Asia/Taipei","BTCUSDT","BTC-260816-65000-C","2026-08-16","65000","CALL","1h","2026-08-15 07:00:00","2026-08-15 15:00:00","5.000","5.000","5.000","5.000","0.00","2026-08-15 07:59:59","2026-08-15 15:59:59","0.00000","0","0.00","0.00000"
"all-available","Asia/Taipei","BTCUSDT","BTC-260816-65000-C","2026-08-16","65000","CALL","1h","2026-08-15 08:00:00","2026-08-15 16:00:00","5.000","5.000","5.000","5.000","0.00","2026-08-15 08:59:59","2026-08-15 16:59:59","0.00000","0","0.00","0.00000"
"all-available","Asia/Taipei","BTCUSDT","BTC-260816-65000-C","2026-08-16","65000","CALL","1h","2026-08-15 09:00:00","2026-08-15 17:00:00","5.000","5.000","5.000","5.000","0.00","2026-08-15 09:59:59","2026-08-15 17:59:59","0.00000","0","0.00","0.00000"
"all-available","Asia/Taipei","BTCUSDT","BTC-260816-65000-C","2026-08-16","65000","CALL","1h","2026-08-15 10:00:00","2026-08-15 18:00:00","5.000","5.000","5.000","5.000","0.00","2026-08-15 10:59:59","2026-08-15 18:59:59","0.00000","0","0.00","0.00000"
"all-available","Asia/Taipei","BTCUSDT","BTC-260816-65000-C","2026-08-16","65000","CALL","1h","2026-08-15 11:00:00","2026-08-15 19:00:00","5.000","5.000","5.000","5.000","0.00","2026-08-15 11:59:59","2026-08-15 19:59:59","0.00000","0","0.00","0.00000"
"all-available","Asia/Taipei","BTCUSDT","BTC-260816-65000-C","2026-08-16","65000","CALL","1h","2026-08-15 12:00:00","2026-08-15 20:00:00","5.000","5.000","5.000","5.000","0.00","2026-08-15 12:59:59","2026-08-15 20:59:59","0.00000","0","0.00","0.00000"
"all-available","Asia/Taipei","BTCUSDT","BTC-260816-65000-C","2026-08-16","65000","CALL","1h","2026-08-15 13:00:00","2026-08-15 21:00:00","5.000","5.000","5.000","5.000","0.00","2026-08-15 13:59:59","2026-08-15 21:59:59","0.00000","0","0.00","0.00000"
"all-available","Asia/Taipei","BTCUSDT","BTC-260816-65000-C","2026-08-16","65000","CALL","1h","2026-08-15 14:00:00","2026-08-15 22:00:00","5.000","5.000","5.000","5.000","0.00","2026-08-15 14:59:59","2026-08-15 22:59:59","0.00000","0","0.00","0.00000"
"all-available","Asia/Taipei","BTCUSDT","BTC-260816-65000-C","2026-08-16","65000","CALL","1h","2026-08-15 15:00:00","2026-08-15 23:00:00","5.000","5.000","5.000","5.000","0.00","2026-08-15 15:59:59","2026-08-15 23:59:59","0.00000","0","0.00","0.00000"
"all-available","Asia/Taipei","BTCUSDT","BTC-260816-65000-C","2026-08-16","65000","CALL","1h","2026-08-15 16:00:00","2026-08-16 00:00:00","5.000","5.000","5.000","5.000","0.00","2026-08-15 16:59:59","2026-08-16 00:59:59","0.00000","0","0.00","0.00000"
"all-available","Asia/Taipei","BTCUSDT","BTC-260816-65000-C","2026-08-16","65000","CALL","1h","2026-08-15 17:00:00","2026-08-16 01:00:00","5.000","5.000","5.000","5.000","0.00","2026-08-15 17:59:59","2026-08-16 01:59:59","0.00000","0","0.00","0.00000"
"all-available","Asia/Taipei","BTCUSDT","BTC-260816-65000-C","2026-08-16","65000","CALL","1h","2026-08-15 18:00:00","2026-08-16 02:00:00","5.000","5.000","5.000","5.000","0.00","2026-08-15 18:59:59","2026-08-16 02:59:59","0.00000","0","0.00","0.00000"
"all-available","Asia/Taipei","BTCUSDT","BTC-260816-65000-C","2026-08-16","65000","CALL","1h","2026-08-15 19:00:00","2026-08-16 03:00:00","5.000","5.000","5.000","5.000","0.00","2026-08-15 19:59:59","2026-08-16 03:59:59","0.00000","0","0.00","0.00000"
"all-available","Asia/Taipei","BTCUSDT","BTC-260816-65000-C","2026-08-16","65000","CALL","1h","2026-08-15 20:00:00","2026-08-16 04:00:00","5.000","5.000","5.000","5.000","0.09","2026-08-15 20:59:59","2026-08-16 04:59:59","0.45000","1","0.09","0.45000"
"all-available","Asia/Taipei","BTCUSDT","BTC-260816-65000-C","2026-08-16","65000","CALL","1h","2026-08-15 21:00:00","2026-08-16 05:00:00","5.000","5.000","5.000","5.000","0.00","2026-08-15 21:59:59","2026-08-16 05:59:59","0.00000","0","0.00","0.00000"
"all-available","Asia/Taipei","BTCUSDT","BTC-260816-65000-C","2026-08-16","65000","CALL","1h","2026-08-15 22:00:00","2026-08-16 06:00:00","5.000","5.000","5.000","5.000","0.00","2026-08-15 22:59:59","2026-08-16 06:59:59","0.00000","0","0.00","0.00000"
"all-available","Asia/Taipei","BTCUSDT","BTC-260816-65000-C","2026-08-16","65000","CALL","1h","2026-08-15 23:00:00","2026-08-16 07:00:00","5.000","5.000","5.000","5.000","0.00","2026-08-15 23:59:59","2026-08-16 07:59:59","0.00000","0","0.00","0.00000"
"all-available","Asia/Taipei","BTCUSDT","BTC-260816-65000-C","2026-08-16","65000","CALL","1h","2026-08-16 00:00:00","2026-08-16 08:00:00","5.000","5.000","5.000","5.000","0.00","2026-08-16 00:59:59","2026-08-16 08:59:59","0.00000","0","0.00","0.00000"
"all-available","Asia/Taipei","BTCUSDT","BTC-260816-65000-C","2026-08-16","65000","CALL","1h","2026-08-16 01:00:00","2026-08-16 09:00:00","5.000","5.000","5.000","5.000","0.00","2026-08-16 01:59:59","2026-08-16 09:59:59","0.00000","0","0.00","0.00000"
"all-available","Asia/Taipei","BTCUSDT","BTC-260816-65000-C","2026-08-16","65000","CALL","1h","2026-08-16 02:00:00","2026-08-16 10:00:00","5.000","5.000","5.000","5.000","0.00","2026-08-16 02:59:59","2026-08-16 10:59:59","0.00000","0","0.00","0.00000"
"all-available","Asia/Taipei","BTCUSDT","BTC-260816-65000-C","2026-08-16","65000","CALL","1h","2026-08-16 03:00:00","2026-08-16 11:00:00","5.000","5.000","5.000","5.000","0.00","2026-08-16 03:59:59","2026-08-16 11:59:59","0.00000","0","0.00","0.00000"
"all-available","Asia/Taipei","BTCUSDT","BTC-260816-65000-C","2026-08-16","65000","CALL","1h","2026-08-16 04:00:00","2026-08-16 12:00:00","5.000","5.000","5.000","5.000","0.00","2026-08-16 04:59:59","2026-08-16 12:59:59","0.00000","0","0.00","0.00000"
"all-available","Asia/Taipei","BTCUSDT","BTC-260816-65000-C","2026-08-16","65000","CALL","1h","2026-08-16 05:00:00","2026-08-16 13:00:00","5.000","5.000","5.000","5.000","0.00","2026-08-16 05:59:59","2026-08-16 13:59:59","0.00000","0","0.00","0.00000"
"all-available","Asia/Taipei","BTCUSDT","BTC-260816-65000-C","2026-08-16","65000","CALL","1h","2026-08-16 06:00:00","2026-08-16 14:00:00","5.000","5.000","5.000","5.000","0.00","2026-08-16 06:59:59","2026-08-16 14:59:59","0.00000","0","0.00","0.00000"
"all-available","Asia/Taipei","BTCUSDT","BTC-260816-65000-C","2026-08-16","65000","CALL","1h","2026-08-16 07:00:00","2026-08-16 15:00:00","5.000","5.000","5.000","5.000","0.00","2026-08-16 07:59:59","2026-08-16 15:59:59","0.00000","0","0.00","0.00000"
"all-available","Asia/Taipei","BTCUSDT","BTC-260816-65000-P","2026-08-16","65000","PUT","1h","2026-08-14 07:00:00","2026-08-14 15:00:00","2000.000","2000.000","2000.000","2000.000","3.00","2026-08-14 07:59:59","2026-08-14 15:59:59","6000.00000","4","3.00","6000.00000"
"all-available","Asia/Taipei","BTCUSDT","BTC-260816-65000-P","2026-08-16","65000","PUT","1h","2026-08-14 08:00:00","2026-08-14 16:00:00","2050.000","2050.000","2050.000","2050.000","47.00","2026-08-14 08:59:59","2026-08-14 16:59:59","96350.00000","11","47.00","96350.00000"
"all-available","Asia/Taipei","BTCUSDT","BTC-260816-65000-P","2026-08-16","65000","PUT","1h","2026-08-14 09:00:00","2026-08-14 17:00:00","2050.000","2050.000","2050.000","2050.000","0.00","2026-08-14 09:59:59","2026-08-14 17:59:59","0.00000","0","0.00","0.00000"
"all-available","Asia/Taipei","BTCUSDT","BTC-260816-65000-P","2026-08-16","65000","PUT","1h","2026-08-14 10:00:00","2026-08-14 18:00:00","2050.000","2050.000","2050.000","2050.000","0.00","2026-08-14 10:59:59","2026-08-14 18:59:59","0.00000","0","0.00","0.00000"
"all-available","Asia/Taipei","BTCUSDT","BTC-260816-65000-P","2026-08-16","65000","PUT","1h","2026-08-14 11:00:00","2026-08-14 19:00:00","2050.000","2050.000","2050.000","2050.000","0.00","2026-08-14 11:59:59","2026-08-14 19:59:59","0.00000","0","0.00","0.00000"
"all-available","Asia/Taipei","BTCUSDT","BTC-260816-65000-P","2026-08-16","65000","PUT","1h","2026-08-14 12:00:00","2026-08-14 20:00:00","2050.000","2050.000","2050.000","2050.000","0.00","2026-08-14 12:59:59","2026-08-14 20:59:59","0.00000","0","0.00","0.00000"
"all-available","Asia/Taipei","BTCUSDT","BTC-260816-65000-P","2026-08-16","65000","PUT","1h","2026-08-14 13:00:00","2026-08-14 21:00:00","2050.000","2050.000","2050.000","2050.000","0.00","2026-08-14 13:59:59","2026-08-14 21:59:59","0.00000","0","0.00","0.00000"
"all-available","Asia/Taipei","BTCUSDT","BTC-260816-65000-P","2026-08-16","65000","PUT","1h","2026-08-14 14:00:00","2026-08-14 22:00:00","2050.000","2050.000","2050.000","2050.000","0.00","2026-08-14 14:59:59","2026-08-14 22:59:59","0.00000","0","0.00","0.00000"
"all-available","Asia/Taipei","BTCUSDT","BTC-260816-65000-P","2026-08-16","65000","PUT","1h","2026-08-14 15:00:00","2026-08-14 23:00:00","2050.000","2050.000","2050.000","2050.000","0.00","2026-08-14 15:59:59","2026-08-14 23:59:59","0.00000","0","0.00","0.00000"
"all-available","Asia/Taipei","BTCUSDT","BTC-260816-65000-P","2026-08-16","65000","PUT","1h","2026-08-14 16:00:00","2026-08-15 00:00:00","2050.000","2050.000","2050.000","2050.000","0.00","2026-08-14 16:59:59","2026-08-15 00:59:59","0.00000","0","0.00","0.00000"
"all-available","Asia/Taipei","BTCUSDT","BTC-260816-65000-P","2026-08-16","65000","PUT","1h","2026-08-14 17:00:00","2026-08-15 01:00:00","2050.000","2050.000","2050.000","2050.000","0.00","2026-08-14 17:59:59","2026-08-15 01:59:59","0.00000","0","0.00","0.00000"
"all-available","Asia/Taipei","BTCUSDT","BTC-260816-65000-P","2026-08-16","65000","PUT","1h","2026-08-14 18:00:00","2026-08-15 02:00:00","2050.000","2050.000","2050.000","2050.000","0.00","2026-08-14 18:59:59","2026-08-15 02:59:59","0.00000","0","0.00","0.00000"
"all-available","Asia/Taipei","BTCUSDT","BTC-260816-65000-P","2026-08-16","65000","PUT","1h","2026-08-14 19:00:00","2026-08-15 03:00:00","2050.000","2050.000","2050.000","2050.000","0.00","2026-08-14 19:59:59","2026-08-15 03:59:59","0.00000","0","0.00","0.00000"
"all-available","Asia/Taipei","BTCUSDT","BTC-260816-65000-P","2026-08-16","65000","PUT","1h","2026-08-14 20:00:00","2026-08-15 04:00:00","2050.000","2050.000","2050.000","2050.000","0.00","2026-08-14 20:59:59","2026-08-15 04:59:59","0.00000","0","0.00","0.00000"
"all-available","Asia/Taipei","BTCUSDT","BTC-260816-65000-P","2026-08-16","65000","PUT","1h","2026-08-14 21:00:00","2026-08-15 05:00:00","2050.000","2050.000","2050.000","2050.000","0.00","2026-08-14 21:59:59","2026-08-15 05:59:59","0.00000","0","0.00","0.00000"
"all-available","Asia/Taipei","BTCUSDT","BTC-260816-65000-P","2026-08-16","65000","PUT","1h","2026-08-14 22:00:00","2026-08-15 06:00:00","2050.000","2050.000","2050.000","2050.000","0.00","2026-08-14 22:59:59","2026-08-15 06:59:59","0.00000","0","0.00","0.00000"
"all-available","Asia/Taipei","BTCUSDT","BTC-260816-65000-P","2026-08-16","65000","PUT","1h","2026-08-14 23:00:00","2026-08-15 07:00:00","2050.000","2050.000","2050.000","2050.000","0.00","2026-08-14 23:59:59","2026-08-15 07:59:59","0.00000","0","0.00","0.00000"
"all-available","Asia/Taipei","BTCUSDT","BTC-260816-65000-P","2026-08-16","65000","PUT","1h","2026-08-15 00:00:00","2026-08-15 08:00:00","2050.000","2050.000","2050.000","2050.000","0.00","2026-08-15 00:59:59","2026-08-15 08:59:59","0.00000","0","0.00","0.00000"
"all-available","Asia/Taipei","BTCUSDT","BTC-260816-65000-P","2026-08-16","65000","PUT","1h","2026-08-15 01:00:00","2026-08-15 09:00:00","2050.000","2050.000","2050.000","2050.000","0.00","2026-08-15 01:59:59","2026-08-15 09:59:59","0.00000","0","0.00","0.00000"
"all-available","Asia/Taipei","BTCUSDT","BTC-260816-65000-P","2026-08-16","65000","PUT","1h","2026-08-15 02:00:00","2026-08-15 10:00:00","2050.000","2050.000","2050.000","2050.000","0.00","2026-08-15 02:59:59","2026-08-15 10:59:59","0.00000","0","0.00","0.00000"
"all-available","Asia/Taipei","BTCUSDT","BTC-260816-65000-P","2026-08-16","65000","PUT","1h","2026-08-15 03:00:00","2026-08-15 11:00:00","2050.000","2050.000","2050.000","2050.000","0.00","2026-08-15 03:59:59","2026-08-15 11:59:59","0.00000","0","0.00","0.00000"
"all-available","Asia/Taipei","BTCUSDT","BTC-260816-65000-P","2026-08-16","65000","PUT","1h","2026-08-15 04:00:00","2026-08-15 12:00:00","2050.000","2050.000","2050.000","2050.000","0.00","2026-08-15 04:59:59","2026-08-15 12:59:59","0.00000","0","0.00","0.00000"
"all-available","Asia/Taipei","BTCUSDT","BTC-260816-65000-P","2026-08-16","65000","PUT","1h","2026-08-15 05:00:00","2026-08-15 13:00:00","2050.000","2050.000","2050.000","2050.000","0.00","2026-08-15 05:59:59","2026-08-15 13:59:59","0.00000","0","0.00","0.00000"
"all-available","Asia/Taipei","BTCUSDT","BTC-260816-65000-P","2026-08-16","65000","PUT","1h","2026-08-15 06:00:00","2026-08-15 14:00:00","2050.000","2050.000","2050.000","2050.000","0.00","2026-08-15 06:59:59","2026-08-15 14:59:59","0.00000","0","0.00","0.00000"
"all-available","Asia/Taipei","BTCUSDT","BTC-260816-65000-P","2026-08-16","65000","PUT","1h","2026-08-15 07:00:00","2026-08-15 15:00:00","2050.000","2050.000","2050.000","2050.000","0.00","2026-08-15 07:59:59","2026-08-15 15:59:59","0.00000","0","0.00","0.00000"
"all-available","Asia/Taipei","BTCUSDT","BTC-260816-65000-P","2026-08-16","65000","PUT","1h","2026-08-15 08:00:00","2026-08-15 16:00:00","2050.000","2050.000","2050.000","2050.000","0.00","2026-08-15 08:59:59","2026-08-15 16:59:59","0.00000","0","0.00","0.00000"
"all-available","Asia/Taipei","BTCUSDT","BTC-260816-65000-P","2026-08-16","65000","PUT","1h","2026-08-15 09:00:00","2026-08-15 17:00:00","2050.000","2050.000","2050.000","2050.000","0.00","2026-08-15 09:59:59","2026-08-15 17:59:59","0.00000","0","0.00","0.00000"
"all-available","Asia/Taipei","BTCUSDT","BTC-260816-65000-P","2026-08-16","65000","PUT","1h","2026-08-15 10:00:00","2026-08-15 18:00:00","2050.000","2050.000","2050.000","2050.000","0.00","2026-08-15 10:59:59","2026-08-15 18:59:59","0.00000","0","0.00","0.00000"
"all-available","Asia/Taipei","BTCUSDT","BTC-260816-65000-P","2026-08-16","65000","PUT","1h","2026-08-15 11:00:00","2026-08-15 19:00:00","2050.000","2050.000","2050.000","2050.000","0.00","2026-08-15 11:59:59","2026-08-15 19:59:59","0.00000","0","0.00","0.00000"
"all-available","Asia/Taipei","BTCUSDT","BTC-260816-65000-P","2026-08-16","65000","PUT","1h","2026-08-15 12:00:00","2026-08-15 20:00:00","2050.000","2050.000","2050.000","2050.000","0.00","2026-08-15 12:59:59","2026-08-15 20:59:59","0.00000","0","0.00","0.00000"
"all-available","Asia/Taipei","BTCUSDT","BTC-260816-65000-P","2026-08-16","65000","PUT","1h","2026-08-15 13:00:00","2026-08-15 21:00:00","2050.000","2050.000","2050.000","2050.000","0.00","2026-08-15 13:59:59","2026-08-15 21:59:59","0.00000","0","0.00","0.00000"
"all-available","Asia/Taipei","BTCUSDT","BTC-260816-65000-P","2026-08-16","65000","PUT","1h","2026-08-15 14:00:00","2026-08-15 22:00:00","2050.000","2050.000","2050.000","2050.000","0.00","2026-08-15 14:59:59","2026-08-15 22:59:59","0.00000","0","0.00","0.00000"
"all-available","Asia/Taipei","BTCUSDT","BTC-260816-65000-P","2026-08-16","65000","PUT","1h","2026-08-15 15:00:00","2026-08-15 23:00:00","2050.000","2050.000","2050.000","2050.000","0.00","2026-08-15 15:59:59","2026-08-15 23:59:59","0.00000","0","0.00","0.00000"
"all-available","Asia/Taipei","BTCUSDT","BTC-260816-65000-P","2026-08-16","65000","PUT","1h","2026-08-15 16:00:00","2026-08-16 00:00:00","2050.000","2050.000","2050.000","2050.000","0.00","2026-08-15 16:59:59","2026-08-16 00:59:59","0.00000","0","0.00","0.00000"
"all-available","Asia/Taipei","BTCUSDT","BTC-260816-65000-P","2026-08-16","65000","PUT","1h","2026-08-15 17:00:00","2026-08-16 01:00:00","2050.000","2050.000","2050.000","2050.000","0.00","2026-08-15 17:59:59","2026-08-16 01:59:59","0.00000","0","0.00","0.00000"
"all-available","Asia/Taipei","BTCUSDT","BTC-260816-65000-P","2026-08-16","65000","PUT","1h","2026-08-15 18:00:00","2026-08-16 02:00:00","2050.000","2050.000","2050.000","2050.000","0.00","2026-08-15 18:59:59","2026-08-16 02:59:59","0.00000","0","0.00","0.00000"
"all-available","Asia/Taipei","BTCUSDT","BTC-260816-65000-P","2026-08-16","65000","PUT","1h","2026-08-15 19:00:00","2026-08-16 03:00:00","2050.000","2050.000","2050.000","2050.000","0.00","2026-08-15 19:59:59","2026-08-16 03:59:59","0.00000","0","0.00","0.00000"
"all-available","Asia/Taipei","BTCUSDT","BTC-260816-65000-P","2026-08-16","65000","PUT","1h","2026-08-15 20:00:00","2026-08-16 04:00:00","2050.000","2050.000","2050.000","2050.000","0.00","2026-08-15 20:59:59","2026-08-16 04:59:59","0.00000","0","0.00","0.00000"
"all-available","Asia/Taipei","BTCUSDT","BTC-260816-65000-P","2026-08-16","65000","PUT","1h","2026-08-15 21:00:00","2026-08-16 05:00:00","2050.000","2050.000","2050.000","2050.000","0.00","2026-08-15 21:59:59","2026-08-16 05:59:59","0.00000","0","0.00","0.00000"
"all-available","Asia/Taipei","BTCUSDT","BTC-260816-65000-P","2026-08-16","65000","PUT","1h","2026-08-15 22:00:00","2026-08-16 06:00:00","2050.000","2050.000","2050.000","2050.000","0.00","2026-08-15 22:59:59","2026-08-16 06:59:59","0.00000","0","0.00","0.00000"
"all-available","Asia/Taipei","BTCUSDT","BTC-260816-65000-P","2026-08-16","65000","PUT","1h","2026-08-15 23:00:00","2026-08-16 07:00:00","2050.000","2050.000","2050.000","2050.000","0.00","2026-08-15 23:59:59","2026-08-16 07:59:59","0.00000","0","0.00","0.00000"
"all-available","Asia/Taipei","BTCUSDT","BTC-260816-65000-P","2026-08-16","65000","PUT","1h","2026-08-16 00:00:00","2026-08-16 08:00:00","2050.000","2050.000","2050.000","2050.000","0.00","2026-08-16 00:59:59","2026-08-16 08:59:59","0.00000","0","0.00","0.00000"
"all-available","Asia/Taipei","BTCUSDT","BTC-260816-65000-P","2026-08-16","65000","PUT","1h","2026-08-16 01:00:00","2026-08-16 09:00:00","2050.000","2050.000","2050.000","2050.000","0.00","2026-08-16 01:59:59","2026-08-16 09:59:59","0.00000","0","0.00","0.00000"
"all-available","Asia/Taipei","BTCUSDT","BTC-260816-65000-P","2026-08-16","65000","PUT","1h","2026-08-16 02:00:00","2026-08-16 10:00:00","2050.000","2050.000","2050.000","2050.000","0.00","2026-08-16 02:59:59","2026-08-16 10:59:59","0.00000","0","0.00","0.00000"
"all-available","Asia/Taipei","BTCUSDT","BTC-260816-65000-P","2026-08-16","65000","PUT","1h","2026-08-16 03:00:00","2026-08-16 11:00:00","2050.000","2050.000","2050.000","2050.000","0.00","2026-08-16 03:59:59","2026-08-16 11:59:59","0.00000","0","0.00","0.00000"
"all-available","Asia/Taipei","BTCUSDT","BTC-260816-65000-P","2026-08-16","65000","PUT","1h","2026-08-16 04:00:00","2026-08-16 12:00:00","2050.000","2050.000","2050.000","2050.000","0.00","2026-08-16 04:59:59","2026-08-16 12:59:59","0.00000","0","0.00","0.00000"
"all-available","Asia/Taipei","BTCUSDT","BTC-260816-65000-P","2026-08-16","65000","PUT","1h","2026-08-16 05:00:00","2026-08-16 13:00:00","2050.000","2050.000","2050.000","2050.000","0.00","2026-08-16 05:59:59","2026-08-16 13:59:59","0.00000","0","0.00","0.00000"
"all-available","Asia/Taipei","BTCUSDT","BTC-260816-65000-P","2026-08-16","65000","PUT","1h","2026-08-16 06:00:00","2026-08-16 14:00:00","2050.000","2050.000","2050.000","2050.000","0.00","2026-08-16 06:59:59","2026-08-16 14:59:59","0.00000","0","0.00","0.00000"
"all-available","Asia/Taipei","BTCUSDT","BTC-260816-65000-P","2026-08-16","65000","PUT","1h","2026-08-16 07:00:00","2026-08-16 15:00:00","2050.000","2050.000","2050.000","2050.000","0.00","2026-08-16 07:59:59","2026-08-16 15:59:59","0.00000","0","0.00","0.00000"
"all-available","Asia/Taipei","BTCUSDT","BTC-260816-65500-C","2026-08-16","65500","CALL","1h","2026-08-13 09:00:00","2026-08-13 17:00:00","65.000","70.000","65.000","70.000","1.07","2026-08-13 09:59:59","2026-08-13 17:59:59","69.65000","4","0.00","0.00000"
"all-available","Asia/Taipei","BTCUSDT","BTC-260816-65500-C","2026-08-16","65500","CALL","1h","2026-08-13 10:00:00","2026-08-13 18:00:00","65.000","65.000","65.000","65.000","0.01","2026-08-13 10:59:59","2026-08-13 18:59:59","0.65000","1","0.00","0.00000"
"all-available","Asia/Taipei","BTCUSDT","BTC-260816-65500-C","2026-08-16","65500","CALL","1h","2026-08-13 11:00:00","2026-08-13 19:00:00","65.000","65.000","65.000","65.000","0.01","2026-08-13 11:59:59","2026-08-13 19:59:59","0.65000","1","0.00","0.00000"
"all-available","Asia/Taipei","BTCUSDT","BTC-260816-65500-C","2026-08-16","65500","CALL","1h","2026-08-13 12:00:00","2026-08-13 20:00:00","65.000","65.000","55.000","55.000","0.05","2026-08-13 12:59:59","2026-08-13 20:59:59","3.10000","3","0.00","0.00000"
"all-available","Asia/Taipei","BTCUSDT","BTC-260816-65500-C","2026-08-16","65500","CALL","1h","2026-08-13 13:00:00","2026-08-13 21:00:00","70.000","70.000","55.000","60.000","7.07","2026-08-13 13:59:59","2026-08-13 21:59:59","455.00000","9","0.69","41.40000"
"all-available","Asia/Taipei","BTCUSDT","BTC-260816-65500-C","2026-08-16","65500","CALL","1h","2026-08-13 14:00:00","2026-08-13 22:00:00","65.000","80.000","65.000","80.000","4.26","2026-08-13 14:59:59","2026-08-13 22:59:59","280.80000","3","0.26","20.80000"
"all-available","Asia/Taipei","BTCUSDT","BTC-260816-65500-C","2026-08-16","65500","CALL","1h","2026-08-13 15:00:00","2026-08-13 23:00:00","65.000","65.000","50.000","50.000","0.18","2026-08-13 15:59:59","2026-08-13 23:59:59","9.40000","4","0.00","0.00000"
"all-available","Asia/Taipei","BTCUSDT","BTC-260816-65500-C","2026-08-16","65500","CALL","1h","2026-08-13 16:00:00","2026-08-14 00:00:00","30.000","30.000","30.000","30.000","3.00","2026-08-13 16:59:59","2026-08-14 00:59:59","90.00000","1","0.00","0.00000"
"all-available","Asia/Taipei","BTCUSDT","BTC-260816-65500-C","2026-08-16","65500","CALL","1h","2026-08-13 17:00:00","2026-08-14 01:00:00","30.000","30.000","30.000","30.000","0.00","2026-08-13 17:59:59","2026-08-14 01:59:59","0.00000","0","0.00","0.00000"
"all-available","Asia/Taipei","BTCUSDT","BTC-260816-65500-C","2026-08-16","65500","CALL","1h","2026-08-13 18:00:00","2026-08-14 02:00:00","30.000","30.000","30.000","30.000","0.00","2026-08-13 18:59:59","2026-08-14 02:59:59","0.00000","0","0.00","0.00000"
"all-available","Asia/Taipei","BTCUSDT","BTC-260816-65500-C","2026-08-16","65500","CALL","1h","2026-08-13 19:00:00","2026-08-14 03:00:00","30.000","30.000","30.000","30.000","0.00","2026-08-13 19:59:59","2026-08-14 03:59:59","0.00000","0","0.00","0.00000"
"all-available","Asia/Taipei","BTCUSDT","BTC-260816-65500-C","2026-08-16","65500","CALL","1h","2026-08-13 20:00:00","2026-08-14 04:00:00","35.000","35.000","35.000","35.000","0.01","2026-08-13 20:59:59","2026-08-14 04:59:59","0.35000","1","0.00","0.00000"
"all-available","Asia/Taipei","BTCUSDT","BTC-260816-65500-C","2026-08-16","65500","CALL","1h","2026-08-13 21:00:00","2026-08-14 05:00:00","35.000","35.000","35.000","35.000","0.00","2026-08-13 21:59:59","2026-08-14 05:59:59","0.00000","0","0.00","0.00000"
"all-available","Asia/Taipei","BTCUSDT","BTC-260816-65500-C","2026-08-16","65500","CALL","1h","2026-08-13 22:00:00","2026-08-14 06:00:00","35.000","35.000","35.000","35.000","0.00","2026-08-13 22:59:59","2026-08-14 06:59:59","0.00000","0","0.00","0.00000"
"all-available","Asia/Taipei","BTCUSDT","BTC-260816-65500-C","2026-08-16","65500","CALL","1h","2026-08-13 23:00:00","2026-08-14 07:00:00","30.000","30.000","30.000","30.000","1.52","2026-08-13 23:59:59","2026-08-14 07:59:59","45.60000","2","0.00","0.00000"
"all-available","Asia/Taipei","BTCUSDT","BTC-260816-65500-C","2026-08-16","65500","CALL","1h","2026-08-14 00:00:00","2026-08-14 08:00:00","25.000","25.000","25.000","25.000","0.48","2026-08-14 00:59:59","2026-08-14 08:59:59","12.00000","2","0.00","0.00000"
"all-available","Asia/Taipei","BTCUSDT","BTC-260816-65500-C","2026-08-16","65500","CALL","1h","2026-08-14 01:00:00","2026-08-14 09:00:00","20.000","20.000","20.000","20.000","0.01","2026-08-14 01:59:59","2026-08-14 09:59:59","0.20000","1","0.00","0.00000"
"all-available","Asia/Taipei","BTCUSDT","BTC-260816-65500-C","2026-08-16","65500","CALL","1h","2026-08-14 02:00:00","2026-08-14 10:00:00","20.000","20.000","20.000","20.000","0.00","2026-08-14 02:59:59","2026-08-14 10:59:59","0.00000","0","0.00","0.00000"
"all-available","Asia/Taipei","BTCUSDT","BTC-260816-65500-C","2026-08-16","65500","CALL","1h","2026-08-14 03:00:00","2026-08-14 11:00:00","10.000","10.000","10.000","10.000","0.10","2026-08-14 03:59:59","2026-08-14 11:59:59","1.00000","1","0.00","0.00000"
"all-available","Asia/Taipei","BTCUSDT","BTC-260816-65500-C","2026-08-16","65500","CALL","1h","2026-08-14 04:00:00","2026-08-14 12:00:00","15.000","15.000","15.000","15.000","0.05","2026-08-14 04:59:59","2026-08-14 12:59:59","0.75000","3","0.00","0.00000"
"all-available","Asia/Taipei","BTCUSDT","BTC-260816-65500-C","2026-08-16","65500","CALL","1h","2026-08-14 05:00:00","2026-08-14 13:00:00","15.000","15.000","15.000","15.000","0.01","2026-08-14 05:59:59","2026-08-14 13:59:59","0.15000","1","0.00","0.00000"
"all-available","Asia/Taipei","BTCUSDT","BTC-260816-65500-C","2026-08-16","65500","CALL","1h","2026-08-14 06:00:00","2026-08-14 14:00:00","15.000","15.000","15.000","15.000","0.25","2026-08-14 06:59:59","2026-08-14 14:59:59","3.75000","3","0.00","0.00000"
"all-available","Asia/Taipei","BTCUSDT","BTC-260816-65500-C","2026-08-16","65500","CALL","1h","2026-08-14 07:00:00","2026-08-14 15:00:00","15.000","15.000","15.000","15.000","0.00","2026-08-14 07:59:59","2026-08-14 15:59:59","0.00000","0","0.00","0.00000"
"all-available","Asia/Taipei","BTCUSDT","BTC-260816-65500-C","2026-08-16","65500","CALL","1h","2026-08-14 08:00:00","2026-08-14 16:00:00","10.000","10.000","10.000","10.000","2.21","2026-08-14 08:59:59","2026-08-14 16:59:59","22.10000","10","2.11","21.10000"
"all-available","Asia/Taipei","BTCUSDT","BTC-260816-65500-C","2026-08-16","65500","CALL","1h","2026-08-14 09:00:00","2026-08-14 17:00:00","10.000","10.000","10.000","10.000","0.00","2026-08-14 09:59:59","2026-08-14 17:59:59","0.00000","0","0.00","0.00000"
"all-available","Asia/Taipei","BTCUSDT","BTC-260816-65500-C","2026-08-16","65500","CALL","1h","2026-08-14 10:00:00","2026-08-14 18:00:00","10.000","10.000","10.000","10.000","0.00","2026-08-14 10:59:59","2026-08-14 18:59:59","0.00000","0","0.00","0.00000"
"all-available","Asia/Taipei","BTCUSDT","BTC-260816-65500-C","2026-08-16","65500","CALL","1h","2026-08-14 11:00:00","2026-08-14 19:00:00","5.000","5.000","5.000","5.000","0.42","2026-08-14 11:59:59","2026-08-14 19:59:59","2.10000","5","0.00","0.00000"
"all-available","Asia/Taipei","BTCUSDT","BTC-260816-65500-C","2026-08-16","65500","CALL","1h","2026-08-14 12:00:00","2026-08-14 20:00:00","5.000","5.000","5.000","5.000","0.00","2026-08-14 12:59:59","2026-08-14 20:59:59","0.00000","0","0.00","0.00000"
"all-available","Asia/Taipei","BTCUSDT","BTC-260816-65500-C","2026-08-16","65500","CALL","1h","2026-08-14 13:00:00","2026-08-14 21:00:00","5.000","5.000","5.000","5.000","0.00","2026-08-14 13:59:59","2026-08-14 21:59:59","0.00000","0","0.00","0.00000"
"all-available","Asia/Taipei","BTCUSDT","BTC-260816-65500-C","2026-08-16","65500","CALL","1h","2026-08-14 14:00:00","2026-08-14 22:00:00","5.000","5.000","5.000","5.000","0.00","2026-08-14 14:59:59","2026-08-14 22:59:59","0.00000","0","0.00","0.00000"
"all-available","Asia/Taipei","BTCUSDT","BTC-260816-65500-C","2026-08-16","65500","CALL","1h","2026-08-14 15:00:00","2026-08-14 23:00:00","5.000","5.000","5.000","5.000","0.00","2026-08-14 15:59:59","2026-08-14 23:59:59","0.00000","0","0.00","0.00000"
"all-available","Asia/Taipei","BTCUSDT","BTC-260816-65500-C","2026-08-16","65500","CALL","1h","2026-08-14 16:00:00","2026-08-15 00:00:00","5.000","5.000","5.000","5.000","0.00","2026-08-14 16:59:59","2026-08-15 00:59:59","0.00000","0","0.00","0.00000"
"all-available","Asia/Taipei","BTCUSDT","BTC-260816-65500-C","2026-08-16","65500","CALL","1h","2026-08-14 17:00:00","2026-08-15 01:00:00","5.000","5.000","5.000","5.000","0.00","2026-08-14 17:59:59","2026-08-15 01:59:59","0.00000","0","0.00","0.00000"
"all-available","Asia/Taipei","BTCUSDT","BTC-260816-65500-C","2026-08-16","65500","CALL","1h","2026-08-14 18:00:00","2026-08-15 02:00:00","5.000","5.000","5.000","5.000","0.00","2026-08-14 18:59:59","2026-08-15 02:59:59","0.00000","0","0.00","0.00000"
"all-available","Asia/Taipei","BTCUSDT","BTC-260816-65500-C","2026-08-16","65500","CALL","1h","2026-08-14 19:00:00","2026-08-15 03:00:00","5.000","5.000","5.000","5.000","0.00","2026-08-14 19:59:59","2026-08-15 03:59:59","0.00000","0","0.00","0.00000"
"all-available","Asia/Taipei","BTCUSDT","BTC-260816-65500-C","2026-08-16","65500","CALL","1h","2026-08-14 20:00:00","2026-08-15 04:00:00","5.000","5.000","5.000","5.000","0.00","2026-08-14 20:59:59","2026-08-15 04:59:59","0.00000","0","0.00","0.00000"
"all-available","Asia/Taipei","BTCUSDT","BTC-260816-65500-C","2026-08-16","65500","CALL","1h","2026-08-14 21:00:00","2026-08-15 05:00:00","5.000","5.000","5.000","5.000","0.00","2026-08-14 21:59:59","2026-08-15 05:59:59","0.00000","0","0.00","0.00000"
"all-available","Asia/Taipei","BTCUSDT","BTC-260816-65500-C","2026-08-16","65500","CALL","1h","2026-08-14 22:00:00","2026-08-15 06:00:00","5.000","5.000","5.000","5.000","0.00","2026-08-14 22:59:59","2026-08-15 06:59:59","0.00000","0","0.00","0.00000"
"all-available","Asia/Taipei","BTCUSDT","BTC-260816-65500-C","2026-08-16","65500","CALL","1h","2026-08-14 23:00:00","2026-08-15 07:00:00","5.000","5.000","5.000","5.000","0.00","2026-08-14 23:59:59","2026-08-15 07:59:59","0.00000","0","0.00","0.00000"
"all-available","Asia/Taipei","BTCUSDT","BTC-260816-65500-C","2026-08-16","65500","CALL","1h","2026-08-15 00:00:00","2026-08-15 08:00:00","5.000","5.000","5.000","5.000","0.00","2026-08-15 00:59:59","2026-08-15 08:59:59","0.00000","0","0.00","0.00000"
"all-available","Asia/Taipei","BTCUSDT","BTC-260816-65500-C","2026-08-16","65500","CALL","1h","2026-08-15 01:00:00","2026-08-15 09:00:00","5.000","5.000","5.000","5.000","0.00","2026-08-15 01:59:59","2026-08-15 09:59:59","0.00000","0","0.00","0.00000"
"all-available","Asia/Taipei","BTCUSDT","BTC-260816-65500-C","2026-08-16","65500","CALL","1h","2026-08-15 02:00:00","2026-08-15 10:00:00","5.000","5.000","5.000","5.000","0.00","2026-08-15 02:59:59","2026-08-15 10:59:59","0.00000","0","0.00","0.00000"
"all-available","Asia/Taipei","BTCUSDT","BTC-260816-65500-C","2026-08-16","65500","CALL","1h","2026-08-15 03:00:00","2026-08-15 11:00:00","5.000","5.000","5.000","5.000","0.00","2026-08-15 03:59:59","2026-08-15 11:59:59","0.00000","0","0.00","0.00000"
"all-available","Asia/Taipei","BTCUSDT","BTC-260816-65500-C","2026-08-16","65500","CALL","1h","2026-08-15 04:00:00","2026-08-15 12:00:00","5.000","5.000","5.000","5.000","0.00","2026-08-15 04:59:59","2026-08-15 12:59:59","0.00000","0","0.00","0.00000"
"all-available","Asia/Taipei","BTCUSDT","BTC-260816-65500-C","2026-08-16","65500","CALL","1h","2026-08-15 05:00:00","2026-08-15 13:00:00","5.000","5.000","5.000","5.000","0.00","2026-08-15 05:59:59","2026-08-15 13:59:59","0.00000","0","0.00","0.00000"
"all-available","Asia/Taipei","BTCUSDT","BTC-260816-65500-C","2026-08-16","65500","CALL","1h","2026-08-15 06:00:00","2026-08-15 14:00:00","5.000","5.000","5.000","5.000","0.00","2026-08-15 06:59:59","2026-08-15 14:59:59","0.00000","0","0.00","0.00000"
"all-available","Asia/Taipei","BTCUSDT","BTC-260816-65500-C","2026-08-16","65500","CALL","1h","2026-08-15 07:00:00","2026-08-15 15:00:00","5.000","5.000","5.000","5.000","0.00","2026-08-15 07:59:59","2026-08-15 15:59:59","0.00000","0","0.00","0.00000"
"all-available","Asia/Taipei","BTCUSDT","BTC-260816-65500-C","2026-08-16","65500","CALL","1h","2026-08-15 08:00:00","2026-08-15 16:00:00","5.000","5.000","5.000","5.000","0.00","2026-08-15 08:59:59","2026-08-15 16:59:59","0.00000","0","0.00","0.00000"
"all-available","Asia/Taipei","BTCUSDT","BTC-260816-65500-C","2026-08-16","65500","CALL","1h","2026-08-15 09:00:00","2026-08-15 17:00:00","5.000","5.000","5.000","5.000","0.00","2026-08-15 09:59:59","2026-08-15 17:59:59","0.00000","0","0.00","0.00000"
"all-available","Asia/Taipei","BTCUSDT","BTC-260816-65500-C","2026-08-16","65500","CALL","1h","2026-08-15 10:00:00","2026-08-15 18:00:00","5.000","5.000","5.000","5.000","0.00","2026-08-15 10:59:59","2026-08-15 18:59:59","0.00000","0","0.00","0.00000"
"all-available","Asia/Taipei","BTCUSDT","BTC-260816-65500-C","2026-08-16","65500","CALL","1h","2026-08-15 11:00:00","2026-08-15 19:00:00","5.000","5.000","5.000","5.000","0.00","2026-08-15 11:59:59","2026-08-15 19:59:59","0.00000","0","0.00","0.00000"
"all-available","Asia/Taipei","BTCUSDT","BTC-260816-65500-C","2026-08-16","65500","CALL","1h","2026-08-15 12:00:00","2026-08-15 20:00:00","5.000","5.000","5.000","5.000","0.00","2026-08-15 12:59:59","2026-08-15 20:59:59","0.00000","0","0.00","0.00000"
"all-available","Asia/Taipei","BTCUSDT","BTC-260816-65500-C","2026-08-16","65500","CALL","1h","2026-08-15 13:00:00","2026-08-15 21:00:00","5.000","5.000","5.000","5.000","0.00","2026-08-15 13:59:59","2026-08-15 21:59:59","0.00000","0","0.00","0.00000"
"all-available","Asia/Taipei","BTCUSDT","BTC-260816-65500-C","2026-08-16","65500","CALL","1h","2026-08-15 14:00:00","2026-08-15 22:00:00","5.000","5.000","5.000","5.000","0.00","2026-08-15 14:59:59","2026-08-15 22:59:59","0.00000","0","0.00","0.00000"
"all-available","Asia/Taipei","BTCUSDT","BTC-260816-65500-C","2026-08-16","65500","CALL","1h","2026-08-15 15:00:00","2026-08-15 23:00:00","5.000","5.000","5.000","5.000","0.00","2026-08-15 15:59:59","2026-08-15 23:59:59","0.00000","0","0.00","0.00000"
"all-available","Asia/Taipei","BTCUSDT","BTC-260816-65500-C","2026-08-16","65500","CALL","1h","2026-08-15 16:00:00","2026-08-16 00:00:00","5.000","5.000","5.000","5.000","0.00","2026-08-15 16:59:59","2026-08-16 00:59:59","0.00000","0","0.00","0.00000"
"all-available","Asia/Taipei","BTCUSDT","BTC-260816-65500-C","2026-08-16","65500","CALL","1h","2026-08-15 17:00:00","2026-08-16 01:00:00","5.000","5.000","5.000","5.000","0.00","2026-08-15 17:59:59","2026-08-16 01:59:59","0.00000","0","0.00","0.00000"
"all-available","Asia/Taipei","BTCUSDT","BTC-260816-65500-C","2026-08-16","65500","CALL","1h","2026-08-15 18:00:00","2026-08-16 02:00:00","5.000","5.000","5.000","5.000","0.00","2026-08-15 18:59:59","2026-08-16 02:59:59","0.00000","0","0.00","0.00000"
"all-available","Asia/Taipei","BTCUSDT","BTC-260816-65500-C","2026-08-16","65500","CALL","1h","2026-08-15 19:00:00","2026-08-16 03:00:00","5.000","5.000","5.000","5.000","0.00","2026-08-15 19:59:59","2026-08-16 03:59:59","0.00000","0","0.00","0.00000"
"all-available","Asia/Taipei","BTCUSDT","BTC-260816-65500-C","2026-08-16","65500","CALL","1h","2026-08-15 20:00:00","2026-08-16 04:00:00","5.000","5.000","5.000","5.000","0.00","2026-08-15 20:59:59","2026-08-16 04:59:59","0.00000","0","0.00","0.00000"
"all-available","Asia/Taipei","BTCUSDT","BTC-260816-65500-C","2026-08-16","65500","CALL","1h","2026-08-15 21:00:00","2026-08-16 05:00:00","5.000","5.000","5.000","5.000","0.00","2026-08-15 21:59:59","2026-08-16 05:59:59","0.00000","0","0.00","0.00000"
"all-available","Asia/Taipei","BTCUSDT","BTC-260816-65500-C","2026-08-16","65500","CALL","1h","2026-08-15 22:00:00","2026-08-16 06:00:00","5.000","5.000","5.000","5.000","0.00","2026-08-15 22:59:59","2026-08-16 06:59:59","0.00000","0","0.00","0.00000"
"all-available","Asia/Taipei","BTCUSDT","BTC-260816-65500-C","2026-08-16","65500","CALL","1h","2026-08-15 23:00:00","2026-08-16 07:00:00","5.000","5.000","5.000","5.000","0.00","2026-08-15 23:59:59","2026-08-16 07:59:59","0.00000","0","0.00","0.00000"
"all-available","Asia/Taipei","BTCUSDT","BTC-260816-65500-C","2026-08-16","65500","CALL","1h","2026-08-16 00:00:00","2026-08-16 08:00:00","5.000","5.000","5.000","5.000","0.00","2026-08-16 00:59:59","2026-08-16 08:59:59","0.00000","0","0.00","0.00000"
"all-available","Asia/Taipei","BTCUSDT","BTC-260816-65500-C","2026-08-16","65500","CALL","1h","2026-08-16 01:00:00","2026-08-16 09:00:00","5.000","5.000","5.000","5.000","0.00","2026-08-16 01:59:59","2026-08-16 09:59:59","0.00000","0","0.00","0.00000"
"all-available","Asia/Taipei","BTCUSDT","BTC-260816-65500-C","2026-08-16","65500","CALL","1h","2026-08-16 02:00:00","2026-08-16 10:00:00","5.000","5.000","5.000","5.000","0.00","2026-08-16 02:59:59","2026-08-16 10:59:59","0.00000","0","0.00","0.00000"
"all-available","Asia/Taipei","BTCUSDT","BTC-260816-65500-C","2026-08-16","65500","CALL","1h","2026-08-16 03:00:00","2026-08-16 11:00:00","5.000","5.000","5.000","5.000","0.00","2026-08-16 03:59:59","2026-08-16 11:59:59","0.00000","0","0.00","0.00000"
"all-available","Asia/Taipei","BTCUSDT","BTC-260816-65500-C","2026-08-16","65500","CALL","1h","2026-08-16 04:00:00","2026-08-16 12:00:00","5.000","5.000","5.000","5.000","0.00","2026-08-16 04:59:59","2026-08-16 12:59:59","0.00000","0","0.00","0.00000"
"all-available","Asia/Taipei","BTCUSDT","BTC-260816-65500-C","2026-08-16","65500","CALL","1h","2026-08-16 05:00:00","2026-08-16 13:00:00","5.000","5.000","5.000","5.000","0.00","2026-08-16 05:59:59","2026-08-16 13:59:59","0.00000","0","0.00","0.00000"
"all-available","Asia/Taipei","BTCUSDT","BTC-260816-65500-C","2026-08-16","65500","CALL","1h","2026-08-16 06:00:00","2026-08-16 14:00:00","5.000","5.000","5.000","5.000","0.00","2026-08-16 06:59:59","2026-08-16 14:59:59","0.00000","0","0.00","0.00000"
"all-available","Asia/Taipei","BTCUSDT","BTC-260816-65500-C","2026-08-16","65500","CALL","1h","2026-08-16 07:00:00","2026-08-16 15:00:00","5.000","5.000","5.000","5.000","0.00","2026-08-16 07:59:59","2026-08-16 15:59:59","0.00000","0","0.00","0.00000"
"all-available","Asia/Taipei","BTCUSDT","BTC-260816-66000-C","2026-08-16","66000","CALL","1h","2026-08-13 08:00:00","2026-08-13 16:00:00","50.000","50.000","50.000","50.000","0.18","2026-08-13 08:59:59","2026-08-13 16:59:59","9.00000","1","0.00","0.00000"
"all-available","Asia/Taipei","BTCUSDT","BTC-260816-66000-C","2026-08-16","66000","CALL","1h","2026-08-13 09:00:00","2026-08-13 17:00:00","40.000","40.000","40.000","40.000","0.74","2026-08-13 09:59:59","2026-08-13 17:59:59","29.60000","4","0.00","0.00000"
"all-available","Asia/Taipei","BTCUSDT","BTC-260816-66000-C","2026-08-16","66000","CALL","1h","2026-08-13 10:00:00","2026-08-13 18:00:00","35.000","35.000","35.000","35.000","2.42","2026-08-13 10:59:59","2026-08-13 18:59:59","84.70000","4","0.00","0.00000"
"all-available","Asia/Taipei","BTCUSDT","BTC-260816-66000-C","2026-08-16","66000","CALL","1h","2026-08-13 11:00:00","2026-08-13 19:00:00","40.000","40.000","40.000","40.000","0.15","2026-08-13 11:59:59","2026-08-13 19:59:59","6.00000","1","0.15","6.00000"
"all-available","Asia/Taipei","BTCUSDT","BTC-260816-66000-C","2026-08-16","66000","CALL","1h","2026-08-13 12:00:00","2026-08-13 20:00:00","35.000","35.000","35.000","35.000","0.18","2026-08-13 12:59:59","2026-08-13 20:59:59","6.30000","1","0.00","0.00000"
"all-available","Asia/Taipei","BTCUSDT","BTC-260816-66000-C","2026-08-16","66000","CALL","1h","2026-08-13 13:00:00","2026-08-13 21:00:00","40.000","40.000","35.000","40.000","2.61","2026-08-13 13:59:59","2026-08-13 21:59:59","103.20000","4","0.00","0.00000"
"all-available","Asia/Taipei","BTCUSDT","BTC-260816-66000-C","2026-08-16","66000","CALL","1h","2026-08-13 14:00:00","2026-08-13 22:00:00","35.000","40.000","35.000","40.000","0.11","2026-08-13 14:59:59","2026-08-13 22:59:59","4.10000","3","0.00","0.00000"
"all-available","Asia/Taipei","BTCUSDT","BTC-260816-66000-C","2026-08-16","66000","CALL","1h","2026-08-13 15:00:00","2026-08-13 23:00:00","40.000","40.000","40.000","40.000","0.05","2026-08-13 15:59:59","2026-08-13 23:59:59","2.00000","1","0.00","0.00000"
"all-available","Asia/Taipei","BTCUSDT","BTC-260816-66000-C","2026-08-16","66000","CALL","1h","2026-08-13 16:00:00","2026-08-14 00:00:00","40.000","40.000","40.000","40.000","0.00","2026-08-13 16:59:59","2026-08-14 00:59:59","0.00000","0","0.00","0.00000"
"all-available","Asia/Taipei","BTCUSDT","BTC-260816-66000-C","2026-08-16","66000","CALL","1h","2026-08-13 17:00:00","2026-08-14 01:00:00","40.000","40.000","40.000","40.000","0.00","2026-08-13 17:59:59","2026-08-14 01:59:59","0.00000","0","0.00","0.00000"
"all-available","Asia/Taipei","BTCUSDT","BTC-260816-66000-C","2026-08-16","66000","CALL","1h","2026-08-13 18:00:00","2026-08-14 02:00:00","40.000","40.000","40.000","40.000","0.00","2026-08-13 18:59:59","2026-08-14 02:59:59","0.00000","0","0.00","0.00000"
"all-available","Asia/Taipei","BTCUSDT","BTC-260816-66000-C","2026-08-16","66000","CALL","1h","2026-08-13 19:00:00","2026-08-14 03:00:00","40.000","40.000","40.000","40.000","0.00","2026-08-13 19:59:59","2026-08-14 03:59:59","0.00000","0","0.00","0.00000"
"all-available","Asia/Taipei","BTCUSDT","BTC-260816-66000-C","2026-08-16","66000","CALL","1h","2026-08-13 20:00:00","2026-08-14 04:00:00","40.000","40.000","40.000","40.000","0.00","2026-08-13 20:59:59","2026-08-14 04:59:59","0.00000","0","0.00","0.00000"
"all-available","Asia/Taipei","BTCUSDT","BTC-260816-66000-C","2026-08-16","66000","CALL","1h","2026-08-13 21:00:00","2026-08-14 05:00:00","40.000","40.000","40.000","40.000","0.00","2026-08-13 21:59:59","2026-08-14 05:59:59","0.00000","0","0.00","0.00000"
"all-available","Asia/Taipei","BTCUSDT","BTC-260816-66000-C","2026-08-16","66000","CALL","1h","2026-08-13 22:00:00","2026-08-14 06:00:00","40.000","40.000","40.000","40.000","0.00","2026-08-13 22:59:59","2026-08-14 06:59:59","0.00000","0","0.00","0.00000"
"all-available","Asia/Taipei","BTCUSDT","BTC-260816-66000-C","2026-08-16","66000","CALL","1h","2026-08-13 23:00:00","2026-08-14 07:00:00","40.000","40.000","40.000","40.000","0.00","2026-08-13 23:59:59","2026-08-14 07:59:59","0.00000","0","0.00","0.00000"
"all-available","Asia/Taipei","BTCUSDT","BTC-260816-66000-C","2026-08-16","66000","CALL","1h","2026-08-14 00:00:00","2026-08-14 08:00:00","15.000","15.000","15.000","15.000","1.02","2026-08-14 00:59:59","2026-08-14 08:59:59","15.30000","3","0.00","0.00000"
"all-available","Asia/Taipei","BTCUSDT","BTC-260816-66000-C","2026-08-16","66000","CALL","1h","2026-08-14 01:00:00","2026-08-14 09:00:00","15.000","15.000","15.000","15.000","0.00","2026-08-14 01:59:59","2026-08-14 09:59:59","0.00000","0","0.00","0.00000"
"all-available","Asia/Taipei","BTCUSDT","BTC-260816-66000-C","2026-08-16","66000","CALL","1h","2026-08-14 02:00:00","2026-08-14 10:00:00","10.000","10.000","10.000","10.000","2.00","2026-08-14 02:59:59","2026-08-14 10:59:59","20.00000","2","0.00","0.00000"
"all-available","Asia/Taipei","BTCUSDT","BTC-260816-66000-C","2026-08-16","66000","CALL","1h","2026-08-14 03:00:00","2026-08-14 11:00:00","10.000","10.000","10.000","10.000","6.93","2026-08-14 03:59:59","2026-08-14 11:59:59","69.30000","3","0.00","0.00000"
"all-available","Asia/Taipei","BTCUSDT","BTC-260816-66000-C","2026-08-16","66000","CALL","1h","2026-08-14 04:00:00","2026-08-14 12:00:00","10.000","10.000","10.000","10.000","0.00","2026-08-14 04:59:59","2026-08-14 12:59:59","0.00000","0","0.00","0.00000"
"all-available","Asia/Taipei","BTCUSDT","BTC-260816-66000-C","2026-08-16","66000","CALL","1h","2026-08-14 05:00:00","2026-08-14 13:00:00","10.000","10.000","10.000","10.000","0.00","2026-08-14 05:59:59","2026-08-14 13:59:59","0.00000","0","0.00","0.00000"
"all-available","Asia/Taipei","BTCUSDT","BTC-260816-66000-C","2026-08-16","66000","CALL","1h","2026-08-14 06:00:00","2026-08-14 14:00:00","10.000","10.000","10.000","10.000","0.00","2026-08-14 06:59:59","2026-08-14 14:59:59","0.00000","0","0.00","0.00000"
"all-available","Asia/Taipei","BTCUSDT","BTC-260816-66000-C","2026-08-16","66000","CALL","1h","2026-08-14 07:00:00","2026-08-14 15:00:00","5.000","5.000","5.000","5.000","3.29","2026-08-14 07:59:59","2026-08-14 15:59:59","16.45000","1","3.29","16.45000"
"all-available","Asia/Taipei","BTCUSDT","BTC-260816-66000-C","2026-08-16","66000","CALL","1h","2026-08-14 08:00:00","2026-08-14 16:00:00","5.000","5.000","5.000","5.000","0.00","2026-08-14 08:59:59","2026-08-14 16:59:59","0.00000","0","0.00","0.00000"
"all-available","Asia/Taipei","BTCUSDT","BTC-260816-66000-C","2026-08-16","66000","CALL","1h","2026-08-14 09:00:00","2026-08-14 17:00:00","5.000","5.000","5.000","5.000","4.05","2026-08-14 09:59:59","2026-08-14 17:59:59","20.25000","5","3.63","18.15000"
"all-available","Asia/Taipei","BTCUSDT","BTC-260816-66000-C","2026-08-16","66000","CALL","1h","2026-08-14 10:00:00","2026-08-14 18:00:00","5.000","5.000","5.000","5.000","0.00","2026-08-14 10:59:59","2026-08-14 18:59:59","0.00000","0","0.00","0.00000"
"all-available","Asia/Taipei","BTCUSDT","BTC-260816-66000-C","2026-08-16","66000","CALL","1h","2026-08-14 11:00:00","2026-08-14 19:00:00","5.000","5.000","5.000","5.000","0.00","2026-08-14 11:59:59","2026-08-14 19:59:59","0.00000","0","0.00","0.00000"
"all-available","Asia/Taipei","BTCUSDT","BTC-260816-66000-C","2026-08-16","66000","CALL","1h","2026-08-14 12:00:00","2026-08-14 20:00:00","5.000","5.000","5.000","5.000","0.00","2026-08-14 12:59:59","2026-08-14 20:59:59","0.00000","0","0.00","0.00000"
"all-available","Asia/Taipei","BTCUSDT","BTC-260816-66000-C","2026-08-16","66000","CALL","1h","2026-08-14 13:00:00","2026-08-14 21:00:00","5.000","5.000","5.000","5.000","0.00","2026-08-14 13:59:59","2026-08-14 21:59:59","0.00000","0","0.00","0.00000"
"all-available","Asia/Taipei","BTCUSDT","BTC-260816-66000-C","2026-08-16","66000","CALL","1h","2026-08-14 14:00:00","2026-08-14 22:00:00","5.000","5.000","5.000","5.000","0.00","2026-08-14 14:59:59","2026-08-14 22:59:59","0.00000","0","0.00","0.00000"
"all-available","Asia/Taipei","BTCUSDT","BTC-260816-66000-C","2026-08-16","66000","CALL","1h","2026-08-14 15:00:00","2026-08-14 23:00:00","5.000","5.000","5.000","5.000","0.00","2026-08-14 15:59:59","2026-08-14 23:59:59","0.00000","0","0.00","0.00000"
"all-available","Asia/Taipei","BTCUSDT","BTC-260816-66000-C","2026-08-16","66000","CALL","1h","2026-08-14 16:00:00","2026-08-15 00:00:00","5.000","5.000","5.000","5.000","0.00","2026-08-14 16:59:59","2026-08-15 00:59:59","0.00000","0","0.00","0.00000"
"all-available","Asia/Taipei","BTCUSDT","BTC-260816-66000-C","2026-08-16","66000","CALL","1h","2026-08-14 17:00:00","2026-08-15 01:00:00","5.000","5.000","5.000","5.000","0.00","2026-08-14 17:59:59","2026-08-15 01:59:59","0.00000","0","0.00","0.00000"
"all-available","Asia/Taipei","BTCUSDT","BTC-260816-66000-C","2026-08-16","66000","CALL","1h","2026-08-14 18:00:00","2026-08-15 02:00:00","5.000","5.000","5.000","5.000","0.00","2026-08-14 18:59:59","2026-08-15 02:59:59","0.00000","0","0.00","0.00000"
"all-available","Asia/Taipei","BTCUSDT","BTC-260816-66000-C","2026-08-16","66000","CALL","1h","2026-08-14 19:00:00","2026-08-15 03:00:00","5.000","5.000","5.000","5.000","0.00","2026-08-14 19:59:59","2026-08-15 03:59:59","0.00000","0","0.00","0.00000"
"all-available","Asia/Taipei","BTCUSDT","BTC-260816-66000-C","2026-08-16","66000","CALL","1h","2026-08-14 20:00:00","2026-08-15 04:00:00","5.000","5.000","5.000","5.000","0.00","2026-08-14 20:59:59","2026-08-15 04:59:59","0.00000","0","0.00","0.00000"
"all-available","Asia/Taipei","BTCUSDT","BTC-260816-66000-C","2026-08-16","66000","CALL","1h","2026-08-14 21:00:00","2026-08-15 05:00:00","5.000","5.000","5.000","5.000","0.00","2026-08-14 21:59:59","2026-08-15 05:59:59","0.00000","0","0.00","0.00000"
"all-available","Asia/Taipei","BTCUSDT","BTC-260816-66000-C","2026-08-16","66000","CALL","1h","2026-08-14 22:00:00","2026-08-15 06:00:00","5.000","5.000","5.000","5.000","0.00","2026-08-14 22:59:59","2026-08-15 06:59:59","0.00000","0","0.00","0.00000"
"all-available","Asia/Taipei","BTCUSDT","BTC-260816-66000-C","2026-08-16","66000","CALL","1h","2026-08-14 23:00:00","2026-08-15 07:00:00","5.000","5.000","5.000","5.000","0.00","2026-08-14 23:59:59","2026-08-15 07:59:59","0.00000","0","0.00","0.00000"
"all-available","Asia/Taipei","BTCUSDT","BTC-260816-66000-C","2026-08-16","66000","CALL","1h","2026-08-15 00:00:00","2026-08-15 08:00:00","5.000","5.000","5.000","5.000","0.00","2026-08-15 00:59:59","2026-08-15 08:59:59","0.00000","0","0.00","0.00000"
"all-available","Asia/Taipei","BTCUSDT","BTC-260816-66000-C","2026-08-16","66000","CALL","1h","2026-08-15 01:00:00","2026-08-15 09:00:00","5.000","5.000","5.000","5.000","0.00","2026-08-15 01:59:59","2026-08-15 09:59:59","0.00000","0","0.00","0.00000"
"all-available","Asia/Taipei","BTCUSDT","BTC-260816-66000-C","2026-08-16","66000","CALL","1h","2026-08-15 02:00:00","2026-08-15 10:00:00","5.000","5.000","5.000","5.000","0.00","2026-08-15 02:59:59","2026-08-15 10:59:59","0.00000","0","0.00","0.00000"
"all-available","Asia/Taipei","BTCUSDT","BTC-260816-66000-C","2026-08-16","66000","CALL","1h","2026-08-15 03:00:00","2026-08-15 11:00:00","5.000","5.000","5.000","5.000","0.00","2026-08-15 03:59:59","2026-08-15 11:59:59","0.00000","0","0.00","0.00000"
"all-available","Asia/Taipei","BTCUSDT","BTC-260816-66000-C","2026-08-16","66000","CALL","1h","2026-08-15 04:00:00","2026-08-15 12:00:00","5.000","5.000","5.000","5.000","0.00","2026-08-15 04:59:59","2026-08-15 12:59:59","0.00000","0","0.00","0.00000"
"all-available","Asia/Taipei","BTCUSDT","BTC-260816-66000-C","2026-08-16","66000","CALL","1h","2026-08-15 05:00:00","2026-08-15 13:00:00","5.000","5.000","5.000","5.000","0.00","2026-08-15 05:59:59","2026-08-15 13:59:59","0.00000","0","0.00","0.00000"
"all-available","Asia/Taipei","BTCUSDT","BTC-260816-66000-C","2026-08-16","66000","CALL","1h","2026-08-15 06:00:00","2026-08-15 14:00:00","5.000","5.000","5.000","5.000","0.00","2026-08-15 06:59:59","2026-08-15 14:59:59","0.00000","0","0.00","0.00000"
"all-available","Asia/Taipei","BTCUSDT","BTC-260816-66000-C","2026-08-16","66000","CALL","1h","2026-08-15 07:00:00","2026-08-15 15:00:00","5.000","5.000","5.000","5.000","0.00","2026-08-15 07:59:59","2026-08-15 15:59:59","0.00000","0","0.00","0.00000"
"all-available","Asia/Taipei","BTCUSDT","BTC-260816-66000-C","2026-08-16","66000","CALL","1h","2026-08-15 08:00:00","2026-08-15 16:00:00","5.000","5.000","5.000","5.000","0.00","2026-08-15 08:59:59","2026-08-15 16:59:59","0.00000","0","0.00","0.00000"
"all-available","Asia/Taipei","BTCUSDT","BTC-260816-66000-C","2026-08-16","66000","CALL","1h","2026-08-15 09:00:00","2026-08-15 17:00:00","5.000","5.000","5.000","5.000","0.00","2026-08-15 09:59:59","2026-08-15 17:59:59","0.00000","0","0.00","0.00000"
"all-available","Asia/Taipei","BTCUSDT","BTC-260816-66000-C","2026-08-16","66000","CALL","1h","2026-08-15 10:00:00","2026-08-15 18:00:00","5.000","5.000","5.000","5.000","0.00","2026-08-15 10:59:59","2026-08-15 18:59:59","0.00000","0","0.00","0.00000"
"all-available","Asia/Taipei","BTCUSDT","BTC-260816-66000-C","2026-08-16","66000","CALL","1h","2026-08-15 11:00:00","2026-08-15 19:00:00","5.000","5.000","5.000","5.000","0.00","2026-08-15 11:59:59","2026-08-15 19:59:59","0.00000","0","0.00","0.00000"
"all-available","Asia/Taipei","BTCUSDT","BTC-260816-66000-C","2026-08-16","66000","CALL","1h","2026-08-15 12:00:00","2026-08-15 20:00:00","5.000","5.000","5.000","5.000","0.00","2026-08-15 12:59:59","2026-08-15 20:59:59","0.00000","0","0.00","0.00000"
"all-available","Asia/Taipei","BTCUSDT","BTC-260816-66000-C","2026-08-16","66000","CALL","1h","2026-08-15 13:00:00","2026-08-15 21:00:00","5.000","5.000","5.000","5.000","0.00","2026-08-15 13:59:59","2026-08-15 21:59:59","0.00000","0","0.00","0.00000"
"all-available","Asia/Taipei","BTCUSDT","BTC-260816-66000-C","2026-08-16","66000","CALL","1h","2026-08-15 14:00:00","2026-08-15 22:00:00","5.000","5.000","5.000","5.000","0.25","2026-08-15 14:59:59","2026-08-15 22:59:59","1.25000","1","0.25","1.25000"
"all-available","Asia/Taipei","BTCUSDT","BTC-260816-66000-C","2026-08-16","66000","CALL","1h","2026-08-15 15:00:00","2026-08-15 23:00:00","5.000","5.000","5.000","5.000","0.00","2026-08-15 15:59:59","2026-08-15 23:59:59","0.00000","0","0.00","0.00000"
"all-available","Asia/Taipei","BTCUSDT","BTC-260816-66000-C","2026-08-16","66000","CALL","1h","2026-08-15 16:00:00","2026-08-16 00:00:00","5.000","5.000","5.000","5.000","0.00","2026-08-15 16:59:59","2026-08-16 00:59:59","0.00000","0","0.00","0.00000"
"all-available","Asia/Taipei","BTCUSDT","BTC-260816-66000-C","2026-08-16","66000","CALL","1h","2026-08-15 17:00:00","2026-08-16 01:00:00","5.000","5.000","5.000","5.000","0.00","2026-08-15 17:59:59","2026-08-16 01:59:59","0.00000","0","0.00","0.00000"
"all-available","Asia/Taipei","BTCUSDT","BTC-260816-66000-C","2026-08-16","66000","CALL","1h","2026-08-15 18:00:00","2026-08-16 02:00:00","5.000","5.000","5.000","5.000","0.00","2026-08-15 18:59:59","2026-08-16 02:59:59","0.00000","0","0.00","0.00000"
"all-available","Asia/Taipei","BTCUSDT","BTC-260816-66000-C","2026-08-16","66000","CALL","1h","2026-08-15 19:00:00","2026-08-16 03:00:00","5.000","5.000","5.000","5.000","0.00","2026-08-15 19:59:59","2026-08-16 03:59:59","0.00000","0","0.00","0.00000"
"all-available","Asia/Taipei","BTCUSDT","BTC-260816-66000-C","2026-08-16","66000","CALL","1h","2026-08-15 20:00:00","2026-08-16 04:00:00","5.000","5.000","5.000","5.000","0.00","2026-08-15 20:59:59","2026-08-16 04:59:59","0.00000","0","0.00","0.00000"
"all-available","Asia/Taipei","BTCUSDT","BTC-260816-66000-C","2026-08-16","66000","CALL","1h","2026-08-15 21:00:00","2026-08-16 05:00:00","5.000","5.000","5.000","5.000","0.00","2026-08-15 21:59:59","2026-08-16 05:59:59","0.00000","0","0.00","0.00000"
"all-available","Asia/Taipei","BTCUSDT","BTC-260816-66000-C","2026-08-16","66000","CALL","1h","2026-08-15 22:00:00","2026-08-16 06:00:00","5.000","5.000","5.000","5.000","0.00","2026-08-15 22:59:59","2026-08-16 06:59:59","0.00000","0","0.00","0.00000"
"all-available","Asia/Taipei","BTCUSDT","BTC-260816-66000-C","2026-08-16","66000","CALL","1h","2026-08-15 23:00:00","2026-08-16 07:00:00","5.000","5.000","5.000","5.000","0.00","2026-08-15 23:59:59","2026-08-16 07:59:59","0.00000","0","0.00","0.00000"
"all-available","Asia/Taipei","BTCUSDT","BTC-260816-66000-C","2026-08-16","66000","CALL","1h","2026-08-16 00:00:00","2026-08-16 08:00:00","5.000","5.000","5.000","5.000","0.00","2026-08-16 00:59:59","2026-08-16 08:59:59","0.00000","0","0.00","0.00000"
"all-available","Asia/Taipei","BTCUSDT","BTC-260816-66000-C","2026-08-16","66000","CALL","1h","2026-08-16 01:00:00","2026-08-16 09:00:00","5.000","5.000","5.000","5.000","0.00","2026-08-16 01:59:59","2026-08-16 09:59:59","0.00000","0","0.00","0.00000"
"all-available","Asia/Taipei","BTCUSDT","BTC-260816-66000-C","2026-08-16","66000","CALL","1h","2026-08-16 02:00:00","2026-08-16 10:00:00","5.000","5.000","5.000","5.000","0.00","2026-08-16 02:59:59","2026-08-16 10:59:59","0.00000","0","0.00","0.00000"
"all-available","Asia/Taipei","BTCUSDT","BTC-260816-66000-C","2026-08-16","66000","CALL","1h","2026-08-16 03:00:00","2026-08-16 11:00:00","5.000","5.000","5.000","5.000","0.00","2026-08-16 03:59:59","2026-08-16 11:59:59","0.00000","0","0.00","0.00000"
"all-available","Asia/Taipei","BTCUSDT","BTC-260816-66000-C","2026-08-16","66000","CALL","1h","2026-08-16 04:00:00","2026-08-16 12:00:00","5.000","5.000","5.000","5.000","0.00","2026-08-16 04:59:59","2026-08-16 12:59:59","0.00000","0","0.00","0.00000"
"all-available","Asia/Taipei","BTCUSDT","BTC-260816-66000-C","2026-08-16","66000","CALL","1h","2026-08-16 05:00:00","2026-08-16 13:00:00","5.000","5.000","5.000","5.000","0.00","2026-08-16 05:59:59","2026-08-16 13:59:59","0.00000","0","0.00","0.00000"
"all-available","Asia/Taipei","BTCUSDT","BTC-260816-66000-C","2026-08-16","66000","CALL","1h","2026-08-16 06:00:00","2026-08-16 14:00:00","5.000","5.000","5.000","5.000","0.00","2026-08-16 06:59:59","2026-08-16 14:59:59","0.00000","0","0.00","0.00000"
"all-available","Asia/Taipei","BTCUSDT","BTC-260816-66000-C","2026-08-16","66000","CALL","1h","2026-08-16 07:00:00","2026-08-16 15:00:00","5.000","5.000","5.000","5.000","0.00","2026-08-16 07:59:59","2026-08-16 15:59:59","0.00000","0","0.00","0.00000"
"all-available","Asia/Taipei","BTCUSDT","BTC-260816-67000-C","2026-08-16","67000","CALL","1h","2026-08-13 08:00:00","2026-08-13 16:00:00","25.000","25.000","20.000","20.000","10.19","2026-08-13 08:59:59","2026-08-13 16:59:59","204.70000","8","0.18","4.50000"
"all-available","Asia/Taipei","BTCUSDT","BTC-260816-67000-C","2026-08-16","67000","CALL","1h","2026-08-13 09:00:00","2026-08-13 17:00:00","15.000","20.000","15.000","20.000","0.28","2026-08-13 09:59:59","2026-08-13 17:59:59","4.40000","10","0.00","0.00000"
"all-available","Asia/Taipei","BTCUSDT","BTC-260816-67000-C","2026-08-16","67000","CALL","1h","2026-08-13 10:00:00","2026-08-13 18:00:00","20.000","20.000","20.000","20.000","0.01","2026-08-13 10:59:59","2026-08-13 18:59:59","0.20000","1","0.00","0.00000"
"all-available","Asia/Taipei","BTCUSDT","BTC-260816-67000-C","2026-08-16","67000","CALL","1h","2026-08-13 11:00:00","2026-08-13 19:00:00","15.000","15.000","15.000","15.000","0.26","2026-08-13 11:59:59","2026-08-13 19:59:59","3.90000","2","0.00","0.00000"
"all-available","Asia/Taipei","BTCUSDT","BTC-260816-67000-C","2026-08-16","67000","CALL","1h","2026-08-13 12:00:00","2026-08-13 20:00:00","15.000","15.000","15.000","15.000","0.21","2026-08-13 12:59:59","2026-08-13 20:59:59","3.15000","5","0.00","0.00000"
"all-available","Asia/Taipei","BTCUSDT","BTC-260816-67000-C","2026-08-16","67000","CALL","1h","2026-08-13 13:00:00","2026-08-13 21:00:00","15.000","15.000","15.000","15.000","0.09","2026-08-13 13:59:59","2026-08-13 21:59:59","1.35000","4","0.00","0.00000"
"all-available","Asia/Taipei","BTCUSDT","BTC-260816-67000-C","2026-08-16","67000","CALL","1h","2026-08-13 14:00:00","2026-08-13 22:00:00","15.000","15.000","15.000","15.000","0.25","2026-08-13 14:59:59","2026-08-13 22:59:59","3.75000","5","0.00","0.00000"
"all-available","Asia/Taipei","BTCUSDT","BTC-260816-67000-C","2026-08-16","67000","CALL","1h","2026-08-13 15:00:00","2026-08-13 23:00:00","15.000","15.000","15.000","15.000","0.00","2026-08-13 15:59:59","2026-08-13 23:59:59","0.00000","0","0.00","0.00000"
"all-available","Asia/Taipei","BTCUSDT","BTC-260816-67000-C","2026-08-16","67000","CALL","1h","2026-08-13 16:00:00","2026-08-14 00:00:00","15.000","15.000","15.000","15.000","0.00","2026-08-13 16:59:59","2026-08-14 00:59:59","0.00000","0","0.00","0.00000"
"all-available","Asia/Taipei","BTCUSDT","BTC-260816-67000-C","2026-08-16","67000","CALL","1h","2026-08-13 17:00:00","2026-08-14 01:00:00","15.000","15.000","15.000","15.000","2.00","2026-08-13 17:59:59","2026-08-14 01:59:59","30.00000","1","2.00","30.00000"
"all-available","Asia/Taipei","BTCUSDT","BTC-260816-67000-C","2026-08-16","67000","CALL","1h","2026-08-13 18:00:00","2026-08-14 02:00:00","15.000","15.000","15.000","15.000","0.00","2026-08-13 18:59:59","2026-08-14 02:59:59","0.00000","0","0.00","0.00000"
"all-available","Asia/Taipei","BTCUSDT","BTC-260816-67000-C","2026-08-16","67000","CALL","1h","2026-08-13 19:00:00","2026-08-14 03:00:00","15.000","15.000","15.000","15.000","0.00","2026-08-13 19:59:59","2026-08-14 03:59:59","0.00000","0","0.00","0.00000"
"all-available","Asia/Taipei","BTCUSDT","BTC-260816-67000-C","2026-08-16","67000","CALL","1h","2026-08-13 20:00:00","2026-08-14 04:00:00","15.000","15.000","15.000","15.000","0.06","2026-08-13 20:59:59","2026-08-14 04:59:59","0.90000","1","0.06","0.90000"
"all-available","Asia/Taipei","BTCUSDT","BTC-260816-67000-C","2026-08-16","67000","CALL","1h","2026-08-13 21:00:00","2026-08-14 05:00:00","15.000","15.000","15.000","15.000","0.00","2026-08-13 21:59:59","2026-08-14 05:59:59","0.00000","0","0.00","0.00000"
"all-available","Asia/Taipei","BTCUSDT","BTC-260816-67000-C","2026-08-16","67000","CALL","1h","2026-08-13 22:00:00","2026-08-14 06:00:00","15.000","15.000","15.000","15.000","0.00","2026-08-13 22:59:59","2026-08-14 06:59:59","0.00000","0","0.00","0.00000"
"all-available","Asia/Taipei","BTCUSDT","BTC-260816-67000-C","2026-08-16","67000","CALL","1h","2026-08-13 23:00:00","2026-08-14 07:00:00","15.000","15.000","15.000","15.000","0.00","2026-08-13 23:59:59","2026-08-14 07:59:59","0.00000","0","0.00","0.00000"
"all-available","Asia/Taipei","BTCUSDT","BTC-260816-67000-C","2026-08-16","67000","CALL","1h","2026-08-14 00:00:00","2026-08-14 08:00:00","15.000","15.000","15.000","15.000","0.00","2026-08-14 00:59:59","2026-08-14 08:59:59","0.00000","0","0.00","0.00000"
"all-available","Asia/Taipei","BTCUSDT","BTC-260816-67000-C","2026-08-16","67000","CALL","1h","2026-08-14 01:00:00","2026-08-14 09:00:00","15.000","15.000","15.000","15.000","0.00","2026-08-14 01:59:59","2026-08-14 09:59:59","0.00000","0","0.00","0.00000"
"all-available","Asia/Taipei","BTCUSDT","BTC-260816-67000-C","2026-08-16","67000","CALL","1h","2026-08-14 02:00:00","2026-08-14 10:00:00","15.000","15.000","15.000","15.000","0.00","2026-08-14 02:59:59","2026-08-14 10:59:59","0.00000","0","0.00","0.00000"
"all-available","Asia/Taipei","BTCUSDT","BTC-260816-67000-C","2026-08-16","67000","CALL","1h","2026-08-14 03:00:00","2026-08-14 11:00:00","15.000","15.000","15.000","15.000","0.00","2026-08-14 03:59:59","2026-08-14 11:59:59","0.00000","0","0.00","0.00000"
"all-available","Asia/Taipei","BTCUSDT","BTC-260816-67000-C","2026-08-16","67000","CALL","1h","2026-08-14 04:00:00","2026-08-14 12:00:00","15.000","15.000","15.000","15.000","0.00","2026-08-14 04:59:59","2026-08-14 12:59:59","0.00000","0","0.00","0.00000"
"all-available","Asia/Taipei","BTCUSDT","BTC-260816-67000-C","2026-08-16","67000","CALL","1h","2026-08-14 05:00:00","2026-08-14 13:00:00","15.000","15.000","15.000","15.000","0.00","2026-08-14 05:59:59","2026-08-14 13:59:59","0.00000","0","0.00","0.00000"
"all-available","Asia/Taipei","BTCUSDT","BTC-260816-67000-C","2026-08-16","67000","CALL","1h","2026-08-14 06:00:00","2026-08-14 14:00:00","5.000","5.000","5.000","5.000","6.19","2026-08-14 06:59:59","2026-08-14 14:59:59","30.95000","6","0.00","0.00000"
"all-available","Asia/Taipei","BTCUSDT","BTC-260816-67000-C","2026-08-16","67000","CALL","1h","2026-08-14 07:00:00","2026-08-14 15:00:00","5.000","5.000","5.000","5.000","0.00","2026-08-14 07:59:59","2026-08-14 15:59:59","0.00000","0","0.00","0.00000"
"all-available","Asia/Taipei","BTCUSDT","BTC-260816-67000-C","2026-08-16","67000","CALL","1h","2026-08-14 08:00:00","2026-08-14 16:00:00","5.000","5.000","5.000","5.000","0.00","2026-08-14 08:59:59","2026-08-14 16:59:59","0.00000","0","0.00","0.00000"
"all-available","Asia/Taipei","BTCUSDT","BTC-260816-67000-C","2026-08-16","67000","CALL","1h","2026-08-14 09:00:00","2026-08-14 17:00:00","5.000","5.000","5.000","5.000","0.00","2026-08-14 09:59:59","2026-08-14 17:59:59","0.00000","0","0.00","0.00000"
"all-available","Asia/Taipei","BTCUSDT","BTC-260816-67000-C","2026-08-16","67000","CALL","1h","2026-08-14 10:00:00","2026-08-14 18:00:00","5.000","5.000","5.000","5.000","0.00","2026-08-14 10:59:59","2026-08-14 18:59:59","0.00000","0","0.00","0.00000"
"all-available","Asia/Taipei","BTCUSDT","BTC-260816-67000-C","2026-08-16","67000","CALL","1h","2026-08-14 11:00:00","2026-08-14 19:00:00","5.000","5.000","5.000","5.000","0.00","2026-08-14 11:59:59","2026-08-14 19:59:59","0.00000","0","0.00","0.00000"
"all-available","Asia/Taipei","BTCUSDT","BTC-260816-67000-C","2026-08-16","67000","CALL","1h","2026-08-14 12:00:00","2026-08-14 20:00:00","5.000","5.000","5.000","5.000","0.00","2026-08-14 12:59:59","2026-08-14 20:59:59","0.00000","0","0.00","0.00000"
"all-available","Asia/Taipei","BTCUSDT","BTC-260816-67000-C","2026-08-16","67000","CALL","1h","2026-08-14 13:00:00","2026-08-14 21:00:00","5.000","5.000","5.000","5.000","0.00","2026-08-14 13:59:59","2026-08-14 21:59:59","0.00000","0","0.00","0.00000"
"all-available","Asia/Taipei","BTCUSDT","BTC-260816-67000-C","2026-08-16","67000","CALL","1h","2026-08-14 14:00:00","2026-08-14 22:00:00","5.000","5.000","5.000","5.000","0.00","2026-08-14 14:59:59","2026-08-14 22:59:59","0.00000","0","0.00","0.00000"
"all-available","Asia/Taipei","BTCUSDT","BTC-260816-67000-C","2026-08-16","67000","CALL","1h","2026-08-14 15:00:00","2026-08-14 23:00:00","5.000","5.000","5.000","5.000","0.00","2026-08-14 15:59:59","2026-08-14 23:59:59","0.00000","0","0.00","0.00000"
"all-available","Asia/Taipei","BTCUSDT","BTC-260816-67000-C","2026-08-16","67000","CALL","1h","2026-08-14 16:00:00","2026-08-15 00:00:00","5.000","5.000","5.000","5.000","0.00","2026-08-14 16:59:59","2026-08-15 00:59:59","0.00000","0","0.00","0.00000"
"all-available","Asia/Taipei","BTCUSDT","BTC-260816-67000-C","2026-08-16","67000","CALL","1h","2026-08-14 17:00:00","2026-08-15 01:00:00","5.000","5.000","5.000","5.000","0.00","2026-08-14 17:59:59","2026-08-15 01:59:59","0.00000","0","0.00","0.00000"
"all-available","Asia/Taipei","BTCUSDT","BTC-260816-67000-C","2026-08-16","67000","CALL","1h","2026-08-14 18:00:00","2026-08-15 02:00:00","5.000","5.000","5.000","5.000","0.00","2026-08-14 18:59:59","2026-08-15 02:59:59","0.00000","0","0.00","0.00000"
"all-available","Asia/Taipei","BTCUSDT","BTC-260816-67000-C","2026-08-16","67000","CALL","1h","2026-08-14 19:00:00","2026-08-15 03:00:00","5.000","5.000","5.000","5.000","0.00","2026-08-14 19:59:59","2026-08-15 03:59:59","0.00000","0","0.00","0.00000"
"all-available","Asia/Taipei","BTCUSDT","BTC-260816-67000-C","2026-08-16","67000","CALL","1h","2026-08-14 20:00:00","2026-08-15 04:00:00","5.000","5.000","5.000","5.000","0.00","2026-08-14 20:59:59","2026-08-15 04:59:59","0.00000","0","0.00","0.00000"
"all-available","Asia/Taipei","BTCUSDT","BTC-260816-67000-C","2026-08-16","67000","CALL","1h","2026-08-14 21:00:00","2026-08-15 05:00:00","5.000","5.000","5.000","5.000","0.00","2026-08-14 21:59:59","2026-08-15 05:59:59","0.00000","0","0.00","0.00000"
"all-available","Asia/Taipei","BTCUSDT","BTC-260816-67000-C","2026-08-16","67000","CALL","1h","2026-08-14 22:00:00","2026-08-15 06:00:00","5.000","5.000","5.000","5.000","0.00","2026-08-14 22:59:59","2026-08-15 06:59:59","0.00000","0","0.00","0.00000"
"all-available","Asia/Taipei","BTCUSDT","BTC-260816-67000-C","2026-08-16","67000","CALL","1h","2026-08-14 23:00:00","2026-08-15 07:00:00","5.000","5.000","5.000","5.000","0.00","2026-08-14 23:59:59","2026-08-15 07:59:59","0.00000","0","0.00","0.00000"
"all-available","Asia/Taipei","BTCUSDT","BTC-260816-67000-C","2026-08-16","67000","CALL","1h","2026-08-15 00:00:00","2026-08-15 08:00:00","5.000","5.000","5.000","5.000","0.00","2026-08-15 00:59:59","2026-08-15 08:59:59","0.00000","0","0.00","0.00000"
"all-available","Asia/Taipei","BTCUSDT","BTC-260816-67000-C","2026-08-16","67000","CALL","1h","2026-08-15 01:00:00","2026-08-15 09:00:00","5.000","5.000","5.000","5.000","0.00","2026-08-15 01:59:59","2026-08-15 09:59:59","0.00000","0","0.00","0.00000"
"all-available","Asia/Taipei","BTCUSDT","BTC-260816-67000-C","2026-08-16","67000","CALL","1h","2026-08-15 02:00:00","2026-08-15 10:00:00","5.000","5.000","5.000","5.000","0.00","2026-08-15 02:59:59","2026-08-15 10:59:59","0.00000","0","0.00","0.00000"
"all-available","Asia/Taipei","BTCUSDT","BTC-260816-67000-C","2026-08-16","67000","CALL","1h","2026-08-15 03:00:00","2026-08-15 11:00:00","5.000","5.000","5.000","5.000","0.00","2026-08-15 03:59:59","2026-08-15 11:59:59","0.00000","0","0.00","0.00000"
"all-available","Asia/Taipei","BTCUSDT","BTC-260816-67000-C","2026-08-16","67000","CALL","1h","2026-08-15 04:00:00","2026-08-15 12:00:00","5.000","5.000","5.000","5.000","0.00","2026-08-15 04:59:59","2026-08-15 12:59:59","0.00000","0","0.00","0.00000"
"all-available","Asia/Taipei","BTCUSDT","BTC-260816-67000-C","2026-08-16","67000","CALL","1h","2026-08-15 05:00:00","2026-08-15 13:00:00","5.000","5.000","5.000","5.000","0.00","2026-08-15 05:59:59","2026-08-15 13:59:59","0.00000","0","0.00","0.00000"
"all-available","Asia/Taipei","BTCUSDT","BTC-260816-67000-C","2026-08-16","67000","CALL","1h","2026-08-15 06:00:00","2026-08-15 14:00:00","5.000","5.000","5.000","5.000","0.00","2026-08-15 06:59:59","2026-08-15 14:59:59","0.00000","0","0.00","0.00000"
"all-available","Asia/Taipei","BTCUSDT","BTC-260816-67000-C","2026-08-16","67000","CALL","1h","2026-08-15 07:00:00","2026-08-15 15:00:00","5.000","5.000","5.000","5.000","0.00","2026-08-15 07:59:59","2026-08-15 15:59:59","0.00000","0","0.00","0.00000"
"all-available","Asia/Taipei","BTCUSDT","BTC-260816-67000-C","2026-08-16","67000","CALL","1h","2026-08-15 08:00:00","2026-08-15 16:00:00","5.000","5.000","5.000","5.000","0.00","2026-08-15 08:59:59","2026-08-15 16:59:59","0.00000","0","0.00","0.00000"
"all-available","Asia/Taipei","BTCUSDT","BTC-260816-67000-C","2026-08-16","67000","CALL","1h","2026-08-15 09:00:00","2026-08-15 17:00:00","5.000","5.000","5.000","5.000","0.00","2026-08-15 09:59:59","2026-08-15 17:59:59","0.00000","0","0.00","0.00000"
"all-available","Asia/Taipei","BTCUSDT","BTC-260816-67000-C","2026-08-16","67000","CALL","1h","2026-08-15 10:00:00","2026-08-15 18:00:00","5.000","5.000","5.000","5.000","0.00","2026-08-15 10:59:59","2026-08-15 18:59:59","0.00000","0","0.00","0.00000"
"all-available","Asia/Taipei","BTCUSDT","BTC-260816-67000-C","2026-08-16","67000","CALL","1h","2026-08-15 11:00:00","2026-08-15 19:00:00","5.000","5.000","5.000","5.000","0.00","2026-08-15 11:59:59","2026-08-15 19:59:59","0.00000","0","0.00","0.00000"
"all-available","Asia/Taipei","BTCUSDT","BTC-260816-67000-C","2026-08-16","67000","CALL","1h","2026-08-15 12:00:00","2026-08-15 20:00:00","5.000","5.000","5.000","5.000","0.00","2026-08-15 12:59:59","2026-08-15 20:59:59","0.00000","0","0.00","0.00000"
"all-available","Asia/Taipei","BTCUSDT","BTC-260816-67000-C","2026-08-16","67000","CALL","1h","2026-08-15 13:00:00","2026-08-15 21:00:00","5.000","5.000","5.000","5.000","0.00","2026-08-15 13:59:59","2026-08-15 21:59:59","0.00000","0","0.00","0.00000"
"all-available","Asia/Taipei","BTCUSDT","BTC-260816-67000-C","2026-08-16","67000","CALL","1h","2026-08-15 14:00:00","2026-08-15 22:00:00","5.000","5.000","5.000","5.000","0.00","2026-08-15 14:59:59","2026-08-15 22:59:59","0.00000","0","0.00","0.00000"
"all-available","Asia/Taipei","BTCUSDT","BTC-260816-67000-C","2026-08-16","67000","CALL","1h","2026-08-15 15:00:00","2026-08-15 23:00:00","5.000","5.000","5.000","5.000","0.00","2026-08-15 15:59:59","2026-08-15 23:59:59","0.00000","0","0.00","0.00000"
"all-available","Asia/Taipei","BTCUSDT","BTC-260816-67000-C","2026-08-16","67000","CALL","1h","2026-08-15 16:00:00","2026-08-16 00:00:00","5.000","5.000","5.000","5.000","0.00","2026-08-15 16:59:59","2026-08-16 00:59:59","0.00000","0","0.00","0.00000"
"all-available","Asia/Taipei","BTCUSDT","BTC-260816-67000-C","2026-08-16","67000","CALL","1h","2026-08-15 17:00:00","2026-08-16 01:00:00","5.000","5.000","5.000","5.000","0.00","2026-08-15 17:59:59","2026-08-16 01:59:59","0.00000","0","0.00","0.00000"
"all-available","Asia/Taipei","BTCUSDT","BTC-260816-67000-C","2026-08-16","67000","CALL","1h","2026-08-15 18:00:00","2026-08-16 02:00:00","5.000","5.000","5.000","5.000","0.00","2026-08-15 18:59:59","2026-08-16 02:59:59","0.00000","0","0.00","0.00000"
"all-available","Asia/Taipei","BTCUSDT","BTC-260816-67000-C","2026-08-16","67000","CALL","1h","2026-08-15 19:00:00","2026-08-16 03:00:00","5.000","5.000","5.000","5.000","0.00","2026-08-15 19:59:59","2026-08-16 03:59:59","0.00000","0","0.00","0.00000"
"all-available","Asia/Taipei","BTCUSDT","BTC-260816-67000-C","2026-08-16","67000","CALL","1h","2026-08-15 20:00:00","2026-08-16 04:00:00","5.000","5.000","5.000","5.000","0.00","2026-08-15 20:59:59","2026-08-16 04:59:59","0.00000","0","0.00","0.00000"
"all-available","Asia/Taipei","BTCUSDT","BTC-260816-67000-C","2026-08-16","67000","CALL","1h","2026-08-15 21:00:00","2026-08-16 05:00:00","5.000","5.000","5.000","5.000","0.00","2026-08-15 21:59:59","2026-08-16 05:59:59","0.00000","0","0.00","0.00000"
"all-available","Asia/Taipei","BTCUSDT","BTC-260816-67000-C","2026-08-16","67000","CALL","1h","2026-08-15 22:00:00","2026-08-16 06:00:00","5.000","5.000","5.000","5.000","0.00","2026-08-15 22:59:59","2026-08-16 06:59:59","0.00000","0","0.00","0.00000"
"all-available","Asia/Taipei","BTCUSDT","BTC-260816-67000-C","2026-08-16","67000","CALL","1h","2026-08-15 23:00:00","2026-08-16 07:00:00","5.000","5.000","5.000","5.000","0.00","2026-08-15 23:59:59","2026-08-16 07:59:59","0.00000","0","0.00","0.00000"
"all-available","Asia/Taipei","BTCUSDT","BTC-260816-67000-C","2026-08-16","67000","CALL","1h","2026-08-16 00:00:00","2026-08-16 08:00:00","5.000","5.000","5.000","5.000","0.00","2026-08-16 00:59:59","2026-08-16 08:59:59","0.00000","0","0.00","0.00000"
"all-available","Asia/Taipei","BTCUSDT","BTC-260816-67000-C","2026-08-16","67000","CALL","1h","2026-08-16 01:00:00","2026-08-16 09:00:00","5.000","5.000","5.000","5.000","0.00","2026-08-16 01:59:59","2026-08-16 09:59:59","0.00000","0","0.00","0.00000"
"all-available","Asia/Taipei","BTCUSDT","BTC-260816-67000-C","2026-08-16","67000","CALL","1h","2026-08-16 02:00:00","2026-08-16 10:00:00","5.000","5.000","5.000","5.000","0.00","2026-08-16 02:59:59","2026-08-16 10:59:59","0.00000","0","0.00","0.00000"
"all-available","Asia/Taipei","BTCUSDT","BTC-260816-67000-C","2026-08-16","67000","CALL","1h","2026-08-16 03:00:00","2026-08-16 11:00:00","5.000","5.000","5.000","5.000","0.00","2026-08-16 03:59:59","2026-08-16 11:59:59","0.00000","0","0.00","0.00000"
"all-available","Asia/Taipei","BTCUSDT","BTC-260816-67000-C","2026-08-16","67000","CALL","1h","2026-08-16 04:00:00","2026-08-16 12:00:00","5.000","5.000","5.000","5.000","0.00","2026-08-16 04:59:59","2026-08-16 12:59:59","0.00000","0","0.00","0.00000"
"all-available","Asia/Taipei","BTCUSDT","BTC-260816-67000-C","2026-08-16","67000","CALL","1h","2026-08-16 05:00:00","2026-08-16 13:00:00","5.000","5.000","5.000","5.000","0.00","2026-08-16 05:59:59","2026-08-16 13:59:59","0.00000","0","0.00","0.00000"
"all-available","Asia/Taipei","BTCUSDT","BTC-260816-67000-C","2026-08-16","67000","CALL","1h","2026-08-16 06:00:00","2026-08-16 14:00:00","5.000","5.000","5.000","5.000","0.00","2026-08-16 06:59:59","2026-08-16 14:59:59","0.00000","0","0.00","0.00000"
"all-available","Asia/Taipei","BTCUSDT","BTC-260816-67000-C","2026-08-16","67000","CALL","1h","2026-08-16 07:00:00","2026-08-16 15:00:00","5.000","5.000","5.000","5.000","0.00","2026-08-16 07:59:59","2026-08-16 15:59:59","0.00000","0","0.00","0.00000"
