"queryDate","timeZone","underlying","symbol","expiryDate","strikePrice","side","interval","openTimeUtc","openTimeLocal","open","high","low","close","volume","closeTimeUtc","closeTimeLocal","quoteVolume","numberOfTrades","takerBuyVolume","takerBuyQuoteVolume"
"all-available","Asia/Taipei","BTCUSDT","BTC-260815-60000-P","2026-08-15","60000","PUT","1h","2026-08-12 08:00:00","2026-08-12 16:00:00","30.000","30.000","30.000","30.000","2.11","2026-08-12 08:59:59","2026-08-12 16:59:59","63.30000","4","2.11","63.30000"
"all-available","Asia/Taipei","BTCUSDT","BTC-260815-60000-P","2026-08-15","60000","PUT","1h","2026-08-12 09:00:00","2026-08-12 17:00:00","30.000","30.000","25.000","25.000","0.36","2026-08-12 09:59:59","2026-08-12 17:59:59","10.40000","2","0.28","8.40000"
"all-available","Asia/Taipei","BTCUSDT","BTC-260815-60000-P","2026-08-15","60000","PUT","1h","2026-08-12 10:00:00","2026-08-12 18:00:00","20.000","20.000","15.000","15.000","8.38","2026-08-12 10:59:59","2026-08-12 18:59:59","147.85000","8","4.43","88.60000"
"all-available","Asia/Taipei","BTCUSDT","BTC-260815-60000-P","2026-08-15","60000","PUT","1h","2026-08-12 11:00:00","2026-08-12 19:00:00","15.000","15.000","15.000","15.000","0.03","2026-08-12 11:59:59","2026-08-12 19:59:59","0.45000","3","0.00","0.00000"
"all-available","Asia/Taipei","BTCUSDT","BTC-260815-60000-P","2026-08-15","60000","PUT","1h","2026-08-12 12:00:00","2026-08-12 20:00:00","20.000","20.000","20.000","20.000","0.09","2026-08-12 12:59:59","2026-08-12 20:59:59","1.80000","6","0.00","0.00000"
"all-available","Asia/Taipei","BTCUSDT","BTC-260815-60000-P","2026-08-15","60000","PUT","1h","2026-08-12 13:00:00","2026-08-12 21:00:00","20.000","20.000","20.000","20.000","0.06","2026-08-12 13:59:59","2026-08-12 21:59:59","1.20000","5","0.00","0.00000"
"all-available","Asia/Taipei","BTCUSDT","BTC-260815-60000-P","2026-08-15","60000","PUT","1h","2026-08-12 14:00:00","2026-08-12 22:00:00","20.000","30.000","20.000","30.000","1.36","2026-08-12 14:59:59","2026-08-12 22:59:59","34.20000","11","1.00","25.00000"
"all-available","Asia/Taipei","BTCUSDT","BTC-260815-60000-P","2026-08-15","60000","PUT","1h","2026-08-12 15:00:00","2026-08-12 23:00:00","30.000","35.000","30.000","30.000","30.09","2026-08-12 15:59:59","2026-08-12 23:59:59","1052.70000","5","30.00","1050.00000"
"all-available","Asia/Taipei","BTCUSDT","BTC-260815-60000-P","2026-08-15","60000","PUT","1h","2026-08-12 16:00:00","2026-08-13 00:00:00","25.000","30.000","25.000","30.000","0.24","2026-08-12 16:59:59","2026-08-13 00:59:59","6.20000","3","0.04","1.20000"
"all-available","Asia/Taipei","BTCUSDT","BTC-260815-60000-P","2026-08-15","60000","PUT","1h","2026-08-12 17:00:00","2026-08-13 01:00:00","25.000","25.000","25.000","25.000","0.29","2026-08-12 17:59:59","2026-08-13 01:59:59","7.25000","1","0.00","0.00000"
"all-available","Asia/Taipei","BTCUSDT","BTC-260815-60000-P","2026-08-15","60000","PUT","1h","2026-08-12 18:00:00","2026-08-13 02:00:00","20.000","20.000","20.000","20.000","0.63","2026-08-12 18:59:59","2026-08-13 02:59:59","12.60000","5","0.00","0.00000"
"all-available","Asia/Taipei","BTCUSDT","BTC-260815-60000-P","2026-08-15","60000","PUT","1h","2026-08-12 19:00:00","2026-08-13 03:00:00","25.000","25.000","20.000","20.000","1.04","2026-08-12 19:59:59","2026-08-13 03:59:59","25.80000","3","1.00","25.00000"
"all-available","Asia/Taipei","BTCUSDT","BTC-260815-60000-P","2026-08-15","60000","PUT","1h","2026-08-12 20:00:00","2026-08-13 04:00:00","20.000","20.000","20.000","20.000","0.01","2026-08-12 20:59:59","2026-08-13 04:59:59","0.20000","1","0.00","0.00000"
"all-available","Asia/Taipei","BTCUSDT","BTC-260815-60000-P","2026-08-15","60000","PUT","1h","2026-08-12 21:00:00","2026-08-13 05:00:00","25.000","25.000","25.000","25.000","0.15","2026-08-12 21:59:59","2026-08-13 05:59:59","3.75000","1","0.15","3.75000"
"all-available","Asia/Taipei","BTCUSDT","BTC-260815-60000-P","2026-08-15","60000","PUT","1h","2026-08-12 22:00:00","2026-08-13 06:00:00","20.000","20.000","20.000","20.000","0.08","2026-08-12 22:59:59","2026-08-13 06:59:59","1.60000","1","0.00","0.00000"
"all-available","Asia/Taipei","BTCUSDT","BTC-260815-60000-P","2026-08-15","60000","PUT","1h","2026-08-12 23:00:00","2026-08-13 07:00:00","20.000","20.000","20.000","20.000","0.01","2026-08-12 23:59:59","2026-08-13 07:59:59","0.20000","1","0.00","0.00000"
"all-available","Asia/Taipei","BTCUSDT","BTC-260815-60000-P","2026-08-15","60000","PUT","1h","2026-08-13 00:00:00","2026-08-13 08:00:00","15.000","15.000","15.000","15.000","0.28","2026-08-13 00:59:59","2026-08-13 08:59:59","4.20000","2","0.00","0.00000"
"all-available","Asia/Taipei","BTCUSDT","BTC-260815-60000-P","2026-08-15","60000","PUT","1h","2026-08-13 01:00:00","2026-08-13 09:00:00","15.000","20.000","15.000","15.000","0.19","2026-08-13 01:59:59","2026-08-13 09:59:59","3.45000","7","0.12","2.40000"
"all-available","Asia/Taipei","BTCUSDT","BTC-260815-60000-P","2026-08-15","60000","PUT","1h","2026-08-13 02:00:00","2026-08-13 10:00:00","15.000","15.000","15.000","15.000","0.01","2026-08-13 02:59:59","2026-08-13 10:59:59","0.15000","1","0.00","0.00000"
"all-available","Asia/Taipei","BTCUSDT","BTC-260815-60000-P","2026-08-15","60000","PUT","1h","2026-08-13 03:00:00","2026-08-13 11:00:00","15.000","15.000","15.000","15.000","0.01","2026-08-13 03:59:59","2026-08-13 11:59:59","0.15000","1","0.00","0.00000"
"all-available","Asia/Taipei","BTCUSDT","BTC-260815-60000-P","2026-08-15","60000","PUT","1h","2026-08-13 04:00:00","2026-08-13 12:00:00","10.000","15.000","10.000","15.000","1.03","2026-08-13 04:59:59","2026-08-13 12:59:59","10.45000","4","0.00","0.00000"
"all-available","Asia/Taipei","BTCUSDT","BTC-260815-60000-P","2026-08-15","60000","PUT","1h","2026-08-13 05:00:00","2026-08-13 13:00:00","15.000","15.000","15.000","15.000","0.25","2026-08-13 05:59:59","2026-08-13 13:59:59","3.75000","2","0.25","3.75000"
"all-available","Asia/Taipei","BTCUSDT","BTC-260815-60000-P","2026-08-15","60000","PUT","1h","2026-08-13 06:00:00","2026-08-13 14:00:00","10.000","10.000","10.000","10.000","1.75","2026-08-13 06:59:59","2026-08-13 14:59:59","17.50000","6","0.00","0.00000"
"all-available","Asia/Taipei","BTCUSDT","BTC-260815-60000-P","2026-08-15","60000","PUT","1h","2026-08-13 07:00:00","2026-08-13 15:00:00","10.000","10.000","10.000","10.000","0.42","2026-08-13 07:59:59","2026-08-13 15:59:59","4.20000","2","0.00","0.00000"
"all-available","Asia/Taipei","BTCUSDT","BTC-260815-60000-P","2026-08-15","60000","PUT","1h","2026-08-13 08:00:00","2026-08-13 16:00:00","5.000","5.000","5.000","5.000","5.43","2026-08-13 08:59:59","2026-08-13 16:59:59","27.15000","5","0.00","0.00000"
"all-available","Asia/Taipei","BTCUSDT","BTC-260815-60000-P","2026-08-15","60000","PUT","1h","2026-08-13 09:00:00","2026-08-13 17:00:00","5.000","5.000","5.000","5.000","0.00","2026-08-13 09:59:59","2026-08-13 17:59:59","0.00000","0","0.00","0.00000"
"all-available","Asia/Taipei","BTCUSDT","BTC-260815-60000-P","2026-08-15","60000","PUT","1h","2026-08-13 10:00:00","2026-08-13 18:00:00","5.000","5.000","5.000","5.000","0.00","2026-08-13 10:59:59","2026-08-13 18:59:59","0.00000","0","0.00","0.00000"
"all-available","Asia/Taipei","BTCUSDT","BTC-260815-60000-P","2026-08-15","60000","PUT","1h","2026-08-13 11:00:00","2026-08-13 19:00:00","10.000","10.000","10.000","10.000","32.34","2026-08-13 11:59:59","2026-08-13 19:59:59","323.40000","8","31.98","319.80000"
"all-available","Asia/Taipei","BTCUSDT","BTC-260815-60000-P","2026-08-15","60000","PUT","1h","2026-08-13 12:00:00","2026-08-13 20:00:00","10.000","10.000","10.000","10.000","0.00","2026-08-13 12:59:59","2026-08-13 20:59:59","0.00000","0","0.00","0.00000"
"all-available","Asia/Taipei","BTCUSDT","BTC-260815-60000-P","2026-08-15","60000","PUT","1h","2026-08-13 13:00:00","2026-08-13 21:00:00","10.000","10.000","10.000","10.000","0.42","2026-08-13 13:59:59","2026-08-13 21:59:59","4.20000","4","0.00","0.00000"
"all-available","Asia/Taipei","BTCUSDT","BTC-260815-60000-P","2026-08-15","60000","PUT","1h","2026-08-13 14:00:00","2026-08-13 22:00:00","10.000","10.000","10.000","10.000","0.00","2026-08-13 14:59:59","2026-08-13 22:59:59","0.00000","0","0.00","0.00000"
"all-available","Asia/Taipei","BTCUSDT","BTC-260815-60000-P","2026-08-15","60000","PUT","1h","2026-08-13 15:00:00","2026-08-13 23:00:00","10.000","10.000","10.000","10.000","1.53","2026-08-13 15:59:59","2026-08-13 23:59:59","15.30000","4","1.53","15.30000"
"all-available","Asia/Taipei","BTCUSDT","BTC-260815-60000-P","2026-08-15","60000","PUT","1h","2026-08-13 16:00:00","2026-08-14 00:00:00","10.000","20.000","10.000","15.000","10.90","2026-08-13 16:59:59","2026-08-14 00:59:59","168.95000","11","5.17","83.00000"
"all-available","Asia/Taipei","BTCUSDT","BTC-260815-60000-P","2026-08-15","60000","PUT","1h","2026-08-13 17:00:00","2026-08-14 01:00:00","10.000","10.000","10.000","10.000","0.65","2026-08-13 17:59:59","2026-08-14 01:59:59","6.50000","5","0.00","0.00000"
"all-available","Asia/Taipei","BTCUSDT","BTC-260815-60000-P","2026-08-15","60000","PUT","1h","2026-08-13 18:00:00","2026-08-14 02:00:00","15.000","15.000","15.000","15.000","2.88","2026-08-13 18:59:59","2026-08-14 02:59:59","43.20000","5","2.88","43.20000"
"all-available","Asia/Taipei","BTCUSDT","BTC-260815-60000-P","2026-08-15","60000","PUT","1h","2026-08-13 19:00:00","2026-08-14 03:00:00","15.000","15.000","15.000","15.000","0.00","2026-08-13 19:59:59","2026-08-14 03:59:59","0.00000","0","0.00","0.00000"
"all-available","Asia/Taipei","BTCUSDT","BTC-260815-60000-P","2026-08-15","60000","PUT","1h","2026-08-13 20:00:00","2026-08-14 04:00:00","15.000","15.000","15.000","15.000","0.00","2026-08-13 20:59:59","2026-08-14 04:59:59","0.00000","0","0.00","0.00000"
"all-available","Asia/Taipei","BTCUSDT","BTC-260815-60000-P","2026-08-15","60000","PUT","1h","2026-08-13 21:00:00","2026-08-14 05:00:00","15.000","15.000","15.000","15.000","0.00","2026-08-13 21:59:59","2026-08-14 05:59:59","0.00000","0","0.00","0.00000"
"all-available","Asia/Taipei","BTCUSDT","BTC-260815-60000-P","2026-08-15","60000","PUT","1h","2026-08-13 22:00:00","2026-08-14 06:00:00","10.000","10.000","5.000","5.000","2.23","2026-08-13 22:59:59","2026-08-14 06:59:59","13.25000","9","0.00","0.00000"
"all-available","Asia/Taipei","BTCUSDT","BTC-260815-60000-P","2026-08-15","60000","PUT","1h","2026-08-13 23:00:00","2026-08-14 07:00:00","5.000","5.000","5.000","5.000","0.00","2026-08-13 23:59:59","2026-08-14 07:59:59","0.00000","0","0.00","0.00000"
"all-available","Asia/Taipei","BTCUSDT","BTC-260815-60000-P","2026-08-15","60000","PUT","1h","2026-08-14 00:00:00","2026-08-14 08:00:00","5.000","5.000","5.000","5.000","0.00","2026-08-14 00:59:59","2026-08-14 08:59:59","0.00000","0","0.00","0.00000"
"all-available","Asia/Taipei","BTCUSDT","BTC-260815-60000-P","2026-08-15","60000","PUT","1h","2026-08-14 01:00:00","2026-08-14 09:00:00","5.000","5.000","5.000","5.000","0.00","2026-08-14 01:59:59","2026-08-14 09:59:59","0.00000","0","0.00","0.00000"
"all-available","Asia/Taipei","BTCUSDT","BTC-260815-60000-P","2026-08-15","60000","PUT","1h","2026-08-14 02:00:00","2026-08-14 10:00:00","5.000","5.000","5.000","5.000","0.65","2026-08-14 02:59:59","2026-08-14 10:59:59","3.25000","1","0.65","3.25000"
"all-available","Asia/Taipei","BTCUSDT","BTC-260815-60000-P","2026-08-15","60000","PUT","1h","2026-08-14 03:00:00","2026-08-14 11:00:00","5.000","5.000","5.000","5.000","1.03","2026-08-14 03:59:59","2026-08-14 11:59:59","5.15000","5","1.03","5.15000"
"all-available","Asia/Taipei","BTCUSDT","BTC-260815-60000-P","2026-08-15","60000","PUT","1h","2026-08-14 04:00:00","2026-08-14 12:00:00","5.000","5.000","5.000","5.000","0.30","2026-08-14 04:59:59","2026-08-14 12:59:59","1.50000","2","0.30","1.50000"
"all-available","Asia/Taipei","BTCUSDT","BTC-260815-60000-P","2026-08-15","60000","PUT","1h","2026-08-14 05:00:00","2026-08-14 13:00:00","5.000","5.000","5.000","5.000","0.00","2026-08-14 05:59:59","2026-08-14 13:59:59","0.00000","0","0.00","0.00000"
"all-available","Asia/Taipei","BTCUSDT","BTC-260815-60000-P","2026-08-15","60000","PUT","1h","2026-08-14 06:00:00","2026-08-14 14:00:00","5.000","5.000","5.000","5.000","22.91","2026-08-14 06:59:59","2026-08-14 14:59:59","114.55000","13","22.91","114.55000"
"all-available","Asia/Taipei","BTCUSDT","BTC-260815-60000-P","2026-08-15","60000","PUT","1h","2026-08-14 07:00:00","2026-08-14 15:00:00","10.000","10.000","10.000","10.000","3.85","2026-08-14 07:59:59","2026-08-14 15:59:59","38.50000","4","3.85","38.50000"
"all-available","Asia/Taipei","BTCUSDT","BTC-260815-60000-P","2026-08-15","60000","PUT","1h","2026-08-14 08:00:00","2026-08-14 16:00:00","10.000","15.000","5.000","10.000","47.04","2026-08-14 08:59:59","2026-08-14 16:59:59","603.90000","31","30.22","443.45000"
"all-available","Asia/Taipei","BTCUSDT","BTC-260815-60000-P","2026-08-15","60000","PUT","1h","2026-08-14 09:00:00","2026-08-14 17:00:00","10.000","15.000","10.000","15.000","10.56","2026-08-14 09:59:59","2026-08-14 17:59:59","157.90000","6","10.46","156.90000"
"all-available","Asia/Taipei","BTCUSDT","BTC-260815-60000-P","2026-08-15","60000","PUT","1h","2026-08-14 10:00:00","2026-08-14 18:00:00","10.000","15.000","10.000","15.000","0.40","2026-08-14 10:59:59","2026-08-14 18:59:59","4.05000","5","0.01","0.15000"
"all-available","Asia/Taipei","BTCUSDT","BTC-260815-60000-P","2026-08-15","60000","PUT","1h","2026-08-14 11:00:00","2026-08-14 19:00:00","10.000","10.000","10.000","10.000","1.88","2026-08-14 11:59:59","2026-08-14 19:59:59","18.80000","14","0.00","0.00000"
"all-available","Asia/Taipei","BTCUSDT","BTC-260815-60000-P","2026-08-15","60000","PUT","1h","2026-08-14 12:00:00","2026-08-14 20:00:00","10.000","10.000","10.000","10.000","1.24","2026-08-14 12:59:59","2026-08-14 20:59:59","12.40000","4","0.00","0.00000"
"all-available","Asia/Taipei","BTCUSDT","BTC-260815-60000-P","2026-08-15","60000","PUT","1h","2026-08-14 13:00:00","2026-08-14 21:00:00","15.000","15.000","10.000","10.000","10.51","2026-08-14 13:59:59","2026-08-14 21:59:59","155.10000","17","10.00","150.00000"
"all-available","Asia/Taipei","BTCUSDT","BTC-260815-60000-P","2026-08-15","60000","PUT","1h","2026-08-14 14:00:00","2026-08-14 22:00:00","10.000","10.000","10.000","10.000","16.15","2026-08-14 14:59:59","2026-08-14 22:59:59","161.50000","12","13.73","137.30000"
"all-available","Asia/Taipei","BTCUSDT","BTC-260815-60000-P","2026-08-15","60000","PUT","1h","2026-08-14 15:00:00","2026-08-14 23:00:00","10.000","15.000","5.000","5.000","14.71","2026-08-14 15:59:59","2026-08-14 23:59:59","165.60000","17","10.29","139.35000"
"all-available","Asia/Taipei","BTCUSDT","BTC-260815-60000-P","2026-08-15","60000","PUT","1h","2026-08-14 16:00:00","2026-08-15 00:00:00","5.000","5.000","5.000","5.000","5.67","2026-08-14 16:59:59","2026-08-15 00:59:59","28.35000","5","0.00","0.00000"
"all-available","Asia/Taipei","BTCUSDT","BTC-260815-60000-P","2026-08-15","60000","PUT","1h","2026-08-14 17:00:00","2026-08-15 01:00:00","5.000","5.000","5.000","5.000","0.00","2026-08-14 17:59:59","2026-08-15 01:59:59","0.00000","0","0.00","0.00000"
"all-available","Asia/Taipei","BTCUSDT","BTC-260815-60000-P","2026-08-15","60000","PUT","1h","2026-08-14 18:00:00","2026-08-15 02:00:00","5.000","5.000","5.000","5.000","0.00","2026-08-14 18:59:59","2026-08-15 02:59:59","0.00000","0","0.00","0.00000"
"all-available","Asia/Taipei","BTCUSDT","BTC-260815-60000-P","2026-08-15","60000","PUT","1h","2026-08-14 19:00:00","2026-08-15 03:00:00","5.000","5.000","5.000","5.000","0.00","2026-08-14 19:59:59","2026-08-15 03:59:59","0.00000","0","0.00","0.00000"
"all-available","Asia/Taipei","BTCUSDT","BTC-260815-60000-P","2026-08-15","60000","PUT","1h","2026-08-14 20:00:00","2026-08-15 04:00:00","5.000","5.000","5.000","5.000","0.00","2026-08-14 20:59:59","2026-08-15 04:59:59","0.00000","0","0.00","0.00000"
"all-available","Asia/Taipei","BTCUSDT","BTC-260815-60000-P","2026-08-15","60000","PUT","1h","2026-08-14 21:00:00","2026-08-15 05:00:00","5.000","5.000","5.000","5.000","0.94","2026-08-14 21:59:59","2026-08-15 05:59:59","4.70000","1","0.94","4.70000"
"all-available","Asia/Taipei","BTCUSDT","BTC-260815-60000-P","2026-08-15","60000","PUT","1h","2026-08-14 22:00:00","2026-08-15 06:00:00","5.000","5.000","5.000","5.000","0.00","2026-08-14 22:59:59","2026-08-15 06:59:59","0.00000","0","0.00","0.00000"
"all-available","Asia/Taipei","BTCUSDT","BTC-260815-60000-P","2026-08-15","60000","PUT","1h","2026-08-14 23:00:00","2026-08-15 07:00:00","5.000","5.000","5.000","5.000","0.00","2026-08-14 23:59:59","2026-08-15 07:59:59","0.00000","0","0.00","0.00000"
"all-available","Asia/Taipei","BTCUSDT","BTC-260815-60000-P","2026-08-15","60000","PUT","1h","2026-08-15 00:00:00","2026-08-15 08:00:00","5.000","5.000","5.000","5.000","0.00","2026-08-15 00:59:59","2026-08-15 08:59:59","0.00000","0","0.00","0.00000"
"all-available","Asia/Taipei","BTCUSDT","BTC-260815-60000-P","2026-08-15","60000","PUT","1h","2026-08-15 01:00:00","2026-08-15 09:00:00","5.000","5.000","5.000","5.000","0.00","2026-08-15 01:59:59","2026-08-15 09:59:59","0.00000","0","0.00","0.00000"
"all-available","Asia/Taipei","BTCUSDT","BTC-260815-60000-P","2026-08-15","60000","PUT","1h","2026-08-15 02:00:00","2026-08-15 10:00:00","5.000","5.000","5.000","5.000","0.00","2026-08-15 02:59:59","2026-08-15 10:59:59","0.00000","0","0.00","0.00000"
"all-available","Asia/Taipei","BTCUSDT","BTC-260815-60000-P","2026-08-15","60000","PUT","1h","2026-08-15 03:00:00","2026-08-15 11:00:00","5.000","5.000","5.000","5.000","0.00","2026-08-15 03:59:59","2026-08-15 11:59:59","0.00000","0","0.00","0.00000"
"all-available","Asia/Taipei","BTCUSDT","BTC-260815-60000-P","2026-08-15","60000","PUT","1h","2026-08-15 04:00:00","2026-08-15 12:00:00","5.000","5.000","5.000","5.000","0.00","2026-08-15 04:59:59","2026-08-15 12:59:59","0.00000","0","0.00","0.00000"
"all-available","Asia/Taipei","BTCUSDT","BTC-260815-60000-P","2026-08-15","60000","PUT","1h","2026-08-15 05:00:00","2026-08-15 13:00:00","5.000","5.000","5.000","5.000","0.00","2026-08-15 05:59:59","2026-08-15 13:59:59","0.00000","0","0.00","0.00000"
"all-available","Asia/Taipei","BTCUSDT","BTC-260815-60000-P","2026-08-15","60000","PUT","1h","2026-08-15 06:00:00","2026-08-15 14:00:00","5.000","5.000","5.000","5.000","0.00","2026-08-15 06:59:59","2026-08-15 14:59:59","0.00000","0","0.00","0.00000"
"all-available","Asia/Taipei","BTCUSDT","BTC-260815-60000-P","2026-08-15","60000","PUT","1h","2026-08-15 07:00:00","2026-08-15 15:00:00","5.000","5.000","5.000","5.000","0.00","2026-08-15 07:59:59","2026-08-15 15:59:59","0.00000","0","0.00","0.00000"
"all-available","Asia/Taipei","BTCUSDT","BTC-260815-61000-P","2026-08-15","61000","PUT","1h","2026-08-14 08:00:00","2026-08-14 16:00:00","25.000","25.000","25.000","25.000","0.70","2026-08-14 08:59:59","2026-08-14 16:59:59","17.50000","1","0.70","17.50000"
"all-available","Asia/Taipei","BTCUSDT","BTC-260815-61000-P","2026-08-15","61000","PUT","1h","2026-08-14 09:00:00","2026-08-14 17:00:00","20.000","25.000","20.000","25.000","3.01","2026-08-14 09:59:59","2026-08-14 17:59:59","60.30000","5","0.02","0.50000"
"all-available","Asia/Taipei","BTCUSDT","BTC-260815-61000-P","2026-08-15","61000","PUT","1h","2026-08-14 10:00:00","2026-08-14 18:00:00","25.000","25.000","20.000","20.000","1.03","2026-08-14 10:59:59","2026-08-14 18:59:59","20.65000","4","0.03","0.65000"
"all-available","Asia/Taipei","BTCUSDT","BTC-260815-61000-P","2026-08-15","61000","PUT","1h","2026-08-14 11:00:00","2026-08-14 19:00:00","25.000","25.000","15.000","15.000","2.58","2026-08-14 11:59:59","2026-08-14 19:59:59","51.75000","6","0.04","1.00000"
"all-available","Asia/Taipei","BTCUSDT","BTC-260815-61000-P","2026-08-15","61000","PUT","1h","2026-08-14 12:00:00","2026-08-14 20:00:00","20.000","20.000","20.000","20.000","2.29","2026-08-14 12:59:59","2026-08-14 20:59:59","45.80000","9","1.29","25.80000"
"all-available","Asia/Taipei","BTCUSDT","BTC-260815-61000-P","2026-08-15","61000","PUT","1h","2026-08-14 13:00:00","2026-08-14 21:00:00","25.000","30.000","25.000","30.000","7.16","2026-08-14 13:59:59","2026-08-14 21:59:59","184.05000","11","7.15","183.80000"
"all-available","Asia/Taipei","BTCUSDT","BTC-260815-61000-P","2026-08-15","61000","PUT","1h","2026-08-14 14:00:00","2026-08-14 22:00:00","25.000","25.000","20.000","20.000","0.17","2026-08-14 14:59:59","2026-08-14 22:59:59","3.75000","5","0.10","2.00000"
"all-available","Asia/Taipei","BTCUSDT","BTC-260815-61000-P","2026-08-15","61000","PUT","1h","2026-08-14 15:00:00","2026-08-14 23:00:00","20.000","20.000","15.000","15.000","13.52","2026-08-14 15:59:59","2026-08-14 23:59:59","242.25000","15","4.84","73.10000"
"all-available","Asia/Taipei","BTCUSDT","BTC-260815-61000-P","2026-08-15","61000","PUT","1h","2026-08-14 16:00:00","2026-08-15 00:00:00","15.000","15.000","10.000","10.000","0.27","2026-08-14 16:59:59","2026-08-15 00:59:59","2.75000","3","0.01","0.15000"
"all-available","Asia/Taipei","BTCUSDT","BTC-260815-61000-P","2026-08-15","61000","PUT","1h","2026-08-14 17:00:00","2026-08-15 01:00:00","10.000","10.000","10.000","10.000","0.00","2026-08-14 17:59:59","2026-08-15 01:59:59","0.00000","0","0.00","0.00000"
"all-available","Asia/Taipei","BTCUSDT","BTC-260815-61000-P","2026-08-15","61000","PUT","1h","2026-08-14 18:00:00","2026-08-15 02:00:00","10.000","10.000","10.000","10.000","0.00","2026-08-14 18:59:59","2026-08-15 02:59:59","0.00000","0","0.00","0.00000"
"all-available","Asia/Taipei","BTCUSDT","BTC-260815-61000-P","2026-08-15","61000","PUT","1h","2026-08-14 19:00:00","2026-08-15 03:00:00","5.000","5.000","5.000","5.000","0.06","2026-08-14 19:59:59","2026-08-15 03:59:59","0.30000","2","0.00","0.00000"
"all-available","Asia/Taipei","BTCUSDT","BTC-260815-61000-P","2026-08-15","61000","PUT","1h","2026-08-14 20:00:00","2026-08-15 04:00:00","5.000","5.000","5.000","5.000","0.00","2026-08-14 20:59:59","2026-08-15 04:59:59","0.00000","0","0.00","0.00000"
"all-available","Asia/Taipei","BTCUSDT","BTC-260815-61000-P","2026-08-15","61000","PUT","1h","2026-08-14 21:00:00","2026-08-15 05:00:00","5.000","5.000","5.000","5.000","0.00","2026-08-14 21:59:59","2026-08-15 05:59:59","0.00000","0","0.00","0.00000"
"all-available","Asia/Taipei","BTCUSDT","BTC-260815-61000-P","2026-08-15","61000","PUT","1h","2026-08-14 22:00:00","2026-08-15 06:00:00","5.000","5.000","5.000","5.000","0.00","2026-08-14 22:59:59","2026-08-15 06:59:59","0.00000","0","0.00","0.00000"
"all-available","Asia/Taipei","BTCUSDT","BTC-260815-61000-P","2026-08-15","61000","PUT","1h","2026-08-14 23:00:00","2026-08-15 07:00:00","5.000","5.000","5.000","5.000","0.00","2026-08-14 23:59:59","2026-08-15 07:59:59","0.00000","0","0.00","0.00000"
"all-available","Asia/Taipei","BTCUSDT","BTC-260815-61000-P","2026-08-15","61000","PUT","1h","2026-08-15 00:00:00","2026-08-15 08:00:00","5.000","5.000","5.000","5.000","0.00","2026-08-15 00:59:59","2026-08-15 08:59:59","0.00000","0","0.00","0.00000"
"all-available","Asia/Taipei","BTCUSDT","BTC-260815-61000-P","2026-08-15","61000","PUT","1h","2026-08-15 01:00:00","2026-08-15 09:00:00","5.000","5.000","5.000","5.000","0.00","2026-08-15 01:59:59","2026-08-15 09:59:59","0.00000","0","0.00","0.00000"
"all-available","Asia/Taipei","BTCUSDT","BTC-260815-61000-P","2026-08-15","61000","PUT","1h","2026-08-15 02:00:00","2026-08-15 10:00:00","5.000","5.000","5.000","5.000","0.00","2026-08-15 02:59:59","2026-08-15 10:59:59","0.00000","0","0.00","0.00000"
"all-available","Asia/Taipei","BTCUSDT","BTC-260815-61000-P","2026-08-15","61000","PUT","1h","2026-08-15 03:00:00","2026-08-15 11:00:00","5.000","5.000","5.000","5.000","0.00","2026-08-15 03:59:59","2026-08-15 11:59:59","0.00000","0","0.00","0.00000"
"all-available","Asia/Taipei","BTCUSDT","BTC-260815-61000-P","2026-08-15","61000","PUT","1h","2026-08-15 04:00:00","2026-08-15 12:00:00","5.000","5.000","5.000","5.000","0.00","2026-08-15 04:59:59","2026-08-15 12:59:59","0.00000","0","0.00","0.00000"
"all-available","Asia/Taipei","BTCUSDT","BTC-260815-61000-P","2026-08-15","61000","PUT","1h","2026-08-15 05:00:00","2026-08-15 13:00:00","5.000","5.000","5.000","5.000","0.00","2026-08-15 05:59:59","2026-08-15 13:59:59","0.00000","0","0.00","0.00000"
"all-available","Asia/Taipei","BTCUSDT","BTC-260815-61000-P","2026-08-15","61000","PUT","1h","2026-08-15 06:00:00","2026-08-15 14:00:00","5.000","5.000","5.000","5.000","0.00","2026-08-15 06:59:59","2026-08-15 14:59:59","0.00000","0","0.00","0.00000"
"all-available","Asia/Taipei","BTCUSDT","BTC-260815-61000-P","2026-08-15","61000","PUT","1h","2026-08-15 07:00:00","2026-08-15 15:00:00","5.000","5.000","5.000","5.000","1.34","2026-08-15 07:59:59","2026-08-15 15:59:59","6.70000","1","1.34","6.70000"
"all-available","Asia/Taipei","BTCUSDT","BTC-260815-61500-P","2026-08-15","61500","PUT","1h","2026-08-14 08:00:00","2026-08-14 16:00:00","45.000","45.000","35.000","35.000","0.80","2026-08-14 08:59:59","2026-08-14 16:59:59","35.00000","2","0.80","35.00000"
"all-available","Asia/Taipei","BTCUSDT","BTC-260815-61500-P","2026-08-15","61500","PUT","1h","2026-08-14 09:00:00","2026-08-14 17:00:00","35.000","35.000","35.000","35.000","3.94","2026-08-14 09:59:59","2026-08-14 17:59:59","137.90000","16","0.00","0.00000"
"all-available","Asia/Taipei","BTCUSDT","BTC-260815-61500-P","2026-08-15","61500","PUT","1h","2026-08-14 10:00:00","2026-08-14 18:00:00","30.000","30.000","25.000","30.000","14.76","2026-08-14 10:59:59","2026-08-14 18:59:59","442.50000","10","14.70","441.00000"
"all-available","Asia/Taipei","BTCUSDT","BTC-260815-61500-P","2026-08-15","61500","PUT","1h","2026-08-14 11:00:00","2026-08-14 19:00:00","30.000","30.000","30.000","30.000","0.00","2026-08-14 11:59:59","2026-08-14 19:59:59","0.00000","0","0.00","0.00000"
"all-available","Asia/Taipei","BTCUSDT","BTC-260815-61500-P","2026-08-15","61500","PUT","1h","2026-08-14 12:00:00","2026-08-14 20:00:00","35.000","35.000","30.000","30.000","3.19","2026-08-14 12:59:59","2026-08-14 20:59:59","110.35000","8","2.93","102.55000"
"all-available","Asia/Taipei","BTCUSDT","BTC-260815-61500-P","2026-08-15","61500","PUT","1h","2026-08-14 13:00:00","2026-08-14 21:00:00","40.000","50.000","40.000","50.000","1.78","2026-08-14 13:59:59","2026-08-14 21:59:59","85.95000","9","1.77","85.50000"
"all-available","Asia/Taipei","BTCUSDT","BTC-260815-61500-P","2026-08-15","61500","PUT","1h","2026-08-14 14:00:00","2026-08-14 22:00:00","50.000","50.000","30.000","35.000","7.02","2026-08-14 14:59:59","2026-08-14 22:59:59","249.05000","28","4.49","148.05000"
"all-available","Asia/Taipei","BTCUSDT","BTC-260815-61500-P","2026-08-15","61500","PUT","1h","2026-08-14 15:00:00","2026-08-14 23:00:00","35.000","35.000","15.000","15.000","1.09","2026-08-14 15:59:59","2026-08-14 23:59:59","28.05000","5","0.53","11.05000"
"all-available","Asia/Taipei","BTCUSDT","BTC-260815-61500-P","2026-08-15","61500","PUT","1h","2026-08-14 16:00:00","2026-08-15 00:00:00","15.000","15.000","15.000","15.000","0.83","2026-08-14 16:59:59","2026-08-15 00:59:59","12.45000","2","0.00","0.00000"
"all-available","Asia/Taipei","BTCUSDT","BTC-260815-61500-P","2026-08-15","61500","PUT","1h","2026-08-14 17:00:00","2026-08-15 01:00:00","15.000","15.000","15.000","15.000","0.00","2026-08-14 17:59:59","2026-08-15 01:59:59","0.00000","0","0.00","0.00000"
"all-available","Asia/Taipei","BTCUSDT","BTC-260815-61500-P","2026-08-15","61500","PUT","1h","2026-08-14 18:00:00","2026-08-15 02:00:00","15.000","15.000","15.000","15.000","0.00","2026-08-14 18:59:59","2026-08-15 02:59:59","0.00000","0","0.00","0.00000"
"all-available","Asia/Taipei","BTCUSDT","BTC-260815-61500-P","2026-08-15","61500","PUT","1h","2026-08-14 19:00:00","2026-08-15 03:00:00","15.000","15.000","15.000","15.000","0.00","2026-08-14 19:59:59","2026-08-15 03:59:59","0.00000","0","0.00","0.00000"
"all-available","Asia/Taipei","BTCUSDT","BTC-260815-61500-P","2026-08-15","61500","PUT","1h","2026-08-14 20:00:00","2026-08-15 04:00:00","15.000","15.000","15.000","15.000","0.00","2026-08-14 20:59:59","2026-08-15 04:59:59","0.00000","0","0.00","0.00000"
"all-available","Asia/Taipei","BTCUSDT","BTC-260815-61500-P","2026-08-15","61500","PUT","1h","2026-08-14 21:00:00","2026-08-15 05:00:00","15.000","15.000","15.000","15.000","0.00","2026-08-14 21:59:59","2026-08-15 05:59:59","0.00000","0","0.00","0.00000"
"all-available","Asia/Taipei","BTCUSDT","BTC-260815-61500-P","2026-08-15","61500","PUT","1h","2026-08-14 22:00:00","2026-08-15 06:00:00","15.000","15.000","15.000","15.000","0.00","2026-08-14 22:59:59","2026-08-15 06:59:59","0.00000","0","0.00","0.00000"
"all-available","Asia/Taipei","BTCUSDT","BTC-260815-61500-P","2026-08-15","61500","PUT","1h","2026-08-14 23:00:00","2026-08-15 07:00:00","15.000","15.000","15.000","15.000","0.00","2026-08-14 23:59:59","2026-08-15 07:59:59","0.00000","0","0.00","0.00000"
"all-available","Asia/Taipei","BTCUSDT","BTC-260815-61500-P","2026-08-15","61500","PUT","1h","2026-08-15 00:00:00","2026-08-15 08:00:00","15.000","15.000","15.000","15.000","0.00","2026-08-15 00:59:59","2026-08-15 08:59:59","0.00000","0","0.00","0.00000"
"all-available","Asia/Taipei","BTCUSDT","BTC-260815-61500-P","2026-08-15","61500","PUT","1h","2026-08-15 01:00:00","2026-08-15 09:00:00","15.000","15.000","15.000","15.000","0.00","2026-08-15 01:59:59","2026-08-15 09:59:59","0.00000","0","0.00","0.00000"
"all-available","Asia/Taipei","BTCUSDT","BTC-260815-61500-P","2026-08-15","61500","PUT","1h","2026-08-15 02:00:00","2026-08-15 10:00:00","15.000","15.000","15.000","15.000","0.00","2026-08-15 02:59:59","2026-08-15 10:59:59","0.00000","0","0.00","0.00000"
"all-available","Asia/Taipei","BTCUSDT","BTC-260815-61500-P","2026-08-15","61500","PUT","1h","2026-08-15 03:00:00","2026-08-15 11:00:00","15.000","15.000","15.000","15.000","0.00","2026-08-15 03:59:59","2026-08-15 11:59:59","0.00000","0","0.00","0.00000"
"all-available","Asia/Taipei","BTCUSDT","BTC-260815-61500-P","2026-08-15","61500","PUT","1h","2026-08-15 04:00:00","2026-08-15 12:00:00","15.000","15.000","15.000","15.000","0.00","2026-08-15 04:59:59","2026-08-15 12:59:59","0.00000","0","0.00","0.00000"
"all-available","Asia/Taipei","BTCUSDT","BTC-260815-61500-P","2026-08-15","61500","PUT","1h","2026-08-15 05:00:00","2026-08-15 13:00:00","5.000","5.000","5.000","5.000","0.01","2026-08-15 05:59:59","2026-08-15 13:59:59","0.05000","1","0.01","0.05000"
"all-available","Asia/Taipei","BTCUSDT","BTC-260815-61500-P","2026-08-15","61500","PUT","1h","2026-08-15 06:00:00","2026-08-15 14:00:00","5.000","5.000","5.000","5.000","0.00","2026-08-15 06:59:59","2026-08-15 14:59:59","0.00000","0","0.00","0.00000"
"all-available","Asia/Taipei","BTCUSDT","BTC-260815-61500-P","2026-08-15","61500","PUT","1h","2026-08-15 07:00:00","2026-08-15 15:00:00","5.000","5.000","5.000","5.000","0.00","2026-08-15 07:59:59","2026-08-15 15:59:59","0.00000","0","0.00","0.00000"
"all-available","Asia/Taipei","BTCUSDT","BTC-260815-62000-C","2026-08-15","62000","CALL","1h","2026-08-14 07:00:00","2026-08-14 15:00:00","1090.000","1090.000","1090.000","1090.000","1.62","2026-08-14 07:59:59","2026-08-14 15:59:59","1765.80000","3","0.00","0.00000"
"all-available","Asia/Taipei","BTCUSDT","BTC-260815-62000-C","2026-08-15","62000","CALL","1h","2026-08-14 08:00:00","2026-08-14 16:00:00","1090.000","1090.000","1090.000","1090.000","0.00","2026-08-14 08:59:59","2026-08-14 16:59:59","0.00000","0","0.00","0.00000"
"all-available","Asia/Taipei","BTCUSDT","BTC-260815-62000-C","2026-08-15","62000","CALL","1h","2026-08-14 09:00:00","2026-08-14 17:00:00","1090.000","1090.000","1090.000","1090.000","0.00","2026-08-14 09:59:59","2026-08-14 17:59:59","0.00000","0","0.00","0.00000"
"all-available","Asia/Taipei","BTCUSDT","BTC-260815-62000-C","2026-08-15","62000","CALL","1h","2026-08-14 10:00:00","2026-08-14 18:00:00","1090.000","1090.000","1090.000","1090.000","0.00","2026-08-14 10:59:59","2026-08-14 18:59:59","0.00000","0","0.00","0.00000"
"all-available","Asia/Taipei","BTCUSDT","BTC-260815-62000-C","2026-08-15","62000","CALL","1h","2026-08-14 11:00:00","2026-08-14 19:00:00","1090.000","1090.000","1090.000","1090.000","0.00","2026-08-14 11:59:59","2026-08-14 19:59:59","0.00000","0","0.00","0.00000"
"all-available","Asia/Taipei","BTCUSDT","BTC-260815-62000-C","2026-08-15","62000","CALL","1h","2026-08-14 12:00:00","2026-08-14 20:00:00","1090.000","1090.000","1090.000","1090.000","0.00","2026-08-14 12:59:59","2026-08-14 20:59:59","0.00000","0","0.00","0.00000"
"all-available","Asia/Taipei","BTCUSDT","BTC-260815-62000-C","2026-08-15","62000","CALL","1h","2026-08-14 13:00:00","2026-08-14 21:00:00","810.000","810.000","810.000","810.000","0.15","2026-08-14 13:59:59","2026-08-14 21:59:59","121.50000","1","0.00","0.00000"
"all-available","Asia/Taipei","BTCUSDT","BTC-260815-62000-C","2026-08-15","62000","CALL","1h","2026-08-14 14:00:00","2026-08-14 22:00:00","810.000","810.000","810.000","810.000","0.00","2026-08-14 14:59:59","2026-08-14 22:59:59","0.00000","0","0.00","0.00000"
"all-available","Asia/Taipei","BTCUSDT","BTC-260815-62000-C","2026-08-15","62000","CALL","1h","2026-08-14 15:00:00","2026-08-14 23:00:00","980.000","980.000","980.000","980.000","1.77","2026-08-14 15:59:59","2026-08-14 23:59:59","1734.60000","1","1.77","1734.60000"
"all-available","Asia/Taipei","BTCUSDT","BTC-260815-62000-C","2026-08-15","62000","CALL","1h","2026-08-14 16:00:00","2026-08-15 00:00:00","980.000","980.000","980.000","980.000","0.00","2026-08-14 16:59:59","2026-08-15 00:59:59","0.00000","0","0.00","0.00000"
"all-available","Asia/Taipei","BTCUSDT","BTC-260815-62000-C","2026-08-15","62000","CALL","1h","2026-08-14 17:00:00","2026-08-15 01:00:00","980.000","980.000","980.000","980.000","0.00","2026-08-14 17:59:59","2026-08-15 01:59:59","0.00000","0","0.00","0.00000"
"all-available","Asia/Taipei","BTCUSDT","BTC-260815-62000-C","2026-08-15","62000","CALL","1h","2026-08-14 18:00:00","2026-08-15 02:00:00","980.000","980.000","980.000","980.000","0.00","2026-08-14 18:59:59","2026-08-15 02:59:59","0.00000","0","0.00","0.00000"
"all-available","Asia/Taipei","BTCUSDT","BTC-260815-62000-C","2026-08-15","62000","CALL","1h","2026-08-14 19:00:00","2026-08-15 03:00:00","980.000","980.000","980.000","980.000","0.00","2026-08-14 19:59:59","2026-08-15 03:59:59","0.00000","0","0.00","0.00000"
"all-available","Asia/Taipei","BTCUSDT","BTC-260815-62000-C","2026-08-15","62000","CALL","1h","2026-08-14 20:00:00","2026-08-15 04:00:00","980.000","980.000","980.000","980.000","0.00","2026-08-14 20:59:59","2026-08-15 04:59:59","0.00000","0","0.00","0.00000"
"all-available","Asia/Taipei","BTCUSDT","BTC-260815-62000-C","2026-08-15","62000","CALL","1h","2026-08-14 21:00:00","2026-08-15 05:00:00","905.000","905.000","905.000","905.000","0.02","2026-08-14 21:59:59","2026-08-15 05:59:59","18.10000","1","0.00","0.00000"
"all-available","Asia/Taipei","BTCUSDT","BTC-260815-62000-C","2026-08-15","62000","CALL","1h","2026-08-14 22:00:00","2026-08-15 06:00:00","905.000","905.000","905.000","905.000","0.00","2026-08-14 22:59:59","2026-08-15 06:59:59","0.00000","0","0.00","0.00000"
"all-available","Asia/Taipei","BTCUSDT","BTC-260815-62000-C","2026-08-15","62000","CALL","1h","2026-08-14 23:00:00","2026-08-15 07:00:00","905.000","905.000","905.000","905.000","0.00","2026-08-14 23:59:59","2026-08-15 07:59:59","0.00000","0","0.00","0.00000"
"all-available","Asia/Taipei","BTCUSDT","BTC-260815-62000-C","2026-08-15","62000","CALL","1h","2026-08-15 00:00:00","2026-08-15 08:00:00","1035.000","1035.000","1035.000","1035.000","0.01","2026-08-15 00:59:59","2026-08-15 08:59:59","10.35000","1","0.00","0.00000"
"all-available","Asia/Taipei","BTCUSDT","BTC-260815-62000-C","2026-08-15","62000","CALL","1h","2026-08-15 01:00:00","2026-08-15 09:00:00","1035.000","1035.000","1035.000","1035.000","0.00","2026-08-15 01:59:59","2026-08-15 09:59:59","0.00000","0","0.00","0.00000"
"all-available","Asia/Taipei","BTCUSDT","BTC-260815-62000-C","2026-08-15","62000","CALL","1h","2026-08-15 02:00:00","2026-08-15 10:00:00","1035.000","1035.000","1035.000","1035.000","0.00","2026-08-15 02:59:59","2026-08-15 10:59:59","0.00000","0","0.00","0.00000"
"all-available","Asia/Taipei","BTCUSDT","BTC-260815-62000-C","2026-08-15","62000","CALL","1h","2026-08-15 03:00:00","2026-08-15 11:00:00","1035.000","1035.000","1035.000","1035.000","0.00","2026-08-15 03:59:59","2026-08-15 11:59:59","0.00000","0","0.00","0.00000"
"all-available","Asia/Taipei","BTCUSDT","BTC-260815-62000-C","2026-08-15","62000","CALL","1h","2026-08-15 04:00:00","2026-08-15 12:00:00","1035.000","1035.000","1035.000","1035.000","0.00","2026-08-15 04:59:59","2026-08-15 12:59:59","0.00000","0","0.00","0.00000"
"all-available","Asia/Taipei","BTCUSDT","BTC-260815-62000-C","2026-08-15","62000","CALL","1h","2026-08-15 05:00:00","2026-08-15 13:00:00","1035.000","1035.000","1035.000","1035.000","0.00","2026-08-15 05:59:59","2026-08-15 13:59:59","0.00000","0","0.00","0.00000"
"all-available","Asia/Taipei","BTCUSDT","BTC-260815-62000-C","2026-08-15","62000","CALL","1h","2026-08-15 06:00:00","2026-08-15 14:00:00","1035.000","1035.000","1035.000","1035.000","0.00","2026-08-15 06:59:59","2026-08-15 14:59:59","0.00000","0","0.00","0.00000"
"all-available","Asia/Taipei","BTCUSDT","BTC-260815-62000-C","2026-08-15","62000","CALL","1h","2026-08-15 07:00:00","2026-08-15 15:00:00","1035.000","1035.000","1035.000","1035.000","0.00","2026-08-15 07:59:59","2026-08-15 15:59:59","0.00000","0","0.00","0.00000"
"all-available","Asia/Taipei","BTCUSDT","BTC-260815-62000-P","2026-08-15","62000","PUT","1h","2026-08-12 08:00:00","2026-08-12 16:00:00","120.000","120.000","115.000","115.000","0.32","2026-08-12 08:59:59","2026-08-12 16:59:59","36.90000","2","0.00","0.00000"
"all-available","Asia/Taipei","BTCUSDT","BTC-260815-62000-P","2026-08-15","62000","PUT","1h","2026-08-12 09:00:00","2026-08-12 17:00:00","120.000","120.000","105.000","105.000","1.15","2026-08-12 09:59:59","2026-08-12 17:59:59","120.90000","4","0.01","1.20000"
"all-available","Asia/Taipei","BTCUSDT","BTC-260815-62000-P","2026-08-15","62000","PUT","1h","2026-08-12 10:00:00","2026-08-12 18:00:00","105.000","105.000","105.000","105.000","0.00","2026-08-12 10:59:59","2026-08-12 18:59:59","0.00000","0","0.00","0.00000"
"all-available","Asia/Taipei","BTCUSDT","BTC-260815-62000-P","2026-08-15","62000","PUT","1h","2026-08-12 11:00:00","2026-08-12 19:00:00","105.000","105.000","105.000","105.000","0.00","2026-08-12 11:59:59","2026-08-12 19:59:59","0.00000","0","0.00","0.00000"
"all-available","Asia/Taipei","BTCUSDT","BTC-260815-62000-P","2026-08-15","62000","PUT","1h","2026-08-12 12:00:00","2026-08-12 20:00:00","90.000","110.000","90.000","110.000","0.32","2026-08-12 12:59:59","2026-08-12 20:59:59","30.00000","2","0.00","0.00000"
"all-available","Asia/Taipei","BTCUSDT","BTC-260815-62000-P","2026-08-15","62000","PUT","1h","2026-08-12 13:00:00","2026-08-12 21:00:00","95.000","95.000","95.000","95.000","0.01","2026-08-12 13:59:59","2026-08-12 21:59:59","0.95000","1","0.00","0.00000"
"all-available","Asia/Taipei","BTCUSDT","BTC-260815-62000-P","2026-08-15","62000","PUT","1h","2026-08-12 14:00:00","2026-08-12 22:00:00","120.000","120.000","120.000","120.000","0.09","2026-08-12 14:59:59","2026-08-12 22:59:59","10.80000","1","0.00","0.00000"
"all-available","Asia/Taipei","BTCUSDT","BTC-260815-62000-P","2026-08-15","62000","PUT","1h","2026-08-12 15:00:00","2026-08-12 23:00:00","155.000","155.000","150.000","150.000","0.26","2026-08-12 15:59:59","2026-08-12 23:59:59","40.25000","2","0.00","0.00000"
"all-available","Asia/Taipei","BTCUSDT","BTC-260815-62000-P","2026-08-15","62000","PUT","1h","2026-08-12 16:00:00","2026-08-13 00:00:00","125.000","125.000","125.000","125.000","3.00","2026-08-12 16:59:59","2026-08-13 00:59:59","375.00000","1","0.00","0.00000"
"all-available","Asia/Taipei","BTCUSDT","BTC-260815-62000-P","2026-08-15","62000","PUT","1h","2026-08-12 17:00:00","2026-08-13 01:00:00","125.000","125.000","125.000","125.000","0.00","2026-08-12 17:59:59","2026-08-13 01:59:59","0.00000","0","0.00","0.00000"
"all-available","Asia/Taipei","BTCUSDT","BTC-260815-62000-P","2026-08-15","62000","PUT","1h","2026-08-12 18:00:00","2026-08-13 02:00:00","125.000","125.000","125.000","125.000","0.00","2026-08-12 18:59:59","2026-08-13 02:59:59","0.00000","0","0.00","0.00000"
"all-available","Asia/Taipei","BTCUSDT","BTC-260815-62000-P","2026-08-15","62000","PUT","1h","2026-08-12 19:00:00","2026-08-13 03:00:00","125.000","125.000","125.000","125.000","0.00","2026-08-12 19:59:59","2026-08-13 03:59:59","0.00000","0","0.00","0.00000"
"all-available","Asia/Taipei","BTCUSDT","BTC-260815-62000-P","2026-08-15","62000","PUT","1h","2026-08-12 20:00:00","2026-08-13 04:00:00","115.000","115.000","115.000","115.000","0.15","2026-08-12 20:59:59","2026-08-13 04:59:59","17.25000","1","0.00","0.00000"
"all-available","Asia/Taipei","BTCUSDT","BTC-260815-62000-P","2026-08-15","62000","PUT","1h","2026-08-12 21:00:00","2026-08-13 05:00:00","115.000","115.000","115.000","115.000","0.00","2026-08-12 21:59:59","2026-08-13 05:59:59","0.00000","0","0.00","0.00000"
"all-available","Asia/Taipei","BTCUSDT","BTC-260815-62000-P","2026-08-15","62000","PUT","1h","2026-08-12 22:00:00","2026-08-13 06:00:00","105.000","105.000","105.000","105.000","33.00","2026-08-12 22:59:59","2026-08-13 06:59:59","3465.00000","4","0.00","0.00000"
"all-available","Asia/Taipei","BTCUSDT","BTC-260815-62000-P","2026-08-15","62000","PUT","1h","2026-08-12 23:00:00","2026-08-13 07:00:00","105.000","105.000","105.000","105.000","0.41","2026-08-12 23:59:59","2026-08-13 07:59:59","43.05000","1","0.00","0.00000"
"all-available","Asia/Taipei","BTCUSDT","BTC-260815-62000-P","2026-08-15","62000","PUT","1h","2026-08-13 00:00:00","2026-08-13 08:00:00","100.000","100.000","100.000","100.000","0.02","2026-08-13 00:59:59","2026-08-13 08:59:59","2.00000","1","0.00","0.00000"
"all-available","Asia/Taipei","BTCUSDT","BTC-260815-62000-P","2026-08-15","62000","PUT","1h","2026-08-13 01:00:00","2026-08-13 09:00:00","85.000","90.000","85.000","85.000","4.07","2026-08-13 01:59:59","2026-08-13 09:59:59","351.95000","4","1.07","90.95000"
"all-available","Asia/Taipei","BTCUSDT","BTC-260815-62000-P","2026-08-15","62000","PUT","1h","2026-08-13 02:00:00","2026-08-13 10:00:00","100.000","100.000","85.000","85.000","6.97","2026-08-13 02:59:59","2026-08-13 10:59:59","652.00000","15","0.00","0.00000"
"all-available","Asia/Taipei","BTCUSDT","BTC-260815-62000-P","2026-08-15","62000","PUT","1h","2026-08-13 03:00:00","2026-08-13 11:00:00","80.000","80.000","75.000","75.000","1.14","2026-08-13 03:59:59","2026-08-13 11:59:59","86.20000","2","1.00","75.00000"
"all-available","Asia/Taipei","BTCUSDT","BTC-260815-62000-P","2026-08-15","62000","PUT","1h","2026-08-13 04:00:00","2026-08-13 12:00:00","65.000","65.000","60.000","60.000","0.88","2026-08-13 04:59:59","2026-08-13 12:59:59","53.35000","6","0.00","0.00000"
"all-available","Asia/Taipei","BTCUSDT","BTC-260815-62000-P","2026-08-15","62000","PUT","1h","2026-08-13 05:00:00","2026-08-13 13:00:00","60.000","60.000","60.000","60.000","0.00","2026-08-13 05:59:59","2026-08-13 13:59:59","0.00000","0","0.00","0.00000"
"all-available","Asia/Taipei","BTCUSDT","BTC-260815-62000-P","2026-08-15","62000","PUT","1h","2026-08-13 06:00:00","2026-08-13 14:00:00","50.000","50.000","50.000","50.000","0.45","2026-08-13 06:59:59","2026-08-13 14:59:59","22.50000","1","0.45","22.50000"
"all-available","Asia/Taipei","BTCUSDT","BTC-260815-62000-P","2026-08-15","62000","PUT","1h","2026-08-13 07:00:00","2026-08-13 15:00:00","50.000","50.000","50.000","50.000","0.00","2026-08-13 07:59:59","2026-08-13 15:59:59","0.00000","0","0.00","0.00000"
"all-available","Asia/Taipei","BTCUSDT","BTC-260815-62000-P","2026-08-15","62000","PUT","1h","2026-08-13 08:00:00","2026-08-13 16:00:00","40.000","45.000","40.000","40.000","7.67","2026-08-13 08:59:59","2026-08-13 16:59:59","335.55000","9","5.75","258.75000"
"all-available","Asia/Taipei","BTCUSDT","BTC-260815-62000-P","2026-08-15","62000","PUT","1h","2026-08-13 09:00:00","2026-08-13 17:00:00","45.000","45.000","45.000","45.000","1.06","2026-08-13 09:59:59","2026-08-13 17:59:59","47.70000","3","1.06","47.70000"
"all-available","Asia/Taipei","BTCUSDT","BTC-260815-62000-P","2026-08-15","62000","PUT","1h","2026-08-13 10:00:00","2026-08-13 18:00:00","45.000","45.000","45.000","45.000","0.00","2026-08-13 10:59:59","2026-08-13 18:59:59","0.00000","0","0.00","0.00000"
"all-available","Asia/Taipei","BTCUSDT","BTC-260815-62000-P","2026-08-15","62000","PUT","1h","2026-08-13 11:00:00","2026-08-13 19:00:00","50.000","75.000","50.000","75.000","1.63","2026-08-13 11:59:59","2026-08-13 19:59:59","115.50000","6","1.63","115.50000"
"all-available","Asia/Taipei","BTCUSDT","BTC-260815-62000-P","2026-08-15","62000","PUT","1h","2026-08-13 12:00:00","2026-08-13 20:00:00","65.000","65.000","50.000","50.000","0.74","2026-08-13 12:59:59","2026-08-13 20:59:59","38.10000","5","0.00","0.00000"
"all-available","Asia/Taipei","BTCUSDT","BTC-260815-62000-P","2026-08-15","62000","PUT","1h","2026-08-13 13:00:00","2026-08-13 21:00:00","45.000","45.000","40.000","40.000","2.35","2026-08-13 13:59:59","2026-08-13 21:59:59","95.75000","4","2.00","80.00000"
"all-available","Asia/Taipei","BTCUSDT","BTC-260815-62000-P","2026-08-15","62000","PUT","1h","2026-08-13 14:00:00","2026-08-13 22:00:00","40.000","40.000","35.000","35.000","3.09","2026-08-13 14:59:59","2026-08-13 22:59:59","118.95000","11","2.89","111.95000"
"all-available","Asia/Taipei","BTCUSDT","BTC-260815-62000-P","2026-08-15","62000","PUT","1h","2026-08-13 15:00:00","2026-08-13 23:00:00","35.000","35.000","35.000","35.000","1.08","2026-08-13 15:59:59","2026-08-13 23:59:59","37.80000","2","0.00","0.00000"
"all-available","Asia/Taipei","BTCUSDT","BTC-260815-62000-P","2026-08-15","62000","PUT","1h","2026-08-13 16:00:00","2026-08-14 00:00:00","55.000","140.000","55.000","90.000","24.24","2026-08-13 16:59:59","2026-08-14 00:59:59","2988.10000","12","15.91","2097.55000"
"all-available","Asia/Taipei","BTCUSDT","BTC-260815-62000-P","2026-08-15","62000","PUT","1h","2026-08-13 17:00:00","2026-08-14 01:00:00","75.000","75.000","70.000","70.000","1.35","2026-08-13 17:59:59","2026-08-14 01:59:59","94.65000","11","0.00","0.00000"
"all-available","Asia/Taipei","BTCUSDT","BTC-260815-62000-P","2026-08-15","62000","PUT","1h","2026-08-13 18:00:00","2026-08-14 02:00:00","70.000","70.000","60.000","60.000","1.04","2026-08-13 18:59:59","2026-08-14 02:59:59","67.70000","8","0.00","0.00000"
"all-available","Asia/Taipei","BTCUSDT","BTC-260815-62000-P","2026-08-15","62000","PUT","1h","2026-08-13 19:00:00","2026-08-14 03:00:00","55.000","55.000","45.000","45.000","15.02","2026-08-13 19:59:59","2026-08-14 03:59:59","692.20000","5","0.00","0.00000"
"all-available","Asia/Taipei","BTCUSDT","BTC-260815-62000-P","2026-08-15","62000","PUT","1h","2026-08-13 20:00:00","2026-08-14 04:00:00","45.000","45.000","45.000","45.000","0.00","2026-08-13 20:59:59","2026-08-14 04:59:59","0.00000","0","0.00","0.00000"
"all-available","Asia/Taipei","BTCUSDT","BTC-260815-62000-P","2026-08-15","62000","PUT","1h","2026-08-13 21:00:00","2026-08-14 05:00:00","45.000","45.000","45.000","45.000","0.94","2026-08-13 21:59:59","2026-08-14 05:59:59","42.30000","4","0.94","42.30000"
"all-available","Asia/Taipei","BTCUSDT","BTC-260815-62000-P","2026-08-15","62000","PUT","1h","2026-08-13 22:00:00","2026-08-14 06:00:00","30.000","30.000","30.000","30.000","1.27","2026-08-13 22:59:59","2026-08-14 06:59:59","38.10000","8","0.00","0.00000"
"all-available","Asia/Taipei","BTCUSDT","BTC-260815-62000-P","2026-08-15","62000","PUT","1h","2026-08-13 23:00:00","2026-08-14 07:00:00","30.000","30.000","30.000","30.000","1.00","2026-08-13 23:59:59","2026-08-14 07:59:59","30.00000","1","0.00","0.00000"
"all-available","Asia/Taipei","BTCUSDT","BTC-260815-62000-P","2026-08-15","62000","PUT","1h","2026-08-14 00:00:00","2026-08-14 08:00:00","30.000","35.000","30.000","35.000","2.22","2026-08-14 00:59:59","2026-08-14 08:59:59","66.65000","16","2.21","66.35000"
"all-available","Asia/Taipei","BTCUSDT","BTC-260815-62000-P","2026-08-15","62000","PUT","1h","2026-08-14 01:00:00","2026-08-14 09:00:00","25.000","25.000","25.000","25.000","2.78","2026-08-14 01:59:59","2026-08-14 09:59:59","69.50000","4","1.00","25.00000"
"all-available","Asia/Taipei","BTCUSDT","BTC-260815-62000-P","2026-08-15","62000","PUT","1h","2026-08-14 02:00:00","2026-08-14 10:00:00","25.000","25.000","25.000","25.000","1.22","2026-08-14 02:59:59","2026-08-14 10:59:59","30.50000","2","1.22","30.50000"
"all-available","Asia/Taipei","BTCUSDT","BTC-260815-62000-P","2026-08-15","62000","PUT","1h","2026-08-14 03:00:00","2026-08-14 11:00:00","25.000","30.000","25.000","30.000","0.30","2026-08-14 03:59:59","2026-08-14 11:59:59","8.50000","3","0.30","8.50000"
"all-available","Asia/Taipei","BTCUSDT","BTC-260815-62000-P","2026-08-15","62000","PUT","1h","2026-08-14 04:00:00","2026-08-14 12:00:00","30.000","30.000","30.000","30.000","2.00","2026-08-14 04:59:59","2026-08-14 12:59:59","60.00000","2","2.00","60.00000"
"all-available","Asia/Taipei","BTCUSDT","BTC-260815-62000-P","2026-08-15","62000","PUT","1h","2026-08-14 05:00:00","2026-08-14 13:00:00","25.000","30.000","25.000","30.000","2.41","2026-08-14 05:59:59","2026-08-14 13:59:59","66.90000","8","2.41","66.90000"
"all-available","Asia/Taipei","BTCUSDT","BTC-260815-62000-P","2026-08-15","62000","PUT","1h","2026-08-14 06:00:00","2026-08-14 14:00:00","30.000","55.000","30.000","55.000","7.79","2026-08-14 06:59:59","2026-08-14 14:59:59","356.00000","24","7.75","354.30000"
"all-available","Asia/Taipei","BTCUSDT","BTC-260815-62000-P","2026-08-15","62000","PUT","1h","2026-08-14 07:00:00","2026-08-14 15:00:00","70.000","80.000","55.000","80.000","62.72","2026-08-14 07:59:59","2026-08-14 15:59:59","4378.45000","31","59.24","4169.55000"
"all-available","Asia/Taipei","BTCUSDT","BTC-260815-62000-P","2026-08-15","62000","PUT","1h","2026-08-14 08:00:00","2026-08-14 16:00:00","80.000","120.000","65.000","65.000","17.43","2026-08-14 08:59:59","2026-08-14 16:59:59","1547.60000","54","7.66","690.50000"
"all-available","Asia/Taipei","BTCUSDT","BTC-260815-62000-P","2026-08-15","62000","PUT","1h","2026-08-14 09:00:00","2026-08-14 17:00:00","65.000","85.000","65.000","70.000","15.61","2026-08-14 09:59:59","2026-08-14 17:59:59","1227.45000","30","13.55","1073.65000"
"all-available","Asia/Taipei","BTCUSDT","BTC-260815-62000-P","2026-08-15","62000","PUT","1h","2026-08-14 10:00:00","2026-08-14 18:00:00","70.000","70.000","55.000","55.000","6.19","2026-08-14 10:59:59","2026-08-14 18:59:59","402.75000","13","3.49","216.50000"
"all-available","Asia/Taipei","BTCUSDT","BTC-260815-62000-P","2026-08-15","62000","PUT","1h","2026-08-14 11:00:00","2026-08-14 19:00:00","60.000","65.000","60.000","65.000","3.15","2026-08-14 11:59:59","2026-08-14 19:59:59","202.20000","6","3.14","201.60000"
"all-available","Asia/Taipei","BTCUSDT","BTC-260815-62000-P","2026-08-15","62000","PUT","1h","2026-08-14 12:00:00","2026-08-14 20:00:00","65.000","70.000","60.000","65.000","6.76","2026-08-14 12:59:59","2026-08-14 20:59:59","441.45000","24","6.11","402.15000"
"all-available","Asia/Taipei","BTCUSDT","BTC-260815-62000-P","2026-08-15","62000","PUT","1h","2026-08-14 13:00:00","2026-08-14 21:00:00","100.000","110.000","85.000","95.000","16.71","2026-08-14 13:59:59","2026-08-14 21:59:59","1644.20000","30","13.38","1321.90000"
"all-available","Asia/Taipei","BTCUSDT","BTC-260815-62000-P","2026-08-15","62000","PUT","1h","2026-08-14 14:00:00","2026-08-14 22:00:00","95.000","105.000","55.000","80.000","26.29","2026-08-14 14:59:59","2026-08-14 22:59:59","1835.55000","63","10.68","896.10000"
"all-available","Asia/Taipei","BTCUSDT","BTC-260815-62000-P","2026-08-15","62000","PUT","1h","2026-08-14 15:00:00","2026-08-14 23:00:00","75.000","75.000","20.000","25.000","20.15","2026-08-14 15:59:59","2026-08-14 23:59:59","962.75000","73","5.80","265.35000"
"all-available","Asia/Taipei","BTCUSDT","BTC-260815-62000-P","2026-08-15","62000","PUT","1h","2026-08-14 16:00:00","2026-08-15 00:00:00","25.000","25.000","20.000","20.000","17.46","2026-08-14 16:59:59","2026-08-15 00:59:59","376.05000","37","0.97","20.90000"
"all-available","Asia/Taipei","BTCUSDT","BTC-260815-62000-P","2026-08-15","62000","PUT","1h","2026-08-14 17:00:00","2026-08-15 01:00:00","15.000","20.000","10.000","15.000","5.93","2026-08-14 17:59:59","2026-08-15 01:59:59","91.80000","20","2.45","46.60000"
"all-available","Asia/Taipei","BTCUSDT","BTC-260815-62000-P","2026-08-15","62000","PUT","1h","2026-08-14 18:00:00","2026-08-15 02:00:00","15.000","15.000","10.000","10.000","15.45","2026-08-14 18:59:59","2026-08-15 02:59:59","157.00000","17","14.96","152.10000"
"all-available","Asia/Taipei","BTCUSDT","BTC-260815-62000-P","2026-08-15","62000","PUT","1h","2026-08-14 19:00:00","2026-08-15 03:00:00","15.000","15.000","15.000","15.000","1.40","2026-08-14 19:59:59","2026-08-15 03:59:59","21.00000","6","1.40","21.00000"
"all-available","Asia/Taipei","BTCUSDT","BTC-260815-62000-P","2026-08-15","62000","PUT","1h","2026-08-14 20:00:00","2026-08-15 04:00:00","10.000","10.000","10.000","10.000","1.01","2026-08-14 20:59:59","2026-08-15 04:59:59","10.10000","3","1.01","10.10000"
"all-available","Asia/Taipei","BTCUSDT","BTC-260815-62000-P","2026-08-15","62000","PUT","1h","2026-08-14 21:00:00","2026-08-15 05:00:00","10.000","10.000","10.000","10.000","0.00","2026-08-14 21:59:59","2026-08-15 05:59:59","0.00000","0","0.00","0.00000"
"all-available","Asia/Taipei","BTCUSDT","BTC-260815-62000-P","2026-08-15","62000","PUT","1h","2026-08-14 22:00:00","2026-08-15 06:00:00","5.000","5.000","5.000","5.000","3.26","2026-08-14 22:59:59","2026-08-15 06:59:59","16.30000","7","0.00","0.00000"
"all-available","Asia/Taipei","BTCUSDT","BTC-260815-62000-P","2026-08-15","62000","PUT","1h","2026-08-14 23:00:00","2026-08-15 07:00:00","5.000","5.000","5.000","5.000","6.04","2026-08-14 23:59:59","2026-08-15 07:59:59","30.20000","3","0.00","0.00000"
"all-available","Asia/Taipei","BTCUSDT","BTC-260815-62000-P","2026-08-15","62000","PUT","1h","2026-08-15 00:00:00","2026-08-15 08:00:00","5.000","5.000","5.000","5.000","0.00","2026-08-15 00:59:59","2026-08-15 08:59:59","0.00000","0","0.00","0.00000"
"all-available","Asia/Taipei","BTCUSDT","BTC-260815-62000-P","2026-08-15","62000","PUT","1h","2026-08-15 01:00:00","2026-08-15 09:00:00","5.000","5.000","5.000","5.000","0.00","2026-08-15 01:59:59","2026-08-15 09:59:59","0.00000","0","0.00","0.00000"
"all-available","Asia/Taipei","BTCUSDT","BTC-260815-62000-P","2026-08-15","62000","PUT","1h","2026-08-15 02:00:00","2026-08-15 10:00:00","5.000","5.000","5.000","5.000","0.00","2026-08-15 02:59:59","2026-08-15 10:59:59","0.00000","0","0.00","0.00000"
"all-available","Asia/Taipei","BTCUSDT","BTC-260815-62000-P","2026-08-15","62000","PUT","1h","2026-08-15 03:00:00","2026-08-15 11:00:00","5.000","5.000","5.000","5.000","0.00","2026-08-15 03:59:59","2026-08-15 11:59:59","0.00000","0","0.00","0.00000"
"all-available","Asia/Taipei","BTCUSDT","BTC-260815-62000-P","2026-08-15","62000","PUT","1h","2026-08-15 04:00:00","2026-08-15 12:00:00","5.000","5.000","5.000","5.000","0.00","2026-08-15 04:59:59","2026-08-15 12:59:59","0.00000","0","0.00","0.00000"
"all-available","Asia/Taipei","BTCUSDT","BTC-260815-62000-P","2026-08-15","62000","PUT","1h","2026-08-15 05:00:00","2026-08-15 13:00:00","5.000","5.000","5.000","5.000","0.00","2026-08-15 05:59:59","2026-08-15 13:59:59","0.00000","0","0.00","0.00000"
"all-available","Asia/Taipei","BTCUSDT","BTC-260815-62000-P","2026-08-15","62000","PUT","1h","2026-08-15 06:00:00","2026-08-15 14:00:00","5.000","5.000","5.000","5.000","0.00","2026-08-15 06:59:59","2026-08-15 14:59:59","0.00000","0","0.00","0.00000"
"all-available","Asia/Taipei","BTCUSDT","BTC-260815-62000-P","2026-08-15","62000","PUT","1h","2026-08-15 07:00:00","2026-08-15 15:00:00","5.000","5.000","5.000","5.000","0.00","2026-08-15 07:59:59","2026-08-15 15:59:59","0.00000","0","0.00","0.00000"
"all-available","Asia/Taipei","BTCUSDT","BTC-260815-62500-C","2026-08-15","62500","CALL","1h","2026-08-13 16:00:00","2026-08-14 00:00:00","1050.000","1050.000","660.000","660.000","4.17","2026-08-13 16:59:59","2026-08-14 00:59:59","3976.30000","4","0.00","0.00000"
"all-available","Asia/Taipei","BTCUSDT","BTC-260815-62500-C","2026-08-15","62500","CALL","1h","2026-08-13 17:00:00","2026-08-14 01:00:00","660.000","660.000","660.000","660.000","0.00","2026-08-13 17:59:59","2026-08-14 01:59:59","0.00000","0","0.00","0.00000"
"all-available","Asia/Taipei","BTCUSDT","BTC-260815-62500-C","2026-08-15","62500","CALL","1h","2026-08-13 18:00:00","2026-08-14 02:00:00","660.000","660.000","660.000","660.000","0.00","2026-08-13 18:59:59","2026-08-14 02:59:59","0.00000","0","0.00","0.00000"
"all-available","Asia/Taipei","BTCUSDT","BTC-260815-62500-C","2026-08-15","62500","CALL","1h","2026-08-13 19:00:00","2026-08-14 03:00:00","660.000","660.000","660.000","660.000","0.00","2026-08-13 19:59:59","2026-08-14 03:59:59","0.00000","0","0.00","0.00000"
"all-available","Asia/Taipei","BTCUSDT","BTC-260815-62500-C","2026-08-15","62500","CALL","1h","2026-08-13 20:00:00","2026-08-14 04:00:00","660.000","660.000","660.000","660.000","0.00","2026-08-13 20:59:59","2026-08-14 04:59:59","0.00000","0","0.00","0.00000"
"all-available","Asia/Taipei","BTCUSDT","BTC-260815-62500-C","2026-08-15","62500","CALL","1h","2026-08-13 21:00:00","2026-08-14 05:00:00","1065.000","1085.000","1065.000","1085.000","2.41","2026-08-13 21:59:59","2026-08-14 05:59:59","2581.05000","6","2.41","2581.05000"
"all-available","Asia/Taipei","BTCUSDT","BTC-260815-62500-C","2026-08-15","62500","CALL","1h","2026-08-13 22:00:00","2026-08-14 06:00:00","1085.000","1085.000","1085.000","1085.000","0.96","2026-08-13 22:59:59","2026-08-14 06:59:59","1041.60000","1","0.96","1041.60000"
"all-available","Asia/Taipei","BTCUSDT","BTC-260815-62500-C","2026-08-15","62500","CALL","1h","2026-08-13 23:00:00","2026-08-14 07:00:00","1085.000","1085.000","1085.000","1085.000","0.00","2026-08-13 23:59:59","2026-08-14 07:59:59","0.00000","0","0.00","0.00000"
"all-available","Asia/Taipei","BTCUSDT","BTC-260815-62500-C","2026-08-15","62500","CALL","1h","2026-08-14 00:00:00","2026-08-14 08:00:00","1085.000","1085.000","1085.000","1085.000","0.00","2026-08-14 00:59:59","2026-08-14 08:59:59","0.00000","0","0.00","0.00000"
"all-available","Asia/Taipei","BTCUSDT","BTC-260815-62500-C","2026-08-15","62500","CALL","1h","2026-08-14 01:00:00","2026-08-14 09:00:00","1085.000","1085.000","1085.000","1085.000","0.00","2026-08-14 01:59:59","2026-08-14 09:59:59","0.00000","0","0.00","0.00000"
"all-available","Asia/Taipei","BTCUSDT","BTC-260815-62500-C","2026-08-15","62500","CALL","1h","2026-08-14 02:00:00","2026-08-14 10:00:00","1085.000","1085.000","1085.000","1085.000","0.00","2026-08-14 02:59:59","2026-08-14 10:59:59","0.00000","0","0.00","0.00000"
"all-available","Asia/Taipei","BTCUSDT","BTC-260815-62500-C","2026-08-15","62500","CALL","1h","2026-08-14 03:00:00","2026-08-14 11:00:00","1085.000","1085.000","1085.000","1085.000","0.00","2026-08-14 03:59:59","2026-08-14 11:59:59","0.00000","0","0.00","0.00000"
"all-available","Asia/Taipei","BTCUSDT","BTC-260815-62500-C","2026-08-15","62500","CALL","1h","2026-08-14 04:00:00","2026-08-14 12:00:00","1085.000","1085.000","1085.000","1085.000","0.00","2026-08-14 04:59:59","2026-08-14 12:59:59","0.00000","0","0.00","0.00000"
"all-available","Asia/Taipei","BTCUSDT","BTC-260815-62500-C","2026-08-15","62500","CALL","1h","2026-08-14 05:00:00","2026-08-14 13:00:00","1085.000","1085.000","1085.000","1085.000","0.00","2026-08-14 05:59:59","2026-08-14 13:59:59","0.00000","0","0.00","0.00000"
"all-available","Asia/Taipei","BTCUSDT","BTC-260815-62500-C","2026-08-15","62500","CALL","1h","2026-08-14 06:00:00","2026-08-14 14:00:00","1085.000","1085.000","1085.000","1085.000","0.00","2026-08-14 06:59:59","2026-08-14 14:59:59","0.00000","0","0.00","0.00000"
"all-available","Asia/Taipei","BTCUSDT","BTC-260815-62500-C","2026-08-15","62500","CALL","1h","2026-08-14 07:00:00","2026-08-14 15:00:00","1085.000","1085.000","1085.000","1085.000","0.00","2026-08-14 07:59:59","2026-08-14 15:59:59","0.00000","0","0.00","0.00000"
"all-available","Asia/Taipei","BTCUSDT","BTC-260815-62500-C","2026-08-15","62500","CALL","1h","2026-08-14 08:00:00","2026-08-14 16:00:00","615.000","615.000","480.000","575.000","4.14","2026-08-14 08:59:59","2026-08-14 16:59:59","2108.30000","9","3.01","1445.75000"
"all-available","Asia/Taipei","BTCUSDT","BTC-260815-62500-C","2026-08-15","62500","CALL","1h","2026-08-14 09:00:00","2026-08-14 17:00:00","455.000","475.000","455.000","475.000","7.01","2026-08-14 09:59:59","2026-08-14 17:59:59","3289.55000","6","7.00","3285.00000"
"all-available","Asia/Taipei","BTCUSDT","BTC-260815-62500-C","2026-08-15","62500","CALL","1h","2026-08-14 10:00:00","2026-08-14 18:00:00","475.000","475.000","475.000","475.000","0.00","2026-08-14 10:59:59","2026-08-14 18:59:59","0.00000","0","0.00","0.00000"
"all-available","Asia/Taipei","BTCUSDT","BTC-260815-62500-C","2026-08-15","62500","CALL","1h","2026-08-14 11:00:00","2026-08-14 19:00:00","475.000","475.000","475.000","475.000","0.00","2026-08-14 11:59:59","2026-08-14 19:59:59","0.00000","0","0.00","0.00000"
"all-available","Asia/Taipei","BTCUSDT","BTC-260815-62500-C","2026-08-15","62500","CALL","1h","2026-08-14 12:00:00","2026-08-14 20:00:00","450.000","450.000","450.000","450.000","0.01","2026-08-14 12:59:59","2026-08-14 20:59:59","4.50000","1","0.00","0.00000"
"all-available","Asia/Taipei","BTCUSDT","BTC-260815-62500-C","2026-08-15","62500","CALL","1h","2026-08-14 13:00:00","2026-08-14 21:00:00","400.000","425.000","385.000","385.000","3.06","2026-08-14 13:59:59","2026-08-14 21:59:59","1289.20000","8","0.00","0.00000"
"all-available","Asia/Taipei","BTCUSDT","BTC-260815-62500-C","2026-08-15","62500","CALL","1h","2026-08-14 14:00:00","2026-08-14 22:00:00","385.000","385.000","330.000","330.000","0.13","2026-08-14 14:59:59","2026-08-14 22:59:59","46.10000","3","0.04","15.40000"
"all-available","Asia/Taipei","BTCUSDT","BTC-260815-62500-C","2026-08-15","62500","CALL","1h","2026-08-14 15:00:00","2026-08-14 23:00:00","375.000","610.000","375.000","610.000","0.80","2026-08-14 15:59:59","2026-08-14 23:59:59","458.05000","4","0.70","397.05000"
"all-available","Asia/Taipei","BTCUSDT","BTC-260815-62500-C","2026-08-15","62500","CALL","1h","2026-08-14 16:00:00","2026-08-15 00:00:00","605.000","750.000","605.000","750.000","0.25","2026-08-14 16:59:59","2026-08-15 00:59:59","170.35000","4","0.05","30.25000"
"all-available","Asia/Taipei","BTCUSDT","BTC-260815-62500-C","2026-08-15","62500","CALL","1h","2026-08-14 17:00:00","2026-08-15 01:00:00","600.000","600.000","600.000","600.000","0.02","2026-08-14 17:59:59","2026-08-15 01:59:59","12.00000","1","0.00","0.00000"
"all-available","Asia/Taipei","BTCUSDT","BTC-260815-62500-C","2026-08-15","62500","CALL","1h","2026-08-14 18:00:00","2026-08-15 02:00:00","600.000","600.000","600.000","600.000","0.00","2026-08-14 18:59:59","2026-08-15 02:59:59","0.00000","0","0.00","0.00000"
"all-available","Asia/Taipei","BTCUSDT","BTC-260815-62500-C","2026-08-15","62500","CALL","1h","2026-08-14 19:00:00","2026-08-15 03:00:00","450.000","490.000","450.000","490.000","1.06","2026-08-14 19:59:59","2026-08-15 03:59:59","518.60000","2","0.00","0.00000"
"all-available","Asia/Taipei","BTCUSDT","BTC-260815-62500-C","2026-08-15","62500","CALL","1h","2026-08-14 20:00:00","2026-08-15 04:00:00","490.000","490.000","490.000","490.000","0.00","2026-08-14 20:59:59","2026-08-15 04:59:59","0.00000","0","0.00","0.00000"
"all-available","Asia/Taipei","BTCUSDT","BTC-260815-62500-C","2026-08-15","62500","CALL","1h","2026-08-14 21:00:00","2026-08-15 05:00:00","490.000","490.000","490.000","490.000","0.00","2026-08-14 21:59:59","2026-08-15 05:59:59","0.00000","0","0.00","0.00000"
"all-available","Asia/Taipei","BTCUSDT","BTC-260815-62500-C","2026-08-15","62500","CALL","1h","2026-08-14 22:00:00","2026-08-15 06:00:00","455.000","455.000","455.000","455.000","0.10","2026-08-14 22:59:59","2026-08-15 06:59:59","45.50000","1","0.10","45.50000"
"all-available","Asia/Taipei","BTCUSDT","BTC-260815-62500-C","2026-08-15","62500","CALL","1h","2026-08-14 23:00:00","2026-08-15 07:00:00","455.000","455.000","455.000","455.000","0.94","2026-08-14 23:59:59","2026-08-15 07:59:59","427.70000","1","0.94","427.70000"
"all-available","Asia/Taipei","BTCUSDT","BTC-260815-62500-C","2026-08-15","62500","CALL","1h","2026-08-15 00:00:00","2026-08-15 08:00:00","455.000","455.000","455.000","455.000","0.00","2026-08-15 00:59:59","2026-08-15 08:59:59","0.00000","0","0.00","0.00000"
"all-available","Asia/Taipei","BTCUSDT","BTC-260815-62500-C","2026-08-15","62500","CALL","1h","2026-08-15 01:00:00","2026-08-15 09:00:00","455.000","455.000","455.000","455.000","0.00","2026-08-15 01:59:59","2026-08-15 09:59:59","0.00000","0","0.00","0.00000"
"all-available","Asia/Taipei","BTCUSDT","BTC-260815-62500-C","2026-08-15","62500","CALL","1h","2026-08-15 02:00:00","2026-08-15 10:00:00","455.000","455.000","455.000","455.000","0.00","2026-08-15 02:59:59","2026-08-15 10:59:59","0.00000","0","0.00","0.00000"
"all-available","Asia/Taipei","BTCUSDT","BTC-260815-62500-C","2026-08-15","62500","CALL","1h","2026-08-15 03:00:00","2026-08-15 11:00:00","620.000","620.000","620.000","620.000","0.01","2026-08-15 03:59:59","2026-08-15 11:59:59","6.20000","1","0.00","0.00000"
"all-available","Asia/Taipei","BTCUSDT","BTC-260815-62500-C","2026-08-15","62500","CALL","1h","2026-08-15 04:00:00","2026-08-15 12:00:00","620.000","620.000","620.000","620.000","0.00","2026-08-15 04:59:59","2026-08-15 12:59:59","0.00000","0","0.00","0.00000"
"all-available","Asia/Taipei","BTCUSDT","BTC-260815-62500-C","2026-08-15","62500","CALL","1h","2026-08-15 05:00:00","2026-08-15 13:00:00","620.000","620.000","620.000","620.000","0.00","2026-08-15 05:59:59","2026-08-15 13:59:59","0.00000","0","0.00","0.00000"
"all-available","Asia/Taipei","BTCUSDT","BTC-260815-62500-C","2026-08-15","62500","CALL","1h","2026-08-15 06:00:00","2026-08-15 14:00:00","620.000","620.000","620.000","620.000","0.00","2026-08-15 06:59:59","2026-08-15 14:59:59","0.00000","0","0.00","0.00000"
"all-available","Asia/Taipei","BTCUSDT","BTC-260815-62500-C","2026-08-15","62500","CALL","1h","2026-08-15 07:00:00","2026-08-15 15:00:00","620.000","620.000","620.000","620.000","0.00","2026-08-15 07:59:59","2026-08-15 15:59:59","0.00000","0","0.00","0.00000"
"all-available","Asia/Taipei","BTCUSDT","BTC-260815-62500-P","2026-08-15","62500","PUT","1h","2026-08-12 08:00:00","2026-08-12 16:00:00","185.000","185.000","185.000","185.000","1.49","2026-08-12 08:59:59","2026-08-12 16:59:59","275.65000","3","0.00","0.00000"
"all-available","Asia/Taipei","BTCUSDT","BTC-260815-62500-P","2026-08-15","62500","PUT","1h","2026-08-12 09:00:00","2026-08-12 17:00:00","185.000","185.000","140.000","140.000","10.01","2026-08-12 09:59:59","2026-08-12 17:59:59","1401.85000","4","0.00","0.00000"
"all-available","Asia/Taipei","BTCUSDT","BTC-260815-62500-P","2026-08-15","62500","PUT","1h","2026-08-12 10:00:00","2026-08-12 18:00:00","140.000","140.000","140.000","140.000","0.00","2026-08-12 10:59:59","2026-08-12 18:59:59","0.00000","0","0.00","0.00000"
"all-available","Asia/Taipei","BTCUSDT","BTC-260815-62500-P","2026-08-15","62500","PUT","1h","2026-08-12 11:00:00","2026-08-12 19:00:00","135.000","135.000","135.000","135.000","0.01","2026-08-12 11:59:59","2026-08-12 19:59:59","1.35000","1","0.01","1.35000"
"all-available","Asia/Taipei","BTCUSDT","BTC-260815-62500-P","2026-08-15","62500","PUT","1h","2026-08-12 12:00:00","2026-08-12 20:00:00","140.000","150.000","140.000","145.000","5.77","2026-08-12 12:59:59","2026-08-12 20:59:59","835.95000","7","0.02","3.00000"
"all-available","Asia/Taipei","BTCUSDT","BTC-260815-62500-P","2026-08-15","62500","PUT","1h","2026-08-12 13:00:00","2026-08-12 21:00:00","160.000","160.000","160.000","160.000","0.12","2026-08-12 13:59:59","2026-08-12 21:59:59","19.20000","1","0.00","0.00000"
"all-available","Asia/Taipei","BTCUSDT","BTC-260815-62500-P","2026-08-15","62500","PUT","1h","2026-08-12 14:00:00","2026-08-12 22:00:00","210.000","210.000","210.000","210.000","0.45","2026-08-12 14:59:59","2026-08-12 22:59:59","94.50000","4","0.00","0.00000"
"all-available","Asia/Taipei","BTCUSDT","BTC-260815-62500-P","2026-08-15","62500","PUT","1h","2026-08-12 15:00:00","2026-08-12 23:00:00","250.000","250.000","250.000","250.000","0.01","2026-08-12 15:59:59","2026-08-12 23:59:59","2.50000","1","0.01","2.50000"
"all-available","Asia/Taipei","BTCUSDT","BTC-260815-62500-P","2026-08-15","62500","PUT","1h","2026-08-12 16:00:00","2026-08-13 00:00:00","215.000","215.000","210.000","215.000","1.04","2026-08-12 16:59:59","2026-08-13 00:59:59","218.65000","3","0.00","0.00000"
"all-available","Asia/Taipei","BTCUSDT","BTC-260815-62500-P","2026-08-15","62500","PUT","1h","2026-08-12 17:00:00","2026-08-13 01:00:00","215.000","215.000","215.000","215.000","0.00","2026-08-12 17:59:59","2026-08-13 01:59:59","0.00000","0","0.00","0.00000"
"all-available","Asia/Taipei","BTCUSDT","BTC-260815-62500-P","2026-08-15","62500","PUT","1h","2026-08-12 18:00:00","2026-08-13 02:00:00","215.000","215.000","215.000","215.000","0.00","2026-08-12 18:59:59","2026-08-13 02:59:59","0.00000","0","0.00","0.00000"
"all-available","Asia/Taipei","BTCUSDT","BTC-260815-62500-P","2026-08-15","62500","PUT","1h","2026-08-12 19:00:00","2026-08-13 03:00:00","205.000","205.000","205.000","205.000","0.77","2026-08-12 19:59:59","2026-08-13 03:59:59","157.85000","1","0.00","0.00000"
"all-available","Asia/Taipei","BTCUSDT","BTC-260815-62500-P","2026-08-15","62500","PUT","1h","2026-08-12 20:00:00","2026-08-13 04:00:00","205.000","205.000","205.000","205.000","0.00","2026-08-12 20:59:59","2026-08-13 04:59:59","0.00000","0","0.00","0.00000"
"all-available","Asia/Taipei","BTCUSDT","BTC-260815-62500-P","2026-08-15","62500","PUT","1h","2026-08-12 21:00:00","2026-08-13 05:00:00","165.000","175.000","165.000","175.000","0.52","2026-08-12 21:59:59","2026-08-13 05:59:59","86.00000","2","0.50","82.50000"
"all-available","Asia/Taipei","BTCUSDT","BTC-260815-62500-P","2026-08-15","62500","PUT","1h","2026-08-12 22:00:00","2026-08-13 06:00:00","175.000","175.000","175.000","175.000","0.00","2026-08-12 22:59:59","2026-08-13 06:59:59","0.00000","0","0.00","0.00000"
"all-available","Asia/Taipei","BTCUSDT","BTC-260815-62500-P","2026-08-15","62500","PUT","1h","2026-08-12 23:00:00","2026-08-13 07:00:00","175.000","175.000","175.000","175.000","0.00","2026-08-12 23:59:59","2026-08-13 07:59:59","0.00000","0","0.00","0.00000"
"all-available","Asia/Taipei","BTCUSDT","BTC-260815-62500-P","2026-08-15","62500","PUT","1h","2026-08-13 00:00:00","2026-08-13 08:00:00","150.000","160.000","150.000","160.000","0.69","2026-08-13 00:59:59","2026-08-13 08:59:59","110.30000","2","0.69","110.30000"
"all-available","Asia/Taipei","BTCUSDT","BTC-260815-62500-P","2026-08-15","62500","PUT","1h","2026-08-13 01:00:00","2026-08-13 09:00:00","190.000","190.000","190.000","190.000","0.01","2026-08-13 01:59:59","2026-08-13 09:59:59","1.90000","1","0.00","0.00000"
"all-available","Asia/Taipei","BTCUSDT","BTC-260815-62500-P","2026-08-15","62500","PUT","1h","2026-08-13 02:00:00","2026-08-13 10:00:00","160.000","160.000","150.000","150.000","5.65","2026-08-13 02:59:59","2026-08-13 10:59:59","859.20000","4","0.00","0.00000"
"all-available","Asia/Taipei","BTCUSDT","BTC-260815-62500-P","2026-08-15","62500","PUT","1h","2026-08-13 03:00:00","2026-08-13 11:00:00","150.000","150.000","150.000","150.000","0.00","2026-08-13 03:59:59","2026-08-13 11:59:59","0.00000","0","0.00","0.00000"
"all-available","Asia/Taipei","BTCUSDT","BTC-260815-62500-P","2026-08-15","62500","PUT","1h","2026-08-13 04:00:00","2026-08-13 12:00:00","150.000","150.000","150.000","150.000","0.00","2026-08-13 04:59:59","2026-08-13 12:59:59","0.00000","0","0.00","0.00000"
"all-available","Asia/Taipei","BTCUSDT","BTC-260815-62500-P","2026-08-15","62500","PUT","1h","2026-08-13 05:00:00","2026-08-13 13:00:00","150.000","150.000","150.000","150.000","0.00","2026-08-13 05:59:59","2026-08-13 13:59:59","0.00000","0","0.00","0.00000"
"all-available","Asia/Taipei","BTCUSDT","BTC-260815-62500-P","2026-08-15","62500","PUT","1h","2026-08-13 06:00:00","2026-08-13 14:00:00","90.000","95.000","90.000","95.000","0.81","2026-08-13 06:59:59","2026-08-13 14:59:59","76.75000","2","0.77","73.15000"
"all-available","Asia/Taipei","BTCUSDT","BTC-260815-62500-P","2026-08-15","62500","PUT","1h","2026-08-13 07:00:00","2026-08-13 15:00:00","75.000","75.000","75.000","75.000","0.02","2026-08-13 07:59:59","2026-08-13 15:59:59","1.50000","1","0.00","0.00000"
"all-available","Asia/Taipei","BTCUSDT","BTC-260815-62500-P","2026-08-15","62500","PUT","1h","2026-08-13 08:00:00","2026-08-13 16:00:00","70.000","75.000","70.000","75.000","4.21","2026-08-13 08:59:59","2026-08-13 16:59:59","305.00000","10","2.06","154.50000"
"all-available","Asia/Taipei","BTCUSDT","BTC-260815-62500-P","2026-08-15","62500","PUT","1h","2026-08-13 09:00:00","2026-08-13 17:00:00","75.000","85.000","75.000","85.000","12.98","2026-08-13 09:59:59","2026-08-13 17:59:59","1048.50000","20","7.98","623.50000"
"all-available","Asia/Taipei","BTCUSDT","BTC-260815-62500-P","2026-08-15","62500","PUT","1h","2026-08-13 10:00:00","2026-08-13 18:00:00","80.000","80.000","80.000","80.000","5.46","2026-08-13 10:59:59","2026-08-13 18:59:59","436.80000","3","5.46","436.80000"
"all-available","Asia/Taipei","BTCUSDT","BTC-260815-62500-P","2026-08-15","62500","PUT","1h","2026-08-13 11:00:00","2026-08-13 19:00:00","100.000","105.000","100.000","105.000","0.09","2026-08-13 11:59:59","2026-08-13 19:59:59","9.40000","2","0.08","8.40000"
"all-available","Asia/Taipei","BTCUSDT","BTC-260815-62500-P","2026-08-15","62500","PUT","1h","2026-08-13 12:00:00","2026-08-13 20:00:00","105.000","105.000","105.000","105.000","0.00","2026-08-13 12:59:59","2026-08-13 20:59:59","0.00000","0","0.00","0.00000"
"all-available","Asia/Taipei","BTCUSDT","BTC-260815-62500-P","2026-08-15","62500","PUT","1h","2026-08-13 13:00:00","2026-08-13 21:00:00","100.000","100.000","75.000","80.000","1.51","2026-08-13 13:59:59","2026-08-13 21:59:59","139.80000","9","0.01","0.80000"
"all-available","Asia/Taipei","BTCUSDT","BTC-260815-62500-P","2026-08-15","62500","PUT","1h","2026-08-13 14:00:00","2026-08-13 22:00:00","75.000","75.000","55.000","55.000","5.79","2026-08-13 14:59:59","2026-08-13 22:59:59","325.05000","8","0.00","0.00000"
"all-available","Asia/Taipei","BTCUSDT","BTC-260815-62500-P","2026-08-15","62500","PUT","1h","2026-08-13 15:00:00","2026-08-13 23:00:00","65.000","90.000","60.000","90.000","25.02","2026-08-13 15:59:59","2026-08-13 23:59:59","2101.30000","15","20.02","1801.30000"
"all-available","Asia/Taipei","BTCUSDT","BTC-260815-62500-P","2026-08-15","62500","PUT","1h","2026-08-13 16:00:00","2026-08-14 00:00:00","120.000","175.000","105.000","175.000","23.65","2026-08-13 16:59:59","2026-08-14 00:59:59","2774.65000","23","0.58","93.80000"
"all-available","Asia/Taipei","BTCUSDT","BTC-260815-62500-P","2026-08-15","62500","PUT","1h","2026-08-13 17:00:00","2026-08-14 01:00:00","150.000","150.000","150.000","150.000","0.11","2026-08-13 17:59:59","2026-08-14 01:59:59","16.50000","1","0.00","0.00000"
"all-available","Asia/Taipei","BTCUSDT","BTC-260815-62500-P","2026-08-15","62500","PUT","1h","2026-08-13 18:00:00","2026-08-14 02:00:00","150.000","150.000","150.000","150.000","2.00","2026-08-13 18:59:59","2026-08-14 02:59:59","300.00000","1","0.00","0.00000"
"all-available","Asia/Taipei","BTCUSDT","BTC-260815-62500-P","2026-08-15","62500","PUT","1h","2026-08-13 19:00:00","2026-08-14 03:00:00","150.000","150.000","150.000","150.000","0.00","2026-08-13 19:59:59","2026-08-14 03:59:59","0.00000","0","0.00","0.00000"
"all-available","Asia/Taipei","BTCUSDT","BTC-260815-62500-P","2026-08-15","62500","PUT","1h","2026-08-13 20:00:00","2026-08-14 04:00:00","150.000","150.000","150.000","150.000","0.00","2026-08-13 20:59:59","2026-08-14 04:59:59","0.00000","0","0.00","0.00000"
"all-available","Asia/Taipei","BTCUSDT","BTC-260815-62500-P","2026-08-15","62500","PUT","1h","2026-08-13 21:00:00","2026-08-14 05:00:00","85.000","85.000","85.000","85.000","0.10","2026-08-13 21:59:59","2026-08-14 05:59:59","8.50000","1","0.10","8.50000"
"all-available","Asia/Taipei","BTCUSDT","BTC-260815-62500-P","2026-08-15","62500","PUT","1h","2026-08-13 22:00:00","2026-08-14 06:00:00","65.000","65.000","65.000","65.000","0.02","2026-08-13 22:59:59","2026-08-14 06:59:59","1.30000","2","0.02","1.30000"
"all-available","Asia/Taipei","BTCUSDT","BTC-260815-62500-P","2026-08-15","62500","PUT","1h","2026-08-13 23:00:00","2026-08-14 07:00:00","70.000","70.000","70.000","70.000","0.14","2026-08-13 23:59:59","2026-08-14 07:59:59","9.80000","2","0.06","4.20000"
"all-available","Asia/Taipei","BTCUSDT","BTC-260815-62500-P","2026-08-15","62500","PUT","1h","2026-08-14 00:00:00","2026-08-14 08:00:00","70.000","70.000","70.000","70.000","0.00","2026-08-14 00:59:59","2026-08-14 08:59:59","0.00000","0","0.00","0.00000"
"all-available","Asia/Taipei","BTCUSDT","BTC-260815-62500-P","2026-08-15","62500","PUT","1h","2026-08-14 01:00:00","2026-08-14 09:00:00","70.000","70.000","70.000","70.000","0.00","2026-08-14 01:59:59","2026-08-14 09:59:59","0.00000","0","0.00","0.00000"
"all-available","Asia/Taipei","BTCUSDT","BTC-260815-62500-P","2026-08-15","62500","PUT","1h","2026-08-14 02:00:00","2026-08-14 10:00:00","50.000","50.000","50.000","50.000","5.90","2026-08-14 02:59:59","2026-08-14 10:59:59","295.00000","8","5.90","295.00000"
"all-available","Asia/Taipei","BTCUSDT","BTC-260815-62500-P","2026-08-15","62500","PUT","1h","2026-08-14 03:00:00","2026-08-14 11:00:00","55.000","55.000","55.000","55.000","0.25","2026-08-14 03:59:59","2026-08-14 11:59:59","13.75000","2","0.00","0.00000"
"all-available","Asia/Taipei","BTCUSDT","BTC-260815-62500-P","2026-08-15","62500","PUT","1h","2026-08-14 04:00:00","2026-08-14 12:00:00","55.000","55.000","55.000","55.000","0.00","2026-08-14 04:59:59","2026-08-14 12:59:59","0.00000","0","0.00","0.00000"
"all-available","Asia/Taipei","BTCUSDT","BTC-260815-62500-P","2026-08-15","62500","PUT","1h","2026-08-14 05:00:00","2026-08-14 13:00:00","60.000","70.000","60.000","65.000","12.96","2026-08-14 05:59:59","2026-08-14 13:59:59","844.10000","23","11.67","760.30000"
"all-available","Asia/Taipei","BTCUSDT","BTC-260815-62500-P","2026-08-15","62500","PUT","1h","2026-08-14 06:00:00","2026-08-14 14:00:00","75.000","155.000","75.000","155.000","6.10","2026-08-14 06:59:59","2026-08-14 14:59:59","558.40000","15","5.36","490.90000"
"all-available","Asia/Taipei","BTCUSDT","BTC-260815-62500-P","2026-08-15","62500","PUT","1h","2026-08-14 07:00:00","2026-08-14 15:00:00","155.000","165.000","115.000","165.000","98.89","2026-08-14 07:59:59","2026-08-14 15:59:59","13448.90000","30","12.62","1826.20000"
"all-available","Asia/Taipei","BTCUSDT","BTC-260815-62500-P","2026-08-15","62500","PUT","1h","2026-08-14 08:00:00","2026-08-14 16:00:00","190.000","255.000","150.000","150.000","14.65","2026-08-14 08:59:59","2026-08-14 16:59:59","2886.00000","40","12.28","2451.80000"
"all-available","Asia/Taipei","BTCUSDT","BTC-260815-62500-P","2026-08-15","62500","PUT","1h","2026-08-14 09:00:00","2026-08-14 17:00:00","140.000","195.000","140.000","175.000","3.85","2026-08-14 09:59:59","2026-08-14 17:59:59","717.30000","20","1.22","231.80000"
"all-available","Asia/Taipei","BTCUSDT","BTC-260815-62500-P","2026-08-15","62500","PUT","1h","2026-08-14 10:00:00","2026-08-14 18:00:00","165.000","165.000","130.000","160.000","14.07","2026-08-14 10:59:59","2026-08-14 18:59:59","2184.45000","20","12.80","1987.00000"
"all-available","Asia/Taipei","BTCUSDT","BTC-260815-62500-P","2026-08-15","62500","PUT","1h","2026-08-14 11:00:00","2026-08-14 19:00:00","165.000","165.000","135.000","135.000","0.33","2026-08-14 11:59:59","2026-08-14 19:59:59","50.50000","6","0.07","10.15000"
"all-available","Asia/Taipei","BTCUSDT","BTC-260815-62500-P","2026-08-15","62500","PUT","1h","2026-08-14 12:00:00","2026-08-14 20:00:00","155.000","190.000","140.000","180.000","4.33","2026-08-14 12:59:59","2026-08-14 20:59:59","687.20000","24","2.78","440.70000"
"all-available","Asia/Taipei","BTCUSDT","BTC-260815-62500-P","2026-08-15","62500","PUT","1h","2026-08-14 13:00:00","2026-08-14 21:00:00","190.000","255.000","190.000","250.000","27.65","2026-08-14 13:59:59","2026-08-14 21:59:59","6480.35000","29","22.91","5364.20000"
"all-available","Asia/Taipei","BTCUSDT","BTC-260815-62500-P","2026-08-15","62500","PUT","1h","2026-08-14 14:00:00","2026-08-14 22:00:00","235.000","240.000","145.000","205.000","4.15","2026-08-14 14:59:59","2026-08-14 22:59:59","875.05000","16","2.48","568.20000"
"all-available","Asia/Taipei","BTCUSDT","BTC-260815-62500-P","2026-08-15","62500","PUT","1h","2026-08-14 15:00:00","2026-08-14 23:00:00","195.000","195.000","55.000","55.000","34.73","2026-08-14 15:59:59","2026-08-14 23:59:59","2568.20000","71","8.58","632.35000"
"all-available","Asia/Taipei","BTCUSDT","BTC-260815-62500-P","2026-08-15","62500","PUT","1h","2026-08-14 16:00:00","2026-08-15 00:00:00","65.000","70.000","35.000","40.000","20.29","2026-08-14 16:59:59","2026-08-15 00:59:59","942.30000","71","15.25","694.45000"
"all-available","Asia/Taipei","BTCUSDT","BTC-260815-62500-P","2026-08-15","62500","PUT","1h","2026-08-14 17:00:00","2026-08-15 01:00:00","35.000","40.000","20.000","40.000","21.87","2026-08-14 17:59:59","2026-08-15 01:59:59","656.40000","47","18.78","563.40000"
"all-available","Asia/Taipei","BTCUSDT","BTC-260815-62500-P","2026-08-15","62500","PUT","1h","2026-08-14 18:00:00","2026-08-15 02:00:00","35.000","35.000","20.000","35.000","53.85","2026-08-14 18:59:59","2026-08-15 02:59:59","1689.00000","39","47.40","1495.40000"
"all-available","Asia/Taipei","BTCUSDT","BTC-260815-62500-P","2026-08-15","62500","PUT","1h","2026-08-14 19:00:00","2026-08-15 03:00:00","35.000","35.000","20.000","25.000","36.82","2026-08-14 19:59:59","2026-08-15 03:59:59","872.25000","164","28.07","651.80000"
"all-available","Asia/Taipei","BTCUSDT","BTC-260815-62500-P","2026-08-15","62500","PUT","1h","2026-08-14 20:00:00","2026-08-15 04:00:00","20.000","25.000","20.000","25.000","6.64","2026-08-14 20:59:59","2026-08-15 04:59:59","151.25000","10","6.64","151.25000"
"all-available","Asia/Taipei","BTCUSDT","BTC-260815-62500-P","2026-08-15","62500","PUT","1h","2026-08-14 21:00:00","2026-08-15 05:00:00","20.000","20.000","20.000","20.000","0.64","2026-08-14 21:59:59","2026-08-15 05:59:59","12.80000","2","0.64","12.80000"
"all-available","Asia/Taipei","BTCUSDT","BTC-260815-62500-P","2026-08-15","62500","PUT","1h","2026-08-14 22:00:00","2026-08-15 06:00:00","15.000","25.000","15.000","20.000","13.22","2026-08-14 22:59:59","2026-08-15 06:59:59","208.45000","12","5.86","98.05000"
"all-available","Asia/Taipei","BTCUSDT","BTC-260815-62500-P","2026-08-15","62500","PUT","1h","2026-08-14 23:00:00","2026-08-15 07:00:00","15.000","15.000","5.000","10.000","20.03","2026-08-14 23:59:59","2026-08-15 07:59:59","123.00000","16","2.00","20.00000"
"all-available","Asia/Taipei","BTCUSDT","BTC-260815-62500-P","2026-08-15","62500","PUT","1h","2026-08-15 00:00:00","2026-08-15 08:00:00","10.000","10.000","10.000","10.000","2.01","2026-08-15 00:59:59","2026-08-15 08:59:59","20.10000","10","2.01","20.10000"
"all-available","Asia/Taipei","BTCUSDT","BTC-260815-62500-P","2026-08-15","62500","PUT","1h","2026-08-15 01:00:00","2026-08-15 09:00:00","5.000","5.000","5.000","5.000","11.50","2026-08-15 01:59:59","2026-08-15 09:59:59","57.50000","4","0.50","2.50000"
"all-available","Asia/Taipei","BTCUSDT","BTC-260815-62500-P","2026-08-15","62500","PUT","1h","2026-08-15 02:00:00","2026-08-15 10:00:00","5.000","5.000","5.000","5.000","0.50","2026-08-15 02:59:59","2026-08-15 10:59:59","2.50000","1","0.50","2.50000"
"all-available","Asia/Taipei","BTCUSDT","BTC-260815-62500-P","2026-08-15","62500","PUT","1h","2026-08-15 03:00:00","2026-08-15 11:00:00","5.000","5.000","5.000","5.000","1.30","2026-08-15 03:59:59","2026-08-15 11:59:59","6.50000","2","1.30","6.50000"
"all-available","Asia/Taipei","BTCUSDT","BTC-260815-62500-P","2026-08-15","62500","PUT","1h","2026-08-15 04:00:00","2026-08-15 12:00:00","5.000","5.000","5.000","5.000","0.00","2026-08-15 04:59:59","2026-08-15 12:59:59","0.00000","0","0.00","0.00000"
"all-available","Asia/Taipei","BTCUSDT","BTC-260815-62500-P","2026-08-15","62500","PUT","1h","2026-08-15 05:00:00","2026-08-15 13:00:00","5.000","5.000","5.000","5.000","0.00","2026-08-15 05:59:59","2026-08-15 13:59:59","0.00000","0","0.00","0.00000"
"all-available","Asia/Taipei","BTCUSDT","BTC-260815-62500-P","2026-08-15","62500","PUT","1h","2026-08-15 06:00:00","2026-08-15 14:00:00","5.000","5.000","5.000","5.000","0.00","2026-08-15 06:59:59","2026-08-15 14:59:59","0.00000","0","0.00","0.00000"
"all-available","Asia/Taipei","BTCUSDT","BTC-260815-62500-P","2026-08-15","62500","PUT","1h","2026-08-15 07:00:00","2026-08-15 15:00:00","5.000","5.000","5.000","5.000","0.00","2026-08-15 07:59:59","2026-08-15 15:59:59","0.00000","0","0.00","0.00000"
"all-available","Asia/Taipei","BTCUSDT","BTC-260815-63000-C","2026-08-15","63000","CALL","1h","2026-08-13 11:00:00","2026-08-13 19:00:00","710.000","725.000","710.000","725.000","0.09","2026-08-13 11:59:59","2026-08-13 19:59:59","64.50000","2","0.05","35.50000"
"all-available","Asia/Taipei","BTCUSDT","BTC-260815-63000-C","2026-08-15","63000","CALL","1h","2026-08-13 12:00:00","2026-08-13 20:00:00","725.000","725.000","725.000","725.000","0.00","2026-08-13 12:59:59","2026-08-13 20:59:59","0.00000","0","0.00","0.00000"
"all-available","Asia/Taipei","BTCUSDT","BTC-260815-63000-C","2026-08-15","63000","CALL","1h","2026-08-13 13:00:00","2026-08-13 21:00:00","725.000","725.000","725.000","725.000","0.00","2026-08-13 13:59:59","2026-08-13 21:59:59","0.00000","0","0.00","0.00000"
"all-available","Asia/Taipei","BTCUSDT","BTC-260815-63000-C","2026-08-15","63000","CALL","1h","2026-08-13 14:00:00","2026-08-13 22:00:00","725.000","725.000","725.000","725.000","0.00","2026-08-13 14:59:59","2026-08-13 22:59:59","0.00000","0","0.00","0.00000"
"all-available","Asia/Taipei","BTCUSDT","BTC-260815-63000-C","2026-08-15","63000","CALL","1h","2026-08-13 15:00:00","2026-08-13 23:00:00","725.000","725.000","725.000","725.000","0.00","2026-08-13 15:59:59","2026-08-13 23:59:59","0.00000","0","0.00","0.00000"
"all-available","Asia/Taipei","BTCUSDT","BTC-260815-63000-C","2026-08-15","63000","CALL","1h","2026-08-13 16:00:00","2026-08-14 00:00:00","595.000","595.000","390.000","530.000","10.27","2026-08-13 16:59:59","2026-08-14 00:59:59","5214.25000","13","2.94","1342.80000"
"all-available","Asia/Taipei","BTCUSDT","BTC-260815-63000-C","2026-08-15","63000","CALL","1h","2026-08-13 17:00:00","2026-08-14 01:00:00","510.000","510.000","510.000","510.000","3.00","2026-08-13 17:59:59","2026-08-14 01:59:59","1530.00000","1","3.00","1530.00000"
"all-available","Asia/Taipei","BTCUSDT","BTC-260815-63000-C","2026-08-15","63000","CALL","1h","2026-08-13 18:00:00","2026-08-14 02:00:00","510.000","510.000","510.000","510.000","0.00","2026-08-13 18:59:59","2026-08-14 02:59:59","0.00000","0","0.00","0.00000"
"all-available","Asia/Taipei","BTCUSDT","BTC-260815-63000-C","2026-08-15","63000","CALL","1h","2026-08-13 19:00:00","2026-08-14 03:00:00","510.000","510.000","510.000","510.000","0.00","2026-08-13 19:59:59","2026-08-14 03:59:59","0.00000","0","0.00","0.00000"
"all-available","Asia/Taipei","BTCUSDT","BTC-260815-63000-C","2026-08-15","63000","CALL","1h","2026-08-13 20:00:00","2026-08-14 04:00:00","635.000","635.000","635.000","635.000","1.16","2026-08-13 20:59:59","2026-08-14 04:59:59","736.60000","1","1.16","736.60000"
"all-available","Asia/Taipei","BTCUSDT","BTC-260815-63000-C","2026-08-15","63000","CALL","1h","2026-08-13 21:00:00","2026-08-14 05:00:00","635.000","635.000","635.000","635.000","0.00","2026-08-13 21:59:59","2026-08-14 05:59:59","0.00000","0","0.00","0.00000"
"all-available","Asia/Taipei","BTCUSDT","BTC-260815-63000-C","2026-08-15","63000","CALL","1h","2026-08-13 22:00:00","2026-08-14 06:00:00","635.000","635.000","635.000","635.000","0.00","2026-08-13 22:59:59","2026-08-14 06:59:59","0.00000","0","0.00","0.00000"
"all-available","Asia/Taipei","BTCUSDT","BTC-260815-63000-C","2026-08-15","63000","CALL","1h","2026-08-13 23:00:00","2026-08-14 07:00:00","635.000","635.000","635.000","635.000","0.00","2026-08-13 23:59:59","2026-08-14 07:59:59","0.00000","0","0.00","0.00000"
"all-available","Asia/Taipei","BTCUSDT","BTC-260815-63000-C","2026-08-15","63000","CALL","1h","2026-08-14 00:00:00","2026-08-14 08:00:00","645.000","645.000","645.000","645.000","0.02","2026-08-14 00:59:59","2026-08-14 08:59:59","12.90000","1","0.02","12.90000"
"all-available","Asia/Taipei","BTCUSDT","BTC-260815-63000-C","2026-08-15","63000","CALL","1h","2026-08-14 01:00:00","2026-08-14 09:00:00","645.000","645.000","645.000","645.000","0.00","2026-08-14 01:59:59","2026-08-14 09:59:59","0.00000","0","0.00","0.00000"
"all-available","Asia/Taipei","BTCUSDT","BTC-260815-63000-C","2026-08-15","63000","CALL","1h","2026-08-14 02:00:00","2026-08-14 10:00:00","645.000","645.000","645.000","645.000","0.00","2026-08-14 02:59:59","2026-08-14 10:59:59","0.00000","0","0.00","0.00000"
"all-available","Asia/Taipei","BTCUSDT","BTC-260815-63000-C","2026-08-15","63000","CALL","1h","2026-08-14 03:00:00","2026-08-14 11:00:00","645.000","645.000","645.000","645.000","0.00","2026-08-14 03:59:59","2026-08-14 11:59:59","0.00000","0","0.00","0.00000"
"all-available","Asia/Taipei","BTCUSDT","BTC-260815-63000-C","2026-08-15","63000","CALL","1h","2026-08-14 04:00:00","2026-08-14 12:00:00","645.000","645.000","645.000","645.000","0.00","2026-08-14 04:59:59","2026-08-14 12:59:59","0.00000","0","0.00","0.00000"
"all-available","Asia/Taipei","BTCUSDT","BTC-260815-63000-C","2026-08-15","63000","CALL","1h","2026-08-14 05:00:00","2026-08-14 13:00:00","645.000","645.000","645.000","645.000","0.00","2026-08-14 05:59:59","2026-08-14 13:59:59","0.00000","0","0.00","0.00000"
"all-available","Asia/Taipei","BTCUSDT","BTC-260815-63000-C","2026-08-15","63000","CALL","1h","2026-08-14 06:00:00","2026-08-14 14:00:00","455.000","455.000","305.000","325.000","11.55","2026-08-14 06:59:59","2026-08-14 14:59:59","3845.10000","26","8.87","2825.80000"
"all-available","Asia/Taipei","BTCUSDT","BTC-260815-63000-C","2026-08-15","63000","CALL","1h","2026-08-14 07:00:00","2026-08-14 15:00:00","335.000","385.000","325.000","325.000","0.39","2026-08-14 07:59:59","2026-08-14 15:59:59","138.40000","5","0.22","78.95000"
"all-available","Asia/Taipei","BTCUSDT","BTC-260815-63000-C","2026-08-15","63000","CALL","1h","2026-08-14 08:00:00","2026-08-14 16:00:00","330.000","330.000","240.000","275.000","9.70","2026-08-14 08:59:59","2026-08-14 16:59:59","2695.75000","30","5.75","1604.75000"
"all-available","Asia/Taipei","BTCUSDT","BTC-260815-63000-C","2026-08-15","63000","CALL","1h","2026-08-14 09:00:00","2026-08-14 17:00:00","275.000","275.000","200.000","205.000","11.88","2026-08-14 09:59:59","2026-08-14 17:59:59","2993.25000","17","11.17","2835.00000"
"all-available","Asia/Taipei","BTCUSDT","BTC-260815-63000-C","2026-08-15","63000","CALL","1h","2026-08-14 10:00:00","2026-08-14 18:00:00","215.000","255.000","215.000","215.000","16.06","2026-08-14 10:59:59","2026-08-14 18:59:59","3705.45000","25","1.33","326.55000"
"all-available","Asia/Taipei","BTCUSDT","BTC-260815-63000-C","2026-08-15","63000","CALL","1h","2026-08-14 11:00:00","2026-08-14 19:00:00","240.000","250.000","230.000","230.000","2.62","2026-08-14 11:59:59","2026-08-14 19:59:59","618.60000","8","1.56","374.80000"
"all-available","Asia/Taipei","BTCUSDT","BTC-260815-63000-C","2026-08-15","63000","CALL","1h","2026-08-14 12:00:00","2026-08-14 20:00:00","225.000","230.000","175.000","175.000","2.96","2026-08-14 12:59:59","2026-08-14 20:59:59","592.50000","14","0.26","54.85000"
"all-available","Asia/Taipei","BTCUSDT","BTC-260815-63000-C","2026-08-15","63000","CALL","1h","2026-08-14 13:00:00","2026-08-14 21:00:00","180.000","210.000","145.000","145.000","10.86","2026-08-14 13:59:59","2026-08-14 21:59:59","2025.60000","16","5.98","1175.90000"
"all-available","Asia/Taipei","BTCUSDT","BTC-260815-63000-C","2026-08-15","63000","CALL","1h","2026-08-14 14:00:00","2026-08-14 22:00:00","150.000","170.000","115.000","115.000","22.61","2026-08-14 14:59:59","2026-08-14 22:59:59","3138.05000","28","2.92","443.95000"
"all-available","Asia/Taipei","BTCUSDT","BTC-260815-63000-C","2026-08-15","63000","CALL","1h","2026-08-14 15:00:00","2026-08-14 23:00:00","125.000","255.000","125.000","240.000","4.22","2026-08-14 15:59:59","2026-08-14 23:59:59","927.90000","19","4.02","878.10000"
"all-available","Asia/Taipei","BTCUSDT","BTC-260815-63000-C","2026-08-15","63000","CALL","1h","2026-08-14 16:00:00","2026-08-15 00:00:00","205.000","320.000","200.000","280.000","8.28","2026-08-14 16:59:59","2026-08-15 00:59:59","2075.30000","67","2.86","765.60000"
"all-available","Asia/Taipei","BTCUSDT","BTC-260815-63000-C","2026-08-15","63000","CALL","1h","2026-08-14 17:00:00","2026-08-15 01:00:00","280.000","300.000","175.000","175.000","3.10","2026-08-14 17:59:59","2026-08-15 01:59:59","692.85000","13","0.81","205.80000"
"all-available","Asia/Taipei","BTCUSDT","BTC-260815-63000-C","2026-08-15","63000","CALL","1h","2026-08-14 18:00:00","2026-08-15 02:00:00","145.000","175.000","90.000","90.000","5.08","2026-08-14 18:59:59","2026-08-15 02:59:59","697.50000","30","4.98","680.40000"
"all-available","Asia/Taipei","BTCUSDT","BTC-260815-63000-C","2026-08-15","63000","CALL","1h","2026-08-14 19:00:00","2026-08-15 03:00:00","80.000","110.000","65.000","95.000","12.29","2026-08-14 19:59:59","2026-08-15 03:59:59","1062.35000","59","6.99","524.85000"
"all-available","Asia/Taipei","BTCUSDT","BTC-260815-63000-C","2026-08-15","63000","CALL","1h","2026-08-14 20:00:00","2026-08-15 04:00:00","95.000","115.000","70.000","70.000","5.76","2026-08-14 20:59:59","2026-08-15 04:59:59","547.25000","95","3.42","307.70000"
"all-available","Asia/Taipei","BTCUSDT","BTC-260815-63000-C","2026-08-15","63000","CALL","1h","2026-08-14 21:00:00","2026-08-15 05:00:00","70.000","70.000","50.000","60.000","2.51","2026-08-14 21:59:59","2026-08-15 05:59:59","141.25000","112","1.78","95.15000"
"all-available","Asia/Taipei","BTCUSDT","BTC-260815-63000-C","2026-08-15","63000","CALL","1h","2026-08-14 22:00:00","2026-08-15 06:00:00","55.000","55.000","30.000","35.000","6.09","2026-08-14 22:59:59","2026-08-15 06:59:59","219.15000","19","5.39","188.75000"
"all-available","Asia/Taipei","BTCUSDT","BTC-260815-63000-C","2026-08-15","63000","CALL","1h","2026-08-14 23:00:00","2026-08-15 07:00:00","50.000","85.000","40.000","85.000","12.65","2026-08-14 23:59:59","2026-08-15 07:59:59","682.60000","165","5.67","243.15000"
"all-available","Asia/Taipei","BTCUSDT","BTC-260815-63000-C","2026-08-15","63000","CALL","1h","2026-08-15 00:00:00","2026-08-15 08:00:00","100.000","100.000","60.000","60.000","1.38","2026-08-15 00:59:59","2026-08-15 08:59:59","110.35000","42","1.38","110.35000"
"all-available","Asia/Taipei","BTCUSDT","BTC-260815-63000-C","2026-08-15","63000","CALL","1h","2026-08-15 01:00:00","2026-08-15 09:00:00","80.000","80.000","80.000","80.000","0.82","2026-08-15 01:59:59","2026-08-15 09:59:59","65.60000","2","0.82","65.60000"
"all-available","Asia/Taipei","BTCUSDT","BTC-260815-63000-C","2026-08-15","63000","CALL","1h","2026-08-15 02:00:00","2026-08-15 10:00:00","85.000","145.000","85.000","145.000","1.08","2026-08-15 02:59:59","2026-08-15 10:59:59","96.25000","40","1.08","96.25000"
"all-available","Asia/Taipei","BTCUSDT","BTC-260815-63000-C","2026-08-15","63000","CALL","1h","2026-08-15 03:00:00","2026-08-15 11:00:00","145.000","185.000","145.000","175.000","0.04","2026-08-15 03:59:59","2026-08-15 11:59:59","6.50000","4","0.04","6.50000"
"all-available","Asia/Taipei","BTCUSDT","BTC-260815-63000-C","2026-08-15","63000","CALL","1h","2026-08-15 04:00:00","2026-08-15 12:00:00","60.000","60.000","60.000","60.000","0.04","2026-08-15 04:59:59","2026-08-15 12:59:59","2.40000","1","0.00","0.00000"
"all-available","Asia/Taipei","BTCUSDT","BTC-260815-63000-C","2026-08-15","63000","CALL","1h","2026-08-15 05:00:00","2026-08-15 13:00:00","165.000","165.000","100.000","100.000","0.11","2026-08-15 05:59:59","2026-08-15 13:59:59","11.65000","2","0.10","10.00000"
"all-available","Asia/Taipei","BTCUSDT","BTC-260815-63000-C","2026-08-15","63000","CALL","1h","2026-08-15 06:00:00","2026-08-15 14:00:00","100.000","100.000","100.000","100.000","0.00","2026-08-15 06:59:59","2026-08-15 14:59:59","0.00000","0","0.00","0.00000"
"all-available","Asia/Taipei","BTCUSDT","BTC-260815-63000-C","2026-08-15","63000","CALL","1h","2026-08-15 07:00:00","2026-08-15 15:00:00","100.000","105.000","100.000","105.000","0.74","2026-08-15 07:59:59","2026-08-15 15:59:59","74.05000","19","0.74","74.05000"
"all-available","Asia/Taipei","BTCUSDT","BTC-260815-63000-P","2026-08-15","63000","PUT","1h","2026-08-12 08:00:00","2026-08-12 16:00:00","290.000","290.000","290.000","290.000","0.13","2026-08-12 08:59:59","2026-08-12 16:59:59","37.70000","1","0.00","0.00000"
"all-available","Asia/Taipei","BTCUSDT","BTC-260815-63000-P","2026-08-15","63000","PUT","1h","2026-08-12 09:00:00","2026-08-12 17:00:00","240.000","240.000","210.000","210.000","2.90","2026-08-12 09:59:59","2026-08-12 17:59:59","644.50000","9","0.00","0.00000"
"all-available","Asia/Taipei","BTCUSDT","BTC-260815-63000-P","2026-08-15","63000","PUT","1h","2026-08-12 10:00:00","2026-08-12 18:00:00","215.000","215.000","215.000","215.000","1.96","2026-08-12 10:59:59","2026-08-12 18:59:59","421.40000","1","1.96","421.40000"
"all-available","Asia/Taipei","BTCUSDT","BTC-260815-63000-P","2026-08-15","63000","PUT","1h","2026-08-12 11:00:00","2026-08-12 19:00:00","210.000","210.000","210.000","210.000","0.01","2026-08-12 11:59:59","2026-08-12 19:59:59","2.10000","1","0.00","0.00000"
"all-available","Asia/Taipei","BTCUSDT","BTC-260815-63000-P","2026-08-15","63000","PUT","1h","2026-08-12 12:00:00","2026-08-12 20:00:00","255.000","265.000","250.000","260.000","5.10","2026-08-12 12:59:59","2026-08-12 20:59:59","1319.00000","13","0.10","26.00000"
"all-available","Asia/Taipei","BTCUSDT","BTC-260815-63000-P","2026-08-15","63000","PUT","1h","2026-08-12 13:00:00","2026-08-12 21:00:00","270.000","270.000","270.000","270.000","4.12","2026-08-12 13:59:59","2026-08-12 21:59:59","1112.40000","2","4.12","1112.40000"
"all-available","Asia/Taipei","BTCUSDT","BTC-260815-63000-P","2026-08-15","63000","PUT","1h","2026-08-12 14:00:00","2026-08-12 22:00:00","305.000","305.000","290.000","290.000","1.02","2026-08-12 14:59:59","2026-08-12 22:59:59","297.15000","6","0.00","0.00000"
"all-available","Asia/Taipei","BTCUSDT","BTC-260815-63000-P","2026-08-15","63000","PUT","1h","2026-08-12 15:00:00","2026-08-12 23:00:00","375.000","375.000","365.000","365.000","1.96","2026-08-12 15:59:59","2026-08-12 23:59:59","720.40000","2","0.00","0.00000"
"all-available","Asia/Taipei","BTCUSDT","BTC-260815-63000-P","2026-08-15","63000","PUT","1h","2026-08-12 16:00:00","2026-08-13 00:00:00","390.000","390.000","390.000","390.000","4.00","2026-08-12 16:59:59","2026-08-13 00:59:59","1560.00000","2","4.00","1560.00000"
"all-available","Asia/Taipei","BTCUSDT","BTC-260815-63000-P","2026-08-15","63000","PUT","1h","2026-08-12 17:00:00","2026-08-13 01:00:00","360.000","360.000","360.000","360.000","0.20","2026-08-12 17:59:59","2026-08-13 01:59:59","72.00000","2","0.20","72.00000"
"all-available","Asia/Taipei","BTCUSDT","BTC-260815-63000-P","2026-08-15","63000","PUT","1h","2026-08-12 18:00:00","2026-08-13 02:00:00","345.000","345.000","345.000","345.000","0.10","2026-08-12 18:59:59","2026-08-13 02:59:59","34.50000","2","0.00","0.00000"
"all-available","Asia/Taipei","BTCUSDT","BTC-260815-63000-P","2026-08-15","63000","PUT","1h","2026-08-12 19:00:00","2026-08-13 03:00:00","345.000","345.000","345.000","345.000","0.00","2026-08-12 19:59:59","2026-08-13 03:59:59","0.00000","0","0.00","0.00000"
"all-available","Asia/Taipei","BTCUSDT","BTC-260815-63000-P","2026-08-15","63000","PUT","1h","2026-08-12 20:00:00","2026-08-13 04:00:00","345.000","345.000","345.000","345.000","0.00","2026-08-12 20:59:59","2026-08-13 04:59:59","0.00000","0","0.00","0.00000"
"all-available","Asia/Taipei","BTCUSDT","BTC-260815-63000-P","2026-08-15","63000","PUT","1h","2026-08-12 21:00:00","2026-08-13 05:00:00","345.000","345.000","345.000","345.000","0.00","2026-08-12 21:59:59","2026-08-13 05:59:59","0.00000","0","0.00","0.00000"
"all-available","Asia/Taipei","BTCUSDT","BTC-260815-63000-P","2026-08-15","63000","PUT","1h","2026-08-12 22:00:00","2026-08-13 06:00:00","345.000","345.000","345.000","345.000","0.00","2026-08-12 22:59:59","2026-08-13 06:59:59","0.00000","0","0.00","0.00000"
"all-available","Asia/Taipei","BTCUSDT","BTC-260815-63000-P","2026-08-15","63000","PUT","1h","2026-08-12 23:00:00","2026-08-13 07:00:00","345.000","345.000","345.000","345.000","0.00","2026-08-12 23:59:59","2026-08-13 07:59:59","0.00000","0","0.00","0.00000"
"all-available","Asia/Taipei","BTCUSDT","BTC-260815-63000-P","2026-08-15","63000","PUT","1h","2026-08-13 00:00:00","2026-08-13 08:00:00","275.000","275.000","275.000","275.000","0.02","2026-08-13 00:59:59","2026-08-13 08:59:59","5.50000","1","0.00","0.00000"
"all-available","Asia/Taipei","BTCUSDT","BTC-260815-63000-P","2026-08-15","63000","PUT","1h","2026-08-13 01:00:00","2026-08-13 09:00:00","275.000","275.000","275.000","275.000","0.00","2026-08-13 01:59:59","2026-08-13 09:59:59","0.00000","0","0.00","0.00000"
"all-available","Asia/Taipei","BTCUSDT","BTC-260815-63000-P","2026-08-15","63000","PUT","1h","2026-08-13 02:00:00","2026-08-13 10:00:00","275.000","275.000","275.000","275.000","0.00","2026-08-13 02:59:59","2026-08-13 10:59:59","0.00000","0","0.00","0.00000"
"all-available","Asia/Taipei","BTCUSDT","BTC-260815-63000-P","2026-08-15","63000","PUT","1h","2026-08-13 03:00:00","2026-08-13 11:00:00","275.000","275.000","275.000","275.000","0.00","2026-08-13 03:59:59","2026-08-13 11:59:59","0.00000","0","0.00","0.00000"
"all-available","Asia/Taipei","BTCUSDT","BTC-260815-63000-P","2026-08-15","63000","PUT","1h","2026-08-13 04:00:00","2026-08-13 12:00:00","275.000","275.000","275.000","275.000","0.00","2026-08-13 04:59:59","2026-08-13 12:59:59","0.00000","0","0.00","0.00000"
"all-available","Asia/Taipei","BTCUSDT","BTC-260815-63000-P","2026-08-15","63000","PUT","1h","2026-08-13 05:00:00","2026-08-13 13:00:00","175.000","175.000","155.000","160.000","1.70","2026-08-13 05:59:59","2026-08-13 13:59:59","276.55000","10","0.01","1.60000"
"all-available","Asia/Taipei","BTCUSDT","BTC-260815-63000-P","2026-08-15","63000","PUT","1h","2026-08-13 06:00:00","2026-08-13 14:00:00","160.000","170.000","160.000","170.000","0.51","2026-08-13 06:59:59","2026-08-13 14:59:59","81.70000","2","0.50","80.00000"
"all-available","Asia/Taipei","BTCUSDT","BTC-260815-63000-P","2026-08-15","63000","PUT","1h","2026-08-13 07:00:00","2026-08-13 15:00:00","155.000","155.000","155.000","155.000","0.02","2026-08-13 07:59:59","2026-08-13 15:59:59","3.10000","1","0.00","0.00000"
"all-available","Asia/Taipei","BTCUSDT","BTC-260815-63000-P","2026-08-15","63000","PUT","1h","2026-08-13 08:00:00","2026-08-13 16:00:00","150.000","155.000","150.000","155.000","0.40","2026-08-13 08:59:59","2026-08-13 16:59:59","61.25000","2","0.00","0.00000"
"all-available","Asia/Taipei","BTCUSDT","BTC-260815-63000-P","2026-08-15","63000","PUT","1h","2026-08-13 09:00:00","2026-08-13 17:00:00","195.000","195.000","185.000","185.000","1.03","2026-08-13 09:59:59","2026-08-13 17:59:59","200.55000","3","1.03","200.55000"
"all-available","Asia/Taipei","BTCUSDT","BTC-260815-63000-P","2026-08-15","63000","PUT","1h","2026-08-13 10:00:00","2026-08-13 18:00:00","190.000","200.000","190.000","190.000","0.19","2026-08-13 10:59:59","2026-08-13 18:59:59","36.60000","3","0.10","19.50000"
"all-available","Asia/Taipei","BTCUSDT","BTC-260815-63000-P","2026-08-15","63000","PUT","1h","2026-08-13 11:00:00","2026-08-13 19:00:00","200.000","275.000","200.000","275.000","5.08","2026-08-13 11:59:59","2026-08-13 19:59:59","1054.25000","8","5.08","1054.25000"
"all-available","Asia/Taipei","BTCUSDT","BTC-260815-63000-P","2026-08-15","63000","PUT","1h","2026-08-13 12:00:00","2026-08-13 20:00:00","240.000","245.000","210.000","210.000","4.27","2026-08-13 12:59:59","2026-08-13 20:59:59","1004.75000","8","0.02","4.80000"
"all-available","Asia/Taipei","BTCUSDT","BTC-260815-63000-P","2026-08-15","63000","PUT","1h","2026-08-13 13:00:00","2026-08-13 21:00:00","165.000","175.000","165.000","170.000","0.70","2026-08-13 13:59:59","2026-08-13 21:59:59","118.50000","7","0.00","0.00000"
"all-available","Asia/Taipei","BTCUSDT","BTC-260815-63000-P","2026-08-15","63000","PUT","1h","2026-08-13 14:00:00","2026-08-13 22:00:00","140.000","150.000","120.000","130.000","2.03","2026-08-13 14:59:59","2026-08-13 22:59:59","246.45000","6","1.90","228.40000"
"all-available","Asia/Taipei","BTCUSDT","BTC-260815-63000-P","2026-08-15","63000","PUT","1h","2026-08-13 15:00:00","2026-08-13 23:00:00","125.000","225.000","125.000","225.000","5.14","2026-08-13 15:59:59","2026-08-13 23:59:59","1107.25000","7","4.04","905.75000"
"all-available","Asia/Taipei","BTCUSDT","BTC-260815-63000-P","2026-08-15","63000","PUT","1h","2026-08-13 16:00:00","2026-08-14 00:00:00","230.000","475.000","215.000","365.000","14.08","2026-08-13 16:59:59","2026-08-14 00:59:59","4129.15000","23","10.08","3112.95000"
"all-available","Asia/Taipei","BTCUSDT","BTC-260815-63000-P","2026-08-15","63000","PUT","1h","2026-08-13 17:00:00","2026-08-14 01:00:00","300.000","305.000","280.000","305.000","5.63","2026-08-13 17:59:59","2026-08-14 01:59:59","1626.60000","4","3.62","1013.60000"
"all-available","Asia/Taipei","BTCUSDT","BTC-260815-63000-P","2026-08-15","63000","PUT","1h","2026-08-13 18:00:00","2026-08-14 02:00:00","255.000","255.000","250.000","250.000","0.28","2026-08-13 18:59:59","2026-08-14 02:59:59","71.35000","3","0.00","0.00000"
"all-available","Asia/Taipei","BTCUSDT","BTC-260815-63000-P","2026-08-15","63000","PUT","1h","2026-08-13 19:00:00","2026-08-14 03:00:00","205.000","205.000","205.000","205.000","0.80","2026-08-13 19:59:59","2026-08-14 03:59:59","164.00000","7","0.00","0.00000"
"all-available","Asia/Taipei","BTCUSDT","BTC-260815-63000-P","2026-08-15","63000","PUT","1h","2026-08-13 20:00:00","2026-08-14 04:00:00","205.000","205.000","205.000","205.000","1.05","2026-08-13 20:59:59","2026-08-14 04:59:59","215.25000","1","0.00","0.00000"
"all-available","Asia/Taipei","BTCUSDT","BTC-260815-63000-P","2026-08-15","63000","PUT","1h","2026-08-13 21:00:00","2026-08-14 05:00:00","205.000","205.000","205.000","205.000","0.00","2026-08-13 21:59:59","2026-08-14 05:59:59","0.00000","0","0.00","0.00000"
"all-available","Asia/Taipei","BTCUSDT","BTC-260815-63000-P","2026-08-15","63000","PUT","1h","2026-08-13 22:00:00","2026-08-14 06:00:00","160.000","160.000","140.000","145.000","0.60","2026-08-13 22:59:59","2026-08-14 06:59:59","90.30000","6","0.02","2.90000"
"all-available","Asia/Taipei","BTCUSDT","BTC-260815-63000-P","2026-08-15","63000","PUT","1h","2026-08-13 23:00:00","2026-08-14 07:00:00","170.000","170.000","170.000","170.000","1.01","2026-08-13 23:59:59","2026-08-14 07:59:59","171.70000","1","1.01","171.70000"
"all-available","Asia/Taipei","BTCUSDT","BTC-260815-63000-P","2026-08-15","63000","PUT","1h","2026-08-14 00:00:00","2026-08-14 08:00:00","160.000","160.000","150.000","150.000","0.54","2026-08-14 00:59:59","2026-08-14 08:59:59","83.30000","2","0.54","83.30000"
"all-available","Asia/Taipei","BTCUSDT","BTC-260815-63000-P","2026-08-15","63000","PUT","1h","2026-08-14 01:00:00","2026-08-14 09:00:00","130.000","130.000","130.000","130.000","0.02","2026-08-14 01:59:59","2026-08-14 09:59:59","2.60000","1","0.02","2.60000"
"all-available","Asia/Taipei","BTCUSDT","BTC-260815-63000-P","2026-08-15","63000","PUT","1h","2026-08-14 02:00:00","2026-08-14 10:00:00","125.000","135.000","115.000","135.000","1.24","2026-08-14 02:59:59","2026-08-14 10:59:59","162.85000","10","1.02","137.50000"
"all-available","Asia/Taipei","BTCUSDT","BTC-260815-63000-P","2026-08-15","63000","PUT","1h","2026-08-14 03:00:00","2026-08-14 11:00:00","150.000","175.000","120.000","175.000","0.61","2026-08-14 03:59:59","2026-08-14 11:59:59","75.05000","4","0.47","57.55000"
"all-available","Asia/Taipei","BTCUSDT","BTC-260815-63000-P","2026-08-15","63000","PUT","1h","2026-08-14 04:00:00","2026-08-14 12:00:00","175.000","175.000","175.000","175.000","0.00","2026-08-14 04:59:59","2026-08-14 12:59:59","0.00000","0","0.00","0.00000"
"all-available","Asia/Taipei","BTCUSDT","BTC-260815-63000-P","2026-08-15","63000","PUT","1h","2026-08-14 05:00:00","2026-08-14 13:00:00","175.000","175.000","175.000","175.000","0.16","2026-08-14 05:59:59","2026-08-14 13:59:59","28.00000","2","0.16","28.00000"
"all-available","Asia/Taipei","BTCUSDT","BTC-260815-63000-P","2026-08-15","63000","PUT","1h","2026-08-14 06:00:00","2026-08-14 14:00:00","200.000","305.000","200.000","290.000","0.58","2026-08-14 06:59:59","2026-08-14 14:59:59","146.35000","13","0.41","103.20000"
"all-available","Asia/Taipei","BTCUSDT","BTC-260815-63000-P","2026-08-15","63000","PUT","1h","2026-08-14 07:00:00","2026-08-14 15:00:00","290.000","355.000","280.000","355.000","27.07","2026-08-14 07:59:59","2026-08-14 15:59:59","9239.70000","18","22.57","7922.20000"
"all-available","Asia/Taipei","BTCUSDT","BTC-260815-63000-P","2026-08-15","63000","PUT","1h","2026-08-14 08:00:00","2026-08-14 16:00:00","400.000","505.000","340.000","340.000","4.95","2026-08-14 08:59:59","2026-08-14 16:59:59","2063.70000","27","1.06","489.60000"
"all-available","Asia/Taipei","BTCUSDT","BTC-260815-63000-P","2026-08-15","63000","PUT","1h","2026-08-14 09:00:00","2026-08-14 17:00:00","340.000","435.000","340.000","415.000","5.03","2026-08-14 09:59:59","2026-08-14 17:59:59","1946.15000","39","5.03","1946.15000"
"all-available","Asia/Taipei","BTCUSDT","BTC-260815-63000-P","2026-08-15","63000","PUT","1h","2026-08-14 10:00:00","2026-08-14 18:00:00","415.000","415.000","325.000","375.000","1.41","2026-08-14 10:59:59","2026-08-14 18:59:59","504.25000","18","1.37","491.25000"
"all-available","Asia/Taipei","BTCUSDT","BTC-260815-63000-P","2026-08-15","63000","PUT","1h","2026-08-14 11:00:00","2026-08-14 19:00:00","380.000","380.000","335.000","335.000","5.21","2026-08-14 11:59:59","2026-08-14 19:59:59","1932.95000","9","1.21","412.95000"
"all-available","Asia/Taipei","BTCUSDT","BTC-260815-63000-P","2026-08-15","63000","PUT","1h","2026-08-14 12:00:00","2026-08-14 20:00:00","375.000","410.000","375.000","410.000","1.04","2026-08-14 12:59:59","2026-08-14 20:59:59","411.05000","4","1.04","411.05000"
"all-available","Asia/Taipei","BTCUSDT","BTC-260815-63000-P","2026-08-15","63000","PUT","1h","2026-08-14 13:00:00","2026-08-14 21:00:00","440.000","550.000","440.000","550.000","8.84","2026-08-14 13:59:59","2026-08-14 21:59:59","4096.30000","13","5.83","2771.90000"
"all-available","Asia/Taipei","BTCUSDT","BTC-260815-63000-P","2026-08-15","63000","PUT","1h","2026-08-14 14:00:00","2026-08-14 22:00:00","490.000","490.000","385.000","405.000","2.42","2026-08-14 14:59:59","2026-08-14 22:59:59","1086.25000","8","0.05","23.50000"
"all-available","Asia/Taipei","BTCUSDT","BTC-260815-63000-P","2026-08-15","63000","PUT","1h","2026-08-14 15:00:00","2026-08-14 23:00:00","360.000","360.000","195.000","215.000","2.90","2026-08-14 15:59:59","2026-08-14 23:59:59","685.75000","17","2.41","542.25000"
"all-available","Asia/Taipei","BTCUSDT","BTC-260815-63000-P","2026-08-15","63000","PUT","1h","2026-08-14 16:00:00","2026-08-15 00:00:00","205.000","205.000","115.000","130.000","8.08","2026-08-14 16:59:59","2026-08-15 00:59:59","1316.30000","41","3.40","567.65000"
"all-available","Asia/Taipei","BTCUSDT","BTC-260815-63000-P","2026-08-15","63000","PUT","1h","2026-08-14 17:00:00","2026-08-15 01:00:00","130.000","140.000","90.000","140.000","15.21","2026-08-14 17:59:59","2026-08-15 01:59:59","1750.85000","123","0.76","99.20000"
"all-available","Asia/Taipei","BTCUSDT","BTC-260815-63000-P","2026-08-15","63000","PUT","1h","2026-08-14 18:00:00","2026-08-15 02:00:00","145.000","195.000","95.000","170.000","5.07","2026-08-14 18:59:59","2026-08-15 02:59:59","689.60000","91","3.08","446.55000"
"all-available","Asia/Taipei","BTCUSDT","BTC-260815-63000-P","2026-08-15","63000","PUT","1h","2026-08-14 19:00:00","2026-08-15 03:00:00","170.000","170.000","170.000","170.000","0.79","2026-08-14 19:59:59","2026-08-15 03:59:59","134.30000","12","0.79","134.30000"
"all-available","Asia/Taipei","BTCUSDT","BTC-260815-63000-P","2026-08-15","63000","PUT","1h","2026-08-14 20:00:00","2026-08-15 04:00:00","105.000","155.000","95.000","155.000","0.74","2026-08-14 20:59:59","2026-08-15 04:59:59","82.00000","25","0.13","15.90000"
"all-available","Asia/Taipei","BTCUSDT","BTC-260815-63000-P","2026-08-15","63000","PUT","1h","2026-08-14 21:00:00","2026-08-15 05:00:00","130.000","155.000","130.000","155.000","1.10","2026-08-14 21:59:59","2026-08-15 05:59:59","143.25000","6","1.10","143.25000"
"all-available","Asia/Taipei","BTCUSDT","BTC-260815-63000-P","2026-08-15","63000","PUT","1h","2026-08-14 22:00:00","2026-08-15 06:00:00","190.000","195.000","120.000","120.000","0.52","2026-08-14 22:59:59","2026-08-15 06:59:59","99.40000","5","0.52","99.40000"
"all-available","Asia/Taipei","BTCUSDT","BTC-260815-63000-P","2026-08-15","63000","PUT","1h","2026-08-14 23:00:00","2026-08-15 07:00:00","110.000","110.000","45.000","55.000","5.45","2026-08-14 23:59:59","2026-08-15 07:59:59","334.05000","72","4.10","229.50000"
"all-available","Asia/Taipei","BTCUSDT","BTC-260815-63000-P","2026-08-15","63000","PUT","1h","2026-08-15 00:00:00","2026-08-15 08:00:00","60.000","60.000","45.000","45.000","6.06","2026-08-15 00:59:59","2026-08-15 08:59:59","315.50000","86","3.46","185.10000"
"all-available","Asia/Taipei","BTCUSDT","BTC-260815-63000-P","2026-08-15","63000","PUT","1h","2026-08-15 01:00:00","2026-08-15 09:00:00","65.000","65.000","25.000","35.000","9.11","2026-08-15 01:59:59","2026-08-15 09:59:59","286.50000","34","9.04","283.70000"
"all-available","Asia/Taipei","BTCUSDT","BTC-260815-63000-P","2026-08-15","63000","PUT","1h","2026-08-15 02:00:00","2026-08-15 10:00:00","25.000","25.000","15.000","25.000","8.48","2026-08-15 02:59:59","2026-08-15 10:59:59","195.90000","10","8.43","195.15000"
"all-available","Asia/Taipei","BTCUSDT","BTC-260815-63000-P","2026-08-15","63000","PUT","1h","2026-08-15 03:00:00","2026-08-15 11:00:00","15.000","50.000","10.000","40.000","8.56","2026-08-15 03:59:59","2026-08-15 11:59:59","131.00000","17","0.49","19.95000"
"all-available","Asia/Taipei","BTCUSDT","BTC-260815-63000-P","2026-08-15","63000","PUT","1h","2026-08-15 04:00:00","2026-08-15 12:00:00","30.000","35.000","10.000","15.000","9.14","2026-08-15 04:59:59","2026-08-15 12:59:59","210.50000","15","4.60","85.20000"
"all-available","Asia/Taipei","BTCUSDT","BTC-260815-63000-P","2026-08-15","63000","PUT","1h","2026-08-15 05:00:00","2026-08-15 13:00:00","15.000","30.000","15.000","20.000","7.91","2026-08-15 05:59:59","2026-08-15 13:59:59","143.65000","9","0.98","21.90000"
"all-available","Asia/Taipei","BTCUSDT","BTC-260815-63000-P","2026-08-15","63000","PUT","1h","2026-08-15 06:00:00","2026-08-15 14:00:00","20.000","40.000","5.000","5.000","399.04","2026-08-15 06:59:59","2026-08-15 14:59:59","2011.60000","13","0.04","1.60000"
"all-available","Asia/Taipei","BTCUSDT","BTC-260815-63000-P","2026-08-15","63000","PUT","1h","2026-08-15 07:00:00","2026-08-15 15:00:00","5.000","10.000","5.000","5.000","424.29","2026-08-15 07:59:59","2026-08-15 15:59:59","2348.65000","21","1.73","17.25000"
"all-available","Asia/Taipei","BTCUSDT","BTC-260815-63500-C","2026-08-15","63500","CALL","1h","2026-08-12 08:00:00","2026-08-12 16:00:00","825.000","825.000","805.000","805.000","0.15","2026-08-12 08:59:59","2026-08-12 16:59:59","122.00000","4","0.05","40.25000"
"all-available","Asia/Taipei","BTCUSDT","BTC-260815-63500-C","2026-08-15","63500","CALL","1h","2026-08-12 09:00:00","2026-08-12 17:00:00","880.000","880.000","880.000","880.000","0.08","2026-08-12 09:59:59","2026-08-12 17:59:59","70.40000","2","0.00","0.00000"
"all-available","Asia/Taipei","BTCUSDT","BTC-260815-63500-C","2026-08-15","63500","CALL","1h","2026-08-12 10:00:00","2026-08-12 18:00:00","965.000","985.000","965.000","985.000","0.06","2026-08-12 10:59:59","2026-08-12 18:59:59","58.50000","2","0.06","58.50000"
"all-available","Asia/Taipei","BTCUSDT","BTC-260815-63500-C","2026-08-15","63500","CALL","1h","2026-08-12 11:00:00","2026-08-12 19:00:00","1000.000","1005.000","990.000","990.000","0.17","2026-08-12 11:59:59","2026-08-12 19:59:59","169.20000","3","0.17","169.20000"
"all-available","Asia/Taipei","BTCUSDT","BTC-260815-63500-C","2026-08-15","63500","CALL","1h","2026-08-12 12:00:00","2026-08-12 20:00:00","990.000","990.000","990.000","990.000","0.00","2026-08-12 12:59:59","2026-08-12 20:59:59","0.00000","0","0.00","0.00000"
"all-available","Asia/Taipei","BTCUSDT","BTC-260815-63500-C","2026-08-15","63500","CALL","1h","2026-08-12 13:00:00","2026-08-12 21:00:00","935.000","935.000","935.000","935.000","0.50","2026-08-12 13:59:59","2026-08-12 21:59:59","467.50000","1","0.50","467.50000"
"all-available","Asia/Taipei","BTCUSDT","BTC-260815-63500-C","2026-08-15","63500","CALL","1h","2026-08-12 14:00:00","2026-08-12 22:00:00","735.000","735.000","735.000","735.000","4.50","2026-08-12 14:59:59","2026-08-12 22:59:59","3307.50000","4","4.50","3307.50000"
"all-available","Asia/Taipei","BTCUSDT","BTC-260815-63500-C","2026-08-15","63500","CALL","1h","2026-08-12 15:00:00","2026-08-12 23:00:00","600.000","635.000","600.000","605.000","4.44","2026-08-12 15:59:59","2026-08-12 23:59:59","2690.30000","9","4.12","2495.60000"
"all-available","Asia/Taipei","BTCUSDT","BTC-260815-63500-C","2026-08-15","63500","CALL","1h","2026-08-12 16:00:00","2026-08-13 00:00:00","585.000","585.000","585.000","585.000","0.02","2026-08-12 16:59:59","2026-08-13 00:59:59","11.70000","1","0.02","11.70000"
"all-available","Asia/Taipei","BTCUSDT","BTC-260815-63500-C","2026-08-15","63500","CALL","1h","2026-08-12 17:00:00","2026-08-13 01:00:00","585.000","585.000","585.000","585.000","0.00","2026-08-12 17:59:59","2026-08-13 01:59:59","0.00000","0","0.00","0.00000"
"all-available","Asia/Taipei","BTCUSDT","BTC-260815-63500-C","2026-08-15","63500","CALL","1h","2026-08-12 18:00:00","2026-08-13 02:00:00","525.000","525.000","525.000","525.000","0.08","2026-08-12 18:59:59","2026-08-13 02:59:59","42.00000","1","0.08","42.00000"
"all-available","Asia/Taipei","BTCUSDT","BTC-260815-63500-C","2026-08-15","63500","CALL","1h","2026-08-12 19:00:00","2026-08-13 03:00:00","525.000","525.000","525.000","525.000","0.00","2026-08-12 19:59:59","2026-08-13 03:59:59","0.00000","0","0.00","0.00000"
"all-available","Asia/Taipei","BTCUSDT","BTC-260815-63500-C","2026-08-15","63500","CALL","1h","2026-08-12 20:00:00","2026-08-13 04:00:00","535.000","535.000","530.000","530.000","0.44","2026-08-12 20:59:59","2026-08-13 04:59:59","233.70000","2","0.44","233.70000"
"all-available","Asia/Taipei","BTCUSDT","BTC-260815-63500-C","2026-08-15","63500","CALL","1h","2026-08-12 21:00:00","2026-08-13 05:00:00","530.000","530.000","530.000","530.000","0.00","2026-08-12 21:59:59","2026-08-13 05:59:59","0.00000","0","0.00","0.00000"
"all-available","Asia/Taipei","BTCUSDT","BTC-260815-63500-C","2026-08-15","63500","CALL","1h","2026-08-12 22:00:00","2026-08-13 06:00:00","530.000","530.000","530.000","530.000","0.00","2026-08-12 22:59:59","2026-08-13 06:59:59","0.00000","0","0.00","0.00000"
"all-available","Asia/Taipei","BTCUSDT","BTC-260815-63500-C","2026-08-15","63500","CALL","1h","2026-08-12 23:00:00","2026-08-13 07:00:00","530.000","530.000","530.000","530.000","0.00","2026-08-12 23:59:59","2026-08-13 07:59:59","0.00000","0","0.00","0.00000"
"all-available","Asia/Taipei","BTCUSDT","BTC-260815-63500-C","2026-08-15","63500","CALL","1h","2026-08-13 00:00:00","2026-08-13 08:00:00","530.000","530.000","530.000","530.000","0.00","2026-08-13 00:59:59","2026-08-13 08:59:59","0.00000","0","0.00","0.00000"
"all-available","Asia/Taipei","BTCUSDT","BTC-260815-63500-C","2026-08-15","63500","CALL","1h","2026-08-13 01:00:00","2026-08-13 09:00:00","510.000","510.000","510.000","510.000","0.02","2026-08-13 01:59:59","2026-08-13 09:59:59","10.20000","2","0.02","10.20000"
"all-available","Asia/Taipei","BTCUSDT","BTC-260815-63500-C","2026-08-15","63500","CALL","1h","2026-08-13 02:00:00","2026-08-13 10:00:00","485.000","485.000","485.000","485.000","0.01","2026-08-13 02:59:59","2026-08-13 10:59:59","4.85000","1","0.00","0.00000"
"all-available","Asia/Taipei","BTCUSDT","BTC-260815-63500-C","2026-08-15","63500","CALL","1h","2026-08-13 03:00:00","2026-08-13 11:00:00","570.000","595.000","570.000","595.000","0.58","2026-08-13 03:59:59","2026-08-13 11:59:59","332.60000","2","0.58","332.60000"
"all-available","Asia/Taipei","BTCUSDT","BTC-260815-63500-C","2026-08-15","63500","CALL","1h","2026-08-13 04:00:00","2026-08-13 12:00:00","595.000","595.000","595.000","595.000","0.00","2026-08-13 04:59:59","2026-08-13 12:59:59","0.00000","0","0.00","0.00000"
"all-available","Asia/Taipei","BTCUSDT","BTC-260815-63500-C","2026-08-15","63500","CALL","1h","2026-08-13 05:00:00","2026-08-13 13:00:00","750.000","750.000","750.000","750.000","0.06","2026-08-13 05:59:59","2026-08-13 13:59:59","45.00000","1","0.06","45.00000"
"all-available","Asia/Taipei","BTCUSDT","BTC-260815-63500-C","2026-08-15","63500","CALL","1h","2026-08-13 06:00:00","2026-08-13 14:00:00","600.000","600.000","600.000","600.000","0.02","2026-08-13 06:59:59","2026-08-13 14:59:59","12.00000","1","0.00","0.00000"
"all-available","Asia/Taipei","BTCUSDT","BTC-260815-63500-C","2026-08-15","63500","CALL","1h","2026-08-13 07:00:00","2026-08-13 15:00:00","600.000","600.000","600.000","600.000","0.00","2026-08-13 07:59:59","2026-08-13 15:59:59","0.00000","0","0.00","0.00000"
"all-available","Asia/Taipei","BTCUSDT","BTC-260815-63500-C","2026-08-15","63500","CALL","1h","2026-08-13 08:00:00","2026-08-13 16:00:00","600.000","600.000","600.000","600.000","0.00","2026-08-13 08:59:59","2026-08-13 16:59:59","0.00000","0","0.00","0.00000"
"all-available","Asia/Taipei","BTCUSDT","BTC-260815-63500-C","2026-08-15","63500","CALL","1h","2026-08-13 09:00:00","2026-08-13 17:00:00","625.000","625.000","625.000","625.000","0.02","2026-08-13 09:59:59","2026-08-13 17:59:59","12.50000","1","0.02","12.50000"
"all-available","Asia/Taipei","BTCUSDT","BTC-260815-63500-C","2026-08-15","63500","CALL","1h","2026-08-13 10:00:00","2026-08-13 18:00:00","575.000","575.000","530.000","530.000","3.44","2026-08-13 10:59:59","2026-08-13 18:59:59","1932.20000","5","0.00","0.00000"
"all-available","Asia/Taipei","BTCUSDT","BTC-260815-63500-C","2026-08-15","63500","CALL","1h","2026-08-13 11:00:00","2026-08-13 19:00:00","465.000","485.000","450.000","485.000","0.14","2026-08-13 11:59:59","2026-08-13 19:59:59","65.20000","3","0.02","9.70000"
"all-available","Asia/Taipei","BTCUSDT","BTC-260815-63500-C","2026-08-15","63500","CALL","1h","2026-08-13 12:00:00","2026-08-13 20:00:00","480.000","560.000","480.000","550.000","1.24","2026-08-13 12:59:59","2026-08-13 20:59:59","621.50000","6","1.23","616.00000"
"all-available","Asia/Taipei","BTCUSDT","BTC-260815-63500-C","2026-08-15","63500","CALL","1h","2026-08-13 13:00:00","2026-08-13 21:00:00","515.000","595.000","515.000","595.000","0.26","2026-08-13 13:59:59","2026-08-13 21:59:59","147.50000","3","0.00","0.00000"
"all-available","Asia/Taipei","BTCUSDT","BTC-260815-63500-C","2026-08-15","63500","CALL","1h","2026-08-13 14:00:00","2026-08-13 22:00:00","645.000","740.000","645.000","740.000","0.22","2026-08-13 14:59:59","2026-08-13 22:59:59","143.80000","2","0.22","143.80000"
"all-available","Asia/Taipei","BTCUSDT","BTC-260815-63500-C","2026-08-15","63500","CALL","1h","2026-08-13 15:00:00","2026-08-13 23:00:00","740.000","740.000","740.000","740.000","0.00","2026-08-13 15:59:59","2026-08-13 23:59:59","0.00000","0","0.00","0.00000"
"all-available","Asia/Taipei","BTCUSDT","BTC-260815-63500-C","2026-08-15","63500","CALL","1h","2026-08-13 16:00:00","2026-08-14 00:00:00","435.000","435.000","225.000","265.000","12.38","2026-08-13 16:59:59","2026-08-14 00:59:59","4336.60000","22","5.24","1593.30000"
"all-available","Asia/Taipei","BTCUSDT","BTC-260815-63500-C","2026-08-15","63500","CALL","1h","2026-08-13 17:00:00","2026-08-14 01:00:00","265.000","320.000","265.000","275.000","1.37","2026-08-13 17:59:59","2026-08-14 01:59:59","382.40000","5","1.02","281.40000"
"all-available","Asia/Taipei","BTCUSDT","BTC-260815-63500-C","2026-08-15","63500","CALL","1h","2026-08-13 18:00:00","2026-08-14 02:00:00","260.000","330.000","260.000","330.000","1.10","2026-08-13 18:59:59","2026-08-14 02:59:59","318.75000","8","1.10","318.75000"
"all-available","Asia/Taipei","BTCUSDT","BTC-260815-63500-C","2026-08-15","63500","CALL","1h","2026-08-13 19:00:00","2026-08-14 03:00:00","340.000","360.000","340.000","360.000","3.86","2026-08-13 19:59:59","2026-08-14 03:59:59","1364.15000","8","3.86","1364.15000"
"all-available","Asia/Taipei","BTCUSDT","BTC-260815-63500-C","2026-08-15","63500","CALL","1h","2026-08-13 20:00:00","2026-08-14 04:00:00","360.000","360.000","360.000","360.000","0.00","2026-08-13 20:59:59","2026-08-14 04:59:59","0.00000","0","0.00","0.00000"
"all-available","Asia/Taipei","BTCUSDT","BTC-260815-63500-C","2026-08-15","63500","CALL","1h","2026-08-13 21:00:00","2026-08-14 05:00:00","365.000","365.000","365.000","365.000","0.50","2026-08-13 21:59:59","2026-08-14 05:59:59","182.50000","1","0.00","0.00000"
"all-available","Asia/Taipei","BTCUSDT","BTC-260815-63500-C","2026-08-15","63500","CALL","1h","2026-08-13 22:00:00","2026-08-14 06:00:00","445.000","445.000","445.000","445.000","2.86","2026-08-13 22:59:59","2026-08-14 06:59:59","1272.70000","2","0.00","0.00000"
"all-available","Asia/Taipei","BTCUSDT","BTC-260815-63500-C","2026-08-15","63500","CALL","1h","2026-08-13 23:00:00","2026-08-14 07:00:00","345.000","345.000","345.000","345.000","0.08","2026-08-13 23:59:59","2026-08-14 07:59:59","27.60000","2","0.08","27.60000"
"all-available","Asia/Taipei","BTCUSDT","BTC-260815-63500-C","2026-08-15","63500","CALL","1h","2026-08-14 00:00:00","2026-08-14 08:00:00","325.000","325.000","325.000","325.000","0.03","2026-08-14 00:59:59","2026-08-14 08:59:59","9.75000","2","0.03","9.75000"
"all-available","Asia/Taipei","BTCUSDT","BTC-260815-63500-C","2026-08-15","63500","CALL","1h","2026-08-14 01:00:00","2026-08-14 09:00:00","380.000","380.000","340.000","370.000","1.09","2026-08-14 01:59:59","2026-08-14 09:59:59","387.90000","8","0.67","231.60000"
"all-available","Asia/Taipei","BTCUSDT","BTC-260815-63500-C","2026-08-15","63500","CALL","1h","2026-08-14 02:00:00","2026-08-14 10:00:00","370.000","370.000","370.000","370.000","0.00","2026-08-14 02:59:59","2026-08-14 10:59:59","0.00000","0","0.00","0.00000"
"all-available","Asia/Taipei","BTCUSDT","BTC-260815-63500-C","2026-08-15","63500","CALL","1h","2026-08-14 03:00:00","2026-08-14 11:00:00","370.000","370.000","370.000","370.000","0.00","2026-08-14 03:59:59","2026-08-14 11:59:59","0.00000","0","0.00","0.00000"
"all-available","Asia/Taipei","BTCUSDT","BTC-260815-63500-C","2026-08-15","63500","CALL","1h","2026-08-14 04:00:00","2026-08-14 12:00:00","285.000","285.000","285.000","285.000","0.02","2026-08-14 04:59:59","2026-08-14 12:59:59","5.70000","1","0.02","5.70000"
"all-available","Asia/Taipei","BTCUSDT","BTC-260815-63500-C","2026-08-15","63500","CALL","1h","2026-08-14 05:00:00","2026-08-14 13:00:00","245.000","250.000","245.000","250.000","0.06","2026-08-14 05:59:59","2026-08-14 13:59:59","14.80000","2","0.04","9.80000"
"all-available","Asia/Taipei","BTCUSDT","BTC-260815-63500-C","2026-08-15","63500","CALL","1h","2026-08-14 06:00:00","2026-08-14 14:00:00","205.000","205.000","135.000","145.000","65.29","2026-08-14 06:59:59","2026-08-14 14:59:59","9074.45000","42","63.69","8800.90000"
"all-available","Asia/Taipei","BTCUSDT","BTC-260815-63500-C","2026-08-15","63500","CALL","1h","2026-08-14 07:00:00","2026-08-14 15:00:00","150.000","155.000","145.000","145.000","12.97","2026-08-14 07:59:59","2026-08-14 15:59:59","1889.45000","16","2.89","427.80000"
"all-available","Asia/Taipei","BTCUSDT","BTC-260815-63500-C","2026-08-15","63500","CALL","1h","2026-08-14 08:00:00","2026-08-14 16:00:00","145.000","145.000","95.000","110.000","5.55","2026-08-14 08:59:59","2026-08-14 16:59:59","633.20000","28","4.46","499.95000"
"all-available","Asia/Taipei","BTCUSDT","BTC-260815-63500-C","2026-08-15","63500","CALL","1h","2026-08-14 09:00:00","2026-08-14 17:00:00","100.000","100.000","70.000","75.000","75.65","2026-08-14 09:59:59","2026-08-14 17:59:59","5406.55000","30","10.33","816.05000"
"all-available","Asia/Taipei","BTCUSDT","BTC-260815-63500-C","2026-08-15","63500","CALL","1h","2026-08-14 10:00:00","2026-08-14 18:00:00","75.000","90.000","75.000","85.000","9.04","2026-08-14 10:59:59","2026-08-14 18:59:59","714.70000","14","9.03","713.85000"
"all-available","Asia/Taipei","BTCUSDT","BTC-260815-63500-C","2026-08-15","63500","CALL","1h","2026-08-14 11:00:00","2026-08-14 19:00:00","85.000","90.000","85.000","90.000","0.66","2026-08-14 11:59:59","2026-08-14 19:59:59","56.90000","6","0.66","56.90000"
"all-available","Asia/Taipei","BTCUSDT","BTC-260815-63500-C","2026-08-15","63500","CALL","1h","2026-08-14 12:00:00","2026-08-14 20:00:00","80.000","80.000","60.000","60.000","6.66","2026-08-14 12:59:59","2026-08-14 20:59:59","505.60000","13","1.52","119.55000"
"all-available","Asia/Taipei","BTCUSDT","BTC-260815-63500-C","2026-08-15","63500","CALL","1h","2026-08-14 13:00:00","2026-08-14 21:00:00","60.000","75.000","55.000","55.000","6.52","2026-08-14 13:59:59","2026-08-14 21:59:59","396.90000","25","4.47","267.85000"
"all-available","Asia/Taipei","BTCUSDT","BTC-260815-63500-C","2026-08-15","63500","CALL","1h","2026-08-14 14:00:00","2026-08-14 22:00:00","55.000","55.000","25.000","25.000","10.16","2026-08-14 14:59:59","2026-08-14 22:59:59","400.70000","34","5.16","222.90000"
"all-available","Asia/Taipei","BTCUSDT","BTC-260815-63500-C","2026-08-15","63500","CALL","1h","2026-08-14 15:00:00","2026-08-14 23:00:00","35.000","70.000","35.000","60.000","8.54","2026-08-14 15:59:59","2026-08-14 23:59:59","383.75000","30","5.70","262.80000"
"all-available","Asia/Taipei","BTCUSDT","BTC-260815-63500-C","2026-08-15","63500","CALL","1h","2026-08-14 16:00:00","2026-08-15 00:00:00","55.000","85.000","50.000","65.000","12.41","2026-08-14 16:59:59","2026-08-15 00:59:59","791.75000","43","1.69","103.60000"
"all-available","Asia/Taipei","BTCUSDT","BTC-260815-63500-C","2026-08-15","63500","CALL","1h","2026-08-14 17:00:00","2026-08-15 01:00:00","65.000","65.000","30.000","30.000","7.66","2026-08-14 17:59:59","2026-08-15 01:59:59","338.05000","18","2.83","127.10000"
"all-available","Asia/Taipei","BTCUSDT","BTC-260815-63500-C","2026-08-15","63500","CALL","1h","2026-08-14 18:00:00","2026-08-15 02:00:00","25.000","25.000","10.000","10.000","46.76","2026-08-14 18:59:59","2026-08-15 02:59:59","889.55000","35","35.70","692.30000"
"all-available","Asia/Taipei","BTCUSDT","BTC-260815-63500-C","2026-08-15","63500","CALL","1h","2026-08-14 19:00:00","2026-08-15 03:00:00","10.000","10.000","10.000","10.000","24.18","2026-08-14 19:59:59","2026-08-15 03:59:59","241.80000","75","12.63","126.30000"
"all-available","Asia/Taipei","BTCUSDT","BTC-260815-63500-C","2026-08-15","63500","CALL","1h","2026-08-14 20:00:00","2026-08-15 04:00:00","10.000","10.000","5.000","10.000","7.01","2026-08-14 20:59:59","2026-08-15 04:59:59","59.20000","16","3.29","32.90000"
"all-available","Asia/Taipei","BTCUSDT","BTC-260815-63500-C","2026-08-15","63500","CALL","1h","2026-08-14 21:00:00","2026-08-15 05:00:00","10.000","10.000","5.000","10.000","26.70","2026-08-14 21:59:59","2026-08-15 05:59:59","215.30000","17","21.71","190.35000"
"all-available","Asia/Taipei","BTCUSDT","BTC-260815-63500-C","2026-08-15","63500","CALL","1h","2026-08-14 22:00:00","2026-08-15 06:00:00","5.000","5.000","5.000","5.000","24.89","2026-08-14 22:59:59","2026-08-15 06:59:59","124.45000","15","23.00","115.00000"
"all-available","Asia/Taipei","BTCUSDT","BTC-260815-63500-C","2026-08-15","63500","CALL","1h","2026-08-14 23:00:00","2026-08-15 07:00:00","5.000","5.000","5.000","5.000","15.87","2026-08-14 23:59:59","2026-08-15 07:59:59","79.35000","19","15.81","79.05000"
"all-available","Asia/Taipei","BTCUSDT","BTC-260815-63500-C","2026-08-15","63500","CALL","1h","2026-08-15 00:00:00","2026-08-15 08:00:00","5.000","5.000","5.000","5.000","11.76","2026-08-15 00:59:59","2026-08-15 08:59:59","58.80000","10","11.76","58.80000"
"all-available","Asia/Taipei","BTCUSDT","BTC-260815-63500-C","2026-08-15","63500","CALL","1h","2026-08-15 01:00:00","2026-08-15 09:00:00","5.000","5.000","5.000","5.000","6.55","2026-08-15 01:59:59","2026-08-15 09:59:59","32.75000","5","6.55","32.75000"
"all-available","Asia/Taipei","BTCUSDT","BTC-260815-63500-C","2026-08-15","63500","CALL","1h","2026-08-15 02:00:00","2026-08-15 10:00:00","5.000","5.000","5.000","5.000","1.69","2026-08-15 02:59:59","2026-08-15 10:59:59","8.45000","4","1.69","8.45000"
"all-available","Asia/Taipei","BTCUSDT","BTC-260815-63500-C","2026-08-15","63500","CALL","1h","2026-08-15 03:00:00","2026-08-15 11:00:00","5.000","10.000","5.000","10.000","1.09","2026-08-15 03:59:59","2026-08-15 11:59:59","5.90000","2","0.09","0.90000"
"all-available","Asia/Taipei","BTCUSDT","BTC-260815-63500-C","2026-08-15","63500","CALL","1h","2026-08-15 04:00:00","2026-08-15 12:00:00","5.000","5.000","5.000","5.000","8.64","2026-08-15 04:59:59","2026-08-15 12:59:59","43.20000","5","8.64","43.20000"
"all-available","Asia/Taipei","BTCUSDT","BTC-260815-63500-C","2026-08-15","63500","CALL","1h","2026-08-15 05:00:00","2026-08-15 13:00:00","5.000","5.000","5.000","5.000","7.10","2026-08-15 05:59:59","2026-08-15 13:59:59","35.50000","3","7.10","35.50000"
"all-available","Asia/Taipei","BTCUSDT","BTC-260815-63500-C","2026-08-15","63500","CALL","1h","2026-08-15 06:00:00","2026-08-15 14:00:00","5.000","5.000","5.000","5.000","0.00","2026-08-15 06:59:59","2026-08-15 14:59:59","0.00000","0","0.00","0.00000"
"all-available","Asia/Taipei","BTCUSDT","BTC-260815-63500-C","2026-08-15","63500","CALL","1h","2026-08-15 07:00:00","2026-08-15 15:00:00","5.000","5.000","5.000","5.000","36.36","2026-08-15 07:59:59","2026-08-15 15:59:59","181.80000","1","36.36","181.80000"
"all-available","Asia/Taipei","BTCUSDT","BTC-260815-63500-P","2026-08-15","63500","PUT","1h","2026-08-12 11:00:00","2026-08-12 19:00:00","350.000","350.000","350.000","350.000","0.51","2026-08-12 11:59:59","2026-08-12 19:59:59","178.50000","2","0.00","0.00000"
"all-available","Asia/Taipei","BTCUSDT","BTC-260815-63500-P","2026-08-15","63500","PUT","1h","2026-08-12 12:00:00","2026-08-12 20:00:00","350.000","415.000","350.000","365.000","8.75","2026-08-12 12:59:59","2026-08-12 20:59:59","3269.30000","10","8.14","3035.30000"
"all-available","Asia/Taipei","BTCUSDT","BTC-260815-63500-P","2026-08-15","63500","PUT","1h","2026-08-12 13:00:00","2026-08-12 21:00:00","445.000","445.000","445.000","445.000","0.03","2026-08-12 13:59:59","2026-08-12 21:59:59","13.35000","1","0.00","0.00000"
"all-available","Asia/Taipei","BTCUSDT","BTC-260815-63500-P","2026-08-15","63500","PUT","1h","2026-08-12 14:00:00","2026-08-12 22:00:00","505.000","620.000","460.000","620.000","2.20","2026-08-12 14:59:59","2026-08-12 22:59:59","1210.70000","8","0.03","14.25000"
"all-available","Asia/Taipei","BTCUSDT","BTC-260815-63500-P","2026-08-15","63500","PUT","1h","2026-08-12 15:00:00","2026-08-12 23:00:00","695.000","695.000","570.000","570.000","0.69","2026-08-12 15:59:59","2026-08-12 23:59:59","467.50000","5","0.10","63.75000"
"all-available","Asia/Taipei","BTCUSDT","BTC-260815-63500-P","2026-08-15","63500","PUT","1h","2026-08-12 16:00:00","2026-08-13 00:00:00","570.000","570.000","570.000","570.000","0.00","2026-08-12 16:59:59","2026-08-13 00:59:59","0.00000","0","0.00","0.00000"
"all-available","Asia/Taipei","BTCUSDT","BTC-260815-63500-P","2026-08-15","63500","PUT","1h","2026-08-12 17:00:00","2026-08-13 01:00:00","570.000","570.000","570.000","570.000","0.00","2026-08-12 17:59:59","2026-08-13 01:59:59","0.00000","0","0.00","0.00000"
"all-available","Asia/Taipei","BTCUSDT","BTC-260815-63500-P","2026-08-15","63500","PUT","1h","2026-08-12 18:00:00","2026-08-13 02:00:00","570.000","570.000","545.000","545.000","0.41","2026-08-12 18:59:59","2026-08-13 02:59:59","225.95000","3","0.31","168.95000"
"all-available","Asia/Taipei","BTCUSDT","BTC-260815-63500-P","2026-08-15","63500","PUT","1h","2026-08-12 19:00:00","2026-08-13 03:00:00","545.000","545.000","545.000","545.000","0.00","2026-08-12 19:59:59","2026-08-13 03:59:59","0.00000","0","0.00","0.00000"
"all-available","Asia/Taipei","BTCUSDT","BTC-260815-63500-P","2026-08-15","63500","PUT","1h","2026-08-12 20:00:00","2026-08-13 04:00:00","545.000","545.000","545.000","545.000","0.00","2026-08-12 20:59:59","2026-08-13 04:59:59","0.00000","0","0.00","0.00000"
"all-available","Asia/Taipei","BTCUSDT","BTC-260815-63500-P","2026-08-15","63500","PUT","1h","2026-08-12 21:00:00","2026-08-13 05:00:00","545.000","545.000","545.000","545.000","0.00","2026-08-12 21:59:59","2026-08-13 05:59:59","0.00000","0","0.00","0.00000"
"all-available","Asia/Taipei","BTCUSDT","BTC-260815-63500-P","2026-08-15","63500","PUT","1h","2026-08-12 22:00:00","2026-08-13 06:00:00","545.000","545.000","545.000","545.000","0.00","2026-08-12 22:59:59","2026-08-13 06:59:59","0.00000","0","0.00","0.00000"
"all-available","Asia/Taipei","BTCUSDT","BTC-260815-63500-P","2026-08-15","63500","PUT","1h","2026-08-12 23:00:00","2026-08-13 07:00:00","555.000","555.000","555.000","555.000","0.03","2026-08-12 23:59:59","2026-08-13 07:59:59","16.65000","1","0.03","16.65000"
"all-available","Asia/Taipei","BTCUSDT","BTC-260815-63500-P","2026-08-15","63500","PUT","1h","2026-08-13 00:00:00","2026-08-13 08:00:00","520.000","520.000","520.000","520.000","0.28","2026-08-13 00:59:59","2026-08-13 08:59:59","145.60000","1","0.28","145.60000"
"all-available","Asia/Taipei","BTCUSDT","BTC-260815-63500-P","2026-08-15","63500","PUT","1h","2026-08-13 01:00:00","2026-08-13 09:00:00","535.000","535.000","535.000","535.000","0.01","2026-08-13 01:59:59","2026-08-13 09:59:59","5.35000","1","0.00","0.00000"
"all-available","Asia/Taipei","BTCUSDT","BTC-260815-63500-P","2026-08-15","63500","PUT","1h","2026-08-13 02:00:00","2026-08-13 10:00:00","535.000","535.000","535.000","535.000","0.00","2026-08-13 02:59:59","2026-08-13 10:59:59","0.00000","0","0.00","0.00000"
"all-available","Asia/Taipei","BTCUSDT","BTC-260815-63500-P","2026-08-15","63500","PUT","1h","2026-08-13 03:00:00","2026-08-13 11:00:00","415.000","415.000","415.000","415.000","2.60","2026-08-13 03:59:59","2026-08-13 11:59:59","1079.00000","1","2.60","1079.00000"
"all-available","Asia/Taipei","BTCUSDT","BTC-260815-63500-P","2026-08-15","63500","PUT","1h","2026-08-13 04:00:00","2026-08-13 12:00:00","415.000","415.000","415.000","415.000","0.00","2026-08-13 04:59:59","2026-08-13 12:59:59","0.00000","0","0.00","0.00000"
"all-available","Asia/Taipei","BTCUSDT","BTC-260815-63500-P","2026-08-15","63500","PUT","1h","2026-08-13 05:00:00","2026-08-13 13:00:00","290.000","290.000","290.000","290.000","0.11","2026-08-13 05:59:59","2026-08-13 13:59:59","31.90000","2","0.10","29.00000"
"all-available","Asia/Taipei","BTCUSDT","BTC-260815-63500-P","2026-08-15","63500","PUT","1h","2026-08-13 06:00:00","2026-08-13 14:00:00","290.000","290.000","290.000","290.000","0.07","2026-08-13 06:59:59","2026-08-13 14:59:59","20.30000","1","0.00","0.00000"
"all-available","Asia/Taipei","BTCUSDT","BTC-260815-63500-P","2026-08-15","63500","PUT","1h","2026-08-13 07:00:00","2026-08-13 15:00:00","290.000","290.000","290.000","290.000","0.00","2026-08-13 07:59:59","2026-08-13 15:59:59","0.00000","0","0.00","0.00000"
"all-available","Asia/Taipei","BTCUSDT","BTC-260815-63500-P","2026-08-15","63500","PUT","1h","2026-08-13 08:00:00","2026-08-13 16:00:00","305.000","315.000","305.000","315.000","2.84","2026-08-13 08:59:59","2026-08-13 16:59:59","887.60000","3","2.84","887.60000"
"all-available","Asia/Taipei","BTCUSDT","BTC-260815-63500-P","2026-08-15","63500","PUT","1h","2026-08-13 09:00:00","2026-08-13 17:00:00","330.000","350.000","330.000","350.000","2.80","2026-08-13 09:59:59","2026-08-13 17:59:59","965.50000","6","2.70","932.50000"
"all-available","Asia/Taipei","BTCUSDT","BTC-260815-63500-P","2026-08-15","63500","PUT","1h","2026-08-13 10:00:00","2026-08-13 18:00:00","355.000","380.000","355.000","380.000","1.31","2026-08-13 10:59:59","2026-08-13 18:59:59","466.95000","5","1.17","415.35000"
"all-available","Asia/Taipei","BTCUSDT","BTC-260815-63500-P","2026-08-15","63500","PUT","1h","2026-08-13 11:00:00","2026-08-13 19:00:00","390.000","550.000","390.000","475.000","6.22","2026-08-13 11:59:59","2026-08-13 19:59:59","3178.15000","12","0.12","48.15000"
"all-available","Asia/Taipei","BTCUSDT","BTC-260815-63500-P","2026-08-15","63500","PUT","1h","2026-08-13 12:00:00","2026-08-13 20:00:00","480.000","480.000","365.000","365.000","2.02","2026-08-13 12:59:59","2026-08-13 20:59:59","850.15000","14","1.26","517.15000"
"all-available","Asia/Taipei","BTCUSDT","BTC-260815-63500-P","2026-08-15","63500","PUT","1h","2026-08-13 13:00:00","2026-08-13 21:00:00","335.000","395.000","290.000","325.000","1.77","2026-08-13 13:59:59","2026-08-13 21:59:59","580.60000","5","1.01","328.95000"
"all-available","Asia/Taipei","BTCUSDT","BTC-260815-63500-P","2026-08-15","63500","PUT","1h","2026-08-13 14:00:00","2026-08-13 22:00:00","290.000","290.000","265.000","265.000","0.28","2026-08-13 14:59:59","2026-08-13 22:59:59","80.95000","2","0.01","2.65000"
"all-available","Asia/Taipei","BTCUSDT","BTC-260815-63500-P","2026-08-15","63500","PUT","1h","2026-08-13 15:00:00","2026-08-13 23:00:00","260.000","430.000","260.000","430.000","1.04","2026-08-13 15:59:59","2026-08-13 23:59:59","332.50000","14","0.75","257.10000"
"all-available","Asia/Taipei","BTCUSDT","BTC-260815-63500-P","2026-08-15","63500","PUT","1h","2026-08-13 16:00:00","2026-08-14 00:00:00","465.000","585.000","425.000","585.000","7.87","2026-08-13 16:59:59","2026-08-14 00:59:59","4160.60000","12","7.86","4156.35000"
"all-available","Asia/Taipei","BTCUSDT","BTC-260815-63500-P","2026-08-15","63500","PUT","1h","2026-08-13 17:00:00","2026-08-14 01:00:00","520.000","530.000","520.000","530.000","4.20","2026-08-13 17:59:59","2026-08-14 01:59:59","2186.00000","2","0.00","0.00000"
"all-available","Asia/Taipei","BTCUSDT","BTC-260815-63500-P","2026-08-15","63500","PUT","1h","2026-08-13 18:00:00","2026-08-14 02:00:00","530.000","530.000","530.000","530.000","0.00","2026-08-13 18:59:59","2026-08-14 02:59:59","0.00000","0","0.00","0.00000"
"all-available","Asia/Taipei","BTCUSDT","BTC-260815-63500-P","2026-08-15","63500","PUT","1h","2026-08-13 19:00:00","2026-08-14 03:00:00","530.000","530.000","530.000","530.000","0.00","2026-08-13 19:59:59","2026-08-14 03:59:59","0.00000","0","0.00","0.00000"
"all-available","Asia/Taipei","BTCUSDT","BTC-260815-63500-P","2026-08-15","63500","PUT","1h","2026-08-13 20:00:00","2026-08-14 04:00:00","530.000","530.000","530.000","530.000","0.00","2026-08-13 20:59:59","2026-08-14 04:59:59","0.00000","0","0.00","0.00000"
"all-available","Asia/Taipei","BTCUSDT","BTC-260815-63500-P","2026-08-15","63500","PUT","1h","2026-08-13 21:00:00","2026-08-14 05:00:00","380.000","380.000","380.000","380.000","0.03","2026-08-13 21:59:59","2026-08-14 05:59:59","11.40000","1","0.00","0.00000"
"all-available","Asia/Taipei","BTCUSDT","BTC-260815-63500-P","2026-08-15","63500","PUT","1h","2026-08-13 22:00:00","2026-08-14 06:00:00","325.000","325.000","325.000","325.000","0.01","2026-08-13 22:59:59","2026-08-14 06:59:59","3.25000","1","0.01","3.25000"
"all-available","Asia/Taipei","BTCUSDT","BTC-260815-63500-P","2026-08-15","63500","PUT","1h","2026-08-13 23:00:00","2026-08-14 07:00:00","325.000","365.000","325.000","365.000","4.10","2026-08-13 23:59:59","2026-08-14 07:59:59","1492.50000","9","0.10","32.50000"
"all-available","Asia/Taipei","BTCUSDT","BTC-260815-63500-P","2026-08-15","63500","PUT","1h","2026-08-14 00:00:00","2026-08-14 08:00:00","350.000","375.000","350.000","375.000","2.01","2026-08-14 00:59:59","2026-08-14 08:59:59","753.50000","7","0.01","3.50000"
"all-available","Asia/Taipei","BTCUSDT","BTC-260815-63500-P","2026-08-15","63500","PUT","1h","2026-08-14 01:00:00","2026-08-14 09:00:00","295.000","330.000","280.000","280.000","8.14","2026-08-14 01:59:59","2026-08-14 09:59:59","2589.45000","14","3.63","1107.15000"
"all-available","Asia/Taipei","BTCUSDT","BTC-260815-63500-P","2026-08-15","63500","PUT","1h","2026-08-14 02:00:00","2026-08-14 10:00:00","290.000","315.000","285.000","305.000","0.25","2026-08-14 02:59:59","2026-08-14 10:59:59","73.35000","4","0.25","73.35000"
"all-available","Asia/Taipei","BTCUSDT","BTC-260815-63500-P","2026-08-15","63500","PUT","1h","2026-08-14 03:00:00","2026-08-14 11:00:00","335.000","335.000","280.000","280.000","3.01","2026-08-14 03:59:59","2026-08-14 11:59:59","845.00000","3","3.01","845.00000"
"all-available","Asia/Taipei","BTCUSDT","BTC-260815-63500-P","2026-08-15","63500","PUT","1h","2026-08-14 04:00:00","2026-08-14 12:00:00","355.000","355.000","355.000","355.000","0.02","2026-08-14 04:59:59","2026-08-14 12:59:59","7.10000","1","0.02","7.10000"
"all-available","Asia/Taipei","BTCUSDT","BTC-260815-63500-P","2026-08-15","63500","PUT","1h","2026-08-14 05:00:00","2026-08-14 13:00:00","385.000","385.000","380.000","380.000","3.90","2026-08-14 05:59:59","2026-08-14 13:59:59","1500.10000","8","0.86","329.75000"
"all-available","Asia/Taipei","BTCUSDT","BTC-260815-63500-P","2026-08-15","63500","PUT","1h","2026-08-14 06:00:00","2026-08-14 14:00:00","450.000","560.000","450.000","560.000","0.03","2026-08-14 06:59:59","2026-08-14 14:59:59","15.70000","2","0.02","11.20000"
"all-available","Asia/Taipei","BTCUSDT","BTC-260815-63500-P","2026-08-15","63500","PUT","1h","2026-08-14 07:00:00","2026-08-14 15:00:00","630.000","630.000","570.000","585.000","0.49","2026-08-14 07:59:59","2026-08-14 15:59:59","283.20000","4","0.47","270.90000"
"all-available","Asia/Taipei","BTCUSDT","BTC-260815-63500-P","2026-08-15","63500","PUT","1h","2026-08-14 08:00:00","2026-08-14 16:00:00","750.000","750.000","670.000","670.000","1.02","2026-08-14 08:59:59","2026-08-14 16:59:59","684.20000","3","1.02","684.20000"
"all-available","Asia/Taipei","BTCUSDT","BTC-260815-63500-P","2026-08-15","63500","PUT","1h","2026-08-14 09:00:00","2026-08-14 17:00:00","675.000","675.000","675.000","675.000","0.11","2026-08-14 09:59:59","2026-08-14 17:59:59","74.25000","1","0.11","74.25000"
"all-available","Asia/Taipei","BTCUSDT","BTC-260815-63500-P","2026-08-15","63500","PUT","1h","2026-08-14 10:00:00","2026-08-14 18:00:00","675.000","675.000","675.000","675.000","0.00","2026-08-14 10:59:59","2026-08-14 18:59:59","0.00000","0","0.00","0.00000"
"all-available","Asia/Taipei","BTCUSDT","BTC-260815-63500-P","2026-08-15","63500","PUT","1h","2026-08-14 11:00:00","2026-08-14 19:00:00","685.000","685.000","685.000","685.000","0.01","2026-08-14 11:59:59","2026-08-14 19:59:59","6.85000","1","0.01","6.85000"
"all-available","Asia/Taipei","BTCUSDT","BTC-260815-63500-P","2026-08-15","63500","PUT","1h","2026-08-14 12:00:00","2026-08-14 20:00:00","685.000","685.000","685.000","685.000","0.00","2026-08-14 12:59:59","2026-08-14 20:59:59","0.00000","0","0.00","0.00000"
"all-available","Asia/Taipei","BTCUSDT","BTC-260815-63500-P","2026-08-15","63500","PUT","1h","2026-08-14 13:00:00","2026-08-14 21:00:00","825.000","825.000","825.000","825.000","0.20","2026-08-14 13:59:59","2026-08-14 21:59:59","165.00000","1","0.20","165.00000"
"all-available","Asia/Taipei","BTCUSDT","BTC-260815-63500-P","2026-08-15","63500","PUT","1h","2026-08-14 14:00:00","2026-08-14 22:00:00","780.000","780.000","780.000","780.000","0.01","2026-08-14 14:59:59","2026-08-14 22:59:59","7.80000","1","0.01","7.80000"
"all-available","Asia/Taipei","BTCUSDT","BTC-260815-63500-P","2026-08-15","63500","PUT","1h","2026-08-14 15:00:00","2026-08-14 23:00:00","780.000","780.000","780.000","780.000","0.00","2026-08-14 15:59:59","2026-08-14 23:59:59","0.00000","0","0.00","0.00000"
"all-available","Asia/Taipei","BTCUSDT","BTC-260815-63500-P","2026-08-15","63500","PUT","1h","2026-08-14 16:00:00","2026-08-15 00:00:00","440.000","440.000","440.000","440.000","0.84","2026-08-14 16:59:59","2026-08-15 00:59:59","369.60000","1","0.00","0.00000"
"all-available","Asia/Taipei","BTCUSDT","BTC-260815-63500-P","2026-08-15","63500","PUT","1h","2026-08-14 17:00:00","2026-08-15 01:00:00","440.000","440.000","440.000","440.000","0.90","2026-08-14 17:59:59","2026-08-15 01:59:59","396.00000","1","0.00","0.00000"
"all-available","Asia/Taipei","BTCUSDT","BTC-260815-63500-P","2026-08-15","63500","PUT","1h","2026-08-14 18:00:00","2026-08-15 02:00:00","440.000","440.000","440.000","440.000","0.00","2026-08-14 18:59:59","2026-08-15 02:59:59","0.00000","0","0.00","0.00000"
"all-available","Asia/Taipei","BTCUSDT","BTC-260815-63500-P","2026-08-15","63500","PUT","1h","2026-08-14 19:00:00","2026-08-15 03:00:00","640.000","640.000","640.000","640.000","0.84","2026-08-14 19:59:59","2026-08-15 03:59:59","537.60000","1","0.84","537.60000"
"all-available","Asia/Taipei","BTCUSDT","BTC-260815-63500-P","2026-08-15","63500","PUT","1h","2026-08-14 20:00:00","2026-08-15 04:00:00","640.000","640.000","640.000","640.000","0.00","2026-08-14 20:59:59","2026-08-15 04:59:59","0.00000","0","0.00","0.00000"
"all-available","Asia/Taipei","BTCUSDT","BTC-260815-63500-P","2026-08-15","63500","PUT","1h","2026-08-14 21:00:00","2026-08-15 05:00:00","640.000","640.000","640.000","640.000","0.00","2026-08-14 21:59:59","2026-08-15 05:59:59","0.00000","0","0.00","0.00000"
"all-available","Asia/Taipei","BTCUSDT","BTC-260815-63500-P","2026-08-15","63500","PUT","1h","2026-08-14 22:00:00","2026-08-15 06:00:00","640.000","640.000","640.000","640.000","0.00","2026-08-14 22:59:59","2026-08-15 06:59:59","0.00000","0","0.00","0.00000"
"all-available","Asia/Taipei","BTCUSDT","BTC-260815-63500-P","2026-08-15","63500","PUT","1h","2026-08-14 23:00:00","2026-08-15 07:00:00","640.000","640.000","640.000","640.000","0.00","2026-08-14 23:59:59","2026-08-15 07:59:59","0.00000","0","0.00","0.00000"
"all-available","Asia/Taipei","BTCUSDT","BTC-260815-63500-P","2026-08-15","63500","PUT","1h","2026-08-15 00:00:00","2026-08-15 08:00:00","640.000","640.000","640.000","640.000","0.00","2026-08-15 00:59:59","2026-08-15 08:59:59","0.00000","0","0.00","0.00000"
"all-available","Asia/Taipei","BTCUSDT","BTC-260815-63500-P","2026-08-15","63500","PUT","1h","2026-08-15 01:00:00","2026-08-15 09:00:00","640.000","640.000","640.000","640.000","0.00","2026-08-15 01:59:59","2026-08-15 09:59:59","0.00000","0","0.00","0.00000"
"all-available","Asia/Taipei","BTCUSDT","BTC-260815-63500-P","2026-08-15","63500","PUT","1h","2026-08-15 02:00:00","2026-08-15 10:00:00","640.000","640.000","640.000","640.000","0.00","2026-08-15 02:59:59","2026-08-15 10:59:59","0.00000","0","0.00","0.00000"
"all-available","Asia/Taipei","BTCUSDT","BTC-260815-63500-P","2026-08-15","63500","PUT","1h","2026-08-15 03:00:00","2026-08-15 11:00:00","410.000","410.000","410.000","410.000","0.02","2026-08-15 03:59:59","2026-08-15 11:59:59","8.20000","2","0.02","8.20000"
"all-available","Asia/Taipei","BTCUSDT","BTC-260815-63500-P","2026-08-15","63500","PUT","1h","2026-08-15 04:00:00","2026-08-15 12:00:00","410.000","410.000","410.000","410.000","0.00","2026-08-15 04:59:59","2026-08-15 12:59:59","0.00000","0","0.00","0.00000"
"all-available","Asia/Taipei","BTCUSDT","BTC-260815-63500-P","2026-08-15","63500","PUT","1h","2026-08-15 05:00:00","2026-08-15 13:00:00","420.000","420.000","420.000","420.000","0.15","2026-08-15 05:59:59","2026-08-15 13:59:59","63.00000","15","0.15","63.00000"
"all-available","Asia/Taipei","BTCUSDT","BTC-260815-63500-P","2026-08-15","63500","PUT","1h","2026-08-15 06:00:00","2026-08-15 14:00:00","420.000","420.000","420.000","420.000","0.17","2026-08-15 06:59:59","2026-08-15 14:59:59","71.40000","6","0.17","71.40000"
"all-available","Asia/Taipei","BTCUSDT","BTC-260815-63500-P","2026-08-15","63500","PUT","1h","2026-08-15 07:00:00","2026-08-15 15:00:00","420.000","420.000","420.000","420.000","0.00","2026-08-15 07:59:59","2026-08-15 15:59:59","0.00000","0","0.00","0.00000"
"all-available","Asia/Taipei","BTCUSDT","BTC-260815-64000-C","2026-08-15","64000","CALL","1h","2026-08-12 08:00:00","2026-08-12 16:00:00","530.000","530.000","530.000","530.000","0.07","2026-08-12 08:59:59","2026-08-12 16:59:59","37.10000","1","0.07","37.10000"
"all-available","Asia/Taipei","BTCUSDT","BTC-260815-64000-C","2026-08-15","64000","CALL","1h","2026-08-12 09:00:00","2026-08-12 17:00:00","500.000","500.000","500.000","500.000","0.02","2026-08-12 09:59:59","2026-08-12 17:59:59","10.00000","1","0.00","0.00000"
"all-available","Asia/Taipei","BTCUSDT","BTC-260815-64000-C","2026-08-15","64000","CALL","1h","2026-08-12 10:00:00","2026-08-12 18:00:00","695.000","695.000","620.000","625.000","1.00","2026-08-12 10:59:59","2026-08-12 18:59:59","641.90000","10","0.83","534.25000"
"all-available","Asia/Taipei","BTCUSDT","BTC-260815-64000-C","2026-08-15","64000","CALL","1h","2026-08-12 11:00:00","2026-08-12 19:00:00","745.000","745.000","745.000","745.000","1.00","2026-08-12 11:59:59","2026-08-12 19:59:59","745.00000","4","1.00","745.00000"
"all-available","Asia/Taipei","BTCUSDT","BTC-260815-64000-C","2026-08-15","64000","CALL","1h","2026-08-12 12:00:00","2026-08-12 20:00:00","865.000","880.000","865.000","880.000","5.97","2026-08-12 12:59:59","2026-08-12 20:59:59","5223.60000","5","2.00","1730.00000"
"all-available","Asia/Taipei","BTCUSDT","BTC-260815-64000-C","2026-08-15","64000","CALL","1h","2026-08-12 13:00:00","2026-08-12 21:00:00","680.000","695.000","575.000","575.000","0.21","2026-08-12 13:59:59","2026-08-12 21:59:59","143.25000","3","0.00","0.00000"
"all-available","Asia/Taipei","BTCUSDT","BTC-260815-64000-C","2026-08-15","64000","CALL","1h","2026-08-12 14:00:00","2026-08-12 22:00:00","545.000","555.000","440.000","470.000","4.90","2026-08-12 14:59:59","2026-08-12 22:59:59","2355.15000","10","0.90","475.15000"
"all-available","Asia/Taipei","BTCUSDT","BTC-260815-64000-C","2026-08-15","64000","CALL","1h","2026-08-12 15:00:00","2026-08-12 23:00:00","390.000","430.000","390.000","410.000","0.75","2026-08-12 15:59:59","2026-08-12 23:59:59","318.50000","5","0.74","314.60000"
"all-available","Asia/Taipei","BTCUSDT","BTC-260815-64000-C","2026-08-15","64000","CALL","1h","2026-08-12 16:00:00","2026-08-13 00:00:00","385.000","395.000","380.000","380.000","0.35","2026-08-12 16:59:59","2026-08-13 00:59:59","136.55000","3","0.35","136.55000"
"all-available","Asia/Taipei","BTCUSDT","BTC-260815-64000-C","2026-08-15","64000","CALL","1h","2026-08-12 17:00:00","2026-08-13 01:00:00","350.000","350.000","350.000","350.000","0.10","2026-08-12 17:59:59","2026-08-13 01:59:59","35.00000","1","0.10","35.00000"
"all-available","Asia/Taipei","BTCUSDT","BTC-260815-64000-C","2026-08-15","64000","CALL","1h","2026-08-12 18:00:00","2026-08-13 02:00:00","320.000","320.000","320.000","320.000","0.16","2026-08-12 18:59:59","2026-08-13 02:59:59","51.20000","2","0.16","51.20000"
"all-available","Asia/Taipei","BTCUSDT","BTC-260815-64000-C","2026-08-15","64000","CALL","1h","2026-08-12 19:00:00","2026-08-13 03:00:00","320.000","320.000","320.000","320.000","0.00","2026-08-12 19:59:59","2026-08-13 03:59:59","0.00000","0","0.00","0.00000"
"all-available","Asia/Taipei","BTCUSDT","BTC-260815-64000-C","2026-08-15","64000","CALL","1h","2026-08-12 20:00:00","2026-08-13 04:00:00","335.000","340.000","335.000","340.000","23.00","2026-08-12 20:59:59","2026-08-13 04:59:59","7760.55000","7","23.00","7760.55000"
"all-available","Asia/Taipei","BTCUSDT","BTC-260815-64000-C","2026-08-15","64000","CALL","1h","2026-08-12 21:00:00","2026-08-13 05:00:00","355.000","355.000","355.000","355.000","0.04","2026-08-12 21:59:59","2026-08-13 05:59:59","14.20000","1","0.04","14.20000"
"all-available","Asia/Taipei","BTCUSDT","BTC-260815-64000-C","2026-08-15","64000","CALL","1h","2026-08-12 22:00:00","2026-08-13 06:00:00","355.000","355.000","355.000","355.000","0.00","2026-08-12 22:59:59","2026-08-13 06:59:59","0.00000","0","0.00","0.00000"
"all-available","Asia/Taipei","BTCUSDT","BTC-260815-64000-C","2026-08-15","64000","CALL","1h","2026-08-12 23:00:00","2026-08-13 07:00:00","305.000","305.000","305.000","305.000","0.06","2026-08-12 23:59:59","2026-08-13 07:59:59","18.30000","1","0.06","18.30000"
"all-available","Asia/Taipei","BTCUSDT","BTC-260815-64000-C","2026-08-15","64000","CALL","1h","2026-08-13 00:00:00","2026-08-13 08:00:00","360.000","360.000","360.000","360.000","0.01","2026-08-13 00:59:59","2026-08-13 08:59:59","3.60000","1","0.01","3.60000"
"all-available","Asia/Taipei","BTCUSDT","BTC-260815-64000-C","2026-08-15","64000","CALL","1h","2026-08-13 01:00:00","2026-08-13 09:00:00","305.000","330.000","305.000","330.000","4.87","2026-08-13 01:59:59","2026-08-13 09:59:59","1557.35000","3","4.87","1557.35000"
"all-available","Asia/Taipei","BTCUSDT","BTC-260815-64000-C","2026-08-15","64000","CALL","1h","2026-08-13 02:00:00","2026-08-13 10:00:00","340.000","340.000","340.000","340.000","0.23","2026-08-13 02:59:59","2026-08-13 10:59:59","78.20000","1","0.00","0.00000"
"all-available","Asia/Taipei","BTCUSDT","BTC-260815-64000-C","2026-08-15","64000","CALL","1h","2026-08-13 03:00:00","2026-08-13 11:00:00","340.000","340.000","340.000","340.000","0.00","2026-08-13 03:59:59","2026-08-13 11:59:59","0.00000","0","0.00","0.00000"
"all-available","Asia/Taipei","BTCUSDT","BTC-260815-64000-C","2026-08-15","64000","CALL","1h","2026-08-13 04:00:00","2026-08-13 12:00:00","360.000","370.000","360.000","370.000","3.80","2026-08-13 04:59:59","2026-08-13 12:59:59","1368.60000","2","3.74","1346.40000"
"all-available","Asia/Taipei","BTCUSDT","BTC-260815-64000-C","2026-08-15","64000","CALL","1h","2026-08-13 05:00:00","2026-08-13 13:00:00","470.000","470.000","470.000","470.000","0.59","2026-08-13 05:59:59","2026-08-13 13:59:59","277.30000","1","0.00","0.00000"
"all-available","Asia/Taipei","BTCUSDT","BTC-260815-64000-C","2026-08-15","64000","CALL","1h","2026-08-13 06:00:00","2026-08-13 14:00:00","470.000","470.000","470.000","470.000","0.00","2026-08-13 06:59:59","2026-08-13 14:59:59","0.00000","0","0.00","0.00000"
"all-available","Asia/Taipei","BTCUSDT","BTC-260815-64000-C","2026-08-15","64000","CALL","1h","2026-08-13 07:00:00","2026-08-13 15:00:00","435.000","435.000","430.000","430.000","0.35","2026-08-13 07:59:59","2026-08-13 15:59:59","150.80000","3","0.29","124.70000"
"all-available","Asia/Taipei","BTCUSDT","BTC-260815-64000-C","2026-08-15","64000","CALL","1h","2026-08-13 08:00:00","2026-08-13 16:00:00","430.000","430.000","365.000","365.000","1.20","2026-08-13 08:59:59","2026-08-13 16:59:59","473.55000","3","0.03","12.90000"
"all-available","Asia/Taipei","BTCUSDT","BTC-260815-64000-C","2026-08-15","64000","CALL","1h","2026-08-13 09:00:00","2026-08-13 17:00:00","335.000","335.000","330.000","335.000","0.95","2026-08-13 09:59:59","2026-08-13 17:59:59","317.25000","4","0.95","317.25000"
"all-available","Asia/Taipei","BTCUSDT","BTC-260815-64000-C","2026-08-15","64000","CALL","1h","2026-08-13 10:00:00","2026-08-13 18:00:00","360.000","360.000","305.000","325.000","155.24","2026-08-13 10:59:59","2026-08-13 18:59:59","49211.40000","47","155.24","49211.40000"
"all-available","Asia/Taipei","BTCUSDT","BTC-260815-64000-C","2026-08-15","64000","CALL","1h","2026-08-13 11:00:00","2026-08-13 19:00:00","325.000","330.000","260.000","280.000","13.57","2026-08-13 11:59:59","2026-08-13 19:59:59","4420.90000","12","13.21","4327.30000"
"all-available","Asia/Taipei","BTCUSDT","BTC-260815-64000-C","2026-08-15","64000","CALL","1h","2026-08-13 12:00:00","2026-08-13 20:00:00","280.000","320.000","280.000","300.000","2.72","2026-08-13 12:59:59","2026-08-13 20:59:59","840.50000","7","2.02","634.00000"
"all-available","Asia/Taipei","BTCUSDT","BTC-260815-64000-C","2026-08-15","64000","CALL","1h","2026-08-13 13:00:00","2026-08-13 21:00:00","375.000","400.000","290.000","345.000","0.74","2026-08-13 13:59:59","2026-08-13 21:59:59","265.70000","7","0.01","4.00000"
"all-available","Asia/Taipei","BTCUSDT","BTC-260815-64000-C","2026-08-15","64000","CALL","1h","2026-08-13 14:00:00","2026-08-13 22:00:00","325.000","410.000","325.000","405.000","2.10","2026-08-13 14:59:59","2026-08-13 22:59:59","847.45000","9","0.20","75.00000"
"all-available","Asia/Taipei","BTCUSDT","BTC-260815-64000-C","2026-08-15","64000","CALL","1h","2026-08-13 15:00:00","2026-08-13 23:00:00","265.000","265.000","230.000","230.000","168.00","2026-08-13 15:59:59","2026-08-13 23:59:59","41645.95000","27","0.00","0.00000"
"all-available","Asia/Taipei","BTCUSDT","BTC-260815-64000-C","2026-08-15","64000","CALL","1h","2026-08-13 16:00:00","2026-08-14 00:00:00","225.000","225.000","105.000","145.000","12.43","2026-08-13 16:59:59","2026-08-14 00:59:59","2334.35000","11","9.23","1839.35000"
"all-available","Asia/Taipei","BTCUSDT","BTC-260815-64000-C","2026-08-15","64000","CALL","1h","2026-08-13 17:00:00","2026-08-14 01:00:00","145.000","145.000","145.000","145.000","0.00","2026-08-13 17:59:59","2026-08-14 01:59:59","0.00000","0","0.00","0.00000"
"all-available","Asia/Taipei","BTCUSDT","BTC-260815-64000-C","2026-08-15","64000","CALL","1h","2026-08-13 18:00:00","2026-08-14 02:00:00","165.000","165.000","165.000","165.000","1.01","2026-08-13 18:59:59","2026-08-14 02:59:59","166.65000","2","1.01","166.65000"
"all-available","Asia/Taipei","BTCUSDT","BTC-260815-64000-C","2026-08-15","64000","CALL","1h","2026-08-13 19:00:00","2026-08-14 03:00:00","170.000","170.000","170.000","170.000","0.30","2026-08-13 19:59:59","2026-08-14 03:59:59","51.00000","1","0.30","51.00000"
"all-available","Asia/Taipei","BTCUSDT","BTC-260815-64000-C","2026-08-15","64000","CALL","1h","2026-08-13 20:00:00","2026-08-14 04:00:00","185.000","185.000","185.000","185.000","0.11","2026-08-13 20:59:59","2026-08-14 04:59:59","20.35000","1","0.00","0.00000"
"all-available","Asia/Taipei","BTCUSDT","BTC-260815-64000-C","2026-08-15","64000","CALL","1h","2026-08-13 21:00:00","2026-08-14 05:00:00","185.000","185.000","185.000","185.000","0.22","2026-08-13 21:59:59","2026-08-14 05:59:59","40.70000","1","0.22","40.70000"
"all-available","Asia/Taipei","BTCUSDT","BTC-260815-64000-C","2026-08-15","64000","CALL","1h","2026-08-13 22:00:00","2026-08-14 06:00:00","180.000","180.000","180.000","180.000","0.06","2026-08-13 22:59:59","2026-08-14 06:59:59","10.80000","1","0.06","10.80000"
"all-available","Asia/Taipei","BTCUSDT","BTC-260815-64000-C","2026-08-15","64000","CALL","1h","2026-08-13 23:00:00","2026-08-14 07:00:00","175.000","175.000","175.000","175.000","5.00","2026-08-13 23:59:59","2026-08-14 07:59:59","875.00000","4","0.00","0.00000"
"all-available","Asia/Taipei","BTCUSDT","BTC-260815-64000-C","2026-08-15","64000","CALL","1h","2026-08-14 00:00:00","2026-08-14 08:00:00","175.000","175.000","175.000","175.000","0.05","2026-08-14 00:59:59","2026-08-14 08:59:59","8.75000","1","0.00","0.00000"
"all-available","Asia/Taipei","BTCUSDT","BTC-260815-64000-C","2026-08-15","64000","CALL","1h","2026-08-14 01:00:00","2026-08-14 09:00:00","160.000","160.000","160.000","160.000","0.03","2026-08-14 01:59:59","2026-08-14 09:59:59","4.80000","2","0.03","4.80000"
"all-available","Asia/Taipei","BTCUSDT","BTC-260815-64000-C","2026-08-15","64000","CALL","1h","2026-08-14 02:00:00","2026-08-14 10:00:00","165.000","165.000","155.000","155.000","10.34","2026-08-14 02:59:59","2026-08-14 10:59:59","1706.00000","4","10.34","1706.00000"
"all-available","Asia/Taipei","BTCUSDT","BTC-260815-64000-C","2026-08-15","64000","CALL","1h","2026-08-14 03:00:00","2026-08-14 11:00:00","150.000","150.000","110.000","110.000","3.50","2026-08-14 03:59:59","2026-08-14 11:59:59","505.00000","2","3.50","505.00000"
"all-available","Asia/Taipei","BTCUSDT","BTC-260815-64000-C","2026-08-15","64000","CALL","1h","2026-08-14 04:00:00","2026-08-14 12:00:00","100.000","120.000","100.000","120.000","0.60","2026-08-14 04:59:59","2026-08-14 12:59:59","67.80000","3","0.60","67.80000"
"all-available","Asia/Taipei","BTCUSDT","BTC-260815-64000-C","2026-08-15","64000","CALL","1h","2026-08-14 05:00:00","2026-08-14 13:00:00","95.000","95.000","95.000","95.000","3.00","2026-08-14 05:59:59","2026-08-14 13:59:59","285.00000","2","0.00","0.00000"
"all-available","Asia/Taipei","BTCUSDT","BTC-260815-64000-C","2026-08-15","64000","CALL","1h","2026-08-14 06:00:00","2026-08-14 14:00:00","90.000","90.000","55.000","60.000","6.05","2026-08-14 06:59:59","2026-08-14 14:59:59","474.00000","13","1.05","69.00000"
"all-available","Asia/Taipei","BTCUSDT","BTC-260815-64000-C","2026-08-15","64000","CALL","1h","2026-08-14 07:00:00","2026-08-14 15:00:00","55.000","70.000","55.000","60.000","4.25","2026-08-14 07:59:59","2026-08-14 15:59:59","281.95000","21","3.24","219.60000"
"all-available","Asia/Taipei","BTCUSDT","BTC-260815-64000-C","2026-08-15","64000","CALL","1h","2026-08-14 08:00:00","2026-08-14 16:00:00","55.000","60.000","35.000","40.000","21.52","2026-08-14 08:59:59","2026-08-14 16:59:59","1021.75000","41","9.69","461.20000"
"all-available","Asia/Taipei","BTCUSDT","BTC-260815-64000-C","2026-08-15","64000","CALL","1h","2026-08-14 09:00:00","2026-08-14 17:00:00","35.000","35.000","25.000","30.000","4.37","2026-08-14 09:59:59","2026-08-14 17:59:59","140.40000","10","2.63","81.40000"
"all-available","Asia/Taipei","BTCUSDT","BTC-260815-64000-C","2026-08-15","64000","CALL","1h","2026-08-14 10:00:00","2026-08-14 18:00:00","30.000","30.000","25.000","25.000","14.25","2026-08-14 10:59:59","2026-08-14 18:59:59","427.40000","13","14.23","426.90000"
"all-available","Asia/Taipei","BTCUSDT","BTC-260815-64000-C","2026-08-15","64000","CALL","1h","2026-08-14 11:00:00","2026-08-14 19:00:00","30.000","30.000","25.000","25.000","0.52","2026-08-14 11:59:59","2026-08-14 19:59:59","14.50000","10","0.30","9.00000"
"all-available","Asia/Taipei","BTCUSDT","BTC-260815-64000-C","2026-08-15","64000","CALL","1h","2026-08-14 12:00:00","2026-08-14 20:00:00","25.000","30.000","25.000","25.000","6.25","2026-08-14 12:59:59","2026-08-14 20:59:59","156.85000","12","5.21","130.85000"
"all-available","Asia/Taipei","BTCUSDT","BTC-260815-64000-C","2026-08-15","64000","CALL","1h","2026-08-14 13:00:00","2026-08-14 21:00:00","20.000","25.000","20.000","25.000","42.60","2026-08-14 13:59:59","2026-08-14 21:59:59","1063.70000","15","42.34","1058.50000"
"all-available","Asia/Taipei","BTCUSDT","BTC-260815-64000-C","2026-08-15","64000","CALL","1h","2026-08-14 14:00:00","2026-08-14 22:00:00","20.000","20.000","10.000","15.000","42.20","2026-08-14 14:59:59","2026-08-14 22:59:59","721.40000","25","40.19","688.95000"
"all-available","Asia/Taipei","BTCUSDT","BTC-260815-64000-C","2026-08-15","64000","CALL","1h","2026-08-14 15:00:00","2026-08-14 23:00:00","10.000","20.000","10.000","15.000","29.13","2026-08-14 15:59:59","2026-08-14 23:59:59","497.15000","38","18.54","345.80000"
"all-available","Asia/Taipei","BTCUSDT","BTC-260815-64000-C","2026-08-15","64000","CALL","1h","2026-08-14 16:00:00","2026-08-15 00:00:00","15.000","20.000","10.000","20.000","9.13","2026-08-14 16:59:59","2026-08-15 00:59:59","121.00000","15","3.67","66.40000"
"all-available","Asia/Taipei","BTCUSDT","BTC-260815-64000-C","2026-08-15","64000","CALL","1h","2026-08-14 17:00:00","2026-08-15 01:00:00","10.000","10.000","5.000","5.000","2.94","2026-08-14 17:59:59","2026-08-15 01:59:59","17.55000","11","0.32","3.20000"
"all-available","Asia/Taipei","BTCUSDT","BTC-260815-64000-C","2026-08-15","64000","CALL","1h","2026-08-14 18:00:00","2026-08-15 02:00:00","5.000","5.000","5.000","5.000","7.68","2026-08-14 18:59:59","2026-08-15 02:59:59","38.40000","12","1.00","5.00000"
"all-available","Asia/Taipei","BTCUSDT","BTC-260815-64000-C","2026-08-15","64000","CALL","1h","2026-08-14 19:00:00","2026-08-15 03:00:00","5.000","5.000","5.000","5.000","0.00","2026-08-14 19:59:59","2026-08-15 03:59:59","0.00000","0","0.00","0.00000"
"all-available","Asia/Taipei","BTCUSDT","BTC-260815-64000-C","2026-08-15","64000","CALL","1h","2026-08-14 20:00:00","2026-08-15 04:00:00","5.000","5.000","5.000","5.000","0.05","2026-08-14 20:59:59","2026-08-15 04:59:59","0.25000","1","0.05","0.25000"
"all-available","Asia/Taipei","BTCUSDT","BTC-260815-64000-C","2026-08-15","64000","CALL","1h","2026-08-14 21:00:00","2026-08-15 05:00:00","5.000","5.000","5.000","5.000","0.00","2026-08-14 21:59:59","2026-08-15 05:59:59","0.00000","0","0.00","0.00000"
"all-available","Asia/Taipei","BTCUSDT","BTC-260815-64000-C","2026-08-15","64000","CALL","1h","2026-08-14 22:00:00","2026-08-15 06:00:00","5.000","5.000","5.000","5.000","0.00","2026-08-14 22:59:59","2026-08-15 06:59:59","0.00000","0","0.00","0.00000"
"all-available","Asia/Taipei","BTCUSDT","BTC-260815-64000-C","2026-08-15","64000","CALL","1h","2026-08-14 23:00:00","2026-08-15 07:00:00","5.000","5.000","5.000","5.000","0.00","2026-08-14 23:59:59","2026-08-15 07:59:59","0.00000","0","0.00","0.00000"
"all-available","Asia/Taipei","BTCUSDT","BTC-260815-64000-C","2026-08-15","64000","CALL","1h","2026-08-15 00:00:00","2026-08-15 08:00:00","5.000","5.000","5.000","5.000","0.00","2026-08-15 00:59:59","2026-08-15 08:59:59","0.00000","0","0.00","0.00000"
"all-available","Asia/Taipei","BTCUSDT","BTC-260815-64000-C","2026-08-15","64000","CALL","1h","2026-08-15 01:00:00","2026-08-15 09:00:00","5.000","5.000","5.000","5.000","0.00","2026-08-15 01:59:59","2026-08-15 09:59:59","0.00000","0","0.00","0.00000"
"all-available","Asia/Taipei","BTCUSDT","BTC-260815-64000-C","2026-08-15","64000","CALL","1h","2026-08-15 02:00:00","2026-08-15 10:00:00","5.000","5.000","5.000","5.000","0.00","2026-08-15 02:59:59","2026-08-15 10:59:59","0.00000","0","0.00","0.00000"
"all-available","Asia/Taipei","BTCUSDT","BTC-260815-64000-C","2026-08-15","64000","CALL","1h","2026-08-15 03:00:00","2026-08-15 11:00:00","5.000","5.000","5.000","5.000","0.00","2026-08-15 03:59:59","2026-08-15 11:59:59","0.00000","0","0.00","0.00000"
"all-available","Asia/Taipei","BTCUSDT","BTC-260815-64000-C","2026-08-15","64000","CALL","1h","2026-08-15 04:00:00","2026-08-15 12:00:00","5.000","5.000","5.000","5.000","0.22","2026-08-15 04:59:59","2026-08-15 12:59:59","1.10000","1","0.22","1.10000"
"all-available","Asia/Taipei","BTCUSDT","BTC-260815-64000-C","2026-08-15","64000","CALL","1h","2026-08-15 05:00:00","2026-08-15 13:00:00","5.000","5.000","5.000","5.000","0.02","2026-08-15 05:59:59","2026-08-15 13:59:59","0.10000","1","0.02","0.10000"
"all-available","Asia/Taipei","BTCUSDT","BTC-260815-64000-C","2026-08-15","64000","CALL","1h","2026-08-15 06:00:00","2026-08-15 14:00:00","5.000","5.000","5.000","5.000","0.00","2026-08-15 06:59:59","2026-08-15 14:59:59","0.00000","0","0.00","0.00000"
"all-available","Asia/Taipei","BTCUSDT","BTC-260815-64000-C","2026-08-15","64000","CALL","1h","2026-08-15 07:00:00","2026-08-15 15:00:00","5.000","5.000","5.000","5.000","0.00","2026-08-15 07:59:59","2026-08-15 15:59:59","0.00000","0","0.00","0.00000"
"all-available","Asia/Taipei","BTCUSDT","BTC-260815-64000-P","2026-08-15","64000","PUT","1h","2026-08-12 09:00:00","2026-08-12 17:00:00","680.000","680.000","540.000","540.000","0.51","2026-08-12 09:59:59","2026-08-12 17:59:59","276.80000","3","0.00","0.00000"
"all-available","Asia/Taipei","BTCUSDT","BTC-260815-64000-P","2026-08-15","64000","PUT","1h","2026-08-12 10:00:00","2026-08-12 18:00:00","515.000","515.000","515.000","515.000","0.01","2026-08-12 10:59:59","2026-08-12 18:59:59","5.15000","1","0.01","5.15000"
"all-available","Asia/Taipei","BTCUSDT","BTC-260815-64000-P","2026-08-15","64000","PUT","1h","2026-08-12 11:00:00","2026-08-12 19:00:00","515.000","515.000","515.000","515.000","0.00","2026-08-12 11:59:59","2026-08-12 19:59:59","0.00000","0","0.00","0.00000"
"all-available","Asia/Taipei","BTCUSDT","BTC-260815-64000-P","2026-08-15","64000","PUT","1h","2026-08-12 12:00:00","2026-08-12 20:00:00","580.000","655.000","580.000","625.000","5.64","2026-08-12 12:59:59","2026-08-12 20:59:59","3328.60000","17","4.12","2398.60000"
"all-available","Asia/Taipei","BTCUSDT","BTC-260815-64000-P","2026-08-15","64000","PUT","1h","2026-08-12 13:00:00","2026-08-12 21:00:00","625.000","625.000","625.000","625.000","0.00","2026-08-12 13:59:59","2026-08-12 21:59:59","0.00000","0","0.00","0.00000"
"all-available","Asia/Taipei","BTCUSDT","BTC-260815-64000-P","2026-08-15","64000","PUT","1h","2026-08-12 14:00:00","2026-08-12 22:00:00","625.000","625.000","625.000","625.000","0.00","2026-08-12 14:59:59","2026-08-12 22:59:59","0.00000","0","0.00","0.00000"
"all-available","Asia/Taipei","BTCUSDT","BTC-260815-64000-P","2026-08-15","64000","PUT","1h","2026-08-12 15:00:00","2026-08-12 23:00:00","875.000","880.000","875.000","880.000","4.50","2026-08-12 15:59:59","2026-08-12 23:59:59","3957.50000","5","0.00","0.00000"
"all-available","Asia/Taipei","BTCUSDT","BTC-260815-64000-P","2026-08-15","64000","PUT","1h","2026-08-12 16:00:00","2026-08-13 00:00:00","880.000","880.000","880.000","880.000","0.00","2026-08-12 16:59:59","2026-08-13 00:59:59","0.00000","0","0.00","0.00000"
"all-available","Asia/Taipei","BTCUSDT","BTC-260815-64000-P","2026-08-15","64000","PUT","1h","2026-08-12 17:00:00","2026-08-13 01:00:00","880.000","880.000","880.000","880.000","0.00","2026-08-12 17:59:59","2026-08-13 01:59:59","0.00000","0","0.00","0.00000"
"all-available","Asia/Taipei","BTCUSDT","BTC-260815-64000-P","2026-08-15","64000","PUT","1h","2026-08-12 18:00:00","2026-08-13 02:00:00","880.000","880.000","880.000","880.000","0.00","2026-08-12 18:59:59","2026-08-13 02:59:59","0.00000","0","0.00","0.00000"
"all-available","Asia/Taipei","BTCUSDT","BTC-260815-64000-P","2026-08-15","64000","PUT","1h","2026-08-12 19:00:00","2026-08-13 03:00:00","800.000","800.000","800.000","800.000","0.01","2026-08-12 19:59:59","2026-08-13 03:59:59","8.00000","1","0.01","8.00000"
"all-available","Asia/Taipei","BTCUSDT","BTC-260815-64000-P","2026-08-15","64000","PUT","1h","2026-08-12 20:00:00","2026-08-13 04:00:00","800.000","800.000","800.000","800.000","0.00","2026-08-12 20:59:59","2026-08-13 04:59:59","0.00000","0","0.00","0.00000"
"all-available","Asia/Taipei","BTCUSDT","BTC-260815-64000-P","2026-08-15","64000","PUT","1h","2026-08-12 21:00:00","2026-08-13 05:00:00","800.000","800.000","800.000","800.000","0.00","2026-08-12 21:59:59","2026-08-13 05:59:59","0.00000","0","0.00","0.00000"
"all-available","Asia/Taipei","BTCUSDT","BTC-260815-64000-P","2026-08-15","64000","PUT","1h","2026-08-12 22:00:00","2026-08-13 06:00:00","800.000","800.000","800.000","800.000","0.00","2026-08-12 22:59:59","2026-08-13 06:59:59","0.00000","0","0.00","0.00000"
"all-available","Asia/Taipei","BTCUSDT","BTC-260815-64000-P","2026-08-15","64000","PUT","1h","2026-08-12 23:00:00","2026-08-13 07:00:00","800.000","800.000","800.000","800.000","0.00","2026-08-12 23:59:59","2026-08-13 07:59:59","0.00000","0","0.00","0.00000"
"all-available","Asia/Taipei","BTCUSDT","BTC-260815-64000-P","2026-08-15","64000","PUT","1h","2026-08-13 00:00:00","2026-08-13 08:00:00","800.000","800.000","800.000","800.000","0.00","2026-08-13 00:59:59","2026-08-13 08:59:59","0.00000","0","0.00","0.00000"
"all-available","Asia/Taipei","BTCUSDT","BTC-260815-64000-P","2026-08-15","64000","PUT","1h","2026-08-13 01:00:00","2026-08-13 09:00:00","800.000","800.000","800.000","800.000","0.00","2026-08-13 01:59:59","2026-08-13 09:59:59","0.00000","0","0.00","0.00000"
"all-available","Asia/Taipei","BTCUSDT","BTC-260815-64000-P","2026-08-15","64000","PUT","1h","2026-08-13 02:00:00","2026-08-13 10:00:00","800.000","800.000","800.000","800.000","0.00","2026-08-13 02:59:59","2026-08-13 10:59:59","0.00000","0","0.00","0.00000"
"all-available","Asia/Taipei","BTCUSDT","BTC-260815-64000-P","2026-08-15","64000","PUT","1h","2026-08-13 03:00:00","2026-08-13 11:00:00","800.000","800.000","800.000","800.000","0.00","2026-08-13 03:59:59","2026-08-13 11:59:59","0.00000","0","0.00","0.00000"
"all-available","Asia/Taipei","BTCUSDT","BTC-260815-64000-P","2026-08-15","64000","PUT","1h","2026-08-13 04:00:00","2026-08-13 12:00:00","615.000","615.000","615.000","615.000","1.85","2026-08-13 04:59:59","2026-08-13 12:59:59","1137.75000","1","1.85","1137.75000"
"all-available","Asia/Taipei","BTCUSDT","BTC-260815-64000-P","2026-08-15","64000","PUT","1h","2026-08-13 05:00:00","2026-08-13 13:00:00","575.000","575.000","500.000","500.000","0.02","2026-08-13 05:59:59","2026-08-13 13:59:59","10.75000","2","0.02","10.75000"
"all-available","Asia/Taipei","BTCUSDT","BTC-260815-64000-P","2026-08-15","64000","PUT","1h","2026-08-13 06:00:00","2026-08-13 14:00:00","565.000","565.000","565.000","565.000","4.00","2026-08-13 06:59:59","2026-08-13 14:59:59","2260.00000","4","4.00","2260.00000"
"all-available","Asia/Taipei","BTCUSDT","BTC-260815-64000-P","2026-08-15","64000","PUT","1h","2026-08-13 07:00:00","2026-08-13 15:00:00","565.000","565.000","565.000","565.000","0.00","2026-08-13 07:59:59","2026-08-13 15:59:59","0.00000","0","0.00","0.00000"
"all-available","Asia/Taipei","BTCUSDT","BTC-260815-64000-P","2026-08-15","64000","PUT","1h","2026-08-13 08:00:00","2026-08-13 16:00:00","510.000","510.000","510.000","510.000","2.78","2026-08-13 08:59:59","2026-08-13 16:59:59","1417.80000","4","2.78","1417.80000"
"all-available","Asia/Taipei","BTCUSDT","BTC-260815-64000-P","2026-08-15","64000","PUT","1h","2026-08-13 09:00:00","2026-08-13 17:00:00","510.000","510.000","510.000","510.000","0.00","2026-08-13 09:59:59","2026-08-13 17:59:59","0.00000","0","0.00","0.00000"
"all-available","Asia/Taipei","BTCUSDT","BTC-260815-64000-P","2026-08-15","64000","PUT","1h","2026-08-13 10:00:00","2026-08-13 18:00:00","550.000","595.000","550.000","595.000","1.74","2026-08-13 10:59:59","2026-08-13 18:59:59","1012.80000","3","1.24","737.80000"
"all-available","Asia/Taipei","BTCUSDT","BTC-260815-64000-P","2026-08-15","64000","PUT","1h","2026-08-13 11:00:00","2026-08-13 19:00:00","595.000","595.000","595.000","595.000","0.00","2026-08-13 11:59:59","2026-08-13 19:59:59","0.00000","0","0.00","0.00000"
"all-available","Asia/Taipei","BTCUSDT","BTC-260815-64000-P","2026-08-15","64000","PUT","1h","2026-08-13 12:00:00","2026-08-13 20:00:00","705.000","705.000","680.000","680.000","8.45","2026-08-13 12:59:59","2026-08-13 20:59:59","5817.25000","7","4.00","2720.00000"
"all-available","Asia/Taipei","BTCUSDT","BTC-260815-64000-P","2026-08-15","64000","PUT","1h","2026-08-13 13:00:00","2026-08-13 21:00:00","650.000","675.000","575.000","575.000","0.42","2026-08-13 13:59:59","2026-08-13 21:59:59","260.80000","4","0.22","145.80000"
"all-available","Asia/Taipei","BTCUSDT","BTC-260815-64000-P","2026-08-15","64000","PUT","1h","2026-08-13 14:00:00","2026-08-13 22:00:00","530.000","550.000","455.000","490.000","6.95","2026-08-13 14:59:59","2026-08-13 22:59:59","3485.50000","9","6.04","3018.20000"
"all-available","Asia/Taipei","BTCUSDT","BTC-260815-64000-P","2026-08-15","64000","PUT","1h","2026-08-13 15:00:00","2026-08-13 23:00:00","515.000","750.000","515.000","750.000","6.17","2026-08-13 15:59:59","2026-08-13 23:59:59","3369.55000","22","0.97","670.05000"
"all-available","Asia/Taipei","BTCUSDT","BTC-260815-64000-P","2026-08-15","64000","PUT","1h","2026-08-13 16:00:00","2026-08-14 00:00:00","750.000","890.000","750.000","890.000","0.27","2026-08-13 16:59:59","2026-08-14 00:59:59","237.50000","3","0.27","237.50000"
"all-available","Asia/Taipei","BTCUSDT","BTC-260815-64000-P","2026-08-15","64000","PUT","1h","2026-08-13 17:00:00","2026-08-14 01:00:00","1005.000","1005.000","1005.000","1005.000","0.02","2026-08-13 17:59:59","2026-08-14 01:59:59","20.10000","1","0.02","20.10000"
"all-available","Asia/Taipei","BTCUSDT","BTC-260815-64000-P","2026-08-15","64000","PUT","1h","2026-08-13 18:00:00","2026-08-14 02:00:00","880.000","880.000","880.000","880.000","0.02","2026-08-13 18:59:59","2026-08-14 02:59:59","17.60000","1","0.02","17.60000"
"all-available","Asia/Taipei","BTCUSDT","BTC-260815-64000-P","2026-08-15","64000","PUT","1h","2026-08-13 19:00:00","2026-08-14 03:00:00","880.000","880.000","880.000","880.000","0.00","2026-08-13 19:59:59","2026-08-14 03:59:59","0.00000","0","0.00","0.00000"
"all-available","Asia/Taipei","BTCUSDT","BTC-260815-64000-P","2026-08-15","64000","PUT","1h","2026-08-13 20:00:00","2026-08-14 04:00:00","880.000","880.000","880.000","880.000","0.00","2026-08-13 20:59:59","2026-08-14 04:59:59","0.00000","0","0.00","0.00000"
"all-available","Asia/Taipei","BTCUSDT","BTC-260815-64000-P","2026-08-15","64000","PUT","1h","2026-08-13 21:00:00","2026-08-14 05:00:00","880.000","880.000","880.000","880.000","0.00","2026-08-13 21:59:59","2026-08-14 05:59:59","0.00000","0","0.00","0.00000"
"all-available","Asia/Taipei","BTCUSDT","BTC-260815-64000-P","2026-08-15","64000","PUT","1h","2026-08-13 22:00:00","2026-08-14 06:00:00","880.000","880.000","880.000","880.000","0.00","2026-08-13 22:59:59","2026-08-14 06:59:59","0.00000","0","0.00","0.00000"
"all-available","Asia/Taipei","BTCUSDT","BTC-260815-64000-P","2026-08-15","64000","PUT","1h","2026-08-13 23:00:00","2026-08-14 07:00:00","620.000","620.000","620.000","620.000","0.01","2026-08-13 23:59:59","2026-08-14 07:59:59","6.20000","1","0.00","0.00000"
"all-available","Asia/Taipei","BTCUSDT","BTC-260815-64000-P","2026-08-15","64000","PUT","1h","2026-08-14 00:00:00","2026-08-14 08:00:00","620.000","620.000","620.000","620.000","0.00","2026-08-14 00:59:59","2026-08-14 08:59:59","0.00000","0","0.00","0.00000"
"all-available","Asia/Taipei","BTCUSDT","BTC-260815-64000-P","2026-08-15","64000","PUT","1h","2026-08-14 01:00:00","2026-08-14 09:00:00","580.000","580.000","580.000","580.000","0.02","2026-08-14 01:59:59","2026-08-14 09:59:59","11.60000","1","0.00","0.00000"
"all-available","Asia/Taipei","BTCUSDT","BTC-260815-64000-P","2026-08-15","64000","PUT","1h","2026-08-14 02:00:00","2026-08-14 10:00:00","580.000","580.000","580.000","580.000","0.00","2026-08-14 02:59:59","2026-08-14 10:59:59","0.00000","0","0.00","0.00000"
"all-available","Asia/Taipei","BTCUSDT","BTC-260815-64000-P","2026-08-15","64000","PUT","1h","2026-08-14 03:00:00","2026-08-14 11:00:00","580.000","580.000","580.000","580.000","0.00","2026-08-14 03:59:59","2026-08-14 11:59:59","0.00000","0","0.00","0.00000"
"all-available","Asia/Taipei","BTCUSDT","BTC-260815-64000-P","2026-08-15","64000","PUT","1h","2026-08-14 04:00:00","2026-08-14 12:00:00","580.000","580.000","580.000","580.000","0.00","2026-08-14 04:59:59","2026-08-14 12:59:59","0.00000","0","0.00","0.00000"
"all-available","Asia/Taipei","BTCUSDT","BTC-260815-64000-P","2026-08-15","64000","PUT","1h","2026-08-14 05:00:00","2026-08-14 13:00:00","580.000","580.000","580.000","580.000","0.00","2026-08-14 05:59:59","2026-08-14 13:59:59","0.00000","0","0.00","0.00000"
"all-available","Asia/Taipei","BTCUSDT","BTC-260815-64000-P","2026-08-15","64000","PUT","1h","2026-08-14 06:00:00","2026-08-14 14:00:00","580.000","580.000","580.000","580.000","0.00","2026-08-14 06:59:59","2026-08-14 14:59:59","0.00000","0","0.00","0.00000"
"all-available","Asia/Taipei","BTCUSDT","BTC-260815-64000-P","2026-08-15","64000","PUT","1h","2026-08-14 07:00:00","2026-08-14 15:00:00","580.000","580.000","580.000","580.000","0.00","2026-08-14 07:59:59","2026-08-14 15:59:59","0.00000","0","0.00","0.00000"
"all-available","Asia/Taipei","BTCUSDT","BTC-260815-64000-P","2026-08-15","64000","PUT","1h","2026-08-14 08:00:00","2026-08-14 16:00:00","1080.000","1200.000","1070.000","1070.000","43.19","2026-08-14 08:59:59","2026-08-14 16:59:59","46663.00000","14","43.19","46663.00000"
"all-available","Asia/Taipei","BTCUSDT","BTC-260815-64000-P","2026-08-15","64000","PUT","1h","2026-08-14 09:00:00","2026-08-14 17:00:00","1070.000","1070.000","1070.000","1070.000","0.00","2026-08-14 09:59:59","2026-08-14 17:59:59","0.00000","0","0.00","0.00000"
"all-available","Asia/Taipei","BTCUSDT","BTC-260815-64000-P","2026-08-15","64000","PUT","1h","2026-08-14 10:00:00","2026-08-14 18:00:00","1070.000","1070.000","1070.000","1070.000","0.00","2026-08-14 10:59:59","2026-08-14 18:59:59","0.00000","0","0.00","0.00000"
"all-available","Asia/Taipei","BTCUSDT","BTC-260815-64000-P","2026-08-15","64000","PUT","1h","2026-08-14 11:00:00","2026-08-14 19:00:00","1135.000","1135.000","1135.000","1135.000","0.01","2026-08-14 11:59:59","2026-08-14 19:59:59","11.35000","1","0.00","0.00000"
"all-available","Asia/Taipei","BTCUSDT","BTC-260815-64000-P","2026-08-15","64000","PUT","1h","2026-08-14 12:00:00","2026-08-14 20:00:00","1135.000","1135.000","1135.000","1135.000","0.00","2026-08-14 12:59:59","2026-08-14 20:59:59","0.00000","0","0.00","0.00000"
"all-available","Asia/Taipei","BTCUSDT","BTC-260815-64000-P","2026-08-15","64000","PUT","1h","2026-08-14 13:00:00","2026-08-14 21:00:00","1280.000","1445.000","1280.000","1445.000","1.03","2026-08-14 13:59:59","2026-08-14 21:59:59","1323.35000","2","1.03","1323.35000"
"all-available","Asia/Taipei","BTCUSDT","BTC-260815-64000-P","2026-08-15","64000","PUT","1h","2026-08-14 14:00:00","2026-08-14 22:00:00","1445.000","1445.000","1445.000","1445.000","0.00","2026-08-14 14:59:59","2026-08-14 22:59:59","0.00000","0","0.00","0.00000"
"all-available","Asia/Taipei","BTCUSDT","BTC-260815-64000-P","2026-08-15","64000","PUT","1h","2026-08-14 15:00:00","2026-08-14 23:00:00","1345.000","1345.000","1345.000","1345.000","0.02","2026-08-14 15:59:59","2026-08-14 23:59:59","26.90000","1","0.00","0.00000"
"all-available","Asia/Taipei","BTCUSDT","BTC-260815-64000-P","2026-08-15","64000","PUT","1h","2026-08-14 16:00:00","2026-08-15 00:00:00","1345.000","1345.000","1345.000","1345.000","0.00","2026-08-14 16:59:59","2026-08-15 00:59:59","0.00000","0","0.00","0.00000"
"all-available","Asia/Taipei","BTCUSDT","BTC-260815-64000-P","2026-08-15","64000","PUT","1h","2026-08-14 17:00:00","2026-08-15 01:00:00","1345.000","1345.000","1345.000","1345.000","0.00","2026-08-14 17:59:59","2026-08-15 01:59:59","0.00000","0","0.00","0.00000"
"all-available","Asia/Taipei","BTCUSDT","BTC-260815-64000-P","2026-08-15","64000","PUT","1h","2026-08-14 18:00:00","2026-08-15 02:00:00","1345.000","1345.000","1345.000","1345.000","0.00","2026-08-14 18:59:59","2026-08-15 02:59:59","0.00000","0","0.00","0.00000"
"all-available","Asia/Taipei","BTCUSDT","BTC-260815-64000-P","2026-08-15","64000","PUT","1h","2026-08-14 19:00:00","2026-08-15 03:00:00","1345.000","1345.000","1345.000","1345.000","0.00","2026-08-14 19:59:59","2026-08-15 03:59:59","0.00000","0","0.00","0.00000"
"all-available","Asia/Taipei","BTCUSDT","BTC-260815-64000-P","2026-08-15","64000","PUT","1h","2026-08-14 20:00:00","2026-08-15 04:00:00","1345.000","1345.000","1345.000","1345.000","0.00","2026-08-14 20:59:59","2026-08-15 04:59:59","0.00000","0","0.00","0.00000"
"all-available","Asia/Taipei","BTCUSDT","BTC-260815-64000-P","2026-08-15","64000","PUT","1h","2026-08-14 21:00:00","2026-08-15 05:00:00","1345.000","1345.000","1345.000","1345.000","0.00","2026-08-14 21:59:59","2026-08-15 05:59:59","0.00000","0","0.00","0.00000"
"all-available","Asia/Taipei","BTCUSDT","BTC-260815-64000-P","2026-08-15","64000","PUT","1h","2026-08-14 22:00:00","2026-08-15 06:00:00","1345.000","1345.000","1345.000","1345.000","0.00","2026-08-14 22:59:59","2026-08-15 06:59:59","0.00000","0","0.00","0.00000"
"all-available","Asia/Taipei","BTCUSDT","BTC-260815-64000-P","2026-08-15","64000","PUT","1h","2026-08-14 23:00:00","2026-08-15 07:00:00","1345.000","1345.000","1345.000","1345.000","0.00","2026-08-14 23:59:59","2026-08-15 07:59:59","0.00000","0","0.00","0.00000"
"all-available","Asia/Taipei","BTCUSDT","BTC-260815-64000-P","2026-08-15","64000","PUT","1h","2026-08-15 00:00:00","2026-08-15 08:00:00","1345.000","1345.000","1345.000","1345.000","0.00","2026-08-15 00:59:59","2026-08-15 08:59:59","0.00000","0","0.00","0.00000"
"all-available","Asia/Taipei","BTCUSDT","BTC-260815-64000-P","2026-08-15","64000","PUT","1h","2026-08-15 01:00:00","2026-08-15 09:00:00","1345.000","1345.000","1345.000","1345.000","0.00","2026-08-15 01:59:59","2026-08-15 09:59:59","0.00000","0","0.00","0.00000"
"all-available","Asia/Taipei","BTCUSDT","BTC-260815-64000-P","2026-08-15","64000","PUT","1h","2026-08-15 02:00:00","2026-08-15 10:00:00","1345.000","1345.000","1345.000","1345.000","0.00","2026-08-15 02:59:59","2026-08-15 10:59:59","0.00000","0","0.00","0.00000"
"all-available","Asia/Taipei","BTCUSDT","BTC-260815-64000-P","2026-08-15","64000","PUT","1h","2026-08-15 03:00:00","2026-08-15 11:00:00","1345.000","1345.000","1345.000","1345.000","0.00","2026-08-15 03:59:59","2026-08-15 11:59:59","0.00000","0","0.00","0.00000"
"all-available","Asia/Taipei","BTCUSDT","BTC-260815-64000-P","2026-08-15","64000","PUT","1h","2026-08-15 04:00:00","2026-08-15 12:00:00","1345.000","1345.000","1345.000","1345.000","0.00","2026-08-15 04:59:59","2026-08-15 12:59:59","0.00000","0","0.00","0.00000"
"all-available","Asia/Taipei","BTCUSDT","BTC-260815-64000-P","2026-08-15","64000","PUT","1h","2026-08-15 05:00:00","2026-08-15 13:00:00","1345.000","1345.000","1345.000","1345.000","0.00","2026-08-15 05:59:59","2026-08-15 13:59:59","0.00000","0","0.00","0.00000"
"all-available","Asia/Taipei","BTCUSDT","BTC-260815-64000-P","2026-08-15","64000","PUT","1h","2026-08-15 06:00:00","2026-08-15 14:00:00","1345.000","1345.000","1345.000","1345.000","0.00","2026-08-15 06:59:59","2026-08-15 14:59:59","0.00000","0","0.00","0.00000"
"all-available","Asia/Taipei","BTCUSDT","BTC-260815-64000-P","2026-08-15","64000","PUT","1h","2026-08-15 07:00:00","2026-08-15 15:00:00","1345.000","1345.000","1345.000","1345.000","0.00","2026-08-15 07:59:59","2026-08-15 15:59:59","0.00000","0","0.00","0.00000"
"all-available","Asia/Taipei","BTCUSDT","BTC-260815-64500-C","2026-08-15","64500","CALL","1h","2026-08-12 10:00:00","2026-08-12 18:00:00","425.000","430.000","425.000","430.000","0.06","2026-08-12 10:59:59","2026-08-12 18:59:59","25.65000","2","0.06","25.65000"
"all-available","Asia/Taipei","BTCUSDT","BTC-260815-64500-C","2026-08-15","64500","CALL","1h","2026-08-12 11:00:00","2026-08-12 19:00:00","490.000","505.000","460.000","505.000","0.31","2026-08-12 11:59:59","2026-08-12 19:59:59","148.90000","7","0.31","148.90000"
"all-available","Asia/Taipei","BTCUSDT","BTC-260815-64500-C","2026-08-15","64500","CALL","1h","2026-08-12 12:00:00","2026-08-12 20:00:00","580.000","620.000","495.000","495.000","6.38","2026-08-12 12:59:59","2026-08-12 20:59:59","3939.65000","10","2.15","1328.55000"
"all-available","Asia/Taipei","BTCUSDT","BTC-260815-64500-C","2026-08-15","64500","CALL","1h","2026-08-12 13:00:00","2026-08-12 21:00:00","485.000","485.000","405.000","405.000","1.11","2026-08-12 13:59:59","2026-08-12 21:59:59","507.05000","3","1.11","507.05000"
"all-available","Asia/Taipei","BTCUSDT","BTC-260815-64500-C","2026-08-15","64500","CALL","1h","2026-08-12 14:00:00","2026-08-12 22:00:00","365.000","380.000","295.000","295.000","34.31","2026-08-12 14:59:59","2026-08-12 22:59:59","11808.35000","14","0.00","0.00000"
"all-available","Asia/Taipei","BTCUSDT","BTC-260815-64500-C","2026-08-15","64500","CALL","1h","2026-08-12 15:00:00","2026-08-12 23:00:00","265.000","265.000","250.000","250.000","0.20","2026-08-12 15:59:59","2026-08-12 23:59:59","52.15000","4","0.20","52.15000"
"all-available","Asia/Taipei","BTCUSDT","BTC-260815-64500-C","2026-08-15","64500","CALL","1h","2026-08-12 16:00:00","2026-08-13 00:00:00","225.000","240.000","225.000","240.000","4.05","2026-08-12 16:59:59","2026-08-13 00:59:59","912.00000","5","0.00","0.00000"
"all-available","Asia/Taipei","BTCUSDT","BTC-260815-64500-C","2026-08-15","64500","CALL","1h","2026-08-12 17:00:00","2026-08-13 01:00:00","240.000","240.000","240.000","240.000","0.00","2026-08-12 17:59:59","2026-08-13 01:59:59","0.00000","0","0.00","0.00000"
"all-available","Asia/Taipei","BTCUSDT","BTC-260815-64500-C","2026-08-15","64500","CALL","1h","2026-08-12 18:00:00","2026-08-13 02:00:00","240.000","240.000","240.000","240.000","0.00","2026-08-12 18:59:59","2026-08-13 02:59:59","0.00000","0","0.00","0.00000"
"all-available","Asia/Taipei","BTCUSDT","BTC-260815-64500-C","2026-08-15","64500","CALL","1h","2026-08-12 19:00:00","2026-08-13 03:00:00","240.000","240.000","240.000","240.000","0.00","2026-08-12 19:59:59","2026-08-13 03:59:59","0.00000","0","0.00","0.00000"
"all-available","Asia/Taipei","BTCUSDT","BTC-260815-64500-C","2026-08-15","64500","CALL","1h","2026-08-12 20:00:00","2026-08-13 04:00:00","240.000","240.000","240.000","240.000","0.00","2026-08-12 20:59:59","2026-08-13 04:59:59","0.00000","0","0.00","0.00000"
"all-available","Asia/Taipei","BTCUSDT","BTC-260815-64500-C","2026-08-15","64500","CALL","1h","2026-08-12 21:00:00","2026-08-13 05:00:00","240.000","240.000","240.000","240.000","4.12","2026-08-12 21:59:59","2026-08-13 05:59:59","988.80000","6","4.12","988.80000"
"all-available","Asia/Taipei","BTCUSDT","BTC-260815-64500-C","2026-08-15","64500","CALL","1h","2026-08-12 22:00:00","2026-08-13 06:00:00","205.000","205.000","180.000","185.000","0.14","2026-08-12 22:59:59","2026-08-13 06:59:59","27.50000","4","0.00","0.00000"
"all-available","Asia/Taipei","BTCUSDT","BTC-260815-64500-C","2026-08-15","64500","CALL","1h","2026-08-12 23:00:00","2026-08-13 07:00:00","195.000","195.000","185.000","185.000","0.02","2026-08-12 23:59:59","2026-08-13 07:59:59","3.80000","2","0.01","1.95000"
"all-available","Asia/Taipei","BTCUSDT","BTC-260815-64500-C","2026-08-15","64500","CALL","1h","2026-08-13 00:00:00","2026-08-13 08:00:00","190.000","240.000","190.000","220.000","0.03","2026-08-13 00:59:59","2026-08-13 08:59:59","6.50000","3","0.02","4.30000"
"all-available","Asia/Taipei","BTCUSDT","BTC-260815-64500-C","2026-08-15","64500","CALL","1h","2026-08-13 01:00:00","2026-08-13 09:00:00","180.000","180.000","180.000","180.000","0.01","2026-08-13 01:59:59","2026-08-13 09:59:59","1.80000","1","0.00","0.00000"
"all-available","Asia/Taipei","BTCUSDT","BTC-260815-64500-C","2026-08-15","64500","CALL","1h","2026-08-13 02:00:00","2026-08-13 10:00:00","185.000","185.000","185.000","185.000","0.02","2026-08-13 02:59:59","2026-08-13 10:59:59","3.70000","1","0.00","0.00000"
"all-available","Asia/Taipei","BTCUSDT","BTC-260815-64500-C","2026-08-15","64500","CALL","1h","2026-08-13 03:00:00","2026-08-13 11:00:00","185.000","185.000","185.000","185.000","0.00","2026-08-13 03:59:59","2026-08-13 11:59:59","0.00000","0","0.00","0.00000"
"all-available","Asia/Taipei","BTCUSDT","BTC-260815-64500-C","2026-08-15","64500","CALL","1h","2026-08-13 04:00:00","2026-08-13 12:00:00","205.000","205.000","205.000","205.000","0.60","2026-08-13 04:59:59","2026-08-13 12:59:59","123.00000","3","0.60","123.00000"
"all-available","Asia/Taipei","BTCUSDT","BTC-260815-64500-C","2026-08-15","64500","CALL","1h","2026-08-13 05:00:00","2026-08-13 13:00:00","260.000","260.000","260.000","260.000","0.02","2026-08-13 05:59:59","2026-08-13 13:59:59","5.20000","1","0.00","0.00000"
"all-available","Asia/Taipei","BTCUSDT","BTC-260815-64500-C","2026-08-15","64500","CALL","1h","2026-08-13 06:00:00","2026-08-13 14:00:00","245.000","245.000","230.000","230.000","1.06","2026-08-13 06:59:59","2026-08-13 14:59:59","244.70000","2","0.06","14.70000"
"all-available","Asia/Taipei","BTCUSDT","BTC-260815-64500-C","2026-08-15","64500","CALL","1h","2026-08-13 07:00:00","2026-08-13 15:00:00","230.000","230.000","230.000","230.000","0.00","2026-08-13 07:59:59","2026-08-13 15:59:59","0.00000","0","0.00","0.00000"
"all-available","Asia/Taipei","BTCUSDT","BTC-260815-64500-C","2026-08-15","64500","CALL","1h","2026-08-13 08:00:00","2026-08-13 16:00:00","245.000","245.000","220.000","220.000","1.15","2026-08-13 08:59:59","2026-08-13 16:59:59","278.00000","2","1.00","245.00000"
"all-available","Asia/Taipei","BTCUSDT","BTC-260815-64500-C","2026-08-15","64500","CALL","1h","2026-08-13 09:00:00","2026-08-13 17:00:00","175.000","175.000","175.000","175.000","0.69","2026-08-13 09:59:59","2026-08-13 17:59:59","120.75000","1","0.69","120.75000"
"all-available","Asia/Taipei","BTCUSDT","BTC-260815-64500-C","2026-08-15","64500","CALL","1h","2026-08-13 10:00:00","2026-08-13 18:00:00","160.000","160.000","160.000","160.000","0.99","2026-08-13 10:59:59","2026-08-13 18:59:59","158.40000","1","0.99","158.40000"
"all-available","Asia/Taipei","BTCUSDT","BTC-260815-64500-C","2026-08-15","64500","CALL","1h","2026-08-13 11:00:00","2026-08-13 19:00:00","170.000","170.000","145.000","145.000","2.44","2026-08-13 11:59:59","2026-08-13 19:59:59","387.00000","7","2.30","366.00000"
"all-available","Asia/Taipei","BTCUSDT","BTC-260815-64500-C","2026-08-15","64500","CALL","1h","2026-08-13 12:00:00","2026-08-13 20:00:00","165.000","165.000","165.000","165.000","3.80","2026-08-13 12:59:59","2026-08-13 20:59:59","627.00000","3","3.80","627.00000"
"all-available","Asia/Taipei","BTCUSDT","BTC-260815-64500-C","2026-08-15","64500","CALL","1h","2026-08-13 13:00:00","2026-08-13 21:00:00","180.000","195.000","180.000","195.000","10.44","2026-08-13 13:59:59","2026-08-13 21:59:59","1955.90000","29","4.39","852.15000"
"all-available","Asia/Taipei","BTCUSDT","BTC-260815-64500-C","2026-08-15","64500","CALL","1h","2026-08-13 14:00:00","2026-08-13 22:00:00","235.000","235.000","235.000","235.000","0.32","2026-08-13 14:59:59","2026-08-13 22:59:59","75.20000","1","0.32","75.20000"
"all-available","Asia/Taipei","BTCUSDT","BTC-260815-64500-C","2026-08-15","64500","CALL","1h","2026-08-13 15:00:00","2026-08-13 23:00:00","235.000","235.000","235.000","235.000","0.00","2026-08-13 15:59:59","2026-08-13 23:59:59","0.00000","0","0.00","0.00000"
"all-available","Asia/Taipei","BTCUSDT","BTC-260815-64500-C","2026-08-15","64500","CALL","1h","2026-08-13 16:00:00","2026-08-14 00:00:00","100.000","100.000","50.000","60.000","1.70","2026-08-13 16:59:59","2026-08-14 00:59:59","123.65000","6","1.57","115.80000"
"all-available","Asia/Taipei","BTCUSDT","BTC-260815-64500-C","2026-08-15","64500","CALL","1h","2026-08-13 17:00:00","2026-08-14 01:00:00","70.000","75.000","70.000","75.000","0.03","2026-08-13 17:59:59","2026-08-14 01:59:59","2.15000","2","0.03","2.15000"
"all-available","Asia/Taipei","BTCUSDT","BTC-260815-64500-C","2026-08-15","64500","CALL","1h","2026-08-13 18:00:00","2026-08-14 02:00:00","70.000","80.000","70.000","80.000","0.08","2026-08-13 18:59:59","2026-08-14 02:59:59","5.70000","2","0.08","5.70000"
"all-available","Asia/Taipei","BTCUSDT","BTC-260815-64500-C","2026-08-15","64500","CALL","1h","2026-08-13 19:00:00","2026-08-14 03:00:00","80.000","80.000","80.000","80.000","0.00","2026-08-13 19:59:59","2026-08-14 03:59:59","0.00000","0","0.00","0.00000"
"all-available","Asia/Taipei","BTCUSDT","BTC-260815-64500-C","2026-08-15","64500","CALL","1h","2026-08-13 20:00:00","2026-08-14 04:00:00","95.000","95.000","95.000","95.000","0.97","2026-08-13 20:59:59","2026-08-14 04:59:59","92.15000","10","0.00","0.00000"
"all-available","Asia/Taipei","BTCUSDT","BTC-260815-64500-C","2026-08-15","64500","CALL","1h","2026-08-13 21:00:00","2026-08-14 05:00:00","95.000","95.000","95.000","95.000","18.44","2026-08-13 21:59:59","2026-08-14 05:59:59","1751.80000","23","0.00","0.00000"
"all-available","Asia/Taipei","BTCUSDT","BTC-260815-64500-C","2026-08-15","64500","CALL","1h","2026-08-13 22:00:00","2026-08-14 06:00:00","90.000","105.000","90.000","105.000","1.35","2026-08-13 22:59:59","2026-08-14 06:59:59","125.75000","9","1.31","121.65000"
"all-available","Asia/Taipei","BTCUSDT","BTC-260815-64500-C","2026-08-15","64500","CALL","1h","2026-08-13 23:00:00","2026-08-14 07:00:00","80.000","80.000","70.000","70.000","1.11","2026-08-13 23:59:59","2026-08-14 07:59:59","88.00000","2","0.00","0.00000"
"all-available","Asia/Taipei","BTCUSDT","BTC-260815-64500-C","2026-08-15","64500","CALL","1h","2026-08-14 00:00:00","2026-08-14 08:00:00","70.000","70.000","70.000","70.000","0.00","2026-08-14 00:59:59","2026-08-14 08:59:59","0.00000","0","0.00","0.00000"
"all-available","Asia/Taipei","BTCUSDT","BTC-260815-64500-C","2026-08-15","64500","CALL","1h","2026-08-14 01:00:00","2026-08-14 09:00:00","60.000","60.000","60.000","60.000","0.06","2026-08-14 01:59:59","2026-08-14 09:59:59","3.60000","1","0.00","0.00000"
"all-available","Asia/Taipei","BTCUSDT","BTC-260815-64500-C","2026-08-15","64500","CALL","1h","2026-08-14 02:00:00","2026-08-14 10:00:00","70.000","70.000","60.000","60.000","1.99","2026-08-14 02:59:59","2026-08-14 10:59:59","129.40000","7","1.00","70.00000"
"all-available","Asia/Taipei","BTCUSDT","BTC-260815-64500-C","2026-08-15","64500","CALL","1h","2026-08-14 03:00:00","2026-08-14 11:00:00","60.000","60.000","45.000","45.000","18.58","2026-08-14 03:59:59","2026-08-14 11:59:59","1063.25000","19","2.33","111.65000"
"all-available","Asia/Taipei","BTCUSDT","BTC-260815-64500-C","2026-08-15","64500","CALL","1h","2026-08-14 04:00:00","2026-08-14 12:00:00","40.000","50.000","40.000","45.000","2.77","2026-08-14 04:59:59","2026-08-14 12:59:59","129.15000","7","1.98","97.30000"
"all-available","Asia/Taipei","BTCUSDT","BTC-260815-64500-C","2026-08-15","64500","CALL","1h","2026-08-14 05:00:00","2026-08-14 13:00:00","40.000","40.000","40.000","40.000","0.12","2026-08-14 05:59:59","2026-08-14 13:59:59","4.80000","2","0.12","4.80000"
"all-available","Asia/Taipei","BTCUSDT","BTC-260815-64500-C","2026-08-15","64500","CALL","1h","2026-08-14 06:00:00","2026-08-14 14:00:00","40.000","40.000","25.000","25.000","4.23","2026-08-14 06:59:59","2026-08-14 14:59:59","129.75000","16","0.41","11.40000"
"all-available","Asia/Taipei","BTCUSDT","BTC-260815-64500-C","2026-08-15","64500","CALL","1h","2026-08-14 07:00:00","2026-08-14 15:00:00","25.000","25.000","25.000","25.000","0.06","2026-08-14 07:59:59","2026-08-14 15:59:59","1.50000","1","0.06","1.50000"
"all-available","Asia/Taipei","BTCUSDT","BTC-260815-64500-C","2026-08-15","64500","CALL","1h","2026-08-14 08:00:00","2026-08-14 16:00:00","25.000","25.000","15.000","15.000","6.51","2026-08-14 08:59:59","2026-08-14 16:59:59","104.20000","24","1.50","26.00000"
"all-available","Asia/Taipei","BTCUSDT","BTC-260815-64500-C","2026-08-15","64500","CALL","1h","2026-08-14 09:00:00","2026-08-14 17:00:00","15.000","15.000","15.000","15.000","2.41","2026-08-14 09:59:59","2026-08-14 17:59:59","36.15000","9","1.00","15.00000"
"all-available","Asia/Taipei","BTCUSDT","BTC-260815-64500-C","2026-08-15","64500","CALL","1h","2026-08-14 10:00:00","2026-08-14 18:00:00","15.000","15.000","15.000","15.000","0.30","2026-08-14 10:59:59","2026-08-14 18:59:59","4.50000","1","0.30","4.50000"
"all-available","Asia/Taipei","BTCUSDT","BTC-260815-64500-C","2026-08-15","64500","CALL","1h","2026-08-14 11:00:00","2026-08-14 19:00:00","15.000","15.000","15.000","15.000","0.00","2026-08-14 11:59:59","2026-08-14 19:59:59","0.00000","0","0.00","0.00000"
"all-available","Asia/Taipei","BTCUSDT","BTC-260815-64500-C","2026-08-15","64500","CALL","1h","2026-08-14 12:00:00","2026-08-14 20:00:00","10.000","10.000","10.000","10.000","2.00","2026-08-14 12:59:59","2026-08-14 20:59:59","20.00000","2","0.00","0.00000"
"all-available","Asia/Taipei","BTCUSDT","BTC-260815-64500-C","2026-08-15","64500","CALL","1h","2026-08-14 13:00:00","2026-08-14 21:00:00","10.000","10.000","10.000","10.000","3.12","2026-08-14 13:59:59","2026-08-14 21:59:59","31.20000","26","3.12","31.20000"
"all-available","Asia/Taipei","BTCUSDT","BTC-260815-64500-C","2026-08-15","64500","CALL","1h","2026-08-14 14:00:00","2026-08-14 22:00:00","5.000","5.000","5.000","5.000","0.21","2026-08-14 14:59:59","2026-08-14 22:59:59","1.05000","4","0.00","0.00000"
"all-available","Asia/Taipei","BTCUSDT","BTC-260815-64500-C","2026-08-15","64500","CALL","1h","2026-08-14 15:00:00","2026-08-14 23:00:00","5.000","5.000","5.000","5.000","0.99","2026-08-14 15:59:59","2026-08-14 23:59:59","4.95000","5","0.00","0.00000"
"all-available","Asia/Taipei","BTCUSDT","BTC-260815-64500-C","2026-08-15","64500","CALL","1h","2026-08-14 16:00:00","2026-08-15 00:00:00","5.000","5.000","5.000","5.000","0.22","2026-08-14 16:59:59","2026-08-15 00:59:59","1.10000","4","0.22","1.10000"
"all-available","Asia/Taipei","BTCUSDT","BTC-260815-64500-C","2026-08-15","64500","CALL","1h","2026-08-14 17:00:00","2026-08-15 01:00:00","5.000","5.000","5.000","5.000","0.00","2026-08-14 17:59:59","2026-08-15 01:59:59","0.00000","0","0.00","0.00000"
"all-available","Asia/Taipei","BTCUSDT","BTC-260815-64500-C","2026-08-15","64500","CALL","1h","2026-08-14 18:00:00","2026-08-15 02:00:00","5.000","5.000","5.000","5.000","0.00","2026-08-14 18:59:59","2026-08-15 02:59:59","0.00000","0","0.00","0.00000"
"all-available","Asia/Taipei","BTCUSDT","BTC-260815-64500-C","2026-08-15","64500","CALL","1h","2026-08-14 19:00:00","2026-08-15 03:00:00","5.000","5.000","5.000","5.000","0.40","2026-08-14 19:59:59","2026-08-15 03:59:59","2.00000","3","0.40","2.00000"
"all-available","Asia/Taipei","BTCUSDT","BTC-260815-64500-C","2026-08-15","64500","CALL","1h","2026-08-14 20:00:00","2026-08-15 04:00:00","5.000","5.000","5.000","5.000","0.00","2026-08-14 20:59:59","2026-08-15 04:59:59","0.00000","0","0.00","0.00000"
"all-available","Asia/Taipei","BTCUSDT","BTC-260815-64500-C","2026-08-15","64500","CALL","1h","2026-08-14 21:00:00","2026-08-15 05:00:00","5.000","5.000","5.000","5.000","0.00","2026-08-14 21:59:59","2026-08-15 05:59:59","0.00000","0","0.00","0.00000"
"all-available","Asia/Taipei","BTCUSDT","BTC-260815-64500-C","2026-08-15","64500","CALL","1h","2026-08-14 22:00:00","2026-08-15 06:00:00","5.000","5.000","5.000","5.000","0.00","2026-08-14 22:59:59","2026-08-15 06:59:59","0.00000","0","0.00","0.00000"
"all-available","Asia/Taipei","BTCUSDT","BTC-260815-64500-C","2026-08-15","64500","CALL","1h","2026-08-14 23:00:00","2026-08-15 07:00:00","5.000","5.000","5.000","5.000","0.00","2026-08-14 23:59:59","2026-08-15 07:59:59","0.00000","0","0.00","0.00000"
"all-available","Asia/Taipei","BTCUSDT","BTC-260815-64500-C","2026-08-15","64500","CALL","1h","2026-08-15 00:00:00","2026-08-15 08:00:00","5.000","5.000","5.000","5.000","0.01","2026-08-15 00:59:59","2026-08-15 08:59:59","0.05000","1","0.01","0.05000"
"all-available","Asia/Taipei","BTCUSDT","BTC-260815-64500-C","2026-08-15","64500","CALL","1h","2026-08-15 01:00:00","2026-08-15 09:00:00","5.000","5.000","5.000","5.000","0.00","2026-08-15 01:59:59","2026-08-15 09:59:59","0.00000","0","0.00","0.00000"
"all-available","Asia/Taipei","BTCUSDT","BTC-260815-64500-C","2026-08-15","64500","CALL","1h","2026-08-15 02:00:00","2026-08-15 10:00:00","5.000","5.000","5.000","5.000","0.00","2026-08-15 02:59:59","2026-08-15 10:59:59","0.00000","0","0.00","0.00000"
"all-available","Asia/Taipei","BTCUSDT","BTC-260815-64500-C","2026-08-15","64500","CALL","1h","2026-08-15 03:00:00","2026-08-15 11:00:00","5.000","5.000","5.000","5.000","0.00","2026-08-15 03:59:59","2026-08-15 11:59:59","0.00000","0","0.00","0.00000"
"all-available","Asia/Taipei","BTCUSDT","BTC-260815-64500-C","2026-08-15","64500","CALL","1h","2026-08-15 04:00:00","2026-08-15 12:00:00","5.000","5.000","5.000","5.000","0.00","2026-08-15 04:59:59","2026-08-15 12:59:59","0.00000","0","0.00","0.00000"
"all-available","Asia/Taipei","BTCUSDT","BTC-260815-64500-C","2026-08-15","64500","CALL","1h","2026-08-15 05:00:00","2026-08-15 13:00:00","5.000","5.000","5.000","5.000","0.00","2026-08-15 05:59:59","2026-08-15 13:59:59","0.00000","0","0.00","0.00000"
"all-available","Asia/Taipei","BTCUSDT","BTC-260815-64500-C","2026-08-15","64500","CALL","1h","2026-08-15 06:00:00","2026-08-15 14:00:00","5.000","5.000","5.000","5.000","0.00","2026-08-15 06:59:59","2026-08-15 14:59:59","0.00000","0","0.00","0.00000"
"all-available","Asia/Taipei","BTCUSDT","BTC-260815-64500-C","2026-08-15","64500","CALL","1h","2026-08-15 07:00:00","2026-08-15 15:00:00","5.000","5.000","5.000","5.000","0.00","2026-08-15 07:59:59","2026-08-15 15:59:59","0.00000","0","0.00","0.00000"
"all-available","Asia/Taipei","BTCUSDT","BTC-260815-64500-P","2026-08-15","64500","PUT","1h","2026-08-12 10:00:00","2026-08-12 18:00:00","780.000","780.000","780.000","780.000","0.50","2026-08-12 10:59:59","2026-08-12 18:59:59","390.00000","4","0.00","0.00000"
"all-available","Asia/Taipei","BTCUSDT","BTC-260815-64500-P","2026-08-15","64500","PUT","1h","2026-08-12 11:00:00","2026-08-12 19:00:00","800.000","810.000","800.000","810.000","4.51","2026-08-12 11:59:59","2026-08-12 19:59:59","3648.10000","2","0.00","0.00000"
"all-available","Asia/Taipei","BTCUSDT","BTC-260815-64500-P","2026-08-15","64500","PUT","1h","2026-08-12 12:00:00","2026-08-12 20:00:00","765.000","870.000","740.000","870.000","2.56","2026-08-12 12:59:59","2026-08-12 20:59:59","2159.10000","5","2.04","1772.50000"
"all-available","Asia/Taipei","BTCUSDT","BTC-260815-64500-P","2026-08-15","64500","PUT","1h","2026-08-12 13:00:00","2026-08-12 21:00:00","940.000","940.000","940.000","940.000","0.10","2026-08-12 13:59:59","2026-08-12 21:59:59","94.00000","1","0.00","0.00000"
"all-available","Asia/Taipei","BTCUSDT","BTC-260815-64500-P","2026-08-15","64500","PUT","1h","2026-08-12 14:00:00","2026-08-12 22:00:00","940.000","940.000","940.000","940.000","0.00","2026-08-12 14:59:59","2026-08-12 22:59:59","0.00000","0","0.00","0.00000"
"all-available","Asia/Taipei","BTCUSDT","BTC-260815-64500-P","2026-08-15","64500","PUT","1h","2026-08-12 15:00:00","2026-08-12 23:00:00","940.000","940.000","940.000","940.000","0.00","2026-08-12 15:59:59","2026-08-12 23:59:59","0.00000","0","0.00","0.00000"
"all-available","Asia/Taipei","BTCUSDT","BTC-260815-64500-P","2026-08-15","64500","PUT","1h","2026-08-12 16:00:00","2026-08-13 00:00:00","940.000","940.000","940.000","940.000","0.00","2026-08-12 16:59:59","2026-08-13 00:59:59","0.00000","0","0.00","0.00000"
"all-available","Asia/Taipei","BTCUSDT","BTC-260815-64500-P","2026-08-15","64500","PUT","1h","2026-08-12 17:00:00","2026-08-13 01:00:00","940.000","940.000","940.000","940.000","0.00","2026-08-12 17:59:59","2026-08-13 01:59:59","0.00000","0","0.00","0.00000"
"all-available","Asia/Taipei","BTCUSDT","BTC-260815-64500-P","2026-08-15","64500","PUT","1h","2026-08-12 18:00:00","2026-08-13 02:00:00","940.000","940.000","940.000","940.000","0.00","2026-08-12 18:59:59","2026-08-13 02:59:59","0.00000","0","0.00","0.00000"
"all-available","Asia/Taipei","BTCUSDT","BTC-260815-64500-P","2026-08-15","64500","PUT","1h","2026-08-12 19:00:00","2026-08-13 03:00:00","940.000","940.000","940.000","940.000","0.00","2026-08-12 19:59:59","2026-08-13 03:59:59","0.00000","0","0.00","0.00000"
"all-available","Asia/Taipei","BTCUSDT","BTC-260815-64500-P","2026-08-15","64500","PUT","1h","2026-08-12 20:00:00","2026-08-13 04:00:00","940.000","940.000","940.000","940.000","0.00","2026-08-12 20:59:59","2026-08-13 04:59:59","0.00000","0","0.00","0.00000"
"all-available","Asia/Taipei","BTCUSDT","BTC-260815-64500-P","2026-08-15","64500","PUT","1h","2026-08-12 21:00:00","2026-08-13 05:00:00","940.000","940.000","940.000","940.000","0.00","2026-08-12 21:59:59","2026-08-13 05:59:59","0.00000","0","0.00","0.00000"
"all-available","Asia/Taipei","BTCUSDT","BTC-260815-64500-P","2026-08-15","64500","PUT","1h","2026-08-12 22:00:00","2026-08-13 06:00:00","940.000","940.000","940.000","940.000","0.00","2026-08-12 22:59:59","2026-08-13 06:59:59","0.00000","0","0.00","0.00000"
"all-available","Asia/Taipei","BTCUSDT","BTC-260815-64500-P","2026-08-15","64500","PUT","1h","2026-08-12 23:00:00","2026-08-13 07:00:00","940.000","940.000","940.000","940.000","0.00","2026-08-12 23:59:59","2026-08-13 07:59:59","0.00000","0","0.00","0.00000"
"all-available","Asia/Taipei","BTCUSDT","BTC-260815-64500-P","2026-08-15","64500","PUT","1h","2026-08-13 00:00:00","2026-08-13 08:00:00","940.000","940.000","940.000","940.000","0.00","2026-08-13 00:59:59","2026-08-13 08:59:59","0.00000","0","0.00","0.00000"
"all-available","Asia/Taipei","BTCUSDT","BTC-260815-64500-P","2026-08-15","64500","PUT","1h","2026-08-13 01:00:00","2026-08-13 09:00:00","940.000","940.000","940.000","940.000","0.00","2026-08-13 01:59:59","2026-08-13 09:59:59","0.00000","0","0.00","0.00000"
"all-available","Asia/Taipei","BTCUSDT","BTC-260815-64500-P","2026-08-15","64500","PUT","1h","2026-08-13 02:00:00","2026-08-13 10:00:00","940.000","940.000","940.000","940.000","0.00","2026-08-13 02:59:59","2026-08-13 10:59:59","0.00000","0","0.00","0.00000"
"all-available","Asia/Taipei","BTCUSDT","BTC-260815-64500-P","2026-08-15","64500","PUT","1h","2026-08-13 03:00:00","2026-08-13 11:00:00","940.000","940.000","940.000","940.000","0.00","2026-08-13 03:59:59","2026-08-13 11:59:59","0.00000","0","0.00","0.00000"
"all-available","Asia/Taipei","BTCUSDT","BTC-260815-64500-P","2026-08-15","64500","PUT","1h","2026-08-13 04:00:00","2026-08-13 12:00:00","940.000","940.000","940.000","940.000","0.00","2026-08-13 04:59:59","2026-08-13 12:59:59","0.00000","0","0.00","0.00000"
"all-available","Asia/Taipei","BTCUSDT","BTC-260815-64500-P","2026-08-15","64500","PUT","1h","2026-08-13 05:00:00","2026-08-13 13:00:00","940.000","940.000","940.000","940.000","0.00","2026-08-13 05:59:59","2026-08-13 13:59:59","0.00000","0","0.00","0.00000"
"all-available","Asia/Taipei","BTCUSDT","BTC-260815-64500-P","2026-08-15","64500","PUT","1h","2026-08-13 06:00:00","2026-08-13 14:00:00","940.000","940.000","940.000","940.000","0.00","2026-08-13 06:59:59","2026-08-13 14:59:59","0.00000","0","0.00","0.00000"
"all-available","Asia/Taipei","BTCUSDT","BTC-260815-64500-P","2026-08-15","64500","PUT","1h","2026-08-13 07:00:00","2026-08-13 15:00:00","940.000","940.000","940.000","940.000","0.00","2026-08-13 07:59:59","2026-08-13 15:59:59","0.00000","0","0.00","0.00000"
"all-available","Asia/Taipei","BTCUSDT","BTC-260815-64500-P","2026-08-15","64500","PUT","1h","2026-08-13 08:00:00","2026-08-13 16:00:00","940.000","940.000","940.000","940.000","0.00","2026-08-13 08:59:59","2026-08-13 16:59:59","0.00000","0","0.00","0.00000"
"all-available","Asia/Taipei","BTCUSDT","BTC-260815-64500-P","2026-08-15","64500","PUT","1h","2026-08-13 09:00:00","2026-08-13 17:00:00","940.000","940.000","940.000","940.000","0.00","2026-08-13 09:59:59","2026-08-13 17:59:59","0.00000","0","0.00","0.00000"
"all-available","Asia/Taipei","BTCUSDT","BTC-260815-64500-P","2026-08-15","64500","PUT","1h","2026-08-13 10:00:00","2026-08-13 18:00:00","940.000","940.000","940.000","940.000","0.00","2026-08-13 10:59:59","2026-08-13 18:59:59","0.00000","0","0.00","0.00000"
"all-available","Asia/Taipei","BTCUSDT","BTC-260815-64500-P","2026-08-15","64500","PUT","1h","2026-08-13 11:00:00","2026-08-13 19:00:00","940.000","940.000","940.000","940.000","0.00","2026-08-13 11:59:59","2026-08-13 19:59:59","0.00000","0","0.00","0.00000"
"all-available","Asia/Taipei","BTCUSDT","BTC-260815-64500-P","2026-08-15","64500","PUT","1h","2026-08-13 12:00:00","2026-08-13 20:00:00","940.000","940.000","940.000","940.000","0.00","2026-08-13 12:59:59","2026-08-13 20:59:59","0.00000","0","0.00","0.00000"
"all-available","Asia/Taipei","BTCUSDT","BTC-260815-64500-P","2026-08-15","64500","PUT","1h","2026-08-13 13:00:00","2026-08-13 21:00:00","940.000","940.000","940.000","940.000","0.00","2026-08-13 13:59:59","2026-08-13 21:59:59","0.00000","0","0.00","0.00000"
"all-available","Asia/Taipei","BTCUSDT","BTC-260815-64500-P","2026-08-15","64500","PUT","1h","2026-08-13 14:00:00","2026-08-13 22:00:00","940.000","940.000","940.000","940.000","0.00","2026-08-13 14:59:59","2026-08-13 22:59:59","0.00000","0","0.00","0.00000"
"all-available","Asia/Taipei","BTCUSDT","BTC-260815-64500-P","2026-08-15","64500","PUT","1h","2026-08-13 15:00:00","2026-08-13 23:00:00","940.000","940.000","940.000","940.000","0.00","2026-08-13 15:59:59","2026-08-13 23:59:59","0.00000","0","0.00","0.00000"
"all-available","Asia/Taipei","BTCUSDT","BTC-260815-64500-P","2026-08-15","64500","PUT","1h","2026-08-13 16:00:00","2026-08-14 00:00:00","1145.000","1145.000","1145.000","1145.000","0.02","2026-08-13 16:59:59","2026-08-14 00:59:59","22.90000","1","0.02","22.90000"
"all-available","Asia/Taipei","BTCUSDT","BTC-260815-64500-P","2026-08-15","64500","PUT","1h","2026-08-13 17:00:00","2026-08-14 01:00:00","1145.000","1145.000","1145.000","1145.000","0.00","2026-08-13 17:59:59","2026-08-14 01:59:59","0.00000","0","0.00","0.00000"
"all-available","Asia/Taipei","BTCUSDT","BTC-260815-64500-P","2026-08-15","64500","PUT","1h","2026-08-13 18:00:00","2026-08-14 02:00:00","1145.000","1145.000","1145.000","1145.000","0.00","2026-08-13 18:59:59","2026-08-14 02:59:59","0.00000","0","0.00","0.00000"
"all-available","Asia/Taipei","BTCUSDT","BTC-260815-64500-P","2026-08-15","64500","PUT","1h","2026-08-13 19:00:00","2026-08-14 03:00:00","1145.000","1145.000","1145.000","1145.000","0.00","2026-08-13 19:59:59","2026-08-14 03:59:59","0.00000","0","0.00","0.00000"
"all-available","Asia/Taipei","BTCUSDT","BTC-260815-64500-P","2026-08-15","64500","PUT","1h","2026-08-13 20:00:00","2026-08-14 04:00:00","1145.000","1145.000","1145.000","1145.000","0.00","2026-08-13 20:59:59","2026-08-14 04:59:59","0.00000","0","0.00","0.00000"
"all-available","Asia/Taipei","BTCUSDT","BTC-260815-64500-P","2026-08-15","64500","PUT","1h","2026-08-13 21:00:00","2026-08-14 05:00:00","1145.000","1145.000","1145.000","1145.000","0.00","2026-08-13 21:59:59","2026-08-14 05:59:59","0.00000","0","0.00","0.00000"
"all-available","Asia/Taipei","BTCUSDT","BTC-260815-64500-P","2026-08-15","64500","PUT","1h","2026-08-13 22:00:00","2026-08-14 06:00:00","1145.000","1145.000","1145.000","1145.000","0.00","2026-08-13 22:59:59","2026-08-14 06:59:59","0.00000","0","0.00","0.00000"
"all-available","Asia/Taipei","BTCUSDT","BTC-260815-64500-P","2026-08-15","64500","PUT","1h","2026-08-13 23:00:00","2026-08-14 07:00:00","1145.000","1145.000","1145.000","1145.000","0.00","2026-08-13 23:59:59","2026-08-14 07:59:59","0.00000","0","0.00","0.00000"
"all-available","Asia/Taipei","BTCUSDT","BTC-260815-64500-P","2026-08-15","64500","PUT","1h","2026-08-14 00:00:00","2026-08-14 08:00:00","1145.000","1145.000","1145.000","1145.000","0.00","2026-08-14 00:59:59","2026-08-14 08:59:59","0.00000","0","0.00","0.00000"
"all-available","Asia/Taipei","BTCUSDT","BTC-260815-64500-P","2026-08-15","64500","PUT","1h","2026-08-14 01:00:00","2026-08-14 09:00:00","1145.000","1145.000","1145.000","1145.000","0.00","2026-08-14 01:59:59","2026-08-14 09:59:59","0.00000","0","0.00","0.00000"
"all-available","Asia/Taipei","BTCUSDT","BTC-260815-64500-P","2026-08-15","64500","PUT","1h","2026-08-14 02:00:00","2026-08-14 10:00:00","1145.000","1145.000","1145.000","1145.000","0.00","2026-08-14 02:59:59","2026-08-14 10:59:59","0.00000","0","0.00","0.00000"
"all-available","Asia/Taipei","BTCUSDT","BTC-260815-64500-P","2026-08-15","64500","PUT","1h","2026-08-14 03:00:00","2026-08-14 11:00:00","995.000","995.000","995.000","995.000","2.01","2026-08-14 03:59:59","2026-08-14 11:59:59","1999.95000","2","0.00","0.00000"
"all-available","Asia/Taipei","BTCUSDT","BTC-260815-64500-P","2026-08-15","64500","PUT","1h","2026-08-14 04:00:00","2026-08-14 12:00:00","1145.000","1145.000","1145.000","1145.000","0.37","2026-08-14 04:59:59","2026-08-14 12:59:59","423.65000","1","0.37","423.65000"
"all-available","Asia/Taipei","BTCUSDT","BTC-260815-64500-P","2026-08-15","64500","PUT","1h","2026-08-14 05:00:00","2026-08-14 13:00:00","1145.000","1145.000","1145.000","1145.000","1.64","2026-08-14 05:59:59","2026-08-14 13:59:59","1877.80000","1","1.64","1877.80000"
"all-available","Asia/Taipei","BTCUSDT","BTC-260815-64500-P","2026-08-15","64500","PUT","1h","2026-08-14 06:00:00","2026-08-14 14:00:00","1145.000","1145.000","1145.000","1145.000","0.00","2026-08-14 06:59:59","2026-08-14 14:59:59","0.00000","0","0.00","0.00000"
"all-available","Asia/Taipei","BTCUSDT","BTC-260815-64500-P","2026-08-15","64500","PUT","1h","2026-08-14 07:00:00","2026-08-14 15:00:00","1145.000","1145.000","1145.000","1145.000","0.00","2026-08-14 07:59:59","2026-08-14 15:59:59","0.00000","0","0.00","0.00000"
"all-available","Asia/Taipei","BTCUSDT","BTC-260815-64500-P","2026-08-15","64500","PUT","1h","2026-08-14 08:00:00","2026-08-14 16:00:00","1530.000","1700.000","1530.000","1700.000","1.00","2026-08-14 08:59:59","2026-08-14 16:59:59","1615.00000","2","1.00","1615.00000"
"all-available","Asia/Taipei","BTCUSDT","BTC-260815-64500-P","2026-08-15","64500","PUT","1h","2026-08-14 09:00:00","2026-08-14 17:00:00","1700.000","1700.000","1700.000","1700.000","0.00","2026-08-14 09:59:59","2026-08-14 17:59:59","0.00000","0","0.00","0.00000"
"all-available","Asia/Taipei","BTCUSDT","BTC-260815-64500-P","2026-08-15","64500","PUT","1h","2026-08-14 10:00:00","2026-08-14 18:00:00","1700.000","1700.000","1700.000","1700.000","0.00","2026-08-14 10:59:59","2026-08-14 18:59:59","0.00000","0","0.00","0.00000"
"all-available","Asia/Taipei","BTCUSDT","BTC-260815-64500-P","2026-08-15","64500","PUT","1h","2026-08-14 11:00:00","2026-08-14 19:00:00","1700.000","1700.000","1700.000","1700.000","0.00","2026-08-14 11:59:59","2026-08-14 19:59:59","0.00000","0","0.00","0.00000"
"all-available","Asia/Taipei","BTCUSDT","BTC-260815-64500-P","2026-08-15","64500","PUT","1h","2026-08-14 12:00:00","2026-08-14 20:00:00","1700.000","1700.000","1700.000","1700.000","0.00","2026-08-14 12:59:59","2026-08-14 20:59:59","0.00000","0","0.00","0.00000"
"all-available","Asia/Taipei","BTCUSDT","BTC-260815-64500-P","2026-08-15","64500","PUT","1h","2026-08-14 13:00:00","2026-08-14 21:00:00","1700.000","1700.000","1700.000","1700.000","0.00","2026-08-14 13:59:59","2026-08-14 21:59:59","0.00000","0","0.00","0.00000"
"all-available","Asia/Taipei","BTCUSDT","BTC-260815-64500-P","2026-08-15","64500","PUT","1h","2026-08-14 14:00:00","2026-08-14 22:00:00","1700.000","1700.000","1700.000","1700.000","0.00","2026-08-14 14:59:59","2026-08-14 22:59:59","0.00000","0","0.00","0.00000"
"all-available","Asia/Taipei","BTCUSDT","BTC-260815-64500-P","2026-08-15","64500","PUT","1h","2026-08-14 15:00:00","2026-08-14 23:00:00","1700.000","1700.000","1700.000","1700.000","0.00","2026-08-14 15:59:59","2026-08-14 23:59:59","0.00000","0","0.00","0.00000"
"all-available","Asia/Taipei","BTCUSDT","BTC-260815-64500-P","2026-08-15","64500","PUT","1h","2026-08-14 16:00:00","2026-08-15 00:00:00","1700.000","1700.000","1700.000","1700.000","0.00","2026-08-14 16:59:59","2026-08-15 00:59:59","0.00000","0","0.00","0.00000"
"all-available","Asia/Taipei","BTCUSDT","BTC-260815-64500-P","2026-08-15","64500","PUT","1h","2026-08-14 17:00:00","2026-08-15 01:00:00","1700.000","1700.000","1700.000","1700.000","0.00","2026-08-14 17:59:59","2026-08-15 01:59:59","0.00000","0","0.00","0.00000"
"all-available","Asia/Taipei","BTCUSDT","BTC-260815-64500-P","2026-08-15","64500","PUT","1h","2026-08-14 18:00:00","2026-08-15 02:00:00","1700.000","1700.000","1700.000","1700.000","0.00","2026-08-14 18:59:59","2026-08-15 02:59:59","0.00000","0","0.00","0.00000"
"all-available","Asia/Taipei","BTCUSDT","BTC-260815-64500-P","2026-08-15","64500","PUT","1h","2026-08-14 19:00:00","2026-08-15 03:00:00","1700.000","1700.000","1700.000","1700.000","0.00","2026-08-14 19:59:59","2026-08-15 03:59:59","0.00000","0","0.00","0.00000"
"all-available","Asia/Taipei","BTCUSDT","BTC-260815-64500-P","2026-08-15","64500","PUT","1h","2026-08-14 20:00:00","2026-08-15 04:00:00","1700.000","1700.000","1700.000","1700.000","0.00","2026-08-14 20:59:59","2026-08-15 04:59:59","0.00000","0","0.00","0.00000"
"all-available","Asia/Taipei","BTCUSDT","BTC-260815-64500-P","2026-08-15","64500","PUT","1h","2026-08-14 21:00:00","2026-08-15 05:00:00","1700.000","1700.000","1700.000","1700.000","0.00","2026-08-14 21:59:59","2026-08-15 05:59:59","0.00000","0","0.00","0.00000"
"all-available","Asia/Taipei","BTCUSDT","BTC-260815-64500-P","2026-08-15","64500","PUT","1h","2026-08-14 22:00:00","2026-08-15 06:00:00","1700.000","1700.000","1700.000","1700.000","0.00","2026-08-14 22:59:59","2026-08-15 06:59:59","0.00000","0","0.00","0.00000"
"all-available","Asia/Taipei","BTCUSDT","BTC-260815-64500-P","2026-08-15","64500","PUT","1h","2026-08-14 23:00:00","2026-08-15 07:00:00","1700.000","1700.000","1700.000","1700.000","0.00","2026-08-14 23:59:59","2026-08-15 07:59:59","0.00000","0","0.00","0.00000"
"all-available","Asia/Taipei","BTCUSDT","BTC-260815-64500-P","2026-08-15","64500","PUT","1h","2026-08-15 00:00:00","2026-08-15 08:00:00","1700.000","1700.000","1700.000","1700.000","0.00","2026-08-15 00:59:59","2026-08-15 08:59:59","0.00000","0","0.00","0.00000"
"all-available","Asia/Taipei","BTCUSDT","BTC-260815-64500-P","2026-08-15","64500","PUT","1h","2026-08-15 01:00:00","2026-08-15 09:00:00","1700.000","1700.000","1700.000","1700.000","0.00","2026-08-15 01:59:59","2026-08-15 09:59:59","0.00000","0","0.00","0.00000"
"all-available","Asia/Taipei","BTCUSDT","BTC-260815-64500-P","2026-08-15","64500","PUT","1h","2026-08-15 02:00:00","2026-08-15 10:00:00","1455.000","1455.000","1455.000","1455.000","0.01","2026-08-15 02:59:59","2026-08-15 10:59:59","14.55000","1","0.00","0.00000"
"all-available","Asia/Taipei","BTCUSDT","BTC-260815-64500-P","2026-08-15","64500","PUT","1h","2026-08-15 03:00:00","2026-08-15 11:00:00","1455.000","1455.000","1455.000","1455.000","0.00","2026-08-15 03:59:59","2026-08-15 11:59:59","0.00000","0","0.00","0.00000"
"all-available","Asia/Taipei","BTCUSDT","BTC-260815-64500-P","2026-08-15","64500","PUT","1h","2026-08-15 04:00:00","2026-08-15 12:00:00","1455.000","1455.000","1455.000","1455.000","0.00","2026-08-15 04:59:59","2026-08-15 12:59:59","0.00000","0","0.00","0.00000"
"all-available","Asia/Taipei","BTCUSDT","BTC-260815-64500-P","2026-08-15","64500","PUT","1h","2026-08-15 05:00:00","2026-08-15 13:00:00","1455.000","1455.000","1455.000","1455.000","0.00","2026-08-15 05:59:59","2026-08-15 13:59:59","0.00000","0","0.00","0.00000"
"all-available","Asia/Taipei","BTCUSDT","BTC-260815-64500-P","2026-08-15","64500","PUT","1h","2026-08-15 06:00:00","2026-08-15 14:00:00","1455.000","1455.000","1455.000","1455.000","0.00","2026-08-15 06:59:59","2026-08-15 14:59:59","0.00000","0","0.00","0.00000"
"all-available","Asia/Taipei","BTCUSDT","BTC-260815-64500-P","2026-08-15","64500","PUT","1h","2026-08-15 07:00:00","2026-08-15 15:00:00","1455.000","1455.000","1455.000","1455.000","0.00","2026-08-15 07:59:59","2026-08-15 15:59:59","0.00000","0","0.00","0.00000"
"all-available","Asia/Taipei","BTCUSDT","BTC-260815-65000-C","2026-08-15","65000","CALL","1h","2026-08-12 08:00:00","2026-08-12 16:00:00","190.000","190.000","175.000","175.000","0.17","2026-08-12 08:59:59","2026-08-12 16:59:59","29.90000","2","0.00","0.00000"
"all-available","Asia/Taipei","BTCUSDT","BTC-260815-65000-C","2026-08-15","65000","CALL","1h","2026-08-12 09:00:00","2026-08-12 17:00:00","180.000","180.000","180.000","180.000","0.02","2026-08-12 09:59:59","2026-08-12 17:59:59","3.60000","1","0.00","0.00000"
"all-available","Asia/Taipei","BTCUSDT","BTC-260815-65000-C","2026-08-15","65000","CALL","1h","2026-08-12 10:00:00","2026-08-12 18:00:00","280.000","280.000","280.000","280.000","0.08","2026-08-12 10:59:59","2026-08-12 18:59:59","22.40000","1","0.00","0.00000"
"all-available","Asia/Taipei","BTCUSDT","BTC-260815-65000-C","2026-08-15","65000","CALL","1h","2026-08-12 11:00:00","2026-08-12 19:00:00","300.000","375.000","300.000","375.000","9.36","2026-08-12 11:59:59","2026-08-12 19:59:59","3242.25000","9","8.36","2872.25000"
"all-available","Asia/Taipei","BTCUSDT","BTC-260815-65000-C","2026-08-15","65000","CALL","1h","2026-08-12 12:00:00","2026-08-12 20:00:00","385.000","435.000","315.000","315.000","13.33","2026-08-12 12:59:59","2026-08-12 20:59:59","5003.85000","9","13.11","4919.15000"
"all-available","Asia/Taipei","BTCUSDT","BTC-260815-65000-C","2026-08-15","65000","CALL","1h","2026-08-12 13:00:00","2026-08-12 21:00:00","325.000","325.000","250.000","250.000","12.74","2026-08-12 13:59:59","2026-08-12 21:59:59","3754.00000","4","12.74","3754.00000"
"all-available","Asia/Taipei","BTCUSDT","BTC-260815-65000-C","2026-08-15","65000","CALL","1h","2026-08-12 14:00:00","2026-08-12 22:00:00","230.000","230.000","175.000","175.000","15.50","2026-08-12 14:59:59","2026-08-12 22:59:59","2815.05000","6","0.46","105.80000"
"all-available","Asia/Taipei","BTCUSDT","BTC-260815-65000-C","2026-08-15","65000","CALL","1h","2026-08-12 15:00:00","2026-08-12 23:00:00","160.000","160.000","160.000","160.000","0.02","2026-08-12 15:59:59","2026-08-12 23:59:59","3.20000","1","0.00","0.00000"
"all-available","Asia/Taipei","BTCUSDT","BTC-260815-65000-C","2026-08-15","65000","CALL","1h","2026-08-12 16:00:00","2026-08-13 00:00:00","160.000","160.000","160.000","160.000","0.00","2026-08-12 16:59:59","2026-08-13 00:59:59","0.00000","0","0.00","0.00000"
"all-available","Asia/Taipei","BTCUSDT","BTC-260815-65000-C","2026-08-15","65000","CALL","1h","2026-08-12 17:00:00","2026-08-13 01:00:00","160.000","160.000","160.000","160.000","0.00","2026-08-12 17:59:59","2026-08-13 01:59:59","0.00000","0","0.00","0.00000"
"all-available","Asia/Taipei","BTCUSDT","BTC-260815-65000-C","2026-08-15","65000","CALL","1h","2026-08-12 18:00:00","2026-08-13 02:00:00","120.000","120.000","120.000","120.000","0.46","2026-08-12 18:59:59","2026-08-13 02:59:59","55.20000","1","0.00","0.00000"
"all-available","Asia/Taipei","BTCUSDT","BTC-260815-65000-C","2026-08-15","65000","CALL","1h","2026-08-12 19:00:00","2026-08-13 03:00:00","115.000","115.000","115.000","115.000","0.60","2026-08-12 19:59:59","2026-08-13 03:59:59","69.00000","1","0.00","0.00000"
"all-available","Asia/Taipei","BTCUSDT","BTC-260815-65000-C","2026-08-15","65000","CALL","1h","2026-08-12 20:00:00","2026-08-13 04:00:00","115.000","115.000","115.000","115.000","0.00","2026-08-12 20:59:59","2026-08-13 04:59:59","0.00000","0","0.00","0.00000"
"all-available","Asia/Taipei","BTCUSDT","BTC-260815-65000-C","2026-08-15","65000","CALL","1h","2026-08-12 21:00:00","2026-08-13 05:00:00","115.000","115.000","115.000","115.000","0.00","2026-08-12 21:59:59","2026-08-13 05:59:59","0.00000","0","0.00","0.00000"
"all-available","Asia/Taipei","BTCUSDT","BTC-260815-65000-C","2026-08-15","65000","CALL","1h","2026-08-12 22:00:00","2026-08-13 06:00:00","115.000","115.000","115.000","115.000","0.00","2026-08-12 22:59:59","2026-08-13 06:59:59","0.00000","0","0.00","0.00000"
"all-available","Asia/Taipei","BTCUSDT","BTC-260815-65000-C","2026-08-15","65000","CALL","1h","2026-08-12 23:00:00","2026-08-13 07:00:00","110.000","110.000","110.000","110.000","0.41","2026-08-12 23:59:59","2026-08-13 07:59:59","45.10000","1","0.00","0.00000"
"all-available","Asia/Taipei","BTCUSDT","BTC-260815-65000-C","2026-08-15","65000","CALL","1h","2026-08-13 00:00:00","2026-08-13 08:00:00","115.000","130.000","115.000","130.000","0.04","2026-08-13 00:59:59","2026-08-13 08:59:59","4.90000","2","0.00","0.00000"
"all-available","Asia/Taipei","BTCUSDT","BTC-260815-65000-C","2026-08-15","65000","CALL","1h","2026-08-13 01:00:00","2026-08-13 09:00:00","110.000","110.000","110.000","110.000","0.01","2026-08-13 01:59:59","2026-08-13 09:59:59","1.10000","1","0.00","0.00000"
"all-available","Asia/Taipei","BTCUSDT","BTC-260815-65000-C","2026-08-15","65000","CALL","1h","2026-08-13 02:00:00","2026-08-13 10:00:00","110.000","110.000","110.000","110.000","0.00","2026-08-13 02:59:59","2026-08-13 10:59:59","0.00000","0","0.00","0.00000"
"all-available","Asia/Taipei","BTCUSDT","BTC-260815-65000-C","2026-08-15","65000","CALL","1h","2026-08-13 03:00:00","2026-08-13 11:00:00","125.000","125.000","125.000","125.000","0.03","2026-08-13 03:59:59","2026-08-13 11:59:59","3.75000","1","0.00","0.00000"
"all-available","Asia/Taipei","BTCUSDT","BTC-260815-65000-C","2026-08-15","65000","CALL","1h","2026-08-13 04:00:00","2026-08-13 12:00:00","125.000","125.000","125.000","125.000","0.00","2026-08-13 04:59:59","2026-08-13 12:59:59","0.00000","0","0.00","0.00000"
"all-available","Asia/Taipei","BTCUSDT","BTC-260815-65000-C","2026-08-15","65000","CALL","1h","2026-08-13 05:00:00","2026-08-13 13:00:00","165.000","165.000","155.000","155.000","0.12","2026-08-13 05:59:59","2026-08-13 13:59:59","19.40000","2","0.08","13.20000"
"all-available","Asia/Taipei","BTCUSDT","BTC-260815-65000-C","2026-08-15","65000","CALL","1h","2026-08-13 06:00:00","2026-08-13 14:00:00","145.000","145.000","125.000","125.000","4.61","2026-08-13 06:59:59","2026-08-13 14:59:59","634.75000","6","0.00","0.00000"
"all-available","Asia/Taipei","BTCUSDT","BTC-260815-65000-C","2026-08-15","65000","CALL","1h","2026-08-13 07:00:00","2026-08-13 15:00:00","125.000","125.000","125.000","125.000","0.00","2026-08-13 07:59:59","2026-08-13 15:59:59","0.00000","0","0.00","0.00000"
"all-available","Asia/Taipei","BTCUSDT","BTC-260815-65000-C","2026-08-15","65000","CALL","1h","2026-08-13 08:00:00","2026-08-13 16:00:00","125.000","125.000","110.000","110.000","12.43","2026-08-13 08:59:59","2026-08-13 16:59:59","1434.85000","13","6.03","723.60000"
"all-available","Asia/Taipei","BTCUSDT","BTC-260815-65000-C","2026-08-15","65000","CALL","1h","2026-08-13 09:00:00","2026-08-13 17:00:00","115.000","115.000","90.000","90.000","5.01","2026-08-13 09:59:59","2026-08-13 17:59:59","451.15000","4","0.01","1.15000"
"all-available","Asia/Taipei","BTCUSDT","BTC-260815-65000-C","2026-08-15","65000","CALL","1h","2026-08-13 10:00:00","2026-08-13 18:00:00","100.000","100.000","90.000","90.000","8.85","2026-08-13 10:59:59","2026-08-13 18:59:59","825.50000","3","2.90","290.00000"
"all-available","Asia/Taipei","BTCUSDT","BTC-260815-65000-C","2026-08-15","65000","CALL","1h","2026-08-13 11:00:00","2026-08-13 19:00:00","90.000","95.000","85.000","85.000","3.36","2026-08-13 11:59:59","2026-08-13 19:59:59","301.40000","11","2.11","195.15000"
"all-available","Asia/Taipei","BTCUSDT","BTC-260815-65000-C","2026-08-15","65000","CALL","1h","2026-08-13 12:00:00","2026-08-13 20:00:00","100.000","100.000","100.000","100.000","3.00","2026-08-13 12:59:59","2026-08-13 20:59:59","300.00000","2","0.00","0.00000"
"all-available","Asia/Taipei","BTCUSDT","BTC-260815-65000-C","2026-08-15","65000","CALL","1h","2026-08-13 13:00:00","2026-08-13 21:00:00","95.000","105.000","95.000","105.000","3.91","2026-08-13 13:59:59","2026-08-13 21:59:59","404.05000","15","2.91","304.05000"
"all-available","Asia/Taipei","BTCUSDT","BTC-260815-65000-C","2026-08-15","65000","CALL","1h","2026-08-13 14:00:00","2026-08-13 22:00:00","135.000","135.000","135.000","135.000","2.90","2026-08-13 14:59:59","2026-08-13 22:59:59","391.50000","1","0.00","0.00000"
"all-available","Asia/Taipei","BTCUSDT","BTC-260815-65000-C","2026-08-15","65000","CALL","1h","2026-08-13 15:00:00","2026-08-13 23:00:00","115.000","115.000","105.000","105.000","5.50","2026-08-13 15:59:59","2026-08-13 23:59:59","582.50000","2","0.00","0.00000"
"all-available","Asia/Taipei","BTCUSDT","BTC-260815-65000-C","2026-08-15","65000","CALL","1h","2026-08-13 16:00:00","2026-08-14 00:00:00","30.000","30.000","30.000","30.000","0.39","2026-08-13 16:59:59","2026-08-14 00:59:59","11.70000","1","0.00","0.00000"
"all-available","Asia/Taipei","BTCUSDT","BTC-260815-65000-C","2026-08-15","65000","CALL","1h","2026-08-13 17:00:00","2026-08-14 01:00:00","35.000","35.000","35.000","35.000","0.13","2026-08-13 17:59:59","2026-08-14 01:59:59","4.55000","2","0.00","0.00000"
"all-available","Asia/Taipei","BTCUSDT","BTC-260815-65000-C","2026-08-15","65000","CALL","1h","2026-08-13 18:00:00","2026-08-14 02:00:00","35.000","35.000","35.000","35.000","0.21","2026-08-13 18:59:59","2026-08-14 02:59:59","7.35000","3","0.08","2.80000"
"all-available","Asia/Taipei","BTCUSDT","BTC-260815-65000-C","2026-08-15","65000","CALL","1h","2026-08-13 19:00:00","2026-08-14 03:00:00","35.000","35.000","35.000","35.000","0.00","2026-08-13 19:59:59","2026-08-14 03:59:59","0.00000","0","0.00","0.00000"
"all-available","Asia/Taipei","BTCUSDT","BTC-260815-65000-C","2026-08-15","65000","CALL","1h","2026-08-13 20:00:00","2026-08-14 04:00:00","35.000","35.000","35.000","35.000","0.00","2026-08-13 20:59:59","2026-08-14 04:59:59","0.00000","0","0.00","0.00000"
"all-available","Asia/Taipei","BTCUSDT","BTC-260815-65000-C","2026-08-15","65000","CALL","1h","2026-08-13 21:00:00","2026-08-14 05:00:00","35.000","35.000","35.000","35.000","0.00","2026-08-13 21:59:59","2026-08-14 05:59:59","0.00000","0","0.00","0.00000"
"all-available","Asia/Taipei","BTCUSDT","BTC-260815-65000-C","2026-08-15","65000","CALL","1h","2026-08-13 22:00:00","2026-08-14 06:00:00","35.000","35.000","35.000","35.000","0.00","2026-08-13 22:59:59","2026-08-14 06:59:59","0.00000","0","0.00","0.00000"
"all-available","Asia/Taipei","BTCUSDT","BTC-260815-65000-C","2026-08-15","65000","CALL","1h","2026-08-13 23:00:00","2026-08-14 07:00:00","40.000","40.000","35.000","35.000","1.28","2026-08-13 23:59:59","2026-08-14 07:59:59","51.10000","4","0.02","0.70000"
"all-available","Asia/Taipei","BTCUSDT","BTC-260815-65000-C","2026-08-15","65000","CALL","1h","2026-08-14 00:00:00","2026-08-14 08:00:00","30.000","30.000","30.000","30.000","0.51","2026-08-14 00:59:59","2026-08-14 08:59:59","15.30000","2","0.00","0.00000"
"all-available","Asia/Taipei","BTCUSDT","BTC-260815-65000-C","2026-08-15","65000","CALL","1h","2026-08-14 01:00:00","2026-08-14 09:00:00","35.000","35.000","30.000","30.000","3.85","2026-08-14 01:59:59","2026-08-14 09:59:59","124.75000","6","1.85","64.75000"
"all-available","Asia/Taipei","BTCUSDT","BTC-260815-65000-C","2026-08-15","65000","CALL","1h","2026-08-14 02:00:00","2026-08-14 10:00:00","25.000","25.000","25.000","25.000","0.01","2026-08-14 02:59:59","2026-08-14 10:59:59","0.25000","1","0.00","0.00000"
"all-available","Asia/Taipei","BTCUSDT","BTC-260815-65000-C","2026-08-15","65000","CALL","1h","2026-08-14 03:00:00","2026-08-14 11:00:00","25.000","25.000","25.000","25.000","0.65","2026-08-14 03:59:59","2026-08-14 11:59:59","16.25000","7","0.50","12.50000"
"all-available","Asia/Taipei","BTCUSDT","BTC-260815-65000-C","2026-08-15","65000","CALL","1h","2026-08-14 04:00:00","2026-08-14 12:00:00","25.000","25.000","25.000","25.000","0.20","2026-08-14 04:59:59","2026-08-14 12:59:59","5.00000","1","0.20","5.00000"
"all-available","Asia/Taipei","BTCUSDT","BTC-260815-65000-C","2026-08-15","65000","CALL","1h","2026-08-14 05:00:00","2026-08-14 13:00:00","25.000","25.000","25.000","25.000","10.00","2026-08-14 05:59:59","2026-08-14 13:59:59","250.00000","4","10.00","250.00000"
"all-available","Asia/Taipei","BTCUSDT","BTC-260815-65000-C","2026-08-15","65000","CALL","1h","2026-08-14 06:00:00","2026-08-14 14:00:00","15.000","15.000","15.000","15.000","3.30","2026-08-14 06:59:59","2026-08-14 14:59:59","49.50000","5","0.30","4.50000"
"all-available","Asia/Taipei","BTCUSDT","BTC-260815-65000-C","2026-08-15","65000","CALL","1h","2026-08-14 07:00:00","2026-08-14 15:00:00","15.000","15.000","15.000","15.000","0.66","2026-08-14 07:59:59","2026-08-14 15:59:59","9.90000","4","0.37","5.55000"
"all-available","Asia/Taipei","BTCUSDT","BTC-260815-65000-C","2026-08-15","65000","CALL","1h","2026-08-14 08:00:00","2026-08-14 16:00:00","10.000","10.000","10.000","10.000","2.28","2026-08-14 08:59:59","2026-08-14 16:59:59","22.80000","8","0.33","3.30000"
"all-available","Asia/Taipei","BTCUSDT","BTC-260815-65000-C","2026-08-15","65000","CALL","1h","2026-08-14 09:00:00","2026-08-14 17:00:00","10.000","10.000","10.000","10.000","0.00","2026-08-14 09:59:59","2026-08-14 17:59:59","0.00000","0","0.00","0.00000"
"all-available","Asia/Taipei","BTCUSDT","BTC-260815-65000-C","2026-08-15","65000","CALL","1h","2026-08-14 10:00:00","2026-08-14 18:00:00","10.000","10.000","10.000","10.000","0.00","2026-08-14 10:59:59","2026-08-14 18:59:59","0.00000","0","0.00","0.00000"
"all-available","Asia/Taipei","BTCUSDT","BTC-260815-65000-C","2026-08-15","65000","CALL","1h","2026-08-14 11:00:00","2026-08-14 19:00:00","5.000","5.000","5.000","5.000","0.47","2026-08-14 11:59:59","2026-08-14 19:59:59","2.35000","10","0.00","0.00000"
"all-available","Asia/Taipei","BTCUSDT","BTC-260815-65000-C","2026-08-15","65000","CALL","1h","2026-08-14 12:00:00","2026-08-14 20:00:00","5.000","5.000","5.000","5.000","1.21","2026-08-14 12:59:59","2026-08-14 20:59:59","6.05000","2","0.00","0.00000"
"all-available","Asia/Taipei","BTCUSDT","BTC-260815-65000-C","2026-08-15","65000","CALL","1h","2026-08-14 13:00:00","2026-08-14 21:00:00","5.000","5.000","5.000","5.000","5.29","2026-08-14 13:59:59","2026-08-14 21:59:59","26.45000","25","5.28","26.40000"
"all-available","Asia/Taipei","BTCUSDT","BTC-260815-65000-C","2026-08-15","65000","CALL","1h","2026-08-14 14:00:00","2026-08-14 22:00:00","5.000","5.000","5.000","5.000","10.00","2026-08-14 14:59:59","2026-08-14 22:59:59","50.00000","6","10.00","50.00000"
"all-available","Asia/Taipei","BTCUSDT","BTC-260815-65000-C","2026-08-15","65000","CALL","1h","2026-08-14 15:00:00","2026-08-14 23:00:00","5.000","5.000","5.000","5.000","9.94","2026-08-14 15:59:59","2026-08-14 23:59:59","49.70000","10","9.94","49.70000"
"all-available","Asia/Taipei","BTCUSDT","BTC-260815-65000-C","2026-08-15","65000","CALL","1h","2026-08-14 16:00:00","2026-08-15 00:00:00","5.000","5.000","5.000","5.000","0.00","2026-08-14 16:59:59","2026-08-15 00:59:59","0.00000","0","0.00","0.00000"
"all-available","Asia/Taipei","BTCUSDT","BTC-260815-65000-C","2026-08-15","65000","CALL","1h","2026-08-14 17:00:00","2026-08-15 01:00:00","5.000","5.000","5.000","5.000","0.00","2026-08-14 17:59:59","2026-08-15 01:59:59","0.00000","0","0.00","0.00000"
"all-available","Asia/Taipei","BTCUSDT","BTC-260815-65000-C","2026-08-15","65000","CALL","1h","2026-08-14 18:00:00","2026-08-15 02:00:00","5.000","5.000","5.000","5.000","0.00","2026-08-14 18:59:59","2026-08-15 02:59:59","0.00000","0","0.00","0.00000"
"all-available","Asia/Taipei","BTCUSDT","BTC-260815-65000-C","2026-08-15","65000","CALL","1h","2026-08-14 19:00:00","2026-08-15 03:00:00","5.000","5.000","5.000","5.000","0.24","2026-08-14 19:59:59","2026-08-15 03:59:59","1.20000","2","0.24","1.20000"
"all-available","Asia/Taipei","BTCUSDT","BTC-260815-65000-C","2026-08-15","65000","CALL","1h","2026-08-14 20:00:00","2026-08-15 04:00:00","5.000","5.000","5.000","5.000","0.00","2026-08-14 20:59:59","2026-08-15 04:59:59","0.00000","0","0.00","0.00000"
"all-available","Asia/Taipei","BTCUSDT","BTC-260815-65000-C","2026-08-15","65000","CALL","1h","2026-08-14 21:00:00","2026-08-15 05:00:00","5.000","5.000","5.000","5.000","0.00","2026-08-14 21:59:59","2026-08-15 05:59:59","0.00000","0","0.00","0.00000"
"all-available","Asia/Taipei","BTCUSDT","BTC-260815-65000-C","2026-08-15","65000","CALL","1h","2026-08-14 22:00:00","2026-08-15 06:00:00","5.000","5.000","5.000","5.000","0.00","2026-08-14 22:59:59","2026-08-15 06:59:59","0.00000","0","0.00","0.00000"
"all-available","Asia/Taipei","BTCUSDT","BTC-260815-65000-C","2026-08-15","65000","CALL","1h","2026-08-14 23:00:00","2026-08-15 07:00:00","5.000","5.000","5.000","5.000","0.00","2026-08-14 23:59:59","2026-08-15 07:59:59","0.00000","0","0.00","0.00000"
"all-available","Asia/Taipei","BTCUSDT","BTC-260815-65000-C","2026-08-15","65000","CALL","1h","2026-08-15 00:00:00","2026-08-15 08:00:00","5.000","5.000","5.000","5.000","0.00","2026-08-15 00:59:59","2026-08-15 08:59:59","0.00000","0","0.00","0.00000"
"all-available","Asia/Taipei","BTCUSDT","BTC-260815-65000-C","2026-08-15","65000","CALL","1h","2026-08-15 01:00:00","2026-08-15 09:00:00","5.000","5.000","5.000","5.000","0.00","2026-08-15 01:59:59","2026-08-15 09:59:59","0.00000","0","0.00","0.00000"
"all-available","Asia/Taipei","BTCUSDT","BTC-260815-65000-C","2026-08-15","65000","CALL","1h","2026-08-15 02:00:00","2026-08-15 10:00:00","5.000","5.000","5.000","5.000","0.00","2026-08-15 02:59:59","2026-08-15 10:59:59","0.00000","0","0.00","0.00000"
"all-available","Asia/Taipei","BTCUSDT","BTC-260815-65000-C","2026-08-15","65000","CALL","1h","2026-08-15 03:00:00","2026-08-15 11:00:00","5.000","5.000","5.000","5.000","0.00","2026-08-15 03:59:59","2026-08-15 11:59:59","0.00000","0","0.00","0.00000"
"all-available","Asia/Taipei","BTCUSDT","BTC-260815-65000-C","2026-08-15","65000","CALL","1h","2026-08-15 04:00:00","2026-08-15 12:00:00","5.000","5.000","5.000","5.000","0.00","2026-08-15 04:59:59","2026-08-15 12:59:59","0.00000","0","0.00","0.00000"
"all-available","Asia/Taipei","BTCUSDT","BTC-260815-65000-C","2026-08-15","65000","CALL","1h","2026-08-15 05:00:00","2026-08-15 13:00:00","5.000","5.000","5.000","5.000","0.00","2026-08-15 05:59:59","2026-08-15 13:59:59","0.00000","0","0.00","0.00000"
"all-available","Asia/Taipei","BTCUSDT","BTC-260815-65000-C","2026-08-15","65000","CALL","1h","2026-08-15 06:00:00","2026-08-15 14:00:00","5.000","5.000","5.000","5.000","0.00","2026-08-15 06:59:59","2026-08-15 14:59:59","0.00000","0","0.00","0.00000"
"all-available","Asia/Taipei","BTCUSDT","BTC-260815-65000-C","2026-08-15","65000","CALL","1h","2026-08-15 07:00:00","2026-08-15 15:00:00","5.000","5.000","5.000","5.000","0.00","2026-08-15 07:59:59","2026-08-15 15:59:59","0.00000","0","0.00","0.00000"
"all-available","Asia/Taipei","BTCUSDT","BTC-260815-65500-C","2026-08-15","65500","CALL","1h","2026-08-12 18:00:00","2026-08-13 02:00:00","75.000","75.000","75.000","75.000","0.26","2026-08-12 18:59:59","2026-08-13 02:59:59","19.50000","1","0.00","0.00000"
"all-available","Asia/Taipei","BTCUSDT","BTC-260815-65500-C","2026-08-15","65500","CALL","1h","2026-08-12 19:00:00","2026-08-13 03:00:00","75.000","75.000","75.000","75.000","0.00","2026-08-12 19:59:59","2026-08-13 03:59:59","0.00000","0","0.00","0.00000"
"all-available","Asia/Taipei","BTCUSDT","BTC-260815-65500-C","2026-08-15","65500","CALL","1h","2026-08-12 20:00:00","2026-08-13 04:00:00","75.000","75.000","75.000","75.000","0.00","2026-08-12 20:59:59","2026-08-13 04:59:59","0.00000","0","0.00","0.00000"
"all-available","Asia/Taipei","BTCUSDT","BTC-260815-65500-C","2026-08-15","65500","CALL","1h","2026-08-12 21:00:00","2026-08-13 05:00:00","75.000","75.000","75.000","75.000","0.00","2026-08-12 21:59:59","2026-08-13 05:59:59","0.00000","0","0.00","0.00000"
"all-available","Asia/Taipei","BTCUSDT","BTC-260815-65500-C","2026-08-15","65500","CALL","1h","2026-08-12 22:00:00","2026-08-13 06:00:00","75.000","75.000","75.000","75.000","0.00","2026-08-12 22:59:59","2026-08-13 06:59:59","0.00000","0","0.00","0.00000"
"all-available","Asia/Taipei","BTCUSDT","BTC-260815-65500-C","2026-08-15","65500","CALL","1h","2026-08-12 23:00:00","2026-08-13 07:00:00","75.000","75.000","75.000","75.000","0.00","2026-08-12 23:59:59","2026-08-13 07:59:59","0.00000","0","0.00","0.00000"
"all-available","Asia/Taipei","BTCUSDT","BTC-260815-65500-C","2026-08-15","65500","CALL","1h","2026-08-13 00:00:00","2026-08-13 08:00:00","75.000","75.000","75.000","75.000","0.00","2026-08-13 00:59:59","2026-08-13 08:59:59","0.00000","0","0.00","0.00000"
"all-available","Asia/Taipei","BTCUSDT","BTC-260815-65500-C","2026-08-15","65500","CALL","1h","2026-08-13 01:00:00","2026-08-13 09:00:00","75.000","75.000","70.000","70.000","0.06","2026-08-13 01:59:59","2026-08-13 09:59:59","4.40000","3","0.00","0.00000"
"all-available","Asia/Taipei","BTCUSDT","BTC-260815-65500-C","2026-08-15","65500","CALL","1h","2026-08-13 02:00:00","2026-08-13 10:00:00","65.000","65.000","65.000","65.000","0.02","2026-08-13 02:59:59","2026-08-13 10:59:59","1.30000","2","0.00","0.00000"
"all-available","Asia/Taipei","BTCUSDT","BTC-260815-65500-C","2026-08-15","65500","CALL","1h","2026-08-13 03:00:00","2026-08-13 11:00:00","70.000","70.000","70.000","70.000","0.02","2026-08-13 03:59:59","2026-08-13 11:59:59","1.40000","1","0.00","0.00000"
"all-available","Asia/Taipei","BTCUSDT","BTC-260815-65500-C","2026-08-15","65500","CALL","1h","2026-08-13 04:00:00","2026-08-13 12:00:00","70.000","70.000","70.000","70.000","0.00","2026-08-13 04:59:59","2026-08-13 12:59:59","0.00000","0","0.00","0.00000"
"all-available","Asia/Taipei","BTCUSDT","BTC-260815-65500-C","2026-08-15","65500","CALL","1h","2026-08-13 05:00:00","2026-08-13 13:00:00","70.000","70.000","70.000","70.000","0.00","2026-08-13 05:59:59","2026-08-13 13:59:59","0.00000","0","0.00","0.00000"
"all-available","Asia/Taipei","BTCUSDT","BTC-260815-65500-C","2026-08-15","65500","CALL","1h","2026-08-13 06:00:00","2026-08-13 14:00:00","70.000","70.000","70.000","70.000","0.00","2026-08-13 06:59:59","2026-08-13 14:59:59","0.00000","0","0.00","0.00000"
"all-available","Asia/Taipei","BTCUSDT","BTC-260815-65500-C","2026-08-15","65500","CALL","1h","2026-08-13 07:00:00","2026-08-13 15:00:00","80.000","80.000","80.000","80.000","0.01","2026-08-13 07:59:59","2026-08-13 15:59:59","0.80000","1","0.01","0.80000"
"all-available","Asia/Taipei","BTCUSDT","BTC-260815-65500-C","2026-08-15","65500","CALL","1h","2026-08-13 08:00:00","2026-08-13 16:00:00","65.000","65.000","65.000","65.000","6.00","2026-08-13 08:59:59","2026-08-13 16:59:59","390.00000","5","5.00","325.00000"
"all-available","Asia/Taipei","BTCUSDT","BTC-260815-65500-C","2026-08-15","65500","CALL","1h","2026-08-13 09:00:00","2026-08-13 17:00:00","65.000","65.000","65.000","65.000","0.00","2026-08-13 09:59:59","2026-08-13 17:59:59","0.00000","0","0.00","0.00000"
"all-available","Asia/Taipei","BTCUSDT","BTC-260815-65500-C","2026-08-15","65500","CALL","1h","2026-08-13 10:00:00","2026-08-13 18:00:00","50.000","50.000","50.000","50.000","4.25","2026-08-13 10:59:59","2026-08-13 18:59:59","212.50000","3","4.25","212.50000"
"all-available","Asia/Taipei","BTCUSDT","BTC-260815-65500-C","2026-08-15","65500","CALL","1h","2026-08-13 11:00:00","2026-08-13 19:00:00","50.000","50.000","50.000","50.000","0.00","2026-08-13 11:59:59","2026-08-13 19:59:59","0.00000","0","0.00","0.00000"
"all-available","Asia/Taipei","BTCUSDT","BTC-260815-65500-C","2026-08-15","65500","CALL","1h","2026-08-13 12:00:00","2026-08-13 20:00:00","50.000","50.000","50.000","50.000","0.63","2026-08-13 12:59:59","2026-08-13 20:59:59","31.50000","2","0.63","31.50000"
"all-available","Asia/Taipei","BTCUSDT","BTC-260815-65500-C","2026-08-15","65500","CALL","1h","2026-08-13 13:00:00","2026-08-13 21:00:00","55.000","60.000","55.000","60.000","1.59","2026-08-13 13:59:59","2026-08-13 21:59:59","91.45000","7","1.59","91.45000"
"all-available","Asia/Taipei","BTCUSDT","BTC-260815-65500-C","2026-08-15","65500","CALL","1h","2026-08-13 14:00:00","2026-08-13 22:00:00","65.000","65.000","65.000","65.000","0.01","2026-08-13 14:59:59","2026-08-13 22:59:59","0.65000","1","0.01","0.65000"
"all-available","Asia/Taipei","BTCUSDT","BTC-260815-65500-C","2026-08-15","65500","CALL","1h","2026-08-13 15:00:00","2026-08-13 23:00:00","50.000","50.000","40.000","40.000","4.13","2026-08-13 15:59:59","2026-08-13 23:59:59","181.60000","4","1.64","82.00000"
"all-available","Asia/Taipei","BTCUSDT","BTC-260815-65500-C","2026-08-15","65500","CALL","1h","2026-08-13 16:00:00","2026-08-14 00:00:00","35.000","35.000","20.000","20.000","4.77","2026-08-13 16:59:59","2026-08-14 00:59:59","97.35000","8","3.00","60.00000"
"all-available","Asia/Taipei","BTCUSDT","BTC-260815-65500-C","2026-08-15","65500","CALL","1h","2026-08-13 17:00:00","2026-08-14 01:00:00","20.000","20.000","20.000","20.000","0.00","2026-08-13 17:59:59","2026-08-14 01:59:59","0.00000","0","0.00","0.00000"
"all-available","Asia/Taipei","BTCUSDT","BTC-260815-65500-C","2026-08-15","65500","CALL","1h","2026-08-13 18:00:00","2026-08-14 02:00:00","20.000","20.000","20.000","20.000","0.00","2026-08-13 18:59:59","2026-08-14 02:59:59","0.00000","0","0.00","0.00000"
"all-available","Asia/Taipei","BTCUSDT","BTC-260815-65500-C","2026-08-15","65500","CALL","1h","2026-08-13 19:00:00","2026-08-14 03:00:00","20.000","20.000","20.000","20.000","0.00","2026-08-13 19:59:59","2026-08-14 03:59:59","0.00000","0","0.00","0.00000"
"all-available","Asia/Taipei","BTCUSDT","BTC-260815-65500-C","2026-08-15","65500","CALL","1h","2026-08-13 20:00:00","2026-08-14 04:00:00","20.000","20.000","20.000","20.000","0.00","2026-08-13 20:59:59","2026-08-14 04:59:59","0.00000","0","0.00","0.00000"
"all-available","Asia/Taipei","BTCUSDT","BTC-260815-65500-C","2026-08-15","65500","CALL","1h","2026-08-13 21:00:00","2026-08-14 05:00:00","20.000","20.000","20.000","20.000","0.00","2026-08-13 21:59:59","2026-08-14 05:59:59","0.00000","0","0.00","0.00000"
"all-available","Asia/Taipei","BTCUSDT","BTC-260815-65500-C","2026-08-15","65500","CALL","1h","2026-08-13 22:00:00","2026-08-14 06:00:00","30.000","30.000","30.000","30.000","0.11","2026-08-13 22:59:59","2026-08-14 06:59:59","3.30000","1","0.11","3.30000"
"all-available","Asia/Taipei","BTCUSDT","BTC-260815-65500-C","2026-08-15","65500","CALL","1h","2026-08-13 23:00:00","2026-08-14 07:00:00","30.000","30.000","30.000","30.000","0.00","2026-08-13 23:59:59","2026-08-14 07:59:59","0.00000","0","0.00","0.00000"
"all-available","Asia/Taipei","BTCUSDT","BTC-260815-65500-C","2026-08-15","65500","CALL","1h","2026-08-14 00:00:00","2026-08-14 08:00:00","30.000","30.000","30.000","30.000","0.00","2026-08-14 00:59:59","2026-08-14 08:59:59","0.00000","0","0.00","0.00000"
"all-available","Asia/Taipei","BTCUSDT","BTC-260815-65500-C","2026-08-15","65500","CALL","1h","2026-08-14 01:00:00","2026-08-14 09:00:00","20.000","20.000","20.000","20.000","1.00","2026-08-14 01:59:59","2026-08-14 09:59:59","20.00000","1","1.00","20.00000"
"all-available","Asia/Taipei","BTCUSDT","BTC-260815-65500-C","2026-08-15","65500","CALL","1h","2026-08-14 02:00:00","2026-08-14 10:00:00","20.000","20.000","20.000","20.000","0.00","2026-08-14 02:59:59","2026-08-14 10:59:59","0.00000","0","0.00","0.00000"
"all-available","Asia/Taipei","BTCUSDT","BTC-260815-65500-C","2026-08-15","65500","CALL","1h","2026-08-14 03:00:00","2026-08-14 11:00:00","20.000","20.000","20.000","20.000","0.00","2026-08-14 03:59:59","2026-08-14 11:59:59","0.00000","0","0.00","0.00000"
"all-available","Asia/Taipei","BTCUSDT","BTC-260815-65500-C","2026-08-15","65500","CALL","1h","2026-08-14 04:00:00","2026-08-14 12:00:00","15.000","15.000","15.000","15.000","0.06","2026-08-14 04:59:59","2026-08-14 12:59:59","0.90000","1","0.00","0.00000"
"all-available","Asia/Taipei","BTCUSDT","BTC-260815-65500-C","2026-08-15","65500","CALL","1h","2026-08-14 05:00:00","2026-08-14 13:00:00","10.000","10.000","10.000","10.000","0.01","2026-08-14 05:59:59","2026-08-14 13:59:59","0.10000","1","0.00","0.00000"
"all-available","Asia/Taipei","BTCUSDT","BTC-260815-65500-C","2026-08-15","65500","CALL","1h","2026-08-14 06:00:00","2026-08-14 14:00:00","10.000","10.000","10.000","10.000","0.02","2026-08-14 06:59:59","2026-08-14 14:59:59","0.20000","1","0.00","0.00000"
"all-available","Asia/Taipei","BTCUSDT","BTC-260815-65500-C","2026-08-15","65500","CALL","1h","2026-08-14 07:00:00","2026-08-14 15:00:00","15.000","15.000","10.000","10.000","1.06","2026-08-14 07:59:59","2026-08-14 15:59:59","10.90000","3","0.06","0.90000"
"all-available","Asia/Taipei","BTCUSDT","BTC-260815-65500-C","2026-08-15","65500","CALL","1h","2026-08-14 08:00:00","2026-08-14 16:00:00","5.000","5.000","5.000","5.000","1.81","2026-08-14 08:59:59","2026-08-14 16:59:59","9.05000","7","0.00","0.00000"
"all-available","Asia/Taipei","BTCUSDT","BTC-260815-65500-C","2026-08-15","65500","CALL","1h","2026-08-14 09:00:00","2026-08-14 17:00:00","5.000","5.000","5.000","5.000","2.21","2026-08-14 09:59:59","2026-08-14 17:59:59","11.05000","2","0.00","0.00000"
"all-available","Asia/Taipei","BTCUSDT","BTC-260815-65500-C","2026-08-15","65500","CALL","1h","2026-08-14 10:00:00","2026-08-14 18:00:00","10.000","10.000","5.000","10.000","11.04","2026-08-14 10:59:59","2026-08-14 18:59:59","110.20000","8","11.00","110.00000"
"all-available","Asia/Taipei","BTCUSDT","BTC-260815-65500-C","2026-08-15","65500","CALL","1h","2026-08-14 11:00:00","2026-08-14 19:00:00","5.000","5.000","5.000","5.000","0.22","2026-08-14 11:59:59","2026-08-14 19:59:59","1.10000","4","0.00","0.00000"
"all-available","Asia/Taipei","BTCUSDT","BTC-260815-65500-C","2026-08-15","65500","CALL","1h","2026-08-14 12:00:00","2026-08-14 20:00:00","5.000","5.000","5.000","5.000","0.00","2026-08-14 12:59:59","2026-08-14 20:59:59","0.00000","0","0.00","0.00000"
"all-available","Asia/Taipei","BTCUSDT","BTC-260815-65500-C","2026-08-15","65500","CALL","1h","2026-08-14 13:00:00","2026-08-14 21:00:00","5.000","5.000","5.000","5.000","0.00","2026-08-14 13:59:59","2026-08-14 21:59:59","0.00000","0","0.00","0.00000"
"all-available","Asia/Taipei","BTCUSDT","BTC-260815-65500-C","2026-08-15","65500","CALL","1h","2026-08-14 14:00:00","2026-08-14 22:00:00","5.000","5.000","5.000","5.000","0.00","2026-08-14 14:59:59","2026-08-14 22:59:59","0.00000","0","0.00","0.00000"
"all-available","Asia/Taipei","BTCUSDT","BTC-260815-65500-C","2026-08-15","65500","CALL","1h","2026-08-14 15:00:00","2026-08-14 23:00:00","5.000","5.000","5.000","5.000","0.00","2026-08-14 15:59:59","2026-08-14 23:59:59","0.00000","0","0.00","0.00000"
"all-available","Asia/Taipei","BTCUSDT","BTC-260815-65500-C","2026-08-15","65500","CALL","1h","2026-08-14 16:00:00","2026-08-15 00:00:00","5.000","5.000","5.000","5.000","0.00","2026-08-14 16:59:59","2026-08-15 00:59:59","0.00000","0","0.00","0.00000"
"all-available","Asia/Taipei","BTCUSDT","BTC-260815-65500-C","2026-08-15","65500","CALL","1h","2026-08-14 17:00:00","2026-08-15 01:00:00","5.000","5.000","5.000","5.000","0.00","2026-08-14 17:59:59","2026-08-15 01:59:59","0.00000","0","0.00","0.00000"
"all-available","Asia/Taipei","BTCUSDT","BTC-260815-65500-C","2026-08-15","65500","CALL","1h","2026-08-14 18:00:00","2026-08-15 02:00:00","5.000","5.000","5.000","5.000","0.00","2026-08-14 18:59:59","2026-08-15 02:59:59","0.00000","0","0.00","0.00000"
"all-available","Asia/Taipei","BTCUSDT","BTC-260815-65500-C","2026-08-15","65500","CALL","1h","2026-08-14 19:00:00","2026-08-15 03:00:00","5.000","5.000","5.000","5.000","0.00","2026-08-14 19:59:59","2026-08-15 03:59:59","0.00000","0","0.00","0.00000"
"all-available","Asia/Taipei","BTCUSDT","BTC-260815-65500-C","2026-08-15","65500","CALL","1h","2026-08-14 20:00:00","2026-08-15 04:00:00","5.000","5.000","5.000","5.000","0.00","2026-08-14 20:59:59","2026-08-15 04:59:59","0.00000","0","0.00","0.00000"
"all-available","Asia/Taipei","BTCUSDT","BTC-260815-65500-C","2026-08-15","65500","CALL","1h","2026-08-14 21:00:00","2026-08-15 05:00:00","5.000","5.000","5.000","5.000","0.00","2026-08-14 21:59:59","2026-08-15 05:59:59","0.00000","0","0.00","0.00000"
"all-available","Asia/Taipei","BTCUSDT","BTC-260815-65500-C","2026-08-15","65500","CALL","1h","2026-08-14 22:00:00","2026-08-15 06:00:00","5.000","5.000","5.000","5.000","0.00","2026-08-14 22:59:59","2026-08-15 06:59:59","0.00000","0","0.00","0.00000"
"all-available","Asia/Taipei","BTCUSDT","BTC-260815-65500-C","2026-08-15","65500","CALL","1h","2026-08-14 23:00:00","2026-08-15 07:00:00","5.000","5.000","5.000","5.000","0.00","2026-08-14 23:59:59","2026-08-15 07:59:59","0.00000","0","0.00","0.00000"
"all-available","Asia/Taipei","BTCUSDT","BTC-260815-65500-C","2026-08-15","65500","CALL","1h","2026-08-15 00:00:00","2026-08-15 08:00:00","5.000","5.000","5.000","5.000","0.00","2026-08-15 00:59:59","2026-08-15 08:59:59","0.00000","0","0.00","0.00000"
"all-available","Asia/Taipei","BTCUSDT","BTC-260815-65500-C","2026-08-15","65500","CALL","1h","2026-08-15 01:00:00","2026-08-15 09:00:00","5.000","5.000","5.000","5.000","0.00","2026-08-15 01:59:59","2026-08-15 09:59:59","0.00000","0","0.00","0.00000"
"all-available","Asia/Taipei","BTCUSDT","BTC-260815-65500-C","2026-08-15","65500","CALL","1h","2026-08-15 02:00:00","2026-08-15 10:00:00","5.000","5.000","5.000","5.000","0.00","2026-08-15 02:59:59","2026-08-15 10:59:59","0.00000","0","0.00","0.00000"
"all-available","Asia/Taipei","BTCUSDT","BTC-260815-65500-C","2026-08-15","65500","CALL","1h","2026-08-15 03:00:00","2026-08-15 11:00:00","5.000","5.000","5.000","5.000","0.00","2026-08-15 03:59:59","2026-08-15 11:59:59","0.00000","0","0.00","0.00000"
"all-available","Asia/Taipei","BTCUSDT","BTC-260815-65500-C","2026-08-15","65500","CALL","1h","2026-08-15 04:00:00","2026-08-15 12:00:00","5.000","5.000","5.000","5.000","0.00","2026-08-15 04:59:59","2026-08-15 12:59:59","0.00000","0","0.00","0.00000"
"all-available","Asia/Taipei","BTCUSDT","BTC-260815-65500-C","2026-08-15","65500","CALL","1h","2026-08-15 05:00:00","2026-08-15 13:00:00","5.000","5.000","5.000","5.000","0.00","2026-08-15 05:59:59","2026-08-15 13:59:59","0.00000","0","0.00","0.00000"
"all-available","Asia/Taipei","BTCUSDT","BTC-260815-65500-C","2026-08-15","65500","CALL","1h","2026-08-15 06:00:00","2026-08-15 14:00:00","5.000","5.000","5.000","5.000","0.00","2026-08-15 06:59:59","2026-08-15 14:59:59","0.00000","0","0.00","0.00000"
"all-available","Asia/Taipei","BTCUSDT","BTC-260815-65500-C","2026-08-15","65500","CALL","1h","2026-08-15 07:00:00","2026-08-15 15:00:00","5.000","5.000","5.000","5.000","0.00","2026-08-15 07:59:59","2026-08-15 15:59:59","0.00000","0","0.00","0.00000"
"all-available","Asia/Taipei","BTCUSDT","BTC-260815-66000-C","2026-08-15","66000","CALL","1h","2026-08-12 08:00:00","2026-08-12 16:00:00","55.000","55.000","50.000","50.000","1.17","2026-08-12 08:59:59","2026-08-12 16:59:59","64.00000","3","1.10","60.50000"
"all-available","Asia/Taipei","BTCUSDT","BTC-260815-66000-C","2026-08-15","66000","CALL","1h","2026-08-12 09:00:00","2026-08-12 17:00:00","55.000","65.000","50.000","65.000","1.92","2026-08-12 09:59:59","2026-08-12 17:59:59","115.50000","3","1.90","114.50000"
"all-available","Asia/Taipei","BTCUSDT","BTC-260815-66000-C","2026-08-15","66000","CALL","1h","2026-08-12 10:00:00","2026-08-12 18:00:00","65.000","75.000","65.000","75.000","10.82","2026-08-12 10:59:59","2026-08-12 18:59:59","807.30000","4","10.00","750.00000"
"all-available","Asia/Taipei","BTCUSDT","BTC-260815-66000-C","2026-08-15","66000","CALL","1h","2026-08-12 11:00:00","2026-08-12 19:00:00","105.000","150.000","105.000","150.000","5.06","2026-08-12 11:59:59","2026-08-12 19:59:59","713.55000","8","4.00","600.00000"
"all-available","Asia/Taipei","BTCUSDT","BTC-260815-66000-C","2026-08-15","66000","CALL","1h","2026-08-12 12:00:00","2026-08-12 20:00:00","160.000","180.000","115.000","115.000","5.06","2026-08-12 12:59:59","2026-08-12 20:59:59","818.55000","16","0.22","36.30000"
"all-available","Asia/Taipei","BTCUSDT","BTC-260815-66000-C","2026-08-15","66000","CALL","1h","2026-08-12 13:00:00","2026-08-12 21:00:00","125.000","125.000","115.000","115.000","13.16","2026-08-12 13:59:59","2026-08-12 21:59:59","1642.40000","6","0.00","0.00000"
"all-available","Asia/Taipei","BTCUSDT","BTC-260815-66000-C","2026-08-15","66000","CALL","1h","2026-08-12 14:00:00","2026-08-12 22:00:00","95.000","95.000","85.000","85.000","1.56","2026-08-12 14:59:59","2026-08-12 22:59:59","145.60000","2","0.00","0.00000"
"all-available","Asia/Taipei","BTCUSDT","BTC-260815-66000-C","2026-08-15","66000","CALL","1h","2026-08-12 15:00:00","2026-08-12 23:00:00","75.000","75.000","70.000","70.000","1.09","2026-08-12 15:59:59","2026-08-12 23:59:59","77.35000","4","0.21","15.75000"
"all-available","Asia/Taipei","BTCUSDT","BTC-260815-66000-C","2026-08-15","66000","CALL","1h","2026-08-12 16:00:00","2026-08-13 00:00:00","70.000","70.000","70.000","70.000","0.01","2026-08-12 16:59:59","2026-08-13 00:59:59","0.70000","1","0.01","0.70000"
"all-available","Asia/Taipei","BTCUSDT","BTC-260815-66000-C","2026-08-15","66000","CALL","1h","2026-08-12 17:00:00","2026-08-13 01:00:00","60.000","60.000","60.000","60.000","0.06","2026-08-12 17:59:59","2026-08-13 01:59:59","3.60000","1","0.00","0.00000"
"all-available","Asia/Taipei","BTCUSDT","BTC-260815-66000-C","2026-08-15","66000","CALL","1h","2026-08-12 18:00:00","2026-08-13 02:00:00","55.000","55.000","55.000","55.000","2.41","2026-08-12 18:59:59","2026-08-13 02:59:59","132.55000","12","0.00","0.00000"
"all-available","Asia/Taipei","BTCUSDT","BTC-260815-66000-C","2026-08-15","66000","CALL","1h","2026-08-12 19:00:00","2026-08-13 03:00:00","55.000","55.000","55.000","55.000","0.60","2026-08-12 19:59:59","2026-08-13 03:59:59","33.00000","1","0.60","33.00000"
"all-available","Asia/Taipei","BTCUSDT","BTC-260815-66000-C","2026-08-15","66000","CALL","1h","2026-08-12 20:00:00","2026-08-13 04:00:00","55.000","55.000","55.000","55.000","0.00","2026-08-12 20:59:59","2026-08-13 04:59:59","0.00000","0","0.00","0.00000"
"all-available","Asia/Taipei","BTCUSDT","BTC-260815-66000-C","2026-08-15","66000","CALL","1h","2026-08-12 21:00:00","2026-08-13 05:00:00","60.000","60.000","55.000","55.000","0.17","2026-08-12 21:59:59","2026-08-13 05:59:59","9.50000","2","0.00","0.00000"
"all-available","Asia/Taipei","BTCUSDT","BTC-260815-66000-C","2026-08-15","66000","CALL","1h","2026-08-12 22:00:00","2026-08-13 06:00:00","45.000","45.000","45.000","45.000","0.28","2026-08-12 22:59:59","2026-08-13 06:59:59","12.60000","1","0.00","0.00000"
"all-available","Asia/Taipei","BTCUSDT","BTC-260815-66000-C","2026-08-15","66000","CALL","1h","2026-08-12 23:00:00","2026-08-13 07:00:00","45.000","45.000","45.000","45.000","0.00","2026-08-12 23:59:59","2026-08-13 07:59:59","0.00000","0","0.00","0.00000"
"all-available","Asia/Taipei","BTCUSDT","BTC-260815-66000-C","2026-08-15","66000","CALL","1h","2026-08-13 00:00:00","2026-08-13 08:00:00","50.000","50.000","50.000","50.000","0.02","2026-08-13 00:59:59","2026-08-13 08:59:59","1.00000","1","0.00","0.00000"
"all-available","Asia/Taipei","BTCUSDT","BTC-260815-66000-C","2026-08-15","66000","CALL","1h","2026-08-13 01:00:00","2026-08-13 09:00:00","50.000","50.000","45.000","45.000","0.13","2026-08-13 01:59:59","2026-08-13 09:59:59","6.10000","2","0.00","0.00000"
"all-available","Asia/Taipei","BTCUSDT","BTC-260815-66000-C","2026-08-15","66000","CALL","1h","2026-08-13 02:00:00","2026-08-13 10:00:00","45.000","45.000","45.000","45.000","0.00","2026-08-13 02:59:59","2026-08-13 10:59:59","0.00000","0","0.00","0.00000"
"all-available","Asia/Taipei","BTCUSDT","BTC-260815-66000-C","2026-08-15","66000","CALL","1h","2026-08-13 03:00:00","2026-08-13 11:00:00","50.000","50.000","50.000","50.000","0.15","2026-08-13 03:59:59","2026-08-13 11:59:59","7.50000","1","0.15","7.50000"
"all-available","Asia/Taipei","BTCUSDT","BTC-260815-66000-C","2026-08-15","66000","CALL","1h","2026-08-13 04:00:00","2026-08-13 12:00:00","45.000","45.000","45.000","45.000","0.08","2026-08-13 04:59:59","2026-08-13 12:59:59","3.60000","1","0.00","0.00000"
"all-available","Asia/Taipei","BTCUSDT","BTC-260815-66000-C","2026-08-15","66000","CALL","1h","2026-08-13 05:00:00","2026-08-13 13:00:00","60.000","60.000","60.000","60.000","0.43","2026-08-13 05:59:59","2026-08-13 13:59:59","25.80000","3","0.00","0.00000"
"all-available","Asia/Taipei","BTCUSDT","BTC-260815-66000-C","2026-08-15","66000","CALL","1h","2026-08-13 06:00:00","2026-08-13 14:00:00","45.000","45.000","45.000","45.000","0.32","2026-08-13 06:59:59","2026-08-13 14:59:59","14.40000","2","0.00","0.00000"
"all-available","Asia/Taipei","BTCUSDT","BTC-260815-66000-C","2026-08-15","66000","CALL","1h","2026-08-13 07:00:00","2026-08-13 15:00:00","45.000","45.000","45.000","45.000","0.01","2026-08-13 07:59:59","2026-08-13 15:59:59","0.45000","1","0.00","0.00000"
"all-available","Asia/Taipei","BTCUSDT","BTC-260815-66000-C","2026-08-15","66000","CALL","1h","2026-08-13 08:00:00","2026-08-13 16:00:00","45.000","45.000","45.000","45.000","0.00","2026-08-13 08:59:59","2026-08-13 16:59:59","0.00000","0","0.00","0.00000"
"all-available","Asia/Taipei","BTCUSDT","BTC-260815-66000-C","2026-08-15","66000","CALL","1h","2026-08-13 09:00:00","2026-08-13 17:00:00","45.000","45.000","45.000","45.000","0.00","2026-08-13 09:59:59","2026-08-13 17:59:59","0.00000","0","0.00","0.00000"
"all-available","Asia/Taipei","BTCUSDT","BTC-260815-66000-C","2026-08-15","66000","CALL","1h","2026-08-13 10:00:00","2026-08-13 18:00:00","45.000","45.000","45.000","45.000","0.00","2026-08-13 10:59:59","2026-08-13 18:59:59","0.00000","0","0.00","0.00000"
"all-available","Asia/Taipei","BTCUSDT","BTC-260815-66000-C","2026-08-15","66000","CALL","1h","2026-08-13 11:00:00","2026-08-13 19:00:00","45.000","45.000","45.000","45.000","0.00","2026-08-13 11:59:59","2026-08-13 19:59:59","0.00000","0","0.00","0.00000"
"all-available","Asia/Taipei","BTCUSDT","BTC-260815-66000-C","2026-08-15","66000","CALL","1h","2026-08-13 12:00:00","2026-08-13 20:00:00","30.000","35.000","30.000","35.000","0.98","2026-08-13 12:59:59","2026-08-13 20:59:59","31.80000","3","0.48","16.80000"
"all-available","Asia/Taipei","BTCUSDT","BTC-260815-66000-C","2026-08-15","66000","CALL","1h","2026-08-13 13:00:00","2026-08-13 21:00:00","35.000","35.000","35.000","35.000","0.00","2026-08-13 13:59:59","2026-08-13 21:59:59","0.00000","0","0.00","0.00000"
"all-available","Asia/Taipei","BTCUSDT","BTC-260815-66000-C","2026-08-15","66000","CALL","1h","2026-08-13 14:00:00","2026-08-13 22:00:00","35.000","35.000","35.000","35.000","0.00","2026-08-13 14:59:59","2026-08-13 22:59:59","0.00000","0","0.00","0.00000"
"all-available","Asia/Taipei","BTCUSDT","BTC-260815-66000-C","2026-08-15","66000","CALL","1h","2026-08-13 15:00:00","2026-08-13 23:00:00","35.000","35.000","35.000","35.000","0.01","2026-08-13 15:59:59","2026-08-13 23:59:59","0.35000","1","0.00","0.00000"
"all-available","Asia/Taipei","BTCUSDT","BTC-260815-66000-C","2026-08-15","66000","CALL","1h","2026-08-13 16:00:00","2026-08-14 00:00:00","15.000","15.000","15.000","15.000","0.20","2026-08-13 16:59:59","2026-08-14 00:59:59","3.00000","1","0.20","3.00000"
"all-available","Asia/Taipei","BTCUSDT","BTC-260815-66000-C","2026-08-15","66000","CALL","1h","2026-08-13 17:00:00","2026-08-14 01:00:00","15.000","15.000","15.000","15.000","0.04","2026-08-13 17:59:59","2026-08-14 01:59:59","0.60000","1","0.04","0.60000"
"all-available","Asia/Taipei","BTCUSDT","BTC-260815-66000-C","2026-08-15","66000","CALL","1h","2026-08-13 18:00:00","2026-08-14 02:00:00","15.000","15.000","15.000","15.000","0.00","2026-08-13 18:59:59","2026-08-14 02:59:59","0.00000","0","0.00","0.00000"
"all-available","Asia/Taipei","BTCUSDT","BTC-260815-66000-C","2026-08-15","66000","CALL","1h","2026-08-13 19:00:00","2026-08-14 03:00:00","15.000","15.000","15.000","15.000","0.20","2026-08-13 19:59:59","2026-08-14 03:59:59","3.00000","1","0.20","3.00000"
"all-available","Asia/Taipei","BTCUSDT","BTC-260815-66000-C","2026-08-15","66000","CALL","1h","2026-08-13 20:00:00","2026-08-14 04:00:00","15.000","15.000","15.000","15.000","0.00","2026-08-13 20:59:59","2026-08-14 04:59:59","0.00000","0","0.00","0.00000"
"all-available","Asia/Taipei","BTCUSDT","BTC-260815-66000-C","2026-08-15","66000","CALL","1h","2026-08-13 21:00:00","2026-08-14 05:00:00","15.000","15.000","15.000","15.000","0.00","2026-08-13 21:59:59","2026-08-14 05:59:59","0.00000","0","0.00","0.00000"
"all-available","Asia/Taipei","BTCUSDT","BTC-260815-66000-C","2026-08-15","66000","CALL","1h","2026-08-13 22:00:00","2026-08-14 06:00:00","15.000","15.000","15.000","15.000","0.35","2026-08-13 22:59:59","2026-08-14 06:59:59","5.25000","1","0.00","0.00000"
"all-available","Asia/Taipei","BTCUSDT","BTC-260815-66000-C","2026-08-15","66000","CALL","1h","2026-08-13 23:00:00","2026-08-14 07:00:00","15.000","15.000","15.000","15.000","0.00","2026-08-13 23:59:59","2026-08-14 07:59:59","0.00000","0","0.00","0.00000"
"all-available","Asia/Taipei","BTCUSDT","BTC-260815-66000-C","2026-08-15","66000","CALL","1h","2026-08-14 00:00:00","2026-08-14 08:00:00","10.000","10.000","10.000","10.000","0.36","2026-08-14 00:59:59","2026-08-14 08:59:59","3.60000","1","0.00","0.00000"
"all-available","Asia/Taipei","BTCUSDT","BTC-260815-66000-C","2026-08-15","66000","CALL","1h","2026-08-14 01:00:00","2026-08-14 09:00:00","10.000","10.000","10.000","10.000","0.00","2026-08-14 01:59:59","2026-08-14 09:59:59","0.00000","0","0.00","0.00000"
"all-available","Asia/Taipei","BTCUSDT","BTC-260815-66000-C","2026-08-15","66000","CALL","1h","2026-08-14 02:00:00","2026-08-14 10:00:00","10.000","10.000","10.000","10.000","0.01","2026-08-14 02:59:59","2026-08-14 10:59:59","0.10000","1","0.00","0.00000"
"all-available","Asia/Taipei","BTCUSDT","BTC-260815-66000-C","2026-08-15","66000","CALL","1h","2026-08-14 03:00:00","2026-08-14 11:00:00","10.000","10.000","10.000","10.000","0.00","2026-08-14 03:59:59","2026-08-14 11:59:59","0.00000","0","0.00","0.00000"
"all-available","Asia/Taipei","BTCUSDT","BTC-260815-66000-C","2026-08-15","66000","CALL","1h","2026-08-14 04:00:00","2026-08-14 12:00:00","10.000","10.000","10.000","10.000","0.00","2026-08-14 04:59:59","2026-08-14 12:59:59","0.00000","0","0.00","0.00000"
"all-available","Asia/Taipei","BTCUSDT","BTC-260815-66000-C","2026-08-15","66000","CALL","1h","2026-08-14 05:00:00","2026-08-14 13:00:00","10.000","10.000","10.000","10.000","0.00","2026-08-14 05:59:59","2026-08-14 13:59:59","0.00000","0","0.00","0.00000"
"all-available","Asia/Taipei","BTCUSDT","BTC-260815-66000-C","2026-08-15","66000","CALL","1h","2026-08-14 06:00:00","2026-08-14 14:00:00","10.000","10.000","10.000","10.000","0.00","2026-08-14 06:59:59","2026-08-14 14:59:59","0.00000","0","0.00","0.00000"
"all-available","Asia/Taipei","BTCUSDT","BTC-260815-66000-C","2026-08-15","66000","CALL","1h","2026-08-14 07:00:00","2026-08-14 15:00:00","5.000","5.000","5.000","5.000","2.00","2026-08-14 07:59:59","2026-08-14 15:59:59","10.00000","2","0.00","0.00000"
"all-available","Asia/Taipei","BTCUSDT","BTC-260815-66000-C","2026-08-15","66000","CALL","1h","2026-08-14 08:00:00","2026-08-14 16:00:00","5.000","5.000","5.000","5.000","0.01","2026-08-14 08:59:59","2026-08-14 16:59:59","0.05000","1","0.01","0.05000"
"all-available","Asia/Taipei","BTCUSDT","BTC-260815-66000-C","2026-08-15","66000","CALL","1h","2026-08-14 09:00:00","2026-08-14 17:00:00","5.000","5.000","5.000","5.000","0.00","2026-08-14 09:59:59","2026-08-14 17:59:59","0.00000","0","0.00","0.00000"
"all-available","Asia/Taipei","BTCUSDT","BTC-260815-66000-C","2026-08-15","66000","CALL","1h","2026-08-14 10:00:00","2026-08-14 18:00:00","5.000","5.000","5.000","5.000","10.00","2026-08-14 10:59:59","2026-08-14 18:59:59","50.00000","1","10.00","50.00000"
"all-available","Asia/Taipei","BTCUSDT","BTC-260815-66000-C","2026-08-15","66000","CALL","1h","2026-08-14 11:00:00","2026-08-14 19:00:00","5.000","5.000","5.000","5.000","0.00","2026-08-14 11:59:59","2026-08-14 19:59:59","0.00000","0","0.00","0.00000"
"all-available","Asia/Taipei","BTCUSDT","BTC-260815-66000-C","2026-08-15","66000","CALL","1h","2026-08-14 12:00:00","2026-08-14 20:00:00","5.000","5.000","5.000","5.000","0.00","2026-08-14 12:59:59","2026-08-14 20:59:59","0.00000","0","0.00","0.00000"
"all-available","Asia/Taipei","BTCUSDT","BTC-260815-66000-C","2026-08-15","66000","CALL","1h","2026-08-14 13:00:00","2026-08-14 21:00:00","5.000","5.000","5.000","5.000","0.00","2026-08-14 13:59:59","2026-08-14 21:59:59","0.00000","0","0.00","0.00000"
"all-available","Asia/Taipei","BTCUSDT","BTC-260815-66000-C","2026-08-15","66000","CALL","1h","2026-08-14 14:00:00","2026-08-14 22:00:00","5.000","5.000","5.000","5.000","0.00","2026-08-14 14:59:59","2026-08-14 22:59:59","0.00000","0","0.00","0.00000"
"all-available","Asia/Taipei","BTCUSDT","BTC-260815-66000-C","2026-08-15","66000","CALL","1h","2026-08-14 15:00:00","2026-08-14 23:00:00","5.000","5.000","5.000","5.000","0.00","2026-08-14 15:59:59","2026-08-14 23:59:59","0.00000","0","0.00","0.00000"
"all-available","Asia/Taipei","BTCUSDT","BTC-260815-66000-C","2026-08-15","66000","CALL","1h","2026-08-14 16:00:00","2026-08-15 00:00:00","5.000","5.000","5.000","5.000","0.00","2026-08-14 16:59:59","2026-08-15 00:59:59","0.00000","0","0.00","0.00000"
"all-available","Asia/Taipei","BTCUSDT","BTC-260815-66000-C","2026-08-15","66000","CALL","1h","2026-08-14 17:00:00","2026-08-15 01:00:00","5.000","5.000","5.000","5.000","0.00","2026-08-14 17:59:59","2026-08-15 01:59:59","0.00000","0","0.00","0.00000"
"all-available","Asia/Taipei","BTCUSDT","BTC-260815-66000-C","2026-08-15","66000","CALL","1h","2026-08-14 18:00:00","2026-08-15 02:00:00","5.000","5.000","5.000","5.000","0.00","2026-08-14 18:59:59","2026-08-15 02:59:59","0.00000","0","0.00","0.00000"
"all-available","Asia/Taipei","BTCUSDT","BTC-260815-66000-C","2026-08-15","66000","CALL","1h","2026-08-14 19:00:00","2026-08-15 03:00:00","5.000","5.000","5.000","5.000","0.00","2026-08-14 19:59:59","2026-08-15 03:59:59","0.00000","0","0.00","0.00000"
"all-available","Asia/Taipei","BTCUSDT","BTC-260815-66000-C","2026-08-15","66000","CALL","1h","2026-08-14 20:00:00","2026-08-15 04:00:00","5.000","5.000","5.000","5.000","0.00","2026-08-14 20:59:59","2026-08-15 04:59:59","0.00000","0","0.00","0.00000"
"all-available","Asia/Taipei","BTCUSDT","BTC-260815-66000-C","2026-08-15","66000","CALL","1h","2026-08-14 21:00:00","2026-08-15 05:00:00","5.000","5.000","5.000","5.000","0.00","2026-08-14 21:59:59","2026-08-15 05:59:59","0.00000","0","0.00","0.00000"
"all-available","Asia/Taipei","BTCUSDT","BTC-260815-66000-C","2026-08-15","66000","CALL","1h","2026-08-14 22:00:00","2026-08-15 06:00:00","5.000","5.000","5.000","5.000","0.00","2026-08-14 22:59:59","2026-08-15 06:59:59","0.00000","0","0.00","0.00000"
"all-available","Asia/Taipei","BTCUSDT","BTC-260815-66000-C","2026-08-15","66000","CALL","1h","2026-08-14 23:00:00","2026-08-15 07:00:00","5.000","5.000","5.000","5.000","0.00","2026-08-14 23:59:59","2026-08-15 07:59:59","0.00000","0","0.00","0.00000"
"all-available","Asia/Taipei","BTCUSDT","BTC-260815-66000-C","2026-08-15","66000","CALL","1h","2026-08-15 00:00:00","2026-08-15 08:00:00","5.000","5.000","5.000","5.000","0.00","2026-08-15 00:59:59","2026-08-15 08:59:59","0.00000","0","0.00","0.00000"
"all-available","Asia/Taipei","BTCUSDT","BTC-260815-66000-C","2026-08-15","66000","CALL","1h","2026-08-15 01:00:00","2026-08-15 09:00:00","5.000","5.000","5.000","5.000","0.00","2026-08-15 01:59:59","2026-08-15 09:59:59","0.00000","0","0.00","0.00000"
"all-available","Asia/Taipei","BTCUSDT","BTC-260815-66000-C","2026-08-15","66000","CALL","1h","2026-08-15 02:00:00","2026-08-15 10:00:00","5.000","5.000","5.000","5.000","0.00","2026-08-15 02:59:59","2026-08-15 10:59:59","0.00000","0","0.00","0.00000"
"all-available","Asia/Taipei","BTCUSDT","BTC-260815-66000-C","2026-08-15","66000","CALL","1h","2026-08-15 03:00:00","2026-08-15 11:00:00","5.000","5.000","5.000","5.000","0.00","2026-08-15 03:59:59","2026-08-15 11:59:59","0.00000","0","0.00","0.00000"
"all-available","Asia/Taipei","BTCUSDT","BTC-260815-66000-C","2026-08-15","66000","CALL","1h","2026-08-15 04:00:00","2026-08-15 12:00:00","5.000","5.000","5.000","5.000","0.00","2026-08-15 04:59:59","2026-08-15 12:59:59","0.00000","0","0.00","0.00000"
"all-available","Asia/Taipei","BTCUSDT","BTC-260815-66000-C","2026-08-15","66000","CALL","1h","2026-08-15 05:00:00","2026-08-15 13:00:00","5.000","5.000","5.000","5.000","0.00","2026-08-15 05:59:59","2026-08-15 13:59:59","0.00000","0","0.00","0.00000"
"all-available","Asia/Taipei","BTCUSDT","BTC-260815-66000-C","2026-08-15","66000","CALL","1h","2026-08-15 06:00:00","2026-08-15 14:00:00","5.000","5.000","5.000","5.000","0.00","2026-08-15 06:59:59","2026-08-15 14:59:59","0.00000","0","0.00","0.00000"
"all-available","Asia/Taipei","BTCUSDT","BTC-260815-66000-C","2026-08-15","66000","CALL","1h","2026-08-15 07:00:00","2026-08-15 15:00:00","5.000","5.000","5.000","5.000","0.00","2026-08-15 07:59:59","2026-08-15 15:59:59","0.00000","0","0.00","0.00000"
"all-available","Asia/Taipei","BTCUSDT","BTC-260815-66000-P","2026-08-15","66000","PUT","1h","2026-08-12 12:00:00","2026-08-12 20:00:00","1960.000","1960.000","1960.000","1960.000","0.01","2026-08-12 12:59:59","2026-08-12 20:59:59","19.60000","1","0.01","19.60000"
"all-available","Asia/Taipei","BTCUSDT","BTC-260815-66000-P","2026-08-15","66000","PUT","1h","2026-08-12 13:00:00","2026-08-12 21:00:00","1960.000","1960.000","1960.000","1960.000","0.00","2026-08-12 13:59:59","2026-08-12 21:59:59","0.00000","0","0.00","0.00000"
"all-available","Asia/Taipei","BTCUSDT","BTC-260815-66000-P","2026-08-15","66000","PUT","1h","2026-08-12 14:00:00","2026-08-12 22:00:00","1960.000","1960.000","1960.000","1960.000","0.00","2026-08-12 14:59:59","2026-08-12 22:59:59","0.00000","0","0.00","0.00000"
"all-available","Asia/Taipei","BTCUSDT","BTC-260815-66000-P","2026-08-15","66000","PUT","1h","2026-08-12 15:00:00","2026-08-12 23:00:00","1960.000","1960.000","1960.000","1960.000","0.00","2026-08-12 15:59:59","2026-08-12 23:59:59","0.00000","0","0.00","0.00000"
"all-available","Asia/Taipei","BTCUSDT","BTC-260815-66000-P","2026-08-15","66000","PUT","1h","2026-08-12 16:00:00","2026-08-13 00:00:00","1960.000","1960.000","1960.000","1960.000","0.00","2026-08-12 16:59:59","2026-08-13 00:59:59","0.00000","0","0.00","0.00000"
"all-available","Asia/Taipei","BTCUSDT","BTC-260815-66000-P","2026-08-15","66000","PUT","1h","2026-08-12 17:00:00","2026-08-13 01:00:00","1960.000","1960.000","1960.000","1960.000","0.00","2026-08-12 17:59:59","2026-08-13 01:59:59","0.00000","0","0.00","0.00000"
"all-available","Asia/Taipei","BTCUSDT","BTC-260815-66000-P","2026-08-15","66000","PUT","1h","2026-08-12 18:00:00","2026-08-13 02:00:00","1960.000","1960.000","1960.000","1960.000","0.00","2026-08-12 18:59:59","2026-08-13 02:59:59","0.00000","0","0.00","0.00000"
"all-available","Asia/Taipei","BTCUSDT","BTC-260815-66000-P","2026-08-15","66000","PUT","1h","2026-08-12 19:00:00","2026-08-13 03:00:00","1960.000","1960.000","1960.000","1960.000","0.00","2026-08-12 19:59:59","2026-08-13 03:59:59","0.00000","0","0.00","0.00000"
"all-available","Asia/Taipei","BTCUSDT","BTC-260815-66000-P","2026-08-15","66000","PUT","1h","2026-08-12 20:00:00","2026-08-13 04:00:00","1960.000","1960.000","1960.000","1960.000","0.00","2026-08-12 20:59:59","2026-08-13 04:59:59","0.00000","0","0.00","0.00000"
"all-available","Asia/Taipei","BTCUSDT","BTC-260815-66000-P","2026-08-15","66000","PUT","1h","2026-08-12 21:00:00","2026-08-13 05:00:00","1960.000","1960.000","1960.000","1960.000","0.00","2026-08-12 21:59:59","2026-08-13 05:59:59","0.00000","0","0.00","0.00000"
"all-available","Asia/Taipei","BTCUSDT","BTC-260815-66000-P","2026-08-15","66000","PUT","1h","2026-08-12 22:00:00","2026-08-13 06:00:00","1960.000","1960.000","1960.000","1960.000","0.00","2026-08-12 22:59:59","2026-08-13 06:59:59","0.00000","0","0.00","0.00000"
"all-available","Asia/Taipei","BTCUSDT","BTC-260815-66000-P","2026-08-15","66000","PUT","1h","2026-08-12 23:00:00","2026-08-13 07:00:00","2590.000","2590.000","2590.000","2590.000","0.01","2026-08-12 23:59:59","2026-08-13 07:59:59","25.90000","1","0.01","25.90000"
"all-available","Asia/Taipei","BTCUSDT","BTC-260815-66000-P","2026-08-15","66000","PUT","1h","2026-08-13 00:00:00","2026-08-13 08:00:00","2590.000","2590.000","2590.000","2590.000","0.00","2026-08-13 00:59:59","2026-08-13 08:59:59","0.00000","0","0.00","0.00000"
"all-available","Asia/Taipei","BTCUSDT","BTC-260815-66000-P","2026-08-15","66000","PUT","1h","2026-08-13 01:00:00","2026-08-13 09:00:00","2590.000","2590.000","2590.000","2590.000","0.00","2026-08-13 01:59:59","2026-08-13 09:59:59","0.00000","0","0.00","0.00000"
"all-available","Asia/Taipei","BTCUSDT","BTC-260815-66000-P","2026-08-15","66000","PUT","1h","2026-08-13 02:00:00","2026-08-13 10:00:00","2590.000","2590.000","2590.000","2590.000","0.00","2026-08-13 02:59:59","2026-08-13 10:59:59","0.00000","0","0.00","0.00000"
"all-available","Asia/Taipei","BTCUSDT","BTC-260815-66000-P","2026-08-15","66000","PUT","1h","2026-08-13 03:00:00","2026-08-13 11:00:00","2590.000","2590.000","2590.000","2590.000","0.00","2026-08-13 03:59:59","2026-08-13 11:59:59","0.00000","0","0.00","0.00000"
"all-available","Asia/Taipei","BTCUSDT","BTC-260815-66000-P","2026-08-15","66000","PUT","1h","2026-08-13 04:00:00","2026-08-13 12:00:00","2590.000","2590.000","2590.000","2590.000","0.00","2026-08-13 04:59:59","2026-08-13 12:59:59","0.00000","0","0.00","0.00000"
"all-available","Asia/Taipei","BTCUSDT","BTC-260815-66000-P","2026-08-15","66000","PUT","1h","2026-08-13 05:00:00","2026-08-13 13:00:00","2590.000","2590.000","2590.000","2590.000","0.00","2026-08-13 05:59:59","2026-08-13 13:59:59","0.00000","0","0.00","0.00000"
"all-available","Asia/Taipei","BTCUSDT","BTC-260815-66000-P","2026-08-15","66000","PUT","1h","2026-08-13 06:00:00","2026-08-13 14:00:00","2590.000","2590.000","2590.000","2590.000","0.00","2026-08-13 06:59:59","2026-08-13 14:59:59","0.00000","0","0.00","0.00000"
"all-available","Asia/Taipei","BTCUSDT","BTC-260815-66000-P","2026-08-15","66000","PUT","1h","2026-08-13 07:00:00","2026-08-13 15:00:00","2590.000","2590.000","2590.000","2590.000","0.00","2026-08-13 07:59:59","2026-08-13 15:59:59","0.00000","0","0.00","0.00000"
"all-available","Asia/Taipei","BTCUSDT","BTC-260815-66000-P","2026-08-15","66000","PUT","1h","2026-08-13 08:00:00","2026-08-13 16:00:00","2590.000","2590.000","2590.000","2590.000","0.00","2026-08-13 08:59:59","2026-08-13 16:59:59","0.00000","0","0.00","0.00000"
"all-available","Asia/Taipei","BTCUSDT","BTC-260815-66000-P","2026-08-15","66000","PUT","1h","2026-08-13 09:00:00","2026-08-13 17:00:00","2590.000","2590.000","2590.000","2590.000","0.00","2026-08-13 09:59:59","2026-08-13 17:59:59","0.00000","0","0.00","0.00000"
"all-available","Asia/Taipei","BTCUSDT","BTC-260815-66000-P","2026-08-15","66000","PUT","1h","2026-08-13 10:00:00","2026-08-13 18:00:00","2590.000","2590.000","2590.000","2590.000","0.00","2026-08-13 10:59:59","2026-08-13 18:59:59","0.00000","0","0.00","0.00000"
"all-available","Asia/Taipei","BTCUSDT","BTC-260815-66000-P","2026-08-15","66000","PUT","1h","2026-08-13 11:00:00","2026-08-13 19:00:00","2590.000","2590.000","2590.000","2590.000","0.00","2026-08-13 11:59:59","2026-08-13 19:59:59","0.00000","0","0.00","0.00000"
"all-available","Asia/Taipei","BTCUSDT","BTC-260815-66000-P","2026-08-15","66000","PUT","1h","2026-08-13 12:00:00","2026-08-13 20:00:00","2590.000","2590.000","2590.000","2590.000","0.00","2026-08-13 12:59:59","2026-08-13 20:59:59","0.00000","0","0.00","0.00000"
"all-available","Asia/Taipei","BTCUSDT","BTC-260815-66000-P","2026-08-15","66000","PUT","1h","2026-08-13 13:00:00","2026-08-13 21:00:00","2590.000","2590.000","2590.000","2590.000","0.00","2026-08-13 13:59:59","2026-08-13 21:59:59","0.00000","0","0.00","0.00000"
"all-available","Asia/Taipei","BTCUSDT","BTC-260815-66000-P","2026-08-15","66000","PUT","1h","2026-08-13 14:00:00","2026-08-13 22:00:00","2590.000","2590.000","2590.000","2590.000","0.00","2026-08-13 14:59:59","2026-08-13 22:59:59","0.00000","0","0.00","0.00000"
"all-available","Asia/Taipei","BTCUSDT","BTC-260815-66000-P","2026-08-15","66000","PUT","1h","2026-08-13 15:00:00","2026-08-13 23:00:00","2590.000","2590.000","2590.000","2590.000","0.00","2026-08-13 15:59:59","2026-08-13 23:59:59","0.00000","0","0.00","0.00000"
"all-available","Asia/Taipei","BTCUSDT","BTC-260815-66000-P","2026-08-15","66000","PUT","1h","2026-08-13 16:00:00","2026-08-14 00:00:00","2590.000","2590.000","2590.000","2590.000","0.00","2026-08-13 16:59:59","2026-08-14 00:59:59","0.00000","0","0.00","0.00000"
"all-available","Asia/Taipei","BTCUSDT","BTC-260815-66000-P","2026-08-15","66000","PUT","1h","2026-08-13 17:00:00","2026-08-14 01:00:00","2590.000","2590.000","2590.000","2590.000","0.00","2026-08-13 17:59:59","2026-08-14 01:59:59","0.00000","0","0.00","0.00000"
"all-available","Asia/Taipei","BTCUSDT","BTC-260815-66000-P","2026-08-15","66000","PUT","1h","2026-08-13 18:00:00","2026-08-14 02:00:00","2590.000","2590.000","2590.000","2590.000","0.00","2026-08-13 18:59:59","2026-08-14 02:59:59","0.00000","0","0.00","0.00000"
"all-available","Asia/Taipei","BTCUSDT","BTC-260815-66000-P","2026-08-15","66000","PUT","1h","2026-08-13 19:00:00","2026-08-14 03:00:00","2590.000","2590.000","2590.000","2590.000","0.00","2026-08-13 19:59:59","2026-08-14 03:59:59","0.00000","0","0.00","0.00000"
"all-available","Asia/Taipei","BTCUSDT","BTC-260815-66000-P","2026-08-15","66000","PUT","1h","2026-08-13 20:00:00","2026-08-14 04:00:00","2590.000","2590.000","2590.000","2590.000","0.00","2026-08-13 20:59:59","2026-08-14 04:59:59","0.00000","0","0.00","0.00000"
"all-available","Asia/Taipei","BTCUSDT","BTC-260815-66000-P","2026-08-15","66000","PUT","1h","2026-08-13 21:00:00","2026-08-14 05:00:00","2590.000","2590.000","2590.000","2590.000","0.00","2026-08-13 21:59:59","2026-08-14 05:59:59","0.00000","0","0.00","0.00000"
"all-available","Asia/Taipei","BTCUSDT","BTC-260815-66000-P","2026-08-15","66000","PUT","1h","2026-08-13 22:00:00","2026-08-14 06:00:00","2590.000","2590.000","2590.000","2590.000","0.00","2026-08-13 22:59:59","2026-08-14 06:59:59","0.00000","0","0.00","0.00000"
"all-available","Asia/Taipei","BTCUSDT","BTC-260815-66000-P","2026-08-15","66000","PUT","1h","2026-08-13 23:00:00","2026-08-14 07:00:00","2590.000","2590.000","2590.000","2590.000","0.00","2026-08-13 23:59:59","2026-08-14 07:59:59","0.00000","0","0.00","0.00000"
"all-available","Asia/Taipei","BTCUSDT","BTC-260815-66000-P","2026-08-15","66000","PUT","1h","2026-08-14 00:00:00","2026-08-14 08:00:00","2590.000","2590.000","2590.000","2590.000","0.00","2026-08-14 00:59:59","2026-08-14 08:59:59","0.00000","0","0.00","0.00000"
"all-available","Asia/Taipei","BTCUSDT","BTC-260815-66000-P","2026-08-15","66000","PUT","1h","2026-08-14 01:00:00","2026-08-14 09:00:00","2590.000","2590.000","2590.000","2590.000","0.00","2026-08-14 01:59:59","2026-08-14 09:59:59","0.00000","0","0.00","0.00000"
"all-available","Asia/Taipei","BTCUSDT","BTC-260815-66000-P","2026-08-15","66000","PUT","1h","2026-08-14 02:00:00","2026-08-14 10:00:00","2590.000","2590.000","2590.000","2590.000","0.00","2026-08-14 02:59:59","2026-08-14 10:59:59","0.00000","0","0.00","0.00000"
"all-available","Asia/Taipei","BTCUSDT","BTC-260815-66000-P","2026-08-15","66000","PUT","1h","2026-08-14 03:00:00","2026-08-14 11:00:00","2590.000","2590.000","2590.000","2590.000","0.00","2026-08-14 03:59:59","2026-08-14 11:59:59","0.00000","0","0.00","0.00000"
"all-available","Asia/Taipei","BTCUSDT","BTC-260815-66000-P","2026-08-15","66000","PUT","1h","2026-08-14 04:00:00","2026-08-14 12:00:00","2590.000","2590.000","2590.000","2590.000","0.00","2026-08-14 04:59:59","2026-08-14 12:59:59","0.00000","0","0.00","0.00000"
"all-available","Asia/Taipei","BTCUSDT","BTC-260815-66000-P","2026-08-15","66000","PUT","1h","2026-08-14 05:00:00","2026-08-14 13:00:00","2590.000","2590.000","2590.000","2590.000","0.00","2026-08-14 05:59:59","2026-08-14 13:59:59","0.00000","0","0.00","0.00000"
"all-available","Asia/Taipei","BTCUSDT","BTC-260815-66000-P","2026-08-15","66000","PUT","1h","2026-08-14 06:00:00","2026-08-14 14:00:00","2590.000","2590.000","2590.000","2590.000","0.00","2026-08-14 06:59:59","2026-08-14 14:59:59","0.00000","0","0.00","0.00000"
"all-available","Asia/Taipei","BTCUSDT","BTC-260815-66000-P","2026-08-15","66000","PUT","1h","2026-08-14 07:00:00","2026-08-14 15:00:00","2590.000","2590.000","2590.000","2590.000","0.00","2026-08-14 07:59:59","2026-08-14 15:59:59","0.00000","0","0.00","0.00000"
"all-available","Asia/Taipei","BTCUSDT","BTC-260815-66000-P","2026-08-15","66000","PUT","1h","2026-08-14 08:00:00","2026-08-14 16:00:00","2590.000","2590.000","2590.000","2590.000","0.00","2026-08-14 08:59:59","2026-08-14 16:59:59","0.00000","0","0.00","0.00000"
"all-available","Asia/Taipei","BTCUSDT","BTC-260815-66000-P","2026-08-15","66000","PUT","1h","2026-08-14 09:00:00","2026-08-14 17:00:00","2590.000","2590.000","2590.000","2590.000","0.00","2026-08-14 09:59:59","2026-08-14 17:59:59","0.00000","0","0.00","0.00000"
"all-available","Asia/Taipei","BTCUSDT","BTC-260815-66000-P","2026-08-15","66000","PUT","1h","2026-08-14 10:00:00","2026-08-14 18:00:00","2590.000","2590.000","2590.000","2590.000","0.00","2026-08-14 10:59:59","2026-08-14 18:59:59","0.00000","0","0.00","0.00000"
"all-available","Asia/Taipei","BTCUSDT","BTC-260815-66000-P","2026-08-15","66000","PUT","1h","2026-08-14 11:00:00","2026-08-14 19:00:00","2590.000","2590.000","2590.000","2590.000","0.00","2026-08-14 11:59:59","2026-08-14 19:59:59","0.00000","0","0.00","0.00000"
"all-available","Asia/Taipei","BTCUSDT","BTC-260815-66000-P","2026-08-15","66000","PUT","1h","2026-08-14 12:00:00","2026-08-14 20:00:00","2590.000","2590.000","2590.000","2590.000","0.00","2026-08-14 12:59:59","2026-08-14 20:59:59","0.00000","0","0.00","0.00000"
"all-available","Asia/Taipei","BTCUSDT","BTC-260815-66000-P","2026-08-15","66000","PUT","1h","2026-08-14 13:00:00","2026-08-14 21:00:00","2590.000","2590.000","2590.000","2590.000","0.00","2026-08-14 13:59:59","2026-08-14 21:59:59","0.00000","0","0.00","0.00000"
"all-available","Asia/Taipei","BTCUSDT","BTC-260815-66000-P","2026-08-15","66000","PUT","1h","2026-08-14 14:00:00","2026-08-14 22:00:00","2590.000","2590.000","2590.000","2590.000","0.00","2026-08-14 14:59:59","2026-08-14 22:59:59","0.00000","0","0.00","0.00000"
"all-available","Asia/Taipei","BTCUSDT","BTC-260815-66000-P","2026-08-15","66000","PUT","1h","2026-08-14 15:00:00","2026-08-14 23:00:00","2590.000","2590.000","2590.000","2590.000","0.00","2026-08-14 15:59:59","2026-08-14 23:59:59","0.00000","0","0.00","0.00000"
"all-available","Asia/Taipei","BTCUSDT","BTC-260815-66000-P","2026-08-15","66000","PUT","1h","2026-08-14 16:00:00","2026-08-15 00:00:00","2590.000","2590.000","2590.000","2590.000","0.00","2026-08-14 16:59:59","2026-08-15 00:59:59","0.00000","0","0.00","0.00000"
"all-available","Asia/Taipei","BTCUSDT","BTC-260815-66000-P","2026-08-15","66000","PUT","1h","2026-08-14 17:00:00","2026-08-15 01:00:00","2590.000","2590.000","2590.000","2590.000","0.00","2026-08-14 17:59:59","2026-08-15 01:59:59","0.00000","0","0.00","0.00000"
"all-available","Asia/Taipei","BTCUSDT","BTC-260815-66000-P","2026-08-15","66000","PUT","1h","2026-08-14 18:00:00","2026-08-15 02:00:00","2590.000","2590.000","2590.000","2590.000","0.00","2026-08-14 18:59:59","2026-08-15 02:59:59","0.00000","0","0.00","0.00000"
"all-available","Asia/Taipei","BTCUSDT","BTC-260815-66000-P","2026-08-15","66000","PUT","1h","2026-08-14 19:00:00","2026-08-15 03:00:00","2590.000","2590.000","2590.000","2590.000","0.00","2026-08-14 19:59:59","2026-08-15 03:59:59","0.00000","0","0.00","0.00000"
"all-available","Asia/Taipei","BTCUSDT","BTC-260815-66000-P","2026-08-15","66000","PUT","1h","2026-08-14 20:00:00","2026-08-15 04:00:00","2590.000","2590.000","2590.000","2590.000","0.00","2026-08-14 20:59:59","2026-08-15 04:59:59","0.00000","0","0.00","0.00000"
"all-available","Asia/Taipei","BTCUSDT","BTC-260815-66000-P","2026-08-15","66000","PUT","1h","2026-08-14 21:00:00","2026-08-15 05:00:00","2590.000","2590.000","2590.000","2590.000","0.00","2026-08-14 21:59:59","2026-08-15 05:59:59","0.00000","0","0.00","0.00000"
"all-available","Asia/Taipei","BTCUSDT","BTC-260815-66000-P","2026-08-15","66000","PUT","1h","2026-08-14 22:00:00","2026-08-15 06:00:00","2590.000","2590.000","2590.000","2590.000","0.00","2026-08-14 22:59:59","2026-08-15 06:59:59","0.00000","0","0.00","0.00000"
"all-available","Asia/Taipei","BTCUSDT","BTC-260815-66000-P","2026-08-15","66000","PUT","1h","2026-08-14 23:00:00","2026-08-15 07:00:00","2590.000","2590.000","2590.000","2590.000","0.00","2026-08-14 23:59:59","2026-08-15 07:59:59","0.00000","0","0.00","0.00000"
"all-available","Asia/Taipei","BTCUSDT","BTC-260815-66000-P","2026-08-15","66000","PUT","1h","2026-08-15 00:00:00","2026-08-15 08:00:00","2590.000","2590.000","2590.000","2590.000","0.00","2026-08-15 00:59:59","2026-08-15 08:59:59","0.00000","0","0.00","0.00000"
"all-available","Asia/Taipei","BTCUSDT","BTC-260815-66000-P","2026-08-15","66000","PUT","1h","2026-08-15 01:00:00","2026-08-15 09:00:00","2590.000","2590.000","2590.000","2590.000","0.00","2026-08-15 01:59:59","2026-08-15 09:59:59","0.00000","0","0.00","0.00000"
"all-available","Asia/Taipei","BTCUSDT","BTC-260815-66000-P","2026-08-15","66000","PUT","1h","2026-08-15 02:00:00","2026-08-15 10:00:00","2590.000","2590.000","2590.000","2590.000","0.00","2026-08-15 02:59:59","2026-08-15 10:59:59","0.00000","0","0.00","0.00000"
"all-available","Asia/Taipei","BTCUSDT","BTC-260815-66000-P","2026-08-15","66000","PUT","1h","2026-08-15 03:00:00","2026-08-15 11:00:00","2590.000","2590.000","2590.000","2590.000","0.00","2026-08-15 03:59:59","2026-08-15 11:59:59","0.00000","0","0.00","0.00000"
"all-available","Asia/Taipei","BTCUSDT","BTC-260815-66000-P","2026-08-15","66000","PUT","1h","2026-08-15 04:00:00","2026-08-15 12:00:00","2590.000","2590.000","2590.000","2590.000","0.00","2026-08-15 04:59:59","2026-08-15 12:59:59","0.00000","0","0.00","0.00000"
"all-available","Asia/Taipei","BTCUSDT","BTC-260815-66000-P","2026-08-15","66000","PUT","1h","2026-08-15 05:00:00","2026-08-15 13:00:00","2590.000","2590.000","2590.000","2590.000","0.00","2026-08-15 05:59:59","2026-08-15 13:59:59","0.00000","0","0.00","0.00000"
"all-available","Asia/Taipei","BTCUSDT","BTC-260815-66000-P","2026-08-15","66000","PUT","1h","2026-08-15 06:00:00","2026-08-15 14:00:00","2590.000","2590.000","2590.000","2590.000","0.00","2026-08-15 06:59:59","2026-08-15 14:59:59","0.00000","0","0.00","0.00000"
"all-available","Asia/Taipei","BTCUSDT","BTC-260815-66000-P","2026-08-15","66000","PUT","1h","2026-08-15 07:00:00","2026-08-15 15:00:00","2590.000","2590.000","2590.000","2590.000","0.00","2026-08-15 07:59:59","2026-08-15 15:59:59","0.00000","0","0.00","0.00000"
"all-available","Asia/Taipei","BTCUSDT","BTC-260815-67000-C","2026-08-15","67000","CALL","1h","2026-08-12 08:00:00","2026-08-12 16:00:00","25.000","25.000","20.000","20.000","1.12","2026-08-12 08:59:59","2026-08-12 16:59:59","23.00000","2","1.12","23.00000"
"all-available","Asia/Taipei","BTCUSDT","BTC-260815-67000-C","2026-08-15","67000","CALL","1h","2026-08-12 09:00:00","2026-08-12 17:00:00","20.000","20.000","15.000","15.000","0.36","2026-08-12 09:59:59","2026-08-12 17:59:59","6.50000","2","0.22","4.40000"
"all-available","Asia/Taipei","BTCUSDT","BTC-260815-67000-C","2026-08-15","67000","CALL","1h","2026-08-12 10:00:00","2026-08-12 18:00:00","20.000","40.000","20.000","35.000","12.33","2026-08-12 10:59:59","2026-08-12 18:59:59","318.60000","10","11.41","286.40000"
"all-available","Asia/Taipei","BTCUSDT","BTC-260815-67000-C","2026-08-15","67000","CALL","1h","2026-08-12 11:00:00","2026-08-12 19:00:00","40.000","60.000","40.000","60.000","3.95","2026-08-12 11:59:59","2026-08-12 19:59:59","216.50000","6","2.82","151.30000"
"all-available","Asia/Taipei","BTCUSDT","BTC-260815-67000-C","2026-08-15","67000","CALL","1h","2026-08-12 12:00:00","2026-08-12 20:00:00","65.000","75.000","65.000","75.000","7.92","2026-08-12 12:59:59","2026-08-12 20:59:59","516.80000","8","0.10","7.00000"
"all-available","Asia/Taipei","BTCUSDT","BTC-260815-67000-C","2026-08-15","67000","CALL","1h","2026-08-12 13:00:00","2026-08-12 21:00:00","55.000","60.000","50.000","50.000","1.33","2026-08-12 13:59:59","2026-08-12 21:59:59","73.00000","11","0.00","0.00000"
"all-available","Asia/Taipei","BTCUSDT","BTC-260815-67000-C","2026-08-15","67000","CALL","1h","2026-08-12 14:00:00","2026-08-12 22:00:00","40.000","40.000","35.000","35.000","4.88","2026-08-12 14:59:59","2026-08-12 22:59:59","173.90000","7","1.55","54.25000"
"all-available","Asia/Taipei","BTCUSDT","BTC-260815-67000-C","2026-08-15","67000","CALL","1h","2026-08-12 15:00:00","2026-08-12 23:00:00","35.000","35.000","35.000","35.000","6.35","2026-08-12 15:59:59","2026-08-12 23:59:59","222.25000","2","6.35","222.25000"
"all-available","Asia/Taipei","BTCUSDT","BTC-260815-67000-C","2026-08-15","67000","CALL","1h","2026-08-12 16:00:00","2026-08-13 00:00:00","40.000","40.000","40.000","40.000","0.04","2026-08-12 16:59:59","2026-08-13 00:59:59","1.60000","1","0.04","1.60000"
"all-available","Asia/Taipei","BTCUSDT","BTC-260815-67000-C","2026-08-15","67000","CALL","1h","2026-08-12 17:00:00","2026-08-13 01:00:00","35.000","35.000","35.000","35.000","0.05","2026-08-12 17:59:59","2026-08-13 01:59:59","1.75000","1","0.00","0.00000"
"all-available","Asia/Taipei","BTCUSDT","BTC-260815-67000-C","2026-08-15","67000","CALL","1h","2026-08-12 18:00:00","2026-08-13 02:00:00","40.000","40.000","40.000","40.000","0.04","2026-08-12 18:59:59","2026-08-13 02:59:59","1.60000","1","0.04","1.60000"
"all-available","Asia/Taipei","BTCUSDT","BTC-260815-67000-C","2026-08-15","67000","CALL","1h","2026-08-12 19:00:00","2026-08-13 03:00:00","40.000","40.000","40.000","40.000","0.00","2026-08-12 19:59:59","2026-08-13 03:59:59","0.00000","0","0.00","0.00000"
"all-available","Asia/Taipei","BTCUSDT","BTC-260815-67000-C","2026-08-15","67000","CALL","1h","2026-08-12 20:00:00","2026-08-13 04:00:00","40.000","40.000","40.000","40.000","0.00","2026-08-12 20:59:59","2026-08-13 04:59:59","0.00000","0","0.00","0.00000"
"all-available","Asia/Taipei","BTCUSDT","BTC-260815-67000-C","2026-08-15","67000","CALL","1h","2026-08-12 21:00:00","2026-08-13 05:00:00","40.000","40.000","40.000","40.000","0.00","2026-08-12 21:59:59","2026-08-13 05:59:59","0.00000","0","0.00","0.00000"
"all-available","Asia/Taipei","BTCUSDT","BTC-260815-67000-C","2026-08-15","67000","CALL","1h","2026-08-12 22:00:00","2026-08-13 06:00:00","35.000","35.000","35.000","35.000","23.60","2026-08-12 22:59:59","2026-08-13 06:59:59","826.00000","2","0.00","0.00000"
"all-available","Asia/Taipei","BTCUSDT","BTC-260815-67000-C","2026-08-15","67000","CALL","1h","2026-08-12 23:00:00","2026-08-13 07:00:00","35.000","35.000","35.000","35.000","0.00","2026-08-12 23:59:59","2026-08-13 07:59:59","0.00000","0","0.00","0.00000"
"all-available","Asia/Taipei","BTCUSDT","BTC-260815-67000-C","2026-08-15","67000","CALL","1h","2026-08-13 00:00:00","2026-08-13 08:00:00","25.000","30.000","25.000","25.000","1.53","2026-08-13 00:59:59","2026-08-13 08:59:59","42.75000","4","0.90","27.00000"
"all-available","Asia/Taipei","BTCUSDT","BTC-260815-67000-C","2026-08-15","67000","CALL","1h","2026-08-13 01:00:00","2026-08-13 09:00:00","25.000","25.000","20.000","20.000","4.92","2026-08-13 01:59:59","2026-08-13 09:59:59","118.50000","5","0.00","0.00000"
"all-available","Asia/Taipei","BTCUSDT","BTC-260815-67000-C","2026-08-15","67000","CALL","1h","2026-08-13 02:00:00","2026-08-13 10:00:00","20.000","20.000","20.000","20.000","0.02","2026-08-13 02:59:59","2026-08-13 10:59:59","0.40000","1","0.00","0.00000"
"all-available","Asia/Taipei","BTCUSDT","BTC-260815-67000-C","2026-08-15","67000","CALL","1h","2026-08-13 03:00:00","2026-08-13 11:00:00","20.000","20.000","20.000","20.000","0.00","2026-08-13 03:59:59","2026-08-13 11:59:59","0.00000","0","0.00","0.00000"
"all-available","Asia/Taipei","BTCUSDT","BTC-260815-67000-C","2026-08-15","67000","CALL","1h","2026-08-13 04:00:00","2026-08-13 12:00:00","20.000","20.000","20.000","20.000","0.00","2026-08-13 04:59:59","2026-08-13 12:59:59","0.00000","0","0.00","0.00000"
"all-available","Asia/Taipei","BTCUSDT","BTC-260815-67000-C","2026-08-15","67000","CALL","1h","2026-08-13 05:00:00","2026-08-13 13:00:00","25.000","25.000","25.000","25.000","0.31","2026-08-13 05:59:59","2026-08-13 13:59:59","7.75000","1","0.00","0.00000"
"all-available","Asia/Taipei","BTCUSDT","BTC-260815-67000-C","2026-08-15","67000","CALL","1h","2026-08-13 06:00:00","2026-08-13 14:00:00","20.000","20.000","20.000","20.000","0.02","2026-08-13 06:59:59","2026-08-13 14:59:59","0.40000","2","0.00","0.00000"
"all-available","Asia/Taipei","BTCUSDT","BTC-260815-67000-C","2026-08-15","67000","CALL","1h","2026-08-13 07:00:00","2026-08-13 15:00:00","20.000","20.000","20.000","20.000","1.69","2026-08-13 07:59:59","2026-08-13 15:59:59","33.80000","5","0.00","0.00000"
"all-available","Asia/Taipei","BTCUSDT","BTC-260815-67000-C","2026-08-15","67000","CALL","1h","2026-08-13 08:00:00","2026-08-13 16:00:00","15.000","15.000","15.000","15.000","0.50","2026-08-13 08:59:59","2026-08-13 16:59:59","7.50000","2","0.00","0.00000"
"all-available","Asia/Taipei","BTCUSDT","BTC-260815-67000-C","2026-08-15","67000","CALL","1h","2026-08-13 09:00:00","2026-08-13 17:00:00","15.000","15.000","15.000","15.000","1.39","2026-08-13 09:59:59","2026-08-13 17:59:59","20.85000","3","0.00","0.00000"
"all-available","Asia/Taipei","BTCUSDT","BTC-260815-67000-C","2026-08-15","67000","CALL","1h","2026-08-13 10:00:00","2026-08-13 18:00:00","15.000","15.000","15.000","15.000","0.00","2026-08-13 10:59:59","2026-08-13 18:59:59","0.00000","0","0.00","0.00000"
"all-available","Asia/Taipei","BTCUSDT","BTC-260815-67000-C","2026-08-15","67000","CALL","1h","2026-08-13 11:00:00","2026-08-13 19:00:00","20.000","20.000","20.000","20.000","0.02","2026-08-13 11:59:59","2026-08-13 19:59:59","0.40000","1","0.02","0.40000"
"all-available","Asia/Taipei","BTCUSDT","BTC-260815-67000-C","2026-08-15","67000","CALL","1h","2026-08-13 12:00:00","2026-08-13 20:00:00","20.000","20.000","20.000","20.000","0.00","2026-08-13 12:59:59","2026-08-13 20:59:59","0.00000","0","0.00","0.00000"
"all-available","Asia/Taipei","BTCUSDT","BTC-260815-67000-C","2026-08-15","67000","CALL","1h","2026-08-13 13:00:00","2026-08-13 21:00:00","15.000","15.000","15.000","15.000","0.01","2026-08-13 13:59:59","2026-08-13 21:59:59","0.15000","1","0.00","0.00000"
"all-available","Asia/Taipei","BTCUSDT","BTC-260815-67000-C","2026-08-15","67000","CALL","1h","2026-08-13 14:00:00","2026-08-13 22:00:00","15.000","15.000","15.000","15.000","0.00","2026-08-13 14:59:59","2026-08-13 22:59:59","0.00000","0","0.00","0.00000"
"all-available","Asia/Taipei","BTCUSDT","BTC-260815-67000-C","2026-08-15","67000","CALL","1h","2026-08-13 15:00:00","2026-08-13 23:00:00","15.000","15.000","15.000","15.000","7.26","2026-08-13 15:59:59","2026-08-13 23:59:59","108.90000","1","0.00","0.00000"
"all-available","Asia/Taipei","BTCUSDT","BTC-260815-67000-C","2026-08-15","67000","CALL","1h","2026-08-13 16:00:00","2026-08-14 00:00:00","15.000","15.000","15.000","15.000","0.00","2026-08-13 16:59:59","2026-08-14 00:59:59","0.00000","0","0.00","0.00000"
"all-available","Asia/Taipei","BTCUSDT","BTC-260815-67000-C","2026-08-15","67000","CALL","1h","2026-08-13 17:00:00","2026-08-14 01:00:00","15.000","15.000","15.000","15.000","0.00","2026-08-13 17:59:59","2026-08-14 01:59:59","0.00000","0","0.00","0.00000"
"all-available","Asia/Taipei","BTCUSDT","BTC-260815-67000-C","2026-08-15","67000","CALL","1h","2026-08-13 18:00:00","2026-08-14 02:00:00","5.000","5.000","5.000","5.000","3.87","2026-08-13 18:59:59","2026-08-14 02:59:59","19.35000","2","0.00","0.00000"
"all-available","Asia/Taipei","BTCUSDT","BTC-260815-67000-C","2026-08-15","67000","CALL","1h","2026-08-13 19:00:00","2026-08-14 03:00:00","5.000","5.000","5.000","5.000","0.00","2026-08-13 19:59:59","2026-08-14 03:59:59","0.00000","0","0.00","0.00000"
"all-available","Asia/Taipei","BTCUSDT","BTC-260815-67000-C","2026-08-15","67000","CALL","1h","2026-08-13 20:00:00","2026-08-14 04:00:00","5.000","5.000","5.000","5.000","0.00","2026-08-13 20:59:59","2026-08-14 04:59:59","0.00000","0","0.00","0.00000"
"all-available","Asia/Taipei","BTCUSDT","BTC-260815-67000-C","2026-08-15","67000","CALL","1h","2026-08-13 21:00:00","2026-08-14 05:00:00","5.000","5.000","5.000","5.000","0.00","2026-08-13 21:59:59","2026-08-14 05:59:59","0.00000","0","0.00","0.00000"
"all-available","Asia/Taipei","BTCUSDT","BTC-260815-67000-C","2026-08-15","67000","CALL","1h","2026-08-13 22:00:00","2026-08-14 06:00:00","5.000","5.000","5.000","5.000","0.00","2026-08-13 22:59:59","2026-08-14 06:59:59","0.00000","0","0.00","0.00000"
"all-available","Asia/Taipei","BTCUSDT","BTC-260815-67000-C","2026-08-15","67000","CALL","1h","2026-08-13 23:00:00","2026-08-14 07:00:00","5.000","5.000","5.000","5.000","0.00","2026-08-13 23:59:59","2026-08-14 07:59:59","0.00000","0","0.00","0.00000"
"all-available","Asia/Taipei","BTCUSDT","BTC-260815-67000-C","2026-08-15","67000","CALL","1h","2026-08-14 00:00:00","2026-08-14 08:00:00","5.000","5.000","5.000","5.000","0.00","2026-08-14 00:59:59","2026-08-14 08:59:59","0.00000","0","0.00","0.00000"
"all-available","Asia/Taipei","BTCUSDT","BTC-260815-67000-C","2026-08-15","67000","CALL","1h","2026-08-14 01:00:00","2026-08-14 09:00:00","5.000","5.000","5.000","5.000","0.00","2026-08-14 01:59:59","2026-08-14 09:59:59","0.00000","0","0.00","0.00000"
"all-available","Asia/Taipei","BTCUSDT","BTC-260815-67000-C","2026-08-15","67000","CALL","1h","2026-08-14 02:00:00","2026-08-14 10:00:00","5.000","5.000","5.000","5.000","0.24","2026-08-14 02:59:59","2026-08-14 10:59:59","1.20000","4","0.00","0.00000"
"all-available","Asia/Taipei","BTCUSDT","BTC-260815-67000-C","2026-08-15","67000","CALL","1h","2026-08-14 03:00:00","2026-08-14 11:00:00","5.000","5.000","5.000","5.000","0.00","2026-08-14 03:59:59","2026-08-14 11:59:59","0.00000","0","0.00","0.00000"
"all-available","Asia/Taipei","BTCUSDT","BTC-260815-67000-C","2026-08-15","67000","CALL","1h","2026-08-14 04:00:00","2026-08-14 12:00:00","5.000","5.000","5.000","5.000","0.10","2026-08-14 04:59:59","2026-08-14 12:59:59","0.50000","1","0.10","0.50000"
"all-available","Asia/Taipei","BTCUSDT","BTC-260815-67000-C","2026-08-15","67000","CALL","1h","2026-08-14 05:00:00","2026-08-14 13:00:00","5.000","5.000","5.000","5.000","0.00","2026-08-14 05:59:59","2026-08-14 13:59:59","0.00000","0","0.00","0.00000"
"all-available","Asia/Taipei","BTCUSDT","BTC-260815-67000-C","2026-08-15","67000","CALL","1h","2026-08-14 06:00:00","2026-08-14 14:00:00","5.000","5.000","5.000","5.000","0.00","2026-08-14 06:59:59","2026-08-14 14:59:59","0.00000","0","0.00","0.00000"
"all-available","Asia/Taipei","BTCUSDT","BTC-260815-67000-C","2026-08-15","67000","CALL","1h","2026-08-14 07:00:00","2026-08-14 15:00:00","5.000","5.000","5.000","5.000","0.00","2026-08-14 07:59:59","2026-08-14 15:59:59","0.00000","0","0.00","0.00000"
"all-available","Asia/Taipei","BTCUSDT","BTC-260815-67000-C","2026-08-15","67000","CALL","1h","2026-08-14 08:00:00","2026-08-14 16:00:00","5.000","5.000","5.000","5.000","0.00","2026-08-14 08:59:59","2026-08-14 16:59:59","0.00000","0","0.00","0.00000"
"all-available","Asia/Taipei","BTCUSDT","BTC-260815-67000-C","2026-08-15","67000","CALL","1h","2026-08-14 09:00:00","2026-08-14 17:00:00","5.000","5.000","5.000","5.000","0.00","2026-08-14 09:59:59","2026-08-14 17:59:59","0.00000","0","0.00","0.00000"
"all-available","Asia/Taipei","BTCUSDT","BTC-260815-67000-C","2026-08-15","67000","CALL","1h","2026-08-14 10:00:00","2026-08-14 18:00:00","5.000","5.000","5.000","5.000","0.00","2026-08-14 10:59:59","2026-08-14 18:59:59","0.00000","0","0.00","0.00000"
"all-available","Asia/Taipei","BTCUSDT","BTC-260815-67000-C","2026-08-15","67000","CALL","1h","2026-08-14 11:00:00","2026-08-14 19:00:00","5.000","5.000","5.000","5.000","0.00","2026-08-14 11:59:59","2026-08-14 19:59:59","0.00000","0","0.00","0.00000"
"all-available","Asia/Taipei","BTCUSDT","BTC-260815-67000-C","2026-08-15","67000","CALL","1h","2026-08-14 12:00:00","2026-08-14 20:00:00","5.000","5.000","5.000","5.000","0.00","2026-08-14 12:59:59","2026-08-14 20:59:59","0.00000","0","0.00","0.00000"
"all-available","Asia/Taipei","BTCUSDT","BTC-260815-67000-C","2026-08-15","67000","CALL","1h","2026-08-14 13:00:00","2026-08-14 21:00:00","5.000","5.000","5.000","5.000","0.00","2026-08-14 13:59:59","2026-08-14 21:59:59","0.00000","0","0.00","0.00000"
"all-available","Asia/Taipei","BTCUSDT","BTC-260815-67000-C","2026-08-15","67000","CALL","1h","2026-08-14 14:00:00","2026-08-14 22:00:00","5.000","5.000","5.000","5.000","0.00","2026-08-14 14:59:59","2026-08-14 22:59:59","0.00000","0","0.00","0.00000"
"all-available","Asia/Taipei","BTCUSDT","BTC-260815-67000-C","2026-08-15","67000","CALL","1h","2026-08-14 15:00:00","2026-08-14 23:00:00","5.000","5.000","5.000","5.000","0.00","2026-08-14 15:59:59","2026-08-14 23:59:59","0.00000","0","0.00","0.00000"
"all-available","Asia/Taipei","BTCUSDT","BTC-260815-67000-C","2026-08-15","67000","CALL","1h","2026-08-14 16:00:00","2026-08-15 00:00:00","5.000","5.000","5.000","5.000","0.00","2026-08-14 16:59:59","2026-08-15 00:59:59","0.00000","0","0.00","0.00000"
"all-available","Asia/Taipei","BTCUSDT","BTC-260815-67000-C","2026-08-15","67000","CALL","1h","2026-08-14 17:00:00","2026-08-15 01:00:00","5.000","5.000","5.000","5.000","0.00","2026-08-14 17:59:59","2026-08-15 01:59:59","0.00000","0","0.00","0.00000"
"all-available","Asia/Taipei","BTCUSDT","BTC-260815-67000-C","2026-08-15","67000","CALL","1h","2026-08-14 18:00:00","2026-08-15 02:00:00","5.000","5.000","5.000","5.000","0.00","2026-08-14 18:59:59","2026-08-15 02:59:59","0.00000","0","0.00","0.00000"
"all-available","Asia/Taipei","BTCUSDT","BTC-260815-67000-C","2026-08-15","67000","CALL","1h","2026-08-14 19:00:00","2026-08-15 03:00:00","5.000","5.000","5.000","5.000","0.00","2026-08-14 19:59:59","2026-08-15 03:59:59","0.00000","0","0.00","0.00000"
"all-available","Asia/Taipei","BTCUSDT","BTC-260815-67000-C","2026-08-15","67000","CALL","1h","2026-08-14 20:00:00","2026-08-15 04:00:00","5.000","5.000","5.000","5.000","0.00","2026-08-14 20:59:59","2026-08-15 04:59:59","0.00000","0","0.00","0.00000"
"all-available","Asia/Taipei","BTCUSDT","BTC-260815-67000-C","2026-08-15","67000","CALL","1h","2026-08-14 21:00:00","2026-08-15 05:00:00","5.000","5.000","5.000","5.000","0.00","2026-08-14 21:59:59","2026-08-15 05:59:59","0.00000","0","0.00","0.00000"
"all-available","Asia/Taipei","BTCUSDT","BTC-260815-67000-C","2026-08-15","67000","CALL","1h","2026-08-14 22:00:00","2026-08-15 06:00:00","5.000","5.000","5.000","5.000","0.00","2026-08-14 22:59:59","2026-08-15 06:59:59","0.00000","0","0.00","0.00000"
"all-available","Asia/Taipei","BTCUSDT","BTC-260815-67000-C","2026-08-15","67000","CALL","1h","2026-08-14 23:00:00","2026-08-15 07:00:00","5.000","5.000","5.000","5.000","0.00","2026-08-14 23:59:59","2026-08-15 07:59:59","0.00000","0","0.00","0.00000"
"all-available","Asia/Taipei","BTCUSDT","BTC-260815-67000-C","2026-08-15","67000","CALL","1h","2026-08-15 00:00:00","2026-08-15 08:00:00","5.000","5.000","5.000","5.000","0.00","2026-08-15 00:59:59","2026-08-15 08:59:59","0.00000","0","0.00","0.00000"
"all-available","Asia/Taipei","BTCUSDT","BTC-260815-67000-C","2026-08-15","67000","CALL","1h","2026-08-15 01:00:00","2026-08-15 09:00:00","5.000","5.000","5.000","5.000","0.00","2026-08-15 01:59:59","2026-08-15 09:59:59","0.00000","0","0.00","0.00000"
"all-available","Asia/Taipei","BTCUSDT","BTC-260815-67000-C","2026-08-15","67000","CALL","1h","2026-08-15 02:00:00","2026-08-15 10:00:00","5.000","5.000","5.000","5.000","0.00","2026-08-15 02:59:59","2026-08-15 10:59:59","0.00000","0","0.00","0.00000"
"all-available","Asia/Taipei","BTCUSDT","BTC-260815-67000-C","2026-08-15","67000","CALL","1h","2026-08-15 03:00:00","2026-08-15 11:00:00","5.000","5.000","5.000","5.000","0.00","2026-08-15 03:59:59","2026-08-15 11:59:59","0.00000","0","0.00","0.00000"
"all-available","Asia/Taipei","BTCUSDT","BTC-260815-67000-C","2026-08-15","67000","CALL","1h","2026-08-15 04:00:00","2026-08-15 12:00:00","5.000","5.000","5.000","5.000","0.00","2026-08-15 04:59:59","2026-08-15 12:59:59","0.00000","0","0.00","0.00000"
"all-available","Asia/Taipei","BTCUSDT","BTC-260815-67000-C","2026-08-15","67000","CALL","1h","2026-08-15 05:00:00","2026-08-15 13:00:00","5.000","5.000","5.000","5.000","0.00","2026-08-15 05:59:59","2026-08-15 13:59:59","0.00000","0","0.00","0.00000"
"all-available","Asia/Taipei","BTCUSDT","BTC-260815-67000-C","2026-08-15","67000","CALL","1h","2026-08-15 06:00:00","2026-08-15 14:00:00","5.000","5.000","5.000","5.000","0.00","2026-08-15 06:59:59","2026-08-15 14:59:59","0.00000","0","0.00","0.00000"
"all-available","Asia/Taipei","BTCUSDT","BTC-260815-67000-C","2026-08-15","67000","CALL","1h","2026-08-15 07:00:00","2026-08-15 15:00:00","5.000","5.000","5.000","5.000","0.00","2026-08-15 07:59:59","2026-08-15 15:59:59","0.00000","0","0.00","0.00000"
