"queryDate","timeZone","underlying","symbol","expiryDate","strikePrice","side","interval","openTimeUtc","openTimeLocal","open","high","low","close","volume","closeTimeUtc","closeTimeLocal","quoteVolume","numberOfTrades","takerBuyVolume","takerBuyQuoteVolume"
"all-available","Asia/Taipei","BTCUSDT","BTC-260812-61000-P","2026-08-12","61000","PUT","1h","2026-08-11 18:00:00","2026-08-12 02:00:00","5.000","5.000","5.000","5.000","2.00","2026-08-11 18:59:59","2026-08-12 02:59:59","10.00000","1","2.00","10.00000"
"all-available","Asia/Taipei","BTCUSDT","BTC-260812-61000-P","2026-08-12","61000","PUT","1h","2026-08-11 19:00:00","2026-08-12 03:00:00","5.000","5.000","5.000","5.000","0.00","2026-08-11 19:59:59","2026-08-12 03:59:59","0.00000","0","0.00","0.00000"
"all-available","Asia/Taipei","BTCUSDT","BTC-260812-61000-P","2026-08-12","61000","PUT","1h","2026-08-11 20:00:00","2026-08-12 04:00:00","5.000","5.000","5.000","5.000","0.00","2026-08-11 20:59:59","2026-08-12 04:59:59","0.00000","0","0.00","0.00000"
"all-available","Asia/Taipei","BTCUSDT","BTC-260812-61000-P","2026-08-12","61000","PUT","1h","2026-08-11 21:00:00","2026-08-12 05:00:00","5.000","5.000","5.000","5.000","4.25","2026-08-11 21:59:59","2026-08-12 05:59:59","21.25000","3","0.00","0.00000"
"all-available","Asia/Taipei","BTCUSDT","BTC-260812-61000-P","2026-08-12","61000","PUT","1h","2026-08-11 22:00:00","2026-08-12 06:00:00","5.000","5.000","5.000","5.000","1.01","2026-08-11 22:59:59","2026-08-12 06:59:59","5.05000","1","0.00","0.00000"
"all-available","Asia/Taipei","BTCUSDT","BTC-260812-61000-P","2026-08-12","61000","PUT","1h","2026-08-11 23:00:00","2026-08-12 07:00:00","5.000","5.000","5.000","5.000","0.00","2026-08-11 23:59:59","2026-08-12 07:59:59","0.00000","0","0.00","0.00000"
"all-available","Asia/Taipei","BTCUSDT","BTC-260812-61000-P","2026-08-12","61000","PUT","1h","2026-08-12 00:00:00","2026-08-12 08:00:00","5.000","5.000","5.000","5.000","0.00","2026-08-12 00:59:59","2026-08-12 08:59:59","0.00000","0","0.00","0.00000"
"all-available","Asia/Taipei","BTCUSDT","BTC-260812-61000-P","2026-08-12","61000","PUT","1h","2026-08-12 01:00:00","2026-08-12 09:00:00","5.000","5.000","5.000","5.000","0.00","2026-08-12 01:59:59","2026-08-12 09:59:59","0.00000","0","0.00","0.00000"
"all-available","Asia/Taipei","BTCUSDT","BTC-260812-61000-P","2026-08-12","61000","PUT","1h","2026-08-12 02:00:00","2026-08-12 10:00:00","5.000","5.000","5.000","5.000","0.00","2026-08-12 02:59:59","2026-08-12 10:59:59","0.00000","0","0.00","0.00000"
"all-available","Asia/Taipei","BTCUSDT","BTC-260812-61000-P","2026-08-12","61000","PUT","1h","2026-08-12 03:00:00","2026-08-12 11:00:00","5.000","5.000","5.000","5.000","0.00","2026-08-12 03:59:59","2026-08-12 11:59:59","0.00000","0","0.00","0.00000"
"all-available","Asia/Taipei","BTCUSDT","BTC-260812-61000-P","2026-08-12","61000","PUT","1h","2026-08-12 04:00:00","2026-08-12 12:00:00","5.000","5.000","5.000","5.000","0.00","2026-08-12 04:59:59","2026-08-12 12:59:59","0.00000","0","0.00","0.00000"
"all-available","Asia/Taipei","BTCUSDT","BTC-260812-61000-P","2026-08-12","61000","PUT","1h","2026-08-12 05:00:00","2026-08-12 13:00:00","5.000","5.000","5.000","5.000","0.00","2026-08-12 05:59:59","2026-08-12 13:59:59","0.00000","0","0.00","0.00000"
"all-available","Asia/Taipei","BTCUSDT","BTC-260812-61000-P","2026-08-12","61000","PUT","1h","2026-08-12 06:00:00","2026-08-12 14:00:00","5.000","5.000","5.000","5.000","0.00","2026-08-12 06:59:59","2026-08-12 14:59:59","0.00000","0","0.00","0.00000"
"all-available","Asia/Taipei","BTCUSDT","BTC-260812-61000-P","2026-08-12","61000","PUT","1h","2026-08-12 07:00:00","2026-08-12 15:00:00","5.000","5.000","5.000","5.000","0.00","2026-08-12 07:59:59","2026-08-12 15:59:59","0.00000","0","0.00","0.00000"
"all-available","Asia/Taipei","BTCUSDT","BTC-260812-62000-P","2026-08-12","62000","PUT","1h","2026-08-09 08:00:00","2026-08-09 16:00:00","35.000","35.000","30.000","35.000","3.62","2026-08-09 08:59:59","2026-08-09 16:59:59","121.70000","6","0.00","0.00000"
"all-available","Asia/Taipei","BTCUSDT","BTC-260812-62000-P","2026-08-12","62000","PUT","1h","2026-08-09 09:00:00","2026-08-09 17:00:00","35.000","35.000","35.000","35.000","0.00","2026-08-09 09:59:59","2026-08-09 17:59:59","0.00000","0","0.00","0.00000"
"all-available","Asia/Taipei","BTCUSDT","BTC-260812-62000-P","2026-08-12","62000","PUT","1h","2026-08-09 10:00:00","2026-08-09 18:00:00","35.000","35.000","35.000","35.000","0.01","2026-08-09 10:59:59","2026-08-09 18:59:59","0.35000","1","0.01","0.35000"
"all-available","Asia/Taipei","BTCUSDT","BTC-260812-62000-P","2026-08-12","62000","PUT","1h","2026-08-09 11:00:00","2026-08-09 19:00:00","35.000","35.000","35.000","35.000","0.00","2026-08-09 11:59:59","2026-08-09 19:59:59","0.00000","0","0.00","0.00000"
"all-available","Asia/Taipei","BTCUSDT","BTC-260812-62000-P","2026-08-12","62000","PUT","1h","2026-08-09 12:00:00","2026-08-09 20:00:00","35.000","35.000","35.000","35.000","0.01","2026-08-09 12:59:59","2026-08-09 20:59:59","0.35000","1","0.01","0.35000"
"all-available","Asia/Taipei","BTCUSDT","BTC-260812-62000-P","2026-08-12","62000","PUT","1h","2026-08-09 13:00:00","2026-08-09 21:00:00","35.000","35.000","35.000","35.000","0.00","2026-08-09 13:59:59","2026-08-09 21:59:59","0.00000","0","0.00","0.00000"
"all-available","Asia/Taipei","BTCUSDT","BTC-260812-62000-P","2026-08-12","62000","PUT","1h","2026-08-09 14:00:00","2026-08-09 22:00:00","35.000","35.000","35.000","35.000","0.00","2026-08-09 14:59:59","2026-08-09 22:59:59","0.00000","0","0.00","0.00000"
"all-available","Asia/Taipei","BTCUSDT","BTC-260812-62000-P","2026-08-12","62000","PUT","1h","2026-08-09 15:00:00","2026-08-09 23:00:00","35.000","35.000","35.000","35.000","0.00","2026-08-09 15:59:59","2026-08-09 23:59:59","0.00000","0","0.00","0.00000"
"all-available","Asia/Taipei","BTCUSDT","BTC-260812-62000-P","2026-08-12","62000","PUT","1h","2026-08-09 16:00:00","2026-08-10 00:00:00","30.000","30.000","30.000","30.000","1.00","2026-08-09 16:59:59","2026-08-10 00:59:59","30.00000","1","1.00","30.00000"
"all-available","Asia/Taipei","BTCUSDT","BTC-260812-62000-P","2026-08-12","62000","PUT","1h","2026-08-09 17:00:00","2026-08-10 01:00:00","30.000","30.000","30.000","30.000","0.00","2026-08-09 17:59:59","2026-08-10 01:59:59","0.00000","0","0.00","0.00000"
"all-available","Asia/Taipei","BTCUSDT","BTC-260812-62000-P","2026-08-12","62000","PUT","1h","2026-08-09 18:00:00","2026-08-10 02:00:00","30.000","30.000","30.000","30.000","0.00","2026-08-09 18:59:59","2026-08-10 02:59:59","0.00000","0","0.00","0.00000"
"all-available","Asia/Taipei","BTCUSDT","BTC-260812-62000-P","2026-08-12","62000","PUT","1h","2026-08-09 19:00:00","2026-08-10 03:00:00","30.000","30.000","30.000","30.000","0.00","2026-08-09 19:59:59","2026-08-10 03:59:59","0.00000","0","0.00","0.00000"
"all-available","Asia/Taipei","BTCUSDT","BTC-260812-62000-P","2026-08-12","62000","PUT","1h","2026-08-09 20:00:00","2026-08-10 04:00:00","30.000","30.000","30.000","30.000","0.04","2026-08-09 20:59:59","2026-08-10 04:59:59","1.20000","1","0.04","1.20000"
"all-available","Asia/Taipei","BTCUSDT","BTC-260812-62000-P","2026-08-12","62000","PUT","1h","2026-08-09 21:00:00","2026-08-10 05:00:00","30.000","30.000","30.000","30.000","0.00","2026-08-09 21:59:59","2026-08-10 05:59:59","0.00000","0","0.00","0.00000"
"all-available","Asia/Taipei","BTCUSDT","BTC-260812-62000-P","2026-08-12","62000","PUT","1h","2026-08-09 22:00:00","2026-08-10 06:00:00","30.000","30.000","30.000","30.000","0.00","2026-08-09 22:59:59","2026-08-10 06:59:59","0.00000","0","0.00","0.00000"
"all-available","Asia/Taipei","BTCUSDT","BTC-260812-62000-P","2026-08-12","62000","PUT","1h","2026-08-09 23:00:00","2026-08-10 07:00:00","35.000","35.000","35.000","35.000","0.50","2026-08-09 23:59:59","2026-08-10 07:59:59","17.50000","1","0.50","17.50000"
"all-available","Asia/Taipei","BTCUSDT","BTC-260812-62000-P","2026-08-12","62000","PUT","1h","2026-08-10 00:00:00","2026-08-10 08:00:00","30.000","30.000","30.000","30.000","0.09","2026-08-10 00:59:59","2026-08-10 08:59:59","2.70000","1","0.09","2.70000"
"all-available","Asia/Taipei","BTCUSDT","BTC-260812-62000-P","2026-08-12","62000","PUT","1h","2026-08-10 01:00:00","2026-08-10 09:00:00","30.000","30.000","25.000","25.000","0.46","2026-08-10 01:59:59","2026-08-10 09:59:59","13.70000","2","0.44","13.20000"
"all-available","Asia/Taipei","BTCUSDT","BTC-260812-62000-P","2026-08-12","62000","PUT","1h","2026-08-10 02:00:00","2026-08-10 10:00:00","20.000","20.000","20.000","20.000","0.02","2026-08-10 02:59:59","2026-08-10 10:59:59","0.40000","1","0.00","0.00000"
"all-available","Asia/Taipei","BTCUSDT","BTC-260812-62000-P","2026-08-12","62000","PUT","1h","2026-08-10 03:00:00","2026-08-10 11:00:00","20.000","20.000","20.000","20.000","0.00","2026-08-10 03:59:59","2026-08-10 11:59:59","0.00000","0","0.00","0.00000"
"all-available","Asia/Taipei","BTCUSDT","BTC-260812-62000-P","2026-08-12","62000","PUT","1h","2026-08-10 04:00:00","2026-08-10 12:00:00","20.000","20.000","20.000","20.000","0.00","2026-08-10 04:59:59","2026-08-10 12:59:59","0.00000","0","0.00","0.00000"
"all-available","Asia/Taipei","BTCUSDT","BTC-260812-62000-P","2026-08-12","62000","PUT","1h","2026-08-10 05:00:00","2026-08-10 13:00:00","20.000","20.000","20.000","20.000","0.03","2026-08-10 05:59:59","2026-08-10 13:59:59","0.60000","1","0.00","0.00000"
"all-available","Asia/Taipei","BTCUSDT","BTC-260812-62000-P","2026-08-12","62000","PUT","1h","2026-08-10 06:00:00","2026-08-10 14:00:00","20.000","20.000","20.000","20.000","2.33","2026-08-10 06:59:59","2026-08-10 14:59:59","46.60000","2","0.00","0.00000"
"all-available","Asia/Taipei","BTCUSDT","BTC-260812-62000-P","2026-08-12","62000","PUT","1h","2026-08-10 07:00:00","2026-08-10 15:00:00","20.000","20.000","20.000","20.000","0.00","2026-08-10 07:59:59","2026-08-10 15:59:59","0.00000","0","0.00","0.00000"
"all-available","Asia/Taipei","BTCUSDT","BTC-260812-62000-P","2026-08-12","62000","PUT","1h","2026-08-10 08:00:00","2026-08-10 16:00:00","15.000","15.000","15.000","15.000","0.04","2026-08-10 08:59:59","2026-08-10 16:59:59","0.60000","1","0.00","0.00000"
"all-available","Asia/Taipei","BTCUSDT","BTC-260812-62000-P","2026-08-12","62000","PUT","1h","2026-08-10 09:00:00","2026-08-10 17:00:00","15.000","15.000","15.000","15.000","0.00","2026-08-10 09:59:59","2026-08-10 17:59:59","0.00000","0","0.00","0.00000"
"all-available","Asia/Taipei","BTCUSDT","BTC-260812-62000-P","2026-08-12","62000","PUT","1h","2026-08-10 10:00:00","2026-08-10 18:00:00","15.000","15.000","15.000","15.000","0.00","2026-08-10 10:59:59","2026-08-10 18:59:59","0.00000","0","0.00","0.00000"
"all-available","Asia/Taipei","BTCUSDT","BTC-260812-62000-P","2026-08-12","62000","PUT","1h","2026-08-10 11:00:00","2026-08-10 19:00:00","15.000","15.000","15.000","15.000","0.00","2026-08-10 11:59:59","2026-08-10 19:59:59","0.00000","0","0.00","0.00000"
"all-available","Asia/Taipei","BTCUSDT","BTC-260812-62000-P","2026-08-12","62000","PUT","1h","2026-08-10 12:00:00","2026-08-10 20:00:00","15.000","15.000","15.000","15.000","0.00","2026-08-10 12:59:59","2026-08-10 20:59:59","0.00000","0","0.00","0.00000"
"all-available","Asia/Taipei","BTCUSDT","BTC-260812-62000-P","2026-08-12","62000","PUT","1h","2026-08-10 13:00:00","2026-08-10 21:00:00","15.000","15.000","10.000","10.000","1.84","2026-08-10 13:59:59","2026-08-10 21:59:59","22.60000","2","0.84","12.60000"
"all-available","Asia/Taipei","BTCUSDT","BTC-260812-62000-P","2026-08-12","62000","PUT","1h","2026-08-10 14:00:00","2026-08-10 22:00:00","20.000","20.000","20.000","20.000","0.41","2026-08-10 14:59:59","2026-08-10 22:59:59","8.20000","3","0.00","0.00000"
"all-available","Asia/Taipei","BTCUSDT","BTC-260812-62000-P","2026-08-12","62000","PUT","1h","2026-08-10 15:00:00","2026-08-10 23:00:00","30.000","30.000","30.000","30.000","2.07","2026-08-10 15:59:59","2026-08-10 23:59:59","62.10000","8","2.00","60.00000"
"all-available","Asia/Taipei","BTCUSDT","BTC-260812-62000-P","2026-08-12","62000","PUT","1h","2026-08-10 16:00:00","2026-08-11 00:00:00","30.000","40.000","30.000","40.000","12.81","2026-08-10 16:59:59","2026-08-11 00:59:59","502.40000","6","12.81","502.40000"
"all-available","Asia/Taipei","BTCUSDT","BTC-260812-62000-P","2026-08-12","62000","PUT","1h","2026-08-10 17:00:00","2026-08-11 01:00:00","55.000","55.000","50.000","55.000","7.12","2026-08-10 17:59:59","2026-08-11 01:59:59","373.40000","20","0.17","9.35000"
"all-available","Asia/Taipei","BTCUSDT","BTC-260812-62000-P","2026-08-12","62000","PUT","1h","2026-08-10 18:00:00","2026-08-11 02:00:00","55.000","55.000","55.000","55.000","1.67","2026-08-10 18:59:59","2026-08-11 02:59:59","91.85000","6","0.03","1.65000"
"all-available","Asia/Taipei","BTCUSDT","BTC-260812-62000-P","2026-08-12","62000","PUT","1h","2026-08-10 19:00:00","2026-08-11 03:00:00","55.000","55.000","50.000","50.000","5.80","2026-08-10 19:59:59","2026-08-11 03:59:59","298.95000","33","0.54","27.00000"
"all-available","Asia/Taipei","BTCUSDT","BTC-260812-62000-P","2026-08-12","62000","PUT","1h","2026-08-10 20:00:00","2026-08-11 04:00:00","45.000","45.000","40.000","40.000","1.50","2026-08-10 20:59:59","2026-08-11 04:59:59","61.10000","5","0.00","0.00000"
"all-available","Asia/Taipei","BTCUSDT","BTC-260812-62000-P","2026-08-12","62000","PUT","1h","2026-08-10 21:00:00","2026-08-11 05:00:00","40.000","40.000","40.000","40.000","1.97","2026-08-10 21:59:59","2026-08-11 05:59:59","78.80000","16","1.63","65.20000"
"all-available","Asia/Taipei","BTCUSDT","BTC-260812-62000-P","2026-08-12","62000","PUT","1h","2026-08-10 22:00:00","2026-08-11 06:00:00","40.000","40.000","40.000","40.000","0.00","2026-08-10 22:59:59","2026-08-11 06:59:59","0.00000","0","0.00","0.00000"
"all-available","Asia/Taipei","BTCUSDT","BTC-260812-62000-P","2026-08-12","62000","PUT","1h","2026-08-10 23:00:00","2026-08-11 07:00:00","40.000","40.000","35.000","35.000","11.91","2026-08-10 23:59:59","2026-08-11 07:59:59","475.00000","7","0.00","0.00000"
"all-available","Asia/Taipei","BTCUSDT","BTC-260812-62000-P","2026-08-12","62000","PUT","1h","2026-08-11 00:00:00","2026-08-11 08:00:00","35.000","35.000","35.000","35.000","5.28","2026-08-11 00:59:59","2026-08-11 08:59:59","184.80000","2","0.00","0.00000"
"all-available","Asia/Taipei","BTCUSDT","BTC-260812-62000-P","2026-08-12","62000","PUT","1h","2026-08-11 01:00:00","2026-08-11 09:00:00","30.000","30.000","25.000","25.000","0.79","2026-08-11 01:59:59","2026-08-11 09:59:59","20.10000","6","0.00","0.00000"
"all-available","Asia/Taipei","BTCUSDT","BTC-260812-62000-P","2026-08-12","62000","PUT","1h","2026-08-11 02:00:00","2026-08-11 10:00:00","25.000","25.000","25.000","25.000","0.00","2026-08-11 02:59:59","2026-08-11 10:59:59","0.00000","0","0.00","0.00000"
"all-available","Asia/Taipei","BTCUSDT","BTC-260812-62000-P","2026-08-12","62000","PUT","1h","2026-08-11 03:00:00","2026-08-11 11:00:00","20.000","20.000","20.000","20.000","0.01","2026-08-11 03:59:59","2026-08-11 11:59:59","0.20000","1","0.00","0.00000"
"all-available","Asia/Taipei","BTCUSDT","BTC-260812-62000-P","2026-08-12","62000","PUT","1h","2026-08-11 04:00:00","2026-08-11 12:00:00","25.000","25.000","20.000","25.000","64.66","2026-08-11 04:59:59","2026-08-11 12:59:59","1610.45000","18","63.45","1586.25000"
"all-available","Asia/Taipei","BTCUSDT","BTC-260812-62000-P","2026-08-12","62000","PUT","1h","2026-08-11 05:00:00","2026-08-11 13:00:00","20.000","25.000","20.000","25.000","0.82","2026-08-11 05:59:59","2026-08-11 13:59:59","20.40000","3","0.80","20.00000"
"all-available","Asia/Taipei","BTCUSDT","BTC-260812-62000-P","2026-08-12","62000","PUT","1h","2026-08-11 06:00:00","2026-08-11 14:00:00","20.000","20.000","20.000","20.000","2.86","2026-08-11 06:59:59","2026-08-11 14:59:59","57.20000","11","2.56","51.20000"
"all-available","Asia/Taipei","BTCUSDT","BTC-260812-62000-P","2026-08-12","62000","PUT","1h","2026-08-11 07:00:00","2026-08-11 15:00:00","20.000","20.000","20.000","20.000","0.00","2026-08-11 07:59:59","2026-08-11 15:59:59","0.00000","0","0.00","0.00000"
"all-available","Asia/Taipei","BTCUSDT","BTC-260812-62000-P","2026-08-12","62000","PUT","1h","2026-08-11 08:00:00","2026-08-11 16:00:00","15.000","15.000","15.000","15.000","2.43","2026-08-11 08:59:59","2026-08-11 16:59:59","36.45000","9","0.00","0.00000"
"all-available","Asia/Taipei","BTCUSDT","BTC-260812-62000-P","2026-08-12","62000","PUT","1h","2026-08-11 09:00:00","2026-08-11 17:00:00","15.000","15.000","15.000","15.000","1.86","2026-08-11 09:59:59","2026-08-11 17:59:59","27.90000","8","0.00","0.00000"
"all-available","Asia/Taipei","BTCUSDT","BTC-260812-62000-P","2026-08-12","62000","PUT","1h","2026-08-11 10:00:00","2026-08-11 18:00:00","15.000","15.000","15.000","15.000","1.00","2026-08-11 10:59:59","2026-08-11 18:59:59","15.00000","8","0.00","0.00000"
"all-available","Asia/Taipei","BTCUSDT","BTC-260812-62000-P","2026-08-12","62000","PUT","1h","2026-08-11 11:00:00","2026-08-11 19:00:00","15.000","15.000","15.000","15.000","0.15","2026-08-11 11:59:59","2026-08-11 19:59:59","2.25000","3","0.00","0.00000"
"all-available","Asia/Taipei","BTCUSDT","BTC-260812-62000-P","2026-08-12","62000","PUT","1h","2026-08-11 12:00:00","2026-08-11 20:00:00","15.000","15.000","15.000","15.000","36.71","2026-08-11 12:59:59","2026-08-11 20:59:59","550.65000","5","36.66","549.90000"
"all-available","Asia/Taipei","BTCUSDT","BTC-260812-62000-P","2026-08-12","62000","PUT","1h","2026-08-11 13:00:00","2026-08-11 21:00:00","15.000","15.000","10.000","15.000","1.70","2026-08-11 13:59:59","2026-08-11 21:59:59","25.00000","5","1.60","24.00000"
"all-available","Asia/Taipei","BTCUSDT","BTC-260812-62000-P","2026-08-12","62000","PUT","1h","2026-08-11 14:00:00","2026-08-11 22:00:00","15.000","15.000","10.000","15.000","6.41","2026-08-11 14:59:59","2026-08-11 22:59:59","95.95000","7","6.37","95.55000"
"all-available","Asia/Taipei","BTCUSDT","BTC-260812-62000-P","2026-08-12","62000","PUT","1h","2026-08-11 15:00:00","2026-08-11 23:00:00","15.000","30.000","15.000","30.000","14.10","2026-08-11 15:59:59","2026-08-11 23:59:59","340.75000","23","7.18","133.40000"
"all-available","Asia/Taipei","BTCUSDT","BTC-260812-62000-P","2026-08-12","62000","PUT","1h","2026-08-11 16:00:00","2026-08-12 00:00:00","25.000","25.000","15.000","15.000","5.90","2026-08-11 16:59:59","2026-08-12 00:59:59","116.85000","17","4.78","95.60000"
"all-available","Asia/Taipei","BTCUSDT","BTC-260812-62000-P","2026-08-12","62000","PUT","1h","2026-08-11 17:00:00","2026-08-12 01:00:00","15.000","15.000","10.000","10.000","4.00","2026-08-11 17:59:59","2026-08-12 01:59:59","50.00000","12","0.00","0.00000"
"all-available","Asia/Taipei","BTCUSDT","BTC-260812-62000-P","2026-08-12","62000","PUT","1h","2026-08-11 18:00:00","2026-08-12 02:00:00","10.000","10.000","10.000","10.000","0.00","2026-08-11 18:59:59","2026-08-12 02:59:59","0.00000","0","0.00","0.00000"
"all-available","Asia/Taipei","BTCUSDT","BTC-260812-62000-P","2026-08-12","62000","PUT","1h","2026-08-11 19:00:00","2026-08-12 03:00:00","15.000","15.000","15.000","15.000","3.50","2026-08-11 19:59:59","2026-08-12 03:59:59","52.50000","3","0.00","0.00000"
"all-available","Asia/Taipei","BTCUSDT","BTC-260812-62000-P","2026-08-12","62000","PUT","1h","2026-08-11 20:00:00","2026-08-12 04:00:00","15.000","15.000","15.000","15.000","0.00","2026-08-11 20:59:59","2026-08-12 04:59:59","0.00000","0","0.00","0.00000"
"all-available","Asia/Taipei","BTCUSDT","BTC-260812-62000-P","2026-08-12","62000","PUT","1h","2026-08-11 21:00:00","2026-08-12 05:00:00","15.000","15.000","15.000","15.000","0.00","2026-08-11 21:59:59","2026-08-12 05:59:59","0.00000","0","0.00","0.00000"
"all-available","Asia/Taipei","BTCUSDT","BTC-260812-62000-P","2026-08-12","62000","PUT","1h","2026-08-11 22:00:00","2026-08-12 06:00:00","15.000","15.000","15.000","15.000","0.00","2026-08-11 22:59:59","2026-08-12 06:59:59","0.00000","0","0.00","0.00000"
"all-available","Asia/Taipei","BTCUSDT","BTC-260812-62000-P","2026-08-12","62000","PUT","1h","2026-08-11 23:00:00","2026-08-12 07:00:00","10.000","10.000","10.000","10.000","0.50","2026-08-11 23:59:59","2026-08-12 07:59:59","5.00000","4","0.50","5.00000"
"all-available","Asia/Taipei","BTCUSDT","BTC-260812-62000-P","2026-08-12","62000","PUT","1h","2026-08-12 00:00:00","2026-08-12 08:00:00","5.000","5.000","5.000","5.000","39.49","2026-08-12 00:59:59","2026-08-12 08:59:59","197.45000","13","0.00","0.00000"
"all-available","Asia/Taipei","BTCUSDT","BTC-260812-62000-P","2026-08-12","62000","PUT","1h","2026-08-12 01:00:00","2026-08-12 09:00:00","5.000","5.000","5.000","5.000","0.00","2026-08-12 01:59:59","2026-08-12 09:59:59","0.00000","0","0.00","0.00000"
"all-available","Asia/Taipei","BTCUSDT","BTC-260812-62000-P","2026-08-12","62000","PUT","1h","2026-08-12 02:00:00","2026-08-12 10:00:00","5.000","5.000","5.000","5.000","0.00","2026-08-12 02:59:59","2026-08-12 10:59:59","0.00000","0","0.00","0.00000"
"all-available","Asia/Taipei","BTCUSDT","BTC-260812-62000-P","2026-08-12","62000","PUT","1h","2026-08-12 03:00:00","2026-08-12 11:00:00","5.000","5.000","5.000","5.000","0.00","2026-08-12 03:59:59","2026-08-12 11:59:59","0.00000","0","0.00","0.00000"
"all-available","Asia/Taipei","BTCUSDT","BTC-260812-62000-P","2026-08-12","62000","PUT","1h","2026-08-12 04:00:00","2026-08-12 12:00:00","5.000","5.000","5.000","5.000","0.00","2026-08-12 04:59:59","2026-08-12 12:59:59","0.00000","0","0.00","0.00000"
"all-available","Asia/Taipei","BTCUSDT","BTC-260812-62000-P","2026-08-12","62000","PUT","1h","2026-08-12 05:00:00","2026-08-12 13:00:00","5.000","5.000","5.000","5.000","0.00","2026-08-12 05:59:59","2026-08-12 13:59:59","0.00000","0","0.00","0.00000"
"all-available","Asia/Taipei","BTCUSDT","BTC-260812-62000-P","2026-08-12","62000","PUT","1h","2026-08-12 06:00:00","2026-08-12 14:00:00","5.000","5.000","5.000","5.000","0.00","2026-08-12 06:59:59","2026-08-12 14:59:59","0.00000","0","0.00","0.00000"
"all-available","Asia/Taipei","BTCUSDT","BTC-260812-62000-P","2026-08-12","62000","PUT","1h","2026-08-12 07:00:00","2026-08-12 15:00:00","5.000","5.000","5.000","5.000","0.00","2026-08-12 07:59:59","2026-08-12 15:59:59","0.00000","0","0.00","0.00000"
"all-available","Asia/Taipei","BTCUSDT","BTC-260812-62500-P","2026-08-12","62500","PUT","1h","2026-08-10 13:00:00","2026-08-10 21:00:00","30.000","30.000","30.000","30.000","0.06","2026-08-10 13:59:59","2026-08-10 21:59:59","1.80000","2","0.06","1.80000"
"all-available","Asia/Taipei","BTCUSDT","BTC-260812-62500-P","2026-08-12","62500","PUT","1h","2026-08-10 14:00:00","2026-08-10 22:00:00","35.000","35.000","25.000","25.000","1.98","2026-08-10 14:59:59","2026-08-10 22:59:59","56.15000","10","1.28","38.05000"
"all-available","Asia/Taipei","BTCUSDT","BTC-260812-62500-P","2026-08-12","62500","PUT","1h","2026-08-10 15:00:00","2026-08-10 23:00:00","25.000","55.000","25.000","55.000","1.15","2026-08-10 15:59:59","2026-08-10 23:59:59","59.65000","10","1.08","57.90000"
"all-available","Asia/Taipei","BTCUSDT","BTC-260812-62500-P","2026-08-12","62500","PUT","1h","2026-08-10 16:00:00","2026-08-11 00:00:00","45.000","60.000","45.000","60.000","13.00","2026-08-10 16:59:59","2026-08-11 00:59:59","725.00000","24","8.58","514.10000"
"all-available","Asia/Taipei","BTCUSDT","BTC-260812-62500-P","2026-08-12","62500","PUT","1h","2026-08-10 17:00:00","2026-08-11 01:00:00","85.000","85.000","85.000","85.000","8.25","2026-08-10 17:59:59","2026-08-11 01:59:59","701.25000","8","0.00","0.00000"
"all-available","Asia/Taipei","BTCUSDT","BTC-260812-62500-P","2026-08-12","62500","PUT","1h","2026-08-10 18:00:00","2026-08-11 02:00:00","100.000","100.000","95.000","95.000","0.56","2026-08-10 18:59:59","2026-08-11 02:59:59","53.40000","5","0.04","4.00000"
"all-available","Asia/Taipei","BTCUSDT","BTC-260812-62500-P","2026-08-12","62500","PUT","1h","2026-08-10 19:00:00","2026-08-11 03:00:00","75.000","80.000","75.000","80.000","2.37","2026-08-10 19:59:59","2026-08-11 03:59:59","187.30000","16","1.91","152.80000"
"all-available","Asia/Taipei","BTCUSDT","BTC-260812-62500-P","2026-08-12","62500","PUT","1h","2026-08-10 20:00:00","2026-08-11 04:00:00","65.000","65.000","65.000","65.000","0.86","2026-08-10 20:59:59","2026-08-11 04:59:59","55.90000","1","0.00","0.00000"
"all-available","Asia/Taipei","BTCUSDT","BTC-260812-62500-P","2026-08-12","62500","PUT","1h","2026-08-10 21:00:00","2026-08-11 05:00:00","65.000","65.000","65.000","65.000","0.25","2026-08-10 21:59:59","2026-08-11 05:59:59","16.25000","2","0.25","16.25000"
"all-available","Asia/Taipei","BTCUSDT","BTC-260812-62500-P","2026-08-12","62500","PUT","1h","2026-08-10 22:00:00","2026-08-11 06:00:00","70.000","70.000","70.000","70.000","0.11","2026-08-10 22:59:59","2026-08-11 06:59:59","7.70000","3","0.11","7.70000"
"all-available","Asia/Taipei","BTCUSDT","BTC-260812-62500-P","2026-08-12","62500","PUT","1h","2026-08-10 23:00:00","2026-08-11 07:00:00","65.000","65.000","60.000","60.000","8.02","2026-08-10 23:59:59","2026-08-11 07:59:59","481.30000","8","0.00","0.00000"
"all-available","Asia/Taipei","BTCUSDT","BTC-260812-62500-P","2026-08-12","62500","PUT","1h","2026-08-11 00:00:00","2026-08-11 08:00:00","60.000","60.000","60.000","60.000","0.07","2026-08-11 00:59:59","2026-08-11 08:59:59","4.20000","1","0.00","0.00000"
"all-available","Asia/Taipei","BTCUSDT","BTC-260812-62500-P","2026-08-12","62500","PUT","1h","2026-08-11 01:00:00","2026-08-11 09:00:00","50.000","50.000","40.000","40.000","0.70","2026-08-11 01:59:59","2026-08-11 09:59:59","33.90000","8","0.16","8.00000"
"all-available","Asia/Taipei","BTCUSDT","BTC-260812-62500-P","2026-08-12","62500","PUT","1h","2026-08-11 02:00:00","2026-08-11 10:00:00","40.000","40.000","40.000","40.000","0.01","2026-08-11 02:59:59","2026-08-11 10:59:59","0.40000","1","0.00","0.00000"
"all-available","Asia/Taipei","BTCUSDT","BTC-260812-62500-P","2026-08-12","62500","PUT","1h","2026-08-11 03:00:00","2026-08-11 11:00:00","35.000","35.000","35.000","35.000","0.25","2026-08-11 03:59:59","2026-08-11 11:59:59","8.75000","3","0.00","0.00000"
"all-available","Asia/Taipei","BTCUSDT","BTC-260812-62500-P","2026-08-12","62500","PUT","1h","2026-08-11 04:00:00","2026-08-11 12:00:00","30.000","35.000","30.000","35.000","1.58","2026-08-11 04:59:59","2026-08-11 12:59:59","55.10000","5","1.54","53.90000"
"all-available","Asia/Taipei","BTCUSDT","BTC-260812-62500-P","2026-08-12","62500","PUT","1h","2026-08-11 05:00:00","2026-08-11 13:00:00","35.000","35.000","35.000","35.000","7.00","2026-08-11 05:59:59","2026-08-11 13:59:59","245.00000","6","7.00","245.00000"
"all-available","Asia/Taipei","BTCUSDT","BTC-260812-62500-P","2026-08-12","62500","PUT","1h","2026-08-11 06:00:00","2026-08-11 14:00:00","35.000","35.000","35.000","35.000","1.18","2026-08-11 06:59:59","2026-08-11 14:59:59","41.30000","10","1.11","38.85000"
"all-available","Asia/Taipei","BTCUSDT","BTC-260812-62500-P","2026-08-12","62500","PUT","1h","2026-08-11 07:00:00","2026-08-11 15:00:00","30.000","30.000","25.000","25.000","1.87","2026-08-11 07:59:59","2026-08-11 15:59:59","53.15000","10","0.00","0.00000"
"all-available","Asia/Taipei","BTCUSDT","BTC-260812-62500-P","2026-08-12","62500","PUT","1h","2026-08-11 08:00:00","2026-08-11 16:00:00","30.000","30.000","25.000","25.000","22.70","2026-08-11 08:59:59","2026-08-11 16:59:59","674.30000","18","21.56","645.80000"
"all-available","Asia/Taipei","BTCUSDT","BTC-260812-62500-P","2026-08-12","62500","PUT","1h","2026-08-11 09:00:00","2026-08-11 17:00:00","20.000","25.000","20.000","25.000","5.99","2026-08-11 09:59:59","2026-08-11 17:59:59","149.30000","9","4.47","111.75000"
"all-available","Asia/Taipei","BTCUSDT","BTC-260812-62500-P","2026-08-12","62500","PUT","1h","2026-08-11 10:00:00","2026-08-11 18:00:00","20.000","25.000","20.000","20.000","8.03","2026-08-11 10:59:59","2026-08-11 18:59:59","200.30000","13","6.20","155.00000"
"all-available","Asia/Taipei","BTCUSDT","BTC-260812-62500-P","2026-08-12","62500","PUT","1h","2026-08-11 11:00:00","2026-08-11 19:00:00","20.000","20.000","20.000","20.000","1.47","2026-08-11 11:59:59","2026-08-11 19:59:59","29.40000","5","0.00","0.00000"
"all-available","Asia/Taipei","BTCUSDT","BTC-260812-62500-P","2026-08-12","62500","PUT","1h","2026-08-11 12:00:00","2026-08-11 20:00:00","20.000","20.000","20.000","20.000","1.00","2026-08-11 12:59:59","2026-08-11 20:59:59","20.00000","1","1.00","20.00000"
"all-available","Asia/Taipei","BTCUSDT","BTC-260812-62500-P","2026-08-12","62500","PUT","1h","2026-08-11 13:00:00","2026-08-11 21:00:00","20.000","20.000","20.000","20.000","0.00","2026-08-11 13:59:59","2026-08-11 21:59:59","0.00000","0","0.00","0.00000"
"all-available","Asia/Taipei","BTCUSDT","BTC-260812-62500-P","2026-08-12","62500","PUT","1h","2026-08-11 14:00:00","2026-08-11 22:00:00","20.000","25.000","10.000","25.000","126.20","2026-08-11 14:59:59","2026-08-11 22:59:59","1528.65000","66","0.50","10.00000"
"all-available","Asia/Taipei","BTCUSDT","BTC-260812-62500-P","2026-08-12","62500","PUT","1h","2026-08-11 15:00:00","2026-08-11 23:00:00","25.000","60.000","25.000","40.000","26.62","2026-08-11 15:59:59","2026-08-11 23:59:59","1053.15000","39","6.57","226.10000"
"all-available","Asia/Taipei","BTCUSDT","BTC-260812-62500-P","2026-08-12","62500","PUT","1h","2026-08-11 16:00:00","2026-08-12 00:00:00","35.000","40.000","35.000","35.000","8.52","2026-08-11 16:59:59","2026-08-12 00:59:59","303.10000","23","0.98","39.20000"
"all-available","Asia/Taipei","BTCUSDT","BTC-260812-62500-P","2026-08-12","62500","PUT","1h","2026-08-11 17:00:00","2026-08-12 01:00:00","35.000","35.000","25.000","25.000","16.66","2026-08-11 17:59:59","2026-08-12 01:59:59","417.50000","16","16.56","414.00000"
"all-available","Asia/Taipei","BTCUSDT","BTC-260812-62500-P","2026-08-12","62500","PUT","1h","2026-08-11 18:00:00","2026-08-12 02:00:00","20.000","35.000","20.000","25.000","17.20","2026-08-11 18:59:59","2026-08-12 02:59:59","438.85000","18","0.41","10.25000"
"all-available","Asia/Taipei","BTCUSDT","BTC-260812-62500-P","2026-08-12","62500","PUT","1h","2026-08-11 19:00:00","2026-08-12 03:00:00","40.000","45.000","35.000","35.000","2.41","2026-08-11 19:59:59","2026-08-12 03:59:59","84.70000","10","2.41","84.70000"
"all-available","Asia/Taipei","BTCUSDT","BTC-260812-62500-P","2026-08-12","62500","PUT","1h","2026-08-11 20:00:00","2026-08-12 04:00:00","35.000","35.000","35.000","35.000","0.00","2026-08-11 20:59:59","2026-08-12 04:59:59","0.00000","0","0.00","0.00000"
"all-available","Asia/Taipei","BTCUSDT","BTC-260812-62500-P","2026-08-12","62500","PUT","1h","2026-08-11 21:00:00","2026-08-12 05:00:00","35.000","35.000","35.000","35.000","0.00","2026-08-11 21:59:59","2026-08-12 05:59:59","0.00000","0","0.00","0.00000"
"all-available","Asia/Taipei","BTCUSDT","BTC-260812-62500-P","2026-08-12","62500","PUT","1h","2026-08-11 22:00:00","2026-08-12 06:00:00","20.000","20.000","20.000","20.000","15.00","2026-08-11 22:59:59","2026-08-12 06:59:59","300.00000","6","15.00","300.00000"
"all-available","Asia/Taipei","BTCUSDT","BTC-260812-62500-P","2026-08-12","62500","PUT","1h","2026-08-11 23:00:00","2026-08-12 07:00:00","15.000","15.000","15.000","15.000","11.88","2026-08-11 23:59:59","2026-08-12 07:59:59","178.20000","11","11.88","178.20000"
"all-available","Asia/Taipei","BTCUSDT","BTC-260812-62500-P","2026-08-12","62500","PUT","1h","2026-08-12 00:00:00","2026-08-12 08:00:00","10.000","10.000","10.000","10.000","21.26","2026-08-12 00:59:59","2026-08-12 08:59:59","212.60000","13","0.00","0.00000"
"all-available","Asia/Taipei","BTCUSDT","BTC-260812-62500-P","2026-08-12","62500","PUT","1h","2026-08-12 01:00:00","2026-08-12 09:00:00","10.000","10.000","10.000","10.000","0.02","2026-08-12 01:59:59","2026-08-12 09:59:59","0.20000","1","0.02","0.20000"
"all-available","Asia/Taipei","BTCUSDT","BTC-260812-62500-P","2026-08-12","62500","PUT","1h","2026-08-12 02:00:00","2026-08-12 10:00:00","5.000","5.000","5.000","5.000","5.51","2026-08-12 02:59:59","2026-08-12 10:59:59","27.55000","6","0.00","0.00000"
"all-available","Asia/Taipei","BTCUSDT","BTC-260812-62500-P","2026-08-12","62500","PUT","1h","2026-08-12 03:00:00","2026-08-12 11:00:00","5.000","5.000","5.000","5.000","0.00","2026-08-12 03:59:59","2026-08-12 11:59:59","0.00000","0","0.00","0.00000"
"all-available","Asia/Taipei","BTCUSDT","BTC-260812-62500-P","2026-08-12","62500","PUT","1h","2026-08-12 04:00:00","2026-08-12 12:00:00","5.000","5.000","5.000","5.000","0.00","2026-08-12 04:59:59","2026-08-12 12:59:59","0.00000","0","0.00","0.00000"
"all-available","Asia/Taipei","BTCUSDT","BTC-260812-62500-P","2026-08-12","62500","PUT","1h","2026-08-12 05:00:00","2026-08-12 13:00:00","5.000","5.000","5.000","5.000","0.00","2026-08-12 05:59:59","2026-08-12 13:59:59","0.00000","0","0.00","0.00000"
"all-available","Asia/Taipei","BTCUSDT","BTC-260812-62500-P","2026-08-12","62500","PUT","1h","2026-08-12 06:00:00","2026-08-12 14:00:00","5.000","5.000","5.000","5.000","0.00","2026-08-12 06:59:59","2026-08-12 14:59:59","0.00000","0","0.00","0.00000"
"all-available","Asia/Taipei","BTCUSDT","BTC-260812-62500-P","2026-08-12","62500","PUT","1h","2026-08-12 07:00:00","2026-08-12 15:00:00","5.000","5.000","5.000","5.000","1.19","2026-08-12 07:59:59","2026-08-12 15:59:59","5.95000","1","1.19","5.95000"
"all-available","Asia/Taipei","BTCUSDT","BTC-260812-63000-P","2026-08-12","63000","PUT","1h","2026-08-09 08:00:00","2026-08-09 16:00:00","100.000","100.000","95.000","95.000","0.71","2026-08-09 08:59:59","2026-08-09 16:59:59","70.90000","2","0.69","69.00000"
"all-available","Asia/Taipei","BTCUSDT","BTC-260812-63000-P","2026-08-12","63000","PUT","1h","2026-08-09 09:00:00","2026-08-09 17:00:00","95.000","95.000","95.000","95.000","0.00","2026-08-09 09:59:59","2026-08-09 17:59:59","0.00000","0","0.00","0.00000"
"all-available","Asia/Taipei","BTCUSDT","BTC-260812-63000-P","2026-08-12","63000","PUT","1h","2026-08-09 10:00:00","2026-08-09 18:00:00","95.000","95.000","95.000","95.000","0.00","2026-08-09 10:59:59","2026-08-09 18:59:59","0.00000","0","0.00","0.00000"
"all-available","Asia/Taipei","BTCUSDT","BTC-260812-63000-P","2026-08-12","63000","PUT","1h","2026-08-09 11:00:00","2026-08-09 19:00:00","95.000","95.000","95.000","95.000","0.00","2026-08-09 11:59:59","2026-08-09 19:59:59","0.00000","0","0.00","0.00000"
"all-available","Asia/Taipei","BTCUSDT","BTC-260812-63000-P","2026-08-12","63000","PUT","1h","2026-08-09 12:00:00","2026-08-09 20:00:00","80.000","80.000","80.000","80.000","0.01","2026-08-09 12:59:59","2026-08-09 20:59:59","0.80000","1","0.00","0.00000"
"all-available","Asia/Taipei","BTCUSDT","BTC-260812-63000-P","2026-08-12","63000","PUT","1h","2026-08-09 13:00:00","2026-08-09 21:00:00","80.000","80.000","80.000","80.000","0.70","2026-08-09 13:59:59","2026-08-09 21:59:59","56.00000","1","0.70","56.00000"
"all-available","Asia/Taipei","BTCUSDT","BTC-260812-63000-P","2026-08-12","63000","PUT","1h","2026-08-09 14:00:00","2026-08-09 22:00:00","65.000","65.000","65.000","65.000","0.25","2026-08-09 14:59:59","2026-08-09 22:59:59","16.25000","1","0.00","0.00000"
"all-available","Asia/Taipei","BTCUSDT","BTC-260812-63000-P","2026-08-12","63000","PUT","1h","2026-08-09 15:00:00","2026-08-09 23:00:00","65.000","65.000","65.000","65.000","0.00","2026-08-09 15:59:59","2026-08-09 23:59:59","0.00000","0","0.00","0.00000"
"all-available","Asia/Taipei","BTCUSDT","BTC-260812-63000-P","2026-08-12","63000","PUT","1h","2026-08-09 16:00:00","2026-08-10 00:00:00","65.000","65.000","65.000","65.000","0.00","2026-08-09 16:59:59","2026-08-10 00:59:59","0.00000","0","0.00","0.00000"
"all-available","Asia/Taipei","BTCUSDT","BTC-260812-63000-P","2026-08-12","63000","PUT","1h","2026-08-09 17:00:00","2026-08-10 01:00:00","65.000","65.000","65.000","65.000","0.00","2026-08-09 17:59:59","2026-08-10 01:59:59","0.00000","0","0.00","0.00000"
"all-available","Asia/Taipei","BTCUSDT","BTC-260812-63000-P","2026-08-12","63000","PUT","1h","2026-08-09 18:00:00","2026-08-10 02:00:00","65.000","65.000","65.000","65.000","0.00","2026-08-09 18:59:59","2026-08-10 02:59:59","0.00000","0","0.00","0.00000"
"all-available","Asia/Taipei","BTCUSDT","BTC-260812-63000-P","2026-08-12","63000","PUT","1h","2026-08-09 19:00:00","2026-08-10 03:00:00","65.000","65.000","65.000","65.000","0.00","2026-08-09 19:59:59","2026-08-10 03:59:59","0.00000","0","0.00","0.00000"
"all-available","Asia/Taipei","BTCUSDT","BTC-260812-63000-P","2026-08-12","63000","PUT","1h","2026-08-09 20:00:00","2026-08-10 04:00:00","65.000","65.000","65.000","65.000","0.00","2026-08-09 20:59:59","2026-08-10 04:59:59","0.00000","0","0.00","0.00000"
"all-available","Asia/Taipei","BTCUSDT","BTC-260812-63000-P","2026-08-12","63000","PUT","1h","2026-08-09 21:00:00","2026-08-10 05:00:00","65.000","65.000","65.000","65.000","0.00","2026-08-09 21:59:59","2026-08-10 05:59:59","0.00000","0","0.00","0.00000"
"all-available","Asia/Taipei","BTCUSDT","BTC-260812-63000-P","2026-08-12","63000","PUT","1h","2026-08-09 22:00:00","2026-08-10 06:00:00","85.000","85.000","85.000","85.000","1.75","2026-08-09 22:59:59","2026-08-10 06:59:59","148.75000","3","0.00","0.00000"
"all-available","Asia/Taipei","BTCUSDT","BTC-260812-63000-P","2026-08-12","63000","PUT","1h","2026-08-09 23:00:00","2026-08-10 07:00:00","85.000","85.000","85.000","85.000","0.45","2026-08-09 23:59:59","2026-08-10 07:59:59","38.25000","1","0.45","38.25000"
"all-available","Asia/Taipei","BTCUSDT","BTC-260812-63000-P","2026-08-12","63000","PUT","1h","2026-08-10 00:00:00","2026-08-10 08:00:00","75.000","75.000","70.000","70.000","20.09","2026-08-10 00:59:59","2026-08-10 08:59:59","1499.70000","33","17.98","1348.40000"
"all-available","Asia/Taipei","BTCUSDT","BTC-260812-63000-P","2026-08-12","63000","PUT","1h","2026-08-10 01:00:00","2026-08-10 09:00:00","65.000","65.000","65.000","65.000","2.79","2026-08-10 01:59:59","2026-08-10 09:59:59","181.35000","9","0.00","0.00000"
"all-available","Asia/Taipei","BTCUSDT","BTC-260812-63000-P","2026-08-12","63000","PUT","1h","2026-08-10 02:00:00","2026-08-10 10:00:00","65.000","65.000","60.000","60.000","3.60","2026-08-10 02:59:59","2026-08-10 10:59:59","232.30000","7","0.26","16.90000"
"all-available","Asia/Taipei","BTCUSDT","BTC-260812-63000-P","2026-08-12","63000","PUT","1h","2026-08-10 03:00:00","2026-08-10 11:00:00","65.000","65.000","65.000","65.000","2.25","2026-08-10 03:59:59","2026-08-10 11:59:59","146.25000","3","2.25","146.25000"
"all-available","Asia/Taipei","BTCUSDT","BTC-260812-63000-P","2026-08-12","63000","PUT","1h","2026-08-10 04:00:00","2026-08-10 12:00:00","65.000","65.000","65.000","65.000","0.00","2026-08-10 04:59:59","2026-08-10 12:59:59","0.00000","0","0.00","0.00000"
"all-available","Asia/Taipei","BTCUSDT","BTC-260812-63000-P","2026-08-12","63000","PUT","1h","2026-08-10 05:00:00","2026-08-10 13:00:00","60.000","60.000","60.000","60.000","0.15","2026-08-10 05:59:59","2026-08-10 13:59:59","9.00000","1","0.00","0.00000"
"all-available","Asia/Taipei","BTCUSDT","BTC-260812-63000-P","2026-08-12","63000","PUT","1h","2026-08-10 06:00:00","2026-08-10 14:00:00","50.000","50.000","50.000","50.000","3.00","2026-08-10 06:59:59","2026-08-10 14:59:59","150.00000","2","0.00","0.00000"
"all-available","Asia/Taipei","BTCUSDT","BTC-260812-63000-P","2026-08-12","63000","PUT","1h","2026-08-10 07:00:00","2026-08-10 15:00:00","50.000","50.000","50.000","50.000","0.00","2026-08-10 07:59:59","2026-08-10 15:59:59","0.00000","0","0.00","0.00000"
"all-available","Asia/Taipei","BTCUSDT","BTC-260812-63000-P","2026-08-12","63000","PUT","1h","2026-08-10 08:00:00","2026-08-10 16:00:00","40.000","40.000","40.000","40.000","3.12","2026-08-10 08:59:59","2026-08-10 16:59:59","124.80000","4","0.00","0.00000"
"all-available","Asia/Taipei","BTCUSDT","BTC-260812-63000-P","2026-08-12","63000","PUT","1h","2026-08-10 09:00:00","2026-08-10 17:00:00","35.000","35.000","35.000","35.000","1.00","2026-08-10 09:59:59","2026-08-10 17:59:59","35.00000","2","0.00","0.00000"
"all-available","Asia/Taipei","BTCUSDT","BTC-260812-63000-P","2026-08-12","63000","PUT","1h","2026-08-10 10:00:00","2026-08-10 18:00:00","35.000","35.000","35.000","35.000","0.00","2026-08-10 10:59:59","2026-08-10 18:59:59","0.00000","0","0.00","0.00000"
"all-available","Asia/Taipei","BTCUSDT","BTC-260812-63000-P","2026-08-12","63000","PUT","1h","2026-08-10 11:00:00","2026-08-10 19:00:00","35.000","35.000","35.000","35.000","3.00","2026-08-10 11:59:59","2026-08-10 19:59:59","105.00000","4","3.00","105.00000"
"all-available","Asia/Taipei","BTCUSDT","BTC-260812-63000-P","2026-08-12","63000","PUT","1h","2026-08-10 12:00:00","2026-08-10 20:00:00","30.000","30.000","25.000","25.000","2.43","2026-08-10 12:59:59","2026-08-10 20:59:59","70.85000","4","0.00","0.00000"
"all-available","Asia/Taipei","BTCUSDT","BTC-260812-63000-P","2026-08-12","63000","PUT","1h","2026-08-10 13:00:00","2026-08-10 21:00:00","50.000","60.000","45.000","60.000","3.21","2026-08-10 13:59:59","2026-08-10 21:59:59","144.80000","10","0.00","0.00000"
"all-available","Asia/Taipei","BTCUSDT","BTC-260812-63000-P","2026-08-12","63000","PUT","1h","2026-08-10 14:00:00","2026-08-10 22:00:00","55.000","55.000","35.000","45.000","6.07","2026-08-10 14:59:59","2026-08-10 22:59:59","267.95000","19","4.02","180.45000"
"all-available","Asia/Taipei","BTCUSDT","BTC-260812-63000-P","2026-08-12","63000","PUT","1h","2026-08-10 15:00:00","2026-08-10 23:00:00","45.000","90.000","45.000","80.000","9.64","2026-08-10 15:59:59","2026-08-10 23:59:59","769.35000","18","0.38","24.50000"
"all-available","Asia/Taipei","BTCUSDT","BTC-260812-63000-P","2026-08-12","63000","PUT","1h","2026-08-10 16:00:00","2026-08-11 00:00:00","85.000","170.000","85.000","165.000","16.74","2026-08-10 16:59:59","2026-08-11 00:59:59","2121.10000","17","4.07","455.90000"
"all-available","Asia/Taipei","BTCUSDT","BTC-260812-63000-P","2026-08-12","63000","PUT","1h","2026-08-10 17:00:00","2026-08-11 01:00:00","160.000","170.000","155.000","160.000","8.30","2026-08-10 17:59:59","2026-08-11 01:59:59","1312.95000","11","0.66","111.20000"
"all-available","Asia/Taipei","BTCUSDT","BTC-260812-63000-P","2026-08-12","63000","PUT","1h","2026-08-10 18:00:00","2026-08-11 02:00:00","150.000","165.000","150.000","160.000","3.81","2026-08-10 18:59:59","2026-08-11 02:59:59","593.30000","17","1.59","245.75000"
"all-available","Asia/Taipei","BTCUSDT","BTC-260812-63000-P","2026-08-12","63000","PUT","1h","2026-08-10 19:00:00","2026-08-11 03:00:00","120.000","120.000","120.000","120.000","0.20","2026-08-10 19:59:59","2026-08-11 03:59:59","24.00000","1","0.20","24.00000"
"all-available","Asia/Taipei","BTCUSDT","BTC-260812-63000-P","2026-08-12","63000","PUT","1h","2026-08-10 20:00:00","2026-08-11 04:00:00","120.000","120.000","115.000","115.000","1.44","2026-08-10 20:59:59","2026-08-11 04:59:59","168.00000","3","1.44","168.00000"
"all-available","Asia/Taipei","BTCUSDT","BTC-260812-63000-P","2026-08-12","63000","PUT","1h","2026-08-10 21:00:00","2026-08-11 05:00:00","105.000","120.000","105.000","120.000","0.55","2026-08-10 21:59:59","2026-08-11 05:59:59","63.15000","2","0.55","63.15000"
"all-available","Asia/Taipei","BTCUSDT","BTC-260812-63000-P","2026-08-12","63000","PUT","1h","2026-08-10 22:00:00","2026-08-11 06:00:00","115.000","120.000","115.000","120.000","0.45","2026-08-10 22:59:59","2026-08-11 06:59:59","53.10000","3","0.45","53.10000"
"all-available","Asia/Taipei","BTCUSDT","BTC-260812-63000-P","2026-08-12","63000","PUT","1h","2026-08-10 23:00:00","2026-08-11 07:00:00","115.000","115.000","110.000","110.000","1.19","2026-08-10 23:59:59","2026-08-11 07:59:59","135.00000","2","0.82","94.30000"
"all-available","Asia/Taipei","BTCUSDT","BTC-260812-63000-P","2026-08-12","63000","PUT","1h","2026-08-11 00:00:00","2026-08-11 08:00:00","115.000","115.000","95.000","95.000","1.55","2026-08-11 00:59:59","2026-08-11 08:59:59","166.65000","8","0.00","0.00000"
"all-available","Asia/Taipei","BTCUSDT","BTC-260812-63000-P","2026-08-12","63000","PUT","1h","2026-08-11 01:00:00","2026-08-11 09:00:00","95.000","95.000","75.000","75.000","7.44","2026-08-11 01:59:59","2026-08-11 09:59:59","632.15000","11","3.17","277.85000"
"all-available","Asia/Taipei","BTCUSDT","BTC-260812-63000-P","2026-08-12","63000","PUT","1h","2026-08-11 02:00:00","2026-08-11 10:00:00","75.000","80.000","75.000","75.000","2.29","2026-08-11 02:59:59","2026-08-11 10:59:59","171.80000","7","0.89","66.80000"
"all-available","Asia/Taipei","BTCUSDT","BTC-260812-63000-P","2026-08-12","63000","PUT","1h","2026-08-11 03:00:00","2026-08-11 11:00:00","75.000","75.000","75.000","75.000","3.33","2026-08-11 03:59:59","2026-08-11 11:59:59","249.75000","7","0.00","0.00000"
"all-available","Asia/Taipei","BTCUSDT","BTC-260812-63000-P","2026-08-12","63000","PUT","1h","2026-08-11 04:00:00","2026-08-11 12:00:00","60.000","65.000","60.000","65.000","1.89","2026-08-11 04:59:59","2026-08-11 12:59:59","115.05000","5","1.89","115.05000"
"all-available","Asia/Taipei","BTCUSDT","BTC-260812-63000-P","2026-08-12","63000","PUT","1h","2026-08-11 05:00:00","2026-08-11 13:00:00","75.000","75.000","65.000","65.000","10.05","2026-08-11 05:59:59","2026-08-11 13:59:59","753.25000","5","10.05","753.25000"
"all-available","Asia/Taipei","BTCUSDT","BTC-260812-63000-P","2026-08-12","63000","PUT","1h","2026-08-11 06:00:00","2026-08-11 14:00:00","65.000","75.000","65.000","65.000","1.90","2026-08-11 06:59:59","2026-08-11 14:59:59","137.00000","4","1.82","131.80000"
"all-available","Asia/Taipei","BTCUSDT","BTC-260812-63000-P","2026-08-12","63000","PUT","1h","2026-08-11 07:00:00","2026-08-11 15:00:00","65.000","70.000","50.000","55.000","14.80","2026-08-11 07:59:59","2026-08-11 15:59:59","854.25000","32","9.68","546.45000"
"all-available","Asia/Taipei","BTCUSDT","BTC-260812-63000-P","2026-08-12","63000","PUT","1h","2026-08-11 08:00:00","2026-08-11 16:00:00","55.000","55.000","40.000","40.000","7.86","2026-08-11 08:59:59","2026-08-11 16:59:59","414.40000","34","5.13","277.90000"
"all-available","Asia/Taipei","BTCUSDT","BTC-260812-63000-P","2026-08-12","63000","PUT","1h","2026-08-11 09:00:00","2026-08-11 17:00:00","35.000","45.000","35.000","40.000","24.85","2026-08-11 09:59:59","2026-08-11 17:59:59","1030.25000","28","16.51","733.20000"
"all-available","Asia/Taipei","BTCUSDT","BTC-260812-63000-P","2026-08-12","63000","PUT","1h","2026-08-11 10:00:00","2026-08-11 18:00:00","40.000","45.000","35.000","40.000","33.58","2026-08-11 10:59:59","2026-08-11 18:59:59","1297.50000","26","20.08","820.80000"
"all-available","Asia/Taipei","BTCUSDT","BTC-260812-63000-P","2026-08-12","63000","PUT","1h","2026-08-11 11:00:00","2026-08-11 19:00:00","35.000","35.000","25.000","25.000","13.78","2026-08-11 11:59:59","2026-08-11 19:59:59","452.05000","7","13.28","439.55000"
"all-available","Asia/Taipei","BTCUSDT","BTC-260812-63000-P","2026-08-12","63000","PUT","1h","2026-08-11 12:00:00","2026-08-11 20:00:00","25.000","25.000","25.000","25.000","0.05","2026-08-11 12:59:59","2026-08-11 20:59:59","1.25000","2","0.00","0.00000"
"all-available","Asia/Taipei","BTCUSDT","BTC-260812-63000-P","2026-08-12","63000","PUT","1h","2026-08-11 13:00:00","2026-08-11 21:00:00","30.000","45.000","30.000","45.000","7.95","2026-08-11 13:59:59","2026-08-11 21:59:59","280.65000","56","6.05","209.05000"
"all-available","Asia/Taipei","BTCUSDT","BTC-260812-63000-P","2026-08-12","63000","PUT","1h","2026-08-11 14:00:00","2026-08-11 22:00:00","35.000","70.000","25.000","65.000","97.34","2026-08-11 14:59:59","2026-08-11 22:59:59","4275.50000","79","79.15","3582.95000"
"all-available","Asia/Taipei","BTCUSDT","BTC-260812-63000-P","2026-08-12","63000","PUT","1h","2026-08-11 15:00:00","2026-08-11 23:00:00","70.000","140.000","65.000","100.000","8.45","2026-08-11 15:59:59","2026-08-11 23:59:59","943.30000","33","1.03","102.70000"
"all-available","Asia/Taipei","BTCUSDT","BTC-260812-63000-P","2026-08-12","63000","PUT","1h","2026-08-11 16:00:00","2026-08-12 00:00:00","100.000","100.000","85.000","100.000","3.58","2026-08-11 16:59:59","2026-08-12 00:59:59","344.10000","21","1.22","113.60000"
"all-available","Asia/Taipei","BTCUSDT","BTC-260812-63000-P","2026-08-12","63000","PUT","1h","2026-08-11 17:00:00","2026-08-12 01:00:00","95.000","95.000","60.000","60.000","17.59","2026-08-11 17:59:59","2026-08-12 01:59:59","1158.50000","14","2.98","198.50000"
"all-available","Asia/Taipei","BTCUSDT","BTC-260812-63000-P","2026-08-12","63000","PUT","1h","2026-08-11 18:00:00","2026-08-12 02:00:00","60.000","125.000","60.000","105.000","16.12","2026-08-11 18:59:59","2026-08-12 02:59:59","1374.65000","38","10.46","788.95000"
"all-available","Asia/Taipei","BTCUSDT","BTC-260812-63000-P","2026-08-12","63000","PUT","1h","2026-08-11 19:00:00","2026-08-12 03:00:00","125.000","125.000","70.000","70.000","8.25","2026-08-11 19:59:59","2026-08-12 03:59:59","871.50000","23","1.03","83.55000"
"all-available","Asia/Taipei","BTCUSDT","BTC-260812-63000-P","2026-08-12","63000","PUT","1h","2026-08-11 20:00:00","2026-08-12 04:00:00","50.000","50.000","35.000","40.000","10.02","2026-08-11 20:59:59","2026-08-12 04:59:59","417.90000","44","2.58","108.55000"
"all-available","Asia/Taipei","BTCUSDT","BTC-260812-63000-P","2026-08-12","63000","PUT","1h","2026-08-11 21:00:00","2026-08-12 05:00:00","40.000","40.000","35.000","40.000","26.47","2026-08-11 21:59:59","2026-08-12 05:59:59","1058.50000","41","26.09","1043.60000"
"all-available","Asia/Taipei","BTCUSDT","BTC-260812-63000-P","2026-08-12","63000","PUT","1h","2026-08-11 22:00:00","2026-08-12 06:00:00","30.000","35.000","25.000","35.000","12.56","2026-08-11 22:59:59","2026-08-12 06:59:59","391.30000","40","4.10","138.50000"
"all-available","Asia/Taipei","BTCUSDT","BTC-260812-63000-P","2026-08-12","63000","PUT","1h","2026-08-11 23:00:00","2026-08-12 07:00:00","35.000","40.000","25.000","25.000","10.39","2026-08-11 23:59:59","2026-08-12 07:59:59","272.50000","13","0.38","13.35000"
"all-available","Asia/Taipei","BTCUSDT","BTC-260812-63000-P","2026-08-12","63000","PUT","1h","2026-08-12 00:00:00","2026-08-12 08:00:00","20.000","25.000","20.000","25.000","1.63","2026-08-12 00:59:59","2026-08-12 08:59:59","38.85000","11","1.25","31.25000"
"all-available","Asia/Taipei","BTCUSDT","BTC-260812-63000-P","2026-08-12","63000","PUT","1h","2026-08-12 01:00:00","2026-08-12 09:00:00","25.000","25.000","15.000","15.000","8.47","2026-08-12 01:59:59","2026-08-12 09:59:59","168.20000","13","8.22","164.45000"
"all-available","Asia/Taipei","BTCUSDT","BTC-260812-63000-P","2026-08-12","63000","PUT","1h","2026-08-12 02:00:00","2026-08-12 10:00:00","20.000","20.000","5.000","5.000","42.81","2026-08-12 02:59:59","2026-08-12 10:59:59","233.85000","18","19.50","112.50000"
"all-available","Asia/Taipei","BTCUSDT","BTC-260812-63000-P","2026-08-12","63000","PUT","1h","2026-08-12 03:00:00","2026-08-12 11:00:00","5.000","5.000","5.000","5.000","6.61","2026-08-12 03:59:59","2026-08-12 11:59:59","33.05000","8","4.80","24.00000"
"all-available","Asia/Taipei","BTCUSDT","BTC-260812-63000-P","2026-08-12","63000","PUT","1h","2026-08-12 04:00:00","2026-08-12 12:00:00","5.000","5.000","5.000","5.000","0.08","2026-08-12 04:59:59","2026-08-12 12:59:59","0.40000","1","0.08","0.40000"
"all-available","Asia/Taipei","BTCUSDT","BTC-260812-63000-P","2026-08-12","63000","PUT","1h","2026-08-12 05:00:00","2026-08-12 13:00:00","5.000","5.000","5.000","5.000","0.00","2026-08-12 05:59:59","2026-08-12 13:59:59","0.00000","0","0.00","0.00000"
"all-available","Asia/Taipei","BTCUSDT","BTC-260812-63000-P","2026-08-12","63000","PUT","1h","2026-08-12 06:00:00","2026-08-12 14:00:00","5.000","5.000","5.000","5.000","301.00","2026-08-12 06:59:59","2026-08-12 14:59:59","1505.00000","4","301.00","1505.00000"
"all-available","Asia/Taipei","BTCUSDT","BTC-260812-63000-P","2026-08-12","63000","PUT","1h","2026-08-12 07:00:00","2026-08-12 15:00:00","5.000","5.000","5.000","5.000","0.00","2026-08-12 07:59:59","2026-08-12 15:59:59","0.00000","0","0.00","0.00000"
"all-available","Asia/Taipei","BTCUSDT","BTC-260812-63500-C","2026-08-12","63500","CALL","1h","2026-08-10 14:00:00","2026-08-10 22:00:00","1385.000","1410.000","1385.000","1410.000","0.10","2026-08-10 14:59:59","2026-08-10 22:59:59","139.75000","2","0.05","70.50000"
"all-available","Asia/Taipei","BTCUSDT","BTC-260812-63500-C","2026-08-12","63500","CALL","1h","2026-08-10 15:00:00","2026-08-10 23:00:00","1410.000","1410.000","1410.000","1410.000","0.00","2026-08-10 15:59:59","2026-08-10 23:59:59","0.00000","0","0.00","0.00000"
"all-available","Asia/Taipei","BTCUSDT","BTC-260812-63500-C","2026-08-12","63500","CALL","1h","2026-08-10 16:00:00","2026-08-11 00:00:00","720.000","720.000","705.000","705.000","0.83","2026-08-10 16:59:59","2026-08-11 00:59:59","597.15000","5","0.83","597.15000"
"all-available","Asia/Taipei","BTCUSDT","BTC-260812-63500-C","2026-08-12","63500","CALL","1h","2026-08-10 17:00:00","2026-08-11 01:00:00","705.000","705.000","705.000","705.000","0.00","2026-08-10 17:59:59","2026-08-11 01:59:59","0.00000","0","0.00","0.00000"
"all-available","Asia/Taipei","BTCUSDT","BTC-260812-63500-C","2026-08-12","63500","CALL","1h","2026-08-10 18:00:00","2026-08-11 02:00:00","750.000","750.000","695.000","695.000","1.36","2026-08-10 18:59:59","2026-08-11 02:59:59","946.85000","2","0.03","22.50000"
"all-available","Asia/Taipei","BTCUSDT","BTC-260812-63500-C","2026-08-12","63500","CALL","1h","2026-08-10 19:00:00","2026-08-11 03:00:00","695.000","695.000","695.000","695.000","0.00","2026-08-10 19:59:59","2026-08-11 03:59:59","0.00000","0","0.00","0.00000"
"all-available","Asia/Taipei","BTCUSDT","BTC-260812-63500-C","2026-08-12","63500","CALL","1h","2026-08-10 20:00:00","2026-08-11 04:00:00","695.000","695.000","695.000","695.000","0.00","2026-08-10 20:59:59","2026-08-11 04:59:59","0.00000","0","0.00","0.00000"
"all-available","Asia/Taipei","BTCUSDT","BTC-260812-63500-C","2026-08-12","63500","CALL","1h","2026-08-10 21:00:00","2026-08-11 05:00:00","695.000","695.000","695.000","695.000","0.00","2026-08-10 21:59:59","2026-08-11 05:59:59","0.00000","0","0.00","0.00000"
"all-available","Asia/Taipei","BTCUSDT","BTC-260812-63500-C","2026-08-12","63500","CALL","1h","2026-08-10 22:00:00","2026-08-11 06:00:00","695.000","695.000","695.000","695.000","0.00","2026-08-10 22:59:59","2026-08-11 06:59:59","0.00000","0","0.00","0.00000"
"all-available","Asia/Taipei","BTCUSDT","BTC-260812-63500-C","2026-08-12","63500","CALL","1h","2026-08-10 23:00:00","2026-08-11 07:00:00","695.000","695.000","695.000","695.000","0.00","2026-08-10 23:59:59","2026-08-11 07:59:59","0.00000","0","0.00","0.00000"
"all-available","Asia/Taipei","BTCUSDT","BTC-260812-63500-C","2026-08-12","63500","CALL","1h","2026-08-11 00:00:00","2026-08-11 08:00:00","695.000","695.000","695.000","695.000","0.00","2026-08-11 00:59:59","2026-08-11 08:59:59","0.00000","0","0.00","0.00000"
"all-available","Asia/Taipei","BTCUSDT","BTC-260812-63500-C","2026-08-12","63500","CALL","1h","2026-08-11 01:00:00","2026-08-11 09:00:00","695.000","695.000","695.000","695.000","0.00","2026-08-11 01:59:59","2026-08-11 09:59:59","0.00000","0","0.00","0.00000"
"all-available","Asia/Taipei","BTCUSDT","BTC-260812-63500-C","2026-08-12","63500","CALL","1h","2026-08-11 02:00:00","2026-08-11 10:00:00","695.000","695.000","695.000","695.000","0.00","2026-08-11 02:59:59","2026-08-11 10:59:59","0.00000","0","0.00","0.00000"
"all-available","Asia/Taipei","BTCUSDT","BTC-260812-63500-C","2026-08-12","63500","CALL","1h","2026-08-11 03:00:00","2026-08-11 11:00:00","695.000","695.000","695.000","695.000","0.00","2026-08-11 03:59:59","2026-08-11 11:59:59","0.00000","0","0.00","0.00000"
"all-available","Asia/Taipei","BTCUSDT","BTC-260812-63500-C","2026-08-12","63500","CALL","1h","2026-08-11 04:00:00","2026-08-11 12:00:00","695.000","695.000","695.000","695.000","0.00","2026-08-11 04:59:59","2026-08-11 12:59:59","0.00000","0","0.00","0.00000"
"all-available","Asia/Taipei","BTCUSDT","BTC-260812-63500-C","2026-08-12","63500","CALL","1h","2026-08-11 05:00:00","2026-08-11 13:00:00","695.000","695.000","695.000","695.000","0.00","2026-08-11 05:59:59","2026-08-11 13:59:59","0.00000","0","0.00","0.00000"
"all-available","Asia/Taipei","BTCUSDT","BTC-260812-63500-C","2026-08-12","63500","CALL","1h","2026-08-11 06:00:00","2026-08-11 14:00:00","695.000","695.000","695.000","695.000","0.00","2026-08-11 06:59:59","2026-08-11 14:59:59","0.00000","0","0.00","0.00000"
"all-available","Asia/Taipei","BTCUSDT","BTC-260812-63500-C","2026-08-12","63500","CALL","1h","2026-08-11 07:00:00","2026-08-11 15:00:00","705.000","705.000","705.000","705.000","0.01","2026-08-11 07:59:59","2026-08-11 15:59:59","7.05000","1","0.01","7.05000"
"all-available","Asia/Taipei","BTCUSDT","BTC-260812-63500-C","2026-08-12","63500","CALL","1h","2026-08-11 08:00:00","2026-08-11 16:00:00","695.000","695.000","695.000","695.000","0.01","2026-08-11 08:59:59","2026-08-11 16:59:59","6.95000","1","0.01","6.95000"
"all-available","Asia/Taipei","BTCUSDT","BTC-260812-63500-C","2026-08-12","63500","CALL","1h","2026-08-11 09:00:00","2026-08-11 17:00:00","695.000","695.000","695.000","695.000","0.00","2026-08-11 09:59:59","2026-08-11 17:59:59","0.00000","0","0.00","0.00000"
"all-available","Asia/Taipei","BTCUSDT","BTC-260812-63500-C","2026-08-12","63500","CALL","1h","2026-08-11 10:00:00","2026-08-11 18:00:00","695.000","695.000","695.000","695.000","0.00","2026-08-11 10:59:59","2026-08-11 18:59:59","0.00000","0","0.00","0.00000"
"all-available","Asia/Taipei","BTCUSDT","BTC-260812-63500-C","2026-08-12","63500","CALL","1h","2026-08-11 11:00:00","2026-08-11 19:00:00","695.000","695.000","695.000","695.000","0.00","2026-08-11 11:59:59","2026-08-11 19:59:59","0.00000","0","0.00","0.00000"
"all-available","Asia/Taipei","BTCUSDT","BTC-260812-63500-C","2026-08-12","63500","CALL","1h","2026-08-11 12:00:00","2026-08-11 20:00:00","695.000","695.000","695.000","695.000","0.00","2026-08-11 12:59:59","2026-08-11 20:59:59","0.00000","0","0.00","0.00000"
"all-available","Asia/Taipei","BTCUSDT","BTC-260812-63500-C","2026-08-12","63500","CALL","1h","2026-08-11 13:00:00","2026-08-11 21:00:00","695.000","695.000","695.000","695.000","0.00","2026-08-11 13:59:59","2026-08-11 21:59:59","0.00000","0","0.00","0.00000"
"all-available","Asia/Taipei","BTCUSDT","BTC-260812-63500-C","2026-08-12","63500","CALL","1h","2026-08-11 14:00:00","2026-08-11 22:00:00","695.000","695.000","695.000","695.000","0.00","2026-08-11 14:59:59","2026-08-11 22:59:59","0.00000","0","0.00","0.00000"
"all-available","Asia/Taipei","BTCUSDT","BTC-260812-63500-C","2026-08-12","63500","CALL","1h","2026-08-11 15:00:00","2026-08-11 23:00:00","470.000","470.000","315.000","350.000","2.47","2026-08-11 15:59:59","2026-08-11 23:59:59","1006.60000","16","1.02","326.30000"
"all-available","Asia/Taipei","BTCUSDT","BTC-260812-63500-C","2026-08-12","63500","CALL","1h","2026-08-11 16:00:00","2026-08-12 00:00:00","265.000","265.000","265.000","265.000","0.10","2026-08-11 16:59:59","2026-08-12 00:59:59","26.50000","1","0.00","0.00000"
"all-available","Asia/Taipei","BTCUSDT","BTC-260812-63500-C","2026-08-12","63500","CALL","1h","2026-08-11 17:00:00","2026-08-12 01:00:00","265.000","265.000","265.000","265.000","0.00","2026-08-11 17:59:59","2026-08-12 01:59:59","0.00000","0","0.00","0.00000"
"all-available","Asia/Taipei","BTCUSDT","BTC-260812-63500-C","2026-08-12","63500","CALL","1h","2026-08-11 18:00:00","2026-08-12 02:00:00","280.000","280.000","145.000","160.000","25.50","2026-08-11 18:59:59","2026-08-12 02:59:59","4442.10000","34","20.49","3690.10000"
"all-available","Asia/Taipei","BTCUSDT","BTC-260812-63500-C","2026-08-12","63500","CALL","1h","2026-08-11 19:00:00","2026-08-12 03:00:00","140.000","190.000","120.000","190.000","10.90","2026-08-11 19:59:59","2026-08-12 03:59:59","1373.10000","14","0.90","133.75000"
"all-available","Asia/Taipei","BTCUSDT","BTC-260812-63500-C","2026-08-12","63500","CALL","1h","2026-08-11 20:00:00","2026-08-12 04:00:00","255.000","325.000","255.000","325.000","18.02","2026-08-11 20:59:59","2026-08-12 04:59:59","5336.90000","28","4.65","1409.75000"
"all-available","Asia/Taipei","BTCUSDT","BTC-260812-63500-C","2026-08-12","63500","CALL","1h","2026-08-11 21:00:00","2026-08-12 05:00:00","295.000","295.000","295.000","295.000","0.02","2026-08-11 21:59:59","2026-08-12 05:59:59","5.90000","2","0.02","5.90000"
"all-available","Asia/Taipei","BTCUSDT","BTC-260812-63500-C","2026-08-12","63500","CALL","1h","2026-08-11 22:00:00","2026-08-12 06:00:00","310.000","310.000","280.000","280.000","9.31","2026-08-11 22:59:59","2026-08-12 06:59:59","2885.50000","8","5.31","1645.50000"
"all-available","Asia/Taipei","BTCUSDT","BTC-260812-63500-C","2026-08-12","63500","CALL","1h","2026-08-11 23:00:00","2026-08-12 07:00:00","215.000","220.000","215.000","220.000","0.36","2026-08-11 23:59:59","2026-08-12 07:59:59","77.75000","18","0.36","77.75000"
"all-available","Asia/Taipei","BTCUSDT","BTC-260812-63500-C","2026-08-12","63500","CALL","1h","2026-08-12 00:00:00","2026-08-12 08:00:00","220.000","220.000","220.000","220.000","0.00","2026-08-12 00:59:59","2026-08-12 08:59:59","0.00000","0","0.00","0.00000"
"all-available","Asia/Taipei","BTCUSDT","BTC-260812-63500-C","2026-08-12","63500","CALL","1h","2026-08-12 01:00:00","2026-08-12 09:00:00","220.000","220.000","220.000","220.000","0.00","2026-08-12 01:59:59","2026-08-12 09:59:59","0.00000","0","0.00","0.00000"
"all-available","Asia/Taipei","BTCUSDT","BTC-260812-63500-C","2026-08-12","63500","CALL","1h","2026-08-12 02:00:00","2026-08-12 10:00:00","385.000","385.000","270.000","270.000","0.04","2026-08-12 02:59:59","2026-08-12 10:59:59","13.10000","2","0.04","13.10000"
"all-available","Asia/Taipei","BTCUSDT","BTC-260812-63500-C","2026-08-12","63500","CALL","1h","2026-08-12 03:00:00","2026-08-12 11:00:00","270.000","270.000","270.000","270.000","0.00","2026-08-12 03:59:59","2026-08-12 11:59:59","0.00000","0","0.00","0.00000"
"all-available","Asia/Taipei","BTCUSDT","BTC-260812-63500-C","2026-08-12","63500","CALL","1h","2026-08-12 04:00:00","2026-08-12 12:00:00","270.000","270.000","270.000","270.000","0.00","2026-08-12 04:59:59","2026-08-12 12:59:59","0.00000","0","0.00","0.00000"
"all-available","Asia/Taipei","BTCUSDT","BTC-260812-63500-C","2026-08-12","63500","CALL","1h","2026-08-12 05:00:00","2026-08-12 13:00:00","305.000","345.000","305.000","345.000","1.66","2026-08-12 05:59:59","2026-08-12 13:59:59","515.10000","5","1.66","515.10000"
"all-available","Asia/Taipei","BTCUSDT","BTC-260812-63500-C","2026-08-12","63500","CALL","1h","2026-08-12 06:00:00","2026-08-12 14:00:00","345.000","345.000","345.000","345.000","0.00","2026-08-12 06:59:59","2026-08-12 14:59:59","0.00000","0","0.00","0.00000"
"all-available","Asia/Taipei","BTCUSDT","BTC-260812-63500-C","2026-08-12","63500","CALL","1h","2026-08-12 07:00:00","2026-08-12 15:00:00","235.000","235.000","235.000","235.000","0.22","2026-08-12 07:59:59","2026-08-12 15:59:59","51.70000","3","0.22","51.70000"
"all-available","Asia/Taipei","BTCUSDT","BTC-260812-63500-P","2026-08-12","63500","PUT","1h","2026-08-09 09:00:00","2026-08-09 17:00:00","160.000","160.000","160.000","160.000","0.50","2026-08-09 09:59:59","2026-08-09 17:59:59","80.00000","2","0.00","0.00000"
"all-available","Asia/Taipei","BTCUSDT","BTC-260812-63500-P","2026-08-12","63500","PUT","1h","2026-08-09 10:00:00","2026-08-09 18:00:00","160.000","160.000","160.000","160.000","0.00","2026-08-09 10:59:59","2026-08-09 18:59:59","0.00000","0","0.00","0.00000"
"all-available","Asia/Taipei","BTCUSDT","BTC-260812-63500-P","2026-08-12","63500","PUT","1h","2026-08-09 11:00:00","2026-08-09 19:00:00","160.000","160.000","160.000","160.000","0.00","2026-08-09 11:59:59","2026-08-09 19:59:59","0.00000","0","0.00","0.00000"
"all-available","Asia/Taipei","BTCUSDT","BTC-260812-63500-P","2026-08-12","63500","PUT","1h","2026-08-09 12:00:00","2026-08-09 20:00:00","160.000","160.000","160.000","160.000","0.00","2026-08-09 12:59:59","2026-08-09 20:59:59","0.00000","0","0.00","0.00000"
"all-available","Asia/Taipei","BTCUSDT","BTC-260812-63500-P","2026-08-12","63500","PUT","1h","2026-08-09 13:00:00","2026-08-09 21:00:00","160.000","160.000","160.000","160.000","0.00","2026-08-09 13:59:59","2026-08-09 21:59:59","0.00000","0","0.00","0.00000"
"all-available","Asia/Taipei","BTCUSDT","BTC-260812-63500-P","2026-08-12","63500","PUT","1h","2026-08-09 14:00:00","2026-08-09 22:00:00","160.000","160.000","160.000","160.000","0.00","2026-08-09 14:59:59","2026-08-09 22:59:59","0.00000","0","0.00","0.00000"
"all-available","Asia/Taipei","BTCUSDT","BTC-260812-63500-P","2026-08-12","63500","PUT","1h","2026-08-09 15:00:00","2026-08-09 23:00:00","160.000","160.000","160.000","160.000","0.00","2026-08-09 15:59:59","2026-08-09 23:59:59","0.00000","0","0.00","0.00000"
"all-available","Asia/Taipei","BTCUSDT","BTC-260812-63500-P","2026-08-12","63500","PUT","1h","2026-08-09 16:00:00","2026-08-10 00:00:00","110.000","110.000","105.000","105.000","0.18","2026-08-09 16:59:59","2026-08-10 00:59:59","19.30000","2","0.00","0.00000"
"all-available","Asia/Taipei","BTCUSDT","BTC-260812-63500-P","2026-08-12","63500","PUT","1h","2026-08-09 17:00:00","2026-08-10 01:00:00","105.000","105.000","105.000","105.000","0.00","2026-08-09 17:59:59","2026-08-10 01:59:59","0.00000","0","0.00","0.00000"
"all-available","Asia/Taipei","BTCUSDT","BTC-260812-63500-P","2026-08-12","63500","PUT","1h","2026-08-09 18:00:00","2026-08-10 02:00:00","105.000","105.000","105.000","105.000","0.00","2026-08-09 18:59:59","2026-08-10 02:59:59","0.00000","0","0.00","0.00000"
"all-available","Asia/Taipei","BTCUSDT","BTC-260812-63500-P","2026-08-12","63500","PUT","1h","2026-08-09 19:00:00","2026-08-10 03:00:00","105.000","105.000","105.000","105.000","0.00","2026-08-09 19:59:59","2026-08-10 03:59:59","0.00000","0","0.00","0.00000"
"all-available","Asia/Taipei","BTCUSDT","BTC-260812-63500-P","2026-08-12","63500","PUT","1h","2026-08-09 20:00:00","2026-08-10 04:00:00","105.000","105.000","105.000","105.000","0.00","2026-08-09 20:59:59","2026-08-10 04:59:59","0.00000","0","0.00","0.00000"
"all-available","Asia/Taipei","BTCUSDT","BTC-260812-63500-P","2026-08-12","63500","PUT","1h","2026-08-09 21:00:00","2026-08-10 05:00:00","105.000","105.000","105.000","105.000","0.00","2026-08-09 21:59:59","2026-08-10 05:59:59","0.00000","0","0.00","0.00000"
"all-available","Asia/Taipei","BTCUSDT","BTC-260812-63500-P","2026-08-12","63500","PUT","1h","2026-08-09 22:00:00","2026-08-10 06:00:00","105.000","105.000","105.000","105.000","0.00","2026-08-09 22:59:59","2026-08-10 06:59:59","0.00000","0","0.00","0.00000"
"all-available","Asia/Taipei","BTCUSDT","BTC-260812-63500-P","2026-08-12","63500","PUT","1h","2026-08-09 23:00:00","2026-08-10 07:00:00","150.000","155.000","150.000","155.000","0.19","2026-08-09 23:59:59","2026-08-10 07:59:59","29.30000","2","0.03","4.50000"
"all-available","Asia/Taipei","BTCUSDT","BTC-260812-63500-P","2026-08-12","63500","PUT","1h","2026-08-10 00:00:00","2026-08-10 08:00:00","120.000","120.000","120.000","120.000","0.02","2026-08-10 00:59:59","2026-08-10 08:59:59","2.40000","1","0.00","0.00000"
"all-available","Asia/Taipei","BTCUSDT","BTC-260812-63500-P","2026-08-12","63500","PUT","1h","2026-08-10 01:00:00","2026-08-10 09:00:00","120.000","120.000","120.000","120.000","0.00","2026-08-10 01:59:59","2026-08-10 09:59:59","0.00000","0","0.00","0.00000"
"all-available","Asia/Taipei","BTCUSDT","BTC-260812-63500-P","2026-08-12","63500","PUT","1h","2026-08-10 02:00:00","2026-08-10 10:00:00","100.000","120.000","100.000","115.000","1.53","2026-08-10 02:59:59","2026-08-10 10:59:59","168.65000","5","0.58","59.40000"
"all-available","Asia/Taipei","BTCUSDT","BTC-260812-63500-P","2026-08-12","63500","PUT","1h","2026-08-10 03:00:00","2026-08-10 11:00:00","115.000","115.000","115.000","115.000","1.15","2026-08-10 03:59:59","2026-08-10 11:59:59","132.25000","5","1.15","132.25000"
"all-available","Asia/Taipei","BTCUSDT","BTC-260812-63500-P","2026-08-12","63500","PUT","1h","2026-08-10 04:00:00","2026-08-10 12:00:00","115.000","115.000","115.000","115.000","0.00","2026-08-10 04:59:59","2026-08-10 12:59:59","0.00000","0","0.00","0.00000"
"all-available","Asia/Taipei","BTCUSDT","BTC-260812-63500-P","2026-08-12","63500","PUT","1h","2026-08-10 05:00:00","2026-08-10 13:00:00","115.000","115.000","115.000","115.000","0.00","2026-08-10 05:59:59","2026-08-10 13:59:59","0.00000","0","0.00","0.00000"
"all-available","Asia/Taipei","BTCUSDT","BTC-260812-63500-P","2026-08-12","63500","PUT","1h","2026-08-10 06:00:00","2026-08-10 14:00:00","115.000","115.000","115.000","115.000","0.00","2026-08-10 06:59:59","2026-08-10 14:59:59","0.00000","0","0.00","0.00000"
"all-available","Asia/Taipei","BTCUSDT","BTC-260812-63500-P","2026-08-12","63500","PUT","1h","2026-08-10 07:00:00","2026-08-10 15:00:00","70.000","70.000","70.000","70.000","0.10","2026-08-10 07:59:59","2026-08-10 15:59:59","7.00000","2","0.10","7.00000"
"all-available","Asia/Taipei","BTCUSDT","BTC-260812-63500-P","2026-08-12","63500","PUT","1h","2026-08-10 08:00:00","2026-08-10 16:00:00","70.000","70.000","55.000","55.000","28.05","2026-08-10 08:59:59","2026-08-10 16:59:59","1962.00000","2","0.00","0.00000"
"all-available","Asia/Taipei","BTCUSDT","BTC-260812-63500-P","2026-08-12","63500","PUT","1h","2026-08-10 09:00:00","2026-08-10 17:00:00","55.000","65.000","55.000","65.000","3.06","2026-08-10 09:59:59","2026-08-10 17:59:59","168.60000","3","0.00","0.00000"
"all-available","Asia/Taipei","BTCUSDT","BTC-260812-63500-P","2026-08-12","63500","PUT","1h","2026-08-10 10:00:00","2026-08-10 18:00:00","65.000","65.000","65.000","65.000","0.00","2026-08-10 10:59:59","2026-08-10 18:59:59","0.00000","0","0.00","0.00000"
"all-available","Asia/Taipei","BTCUSDT","BTC-260812-63500-P","2026-08-12","63500","PUT","1h","2026-08-10 11:00:00","2026-08-10 19:00:00","60.000","60.000","55.000","55.000","3.74","2026-08-10 11:59:59","2026-08-10 19:59:59","209.45000","15","0.00","0.00000"
"all-available","Asia/Taipei","BTCUSDT","BTC-260812-63500-P","2026-08-12","63500","PUT","1h","2026-08-10 12:00:00","2026-08-10 20:00:00","55.000","65.000","55.000","65.000","0.16","2026-08-10 12:59:59","2026-08-10 20:59:59","9.50000","3","0.16","9.50000"
"all-available","Asia/Taipei","BTCUSDT","BTC-260812-63500-P","2026-08-12","63500","PUT","1h","2026-08-10 13:00:00","2026-08-10 21:00:00","75.000","120.000","75.000","115.000","8.12","2026-08-10 13:59:59","2026-08-10 21:59:59","914.55000","12","3.13","373.00000"
"all-available","Asia/Taipei","BTCUSDT","BTC-260812-63500-P","2026-08-12","63500","PUT","1h","2026-08-10 14:00:00","2026-08-10 22:00:00","105.000","105.000","70.000","90.000","12.17","2026-08-10 14:59:59","2026-08-10 22:59:59","928.15000","19","9.20","660.35000"
"all-available","Asia/Taipei","BTCUSDT","BTC-260812-63500-P","2026-08-12","63500","PUT","1h","2026-08-10 15:00:00","2026-08-10 23:00:00","90.000","175.000","90.000","175.000","9.17","2026-08-10 15:59:59","2026-08-10 23:59:59","1265.30000","26","5.07","638.70000"
"all-available","Asia/Taipei","BTCUSDT","BTC-260812-63500-P","2026-08-12","63500","PUT","1h","2026-08-10 16:00:00","2026-08-11 00:00:00","165.000","250.000","150.000","250.000","4.30","2026-08-10 16:59:59","2026-08-11 00:59:59","893.20000","33","2.80","575.40000"
"all-available","Asia/Taipei","BTCUSDT","BTC-260812-63500-P","2026-08-12","63500","PUT","1h","2026-08-10 17:00:00","2026-08-11 01:00:00","290.000","290.000","260.000","290.000","5.18","2026-08-10 17:59:59","2026-08-11 01:59:59","1474.50000","4","0.98","256.50000"
"all-available","Asia/Taipei","BTCUSDT","BTC-260812-63500-P","2026-08-12","63500","PUT","1h","2026-08-10 18:00:00","2026-08-11 02:00:00","270.000","275.000","270.000","275.000","4.10","2026-08-10 18:59:59","2026-08-11 02:59:59","1110.50000","5","0.70","192.50000"
"all-available","Asia/Taipei","BTCUSDT","BTC-260812-63500-P","2026-08-12","63500","PUT","1h","2026-08-10 19:00:00","2026-08-11 03:00:00","265.000","265.000","225.000","225.000","1.00","2026-08-10 19:59:59","2026-08-11 03:59:59","245.00000","2","1.00","245.00000"
"all-available","Asia/Taipei","BTCUSDT","BTC-260812-63500-P","2026-08-12","63500","PUT","1h","2026-08-10 20:00:00","2026-08-11 04:00:00","215.000","215.000","195.000","195.000","1.04","2026-08-10 20:59:59","2026-08-11 04:59:59","209.00000","2","1.04","209.00000"
"all-available","Asia/Taipei","BTCUSDT","BTC-260812-63500-P","2026-08-12","63500","PUT","1h","2026-08-10 21:00:00","2026-08-11 05:00:00","195.000","225.000","195.000","225.000","0.72","2026-08-10 21:59:59","2026-08-11 05:59:59","146.10000","5","0.72","146.10000"
"all-available","Asia/Taipei","BTCUSDT","BTC-260812-63500-P","2026-08-12","63500","PUT","1h","2026-08-10 22:00:00","2026-08-11 06:00:00","225.000","225.000","225.000","225.000","0.00","2026-08-10 22:59:59","2026-08-11 06:59:59","0.00000","0","0.00","0.00000"
"all-available","Asia/Taipei","BTCUSDT","BTC-260812-63500-P","2026-08-12","63500","PUT","1h","2026-08-10 23:00:00","2026-08-11 07:00:00","210.000","210.000","205.000","205.000","0.38","2026-08-10 23:59:59","2026-08-11 07:59:59","79.70000","2","0.00","0.00000"
"all-available","Asia/Taipei","BTCUSDT","BTC-260812-63500-P","2026-08-12","63500","PUT","1h","2026-08-11 00:00:00","2026-08-11 08:00:00","200.000","200.000","180.000","180.000","0.43","2026-08-11 00:59:59","2026-08-11 08:59:59","83.75000","5","0.00","0.00000"
"all-available","Asia/Taipei","BTCUSDT","BTC-260812-63500-P","2026-08-12","63500","PUT","1h","2026-08-11 01:00:00","2026-08-11 09:00:00","180.000","180.000","160.000","180.000","0.82","2026-08-11 01:59:59","2026-08-11 09:59:59","142.80000","5","0.77","133.80000"
"all-available","Asia/Taipei","BTCUSDT","BTC-260812-63500-P","2026-08-12","63500","PUT","1h","2026-08-11 02:00:00","2026-08-11 10:00:00","150.000","155.000","150.000","155.000","24.16","2026-08-11 02:59:59","2026-08-11 10:59:59","3624.20000","8","24.16","3624.20000"
"all-available","Asia/Taipei","BTCUSDT","BTC-260812-63500-P","2026-08-12","63500","PUT","1h","2026-08-11 03:00:00","2026-08-11 11:00:00","155.000","155.000","155.000","155.000","0.00","2026-08-11 03:59:59","2026-08-11 11:59:59","0.00000","0","0.00","0.00000"
"all-available","Asia/Taipei","BTCUSDT","BTC-260812-63500-P","2026-08-12","63500","PUT","1h","2026-08-11 04:00:00","2026-08-11 12:00:00","120.000","120.000","120.000","120.000","0.01","2026-08-11 04:59:59","2026-08-11 12:59:59","1.20000","1","0.00","0.00000"
"all-available","Asia/Taipei","BTCUSDT","BTC-260812-63500-P","2026-08-12","63500","PUT","1h","2026-08-11 05:00:00","2026-08-11 13:00:00","140.000","140.000","135.000","140.000","0.30","2026-08-11 05:59:59","2026-08-11 13:59:59","41.50000","3","0.20","28.00000"
"all-available","Asia/Taipei","BTCUSDT","BTC-260812-63500-P","2026-08-12","63500","PUT","1h","2026-08-11 06:00:00","2026-08-11 14:00:00","140.000","170.000","140.000","155.000","5.53","2026-08-11 06:59:59","2026-08-11 14:59:59","866.45000","19","5.48","858.70000"
"all-available","Asia/Taipei","BTCUSDT","BTC-260812-63500-P","2026-08-12","63500","PUT","1h","2026-08-11 07:00:00","2026-08-11 15:00:00","140.000","160.000","115.000","115.000","46.49","2026-08-11 07:59:59","2026-08-11 15:59:59","5403.90000","14","1.22","193.40000"
"all-available","Asia/Taipei","BTCUSDT","BTC-260812-63500-P","2026-08-12","63500","PUT","1h","2026-08-11 08:00:00","2026-08-11 16:00:00","120.000","120.000","85.000","90.000","10.26","2026-08-11 08:59:59","2026-08-11 16:59:59","1142.95000","39","5.59","606.40000"
"all-available","Asia/Taipei","BTCUSDT","BTC-260812-63500-P","2026-08-12","63500","PUT","1h","2026-08-11 09:00:00","2026-08-11 17:00:00","90.000","90.000","75.000","80.000","17.56","2026-08-11 09:59:59","2026-08-11 17:59:59","1408.60000","38","15.54","1255.80000"
"all-available","Asia/Taipei","BTCUSDT","BTC-260812-63500-P","2026-08-12","63500","PUT","1h","2026-08-11 10:00:00","2026-08-11 18:00:00","75.000","85.000","70.000","70.000","16.01","2026-08-11 10:59:59","2026-08-11 18:59:59","1209.55000","29","4.19","350.20000"
"all-available","Asia/Taipei","BTCUSDT","BTC-260812-63500-P","2026-08-12","63500","PUT","1h","2026-08-11 11:00:00","2026-08-11 19:00:00","60.000","60.000","55.000","55.000","40.96","2026-08-11 11:59:59","2026-08-11 19:59:59","2340.65000","26","1.96","115.10000"
"all-available","Asia/Taipei","BTCUSDT","BTC-260812-63500-P","2026-08-12","63500","PUT","1h","2026-08-11 12:00:00","2026-08-11 20:00:00","55.000","60.000","45.000","60.000","16.57","2026-08-11 12:59:59","2026-08-11 20:59:59","837.85000","22","16.55","836.85000"
"all-available","Asia/Taipei","BTCUSDT","BTC-260812-63500-P","2026-08-12","63500","PUT","1h","2026-08-11 13:00:00","2026-08-11 21:00:00","55.000","100.000","55.000","85.000","18.43","2026-08-11 13:59:59","2026-08-11 21:59:59","1403.90000","31","13.41","917.75000"
"all-available","Asia/Taipei","BTCUSDT","BTC-260812-63500-P","2026-08-12","63500","PUT","1h","2026-08-11 14:00:00","2026-08-11 22:00:00","75.000","180.000","60.000","175.000","28.96","2026-08-11 14:59:59","2026-08-11 22:59:59","3631.90000","54","7.94","1100.95000"
"all-available","Asia/Taipei","BTCUSDT","BTC-260812-63500-P","2026-08-12","63500","PUT","1h","2026-08-11 15:00:00","2026-08-11 23:00:00","165.000","320.000","145.000","235.000","20.49","2026-08-11 15:59:59","2026-08-11 23:59:59","4451.10000","76","12.31","2198.30000"
"all-available","Asia/Taipei","BTCUSDT","BTC-260812-63500-P","2026-08-12","63500","PUT","1h","2026-08-11 16:00:00","2026-08-12 00:00:00","220.000","270.000","210.000","250.000","16.44","2026-08-11 16:59:59","2026-08-12 00:59:59","3931.20000","41","1.99","511.20000"
"all-available","Asia/Taipei","BTCUSDT","BTC-260812-63500-P","2026-08-12","63500","PUT","1h","2026-08-11 17:00:00","2026-08-12 01:00:00","230.000","255.000","180.000","180.000","18.39","2026-08-11 17:59:59","2026-08-12 01:59:59","3543.45000","24","3.37","707.05000"
"all-available","Asia/Taipei","BTCUSDT","BTC-260812-63500-P","2026-08-12","63500","PUT","1h","2026-08-11 18:00:00","2026-08-12 02:00:00","185.000","340.000","185.000","280.000","35.62","2026-08-11 18:59:59","2026-08-12 02:59:59","8649.20000","67","14.80","3144.10000"
"all-available","Asia/Taipei","BTCUSDT","BTC-260812-63500-P","2026-08-12","63500","PUT","1h","2026-08-11 19:00:00","2026-08-12 03:00:00","290.000","350.000","220.000","220.000","7.62","2026-08-11 19:59:59","2026-08-12 03:59:59","2049.30000","14","4.45","1303.50000"
"all-available","Asia/Taipei","BTCUSDT","BTC-260812-63500-P","2026-08-12","63500","PUT","1h","2026-08-11 20:00:00","2026-08-12 04:00:00","180.000","180.000","105.000","105.000","9.08","2026-08-11 20:59:59","2026-08-12 04:59:59","1206.75000","60","3.88","488.95000"
"all-available","Asia/Taipei","BTCUSDT","BTC-260812-63500-P","2026-08-12","63500","PUT","1h","2026-08-11 21:00:00","2026-08-12 05:00:00","100.000","125.000","100.000","120.000","10.70","2026-08-11 21:59:59","2026-08-12 05:59:59","1080.40000","20","0.10","10.00000"
"all-available","Asia/Taipei","BTCUSDT","BTC-260812-63500-P","2026-08-12","63500","PUT","1h","2026-08-11 22:00:00","2026-08-12 06:00:00","90.000","115.000","85.000","105.000","0.86","2026-08-11 22:59:59","2026-08-12 06:59:59","79.50000","12","0.23","25.75000"
"all-available","Asia/Taipei","BTCUSDT","BTC-260812-63500-P","2026-08-12","63500","PUT","1h","2026-08-11 23:00:00","2026-08-12 07:00:00","130.000","130.000","105.000","115.000","2.25","2026-08-11 23:59:59","2026-08-12 07:59:59","264.40000","7","1.75","211.90000"
"all-available","Asia/Taipei","BTCUSDT","BTC-260812-63500-P","2026-08-12","63500","PUT","1h","2026-08-12 00:00:00","2026-08-12 08:00:00","120.000","120.000","70.000","70.000","7.04","2026-08-12 00:59:59","2026-08-12 08:59:59","571.95000","84","0.80","72.30000"
"all-available","Asia/Taipei","BTCUSDT","BTC-260812-63500-P","2026-08-12","63500","PUT","1h","2026-08-12 01:00:00","2026-08-12 09:00:00","65.000","65.000","40.000","45.000","8.16","2026-08-12 01:59:59","2026-08-12 09:59:59","438.55000","119","5.32","281.60000"
"all-available","Asia/Taipei","BTCUSDT","BTC-260812-63500-P","2026-08-12","63500","PUT","1h","2026-08-12 02:00:00","2026-08-12 10:00:00","40.000","40.000","30.000","40.000","12.37","2026-08-12 02:59:59","2026-08-12 10:59:59","476.00000","305","10.17","389.05000"
"all-available","Asia/Taipei","BTCUSDT","BTC-260812-63500-P","2026-08-12","63500","PUT","1h","2026-08-12 03:00:00","2026-08-12 11:00:00","35.000","45.000","20.000","25.000","2.77","2026-08-12 03:59:59","2026-08-12 11:59:59","106.60000","89","2.33","91.80000"
"all-available","Asia/Taipei","BTCUSDT","BTC-260812-63500-P","2026-08-12","63500","PUT","1h","2026-08-12 04:00:00","2026-08-12 12:00:00","25.000","30.000","15.000","20.000","6.53","2026-08-12 04:59:59","2026-08-12 12:59:59","159.15000","177","4.37","113.45000"
"all-available","Asia/Taipei","BTCUSDT","BTC-260812-63500-P","2026-08-12","63500","PUT","1h","2026-08-12 05:00:00","2026-08-12 13:00:00","25.000","25.000","10.000","10.000","1.56","2026-08-12 05:59:59","2026-08-12 13:59:59","20.70000","27","0.88","12.85000"
"all-available","Asia/Taipei","BTCUSDT","BTC-260812-63500-P","2026-08-12","63500","PUT","1h","2026-08-12 06:00:00","2026-08-12 14:00:00","15.000","40.000","10.000","15.000","6.47","2026-08-12 06:59:59","2026-08-12 14:59:59","141.60000","170","1.03","19.55000"
"all-available","Asia/Taipei","BTCUSDT","BTC-260812-63500-P","2026-08-12","63500","PUT","1h","2026-08-12 07:00:00","2026-08-12 15:00:00","10.000","10.000","5.000","5.000","304.02","2026-08-12 07:59:59","2026-08-12 15:59:59","1531.55000","27","3.00","25.00000"
"all-available","Asia/Taipei","BTCUSDT","BTC-260812-64000-C","2026-08-12","64000","CALL","1h","2026-08-10 15:00:00","2026-08-10 23:00:00","650.000","650.000","550.000","550.000","4.89","2026-08-10 15:59:59","2026-08-10 23:59:59","2773.90000","7","4.89","2773.90000"
"all-available","Asia/Taipei","BTCUSDT","BTC-260812-64000-C","2026-08-12","64000","CALL","1h","2026-08-10 16:00:00","2026-08-11 00:00:00","515.000","520.000","405.000","405.000","1.14","2026-08-10 16:59:59","2026-08-11 00:59:59","543.55000","14","1.14","543.55000"
"all-available","Asia/Taipei","BTCUSDT","BTC-260812-64000-C","2026-08-12","64000","CALL","1h","2026-08-10 17:00:00","2026-08-11 01:00:00","425.000","455.000","410.000","455.000","0.35","2026-08-10 17:59:59","2026-08-11 01:59:59","150.10000","5","0.22","96.80000"
"all-available","Asia/Taipei","BTCUSDT","BTC-260812-64000-C","2026-08-12","64000","CALL","1h","2026-08-10 18:00:00","2026-08-11 02:00:00","455.000","455.000","455.000","455.000","0.00","2026-08-10 18:59:59","2026-08-11 02:59:59","0.00000","0","0.00","0.00000"
"all-available","Asia/Taipei","BTCUSDT","BTC-260812-64000-C","2026-08-12","64000","CALL","1h","2026-08-10 19:00:00","2026-08-11 03:00:00","410.000","410.000","410.000","410.000","0.50","2026-08-10 19:59:59","2026-08-11 03:59:59","205.00000","2","0.50","205.00000"
"all-available","Asia/Taipei","BTCUSDT","BTC-260812-64000-C","2026-08-12","64000","CALL","1h","2026-08-10 20:00:00","2026-08-11 04:00:00","465.000","520.000","465.000","520.000","0.44","2026-08-10 20:59:59","2026-08-11 04:59:59","214.50000","5","0.00","0.00000"
"all-available","Asia/Taipei","BTCUSDT","BTC-260812-64000-C","2026-08-12","64000","CALL","1h","2026-08-10 21:00:00","2026-08-11 05:00:00","520.000","520.000","520.000","520.000","0.00","2026-08-10 21:59:59","2026-08-11 05:59:59","0.00000","0","0.00","0.00000"
"all-available","Asia/Taipei","BTCUSDT","BTC-260812-64000-C","2026-08-12","64000","CALL","1h","2026-08-10 22:00:00","2026-08-11 06:00:00","440.000","440.000","440.000","440.000","0.26","2026-08-10 22:59:59","2026-08-11 06:59:59","114.40000","1","0.00","0.00000"
"all-available","Asia/Taipei","BTCUSDT","BTC-260812-64000-C","2026-08-12","64000","CALL","1h","2026-08-10 23:00:00","2026-08-11 07:00:00","385.000","385.000","380.000","380.000","0.51","2026-08-10 23:59:59","2026-08-11 07:59:59","196.10000","2","0.05","19.00000"
"all-available","Asia/Taipei","BTCUSDT","BTC-260812-64000-C","2026-08-12","64000","CALL","1h","2026-08-11 00:00:00","2026-08-11 08:00:00","385.000","385.000","375.000","380.000","4.49","2026-08-11 00:59:59","2026-08-11 08:59:59","1703.65000","5","3.99","1516.15000"
"all-available","Asia/Taipei","BTCUSDT","BTC-260812-64000-C","2026-08-12","64000","CALL","1h","2026-08-11 01:00:00","2026-08-11 09:00:00","395.000","400.000","395.000","400.000","0.33","2026-08-11 01:59:59","2026-08-11 09:59:59","131.45000","4","0.02","8.00000"
"all-available","Asia/Taipei","BTCUSDT","BTC-260812-64000-C","2026-08-12","64000","CALL","1h","2026-08-11 02:00:00","2026-08-11 10:00:00","400.000","400.000","400.000","400.000","0.00","2026-08-11 02:59:59","2026-08-11 10:59:59","0.00000","0","0.00","0.00000"
"all-available","Asia/Taipei","BTCUSDT","BTC-260812-64000-C","2026-08-12","64000","CALL","1h","2026-08-11 03:00:00","2026-08-11 11:00:00","440.000","440.000","435.000","435.000","0.92","2026-08-11 03:59:59","2026-08-11 11:59:59","401.10000","12","0.00","0.00000"
"all-available","Asia/Taipei","BTCUSDT","BTC-260812-64000-C","2026-08-12","64000","CALL","1h","2026-08-11 04:00:00","2026-08-11 12:00:00","435.000","435.000","435.000","435.000","0.00","2026-08-11 04:59:59","2026-08-11 12:59:59","0.00000","0","0.00","0.00000"
"all-available","Asia/Taipei","BTCUSDT","BTC-260812-64000-C","2026-08-12","64000","CALL","1h","2026-08-11 05:00:00","2026-08-11 13:00:00","350.000","365.000","350.000","365.000","0.12","2026-08-11 05:59:59","2026-08-11 13:59:59","43.50000","2","0.12","43.50000"
"all-available","Asia/Taipei","BTCUSDT","BTC-260812-64000-C","2026-08-12","64000","CALL","1h","2026-08-11 06:00:00","2026-08-11 14:00:00","300.000","300.000","280.000","280.000","3.59","2026-08-11 06:59:59","2026-08-11 14:59:59","1016.10000","8","3.57","1010.30000"
"all-available","Asia/Taipei","BTCUSDT","BTC-260812-64000-C","2026-08-12","64000","CALL","1h","2026-08-11 07:00:00","2026-08-11 15:00:00","310.000","360.000","285.000","355.000","0.81","2026-08-11 07:59:59","2026-08-11 15:59:59","273.65000","19","0.18","57.85000"
"all-available","Asia/Taipei","BTCUSDT","BTC-260812-64000-C","2026-08-12","64000","CALL","1h","2026-08-11 08:00:00","2026-08-11 16:00:00","355.000","375.000","345.000","345.000","0.73","2026-08-11 08:59:59","2026-08-11 16:59:59","268.50000","10","0.05","17.60000"
"all-available","Asia/Taipei","BTCUSDT","BTC-260812-64000-C","2026-08-12","64000","CALL","1h","2026-08-11 09:00:00","2026-08-11 17:00:00","375.000","460.000","375.000","460.000","0.17","2026-08-11 09:59:59","2026-08-11 17:59:59","72.45000","4","0.01","3.75000"
"all-available","Asia/Taipei","BTCUSDT","BTC-260812-64000-C","2026-08-12","64000","CALL","1h","2026-08-11 10:00:00","2026-08-11 18:00:00","445.000","445.000","445.000","445.000","0.36","2026-08-11 10:59:59","2026-08-11 18:59:59","160.20000","2","0.00","0.00000"
"all-available","Asia/Taipei","BTCUSDT","BTC-260812-64000-C","2026-08-12","64000","CALL","1h","2026-08-11 11:00:00","2026-08-11 19:00:00","435.000","490.000","435.000","490.000","0.69","2026-08-11 11:59:59","2026-08-11 19:59:59","320.85000","3","0.69","320.85000"
"all-available","Asia/Taipei","BTCUSDT","BTC-260812-64000-C","2026-08-12","64000","CALL","1h","2026-08-11 12:00:00","2026-08-11 20:00:00","525.000","550.000","525.000","550.000","0.24","2026-08-11 12:59:59","2026-08-11 20:59:59","131.00000","2","0.24","131.00000"
"all-available","Asia/Taipei","BTCUSDT","BTC-260812-64000-C","2026-08-12","64000","CALL","1h","2026-08-11 13:00:00","2026-08-11 21:00:00","410.000","415.000","330.000","400.000","8.64","2026-08-11 13:59:59","2026-08-11 21:59:59","3470.00000","16","1.46","517.90000"
"all-available","Asia/Taipei","BTCUSDT","BTC-260812-64000-C","2026-08-12","64000","CALL","1h","2026-08-11 14:00:00","2026-08-11 22:00:00","420.000","425.000","185.000","185.000","13.81","2026-08-11 14:59:59","2026-08-11 22:59:59","3051.75000","26","11.92","2553.75000"
"all-available","Asia/Taipei","BTCUSDT","BTC-260812-64000-C","2026-08-12","64000","CALL","1h","2026-08-11 15:00:00","2026-08-11 23:00:00","180.000","195.000","105.000","105.000","15.42","2026-08-11 15:59:59","2026-08-11 23:59:59","2091.80000","16","3.95","480.40000"
"all-available","Asia/Taipei","BTCUSDT","BTC-260812-64000-C","2026-08-12","64000","CALL","1h","2026-08-11 16:00:00","2026-08-12 00:00:00","125.000","125.000","80.000","90.000","4.86","2026-08-11 16:59:59","2026-08-12 00:59:59","432.95000","12","0.66","70.95000"
"all-available","Asia/Taipei","BTCUSDT","BTC-260812-64000-C","2026-08-12","64000","CALL","1h","2026-08-11 17:00:00","2026-08-12 01:00:00","85.000","85.000","75.000","75.000","2.24","2026-08-11 17:59:59","2026-08-12 01:59:59","178.65000","10","1.88","151.05000"
"all-available","Asia/Taipei","BTCUSDT","BTC-260812-64000-C","2026-08-12","64000","CALL","1h","2026-08-11 18:00:00","2026-08-12 02:00:00","90.000","90.000","40.000","45.000","11.52","2026-08-11 18:59:59","2026-08-12 02:59:59","738.35000","22","6.85","504.00000"
"all-available","Asia/Taipei","BTCUSDT","BTC-260812-64000-C","2026-08-12","64000","CALL","1h","2026-08-11 19:00:00","2026-08-12 03:00:00","40.000","60.000","35.000","60.000","2.79","2026-08-11 19:59:59","2026-08-12 03:59:59","124.30000","13","0.34","14.45000"
"all-available","Asia/Taipei","BTCUSDT","BTC-260812-64000-C","2026-08-12","64000","CALL","1h","2026-08-11 20:00:00","2026-08-12 04:00:00","80.000","85.000","70.000","70.000","2.22","2026-08-11 20:59:59","2026-08-12 04:59:59","170.90000","11","2.22","170.90000"
"all-available","Asia/Taipei","BTCUSDT","BTC-260812-64000-C","2026-08-12","64000","CALL","1h","2026-08-11 21:00:00","2026-08-12 05:00:00","80.000","80.000","75.000","75.000","0.35","2026-08-11 21:59:59","2026-08-12 05:59:59","27.25000","3","0.15","11.25000"
"all-available","Asia/Taipei","BTCUSDT","BTC-260812-64000-C","2026-08-12","64000","CALL","1h","2026-08-11 22:00:00","2026-08-12 06:00:00","85.000","85.000","55.000","60.000","4.65","2026-08-11 22:59:59","2026-08-12 06:59:59","352.05000","12","3.26","274.75000"
"all-available","Asia/Taipei","BTCUSDT","BTC-260812-64000-C","2026-08-12","64000","CALL","1h","2026-08-11 23:00:00","2026-08-12 07:00:00","45.000","45.000","35.000","45.000","8.16","2026-08-11 23:59:59","2026-08-12 07:59:59","358.80000","25","2.57","109.15000"
"all-available","Asia/Taipei","BTCUSDT","BTC-260812-64000-C","2026-08-12","64000","CALL","1h","2026-08-12 00:00:00","2026-08-12 08:00:00","40.000","55.000","35.000","55.000","6.09","2026-08-12 00:59:59","2026-08-12 08:59:59","256.30000","43","3.64","160.00000"
"all-available","Asia/Taipei","BTCUSDT","BTC-260812-64000-C","2026-08-12","64000","CALL","1h","2026-08-12 01:00:00","2026-08-12 09:00:00","50.000","75.000","50.000","70.000","7.30","2026-08-12 01:59:59","2026-08-12 09:59:59","433.70000","24","4.84","274.80000"
"all-available","Asia/Taipei","BTCUSDT","BTC-260812-64000-C","2026-08-12","64000","CALL","1h","2026-08-12 02:00:00","2026-08-12 10:00:00","65.000","80.000","40.000","40.000","4.33","2026-08-12 02:59:59","2026-08-12 10:59:59","313.65000","22","0.32","14.50000"
"all-available","Asia/Taipei","BTCUSDT","BTC-260812-64000-C","2026-08-12","64000","CALL","1h","2026-08-12 03:00:00","2026-08-12 11:00:00","40.000","45.000","30.000","45.000","3.79","2026-08-12 03:59:59","2026-08-12 11:59:59","141.90000","14","1.23","49.95000"
"all-available","Asia/Taipei","BTCUSDT","BTC-260812-64000-C","2026-08-12","64000","CALL","1h","2026-08-12 04:00:00","2026-08-12 12:00:00","45.000","50.000","30.000","30.000","8.71","2026-08-12 04:59:59","2026-08-12 12:59:59","368.35000","24","1.71","68.90000"
"all-available","Asia/Taipei","BTCUSDT","BTC-260812-64000-C","2026-08-12","64000","CALL","1h","2026-08-12 05:00:00","2026-08-12 13:00:00","25.000","40.000","20.000","30.000","12.84","2026-08-12 05:59:59","2026-08-12 13:59:59","446.00000","21","2.98","74.10000"
"all-available","Asia/Taipei","BTCUSDT","BTC-260812-64000-C","2026-08-12","64000","CALL","1h","2026-08-12 06:00:00","2026-08-12 14:00:00","25.000","25.000","10.000","10.000","7.24","2026-08-12 06:59:59","2026-08-12 14:59:59","94.50000","31","1.83","33.45000"
"all-available","Asia/Taipei","BTCUSDT","BTC-260812-64000-C","2026-08-12","64000","CALL","1h","2026-08-12 07:00:00","2026-08-12 15:00:00","10.000","15.000","5.000","5.000","303.26","2026-08-12 07:59:59","2026-08-12 15:59:59","1522.90000","18","0.33","2.95000"
"all-available","Asia/Taipei","BTCUSDT","BTC-260812-64000-P","2026-08-12","64000","PUT","1h","2026-08-09 10:00:00","2026-08-09 18:00:00","230.000","230.000","230.000","230.000","0.04","2026-08-09 10:59:59","2026-08-09 18:59:59","9.20000","2","0.00","0.00000"
"all-available","Asia/Taipei","BTCUSDT","BTC-260812-64000-P","2026-08-12","64000","PUT","1h","2026-08-09 11:00:00","2026-08-09 19:00:00","230.000","230.000","230.000","230.000","0.00","2026-08-09 11:59:59","2026-08-09 19:59:59","0.00000","0","0.00","0.00000"
"all-available","Asia/Taipei","BTCUSDT","BTC-260812-64000-P","2026-08-12","64000","PUT","1h","2026-08-09 12:00:00","2026-08-09 20:00:00","230.000","230.000","230.000","230.000","0.00","2026-08-09 12:59:59","2026-08-09 20:59:59","0.00000","0","0.00","0.00000"
"all-available","Asia/Taipei","BTCUSDT","BTC-260812-64000-P","2026-08-12","64000","PUT","1h","2026-08-09 13:00:00","2026-08-09 21:00:00","215.000","215.000","215.000","215.000","0.30","2026-08-09 13:59:59","2026-08-09 21:59:59","64.50000","1","0.30","64.50000"
"all-available","Asia/Taipei","BTCUSDT","BTC-260812-64000-P","2026-08-12","64000","PUT","1h","2026-08-09 14:00:00","2026-08-09 22:00:00","200.000","200.000","180.000","180.000","1.20","2026-08-09 14:59:59","2026-08-09 22:59:59","234.40000","2","1.20","234.40000"
"all-available","Asia/Taipei","BTCUSDT","BTC-260812-64000-P","2026-08-12","64000","PUT","1h","2026-08-09 15:00:00","2026-08-09 23:00:00","180.000","180.000","180.000","180.000","0.03","2026-08-09 15:59:59","2026-08-09 23:59:59","5.40000","2","0.03","5.40000"
"all-available","Asia/Taipei","BTCUSDT","BTC-260812-64000-P","2026-08-12","64000","PUT","1h","2026-08-09 16:00:00","2026-08-10 00:00:00","175.000","175.000","175.000","175.000","0.10","2026-08-09 16:59:59","2026-08-10 00:59:59","17.50000","1","0.00","0.00000"
"all-available","Asia/Taipei","BTCUSDT","BTC-260812-64000-P","2026-08-12","64000","PUT","1h","2026-08-09 17:00:00","2026-08-10 01:00:00","175.000","175.000","175.000","175.000","0.00","2026-08-09 17:59:59","2026-08-10 01:59:59","0.00000","0","0.00","0.00000"
"all-available","Asia/Taipei","BTCUSDT","BTC-260812-64000-P","2026-08-12","64000","PUT","1h","2026-08-09 18:00:00","2026-08-10 02:00:00","175.000","175.000","175.000","175.000","0.00","2026-08-09 18:59:59","2026-08-10 02:59:59","0.00000","0","0.00","0.00000"
"all-available","Asia/Taipei","BTCUSDT","BTC-260812-64000-P","2026-08-12","64000","PUT","1h","2026-08-09 19:00:00","2026-08-10 03:00:00","175.000","175.000","175.000","175.000","0.00","2026-08-09 19:59:59","2026-08-10 03:59:59","0.00000","0","0.00","0.00000"
"all-available","Asia/Taipei","BTCUSDT","BTC-260812-64000-P","2026-08-12","64000","PUT","1h","2026-08-09 20:00:00","2026-08-10 04:00:00","175.000","175.000","175.000","175.000","0.00","2026-08-09 20:59:59","2026-08-10 04:59:59","0.00000","0","0.00","0.00000"
"all-available","Asia/Taipei","BTCUSDT","BTC-260812-64000-P","2026-08-12","64000","PUT","1h","2026-08-09 21:00:00","2026-08-10 05:00:00","195.000","195.000","195.000","195.000","0.02","2026-08-09 21:59:59","2026-08-10 05:59:59","3.90000","1","0.02","3.90000"
"all-available","Asia/Taipei","BTCUSDT","BTC-260812-64000-P","2026-08-12","64000","PUT","1h","2026-08-09 22:00:00","2026-08-10 06:00:00","230.000","230.000","230.000","230.000","0.01","2026-08-09 22:59:59","2026-08-10 06:59:59","2.30000","1","0.01","2.30000"
"all-available","Asia/Taipei","BTCUSDT","BTC-260812-64000-P","2026-08-12","64000","PUT","1h","2026-08-09 23:00:00","2026-08-10 07:00:00","260.000","260.000","260.000","260.000","0.09","2026-08-09 23:59:59","2026-08-10 07:59:59","23.40000","1","0.00","0.00000"
"all-available","Asia/Taipei","BTCUSDT","BTC-260812-64000-P","2026-08-12","64000","PUT","1h","2026-08-10 00:00:00","2026-08-10 08:00:00","225.000","225.000","205.000","205.000","0.35","2026-08-10 00:59:59","2026-08-10 08:59:59","74.65000","5","0.00","0.00000"
"all-available","Asia/Taipei","BTCUSDT","BTC-260812-64000-P","2026-08-12","64000","PUT","1h","2026-08-10 01:00:00","2026-08-10 09:00:00","210.000","210.000","180.000","180.000","1.20","2026-08-10 01:59:59","2026-08-10 09:59:59","244.85000","10","0.00","0.00000"
"all-available","Asia/Taipei","BTCUSDT","BTC-260812-64000-P","2026-08-12","64000","PUT","1h","2026-08-10 02:00:00","2026-08-10 10:00:00","195.000","195.000","195.000","195.000","0.47","2026-08-10 02:59:59","2026-08-10 10:59:59","91.65000","2","0.00","0.00000"
"all-available","Asia/Taipei","BTCUSDT","BTC-260812-64000-P","2026-08-12","64000","PUT","1h","2026-08-10 03:00:00","2026-08-10 11:00:00","185.000","185.000","185.000","185.000","0.06","2026-08-10 03:59:59","2026-08-10 11:59:59","11.10000","1","0.06","11.10000"
"all-available","Asia/Taipei","BTCUSDT","BTC-260812-64000-P","2026-08-12","64000","PUT","1h","2026-08-10 04:00:00","2026-08-10 12:00:00","185.000","185.000","185.000","185.000","0.00","2026-08-10 04:59:59","2026-08-10 12:59:59","0.00000","0","0.00","0.00000"
"all-available","Asia/Taipei","BTCUSDT","BTC-260812-64000-P","2026-08-12","64000","PUT","1h","2026-08-10 05:00:00","2026-08-10 13:00:00","185.000","185.000","185.000","185.000","0.00","2026-08-10 05:59:59","2026-08-10 13:59:59","0.00000","0","0.00","0.00000"
"all-available","Asia/Taipei","BTCUSDT","BTC-260812-64000-P","2026-08-12","64000","PUT","1h","2026-08-10 06:00:00","2026-08-10 14:00:00","145.000","145.000","145.000","145.000","0.01","2026-08-10 06:59:59","2026-08-10 14:59:59","1.45000","1","0.00","0.00000"
"all-available","Asia/Taipei","BTCUSDT","BTC-260812-64000-P","2026-08-12","64000","PUT","1h","2026-08-10 07:00:00","2026-08-10 15:00:00","145.000","145.000","145.000","145.000","0.00","2026-08-10 07:59:59","2026-08-10 15:59:59","0.00000","0","0.00","0.00000"
"all-available","Asia/Taipei","BTCUSDT","BTC-260812-64000-P","2026-08-12","64000","PUT","1h","2026-08-10 08:00:00","2026-08-10 16:00:00","125.000","125.000","105.000","105.000","15.17","2026-08-10 08:59:59","2026-08-10 16:59:59","1696.85000","8","0.00","0.00000"
"all-available","Asia/Taipei","BTCUSDT","BTC-260812-64000-P","2026-08-12","64000","PUT","1h","2026-08-10 09:00:00","2026-08-10 17:00:00","110.000","145.000","110.000","145.000","0.81","2026-08-10 09:59:59","2026-08-10 17:59:59","115.10000","8","0.81","115.10000"
"all-available","Asia/Taipei","BTCUSDT","BTC-260812-64000-P","2026-08-12","64000","PUT","1h","2026-08-10 10:00:00","2026-08-10 18:00:00","125.000","125.000","120.000","120.000","1.09","2026-08-10 10:59:59","2026-08-10 18:59:59","131.25000","2","0.09","11.25000"
"all-available","Asia/Taipei","BTCUSDT","BTC-260812-64000-P","2026-08-12","64000","PUT","1h","2026-08-10 11:00:00","2026-08-10 19:00:00","120.000","120.000","110.000","110.000","0.29","2026-08-10 11:59:59","2026-08-10 19:59:59","33.90000","3","0.00","0.00000"
"all-available","Asia/Taipei","BTCUSDT","BTC-260812-64000-P","2026-08-12","64000","PUT","1h","2026-08-10 12:00:00","2026-08-10 20:00:00","120.000","140.000","120.000","140.000","0.06","2026-08-10 12:59:59","2026-08-10 20:59:59","8.20000","3","0.06","8.20000"
"all-available","Asia/Taipei","BTCUSDT","BTC-260812-64000-P","2026-08-12","64000","PUT","1h","2026-08-10 13:00:00","2026-08-10 21:00:00","135.000","230.000","135.000","230.000","10.79","2026-08-10 13:59:59","2026-08-10 21:59:59","2045.10000","19","8.33","1573.10000"
"all-available","Asia/Taipei","BTCUSDT","BTC-260812-64000-P","2026-08-12","64000","PUT","1h","2026-08-10 14:00:00","2026-08-10 22:00:00","205.000","205.000","145.000","145.000","3.18","2026-08-10 14:59:59","2026-08-10 22:59:59","541.70000","16","0.25","36.25000"
"all-available","Asia/Taipei","BTCUSDT","BTC-260812-64000-P","2026-08-12","64000","PUT","1h","2026-08-10 15:00:00","2026-08-10 23:00:00","205.000","325.000","205.000","295.000","9.72","2026-08-10 15:59:59","2026-08-10 23:59:59","2904.05000","14","4.21","1151.70000"
"all-available","Asia/Taipei","BTCUSDT","BTC-260812-64000-P","2026-08-12","64000","PUT","1h","2026-08-10 16:00:00","2026-08-11 00:00:00","335.000","530.000","315.000","530.000","6.91","2026-08-10 16:59:59","2026-08-11 00:59:59","2930.25000","30","3.68","1478.05000"
"all-available","Asia/Taipei","BTCUSDT","BTC-260812-64000-P","2026-08-12","64000","PUT","1h","2026-08-10 17:00:00","2026-08-11 01:00:00","455.000","485.000","455.000","485.000","0.11","2026-08-10 17:59:59","2026-08-11 01:59:59","53.05000","2","0.11","53.05000"
"all-available","Asia/Taipei","BTCUSDT","BTC-260812-64000-P","2026-08-12","64000","PUT","1h","2026-08-10 18:00:00","2026-08-11 02:00:00","490.000","525.000","490.000","510.000","2.41","2026-08-10 18:59:59","2026-08-11 02:59:59","1217.10000","6","2.40","1212.00000"
"all-available","Asia/Taipei","BTCUSDT","BTC-260812-64000-P","2026-08-12","64000","PUT","1h","2026-08-10 19:00:00","2026-08-11 03:00:00","470.000","470.000","470.000","470.000","0.05","2026-08-10 19:59:59","2026-08-11 03:59:59","23.50000","1","0.00","0.00000"
"all-available","Asia/Taipei","BTCUSDT","BTC-260812-64000-P","2026-08-12","64000","PUT","1h","2026-08-10 20:00:00","2026-08-11 04:00:00","340.000","340.000","340.000","340.000","0.22","2026-08-10 20:59:59","2026-08-11 04:59:59","74.80000","1","0.00","0.00000"
"all-available","Asia/Taipei","BTCUSDT","BTC-260812-64000-P","2026-08-12","64000","PUT","1h","2026-08-10 21:00:00","2026-08-11 05:00:00","340.000","340.000","340.000","340.000","0.00","2026-08-10 21:59:59","2026-08-11 05:59:59","0.00000","0","0.00","0.00000"
"all-available","Asia/Taipei","BTCUSDT","BTC-260812-64000-P","2026-08-12","64000","PUT","1h","2026-08-10 22:00:00","2026-08-11 06:00:00","385.000","385.000","385.000","385.000","0.11","2026-08-10 22:59:59","2026-08-11 06:59:59","42.35000","1","0.00","0.00000"
"all-available","Asia/Taipei","BTCUSDT","BTC-260812-64000-P","2026-08-12","64000","PUT","1h","2026-08-10 23:00:00","2026-08-11 07:00:00","400.000","400.000","400.000","400.000","3.30","2026-08-10 23:59:59","2026-08-11 07:59:59","1320.00000","2","3.30","1320.00000"
"all-available","Asia/Taipei","BTCUSDT","BTC-260812-64000-P","2026-08-12","64000","PUT","1h","2026-08-11 00:00:00","2026-08-11 08:00:00","380.000","380.000","345.000","345.000","0.14","2026-08-11 00:59:59","2026-08-11 08:59:59","49.00000","2","0.02","7.60000"
"all-available","Asia/Taipei","BTCUSDT","BTC-260812-64000-P","2026-08-12","64000","PUT","1h","2026-08-11 01:00:00","2026-08-11 09:00:00","345.000","360.000","325.000","325.000","1.45","2026-08-11 01:59:59","2026-08-11 09:59:59","482.25000","7","1.32","437.35000"
"all-available","Asia/Taipei","BTCUSDT","BTC-260812-64000-P","2026-08-12","64000","PUT","1h","2026-08-11 02:00:00","2026-08-11 10:00:00","325.000","325.000","325.000","325.000","0.00","2026-08-11 02:59:59","2026-08-11 10:59:59","0.00000","0","0.00","0.00000"
"all-available","Asia/Taipei","BTCUSDT","BTC-260812-64000-P","2026-08-12","64000","PUT","1h","2026-08-11 03:00:00","2026-08-11 11:00:00","280.000","280.000","280.000","280.000","0.30","2026-08-11 03:59:59","2026-08-11 11:59:59","84.00000","2","0.00","0.00000"
"all-available","Asia/Taipei","BTCUSDT","BTC-260812-64000-P","2026-08-12","64000","PUT","1h","2026-08-11 04:00:00","2026-08-11 12:00:00","285.000","285.000","285.000","285.000","0.17","2026-08-11 04:59:59","2026-08-11 12:59:59","48.45000","2","0.17","48.45000"
"all-available","Asia/Taipei","BTCUSDT","BTC-260812-64000-P","2026-08-12","64000","PUT","1h","2026-08-11 05:00:00","2026-08-11 13:00:00","320.000","320.000","320.000","320.000","0.53","2026-08-11 05:59:59","2026-08-11 13:59:59","169.60000","4","0.53","169.60000"
"all-available","Asia/Taipei","BTCUSDT","BTC-260812-64000-P","2026-08-12","64000","PUT","1h","2026-08-11 06:00:00","2026-08-11 14:00:00","300.000","385.000","300.000","325.000","0.57","2026-08-11 06:59:59","2026-08-11 14:59:59","205.90000","12","0.42","155.15000"
"all-available","Asia/Taipei","BTCUSDT","BTC-260812-64000-P","2026-08-12","64000","PUT","1h","2026-08-11 07:00:00","2026-08-11 15:00:00","310.000","355.000","260.000","285.000","0.47","2026-08-11 07:59:59","2026-08-11 15:59:59","132.50000","8","0.39","107.30000"
"all-available","Asia/Taipei","BTCUSDT","BTC-260812-64000-P","2026-08-12","64000","PUT","1h","2026-08-11 08:00:00","2026-08-11 16:00:00","275.000","285.000","210.000","210.000","6.46","2026-08-11 08:59:59","2026-08-11 16:59:59","1716.75000","24","2.56","680.40000"
"all-available","Asia/Taipei","BTCUSDT","BTC-260812-64000-P","2026-08-12","64000","PUT","1h","2026-08-11 09:00:00","2026-08-11 17:00:00","215.000","215.000","175.000","185.000","5.36","2026-08-11 09:59:59","2026-08-11 17:59:59","992.20000","21","5.36","992.20000"
"all-available","Asia/Taipei","BTCUSDT","BTC-260812-64000-P","2026-08-12","64000","PUT","1h","2026-08-11 10:00:00","2026-08-11 18:00:00","160.000","200.000","160.000","175.000","7.87","2026-08-11 10:59:59","2026-08-11 18:59:59","1396.75000","35","1.01","187.05000"
"all-available","Asia/Taipei","BTCUSDT","BTC-260812-64000-P","2026-08-12","64000","PUT","1h","2026-08-11 11:00:00","2026-08-11 19:00:00","180.000","180.000","125.000","125.000","2.06","2026-08-11 11:59:59","2026-08-11 19:59:59","284.20000","10","1.08","140.40000"
"all-available","Asia/Taipei","BTCUSDT","BTC-260812-64000-P","2026-08-12","64000","PUT","1h","2026-08-11 12:00:00","2026-08-11 20:00:00","115.000","150.000","110.000","140.000","3.89","2026-08-11 12:59:59","2026-08-11 20:59:59","545.60000","20","3.83","537.00000"
"all-available","Asia/Taipei","BTCUSDT","BTC-260812-64000-P","2026-08-12","64000","PUT","1h","2026-08-11 13:00:00","2026-08-11 21:00:00","140.000","255.000","140.000","250.000","9.79","2026-08-11 13:59:59","2026-08-11 21:59:59","2089.55000","38","2.82","597.60000"
"all-available","Asia/Taipei","BTCUSDT","BTC-260812-64000-P","2026-08-12","64000","PUT","1h","2026-08-11 14:00:00","2026-08-11 22:00:00","215.000","435.000","165.000","435.000","20.97","2026-08-11 14:59:59","2026-08-11 22:59:59","5132.40000","63","6.98","1681.90000"
"all-available","Asia/Taipei","BTCUSDT","BTC-260812-64000-P","2026-08-12","64000","PUT","1h","2026-08-11 15:00:00","2026-08-11 23:00:00","355.000","630.000","355.000","600.000","8.78","2026-08-11 15:59:59","2026-08-11 23:59:59","4399.45000","39","5.74","3123.30000"
"all-available","Asia/Taipei","BTCUSDT","BTC-260812-64000-P","2026-08-12","64000","PUT","1h","2026-08-11 16:00:00","2026-08-12 00:00:00","560.000","560.000","530.000","550.000","0.15","2026-08-11 16:59:59","2026-08-12 00:59:59","80.40000","5","0.15","80.40000"
"all-available","Asia/Taipei","BTCUSDT","BTC-260812-64000-P","2026-08-12","64000","PUT","1h","2026-08-11 17:00:00","2026-08-12 01:00:00","495.000","495.000","440.000","440.000","0.19","2026-08-11 17:59:59","2026-08-12 01:59:59","88.25000","3","0.09","41.25000"
"all-available","Asia/Taipei","BTCUSDT","BTC-260812-64000-P","2026-08-12","64000","PUT","1h","2026-08-11 18:00:00","2026-08-12 02:00:00","425.000","720.000","425.000","720.000","0.50","2026-08-11 18:59:59","2026-08-12 02:59:59","252.30000","7","0.50","252.30000"
"all-available","Asia/Taipei","BTCUSDT","BTC-260812-64000-P","2026-08-12","64000","PUT","1h","2026-08-11 19:00:00","2026-08-12 03:00:00","700.000","750.000","700.000","750.000","0.70","2026-08-11 19:59:59","2026-08-12 03:59:59","496.75000","5","0.70","496.75000"
"all-available","Asia/Taipei","BTCUSDT","BTC-260812-64000-P","2026-08-12","64000","PUT","1h","2026-08-11 20:00:00","2026-08-12 04:00:00","395.000","395.000","385.000","385.000","0.60","2026-08-11 20:59:59","2026-08-12 04:59:59","236.00000","2","0.60","236.00000"
"all-available","Asia/Taipei","BTCUSDT","BTC-260812-64000-P","2026-08-12","64000","PUT","1h","2026-08-11 21:00:00","2026-08-12 05:00:00","385.000","385.000","385.000","385.000","0.00","2026-08-11 21:59:59","2026-08-12 05:59:59","0.00000","0","0.00","0.00000"
"all-available","Asia/Taipei","BTCUSDT","BTC-260812-64000-P","2026-08-12","64000","PUT","1h","2026-08-11 22:00:00","2026-08-12 06:00:00","410.000","410.000","410.000","410.000","0.01","2026-08-11 22:59:59","2026-08-12 06:59:59","4.10000","1","0.00","0.00000"
"all-available","Asia/Taipei","BTCUSDT","BTC-260812-64000-P","2026-08-12","64000","PUT","1h","2026-08-11 23:00:00","2026-08-12 07:00:00","410.000","410.000","410.000","410.000","0.01","2026-08-11 23:59:59","2026-08-12 07:59:59","4.10000","1","0.00","0.00000"
"all-available","Asia/Taipei","BTCUSDT","BTC-260812-64000-P","2026-08-12","64000","PUT","1h","2026-08-12 00:00:00","2026-08-12 08:00:00","440.000","440.000","285.000","285.000","0.04","2026-08-12 00:59:59","2026-08-12 08:59:59","14.50000","2","0.04","14.50000"
"all-available","Asia/Taipei","BTCUSDT","BTC-260812-64000-P","2026-08-12","64000","PUT","1h","2026-08-12 01:00:00","2026-08-12 09:00:00","310.000","310.000","220.000","220.000","0.03","2026-08-12 01:59:59","2026-08-12 09:59:59","7.50000","2","0.03","7.50000"
"all-available","Asia/Taipei","BTCUSDT","BTC-260812-64000-P","2026-08-12","64000","PUT","1h","2026-08-12 02:00:00","2026-08-12 10:00:00","215.000","215.000","180.000","180.000","0.12","2026-08-12 02:59:59","2026-08-12 10:59:59","25.10000","3","0.10","21.50000"
"all-available","Asia/Taipei","BTCUSDT","BTC-260812-64000-P","2026-08-12","64000","PUT","1h","2026-08-12 03:00:00","2026-08-12 11:00:00","180.000","180.000","180.000","180.000","0.00","2026-08-12 03:59:59","2026-08-12 11:59:59","0.00000","0","0.00","0.00000"
"all-available","Asia/Taipei","BTCUSDT","BTC-260812-64000-P","2026-08-12","64000","PUT","1h","2026-08-12 04:00:00","2026-08-12 12:00:00","180.000","180.000","180.000","180.000","0.00","2026-08-12 04:59:59","2026-08-12 12:59:59","0.00000","0","0.00","0.00000"
"all-available","Asia/Taipei","BTCUSDT","BTC-260812-64000-P","2026-08-12","64000","PUT","1h","2026-08-12 05:00:00","2026-08-12 13:00:00","220.000","225.000","200.000","225.000","0.14","2026-08-12 05:59:59","2026-08-12 13:59:59","28.90000","3","0.02","4.50000"
"all-available","Asia/Taipei","BTCUSDT","BTC-260812-64000-P","2026-08-12","64000","PUT","1h","2026-08-12 06:00:00","2026-08-12 14:00:00","250.000","320.000","250.000","320.000","0.16","2026-08-12 06:59:59","2026-08-12 14:59:59","43.20000","4","0.16","43.20000"
"all-available","Asia/Taipei","BTCUSDT","BTC-260812-64000-P","2026-08-12","64000","PUT","1h","2026-08-12 07:00:00","2026-08-12 15:00:00","250.000","250.000","220.000","220.000","0.02","2026-08-12 07:59:59","2026-08-12 15:59:59","4.70000","2","0.01","2.20000"
"all-available","Asia/Taipei","BTCUSDT","BTC-260812-64500-C","2026-08-12","64500","CALL","1h","2026-08-10 12:00:00","2026-08-10 20:00:00","865.000","865.000","675.000","675.000","6.10","2026-08-10 12:59:59","2026-08-10 20:59:59","4942.50000","5","3.10","2662.50000"
"all-available","Asia/Taipei","BTCUSDT","BTC-260812-64500-C","2026-08-12","64500","CALL","1h","2026-08-10 13:00:00","2026-08-10 21:00:00","485.000","485.000","485.000","485.000","0.30","2026-08-10 13:59:59","2026-08-10 21:59:59","145.50000","1","0.30","145.50000"
"all-available","Asia/Taipei","BTCUSDT","BTC-260812-64500-C","2026-08-12","64500","CALL","1h","2026-08-10 14:00:00","2026-08-10 22:00:00","535.000","570.000","535.000","570.000","0.69","2026-08-10 14:59:59","2026-08-10 22:59:59","378.25000","5","0.43","230.05000"
"all-available","Asia/Taipei","BTCUSDT","BTC-260812-64500-C","2026-08-12","64500","CALL","1h","2026-08-10 15:00:00","2026-08-10 23:00:00","430.000","430.000","320.000","335.000","6.34","2026-08-10 15:59:59","2026-08-10 23:59:59","2422.95000","16","6.23","2381.25000"
"all-available","Asia/Taipei","BTCUSDT","BTC-260812-64500-C","2026-08-12","64500","CALL","1h","2026-08-10 16:00:00","2026-08-11 00:00:00","335.000","335.000","225.000","225.000","3.76","2026-08-10 16:59:59","2026-08-11 00:59:59","972.70000","9","0.87","255.20000"
"all-available","Asia/Taipei","BTCUSDT","BTC-260812-64500-C","2026-08-12","64500","CALL","1h","2026-08-10 17:00:00","2026-08-11 01:00:00","240.000","240.000","220.000","220.000","0.47","2026-08-10 17:59:59","2026-08-11 01:59:59","111.30000","5","0.33","78.40000"
"all-available","Asia/Taipei","BTCUSDT","BTC-260812-64500-C","2026-08-12","64500","CALL","1h","2026-08-10 18:00:00","2026-08-11 02:00:00","210.000","210.000","205.000","205.000","0.19","2026-08-10 18:59:59","2026-08-11 02:59:59","39.40000","2","0.19","39.40000"
"all-available","Asia/Taipei","BTCUSDT","BTC-260812-64500-C","2026-08-12","64500","CALL","1h","2026-08-10 19:00:00","2026-08-11 03:00:00","205.000","205.000","205.000","205.000","0.00","2026-08-10 19:59:59","2026-08-11 03:59:59","0.00000","0","0.00","0.00000"
"all-available","Asia/Taipei","BTCUSDT","BTC-260812-64500-C","2026-08-12","64500","CALL","1h","2026-08-10 20:00:00","2026-08-11 04:00:00","235.000","260.000","235.000","260.000","3.93","2026-08-10 20:59:59","2026-08-11 04:59:59","928.30000","2","3.93","928.30000"
"all-available","Asia/Taipei","BTCUSDT","BTC-260812-64500-C","2026-08-12","64500","CALL","1h","2026-08-10 21:00:00","2026-08-11 05:00:00","260.000","260.000","260.000","260.000","0.00","2026-08-10 21:59:59","2026-08-11 05:59:59","0.00000","0","0.00","0.00000"
"all-available","Asia/Taipei","BTCUSDT","BTC-260812-64500-C","2026-08-12","64500","CALL","1h","2026-08-10 22:00:00","2026-08-11 06:00:00","220.000","220.000","215.000","215.000","0.11","2026-08-10 22:59:59","2026-08-11 06:59:59","23.70000","2","0.11","23.70000"
"all-available","Asia/Taipei","BTCUSDT","BTC-260812-64500-C","2026-08-12","64500","CALL","1h","2026-08-10 23:00:00","2026-08-11 07:00:00","200.000","200.000","175.000","175.000","0.11","2026-08-10 23:59:59","2026-08-11 07:59:59","19.50000","2","0.11","19.50000"
"all-available","Asia/Taipei","BTCUSDT","BTC-260812-64500-C","2026-08-12","64500","CALL","1h","2026-08-11 00:00:00","2026-08-11 08:00:00","170.000","170.000","165.000","170.000","3.25","2026-08-11 00:59:59","2026-08-11 08:59:59","552.20000","3","3.25","552.20000"
"all-available","Asia/Taipei","BTCUSDT","BTC-260812-64500-C","2026-08-12","64500","CALL","1h","2026-08-11 01:00:00","2026-08-11 09:00:00","185.000","190.000","170.000","175.000","5.03","2026-08-11 01:59:59","2026-08-11 09:59:59","908.80000","10","2.03","353.80000"
"all-available","Asia/Taipei","BTCUSDT","BTC-260812-64500-C","2026-08-12","64500","CALL","1h","2026-08-11 02:00:00","2026-08-11 10:00:00","175.000","175.000","175.000","175.000","1.00","2026-08-11 02:59:59","2026-08-11 10:59:59","175.00000","1","1.00","175.00000"
"all-available","Asia/Taipei","BTCUSDT","BTC-260812-64500-C","2026-08-12","64500","CALL","1h","2026-08-11 03:00:00","2026-08-11 11:00:00","195.000","195.000","195.000","195.000","0.06","2026-08-11 03:59:59","2026-08-11 11:59:59","11.70000","1","0.00","0.00000"
"all-available","Asia/Taipei","BTCUSDT","BTC-260812-64500-C","2026-08-12","64500","CALL","1h","2026-08-11 04:00:00","2026-08-11 12:00:00","175.000","180.000","160.000","160.000","3.89","2026-08-11 04:59:59","2026-08-11 12:59:59","664.35000","5","3.88","662.60000"
"all-available","Asia/Taipei","BTCUSDT","BTC-260812-64500-C","2026-08-12","64500","CALL","1h","2026-08-11 05:00:00","2026-08-11 13:00:00","155.000","155.000","155.000","155.000","0.29","2026-08-11 05:59:59","2026-08-11 13:59:59","44.95000","2","0.00","0.00000"
"all-available","Asia/Taipei","BTCUSDT","BTC-260812-64500-C","2026-08-12","64500","CALL","1h","2026-08-11 06:00:00","2026-08-11 14:00:00","135.000","135.000","110.000","110.000","2.25","2026-08-11 06:59:59","2026-08-11 14:59:59","274.10000","4","0.95","118.60000"
"all-available","Asia/Taipei","BTCUSDT","BTC-260812-64500-C","2026-08-12","64500","CALL","1h","2026-08-11 07:00:00","2026-08-11 15:00:00","120.000","145.000","115.000","135.000","8.77","2026-08-11 07:59:59","2026-08-11 15:59:59","1189.05000","10","8.17","1114.05000"
"all-available","Asia/Taipei","BTCUSDT","BTC-260812-64500-C","2026-08-12","64500","CALL","1h","2026-08-11 08:00:00","2026-08-11 16:00:00","145.000","150.000","125.000","130.000","3.91","2026-08-11 08:59:59","2026-08-11 16:59:59","521.10000","21","2.34","307.95000"
"all-available","Asia/Taipei","BTCUSDT","BTC-260812-64500-C","2026-08-12","64500","CALL","1h","2026-08-11 09:00:00","2026-08-11 17:00:00","135.000","185.000","135.000","180.000","11.20","2026-08-11 09:59:59","2026-08-11 17:59:59","1679.05000","28","5.99","910.80000"
"all-available","Asia/Taipei","BTCUSDT","BTC-260812-64500-C","2026-08-12","64500","CALL","1h","2026-08-11 10:00:00","2026-08-11 18:00:00","185.000","185.000","160.000","160.000","4.75","2026-08-11 10:59:59","2026-08-11 18:59:59","844.05000","18","0.75","125.65000"
"all-available","Asia/Taipei","BTCUSDT","BTC-260812-64500-C","2026-08-12","64500","CALL","1h","2026-08-11 11:00:00","2026-08-11 19:00:00","190.000","220.000","190.000","210.000","2.40","2026-08-11 11:59:59","2026-08-11 19:59:59","498.95000","12","1.76","366.10000"
"all-available","Asia/Taipei","BTCUSDT","BTC-260812-64500-C","2026-08-12","64500","CALL","1h","2026-08-11 12:00:00","2026-08-11 20:00:00","235.000","250.000","195.000","195.000","3.39","2026-08-11 12:59:59","2026-08-11 20:59:59","763.60000","15","0.76","156.70000"
"all-available","Asia/Taipei","BTCUSDT","BTC-260812-64500-C","2026-08-12","64500","CALL","1h","2026-08-11 13:00:00","2026-08-11 21:00:00","190.000","190.000","130.000","165.000","11.77","2026-08-11 13:59:59","2026-08-11 21:59:59","1888.55000","18","11.45","1839.25000"
"all-available","Asia/Taipei","BTCUSDT","BTC-260812-64500-C","2026-08-12","64500","CALL","1h","2026-08-11 14:00:00","2026-08-11 22:00:00","170.000","170.000","65.000","65.000","27.14","2026-08-11 14:59:59","2026-08-11 22:59:59","3214.30000","32","26.65","3159.90000"
"all-available","Asia/Taipei","BTCUSDT","BTC-260812-64500-C","2026-08-12","64500","CALL","1h","2026-08-11 15:00:00","2026-08-11 23:00:00","65.000","70.000","35.000","40.000","14.76","2026-08-11 15:59:59","2026-08-11 23:59:59","703.95000","31","4.85","312.25000"
"all-available","Asia/Taipei","BTCUSDT","BTC-260812-64500-C","2026-08-12","64500","CALL","1h","2026-08-11 16:00:00","2026-08-12 00:00:00","40.000","40.000","25.000","25.000","2.32","2026-08-11 16:59:59","2026-08-12 00:59:59","75.75000","12","0.50","20.00000"
"all-available","Asia/Taipei","BTCUSDT","BTC-260812-64500-C","2026-08-12","64500","CALL","1h","2026-08-11 17:00:00","2026-08-12 01:00:00","30.000","30.000","25.000","25.000","13.20","2026-08-11 17:59:59","2026-08-12 01:59:59","345.85000","17","6.26","172.35000"
"all-available","Asia/Taipei","BTCUSDT","BTC-260812-64500-C","2026-08-12","64500","CALL","1h","2026-08-11 18:00:00","2026-08-12 02:00:00","20.000","20.000","15.000","15.000","2.76","2026-08-11 18:59:59","2026-08-12 02:59:59","41.45000","9","1.00","15.00000"
"all-available","Asia/Taipei","BTCUSDT","BTC-260812-64500-C","2026-08-12","64500","CALL","1h","2026-08-11 19:00:00","2026-08-12 03:00:00","15.000","15.000","15.000","15.000","2.24","2026-08-11 19:59:59","2026-08-12 03:59:59","33.60000","12","1.24","18.60000"
"all-available","Asia/Taipei","BTCUSDT","BTC-260812-64500-C","2026-08-12","64500","CALL","1h","2026-08-11 20:00:00","2026-08-12 04:00:00","20.000","20.000","20.000","20.000","1.21","2026-08-11 20:59:59","2026-08-12 04:59:59","24.20000","8","0.18","3.60000"
"all-available","Asia/Taipei","BTCUSDT","BTC-260812-64500-C","2026-08-12","64500","CALL","1h","2026-08-11 21:00:00","2026-08-12 05:00:00","20.000","20.000","15.000","15.000","0.12","2026-08-11 21:59:59","2026-08-12 05:59:59","2.25000","4","0.09","1.80000"
"all-available","Asia/Taipei","BTCUSDT","BTC-260812-64500-C","2026-08-12","64500","CALL","1h","2026-08-11 22:00:00","2026-08-12 06:00:00","20.000","20.000","15.000","15.000","1.64","2026-08-11 22:59:59","2026-08-12 06:59:59","27.10000","10","0.80","14.50000"
"all-available","Asia/Taipei","BTCUSDT","BTC-260812-64500-C","2026-08-12","64500","CALL","1h","2026-08-11 23:00:00","2026-08-12 07:00:00","10.000","10.000","10.000","10.000","1.20","2026-08-11 23:59:59","2026-08-12 07:59:59","12.00000","4","1.20","12.00000"
"all-available","Asia/Taipei","BTCUSDT","BTC-260812-64500-C","2026-08-12","64500","CALL","1h","2026-08-12 00:00:00","2026-08-12 08:00:00","5.000","10.000","5.000","10.000","0.38","2026-08-12 00:59:59","2026-08-12 08:59:59","3.25000","2","0.27","2.70000"
"all-available","Asia/Taipei","BTCUSDT","BTC-260812-64500-C","2026-08-12","64500","CALL","1h","2026-08-12 01:00:00","2026-08-12 09:00:00","10.000","10.000","10.000","10.000","1.43","2026-08-12 01:59:59","2026-08-12 09:59:59","14.30000","3","1.43","14.30000"
"all-available","Asia/Taipei","BTCUSDT","BTC-260812-64500-C","2026-08-12","64500","CALL","1h","2026-08-12 02:00:00","2026-08-12 10:00:00","10.000","10.000","5.000","5.000","6.19","2026-08-12 02:59:59","2026-08-12 10:59:59","56.45000","13","5.10","51.00000"
"all-available","Asia/Taipei","BTCUSDT","BTC-260812-64500-C","2026-08-12","64500","CALL","1h","2026-08-12 03:00:00","2026-08-12 11:00:00","5.000","5.000","5.000","5.000","0.50","2026-08-12 03:59:59","2026-08-12 11:59:59","2.50000","1","0.50","2.50000"
"all-available","Asia/Taipei","BTCUSDT","BTC-260812-64500-C","2026-08-12","64500","CALL","1h","2026-08-12 04:00:00","2026-08-12 12:00:00","5.000","5.000","5.000","5.000","1.72","2026-08-12 04:59:59","2026-08-12 12:59:59","8.60000","2","1.72","8.60000"
"all-available","Asia/Taipei","BTCUSDT","BTC-260812-64500-C","2026-08-12","64500","CALL","1h","2026-08-12 05:00:00","2026-08-12 13:00:00","5.000","5.000","5.000","5.000","0.02","2026-08-12 05:59:59","2026-08-12 13:59:59","0.10000","1","0.02","0.10000"
"all-available","Asia/Taipei","BTCUSDT","BTC-260812-64500-C","2026-08-12","64500","CALL","1h","2026-08-12 06:00:00","2026-08-12 14:00:00","5.000","5.000","5.000","5.000","150.00","2026-08-12 06:59:59","2026-08-12 14:59:59","750.00000","1","150.00","750.00000"
"all-available","Asia/Taipei","BTCUSDT","BTC-260812-64500-C","2026-08-12","64500","CALL","1h","2026-08-12 07:00:00","2026-08-12 15:00:00","5.000","5.000","5.000","5.000","0.00","2026-08-12 07:59:59","2026-08-12 15:59:59","0.00000","0","0.00","0.00000"
"all-available","Asia/Taipei","BTCUSDT","BTC-260812-64500-P","2026-08-12","64500","PUT","1h","2026-08-09 09:00:00","2026-08-09 17:00:00","445.000","445.000","440.000","440.000","0.87","2026-08-09 09:59:59","2026-08-09 17:59:59","382.90000","2","0.87","382.90000"
"all-available","Asia/Taipei","BTCUSDT","BTC-260812-64500-P","2026-08-12","64500","PUT","1h","2026-08-09 10:00:00","2026-08-09 18:00:00","380.000","380.000","380.000","380.000","0.10","2026-08-09 10:59:59","2026-08-09 18:59:59","38.00000","1","0.00","0.00000"
"all-available","Asia/Taipei","BTCUSDT","BTC-260812-64500-P","2026-08-12","64500","PUT","1h","2026-08-09 11:00:00","2026-08-09 19:00:00","375.000","375.000","375.000","375.000","1.00","2026-08-09 11:59:59","2026-08-09 19:59:59","375.00000","1","1.00","375.00000"
"all-available","Asia/Taipei","BTCUSDT","BTC-260812-64500-P","2026-08-12","64500","PUT","1h","2026-08-09 12:00:00","2026-08-09 20:00:00","375.000","375.000","375.000","375.000","0.00","2026-08-09 12:59:59","2026-08-09 20:59:59","0.00000","0","0.00","0.00000"
"all-available","Asia/Taipei","BTCUSDT","BTC-260812-64500-P","2026-08-12","64500","PUT","1h","2026-08-09 13:00:00","2026-08-09 21:00:00","300.000","300.000","300.000","300.000","0.05","2026-08-09 13:59:59","2026-08-09 21:59:59","15.00000","1","0.05","15.00000"
"all-available","Asia/Taipei","BTCUSDT","BTC-260812-64500-P","2026-08-12","64500","PUT","1h","2026-08-09 14:00:00","2026-08-09 22:00:00","300.000","300.000","300.000","300.000","0.00","2026-08-09 14:59:59","2026-08-09 22:59:59","0.00000","0","0.00","0.00000"
"all-available","Asia/Taipei","BTCUSDT","BTC-260812-64500-P","2026-08-12","64500","PUT","1h","2026-08-09 15:00:00","2026-08-09 23:00:00","295.000","295.000","295.000","295.000","0.02","2026-08-09 15:59:59","2026-08-09 23:59:59","5.90000","1","0.00","0.00000"
"all-available","Asia/Taipei","BTCUSDT","BTC-260812-64500-P","2026-08-12","64500","PUT","1h","2026-08-09 16:00:00","2026-08-10 00:00:00","315.000","315.000","285.000","285.000","0.43","2026-08-09 16:59:59","2026-08-10 00:59:59","132.45000","2","0.33","103.95000"
"all-available","Asia/Taipei","BTCUSDT","BTC-260812-64500-P","2026-08-12","64500","PUT","1h","2026-08-09 17:00:00","2026-08-10 01:00:00","285.000","285.000","285.000","285.000","0.00","2026-08-09 17:59:59","2026-08-10 01:59:59","0.00000","0","0.00","0.00000"
"all-available","Asia/Taipei","BTCUSDT","BTC-260812-64500-P","2026-08-12","64500","PUT","1h","2026-08-09 18:00:00","2026-08-10 02:00:00","285.000","285.000","285.000","285.000","0.00","2026-08-09 18:59:59","2026-08-10 02:59:59","0.00000","0","0.00","0.00000"
"all-available","Asia/Taipei","BTCUSDT","BTC-260812-64500-P","2026-08-12","64500","PUT","1h","2026-08-09 19:00:00","2026-08-10 03:00:00","300.000","310.000","300.000","310.000","5.05","2026-08-09 19:59:59","2026-08-10 03:59:59","1515.50000","2","0.05","15.50000"
"all-available","Asia/Taipei","BTCUSDT","BTC-260812-64500-P","2026-08-12","64500","PUT","1h","2026-08-09 20:00:00","2026-08-10 04:00:00","320.000","320.000","320.000","320.000","1.00","2026-08-09 20:59:59","2026-08-10 04:59:59","320.00000","1","0.00","0.00000"
"all-available","Asia/Taipei","BTCUSDT","BTC-260812-64500-P","2026-08-12","64500","PUT","1h","2026-08-09 21:00:00","2026-08-10 05:00:00","320.000","320.000","320.000","320.000","0.00","2026-08-09 21:59:59","2026-08-10 05:59:59","0.00000","0","0.00","0.00000"
"all-available","Asia/Taipei","BTCUSDT","BTC-260812-64500-P","2026-08-12","64500","PUT","1h","2026-08-09 22:00:00","2026-08-10 06:00:00","370.000","370.000","370.000","370.000","0.02","2026-08-09 22:59:59","2026-08-10 06:59:59","7.40000","1","0.02","7.40000"
"all-available","Asia/Taipei","BTCUSDT","BTC-260812-64500-P","2026-08-12","64500","PUT","1h","2026-08-09 23:00:00","2026-08-10 07:00:00","415.000","415.000","415.000","415.000","0.02","2026-08-09 23:59:59","2026-08-10 07:59:59","8.30000","1","0.00","0.00000"
"all-available","Asia/Taipei","BTCUSDT","BTC-260812-64500-P","2026-08-12","64500","PUT","1h","2026-08-10 00:00:00","2026-08-10 08:00:00","430.000","430.000","355.000","355.000","0.82","2026-08-10 00:59:59","2026-08-10 08:59:59","328.80000","4","0.47","202.10000"
"all-available","Asia/Taipei","BTCUSDT","BTC-260812-64500-P","2026-08-12","64500","PUT","1h","2026-08-10 01:00:00","2026-08-10 09:00:00","330.000","340.000","330.000","340.000","0.65","2026-08-10 01:59:59","2026-08-10 09:59:59","217.70000","4","0.00","0.00000"
"all-available","Asia/Taipei","BTCUSDT","BTC-260812-64500-P","2026-08-12","64500","PUT","1h","2026-08-10 02:00:00","2026-08-10 10:00:00","340.000","340.000","340.000","340.000","0.00","2026-08-10 02:59:59","2026-08-10 10:59:59","0.00000","0","0.00","0.00000"
"all-available","Asia/Taipei","BTCUSDT","BTC-260812-64500-P","2026-08-12","64500","PUT","1h","2026-08-10 03:00:00","2026-08-10 11:00:00","340.000","340.000","340.000","340.000","0.00","2026-08-10 03:59:59","2026-08-10 11:59:59","0.00000","0","0.00","0.00000"
"all-available","Asia/Taipei","BTCUSDT","BTC-260812-64500-P","2026-08-12","64500","PUT","1h","2026-08-10 04:00:00","2026-08-10 12:00:00","320.000","320.000","320.000","320.000","0.20","2026-08-10 04:59:59","2026-08-10 12:59:59","64.00000","1","0.20","64.00000"
"all-available","Asia/Taipei","BTCUSDT","BTC-260812-64500-P","2026-08-12","64500","PUT","1h","2026-08-10 05:00:00","2026-08-10 13:00:00","320.000","320.000","320.000","320.000","0.00","2026-08-10 05:59:59","2026-08-10 13:59:59","0.00000","0","0.00","0.00000"
"all-available","Asia/Taipei","BTCUSDT","BTC-260812-64500-P","2026-08-12","64500","PUT","1h","2026-08-10 06:00:00","2026-08-10 14:00:00","320.000","320.000","320.000","320.000","0.00","2026-08-10 06:59:59","2026-08-10 14:59:59","0.00000","0","0.00","0.00000"
"all-available","Asia/Taipei","BTCUSDT","BTC-260812-64500-P","2026-08-12","64500","PUT","1h","2026-08-10 07:00:00","2026-08-10 15:00:00","320.000","320.000","320.000","320.000","0.00","2026-08-10 07:59:59","2026-08-10 15:59:59","0.00000","0","0.00","0.00000"
"all-available","Asia/Taipei","BTCUSDT","BTC-260812-64500-P","2026-08-12","64500","PUT","1h","2026-08-10 08:00:00","2026-08-10 16:00:00","215.000","215.000","195.000","195.000","1.62","2026-08-10 08:59:59","2026-08-10 16:59:59","322.00000","4","0.06","12.80000"
"all-available","Asia/Taipei","BTCUSDT","BTC-260812-64500-P","2026-08-12","64500","PUT","1h","2026-08-10 09:00:00","2026-08-10 17:00:00","210.000","265.000","210.000","265.000","0.48","2026-08-10 09:59:59","2026-08-10 17:59:59","111.15000","3","0.29","60.90000"
"all-available","Asia/Taipei","BTCUSDT","BTC-260812-64500-P","2026-08-12","64500","PUT","1h","2026-08-10 10:00:00","2026-08-10 18:00:00","240.000","245.000","240.000","245.000","0.12","2026-08-10 10:59:59","2026-08-10 18:59:59","29.30000","2","0.02","4.80000"
"all-available","Asia/Taipei","BTCUSDT","BTC-260812-64500-P","2026-08-12","64500","PUT","1h","2026-08-10 11:00:00","2026-08-10 19:00:00","245.000","245.000","205.000","205.000","1.02","2026-08-10 11:59:59","2026-08-10 19:59:59","230.00000","8","0.00","0.00000"
"all-available","Asia/Taipei","BTCUSDT","BTC-260812-64500-P","2026-08-12","64500","PUT","1h","2026-08-10 12:00:00","2026-08-10 20:00:00","180.000","270.000","180.000","270.000","11.74","2026-08-10 12:59:59","2026-08-10 20:59:59","2650.45000","18","5.12","1382.20000"
"all-available","Asia/Taipei","BTCUSDT","BTC-260812-64500-P","2026-08-12","64500","PUT","1h","2026-08-10 13:00:00","2026-08-10 21:00:00","260.000","430.000","255.000","425.000","7.20","2026-08-10 13:59:59","2026-08-10 21:59:59","2327.50000","26","6.39","2114.60000"
"all-available","Asia/Taipei","BTCUSDT","BTC-260812-64500-P","2026-08-12","64500","PUT","1h","2026-08-10 14:00:00","2026-08-10 22:00:00","405.000","405.000","265.000","265.000","2.53","2026-08-10 14:59:59","2026-08-10 22:59:59","795.40000","16","0.11","38.50000"
"all-available","Asia/Taipei","BTCUSDT","BTC-260812-64500-P","2026-08-12","64500","PUT","1h","2026-08-10 15:00:00","2026-08-10 23:00:00","405.000","525.000","405.000","525.000","1.70","2026-08-10 15:59:59","2026-08-10 23:59:59","829.45000","10","1.59","771.70000"
"all-available","Asia/Taipei","BTCUSDT","BTC-260812-64500-P","2026-08-12","64500","PUT","1h","2026-08-10 16:00:00","2026-08-11 00:00:00","535.000","840.000","535.000","830.000","1.74","2026-08-10 16:59:59","2026-08-11 00:59:59","1167.20000","17","0.63","357.40000"
"all-available","Asia/Taipei","BTCUSDT","BTC-260812-64500-P","2026-08-12","64500","PUT","1h","2026-08-10 17:00:00","2026-08-11 01:00:00","785.000","830.000","745.000","745.000","0.41","2026-08-10 17:59:59","2026-08-11 01:59:59","321.95000","6","0.20","151.50000"
"all-available","Asia/Taipei","BTCUSDT","BTC-260812-64500-P","2026-08-12","64500","PUT","1h","2026-08-10 18:00:00","2026-08-11 02:00:00","700.000","700.000","700.000","700.000","0.85","2026-08-10 18:59:59","2026-08-11 02:59:59","595.00000","1","0.00","0.00000"
"all-available","Asia/Taipei","BTCUSDT","BTC-260812-64500-P","2026-08-12","64500","PUT","1h","2026-08-10 19:00:00","2026-08-11 03:00:00","675.000","675.000","675.000","675.000","0.11","2026-08-10 19:59:59","2026-08-11 03:59:59","74.25000","1","0.00","0.00000"
"all-available","Asia/Taipei","BTCUSDT","BTC-260812-64500-P","2026-08-12","64500","PUT","1h","2026-08-10 20:00:00","2026-08-11 04:00:00","675.000","675.000","675.000","675.000","0.00","2026-08-10 20:59:59","2026-08-11 04:59:59","0.00000","0","0.00","0.00000"
"all-available","Asia/Taipei","BTCUSDT","BTC-260812-64500-P","2026-08-12","64500","PUT","1h","2026-08-10 21:00:00","2026-08-11 05:00:00","675.000","675.000","675.000","675.000","0.00","2026-08-10 21:59:59","2026-08-11 05:59:59","0.00000","0","0.00","0.00000"
"all-available","Asia/Taipei","BTCUSDT","BTC-260812-64500-P","2026-08-12","64500","PUT","1h","2026-08-10 22:00:00","2026-08-11 06:00:00","675.000","675.000","675.000","675.000","0.00","2026-08-10 22:59:59","2026-08-11 06:59:59","0.00000","0","0.00","0.00000"
"all-available","Asia/Taipei","BTCUSDT","BTC-260812-64500-P","2026-08-12","64500","PUT","1h","2026-08-10 23:00:00","2026-08-11 07:00:00","655.000","655.000","655.000","655.000","0.60","2026-08-10 23:59:59","2026-08-11 07:59:59","393.00000","1","0.00","0.00000"
"all-available","Asia/Taipei","BTCUSDT","BTC-260812-64500-P","2026-08-12","64500","PUT","1h","2026-08-11 00:00:00","2026-08-11 08:00:00","655.000","655.000","655.000","655.000","0.00","2026-08-11 00:59:59","2026-08-11 08:59:59","0.00000","0","0.00","0.00000"
"all-available","Asia/Taipei","BTCUSDT","BTC-260812-64500-P","2026-08-12","64500","PUT","1h","2026-08-11 01:00:00","2026-08-11 09:00:00","655.000","655.000","655.000","655.000","0.00","2026-08-11 01:59:59","2026-08-11 09:59:59","0.00000","0","0.00","0.00000"
"all-available","Asia/Taipei","BTCUSDT","BTC-260812-64500-P","2026-08-12","64500","PUT","1h","2026-08-11 02:00:00","2026-08-11 10:00:00","655.000","655.000","655.000","655.000","0.00","2026-08-11 02:59:59","2026-08-11 10:59:59","0.00000","0","0.00","0.00000"
"all-available","Asia/Taipei","BTCUSDT","BTC-260812-64500-P","2026-08-12","64500","PUT","1h","2026-08-11 03:00:00","2026-08-11 11:00:00","655.000","655.000","655.000","655.000","0.00","2026-08-11 03:59:59","2026-08-11 11:59:59","0.00000","0","0.00","0.00000"
"all-available","Asia/Taipei","BTCUSDT","BTC-260812-64500-P","2026-08-12","64500","PUT","1h","2026-08-11 04:00:00","2026-08-11 12:00:00","655.000","655.000","655.000","655.000","0.00","2026-08-11 04:59:59","2026-08-11 12:59:59","0.00000","0","0.00","0.00000"
"all-available","Asia/Taipei","BTCUSDT","BTC-260812-64500-P","2026-08-12","64500","PUT","1h","2026-08-11 05:00:00","2026-08-11 13:00:00","655.000","655.000","655.000","655.000","0.00","2026-08-11 05:59:59","2026-08-11 13:59:59","0.00000","0","0.00","0.00000"
"all-available","Asia/Taipei","BTCUSDT","BTC-260812-64500-P","2026-08-12","64500","PUT","1h","2026-08-11 06:00:00","2026-08-11 14:00:00","650.000","650.000","650.000","650.000","0.01","2026-08-11 06:59:59","2026-08-11 14:59:59","6.50000","1","0.01","6.50000"
"all-available","Asia/Taipei","BTCUSDT","BTC-260812-64500-P","2026-08-12","64500","PUT","1h","2026-08-11 07:00:00","2026-08-11 15:00:00","650.000","650.000","550.000","550.000","0.52","2026-08-11 07:59:59","2026-08-11 15:59:59","288.00000","2","0.00","0.00000"
"all-available","Asia/Taipei","BTCUSDT","BTC-260812-64500-P","2026-08-12","64500","PUT","1h","2026-08-11 08:00:00","2026-08-11 16:00:00","510.000","510.000","480.000","480.000","4.01","2026-08-11 08:59:59","2026-08-11 16:59:59","1925.10000","3","0.00","0.00000"
"all-available","Asia/Taipei","BTCUSDT","BTC-260812-64500-P","2026-08-12","64500","PUT","1h","2026-08-11 09:00:00","2026-08-11 17:00:00","405.000","405.000","405.000","405.000","1.00","2026-08-11 09:59:59","2026-08-11 17:59:59","405.00000","9","0.90","364.50000"
"all-available","Asia/Taipei","BTCUSDT","BTC-260812-64500-P","2026-08-12","64500","PUT","1h","2026-08-11 10:00:00","2026-08-11 18:00:00","410.000","410.000","390.000","390.000","0.75","2026-08-11 10:59:59","2026-08-11 18:59:59","297.50000","11","0.25","102.50000"
"all-available","Asia/Taipei","BTCUSDT","BTC-260812-64500-P","2026-08-12","64500","PUT","1h","2026-08-11 11:00:00","2026-08-11 19:00:00","340.000","345.000","325.000","325.000","5.11","2026-08-11 11:59:59","2026-08-11 19:59:59","1731.40000","9","0.75","247.50000"
"all-available","Asia/Taipei","BTCUSDT","BTC-260812-64500-P","2026-08-12","64500","PUT","1h","2026-08-11 12:00:00","2026-08-11 20:00:00","310.000","370.000","270.000","350.000","2.37","2026-08-11 12:59:59","2026-08-11 20:59:59","750.25000","22","1.87","595.25000"
"all-available","Asia/Taipei","BTCUSDT","BTC-260812-64500-P","2026-08-12","64500","PUT","1h","2026-08-11 13:00:00","2026-08-11 21:00:00","345.000","375.000","340.000","375.000","2.04","2026-08-11 13:59:59","2026-08-11 21:59:59","704.65000","4","0.04","14.65000"
"all-available","Asia/Taipei","BTCUSDT","BTC-260812-64500-P","2026-08-12","64500","PUT","1h","2026-08-11 14:00:00","2026-08-11 22:00:00","420.000","800.000","420.000","800.000","2.85","2026-08-11 14:59:59","2026-08-11 22:59:59","1701.45000","21","2.84","1697.25000"
"all-available","Asia/Taipei","BTCUSDT","BTC-260812-64500-P","2026-08-12","64500","PUT","1h","2026-08-11 15:00:00","2026-08-11 23:00:00","720.000","1050.000","680.000","1000.000","1.53","2026-08-11 15:59:59","2026-08-11 23:59:59","1398.95000","16","1.53","1398.95000"
"all-available","Asia/Taipei","BTCUSDT","BTC-260812-64500-P","2026-08-12","64500","PUT","1h","2026-08-11 16:00:00","2026-08-12 00:00:00","1000.000","1000.000","950.000","950.000","0.19","2026-08-11 16:59:59","2026-08-12 00:59:59","189.00000","2","0.19","189.00000"
"all-available","Asia/Taipei","BTCUSDT","BTC-260812-64500-P","2026-08-12","64500","PUT","1h","2026-08-11 17:00:00","2026-08-12 01:00:00","950.000","950.000","950.000","950.000","0.00","2026-08-11 17:59:59","2026-08-12 01:59:59","0.00000","0","0.00","0.00000"
"all-available","Asia/Taipei","BTCUSDT","BTC-260812-64500-P","2026-08-12","64500","PUT","1h","2026-08-11 18:00:00","2026-08-12 02:00:00","1040.000","1200.000","1040.000","1150.000","0.18","2026-08-11 18:59:59","2026-08-12 02:59:59","211.80000","4","0.18","211.80000"
"all-available","Asia/Taipei","BTCUSDT","BTC-260812-64500-P","2026-08-12","64500","PUT","1h","2026-08-11 19:00:00","2026-08-12 03:00:00","1150.000","1150.000","1150.000","1150.000","0.00","2026-08-11 19:59:59","2026-08-12 03:59:59","0.00000","0","0.00","0.00000"
"all-available","Asia/Taipei","BTCUSDT","BTC-260812-64500-P","2026-08-12","64500","PUT","1h","2026-08-11 20:00:00","2026-08-12 04:00:00","795.000","795.000","795.000","795.000","0.20","2026-08-11 20:59:59","2026-08-12 04:59:59","159.00000","1","0.20","159.00000"
"all-available","Asia/Taipei","BTCUSDT","BTC-260812-64500-P","2026-08-12","64500","PUT","1h","2026-08-11 21:00:00","2026-08-12 05:00:00","795.000","795.000","795.000","795.000","0.00","2026-08-11 21:59:59","2026-08-12 05:59:59","0.00000","0","0.00","0.00000"
"all-available","Asia/Taipei","BTCUSDT","BTC-260812-64500-P","2026-08-12","64500","PUT","1h","2026-08-11 22:00:00","2026-08-12 06:00:00","795.000","795.000","795.000","795.000","0.00","2026-08-11 22:59:59","2026-08-12 06:59:59","0.00000","0","0.00","0.00000"
"all-available","Asia/Taipei","BTCUSDT","BTC-260812-64500-P","2026-08-12","64500","PUT","1h","2026-08-11 23:00:00","2026-08-12 07:00:00","795.000","795.000","795.000","795.000","0.00","2026-08-11 23:59:59","2026-08-12 07:59:59","0.00000","0","0.00","0.00000"
"all-available","Asia/Taipei","BTCUSDT","BTC-260812-64500-P","2026-08-12","64500","PUT","1h","2026-08-12 00:00:00","2026-08-12 08:00:00","795.000","795.000","795.000","795.000","0.00","2026-08-12 00:59:59","2026-08-12 08:59:59","0.00000","0","0.00","0.00000"
"all-available","Asia/Taipei","BTCUSDT","BTC-260812-64500-P","2026-08-12","64500","PUT","1h","2026-08-12 01:00:00","2026-08-12 09:00:00","795.000","795.000","795.000","795.000","0.00","2026-08-12 01:59:59","2026-08-12 09:59:59","0.00000","0","0.00","0.00000"
"all-available","Asia/Taipei","BTCUSDT","BTC-260812-64500-P","2026-08-12","64500","PUT","1h","2026-08-12 02:00:00","2026-08-12 10:00:00","795.000","795.000","795.000","795.000","0.00","2026-08-12 02:59:59","2026-08-12 10:59:59","0.00000","0","0.00","0.00000"
"all-available","Asia/Taipei","BTCUSDT","BTC-260812-64500-P","2026-08-12","64500","PUT","1h","2026-08-12 03:00:00","2026-08-12 11:00:00","795.000","795.000","795.000","795.000","0.00","2026-08-12 03:59:59","2026-08-12 11:59:59","0.00000","0","0.00","0.00000"
"all-available","Asia/Taipei","BTCUSDT","BTC-260812-64500-P","2026-08-12","64500","PUT","1h","2026-08-12 04:00:00","2026-08-12 12:00:00","715.000","715.000","715.000","715.000","0.01","2026-08-12 04:59:59","2026-08-12 12:59:59","7.15000","1","0.00","0.00000"
"all-available","Asia/Taipei","BTCUSDT","BTC-260812-64500-P","2026-08-12","64500","PUT","1h","2026-08-12 05:00:00","2026-08-12 13:00:00","715.000","715.000","715.000","715.000","0.00","2026-08-12 05:59:59","2026-08-12 13:59:59","0.00000","0","0.00","0.00000"
"all-available","Asia/Taipei","BTCUSDT","BTC-260812-64500-P","2026-08-12","64500","PUT","1h","2026-08-12 06:00:00","2026-08-12 14:00:00","715.000","715.000","715.000","715.000","0.00","2026-08-12 06:59:59","2026-08-12 14:59:59","0.00000","0","0.00","0.00000"
"all-available","Asia/Taipei","BTCUSDT","BTC-260812-64500-P","2026-08-12","64500","PUT","1h","2026-08-12 07:00:00","2026-08-12 15:00:00","715.000","715.000","715.000","715.000","0.00","2026-08-12 07:59:59","2026-08-12 15:59:59","0.00000","0","0.00","0.00000"
"all-available","Asia/Taipei","BTCUSDT","BTC-260812-65000-C","2026-08-12","65000","CALL","1h","2026-08-09 11:00:00","2026-08-09 19:00:00","560.000","560.000","560.000","560.000","0.01","2026-08-09 11:59:59","2026-08-09 19:59:59","5.60000","1","0.00","0.00000"
"all-available","Asia/Taipei","BTCUSDT","BTC-260812-65000-C","2026-08-12","65000","CALL","1h","2026-08-09 12:00:00","2026-08-09 20:00:00","555.000","555.000","555.000","555.000","0.12","2026-08-09 12:59:59","2026-08-09 20:59:59","66.60000","1","0.12","66.60000"
"all-available","Asia/Taipei","BTCUSDT","BTC-260812-65000-C","2026-08-12","65000","CALL","1h","2026-08-09 13:00:00","2026-08-09 21:00:00","700.000","700.000","700.000","700.000","0.03","2026-08-09 13:59:59","2026-08-09 21:59:59","21.00000","1","0.03","21.00000"
"all-available","Asia/Taipei","BTCUSDT","BTC-260812-65000-C","2026-08-12","65000","CALL","1h","2026-08-09 14:00:00","2026-08-09 22:00:00","680.000","680.000","680.000","680.000","0.15","2026-08-09 14:59:59","2026-08-09 22:59:59","102.00000","7","0.12","81.60000"
"all-available","Asia/Taipei","BTCUSDT","BTC-260812-65000-C","2026-08-12","65000","CALL","1h","2026-08-09 15:00:00","2026-08-09 23:00:00","715.000","715.000","715.000","715.000","0.45","2026-08-09 15:59:59","2026-08-09 23:59:59","321.75000","1","0.45","321.75000"
"all-available","Asia/Taipei","BTCUSDT","BTC-260812-65000-C","2026-08-12","65000","CALL","1h","2026-08-09 16:00:00","2026-08-10 00:00:00","715.000","715.000","715.000","715.000","0.00","2026-08-09 16:59:59","2026-08-10 00:59:59","0.00000","0","0.00","0.00000"
"all-available","Asia/Taipei","BTCUSDT","BTC-260812-65000-C","2026-08-12","65000","CALL","1h","2026-08-09 17:00:00","2026-08-10 01:00:00","715.000","715.000","715.000","715.000","0.00","2026-08-09 17:59:59","2026-08-10 01:59:59","0.00000","0","0.00","0.00000"
"all-available","Asia/Taipei","BTCUSDT","BTC-260812-65000-C","2026-08-12","65000","CALL","1h","2026-08-09 18:00:00","2026-08-10 02:00:00","715.000","715.000","715.000","715.000","0.00","2026-08-09 18:59:59","2026-08-10 02:59:59","0.00000","0","0.00","0.00000"
"all-available","Asia/Taipei","BTCUSDT","BTC-260812-65000-C","2026-08-12","65000","CALL","1h","2026-08-09 19:00:00","2026-08-10 03:00:00","715.000","715.000","715.000","715.000","0.00","2026-08-09 19:59:59","2026-08-10 03:59:59","0.00000","0","0.00","0.00000"
"all-available","Asia/Taipei","BTCUSDT","BTC-260812-65000-C","2026-08-12","65000","CALL","1h","2026-08-09 20:00:00","2026-08-10 04:00:00","675.000","675.000","630.000","630.000","0.44","2026-08-09 20:59:59","2026-08-10 04:59:59","287.10000","4","0.00","0.00000"
"all-available","Asia/Taipei","BTCUSDT","BTC-260812-65000-C","2026-08-12","65000","CALL","1h","2026-08-09 21:00:00","2026-08-10 05:00:00","630.000","630.000","630.000","630.000","0.00","2026-08-09 21:59:59","2026-08-10 05:59:59","0.00000","0","0.00","0.00000"
"all-available","Asia/Taipei","BTCUSDT","BTC-260812-65000-C","2026-08-12","65000","CALL","1h","2026-08-09 22:00:00","2026-08-10 06:00:00","630.000","630.000","630.000","630.000","0.00","2026-08-09 22:59:59","2026-08-10 06:59:59","0.00000","0","0.00","0.00000"
"all-available","Asia/Taipei","BTCUSDT","BTC-260812-65000-C","2026-08-12","65000","CALL","1h","2026-08-09 23:00:00","2026-08-10 07:00:00","630.000","630.000","630.000","630.000","0.00","2026-08-09 23:59:59","2026-08-10 07:59:59","0.00000","0","0.00","0.00000"
"all-available","Asia/Taipei","BTCUSDT","BTC-260812-65000-C","2026-08-12","65000","CALL","1h","2026-08-10 00:00:00","2026-08-10 08:00:00","630.000","630.000","630.000","630.000","0.00","2026-08-10 00:59:59","2026-08-10 08:59:59","0.00000","0","0.00","0.00000"
"all-available","Asia/Taipei","BTCUSDT","BTC-260812-65000-C","2026-08-12","65000","CALL","1h","2026-08-10 01:00:00","2026-08-10 09:00:00","550.000","550.000","550.000","550.000","0.02","2026-08-10 01:59:59","2026-08-10 09:59:59","11.00000","1","0.00","0.00000"
"all-available","Asia/Taipei","BTCUSDT","BTC-260812-65000-C","2026-08-12","65000","CALL","1h","2026-08-10 02:00:00","2026-08-10 10:00:00","550.000","550.000","550.000","550.000","0.00","2026-08-10 02:59:59","2026-08-10 10:59:59","0.00000","0","0.00","0.00000"
"all-available","Asia/Taipei","BTCUSDT","BTC-260812-65000-C","2026-08-12","65000","CALL","1h","2026-08-10 03:00:00","2026-08-10 11:00:00","550.000","550.000","550.000","550.000","0.00","2026-08-10 03:59:59","2026-08-10 11:59:59","0.00000","0","0.00","0.00000"
"all-available","Asia/Taipei","BTCUSDT","BTC-260812-65000-C","2026-08-12","65000","CALL","1h","2026-08-10 04:00:00","2026-08-10 12:00:00","550.000","550.000","550.000","550.000","0.00","2026-08-10 04:59:59","2026-08-10 12:59:59","0.00000","0","0.00","0.00000"
"all-available","Asia/Taipei","BTCUSDT","BTC-260812-65000-C","2026-08-12","65000","CALL","1h","2026-08-10 05:00:00","2026-08-10 13:00:00","550.000","550.000","550.000","550.000","0.00","2026-08-10 05:59:59","2026-08-10 13:59:59","0.00000","0","0.00","0.00000"
"all-available","Asia/Taipei","BTCUSDT","BTC-260812-65000-C","2026-08-12","65000","CALL","1h","2026-08-10 06:00:00","2026-08-10 14:00:00","550.000","550.000","550.000","550.000","0.00","2026-08-10 06:59:59","2026-08-10 14:59:59","0.00000","0","0.00","0.00000"
"all-available","Asia/Taipei","BTCUSDT","BTC-260812-65000-C","2026-08-12","65000","CALL","1h","2026-08-10 07:00:00","2026-08-10 15:00:00","625.000","625.000","625.000","625.000","3.00","2026-08-10 07:59:59","2026-08-10 15:59:59","1875.00000","1","3.00","1875.00000"
"all-available","Asia/Taipei","BTCUSDT","BTC-260812-65000-C","2026-08-12","65000","CALL","1h","2026-08-10 08:00:00","2026-08-10 16:00:00","670.000","670.000","615.000","615.000","4.17","2026-08-10 08:59:59","2026-08-10 16:59:59","2785.35000","3","4.00","2680.00000"
"all-available","Asia/Taipei","BTCUSDT","BTC-260812-65000-C","2026-08-12","65000","CALL","1h","2026-08-10 09:00:00","2026-08-10 17:00:00","600.000","600.000","465.000","465.000","0.12","2026-08-10 09:59:59","2026-08-10 17:59:59","62.55000","2","0.05","30.00000"
"all-available","Asia/Taipei","BTCUSDT","BTC-260812-65000-C","2026-08-12","65000","CALL","1h","2026-08-10 10:00:00","2026-08-10 18:00:00","485.000","485.000","485.000","485.000","0.02","2026-08-10 10:59:59","2026-08-10 18:59:59","9.70000","1","0.02","9.70000"
"all-available","Asia/Taipei","BTCUSDT","BTC-260812-65000-C","2026-08-12","65000","CALL","1h","2026-08-10 11:00:00","2026-08-10 19:00:00","485.000","485.000","485.000","485.000","0.00","2026-08-10 11:59:59","2026-08-10 19:59:59","0.00000","0","0.00","0.00000"
"all-available","Asia/Taipei","BTCUSDT","BTC-260812-65000-C","2026-08-12","65000","CALL","1h","2026-08-10 12:00:00","2026-08-10 20:00:00","460.000","460.000","405.000","405.000","4.06","2026-08-10 12:59:59","2026-08-10 20:59:59","1647.60000","2","4.06","1647.60000"
"all-available","Asia/Taipei","BTCUSDT","BTC-260812-65000-C","2026-08-12","65000","CALL","1h","2026-08-10 13:00:00","2026-08-10 21:00:00","385.000","415.000","255.000","255.000","0.30","2026-08-10 13:59:59","2026-08-10 21:59:59","95.45000","8","0.00","0.00000"
"all-available","Asia/Taipei","BTCUSDT","BTC-260812-65000-C","2026-08-12","65000","CALL","1h","2026-08-10 14:00:00","2026-08-10 22:00:00","295.000","335.000","295.000","310.000","5.56","2026-08-10 14:59:59","2026-08-10 22:59:59","1755.55000","7","5.09","1603.35000"
"all-available","Asia/Taipei","BTCUSDT","BTC-260812-65000-C","2026-08-12","65000","CALL","1h","2026-08-10 15:00:00","2026-08-10 23:00:00","280.000","285.000","155.000","155.000","82.71","2026-08-10 15:59:59","2026-08-10 23:59:59","20777.05000","39","2.49","554.05000"
"all-available","Asia/Taipei","BTCUSDT","BTC-260812-65000-C","2026-08-12","65000","CALL","1h","2026-08-10 16:00:00","2026-08-11 00:00:00","160.000","160.000","105.000","105.000","39.14","2026-08-10 16:59:59","2026-08-11 00:59:59","5015.40000","14","21.00","3043.75000"
"all-available","Asia/Taipei","BTCUSDT","BTC-260812-65000-C","2026-08-12","65000","CALL","1h","2026-08-10 17:00:00","2026-08-11 01:00:00","110.000","120.000","110.000","115.000","15.89","2026-08-10 17:59:59","2026-08-11 01:59:59","1831.85000","8","15.89","1831.85000"
"all-available","Asia/Taipei","BTCUSDT","BTC-260812-65000-C","2026-08-12","65000","CALL","1h","2026-08-10 18:00:00","2026-08-11 02:00:00","115.000","115.000","105.000","105.000","3.35","2026-08-10 18:59:59","2026-08-11 02:59:59","356.75000","2","0.50","57.50000"
"all-available","Asia/Taipei","BTCUSDT","BTC-260812-65000-C","2026-08-12","65000","CALL","1h","2026-08-10 19:00:00","2026-08-11 03:00:00","100.000","120.000","100.000","120.000","0.05","2026-08-10 19:59:59","2026-08-11 03:59:59","5.60000","3","0.05","5.60000"
"all-available","Asia/Taipei","BTCUSDT","BTC-260812-65000-C","2026-08-12","65000","CALL","1h","2026-08-10 20:00:00","2026-08-11 04:00:00","120.000","120.000","120.000","120.000","0.00","2026-08-10 20:59:59","2026-08-11 04:59:59","0.00000","0","0.00","0.00000"
"all-available","Asia/Taipei","BTCUSDT","BTC-260812-65000-C","2026-08-12","65000","CALL","1h","2026-08-10 21:00:00","2026-08-11 05:00:00","120.000","120.000","120.000","120.000","0.00","2026-08-10 21:59:59","2026-08-11 05:59:59","0.00000","0","0.00","0.00000"
"all-available","Asia/Taipei","BTCUSDT","BTC-260812-65000-C","2026-08-12","65000","CALL","1h","2026-08-10 22:00:00","2026-08-11 06:00:00","120.000","120.000","120.000","120.000","0.00","2026-08-10 22:59:59","2026-08-11 06:59:59","0.00000","0","0.00","0.00000"
"all-available","Asia/Taipei","BTCUSDT","BTC-260812-65000-C","2026-08-12","65000","CALL","1h","2026-08-10 23:00:00","2026-08-11 07:00:00","120.000","120.000","120.000","120.000","0.00","2026-08-10 23:59:59","2026-08-11 07:59:59","0.00000","0","0.00","0.00000"
"all-available","Asia/Taipei","BTCUSDT","BTC-260812-65000-C","2026-08-12","65000","CALL","1h","2026-08-11 00:00:00","2026-08-11 08:00:00","120.000","120.000","120.000","120.000","0.00","2026-08-11 00:59:59","2026-08-11 08:59:59","0.00000","0","0.00","0.00000"
"all-available","Asia/Taipei","BTCUSDT","BTC-260812-65000-C","2026-08-12","65000","CALL","1h","2026-08-11 01:00:00","2026-08-11 09:00:00","75.000","75.000","75.000","75.000","81.24","2026-08-11 01:59:59","2026-08-11 09:59:59","6093.00000","19","81.24","6093.00000"
"all-available","Asia/Taipei","BTCUSDT","BTC-260812-65000-C","2026-08-12","65000","CALL","1h","2026-08-11 02:00:00","2026-08-11 10:00:00","65.000","65.000","65.000","65.000","0.50","2026-08-11 02:59:59","2026-08-11 10:59:59","32.50000","2","0.50","32.50000"
"all-available","Asia/Taipei","BTCUSDT","BTC-260812-65000-C","2026-08-12","65000","CALL","1h","2026-08-11 03:00:00","2026-08-11 11:00:00","65.000","65.000","65.000","65.000","0.00","2026-08-11 03:59:59","2026-08-11 11:59:59","0.00000","0","0.00","0.00000"
"all-available","Asia/Taipei","BTCUSDT","BTC-260812-65000-C","2026-08-12","65000","CALL","1h","2026-08-11 04:00:00","2026-08-11 12:00:00","70.000","70.000","70.000","70.000","0.06","2026-08-11 04:59:59","2026-08-11 12:59:59","4.20000","1","0.06","4.20000"
"all-available","Asia/Taipei","BTCUSDT","BTC-260812-65000-C","2026-08-12","65000","CALL","1h","2026-08-11 05:00:00","2026-08-11 13:00:00","60.000","60.000","55.000","55.000","0.30","2026-08-11 05:59:59","2026-08-11 13:59:59","17.00000","3","0.30","17.00000"
"all-available","Asia/Taipei","BTCUSDT","BTC-260812-65000-C","2026-08-12","65000","CALL","1h","2026-08-11 06:00:00","2026-08-11 14:00:00","50.000","50.000","45.000","45.000","0.82","2026-08-11 06:59:59","2026-08-11 14:59:59","39.00000","7","0.52","25.50000"
"all-available","Asia/Taipei","BTCUSDT","BTC-260812-65000-C","2026-08-12","65000","CALL","1h","2026-08-11 07:00:00","2026-08-11 15:00:00","45.000","50.000","40.000","45.000","11.05","2026-08-11 07:59:59","2026-08-11 15:59:59","497.75000","13","10.34","465.30000"
"all-available","Asia/Taipei","BTCUSDT","BTC-260812-65000-C","2026-08-12","65000","CALL","1h","2026-08-11 08:00:00","2026-08-11 16:00:00","50.000","50.000","35.000","35.000","34.84","2026-08-11 08:59:59","2026-08-11 16:59:59","1511.05000","60","13.04","589.75000"
"all-available","Asia/Taipei","BTCUSDT","BTC-260812-65000-C","2026-08-12","65000","CALL","1h","2026-08-11 09:00:00","2026-08-11 17:00:00","40.000","60.000","35.000","60.000","19.78","2026-08-11 09:59:59","2026-08-11 17:59:59","917.05000","50","18.75","873.15000"
"all-available","Asia/Taipei","BTCUSDT","BTC-260812-65000-C","2026-08-12","65000","CALL","1h","2026-08-11 10:00:00","2026-08-11 18:00:00","60.000","60.000","45.000","45.000","9.62","2026-08-11 10:59:59","2026-08-11 18:59:59","547.70000","22","9.44","539.60000"
"all-available","Asia/Taipei","BTCUSDT","BTC-260812-65000-C","2026-08-12","65000","CALL","1h","2026-08-11 11:00:00","2026-08-11 19:00:00","65.000","70.000","60.000","70.000","9.51","2026-08-11 11:59:59","2026-08-11 19:59:59","625.50000","11","8.21","547.50000"
"all-available","Asia/Taipei","BTCUSDT","BTC-260812-65000-C","2026-08-12","65000","CALL","1h","2026-08-11 12:00:00","2026-08-11 20:00:00","70.000","80.000","60.000","65.000","7.58","2026-08-11 12:59:59","2026-08-11 20:59:59","491.55000","9","2.00","140.00000"
"all-available","Asia/Taipei","BTCUSDT","BTC-260812-65000-C","2026-08-12","65000","CALL","1h","2026-08-11 13:00:00","2026-08-11 21:00:00","60.000","65.000","40.000","60.000","51.04","2026-08-11 13:59:59","2026-08-11 21:59:59","3220.10000","34","43.24","2783.20000"
"all-available","Asia/Taipei","BTCUSDT","BTC-260812-65000-C","2026-08-12","65000","CALL","1h","2026-08-11 14:00:00","2026-08-11 22:00:00","55.000","55.000","15.000","15.000","240.44","2026-08-11 14:59:59","2026-08-11 22:59:59","8383.95000","128","12.58","390.70000"
"all-available","Asia/Taipei","BTCUSDT","BTC-260812-65000-C","2026-08-12","65000","CALL","1h","2026-08-11 15:00:00","2026-08-11 23:00:00","20.000","25.000","15.000","15.000","14.26","2026-08-11 15:59:59","2026-08-11 23:59:59","284.70000","21","4.94","113.90000"
"all-available","Asia/Taipei","BTCUSDT","BTC-260812-65000-C","2026-08-12","65000","CALL","1h","2026-08-11 16:00:00","2026-08-12 00:00:00","10.000","10.000","10.000","10.000","1.72","2026-08-11 16:59:59","2026-08-12 00:59:59","17.20000","4","0.00","0.00000"
"all-available","Asia/Taipei","BTCUSDT","BTC-260812-65000-C","2026-08-12","65000","CALL","1h","2026-08-11 17:00:00","2026-08-12 01:00:00","10.000","10.000","10.000","10.000","1.07","2026-08-11 17:59:59","2026-08-12 01:59:59","10.70000","6","0.00","0.00000"
"all-available","Asia/Taipei","BTCUSDT","BTC-260812-65000-C","2026-08-12","65000","CALL","1h","2026-08-11 18:00:00","2026-08-12 02:00:00","10.000","10.000","5.000","10.000","36.57","2026-08-11 18:59:59","2026-08-12 02:59:59","337.85000","20","31.00","310.00000"
"all-available","Asia/Taipei","BTCUSDT","BTC-260812-65000-C","2026-08-12","65000","CALL","1h","2026-08-11 19:00:00","2026-08-12 03:00:00","10.000","10.000","5.000","5.000","1.02","2026-08-11 19:59:59","2026-08-12 03:59:59","10.10000","2","1.00","10.00000"
"all-available","Asia/Taipei","BTCUSDT","BTC-260812-65000-C","2026-08-12","65000","CALL","1h","2026-08-11 20:00:00","2026-08-12 04:00:00","10.000","10.000","10.000","10.000","0.01","2026-08-11 20:59:59","2026-08-12 04:59:59","0.10000","1","0.01","0.10000"
"all-available","Asia/Taipei","BTCUSDT","BTC-260812-65000-C","2026-08-12","65000","CALL","1h","2026-08-11 21:00:00","2026-08-12 05:00:00","5.000","5.000","5.000","5.000","0.01","2026-08-11 21:59:59","2026-08-12 05:59:59","0.05000","1","0.00","0.00000"
"all-available","Asia/Taipei","BTCUSDT","BTC-260812-65000-C","2026-08-12","65000","CALL","1h","2026-08-11 22:00:00","2026-08-12 06:00:00","5.000","5.000","5.000","5.000","0.00","2026-08-11 22:59:59","2026-08-12 06:59:59","0.00000","0","0.00","0.00000"
"all-available","Asia/Taipei","BTCUSDT","BTC-260812-65000-C","2026-08-12","65000","CALL","1h","2026-08-11 23:00:00","2026-08-12 07:00:00","5.000","5.000","5.000","5.000","85.82","2026-08-11 23:59:59","2026-08-12 07:59:59","429.10000","13","0.00","0.00000"
"all-available","Asia/Taipei","BTCUSDT","BTC-260812-65000-C","2026-08-12","65000","CALL","1h","2026-08-12 00:00:00","2026-08-12 08:00:00","5.000","5.000","5.000","5.000","0.15","2026-08-12 00:59:59","2026-08-12 08:59:59","0.75000","3","0.15","0.75000"
"all-available","Asia/Taipei","BTCUSDT","BTC-260812-65000-C","2026-08-12","65000","CALL","1h","2026-08-12 01:00:00","2026-08-12 09:00:00","5.000","5.000","5.000","5.000","0.06","2026-08-12 01:59:59","2026-08-12 09:59:59","0.30000","1","0.06","0.30000"
"all-available","Asia/Taipei","BTCUSDT","BTC-260812-65000-C","2026-08-12","65000","CALL","1h","2026-08-12 02:00:00","2026-08-12 10:00:00","5.000","5.000","5.000","5.000","1.00","2026-08-12 02:59:59","2026-08-12 10:59:59","5.00000","1","1.00","5.00000"
"all-available","Asia/Taipei","BTCUSDT","BTC-260812-65000-C","2026-08-12","65000","CALL","1h","2026-08-12 03:00:00","2026-08-12 11:00:00","5.000","5.000","5.000","5.000","0.00","2026-08-12 03:59:59","2026-08-12 11:59:59","0.00000","0","0.00","0.00000"
"all-available","Asia/Taipei","BTCUSDT","BTC-260812-65000-C","2026-08-12","65000","CALL","1h","2026-08-12 04:00:00","2026-08-12 12:00:00","5.000","5.000","5.000","5.000","0.00","2026-08-12 04:59:59","2026-08-12 12:59:59","0.00000","0","0.00","0.00000"
"all-available","Asia/Taipei","BTCUSDT","BTC-260812-65000-C","2026-08-12","65000","CALL","1h","2026-08-12 05:00:00","2026-08-12 13:00:00","5.000","5.000","5.000","5.000","0.00","2026-08-12 05:59:59","2026-08-12 13:59:59","0.00000","0","0.00","0.00000"
"all-available","Asia/Taipei","BTCUSDT","BTC-260812-65000-C","2026-08-12","65000","CALL","1h","2026-08-12 06:00:00","2026-08-12 14:00:00","5.000","5.000","5.000","5.000","0.00","2026-08-12 06:59:59","2026-08-12 14:59:59","0.00000","0","0.00","0.00000"
"all-available","Asia/Taipei","BTCUSDT","BTC-260812-65000-C","2026-08-12","65000","CALL","1h","2026-08-12 07:00:00","2026-08-12 15:00:00","5.000","5.000","5.000","5.000","0.00","2026-08-12 07:59:59","2026-08-12 15:59:59","0.00000","0","0.00","0.00000"
"all-available","Asia/Taipei","BTCUSDT","BTC-260812-65000-P","2026-08-12","65000","PUT","1h","2026-08-09 13:00:00","2026-08-09 21:00:00","570.000","570.000","570.000","570.000","0.50","2026-08-09 13:59:59","2026-08-09 21:59:59","285.00000","1","0.00","0.00000"
"all-available","Asia/Taipei","BTCUSDT","BTC-260812-65000-P","2026-08-12","65000","PUT","1h","2026-08-09 14:00:00","2026-08-09 22:00:00","500.000","500.000","500.000","500.000","1.37","2026-08-09 14:59:59","2026-08-09 22:59:59","685.00000","1","1.37","685.00000"
"all-available","Asia/Taipei","BTCUSDT","BTC-260812-65000-P","2026-08-12","65000","PUT","1h","2026-08-09 15:00:00","2026-08-09 23:00:00","480.000","480.000","480.000","480.000","0.01","2026-08-09 15:59:59","2026-08-09 23:59:59","4.80000","1","0.01","4.80000"
"all-available","Asia/Taipei","BTCUSDT","BTC-260812-65000-P","2026-08-12","65000","PUT","1h","2026-08-09 16:00:00","2026-08-10 00:00:00","465.000","465.000","465.000","465.000","0.10","2026-08-09 16:59:59","2026-08-10 00:59:59","46.50000","1","0.00","0.00000"
"all-available","Asia/Taipei","BTCUSDT","BTC-260812-65000-P","2026-08-12","65000","PUT","1h","2026-08-09 17:00:00","2026-08-10 01:00:00","470.000","470.000","470.000","470.000","0.03","2026-08-09 17:59:59","2026-08-10 01:59:59","14.10000","1","0.00","0.00000"
"all-available","Asia/Taipei","BTCUSDT","BTC-260812-65000-P","2026-08-12","65000","PUT","1h","2026-08-09 18:00:00","2026-08-10 02:00:00","475.000","475.000","475.000","475.000","1.37","2026-08-09 18:59:59","2026-08-10 02:59:59","650.75000","1","0.00","0.00000"
"all-available","Asia/Taipei","BTCUSDT","BTC-260812-65000-P","2026-08-12","65000","PUT","1h","2026-08-09 19:00:00","2026-08-10 03:00:00","475.000","475.000","475.000","475.000","0.00","2026-08-09 19:59:59","2026-08-10 03:59:59","0.00000","0","0.00","0.00000"
"all-available","Asia/Taipei","BTCUSDT","BTC-260812-65000-P","2026-08-12","65000","PUT","1h","2026-08-09 20:00:00","2026-08-10 04:00:00","475.000","475.000","475.000","475.000","0.00","2026-08-09 20:59:59","2026-08-10 04:59:59","0.00000","0","0.00","0.00000"
"all-available","Asia/Taipei","BTCUSDT","BTC-260812-65000-P","2026-08-12","65000","PUT","1h","2026-08-09 21:00:00","2026-08-10 05:00:00","490.000","490.000","490.000","490.000","4.00","2026-08-09 21:59:59","2026-08-10 05:59:59","1960.00000","1","0.00","0.00000"
"all-available","Asia/Taipei","BTCUSDT","BTC-260812-65000-P","2026-08-12","65000","PUT","1h","2026-08-09 22:00:00","2026-08-10 06:00:00","550.000","550.000","550.000","550.000","0.10","2026-08-09 22:59:59","2026-08-10 06:59:59","55.00000","3","0.10","55.00000"
"all-available","Asia/Taipei","BTCUSDT","BTC-260812-65000-P","2026-08-12","65000","PUT","1h","2026-08-09 23:00:00","2026-08-10 07:00:00","570.000","570.000","560.000","560.000","0.22","2026-08-09 23:59:59","2026-08-10 07:59:59","124.40000","2","0.22","124.40000"
"all-available","Asia/Taipei","BTCUSDT","BTC-260812-65000-P","2026-08-12","65000","PUT","1h","2026-08-10 00:00:00","2026-08-10 08:00:00","560.000","630.000","560.000","630.000","0.11","2026-08-10 00:59:59","2026-08-10 08:59:59","68.60000","2","0.11","68.60000"
"all-available","Asia/Taipei","BTCUSDT","BTC-260812-65000-P","2026-08-12","65000","PUT","1h","2026-08-10 01:00:00","2026-08-10 09:00:00","555.000","555.000","555.000","555.000","0.02","2026-08-10 01:59:59","2026-08-10 09:59:59","11.10000","1","0.00","0.00000"
"all-available","Asia/Taipei","BTCUSDT","BTC-260812-65000-P","2026-08-12","65000","PUT","1h","2026-08-10 02:00:00","2026-08-10 10:00:00","500.000","585.000","500.000","585.000","1.28","2026-08-10 02:59:59","2026-08-10 10:59:59","691.10000","8","1.27","685.90000"
"all-available","Asia/Taipei","BTCUSDT","BTC-260812-65000-P","2026-08-12","65000","PUT","1h","2026-08-10 03:00:00","2026-08-10 11:00:00","585.000","585.000","585.000","585.000","0.00","2026-08-10 03:59:59","2026-08-10 11:59:59","0.00000","0","0.00","0.00000"
"all-available","Asia/Taipei","BTCUSDT","BTC-260812-65000-P","2026-08-12","65000","PUT","1h","2026-08-10 04:00:00","2026-08-10 12:00:00","585.000","585.000","585.000","585.000","0.00","2026-08-10 04:59:59","2026-08-10 12:59:59","0.00000","0","0.00","0.00000"
"all-available","Asia/Taipei","BTCUSDT","BTC-260812-65000-P","2026-08-12","65000","PUT","1h","2026-08-10 05:00:00","2026-08-10 13:00:00","585.000","585.000","585.000","585.000","0.00","2026-08-10 05:59:59","2026-08-10 13:59:59","0.00000","0","0.00","0.00000"
"all-available","Asia/Taipei","BTCUSDT","BTC-260812-65000-P","2026-08-12","65000","PUT","1h","2026-08-10 06:00:00","2026-08-10 14:00:00","430.000","430.000","425.000","425.000","0.36","2026-08-10 06:59:59","2026-08-10 14:59:59","153.85000","6","0.36","153.85000"
"all-available","Asia/Taipei","BTCUSDT","BTC-260812-65000-P","2026-08-12","65000","PUT","1h","2026-08-10 07:00:00","2026-08-10 15:00:00","360.000","370.000","360.000","370.000","0.10","2026-08-10 07:59:59","2026-08-10 15:59:59","36.40000","3","0.10","36.40000"
"all-available","Asia/Taipei","BTCUSDT","BTC-260812-65000-P","2026-08-12","65000","PUT","1h","2026-08-10 08:00:00","2026-08-10 16:00:00","365.000","380.000","365.000","380.000","0.49","2026-08-10 08:59:59","2026-08-10 16:59:59","184.30000","5","0.49","184.30000"
"all-available","Asia/Taipei","BTCUSDT","BTC-260812-65000-P","2026-08-12","65000","PUT","1h","2026-08-10 09:00:00","2026-08-10 17:00:00","365.000","480.000","365.000","480.000","3.56","2026-08-10 09:59:59","2026-08-10 17:59:59","1451.40000","22","3.46","1410.40000"
"all-available","Asia/Taipei","BTCUSDT","BTC-260812-65000-P","2026-08-12","65000","PUT","1h","2026-08-10 10:00:00","2026-08-10 18:00:00","440.000","450.000","435.000","445.000","0.40","2026-08-10 10:59:59","2026-08-10 18:59:59","177.75000","5","0.05","22.00000"
"all-available","Asia/Taipei","BTCUSDT","BTC-260812-65000-P","2026-08-12","65000","PUT","1h","2026-08-10 11:00:00","2026-08-10 19:00:00","415.000","415.000","405.000","405.000","0.76","2026-08-10 11:59:59","2026-08-10 19:59:59","314.80000","2","0.70","290.50000"
"all-available","Asia/Taipei","BTCUSDT","BTC-260812-65000-P","2026-08-12","65000","PUT","1h","2026-08-10 12:00:00","2026-08-10 20:00:00","480.000","480.000","480.000","480.000","0.74","2026-08-10 12:59:59","2026-08-10 20:59:59","355.20000","7","0.74","355.20000"
"all-available","Asia/Taipei","BTCUSDT","BTC-260812-65000-P","2026-08-12","65000","PUT","1h","2026-08-10 13:00:00","2026-08-10 21:00:00","505.000","710.000","470.000","710.000","50.99","2026-08-10 13:59:59","2026-08-10 21:59:59","25649.10000","35","50.10","25047.00000"
"all-available","Asia/Taipei","BTCUSDT","BTC-260812-65000-P","2026-08-12","65000","PUT","1h","2026-08-10 14:00:00","2026-08-10 22:00:00","555.000","555.000","555.000","555.000","0.40","2026-08-10 14:59:59","2026-08-10 22:59:59","222.00000","1","0.00","0.00000"
"all-available","Asia/Taipei","BTCUSDT","BTC-260812-65000-P","2026-08-12","65000","PUT","1h","2026-08-10 15:00:00","2026-08-10 23:00:00","820.000","820.000","820.000","820.000","0.08","2026-08-10 15:59:59","2026-08-10 23:59:59","65.60000","1","0.08","65.60000"
"all-available","Asia/Taipei","BTCUSDT","BTC-260812-65000-P","2026-08-12","65000","PUT","1h","2026-08-10 16:00:00","2026-08-11 00:00:00","820.000","820.000","820.000","820.000","0.00","2026-08-10 16:59:59","2026-08-11 00:59:59","0.00000","0","0.00","0.00000"
"all-available","Asia/Taipei","BTCUSDT","BTC-260812-65000-P","2026-08-12","65000","PUT","1h","2026-08-10 17:00:00","2026-08-11 01:00:00","1110.000","1110.000","1110.000","1110.000","0.01","2026-08-10 17:59:59","2026-08-11 01:59:59","11.10000","1","0.01","11.10000"
"all-available","Asia/Taipei","BTCUSDT","BTC-260812-65000-P","2026-08-12","65000","PUT","1h","2026-08-10 18:00:00","2026-08-11 02:00:00","1110.000","1110.000","1110.000","1110.000","0.00","2026-08-10 18:59:59","2026-08-11 02:59:59","0.00000","0","0.00","0.00000"
"all-available","Asia/Taipei","BTCUSDT","BTC-260812-65000-P","2026-08-12","65000","PUT","1h","2026-08-10 19:00:00","2026-08-11 03:00:00","1110.000","1110.000","1110.000","1110.000","0.00","2026-08-10 19:59:59","2026-08-11 03:59:59","0.00000","0","0.00","0.00000"
"all-available","Asia/Taipei","BTCUSDT","BTC-260812-65000-P","2026-08-12","65000","PUT","1h","2026-08-10 20:00:00","2026-08-11 04:00:00","1110.000","1110.000","1110.000","1110.000","0.00","2026-08-10 20:59:59","2026-08-11 04:59:59","0.00000","0","0.00","0.00000"
"all-available","Asia/Taipei","BTCUSDT","BTC-260812-65000-P","2026-08-12","65000","PUT","1h","2026-08-10 21:00:00","2026-08-11 05:00:00","1110.000","1110.000","1110.000","1110.000","0.00","2026-08-10 21:59:59","2026-08-11 05:59:59","0.00000","0","0.00","0.00000"
"all-available","Asia/Taipei","BTCUSDT","BTC-260812-65000-P","2026-08-12","65000","PUT","1h","2026-08-10 22:00:00","2026-08-11 06:00:00","1110.000","1110.000","1110.000","1110.000","0.00","2026-08-10 22:59:59","2026-08-11 06:59:59","0.00000","0","0.00","0.00000"
"all-available","Asia/Taipei","BTCUSDT","BTC-260812-65000-P","2026-08-12","65000","PUT","1h","2026-08-10 23:00:00","2026-08-11 07:00:00","1090.000","1090.000","1090.000","1090.000","0.75","2026-08-10 23:59:59","2026-08-11 07:59:59","817.50000","2","0.75","817.50000"
"all-available","Asia/Taipei","BTCUSDT","BTC-260812-65000-P","2026-08-12","65000","PUT","1h","2026-08-11 00:00:00","2026-08-11 08:00:00","1100.000","1100.000","1100.000","1100.000","0.10","2026-08-11 00:59:59","2026-08-11 08:59:59","110.00000","1","0.10","110.00000"
"all-available","Asia/Taipei","BTCUSDT","BTC-260812-65000-P","2026-08-12","65000","PUT","1h","2026-08-11 01:00:00","2026-08-11 09:00:00","1040.000","1045.000","1040.000","1045.000","0.22","2026-08-11 01:59:59","2026-08-11 09:59:59","229.35000","2","0.22","229.35000"
"all-available","Asia/Taipei","BTCUSDT","BTC-260812-65000-P","2026-08-12","65000","PUT","1h","2026-08-11 02:00:00","2026-08-11 10:00:00","1045.000","1045.000","1045.000","1045.000","0.00","2026-08-11 02:59:59","2026-08-11 10:59:59","0.00000","0","0.00","0.00000"
"all-available","Asia/Taipei","BTCUSDT","BTC-260812-65000-P","2026-08-12","65000","PUT","1h","2026-08-11 03:00:00","2026-08-11 11:00:00","1045.000","1045.000","1045.000","1045.000","0.00","2026-08-11 03:59:59","2026-08-11 11:59:59","0.00000","0","0.00","0.00000"
"all-available","Asia/Taipei","BTCUSDT","BTC-260812-65000-P","2026-08-12","65000","PUT","1h","2026-08-11 04:00:00","2026-08-11 12:00:00","1045.000","1045.000","1045.000","1045.000","0.00","2026-08-11 04:59:59","2026-08-11 12:59:59","0.00000","0","0.00","0.00000"
"all-available","Asia/Taipei","BTCUSDT","BTC-260812-65000-P","2026-08-12","65000","PUT","1h","2026-08-11 05:00:00","2026-08-11 13:00:00","1045.000","1045.000","1045.000","1045.000","0.00","2026-08-11 05:59:59","2026-08-11 13:59:59","0.00000","0","0.00","0.00000"
"all-available","Asia/Taipei","BTCUSDT","BTC-260812-65000-P","2026-08-12","65000","PUT","1h","2026-08-11 06:00:00","2026-08-11 14:00:00","1045.000","1045.000","1045.000","1045.000","0.00","2026-08-11 06:59:59","2026-08-11 14:59:59","0.00000","0","0.00","0.00000"
"all-available","Asia/Taipei","BTCUSDT","BTC-260812-65000-P","2026-08-12","65000","PUT","1h","2026-08-11 07:00:00","2026-08-11 15:00:00","1045.000","1045.000","1045.000","1045.000","0.00","2026-08-11 07:59:59","2026-08-11 15:59:59","0.00000","0","0.00","0.00000"
"all-available","Asia/Taipei","BTCUSDT","BTC-260812-65000-P","2026-08-12","65000","PUT","1h","2026-08-11 08:00:00","2026-08-11 16:00:00","1045.000","1045.000","1045.000","1045.000","0.00","2026-08-11 08:59:59","2026-08-11 16:59:59","0.00000","0","0.00","0.00000"
"all-available","Asia/Taipei","BTCUSDT","BTC-260812-65000-P","2026-08-12","65000","PUT","1h","2026-08-11 09:00:00","2026-08-11 17:00:00","1045.000","1045.000","1045.000","1045.000","0.00","2026-08-11 09:59:59","2026-08-11 17:59:59","0.00000","0","0.00","0.00000"
"all-available","Asia/Taipei","BTCUSDT","BTC-260812-65000-P","2026-08-12","65000","PUT","1h","2026-08-11 10:00:00","2026-08-11 18:00:00","1045.000","1045.000","1045.000","1045.000","0.00","2026-08-11 10:59:59","2026-08-11 18:59:59","0.00000","0","0.00","0.00000"
"all-available","Asia/Taipei","BTCUSDT","BTC-260812-65000-P","2026-08-12","65000","PUT","1h","2026-08-11 11:00:00","2026-08-11 19:00:00","1045.000","1045.000","1045.000","1045.000","0.00","2026-08-11 11:59:59","2026-08-11 19:59:59","0.00000","0","0.00","0.00000"
"all-available","Asia/Taipei","BTCUSDT","BTC-260812-65000-P","2026-08-12","65000","PUT","1h","2026-08-11 12:00:00","2026-08-11 20:00:00","1045.000","1045.000","1045.000","1045.000","0.00","2026-08-11 12:59:59","2026-08-11 20:59:59","0.00000","0","0.00","0.00000"
"all-available","Asia/Taipei","BTCUSDT","BTC-260812-65000-P","2026-08-12","65000","PUT","1h","2026-08-11 13:00:00","2026-08-11 21:00:00","1045.000","1045.000","1045.000","1045.000","0.00","2026-08-11 13:59:59","2026-08-11 21:59:59","0.00000","0","0.00","0.00000"
"all-available","Asia/Taipei","BTCUSDT","BTC-260812-65000-P","2026-08-12","65000","PUT","1h","2026-08-11 14:00:00","2026-08-11 22:00:00","1045.000","1045.000","1045.000","1045.000","0.00","2026-08-11 14:59:59","2026-08-11 22:59:59","0.00000","0","0.00","0.00000"
"all-available","Asia/Taipei","BTCUSDT","BTC-260812-65000-P","2026-08-12","65000","PUT","1h","2026-08-11 15:00:00","2026-08-11 23:00:00","1045.000","1045.000","1045.000","1045.000","0.00","2026-08-11 15:59:59","2026-08-11 23:59:59","0.00000","0","0.00","0.00000"
"all-available","Asia/Taipei","BTCUSDT","BTC-260812-65000-P","2026-08-12","65000","PUT","1h","2026-08-11 16:00:00","2026-08-12 00:00:00","1045.000","1045.000","1045.000","1045.000","0.00","2026-08-11 16:59:59","2026-08-12 00:59:59","0.00000","0","0.00","0.00000"
"all-available","Asia/Taipei","BTCUSDT","BTC-260812-65000-P","2026-08-12","65000","PUT","1h","2026-08-11 17:00:00","2026-08-12 01:00:00","1045.000","1045.000","1045.000","1045.000","0.00","2026-08-11 17:59:59","2026-08-12 01:59:59","0.00000","0","0.00","0.00000"
"all-available","Asia/Taipei","BTCUSDT","BTC-260812-65000-P","2026-08-12","65000","PUT","1h","2026-08-11 18:00:00","2026-08-12 02:00:00","1045.000","1045.000","1045.000","1045.000","0.00","2026-08-11 18:59:59","2026-08-12 02:59:59","0.00000","0","0.00","0.00000"
"all-available","Asia/Taipei","BTCUSDT","BTC-260812-65000-P","2026-08-12","65000","PUT","1h","2026-08-11 19:00:00","2026-08-12 03:00:00","1045.000","1045.000","1045.000","1045.000","0.00","2026-08-11 19:59:59","2026-08-12 03:59:59","0.00000","0","0.00","0.00000"
"all-available","Asia/Taipei","BTCUSDT","BTC-260812-65000-P","2026-08-12","65000","PUT","1h","2026-08-11 20:00:00","2026-08-12 04:00:00","1045.000","1045.000","1045.000","1045.000","0.00","2026-08-11 20:59:59","2026-08-12 04:59:59","0.00000","0","0.00","0.00000"
"all-available","Asia/Taipei","BTCUSDT","BTC-260812-65000-P","2026-08-12","65000","PUT","1h","2026-08-11 21:00:00","2026-08-12 05:00:00","1045.000","1045.000","1045.000","1045.000","0.00","2026-08-11 21:59:59","2026-08-12 05:59:59","0.00000","0","0.00","0.00000"
"all-available","Asia/Taipei","BTCUSDT","BTC-260812-65000-P","2026-08-12","65000","PUT","1h","2026-08-11 22:00:00","2026-08-12 06:00:00","1045.000","1045.000","1045.000","1045.000","0.00","2026-08-11 22:59:59","2026-08-12 06:59:59","0.00000","0","0.00","0.00000"
"all-available","Asia/Taipei","BTCUSDT","BTC-260812-65000-P","2026-08-12","65000","PUT","1h","2026-08-11 23:00:00","2026-08-12 07:00:00","1045.000","1045.000","1045.000","1045.000","0.00","2026-08-11 23:59:59","2026-08-12 07:59:59","0.00000","0","0.00","0.00000"
"all-available","Asia/Taipei","BTCUSDT","BTC-260812-65000-P","2026-08-12","65000","PUT","1h","2026-08-12 00:00:00","2026-08-12 08:00:00","1045.000","1045.000","1045.000","1045.000","0.00","2026-08-12 00:59:59","2026-08-12 08:59:59","0.00000","0","0.00","0.00000"
"all-available","Asia/Taipei","BTCUSDT","BTC-260812-65000-P","2026-08-12","65000","PUT","1h","2026-08-12 01:00:00","2026-08-12 09:00:00","1045.000","1045.000","1045.000","1045.000","0.00","2026-08-12 01:59:59","2026-08-12 09:59:59","0.00000","0","0.00","0.00000"
"all-available","Asia/Taipei","BTCUSDT","BTC-260812-65000-P","2026-08-12","65000","PUT","1h","2026-08-12 02:00:00","2026-08-12 10:00:00","1045.000","1045.000","1045.000","1045.000","0.00","2026-08-12 02:59:59","2026-08-12 10:59:59","0.00000","0","0.00","0.00000"
"all-available","Asia/Taipei","BTCUSDT","BTC-260812-65000-P","2026-08-12","65000","PUT","1h","2026-08-12 03:00:00","2026-08-12 11:00:00","1045.000","1045.000","1045.000","1045.000","0.00","2026-08-12 03:59:59","2026-08-12 11:59:59","0.00000","0","0.00","0.00000"
"all-available","Asia/Taipei","BTCUSDT","BTC-260812-65000-P","2026-08-12","65000","PUT","1h","2026-08-12 04:00:00","2026-08-12 12:00:00","1045.000","1045.000","1045.000","1045.000","0.00","2026-08-12 04:59:59","2026-08-12 12:59:59","0.00000","0","0.00","0.00000"
"all-available","Asia/Taipei","BTCUSDT","BTC-260812-65000-P","2026-08-12","65000","PUT","1h","2026-08-12 05:00:00","2026-08-12 13:00:00","1045.000","1045.000","1045.000","1045.000","0.00","2026-08-12 05:59:59","2026-08-12 13:59:59","0.00000","0","0.00","0.00000"
"all-available","Asia/Taipei","BTCUSDT","BTC-260812-65000-P","2026-08-12","65000","PUT","1h","2026-08-12 06:00:00","2026-08-12 14:00:00","1045.000","1045.000","1045.000","1045.000","0.00","2026-08-12 06:59:59","2026-08-12 14:59:59","0.00000","0","0.00","0.00000"
"all-available","Asia/Taipei","BTCUSDT","BTC-260812-65000-P","2026-08-12","65000","PUT","1h","2026-08-12 07:00:00","2026-08-12 15:00:00","1045.000","1045.000","1045.000","1045.000","0.00","2026-08-12 07:59:59","2026-08-12 15:59:59","0.00000","0","0.00","0.00000"
"all-available","Asia/Taipei","BTCUSDT","BTC-260812-65500-C","2026-08-12","65500","CALL","1h","2026-08-10 09:00:00","2026-08-10 17:00:00","355.000","355.000","355.000","355.000","0.10","2026-08-10 09:59:59","2026-08-10 17:59:59","35.50000","1","0.10","35.50000"
"all-available","Asia/Taipei","BTCUSDT","BTC-260812-65500-C","2026-08-12","65500","CALL","1h","2026-08-10 10:00:00","2026-08-10 18:00:00","270.000","270.000","270.000","270.000","0.10","2026-08-10 10:59:59","2026-08-10 18:59:59","27.00000","1","0.00","0.00000"
"all-available","Asia/Taipei","BTCUSDT","BTC-260812-65500-C","2026-08-12","65500","CALL","1h","2026-08-10 11:00:00","2026-08-10 19:00:00","275.000","275.000","260.000","270.000","52.46","2026-08-10 11:59:59","2026-08-10 19:59:59","14147.75000","15","0.00","0.00000"
"all-available","Asia/Taipei","BTCUSDT","BTC-260812-65500-C","2026-08-12","65500","CALL","1h","2026-08-10 12:00:00","2026-08-10 20:00:00","295.000","295.000","295.000","295.000","4.33","2026-08-10 12:59:59","2026-08-10 20:59:59","1277.35000","3","4.33","1277.35000"
"all-available","Asia/Taipei","BTCUSDT","BTC-260812-65500-C","2026-08-12","65500","CALL","1h","2026-08-10 13:00:00","2026-08-10 21:00:00","215.000","215.000","125.000","125.000","8.10","2026-08-10 13:59:59","2026-08-10 21:59:59","1064.25000","12","1.04","177.55000"
"all-available","Asia/Taipei","BTCUSDT","BTC-260812-65500-C","2026-08-12","65500","CALL","1h","2026-08-10 14:00:00","2026-08-10 22:00:00","150.000","165.000","125.000","135.000","50.30","2026-08-10 14:59:59","2026-08-10 22:59:59","6657.40000","24","50.00","6609.10000"
"all-available","Asia/Taipei","BTCUSDT","BTC-260812-65500-C","2026-08-12","65500","CALL","1h","2026-08-10 15:00:00","2026-08-10 23:00:00","115.000","115.000","80.000","85.000","57.22","2026-08-10 15:59:59","2026-08-10 23:59:59","5434.25000","18","57.19","5431.85000"
"all-available","Asia/Taipei","BTCUSDT","BTC-260812-65500-C","2026-08-12","65500","CALL","1h","2026-08-10 16:00:00","2026-08-11 00:00:00","70.000","70.000","60.000","60.000","5.55","2026-08-10 16:59:59","2026-08-11 00:59:59","386.70000","10","0.55","36.70000"
"all-available","Asia/Taipei","BTCUSDT","BTC-260812-65500-C","2026-08-12","65500","CALL","1h","2026-08-10 17:00:00","2026-08-11 01:00:00","55.000","60.000","55.000","55.000","0.33","2026-08-10 17:59:59","2026-08-11 01:59:59","18.75000","3","0.29","16.55000"
"all-available","Asia/Taipei","BTCUSDT","BTC-260812-65500-C","2026-08-12","65500","CALL","1h","2026-08-10 18:00:00","2026-08-11 02:00:00","55.000","55.000","50.000","50.000","0.82","2026-08-10 18:59:59","2026-08-11 02:59:59","42.15000","10","0.59","29.50000"
"all-available","Asia/Taipei","BTCUSDT","BTC-260812-65500-C","2026-08-12","65500","CALL","1h","2026-08-10 19:00:00","2026-08-11 03:00:00","50.000","50.000","50.000","50.000","0.09","2026-08-10 19:59:59","2026-08-11 03:59:59","4.50000","2","0.00","0.00000"
"all-available","Asia/Taipei","BTCUSDT","BTC-260812-65500-C","2026-08-12","65500","CALL","1h","2026-08-10 20:00:00","2026-08-11 04:00:00","50.000","50.000","50.000","50.000","0.00","2026-08-10 20:59:59","2026-08-11 04:59:59","0.00000","0","0.00","0.00000"
"all-available","Asia/Taipei","BTCUSDT","BTC-260812-65500-C","2026-08-12","65500","CALL","1h","2026-08-10 21:00:00","2026-08-11 05:00:00","50.000","50.000","50.000","50.000","0.00","2026-08-10 21:59:59","2026-08-11 05:59:59","0.00000","0","0.00","0.00000"
"all-available","Asia/Taipei","BTCUSDT","BTC-260812-65500-C","2026-08-12","65500","CALL","1h","2026-08-10 22:00:00","2026-08-11 06:00:00","45.000","45.000","45.000","45.000","0.62","2026-08-10 22:59:59","2026-08-11 06:59:59","27.90000","2","0.62","27.90000"
"all-available","Asia/Taipei","BTCUSDT","BTC-260812-65500-C","2026-08-12","65500","CALL","1h","2026-08-10 23:00:00","2026-08-11 07:00:00","35.000","35.000","35.000","35.000","0.99","2026-08-10 23:59:59","2026-08-11 07:59:59","34.65000","7","0.00","0.00000"
"all-available","Asia/Taipei","BTCUSDT","BTC-260812-65500-C","2026-08-12","65500","CALL","1h","2026-08-11 00:00:00","2026-08-11 08:00:00","30.000","30.000","30.000","30.000","3.05","2026-08-11 00:59:59","2026-08-11 08:59:59","91.50000","26","0.00","0.00000"
"all-available","Asia/Taipei","BTCUSDT","BTC-260812-65500-C","2026-08-12","65500","CALL","1h","2026-08-11 01:00:00","2026-08-11 09:00:00","30.000","30.000","25.000","25.000","2.54","2026-08-11 01:59:59","2026-08-11 09:59:59","75.05000","5","2.31","69.30000"
"all-available","Asia/Taipei","BTCUSDT","BTC-260812-65500-C","2026-08-12","65500","CALL","1h","2026-08-11 02:00:00","2026-08-11 10:00:00","25.000","30.000","25.000","30.000","0.51","2026-08-11 02:59:59","2026-08-11 10:59:59","15.25000","6","0.50","15.00000"
"all-available","Asia/Taipei","BTCUSDT","BTC-260812-65500-C","2026-08-12","65500","CALL","1h","2026-08-11 03:00:00","2026-08-11 11:00:00","30.000","30.000","30.000","30.000","0.00","2026-08-11 03:59:59","2026-08-11 11:59:59","0.00000","0","0.00","0.00000"
"all-available","Asia/Taipei","BTCUSDT","BTC-260812-65500-C","2026-08-12","65500","CALL","1h","2026-08-11 04:00:00","2026-08-11 12:00:00","25.000","25.000","25.000","25.000","0.01","2026-08-11 04:59:59","2026-08-11 12:59:59","0.25000","1","0.00","0.00000"
"all-available","Asia/Taipei","BTCUSDT","BTC-260812-65500-C","2026-08-12","65500","CALL","1h","2026-08-11 05:00:00","2026-08-11 13:00:00","25.000","25.000","25.000","25.000","0.85","2026-08-11 05:59:59","2026-08-11 13:59:59","21.25000","5","0.85","21.25000"
"all-available","Asia/Taipei","BTCUSDT","BTC-260812-65500-C","2026-08-12","65500","CALL","1h","2026-08-11 06:00:00","2026-08-11 14:00:00","25.000","25.000","20.000","20.000","1.73","2026-08-11 06:59:59","2026-08-11 14:59:59","37.30000","13","0.64","15.50000"
"all-available","Asia/Taipei","BTCUSDT","BTC-260812-65500-C","2026-08-12","65500","CALL","1h","2026-08-11 07:00:00","2026-08-11 15:00:00","20.000","20.000","20.000","20.000","4.80","2026-08-11 07:59:59","2026-08-11 15:59:59","96.00000","7","1.60","32.00000"
"all-available","Asia/Taipei","BTCUSDT","BTC-260812-65500-C","2026-08-12","65500","CALL","1h","2026-08-11 08:00:00","2026-08-11 16:00:00","20.000","25.000","15.000","15.000","27.54","2026-08-11 08:59:59","2026-08-11 16:59:59","569.75000","30","26.98","560.00000"
"all-available","Asia/Taipei","BTCUSDT","BTC-260812-65500-C","2026-08-12","65500","CALL","1h","2026-08-11 09:00:00","2026-08-11 17:00:00","15.000","25.000","15.000","25.000","6.24","2026-08-11 09:59:59","2026-08-11 17:59:59","154.35000","8","6.15","153.00000"
"all-available","Asia/Taipei","BTCUSDT","BTC-260812-65500-C","2026-08-12","65500","CALL","1h","2026-08-11 10:00:00","2026-08-11 18:00:00","20.000","25.000","15.000","20.000","7.53","2026-08-11 10:59:59","2026-08-11 18:59:59","167.95000","17","4.53","111.00000"
"all-available","Asia/Taipei","BTCUSDT","BTC-260812-65500-C","2026-08-12","65500","CALL","1h","2026-08-11 11:00:00","2026-08-11 19:00:00","20.000","25.000","20.000","20.000","3.05","2026-08-11 11:59:59","2026-08-11 19:59:59","65.25000","9","2.85","61.25000"
"all-available","Asia/Taipei","BTCUSDT","BTC-260812-65500-C","2026-08-12","65500","CALL","1h","2026-08-11 12:00:00","2026-08-11 20:00:00","25.000","25.000","20.000","20.000","6.44","2026-08-11 12:59:59","2026-08-11 20:59:59","155.95000","6","5.43","135.75000"
"all-available","Asia/Taipei","BTCUSDT","BTC-260812-65500-C","2026-08-12","65500","CALL","1h","2026-08-11 13:00:00","2026-08-11 21:00:00","20.000","20.000","20.000","20.000","1.21","2026-08-11 13:59:59","2026-08-11 21:59:59","24.20000","8","0.06","1.20000"
"all-available","Asia/Taipei","BTCUSDT","BTC-260812-65500-C","2026-08-12","65500","CALL","1h","2026-08-11 14:00:00","2026-08-11 22:00:00","25.000","25.000","15.000","15.000","2.17","2026-08-11 14:59:59","2026-08-11 22:59:59","34.65000","5","0.76","11.50000"
"all-available","Asia/Taipei","BTCUSDT","BTC-260812-65500-C","2026-08-12","65500","CALL","1h","2026-08-11 15:00:00","2026-08-11 23:00:00","10.000","10.000","10.000","10.000","2.00","2026-08-11 15:59:59","2026-08-11 23:59:59","20.00000","2","0.00","0.00000"
"all-available","Asia/Taipei","BTCUSDT","BTC-260812-65500-C","2026-08-12","65500","CALL","1h","2026-08-11 16:00:00","2026-08-12 00:00:00","10.000","10.000","5.000","5.000","10.43","2026-08-11 16:59:59","2026-08-12 00:59:59","77.15000","12","5.00","50.00000"
"all-available","Asia/Taipei","BTCUSDT","BTC-260812-65500-C","2026-08-12","65500","CALL","1h","2026-08-11 17:00:00","2026-08-12 01:00:00","5.000","5.000","5.000","5.000","0.00","2026-08-11 17:59:59","2026-08-12 01:59:59","0.00000","0","0.00","0.00000"
"all-available","Asia/Taipei","BTCUSDT","BTC-260812-65500-C","2026-08-12","65500","CALL","1h","2026-08-11 18:00:00","2026-08-12 02:00:00","5.000","5.000","5.000","5.000","0.00","2026-08-11 18:59:59","2026-08-12 02:59:59","0.00000","0","0.00","0.00000"
"all-available","Asia/Taipei","BTCUSDT","BTC-260812-65500-C","2026-08-12","65500","CALL","1h","2026-08-11 19:00:00","2026-08-12 03:00:00","5.000","5.000","5.000","5.000","0.00","2026-08-11 19:59:59","2026-08-12 03:59:59","0.00000","0","0.00","0.00000"
"all-available","Asia/Taipei","BTCUSDT","BTC-260812-65500-C","2026-08-12","65500","CALL","1h","2026-08-11 20:00:00","2026-08-12 04:00:00","5.000","5.000","5.000","5.000","0.00","2026-08-11 20:59:59","2026-08-12 04:59:59","0.00000","0","0.00","0.00000"
"all-available","Asia/Taipei","BTCUSDT","BTC-260812-65500-C","2026-08-12","65500","CALL","1h","2026-08-11 21:00:00","2026-08-12 05:00:00","5.000","5.000","5.000","5.000","0.00","2026-08-11 21:59:59","2026-08-12 05:59:59","0.00000","0","0.00","0.00000"
"all-available","Asia/Taipei","BTCUSDT","BTC-260812-65500-C","2026-08-12","65500","CALL","1h","2026-08-11 22:00:00","2026-08-12 06:00:00","5.000","5.000","5.000","5.000","0.00","2026-08-11 22:59:59","2026-08-12 06:59:59","0.00000","0","0.00","0.00000"
"all-available","Asia/Taipei","BTCUSDT","BTC-260812-65500-C","2026-08-12","65500","CALL","1h","2026-08-11 23:00:00","2026-08-12 07:00:00","5.000","5.000","5.000","5.000","0.00","2026-08-11 23:59:59","2026-08-12 07:59:59","0.00000","0","0.00","0.00000"
"all-available","Asia/Taipei","BTCUSDT","BTC-260812-65500-C","2026-08-12","65500","CALL","1h","2026-08-12 00:00:00","2026-08-12 08:00:00","5.000","5.000","5.000","5.000","0.00","2026-08-12 00:59:59","2026-08-12 08:59:59","0.00000","0","0.00","0.00000"
"all-available","Asia/Taipei","BTCUSDT","BTC-260812-65500-C","2026-08-12","65500","CALL","1h","2026-08-12 01:00:00","2026-08-12 09:00:00","5.000","5.000","5.000","5.000","0.00","2026-08-12 01:59:59","2026-08-12 09:59:59","0.00000","0","0.00","0.00000"
"all-available","Asia/Taipei","BTCUSDT","BTC-260812-65500-C","2026-08-12","65500","CALL","1h","2026-08-12 02:00:00","2026-08-12 10:00:00","5.000","5.000","5.000","5.000","0.00","2026-08-12 02:59:59","2026-08-12 10:59:59","0.00000","0","0.00","0.00000"
"all-available","Asia/Taipei","BTCUSDT","BTC-260812-65500-C","2026-08-12","65500","CALL","1h","2026-08-12 03:00:00","2026-08-12 11:00:00","5.000","5.000","5.000","5.000","0.00","2026-08-12 03:59:59","2026-08-12 11:59:59","0.00000","0","0.00","0.00000"
"all-available","Asia/Taipei","BTCUSDT","BTC-260812-65500-C","2026-08-12","65500","CALL","1h","2026-08-12 04:00:00","2026-08-12 12:00:00","5.000","5.000","5.000","5.000","0.00","2026-08-12 04:59:59","2026-08-12 12:59:59","0.00000","0","0.00","0.00000"
"all-available","Asia/Taipei","BTCUSDT","BTC-260812-65500-C","2026-08-12","65500","CALL","1h","2026-08-12 05:00:00","2026-08-12 13:00:00","5.000","5.000","5.000","5.000","0.00","2026-08-12 05:59:59","2026-08-12 13:59:59","0.00000","0","0.00","0.00000"
"all-available","Asia/Taipei","BTCUSDT","BTC-260812-65500-C","2026-08-12","65500","CALL","1h","2026-08-12 06:00:00","2026-08-12 14:00:00","5.000","5.000","5.000","5.000","0.00","2026-08-12 06:59:59","2026-08-12 14:59:59","0.00000","0","0.00","0.00000"
"all-available","Asia/Taipei","BTCUSDT","BTC-260812-65500-C","2026-08-12","65500","CALL","1h","2026-08-12 07:00:00","2026-08-12 15:00:00","5.000","5.000","5.000","5.000","750.01","2026-08-12 07:59:59","2026-08-12 15:59:59","3750.05000","10","2.01","10.05000"
"all-available","Asia/Taipei","BTCUSDT","BTC-260812-65500-P","2026-08-12","65500","PUT","1h","2026-08-10 12:00:00","2026-08-10 20:00:00","670.000","670.000","670.000","670.000","0.45","2026-08-10 12:59:59","2026-08-10 20:59:59","301.50000","1","0.00","0.00000"
"all-available","Asia/Taipei","BTCUSDT","BTC-260812-65500-P","2026-08-12","65500","PUT","1h","2026-08-10 13:00:00","2026-08-10 21:00:00","670.000","670.000","670.000","670.000","0.00","2026-08-10 13:59:59","2026-08-10 21:59:59","0.00000","0","0.00","0.00000"
"all-available","Asia/Taipei","BTCUSDT","BTC-260812-65500-P","2026-08-12","65500","PUT","1h","2026-08-10 14:00:00","2026-08-10 22:00:00","670.000","670.000","670.000","670.000","0.00","2026-08-10 14:59:59","2026-08-10 22:59:59","0.00000","0","0.00","0.00000"
"all-available","Asia/Taipei","BTCUSDT","BTC-260812-65500-P","2026-08-12","65500","PUT","1h","2026-08-10 15:00:00","2026-08-10 23:00:00","670.000","670.000","670.000","670.000","0.00","2026-08-10 15:59:59","2026-08-10 23:59:59","0.00000","0","0.00","0.00000"
"all-available","Asia/Taipei","BTCUSDT","BTC-260812-65500-P","2026-08-12","65500","PUT","1h","2026-08-10 16:00:00","2026-08-11 00:00:00","670.000","670.000","670.000","670.000","0.00","2026-08-10 16:59:59","2026-08-11 00:59:59","0.00000","0","0.00","0.00000"
"all-available","Asia/Taipei","BTCUSDT","BTC-260812-65500-P","2026-08-12","65500","PUT","1h","2026-08-10 17:00:00","2026-08-11 01:00:00","670.000","670.000","670.000","670.000","0.00","2026-08-10 17:59:59","2026-08-11 01:59:59","0.00000","0","0.00","0.00000"
"all-available","Asia/Taipei","BTCUSDT","BTC-260812-65500-P","2026-08-12","65500","PUT","1h","2026-08-10 18:00:00","2026-08-11 02:00:00","670.000","670.000","670.000","670.000","0.00","2026-08-10 18:59:59","2026-08-11 02:59:59","0.00000","0","0.00","0.00000"
"all-available","Asia/Taipei","BTCUSDT","BTC-260812-65500-P","2026-08-12","65500","PUT","1h","2026-08-10 19:00:00","2026-08-11 03:00:00","670.000","670.000","670.000","670.000","0.00","2026-08-10 19:59:59","2026-08-11 03:59:59","0.00000","0","0.00","0.00000"
"all-available","Asia/Taipei","BTCUSDT","BTC-260812-65500-P","2026-08-12","65500","PUT","1h","2026-08-10 20:00:00","2026-08-11 04:00:00","670.000","670.000","670.000","670.000","0.00","2026-08-10 20:59:59","2026-08-11 04:59:59","0.00000","0","0.00","0.00000"
"all-available","Asia/Taipei","BTCUSDT","BTC-260812-65500-P","2026-08-12","65500","PUT","1h","2026-08-10 21:00:00","2026-08-11 05:00:00","670.000","670.000","670.000","670.000","0.00","2026-08-10 21:59:59","2026-08-11 05:59:59","0.00000","0","0.00","0.00000"
"all-available","Asia/Taipei","BTCUSDT","BTC-260812-65500-P","2026-08-12","65500","PUT","1h","2026-08-10 22:00:00","2026-08-11 06:00:00","670.000","670.000","670.000","670.000","0.00","2026-08-10 22:59:59","2026-08-11 06:59:59","0.00000","0","0.00","0.00000"
"all-available","Asia/Taipei","BTCUSDT","BTC-260812-65500-P","2026-08-12","65500","PUT","1h","2026-08-10 23:00:00","2026-08-11 07:00:00","670.000","670.000","670.000","670.000","0.00","2026-08-10 23:59:59","2026-08-11 07:59:59","0.00000","0","0.00","0.00000"
"all-available","Asia/Taipei","BTCUSDT","BTC-260812-65500-P","2026-08-12","65500","PUT","1h","2026-08-11 00:00:00","2026-08-11 08:00:00","670.000","670.000","670.000","670.000","0.00","2026-08-11 00:59:59","2026-08-11 08:59:59","0.00000","0","0.00","0.00000"
"all-available","Asia/Taipei","BTCUSDT","BTC-260812-65500-P","2026-08-12","65500","PUT","1h","2026-08-11 01:00:00","2026-08-11 09:00:00","670.000","670.000","670.000","670.000","0.00","2026-08-11 01:59:59","2026-08-11 09:59:59","0.00000","0","0.00","0.00000"
"all-available","Asia/Taipei","BTCUSDT","BTC-260812-65500-P","2026-08-12","65500","PUT","1h","2026-08-11 02:00:00","2026-08-11 10:00:00","670.000","670.000","670.000","670.000","0.00","2026-08-11 02:59:59","2026-08-11 10:59:59","0.00000","0","0.00","0.00000"
"all-available","Asia/Taipei","BTCUSDT","BTC-260812-65500-P","2026-08-12","65500","PUT","1h","2026-08-11 03:00:00","2026-08-11 11:00:00","670.000","670.000","670.000","670.000","0.00","2026-08-11 03:59:59","2026-08-11 11:59:59","0.00000","0","0.00","0.00000"
"all-available","Asia/Taipei","BTCUSDT","BTC-260812-65500-P","2026-08-12","65500","PUT","1h","2026-08-11 04:00:00","2026-08-11 12:00:00","670.000","670.000","670.000","670.000","0.00","2026-08-11 04:59:59","2026-08-11 12:59:59","0.00000","0","0.00","0.00000"
"all-available","Asia/Taipei","BTCUSDT","BTC-260812-65500-P","2026-08-12","65500","PUT","1h","2026-08-11 05:00:00","2026-08-11 13:00:00","670.000","670.000","670.000","670.000","0.00","2026-08-11 05:59:59","2026-08-11 13:59:59","0.00000","0","0.00","0.00000"
"all-available","Asia/Taipei","BTCUSDT","BTC-260812-65500-P","2026-08-12","65500","PUT","1h","2026-08-11 06:00:00","2026-08-11 14:00:00","670.000","670.000","670.000","670.000","0.00","2026-08-11 06:59:59","2026-08-11 14:59:59","0.00000","0","0.00","0.00000"
"all-available","Asia/Taipei","BTCUSDT","BTC-260812-65500-P","2026-08-12","65500","PUT","1h","2026-08-11 07:00:00","2026-08-11 15:00:00","670.000","670.000","670.000","670.000","0.00","2026-08-11 07:59:59","2026-08-11 15:59:59","0.00000","0","0.00","0.00000"
"all-available","Asia/Taipei","BTCUSDT","BTC-260812-65500-P","2026-08-12","65500","PUT","1h","2026-08-11 08:00:00","2026-08-11 16:00:00","670.000","670.000","670.000","670.000","0.00","2026-08-11 08:59:59","2026-08-11 16:59:59","0.00000","0","0.00","0.00000"
"all-available","Asia/Taipei","BTCUSDT","BTC-260812-65500-P","2026-08-12","65500","PUT","1h","2026-08-11 09:00:00","2026-08-11 17:00:00","670.000","670.000","670.000","670.000","0.00","2026-08-11 09:59:59","2026-08-11 17:59:59","0.00000","0","0.00","0.00000"
"all-available","Asia/Taipei","BTCUSDT","BTC-260812-65500-P","2026-08-12","65500","PUT","1h","2026-08-11 10:00:00","2026-08-11 18:00:00","670.000","670.000","670.000","670.000","0.00","2026-08-11 10:59:59","2026-08-11 18:59:59","0.00000","0","0.00","0.00000"
"all-available","Asia/Taipei","BTCUSDT","BTC-260812-65500-P","2026-08-12","65500","PUT","1h","2026-08-11 11:00:00","2026-08-11 19:00:00","670.000","670.000","670.000","670.000","0.00","2026-08-11 11:59:59","2026-08-11 19:59:59","0.00000","0","0.00","0.00000"
"all-available","Asia/Taipei","BTCUSDT","BTC-260812-65500-P","2026-08-12","65500","PUT","1h","2026-08-11 12:00:00","2026-08-11 20:00:00","670.000","670.000","670.000","670.000","0.00","2026-08-11 12:59:59","2026-08-11 20:59:59","0.00000","0","0.00","0.00000"
"all-available","Asia/Taipei","BTCUSDT","BTC-260812-65500-P","2026-08-12","65500","PUT","1h","2026-08-11 13:00:00","2026-08-11 21:00:00","670.000","670.000","670.000","670.000","0.00","2026-08-11 13:59:59","2026-08-11 21:59:59","0.00000","0","0.00","0.00000"
"all-available","Asia/Taipei","BTCUSDT","BTC-260812-65500-P","2026-08-12","65500","PUT","1h","2026-08-11 14:00:00","2026-08-11 22:00:00","670.000","670.000","670.000","670.000","0.00","2026-08-11 14:59:59","2026-08-11 22:59:59","0.00000","0","0.00","0.00000"
"all-available","Asia/Taipei","BTCUSDT","BTC-260812-65500-P","2026-08-12","65500","PUT","1h","2026-08-11 15:00:00","2026-08-11 23:00:00","670.000","670.000","670.000","670.000","0.00","2026-08-11 15:59:59","2026-08-11 23:59:59","0.00000","0","0.00","0.00000"
"all-available","Asia/Taipei","BTCUSDT","BTC-260812-65500-P","2026-08-12","65500","PUT","1h","2026-08-11 16:00:00","2026-08-12 00:00:00","670.000","670.000","670.000","670.000","0.00","2026-08-11 16:59:59","2026-08-12 00:59:59","0.00000","0","0.00","0.00000"
"all-available","Asia/Taipei","BTCUSDT","BTC-260812-65500-P","2026-08-12","65500","PUT","1h","2026-08-11 17:00:00","2026-08-12 01:00:00","670.000","670.000","670.000","670.000","0.00","2026-08-11 17:59:59","2026-08-12 01:59:59","0.00000","0","0.00","0.00000"
"all-available","Asia/Taipei","BTCUSDT","BTC-260812-65500-P","2026-08-12","65500","PUT","1h","2026-08-11 18:00:00","2026-08-12 02:00:00","670.000","670.000","670.000","670.000","0.00","2026-08-11 18:59:59","2026-08-12 02:59:59","0.00000","0","0.00","0.00000"
"all-available","Asia/Taipei","BTCUSDT","BTC-260812-65500-P","2026-08-12","65500","PUT","1h","2026-08-11 19:00:00","2026-08-12 03:00:00","670.000","670.000","670.000","670.000","0.00","2026-08-11 19:59:59","2026-08-12 03:59:59","0.00000","0","0.00","0.00000"
"all-available","Asia/Taipei","BTCUSDT","BTC-260812-65500-P","2026-08-12","65500","PUT","1h","2026-08-11 20:00:00","2026-08-12 04:00:00","670.000","670.000","670.000","670.000","0.00","2026-08-11 20:59:59","2026-08-12 04:59:59","0.00000","0","0.00","0.00000"
"all-available","Asia/Taipei","BTCUSDT","BTC-260812-65500-P","2026-08-12","65500","PUT","1h","2026-08-11 21:00:00","2026-08-12 05:00:00","670.000","670.000","670.000","670.000","0.00","2026-08-11 21:59:59","2026-08-12 05:59:59","0.00000","0","0.00","0.00000"
"all-available","Asia/Taipei","BTCUSDT","BTC-260812-65500-P","2026-08-12","65500","PUT","1h","2026-08-11 22:00:00","2026-08-12 06:00:00","670.000","670.000","670.000","670.000","0.00","2026-08-11 22:59:59","2026-08-12 06:59:59","0.00000","0","0.00","0.00000"
"all-available","Asia/Taipei","BTCUSDT","BTC-260812-65500-P","2026-08-12","65500","PUT","1h","2026-08-11 23:00:00","2026-08-12 07:00:00","670.000","670.000","670.000","670.000","0.00","2026-08-11 23:59:59","2026-08-12 07:59:59","0.00000","0","0.00","0.00000"
"all-available","Asia/Taipei","BTCUSDT","BTC-260812-65500-P","2026-08-12","65500","PUT","1h","2026-08-12 00:00:00","2026-08-12 08:00:00","670.000","670.000","670.000","670.000","0.00","2026-08-12 00:59:59","2026-08-12 08:59:59","0.00000","0","0.00","0.00000"
"all-available","Asia/Taipei","BTCUSDT","BTC-260812-65500-P","2026-08-12","65500","PUT","1h","2026-08-12 01:00:00","2026-08-12 09:00:00","670.000","670.000","670.000","670.000","0.00","2026-08-12 01:59:59","2026-08-12 09:59:59","0.00000","0","0.00","0.00000"
"all-available","Asia/Taipei","BTCUSDT","BTC-260812-65500-P","2026-08-12","65500","PUT","1h","2026-08-12 02:00:00","2026-08-12 10:00:00","670.000","670.000","670.000","670.000","0.00","2026-08-12 02:59:59","2026-08-12 10:59:59","0.00000","0","0.00","0.00000"
"all-available","Asia/Taipei","BTCUSDT","BTC-260812-65500-P","2026-08-12","65500","PUT","1h","2026-08-12 03:00:00","2026-08-12 11:00:00","670.000","670.000","670.000","670.000","0.00","2026-08-12 03:59:59","2026-08-12 11:59:59","0.00000","0","0.00","0.00000"
"all-available","Asia/Taipei","BTCUSDT","BTC-260812-65500-P","2026-08-12","65500","PUT","1h","2026-08-12 04:00:00","2026-08-12 12:00:00","670.000","670.000","670.000","670.000","0.00","2026-08-12 04:59:59","2026-08-12 12:59:59","0.00000","0","0.00","0.00000"
"all-available","Asia/Taipei","BTCUSDT","BTC-260812-65500-P","2026-08-12","65500","PUT","1h","2026-08-12 05:00:00","2026-08-12 13:00:00","670.000","670.000","670.000","670.000","0.00","2026-08-12 05:59:59","2026-08-12 13:59:59","0.00000","0","0.00","0.00000"
"all-available","Asia/Taipei","BTCUSDT","BTC-260812-65500-P","2026-08-12","65500","PUT","1h","2026-08-12 06:00:00","2026-08-12 14:00:00","670.000","670.000","670.000","670.000","0.00","2026-08-12 06:59:59","2026-08-12 14:59:59","0.00000","0","0.00","0.00000"
"all-available","Asia/Taipei","BTCUSDT","BTC-260812-65500-P","2026-08-12","65500","PUT","1h","2026-08-12 07:00:00","2026-08-12 15:00:00","670.000","670.000","670.000","670.000","0.00","2026-08-12 07:59:59","2026-08-12 15:59:59","0.00000","0","0.00","0.00000"
"all-available","Asia/Taipei","BTCUSDT","BTC-260812-66000-C","2026-08-12","66000","CALL","1h","2026-08-09 08:00:00","2026-08-09 16:00:00","165.000","165.000","165.000","165.000","5.00","2026-08-09 08:59:59","2026-08-09 16:59:59","825.00000","1","0.00","0.00000"
"all-available","Asia/Taipei","BTCUSDT","BTC-260812-66000-C","2026-08-12","66000","CALL","1h","2026-08-09 09:00:00","2026-08-09 17:00:00","165.000","165.000","165.000","165.000","0.00","2026-08-09 09:59:59","2026-08-09 17:59:59","0.00000","0","0.00","0.00000"
"all-available","Asia/Taipei","BTCUSDT","BTC-260812-66000-C","2026-08-12","66000","CALL","1h","2026-08-09 10:00:00","2026-08-09 18:00:00","165.000","165.000","165.000","165.000","0.00","2026-08-09 10:59:59","2026-08-09 18:59:59","0.00000","0","0.00","0.00000"
"all-available","Asia/Taipei","BTCUSDT","BTC-260812-66000-C","2026-08-12","66000","CALL","1h","2026-08-09 11:00:00","2026-08-09 19:00:00","200.000","200.000","200.000","200.000","0.01","2026-08-09 11:59:59","2026-08-09 19:59:59","2.00000","1","0.00","0.00000"
"all-available","Asia/Taipei","BTCUSDT","BTC-260812-66000-C","2026-08-12","66000","CALL","1h","2026-08-09 12:00:00","2026-08-09 20:00:00","190.000","190.000","190.000","190.000","0.10","2026-08-09 12:59:59","2026-08-09 20:59:59","19.00000","1","0.00","0.00000"
"all-available","Asia/Taipei","BTCUSDT","BTC-260812-66000-C","2026-08-12","66000","CALL","1h","2026-08-09 13:00:00","2026-08-09 21:00:00","215.000","215.000","215.000","215.000","0.44","2026-08-09 13:59:59","2026-08-09 21:59:59","94.60000","3","0.44","94.60000"
"all-available","Asia/Taipei","BTCUSDT","BTC-260812-66000-C","2026-08-12","66000","CALL","1h","2026-08-09 14:00:00","2026-08-09 22:00:00","275.000","275.000","275.000","275.000","1.02","2026-08-09 14:59:59","2026-08-09 22:59:59","280.50000","3","1.02","280.50000"
"all-available","Asia/Taipei","BTCUSDT","BTC-260812-66000-C","2026-08-12","66000","CALL","1h","2026-08-09 15:00:00","2026-08-09 23:00:00","280.000","280.000","280.000","280.000","0.01","2026-08-09 15:59:59","2026-08-09 23:59:59","2.80000","1","0.00","0.00000"
"all-available","Asia/Taipei","BTCUSDT","BTC-260812-66000-C","2026-08-12","66000","CALL","1h","2026-08-09 16:00:00","2026-08-10 00:00:00","285.000","285.000","280.000","280.000","0.88","2026-08-09 16:59:59","2026-08-10 00:59:59","249.25000","6","0.88","249.25000"
"all-available","Asia/Taipei","BTCUSDT","BTC-260812-66000-C","2026-08-12","66000","CALL","1h","2026-08-09 17:00:00","2026-08-10 01:00:00","280.000","280.000","280.000","280.000","0.00","2026-08-09 17:59:59","2026-08-10 01:59:59","0.00000","0","0.00","0.00000"
"all-available","Asia/Taipei","BTCUSDT","BTC-260812-66000-C","2026-08-12","66000","CALL","1h","2026-08-09 18:00:00","2026-08-10 02:00:00","280.000","280.000","280.000","280.000","0.00","2026-08-09 18:59:59","2026-08-10 02:59:59","0.00000","0","0.00","0.00000"
"all-available","Asia/Taipei","BTCUSDT","BTC-260812-66000-C","2026-08-12","66000","CALL","1h","2026-08-09 19:00:00","2026-08-10 03:00:00","280.000","280.000","280.000","280.000","0.00","2026-08-09 19:59:59","2026-08-10 03:59:59","0.00000","0","0.00","0.00000"
"all-available","Asia/Taipei","BTCUSDT","BTC-260812-66000-C","2026-08-12","66000","CALL","1h","2026-08-09 20:00:00","2026-08-10 04:00:00","270.000","270.000","240.000","240.000","0.58","2026-08-09 20:59:59","2026-08-10 04:59:59","139.50000","3","0.57","136.80000"
"all-available","Asia/Taipei","BTCUSDT","BTC-260812-66000-C","2026-08-12","66000","CALL","1h","2026-08-09 21:00:00","2026-08-10 05:00:00","275.000","275.000","275.000","275.000","0.31","2026-08-09 21:59:59","2026-08-10 05:59:59","85.25000","2","0.31","85.25000"
"all-available","Asia/Taipei","BTCUSDT","BTC-260812-66000-C","2026-08-12","66000","CALL","1h","2026-08-09 22:00:00","2026-08-10 06:00:00","275.000","275.000","275.000","275.000","0.00","2026-08-09 22:59:59","2026-08-10 06:59:59","0.00000","0","0.00","0.00000"
"all-available","Asia/Taipei","BTCUSDT","BTC-260812-66000-C","2026-08-12","66000","CALL","1h","2026-08-09 23:00:00","2026-08-10 07:00:00","200.000","200.000","200.000","200.000","0.31","2026-08-09 23:59:59","2026-08-10 07:59:59","62.00000","1","0.00","0.00000"
"all-available","Asia/Taipei","BTCUSDT","BTC-260812-66000-C","2026-08-12","66000","CALL","1h","2026-08-10 00:00:00","2026-08-10 08:00:00","195.000","195.000","195.000","195.000","0.11","2026-08-10 00:59:59","2026-08-10 08:59:59","21.45000","2","0.00","0.00000"
"all-available","Asia/Taipei","BTCUSDT","BTC-260812-66000-C","2026-08-12","66000","CALL","1h","2026-08-10 01:00:00","2026-08-10 09:00:00","195.000","295.000","195.000","295.000","0.03","2026-08-10 01:59:59","2026-08-10 09:59:59","6.85000","2","0.00","0.00000"
"all-available","Asia/Taipei","BTCUSDT","BTC-260812-66000-C","2026-08-12","66000","CALL","1h","2026-08-10 02:00:00","2026-08-10 10:00:00","295.000","295.000","295.000","295.000","0.00","2026-08-10 02:59:59","2026-08-10 10:59:59","0.00000","0","0.00","0.00000"
"all-available","Asia/Taipei","BTCUSDT","BTC-260812-66000-C","2026-08-12","66000","CALL","1h","2026-08-10 03:00:00","2026-08-10 11:00:00","295.000","295.000","295.000","295.000","0.00","2026-08-10 03:59:59","2026-08-10 11:59:59","0.00000","0","0.00","0.00000"
"all-available","Asia/Taipei","BTCUSDT","BTC-260812-66000-C","2026-08-12","66000","CALL","1h","2026-08-10 04:00:00","2026-08-10 12:00:00","185.000","185.000","185.000","185.000","0.03","2026-08-10 04:59:59","2026-08-10 12:59:59","5.55000","3","0.00","0.00000"
"all-available","Asia/Taipei","BTCUSDT","BTC-260812-66000-C","2026-08-12","66000","CALL","1h","2026-08-10 05:00:00","2026-08-10 13:00:00","210.000","210.000","210.000","210.000","0.02","2026-08-10 05:59:59","2026-08-10 13:59:59","4.20000","1","0.02","4.20000"
"all-available","Asia/Taipei","BTCUSDT","BTC-260812-66000-C","2026-08-12","66000","CALL","1h","2026-08-10 06:00:00","2026-08-10 14:00:00","210.000","220.000","210.000","220.000","0.79","2026-08-10 06:59:59","2026-08-10 14:59:59","166.30000","8","0.79","166.30000"
"all-available","Asia/Taipei","BTCUSDT","BTC-260812-66000-C","2026-08-12","66000","CALL","1h","2026-08-10 07:00:00","2026-08-10 15:00:00","220.000","220.000","220.000","220.000","0.00","2026-08-10 07:59:59","2026-08-10 15:59:59","0.00000","0","0.00","0.00000"
"all-available","Asia/Taipei","BTCUSDT","BTC-260812-66000-C","2026-08-12","66000","CALL","1h","2026-08-10 08:00:00","2026-08-10 16:00:00","220.000","230.000","220.000","220.000","0.17","2026-08-10 08:59:59","2026-08-10 16:59:59","37.95000","6","0.11","24.20000"
"all-available","Asia/Taipei","BTCUSDT","BTC-260812-66000-C","2026-08-12","66000","CALL","1h","2026-08-10 09:00:00","2026-08-10 17:00:00","185.000","185.000","185.000","185.000","0.04","2026-08-10 09:59:59","2026-08-10 17:59:59","7.40000","2","0.00","0.00000"
"all-available","Asia/Taipei","BTCUSDT","BTC-260812-66000-C","2026-08-12","66000","CALL","1h","2026-08-10 10:00:00","2026-08-10 18:00:00","185.000","185.000","185.000","185.000","0.00","2026-08-10 10:59:59","2026-08-10 18:59:59","0.00000","0","0.00","0.00000"
"all-available","Asia/Taipei","BTCUSDT","BTC-260812-66000-C","2026-08-12","66000","CALL","1h","2026-08-10 11:00:00","2026-08-10 19:00:00","185.000","185.000","185.000","185.000","0.00","2026-08-10 11:59:59","2026-08-10 19:59:59","0.00000","0","0.00","0.00000"
"all-available","Asia/Taipei","BTCUSDT","BTC-260812-66000-C","2026-08-12","66000","CALL","1h","2026-08-10 12:00:00","2026-08-10 20:00:00","155.000","155.000","105.000","105.000","9.17","2026-08-10 12:59:59","2026-08-10 20:59:59","1115.80000","5","1.17","181.35000"
"all-available","Asia/Taipei","BTCUSDT","BTC-260812-66000-C","2026-08-12","66000","CALL","1h","2026-08-10 13:00:00","2026-08-10 21:00:00","100.000","100.000","65.000","65.000","19.80","2026-08-10 13:59:59","2026-08-10 21:59:59","1595.90000","12","14.30","1045.90000"
"all-available","Asia/Taipei","BTCUSDT","BTC-260812-66000-C","2026-08-12","66000","CALL","1h","2026-08-10 14:00:00","2026-08-10 22:00:00","65.000","80.000","65.000","75.000","13.54","2026-08-10 14:59:59","2026-08-10 22:59:59","1054.50000","13","11.90","936.05000"
"all-available","Asia/Taipei","BTCUSDT","BTC-260812-66000-C","2026-08-12","66000","CALL","1h","2026-08-10 15:00:00","2026-08-10 23:00:00","50.000","50.000","35.000","35.000","2.78","2026-08-10 15:59:59","2026-08-10 23:59:59","111.90000","9","2.30","92.25000"
"all-available","Asia/Taipei","BTCUSDT","BTC-260812-66000-C","2026-08-12","66000","CALL","1h","2026-08-10 16:00:00","2026-08-11 00:00:00","30.000","30.000","30.000","30.000","5.06","2026-08-10 16:59:59","2026-08-11 00:59:59","151.80000","8","5.00","150.00000"
"all-available","Asia/Taipei","BTCUSDT","BTC-260812-66000-C","2026-08-12","66000","CALL","1h","2026-08-10 17:00:00","2026-08-11 01:00:00","30.000","30.000","30.000","30.000","10.00","2026-08-10 17:59:59","2026-08-11 01:59:59","300.00000","7","10.00","300.00000"
"all-available","Asia/Taipei","BTCUSDT","BTC-260812-66000-C","2026-08-12","66000","CALL","1h","2026-08-10 18:00:00","2026-08-11 02:00:00","30.000","30.000","30.000","30.000","1.03","2026-08-10 18:59:59","2026-08-11 02:59:59","30.90000","6","1.03","30.90000"
"all-available","Asia/Taipei","BTCUSDT","BTC-260812-66000-C","2026-08-12","66000","CALL","1h","2026-08-10 19:00:00","2026-08-11 03:00:00","25.000","25.000","25.000","25.000","0.10","2026-08-10 19:59:59","2026-08-11 03:59:59","2.50000","2","0.00","0.00000"
"all-available","Asia/Taipei","BTCUSDT","BTC-260812-66000-C","2026-08-12","66000","CALL","1h","2026-08-10 20:00:00","2026-08-11 04:00:00","30.000","30.000","30.000","30.000","0.08","2026-08-10 20:59:59","2026-08-11 04:59:59","2.40000","3","0.08","2.40000"
"all-available","Asia/Taipei","BTCUSDT","BTC-260812-66000-C","2026-08-12","66000","CALL","1h","2026-08-10 21:00:00","2026-08-11 05:00:00","30.000","30.000","30.000","30.000","0.03","2026-08-10 21:59:59","2026-08-11 05:59:59","0.90000","1","0.03","0.90000"
"all-available","Asia/Taipei","BTCUSDT","BTC-260812-66000-C","2026-08-12","66000","CALL","1h","2026-08-10 22:00:00","2026-08-11 06:00:00","30.000","30.000","30.000","30.000","0.00","2026-08-10 22:59:59","2026-08-11 06:59:59","0.00000","0","0.00","0.00000"
"all-available","Asia/Taipei","BTCUSDT","BTC-260812-66000-C","2026-08-12","66000","CALL","1h","2026-08-10 23:00:00","2026-08-11 07:00:00","20.000","20.000","20.000","20.000","0.04","2026-08-10 23:59:59","2026-08-11 07:59:59","0.80000","1","0.04","0.80000"
"all-available","Asia/Taipei","BTCUSDT","BTC-260812-66000-C","2026-08-12","66000","CALL","1h","2026-08-11 00:00:00","2026-08-11 08:00:00","15.000","15.000","15.000","15.000","0.50","2026-08-11 00:59:59","2026-08-11 08:59:59","7.50000","1","0.00","0.00000"
"all-available","Asia/Taipei","BTCUSDT","BTC-260812-66000-C","2026-08-12","66000","CALL","1h","2026-08-11 01:00:00","2026-08-11 09:00:00","15.000","15.000","15.000","15.000","5.11","2026-08-11 01:59:59","2026-08-11 09:59:59","76.65000","3","0.00","0.00000"
"all-available","Asia/Taipei","BTCUSDT","BTC-260812-66000-C","2026-08-12","66000","CALL","1h","2026-08-11 02:00:00","2026-08-11 10:00:00","15.000","15.000","15.000","15.000","0.50","2026-08-11 02:59:59","2026-08-11 10:59:59","7.50000","5","0.50","7.50000"
"all-available","Asia/Taipei","BTCUSDT","BTC-260812-66000-C","2026-08-12","66000","CALL","1h","2026-08-11 03:00:00","2026-08-11 11:00:00","10.000","10.000","10.000","10.000","0.01","2026-08-11 03:59:59","2026-08-11 11:59:59","0.10000","1","0.00","0.00000"
"all-available","Asia/Taipei","BTCUSDT","BTC-260812-66000-C","2026-08-12","66000","CALL","1h","2026-08-11 04:00:00","2026-08-11 12:00:00","15.000","15.000","15.000","15.000","1.01","2026-08-11 04:59:59","2026-08-11 12:59:59","15.15000","7","1.01","15.15000"
"all-available","Asia/Taipei","BTCUSDT","BTC-260812-66000-C","2026-08-12","66000","CALL","1h","2026-08-11 05:00:00","2026-08-11 13:00:00","15.000","15.000","15.000","15.000","0.00","2026-08-11 05:59:59","2026-08-11 13:59:59","0.00000","0","0.00","0.00000"
"all-available","Asia/Taipei","BTCUSDT","BTC-260812-66000-C","2026-08-12","66000","CALL","1h","2026-08-11 06:00:00","2026-08-11 14:00:00","15.000","15.000","15.000","15.000","0.00","2026-08-11 06:59:59","2026-08-11 14:59:59","0.00000","0","0.00","0.00000"
"all-available","Asia/Taipei","BTCUSDT","BTC-260812-66000-C","2026-08-12","66000","CALL","1h","2026-08-11 07:00:00","2026-08-11 15:00:00","15.000","15.000","15.000","15.000","0.00","2026-08-11 07:59:59","2026-08-11 15:59:59","0.00000","0","0.00","0.00000"
"all-available","Asia/Taipei","BTCUSDT","BTC-260812-66000-C","2026-08-12","66000","CALL","1h","2026-08-11 08:00:00","2026-08-11 16:00:00","10.000","10.000","10.000","10.000","4.88","2026-08-11 08:59:59","2026-08-11 16:59:59","48.80000","17","2.60","26.00000"
"all-available","Asia/Taipei","BTCUSDT","BTC-260812-66000-C","2026-08-12","66000","CALL","1h","2026-08-11 09:00:00","2026-08-11 17:00:00","10.000","10.000","10.000","10.000","0.00","2026-08-11 09:59:59","2026-08-11 17:59:59","0.00000","0","0.00","0.00000"
"all-available","Asia/Taipei","BTCUSDT","BTC-260812-66000-C","2026-08-12","66000","CALL","1h","2026-08-11 10:00:00","2026-08-11 18:00:00","10.000","15.000","10.000","15.000","0.47","2026-08-11 10:59:59","2026-08-11 18:59:59","7.00000","3","0.46","6.90000"
"all-available","Asia/Taipei","BTCUSDT","BTC-260812-66000-C","2026-08-12","66000","CALL","1h","2026-08-11 11:00:00","2026-08-11 19:00:00","10.000","15.000","10.000","15.000","4.29","2026-08-11 11:59:59","2026-08-11 19:59:59","52.00000","12","1.82","27.30000"
"all-available","Asia/Taipei","BTCUSDT","BTC-260812-66000-C","2026-08-12","66000","CALL","1h","2026-08-11 12:00:00","2026-08-11 20:00:00","15.000","15.000","15.000","15.000","0.00","2026-08-11 12:59:59","2026-08-11 20:59:59","0.00000","0","0.00","0.00000"
"all-available","Asia/Taipei","BTCUSDT","BTC-260812-66000-C","2026-08-12","66000","CALL","1h","2026-08-11 13:00:00","2026-08-11 21:00:00","15.000","15.000","15.000","15.000","0.00","2026-08-11 13:59:59","2026-08-11 21:59:59","0.00000","0","0.00","0.00000"
"all-available","Asia/Taipei","BTCUSDT","BTC-260812-66000-C","2026-08-12","66000","CALL","1h","2026-08-11 14:00:00","2026-08-11 22:00:00","10.000","10.000","10.000","10.000","1.52","2026-08-11 14:59:59","2026-08-11 22:59:59","15.20000","3","0.00","0.00000"
"all-available","Asia/Taipei","BTCUSDT","BTC-260812-66000-C","2026-08-12","66000","CALL","1h","2026-08-11 15:00:00","2026-08-11 23:00:00","5.000","5.000","5.000","5.000","0.50","2026-08-11 15:59:59","2026-08-11 23:59:59","2.50000","1","0.00","0.00000"
"all-available","Asia/Taipei","BTCUSDT","BTC-260812-66000-C","2026-08-12","66000","CALL","1h","2026-08-11 16:00:00","2026-08-12 00:00:00","5.000","5.000","5.000","5.000","0.00","2026-08-11 16:59:59","2026-08-12 00:59:59","0.00000","0","0.00","0.00000"
"all-available","Asia/Taipei","BTCUSDT","BTC-260812-66000-C","2026-08-12","66000","CALL","1h","2026-08-11 17:00:00","2026-08-12 01:00:00","5.000","5.000","5.000","5.000","0.00","2026-08-11 17:59:59","2026-08-12 01:59:59","0.00000","0","0.00","0.00000"
"all-available","Asia/Taipei","BTCUSDT","BTC-260812-66000-C","2026-08-12","66000","CALL","1h","2026-08-11 18:00:00","2026-08-12 02:00:00","5.000","5.000","5.000","5.000","0.21","2026-08-11 18:59:59","2026-08-12 02:59:59","1.05000","2","0.21","1.05000"
"all-available","Asia/Taipei","BTCUSDT","BTC-260812-66000-C","2026-08-12","66000","CALL","1h","2026-08-11 19:00:00","2026-08-12 03:00:00","5.000","5.000","5.000","5.000","0.00","2026-08-11 19:59:59","2026-08-12 03:59:59","0.00000","0","0.00","0.00000"
"all-available","Asia/Taipei","BTCUSDT","BTC-260812-66000-C","2026-08-12","66000","CALL","1h","2026-08-11 20:00:00","2026-08-12 04:00:00","5.000","5.000","5.000","5.000","0.01","2026-08-11 20:59:59","2026-08-12 04:59:59","0.05000","1","0.01","0.05000"
"all-available","Asia/Taipei","BTCUSDT","BTC-260812-66000-C","2026-08-12","66000","CALL","1h","2026-08-11 21:00:00","2026-08-12 05:00:00","5.000","5.000","5.000","5.000","0.00","2026-08-11 21:59:59","2026-08-12 05:59:59","0.00000","0","0.00","0.00000"
"all-available","Asia/Taipei","BTCUSDT","BTC-260812-66000-C","2026-08-12","66000","CALL","1h","2026-08-11 22:00:00","2026-08-12 06:00:00","5.000","5.000","5.000","5.000","0.00","2026-08-11 22:59:59","2026-08-12 06:59:59","0.00000","0","0.00","0.00000"
"all-available","Asia/Taipei","BTCUSDT","BTC-260812-66000-C","2026-08-12","66000","CALL","1h","2026-08-11 23:00:00","2026-08-12 07:00:00","5.000","5.000","5.000","5.000","0.00","2026-08-11 23:59:59","2026-08-12 07:59:59","0.00000","0","0.00","0.00000"
"all-available","Asia/Taipei","BTCUSDT","BTC-260812-66000-C","2026-08-12","66000","CALL","1h","2026-08-12 00:00:00","2026-08-12 08:00:00","5.000","5.000","5.000","5.000","0.00","2026-08-12 00:59:59","2026-08-12 08:59:59","0.00000","0","0.00","0.00000"
"all-available","Asia/Taipei","BTCUSDT","BTC-260812-66000-C","2026-08-12","66000","CALL","1h","2026-08-12 01:00:00","2026-08-12 09:00:00","5.000","5.000","5.000","5.000","0.00","2026-08-12 01:59:59","2026-08-12 09:59:59","0.00000","0","0.00","0.00000"
"all-available","Asia/Taipei","BTCUSDT","BTC-260812-66000-C","2026-08-12","66000","CALL","1h","2026-08-12 02:00:00","2026-08-12 10:00:00","5.000","5.000","5.000","5.000","0.00","2026-08-12 02:59:59","2026-08-12 10:59:59","0.00000","0","0.00","0.00000"
"all-available","Asia/Taipei","BTCUSDT","BTC-260812-66000-C","2026-08-12","66000","CALL","1h","2026-08-12 03:00:00","2026-08-12 11:00:00","5.000","5.000","5.000","5.000","0.00","2026-08-12 03:59:59","2026-08-12 11:59:59","0.00000","0","0.00","0.00000"
"all-available","Asia/Taipei","BTCUSDT","BTC-260812-66000-C","2026-08-12","66000","CALL","1h","2026-08-12 04:00:00","2026-08-12 12:00:00","5.000","5.000","5.000","5.000","0.00","2026-08-12 04:59:59","2026-08-12 12:59:59","0.00000","0","0.00","0.00000"
"all-available","Asia/Taipei","BTCUSDT","BTC-260812-66000-C","2026-08-12","66000","CALL","1h","2026-08-12 05:00:00","2026-08-12 13:00:00","5.000","5.000","5.000","5.000","0.00","2026-08-12 05:59:59","2026-08-12 13:59:59","0.00000","0","0.00","0.00000"
"all-available","Asia/Taipei","BTCUSDT","BTC-260812-66000-C","2026-08-12","66000","CALL","1h","2026-08-12 06:00:00","2026-08-12 14:00:00","5.000","5.000","5.000","5.000","0.00","2026-08-12 06:59:59","2026-08-12 14:59:59","0.00000","0","0.00","0.00000"
"all-available","Asia/Taipei","BTCUSDT","BTC-260812-66000-C","2026-08-12","66000","CALL","1h","2026-08-12 07:00:00","2026-08-12 15:00:00","5.000","5.000","5.000","5.000","0.00","2026-08-12 07:59:59","2026-08-12 15:59:59","0.00000","0","0.00","0.00000"
"all-available","Asia/Taipei","BTCUSDT","BTC-260812-66000-P","2026-08-12","66000","PUT","1h","2026-08-10 07:00:00","2026-08-10 15:00:00","915.000","935.000","915.000","935.000","4.22","2026-08-10 07:59:59","2026-08-10 15:59:59","3937.70000","4","4.22","3937.70000"
"all-available","Asia/Taipei","BTCUSDT","BTC-260812-66000-P","2026-08-12","66000","PUT","1h","2026-08-10 08:00:00","2026-08-10 16:00:00","935.000","935.000","935.000","935.000","0.00","2026-08-10 08:59:59","2026-08-10 16:59:59","0.00000","0","0.00","0.00000"
"all-available","Asia/Taipei","BTCUSDT","BTC-260812-66000-P","2026-08-12","66000","PUT","1h","2026-08-10 09:00:00","2026-08-10 17:00:00","935.000","935.000","935.000","935.000","0.00","2026-08-10 09:59:59","2026-08-10 17:59:59","0.00000","0","0.00","0.00000"
"all-available","Asia/Taipei","BTCUSDT","BTC-260812-66000-P","2026-08-12","66000","PUT","1h","2026-08-10 10:00:00","2026-08-10 18:00:00","935.000","935.000","935.000","935.000","0.00","2026-08-10 10:59:59","2026-08-10 18:59:59","0.00000","0","0.00","0.00000"
"all-available","Asia/Taipei","BTCUSDT","BTC-260812-66000-P","2026-08-12","66000","PUT","1h","2026-08-10 11:00:00","2026-08-10 19:00:00","935.000","935.000","935.000","935.000","0.00","2026-08-10 11:59:59","2026-08-10 19:59:59","0.00000","0","0.00","0.00000"
"all-available","Asia/Taipei","BTCUSDT","BTC-260812-66000-P","2026-08-12","66000","PUT","1h","2026-08-10 12:00:00","2026-08-10 20:00:00","935.000","935.000","935.000","935.000","0.00","2026-08-10 12:59:59","2026-08-10 20:59:59","0.00000","0","0.00","0.00000"
"all-available","Asia/Taipei","BTCUSDT","BTC-260812-66000-P","2026-08-12","66000","PUT","1h","2026-08-10 13:00:00","2026-08-10 21:00:00","935.000","935.000","935.000","935.000","0.00","2026-08-10 13:59:59","2026-08-10 21:59:59","0.00000","0","0.00","0.00000"
"all-available","Asia/Taipei","BTCUSDT","BTC-260812-66000-P","2026-08-12","66000","PUT","1h","2026-08-10 14:00:00","2026-08-10 22:00:00","935.000","935.000","935.000","935.000","0.00","2026-08-10 14:59:59","2026-08-10 22:59:59","0.00000","0","0.00","0.00000"
"all-available","Asia/Taipei","BTCUSDT","BTC-260812-66000-P","2026-08-12","66000","PUT","1h","2026-08-10 15:00:00","2026-08-10 23:00:00","935.000","935.000","935.000","935.000","0.00","2026-08-10 15:59:59","2026-08-10 23:59:59","0.00000","0","0.00","0.00000"
"all-available","Asia/Taipei","BTCUSDT","BTC-260812-66000-P","2026-08-12","66000","PUT","1h","2026-08-10 16:00:00","2026-08-11 00:00:00","935.000","935.000","935.000","935.000","0.00","2026-08-10 16:59:59","2026-08-11 00:59:59","0.00000","0","0.00","0.00000"
"all-available","Asia/Taipei","BTCUSDT","BTC-260812-66000-P","2026-08-12","66000","PUT","1h","2026-08-10 17:00:00","2026-08-11 01:00:00","935.000","935.000","935.000","935.000","0.00","2026-08-10 17:59:59","2026-08-11 01:59:59","0.00000","0","0.00","0.00000"
"all-available","Asia/Taipei","BTCUSDT","BTC-260812-66000-P","2026-08-12","66000","PUT","1h","2026-08-10 18:00:00","2026-08-11 02:00:00","935.000","935.000","935.000","935.000","0.00","2026-08-10 18:59:59","2026-08-11 02:59:59","0.00000","0","0.00","0.00000"
"all-available","Asia/Taipei","BTCUSDT","BTC-260812-66000-P","2026-08-12","66000","PUT","1h","2026-08-10 19:00:00","2026-08-11 03:00:00","935.000","935.000","935.000","935.000","0.00","2026-08-10 19:59:59","2026-08-11 03:59:59","0.00000","0","0.00","0.00000"
"all-available","Asia/Taipei","BTCUSDT","BTC-260812-66000-P","2026-08-12","66000","PUT","1h","2026-08-10 20:00:00","2026-08-11 04:00:00","935.000","935.000","935.000","935.000","0.00","2026-08-10 20:59:59","2026-08-11 04:59:59","0.00000","0","0.00","0.00000"
"all-available","Asia/Taipei","BTCUSDT","BTC-260812-66000-P","2026-08-12","66000","PUT","1h","2026-08-10 21:00:00","2026-08-11 05:00:00","935.000","935.000","935.000","935.000","0.00","2026-08-10 21:59:59","2026-08-11 05:59:59","0.00000","0","0.00","0.00000"
"all-available","Asia/Taipei","BTCUSDT","BTC-260812-66000-P","2026-08-12","66000","PUT","1h","2026-08-10 22:00:00","2026-08-11 06:00:00","935.000","935.000","935.000","935.000","0.00","2026-08-10 22:59:59","2026-08-11 06:59:59","0.00000","0","0.00","0.00000"
"all-available","Asia/Taipei","BTCUSDT","BTC-260812-66000-P","2026-08-12","66000","PUT","1h","2026-08-10 23:00:00","2026-08-11 07:00:00","935.000","935.000","935.000","935.000","0.00","2026-08-10 23:59:59","2026-08-11 07:59:59","0.00000","0","0.00","0.00000"
"all-available","Asia/Taipei","BTCUSDT","BTC-260812-66000-P","2026-08-12","66000","PUT","1h","2026-08-11 00:00:00","2026-08-11 08:00:00","935.000","935.000","935.000","935.000","0.00","2026-08-11 00:59:59","2026-08-11 08:59:59","0.00000","0","0.00","0.00000"
"all-available","Asia/Taipei","BTCUSDT","BTC-260812-66000-P","2026-08-12","66000","PUT","1h","2026-08-11 01:00:00","2026-08-11 09:00:00","935.000","935.000","935.000","935.000","0.00","2026-08-11 01:59:59","2026-08-11 09:59:59","0.00000","0","0.00","0.00000"
"all-available","Asia/Taipei","BTCUSDT","BTC-260812-66000-P","2026-08-12","66000","PUT","1h","2026-08-11 02:00:00","2026-08-11 10:00:00","935.000","935.000","935.000","935.000","0.00","2026-08-11 02:59:59","2026-08-11 10:59:59","0.00000","0","0.00","0.00000"
"all-available","Asia/Taipei","BTCUSDT","BTC-260812-66000-P","2026-08-12","66000","PUT","1h","2026-08-11 03:00:00","2026-08-11 11:00:00","935.000","935.000","935.000","935.000","0.00","2026-08-11 03:59:59","2026-08-11 11:59:59","0.00000","0","0.00","0.00000"
"all-available","Asia/Taipei","BTCUSDT","BTC-260812-66000-P","2026-08-12","66000","PUT","1h","2026-08-11 04:00:00","2026-08-11 12:00:00","935.000","935.000","935.000","935.000","0.00","2026-08-11 04:59:59","2026-08-11 12:59:59","0.00000","0","0.00","0.00000"
"all-available","Asia/Taipei","BTCUSDT","BTC-260812-66000-P","2026-08-12","66000","PUT","1h","2026-08-11 05:00:00","2026-08-11 13:00:00","935.000","935.000","935.000","935.000","0.00","2026-08-11 05:59:59","2026-08-11 13:59:59","0.00000","0","0.00","0.00000"
"all-available","Asia/Taipei","BTCUSDT","BTC-260812-66000-P","2026-08-12","66000","PUT","1h","2026-08-11 06:00:00","2026-08-11 14:00:00","935.000","935.000","935.000","935.000","0.00","2026-08-11 06:59:59","2026-08-11 14:59:59","0.00000","0","0.00","0.00000"
"all-available","Asia/Taipei","BTCUSDT","BTC-260812-66000-P","2026-08-12","66000","PUT","1h","2026-08-11 07:00:00","2026-08-11 15:00:00","935.000","935.000","935.000","935.000","0.00","2026-08-11 07:59:59","2026-08-11 15:59:59","0.00000","0","0.00","0.00000"
"all-available","Asia/Taipei","BTCUSDT","BTC-260812-66000-P","2026-08-12","66000","PUT","1h","2026-08-11 08:00:00","2026-08-11 16:00:00","935.000","935.000","935.000","935.000","0.00","2026-08-11 08:59:59","2026-08-11 16:59:59","0.00000","0","0.00","0.00000"
"all-available","Asia/Taipei","BTCUSDT","BTC-260812-66000-P","2026-08-12","66000","PUT","1h","2026-08-11 09:00:00","2026-08-11 17:00:00","935.000","935.000","935.000","935.000","0.00","2026-08-11 09:59:59","2026-08-11 17:59:59","0.00000","0","0.00","0.00000"
"all-available","Asia/Taipei","BTCUSDT","BTC-260812-66000-P","2026-08-12","66000","PUT","1h","2026-08-11 10:00:00","2026-08-11 18:00:00","935.000","935.000","935.000","935.000","0.00","2026-08-11 10:59:59","2026-08-11 18:59:59","0.00000","0","0.00","0.00000"
"all-available","Asia/Taipei","BTCUSDT","BTC-260812-66000-P","2026-08-12","66000","PUT","1h","2026-08-11 11:00:00","2026-08-11 19:00:00","935.000","935.000","935.000","935.000","0.00","2026-08-11 11:59:59","2026-08-11 19:59:59","0.00000","0","0.00","0.00000"
"all-available","Asia/Taipei","BTCUSDT","BTC-260812-66000-P","2026-08-12","66000","PUT","1h","2026-08-11 12:00:00","2026-08-11 20:00:00","935.000","935.000","935.000","935.000","0.00","2026-08-11 12:59:59","2026-08-11 20:59:59","0.00000","0","0.00","0.00000"
"all-available","Asia/Taipei","BTCUSDT","BTC-260812-66000-P","2026-08-12","66000","PUT","1h","2026-08-11 13:00:00","2026-08-11 21:00:00","935.000","935.000","935.000","935.000","0.00","2026-08-11 13:59:59","2026-08-11 21:59:59","0.00000","0","0.00","0.00000"
"all-available","Asia/Taipei","BTCUSDT","BTC-260812-66000-P","2026-08-12","66000","PUT","1h","2026-08-11 14:00:00","2026-08-11 22:00:00","935.000","935.000","935.000","935.000","0.00","2026-08-11 14:59:59","2026-08-11 22:59:59","0.00000","0","0.00","0.00000"
"all-available","Asia/Taipei","BTCUSDT","BTC-260812-66000-P","2026-08-12","66000","PUT","1h","2026-08-11 15:00:00","2026-08-11 23:00:00","935.000","935.000","935.000","935.000","0.00","2026-08-11 15:59:59","2026-08-11 23:59:59","0.00000","0","0.00","0.00000"
"all-available","Asia/Taipei","BTCUSDT","BTC-260812-66000-P","2026-08-12","66000","PUT","1h","2026-08-11 16:00:00","2026-08-12 00:00:00","935.000","935.000","935.000","935.000","0.00","2026-08-11 16:59:59","2026-08-12 00:59:59","0.00000","0","0.00","0.00000"
"all-available","Asia/Taipei","BTCUSDT","BTC-260812-66000-P","2026-08-12","66000","PUT","1h","2026-08-11 17:00:00","2026-08-12 01:00:00","935.000","935.000","935.000","935.000","0.00","2026-08-11 17:59:59","2026-08-12 01:59:59","0.00000","0","0.00","0.00000"
"all-available","Asia/Taipei","BTCUSDT","BTC-260812-66000-P","2026-08-12","66000","PUT","1h","2026-08-11 18:00:00","2026-08-12 02:00:00","935.000","935.000","935.000","935.000","0.00","2026-08-11 18:59:59","2026-08-12 02:59:59","0.00000","0","0.00","0.00000"
"all-available","Asia/Taipei","BTCUSDT","BTC-260812-66000-P","2026-08-12","66000","PUT","1h","2026-08-11 19:00:00","2026-08-12 03:00:00","935.000","935.000","935.000","935.000","0.00","2026-08-11 19:59:59","2026-08-12 03:59:59","0.00000","0","0.00","0.00000"
"all-available","Asia/Taipei","BTCUSDT","BTC-260812-66000-P","2026-08-12","66000","PUT","1h","2026-08-11 20:00:00","2026-08-12 04:00:00","935.000","935.000","935.000","935.000","0.00","2026-08-11 20:59:59","2026-08-12 04:59:59","0.00000","0","0.00","0.00000"
"all-available","Asia/Taipei","BTCUSDT","BTC-260812-66000-P","2026-08-12","66000","PUT","1h","2026-08-11 21:00:00","2026-08-12 05:00:00","935.000","935.000","935.000","935.000","0.00","2026-08-11 21:59:59","2026-08-12 05:59:59","0.00000","0","0.00","0.00000"
"all-available","Asia/Taipei","BTCUSDT","BTC-260812-66000-P","2026-08-12","66000","PUT","1h","2026-08-11 22:00:00","2026-08-12 06:00:00","935.000","935.000","935.000","935.000","0.00","2026-08-11 22:59:59","2026-08-12 06:59:59","0.00000","0","0.00","0.00000"
"all-available","Asia/Taipei","BTCUSDT","BTC-260812-66000-P","2026-08-12","66000","PUT","1h","2026-08-11 23:00:00","2026-08-12 07:00:00","935.000","935.000","935.000","935.000","0.00","2026-08-11 23:59:59","2026-08-12 07:59:59","0.00000","0","0.00","0.00000"
"all-available","Asia/Taipei","BTCUSDT","BTC-260812-66000-P","2026-08-12","66000","PUT","1h","2026-08-12 00:00:00","2026-08-12 08:00:00","935.000","935.000","935.000","935.000","0.00","2026-08-12 00:59:59","2026-08-12 08:59:59","0.00000","0","0.00","0.00000"
"all-available","Asia/Taipei","BTCUSDT","BTC-260812-66000-P","2026-08-12","66000","PUT","1h","2026-08-12 01:00:00","2026-08-12 09:00:00","935.000","935.000","935.000","935.000","0.00","2026-08-12 01:59:59","2026-08-12 09:59:59","0.00000","0","0.00","0.00000"
"all-available","Asia/Taipei","BTCUSDT","BTC-260812-66000-P","2026-08-12","66000","PUT","1h","2026-08-12 02:00:00","2026-08-12 10:00:00","935.000","935.000","935.000","935.000","0.00","2026-08-12 02:59:59","2026-08-12 10:59:59","0.00000","0","0.00","0.00000"
"all-available","Asia/Taipei","BTCUSDT","BTC-260812-66000-P","2026-08-12","66000","PUT","1h","2026-08-12 03:00:00","2026-08-12 11:00:00","935.000","935.000","935.000","935.000","0.00","2026-08-12 03:59:59","2026-08-12 11:59:59","0.00000","0","0.00","0.00000"
"all-available","Asia/Taipei","BTCUSDT","BTC-260812-66000-P","2026-08-12","66000","PUT","1h","2026-08-12 04:00:00","2026-08-12 12:00:00","935.000","935.000","935.000","935.000","0.00","2026-08-12 04:59:59","2026-08-12 12:59:59","0.00000","0","0.00","0.00000"
"all-available","Asia/Taipei","BTCUSDT","BTC-260812-66000-P","2026-08-12","66000","PUT","1h","2026-08-12 05:00:00","2026-08-12 13:00:00","935.000","935.000","935.000","935.000","0.00","2026-08-12 05:59:59","2026-08-12 13:59:59","0.00000","0","0.00","0.00000"
"all-available","Asia/Taipei","BTCUSDT","BTC-260812-66000-P","2026-08-12","66000","PUT","1h","2026-08-12 06:00:00","2026-08-12 14:00:00","935.000","935.000","935.000","935.000","0.00","2026-08-12 06:59:59","2026-08-12 14:59:59","0.00000","0","0.00","0.00000"
"all-available","Asia/Taipei","BTCUSDT","BTC-260812-66000-P","2026-08-12","66000","PUT","1h","2026-08-12 07:00:00","2026-08-12 15:00:00","935.000","935.000","935.000","935.000","0.00","2026-08-12 07:59:59","2026-08-12 15:59:59","0.00000","0","0.00","0.00000"
"all-available","Asia/Taipei","BTCUSDT","BTC-260812-66500-C","2026-08-12","66500","CALL","1h","2026-08-09 15:00:00","2026-08-09 23:00:00","160.000","160.000","160.000","160.000","0.50","2026-08-09 15:59:59","2026-08-09 23:59:59","80.00000","1","0.00","0.00000"
"all-available","Asia/Taipei","BTCUSDT","BTC-260812-66500-C","2026-08-12","66500","CALL","1h","2026-08-09 16:00:00","2026-08-10 00:00:00","160.000","160.000","160.000","160.000","0.00","2026-08-09 16:59:59","2026-08-10 00:59:59","0.00000","0","0.00","0.00000"
"all-available","Asia/Taipei","BTCUSDT","BTC-260812-66500-C","2026-08-12","66500","CALL","1h","2026-08-09 17:00:00","2026-08-10 01:00:00","160.000","160.000","160.000","160.000","0.02","2026-08-09 17:59:59","2026-08-10 01:59:59","3.20000","1","0.00","0.00000"
"all-available","Asia/Taipei","BTCUSDT","BTC-260812-66500-C","2026-08-12","66500","CALL","1h","2026-08-09 18:00:00","2026-08-10 02:00:00","160.000","160.000","160.000","160.000","0.00","2026-08-09 18:59:59","2026-08-10 02:59:59","0.00000","0","0.00","0.00000"
"all-available","Asia/Taipei","BTCUSDT","BTC-260812-66500-C","2026-08-12","66500","CALL","1h","2026-08-09 19:00:00","2026-08-10 03:00:00","155.000","155.000","155.000","155.000","0.13","2026-08-09 19:59:59","2026-08-10 03:59:59","20.15000","2","0.13","20.15000"
"all-available","Asia/Taipei","BTCUSDT","BTC-260812-66500-C","2026-08-12","66500","CALL","1h","2026-08-09 20:00:00","2026-08-10 04:00:00","155.000","155.000","155.000","155.000","0.01","2026-08-09 20:59:59","2026-08-10 04:59:59","1.55000","1","0.01","1.55000"
"all-available","Asia/Taipei","BTCUSDT","BTC-260812-66500-C","2026-08-12","66500","CALL","1h","2026-08-09 21:00:00","2026-08-10 05:00:00","155.000","155.000","155.000","155.000","0.00","2026-08-09 21:59:59","2026-08-10 05:59:59","0.00000","0","0.00","0.00000"
"all-available","Asia/Taipei","BTCUSDT","BTC-260812-66500-C","2026-08-12","66500","CALL","1h","2026-08-09 22:00:00","2026-08-10 06:00:00","190.000","190.000","140.000","140.000","0.12","2026-08-09 22:59:59","2026-08-10 06:59:59","22.30000","2","0.01","1.40000"
"all-available","Asia/Taipei","BTCUSDT","BTC-260812-66500-C","2026-08-12","66500","CALL","1h","2026-08-09 23:00:00","2026-08-10 07:00:00","125.000","125.000","125.000","125.000","1.67","2026-08-09 23:59:59","2026-08-10 07:59:59","208.75000","1","1.67","208.75000"
"all-available","Asia/Taipei","BTCUSDT","BTC-260812-66500-C","2026-08-12","66500","CALL","1h","2026-08-10 00:00:00","2026-08-10 08:00:00","130.000","130.000","110.000","110.000","2.03","2026-08-10 00:59:59","2026-08-10 08:59:59","229.30000","3","2.01","227.10000"
"all-available","Asia/Taipei","BTCUSDT","BTC-260812-66500-C","2026-08-12","66500","CALL","1h","2026-08-10 01:00:00","2026-08-10 09:00:00","115.000","120.000","115.000","120.000","1.01","2026-08-10 01:59:59","2026-08-10 09:59:59","121.15000","2","1.00","120.00000"
"all-available","Asia/Taipei","BTCUSDT","BTC-260812-66500-C","2026-08-12","66500","CALL","1h","2026-08-10 02:00:00","2026-08-10 10:00:00","120.000","120.000","120.000","120.000","0.00","2026-08-10 02:59:59","2026-08-10 10:59:59","0.00000","0","0.00","0.00000"
"all-available","Asia/Taipei","BTCUSDT","BTC-260812-66500-C","2026-08-12","66500","CALL","1h","2026-08-10 03:00:00","2026-08-10 11:00:00","105.000","105.000","105.000","105.000","0.07","2026-08-10 03:59:59","2026-08-10 11:59:59","7.35000","1","0.00","0.00000"
"all-available","Asia/Taipei","BTCUSDT","BTC-260812-66500-C","2026-08-12","66500","CALL","1h","2026-08-10 04:00:00","2026-08-10 12:00:00","105.000","105.000","105.000","105.000","0.00","2026-08-10 04:59:59","2026-08-10 12:59:59","0.00000","0","0.00","0.00000"
"all-available","Asia/Taipei","BTCUSDT","BTC-260812-66500-C","2026-08-12","66500","CALL","1h","2026-08-10 05:00:00","2026-08-10 13:00:00","105.000","105.000","105.000","105.000","0.00","2026-08-10 05:59:59","2026-08-10 13:59:59","0.00000","0","0.00","0.00000"
"all-available","Asia/Taipei","BTCUSDT","BTC-260812-66500-C","2026-08-12","66500","CALL","1h","2026-08-10 06:00:00","2026-08-10 14:00:00","105.000","105.000","105.000","105.000","0.00","2026-08-10 06:59:59","2026-08-10 14:59:59","0.00000","0","0.00","0.00000"
"all-available","Asia/Taipei","BTCUSDT","BTC-260812-66500-C","2026-08-12","66500","CALL","1h","2026-08-10 07:00:00","2026-08-10 15:00:00","105.000","105.000","105.000","105.000","0.00","2026-08-10 07:59:59","2026-08-10 15:59:59","0.00000","0","0.00","0.00000"
"all-available","Asia/Taipei","BTCUSDT","BTC-260812-66500-C","2026-08-12","66500","CALL","1h","2026-08-10 08:00:00","2026-08-10 16:00:00","110.000","110.000","110.000","110.000","0.07","2026-08-10 08:59:59","2026-08-10 16:59:59","7.70000","1","0.00","0.00000"
"all-available","Asia/Taipei","BTCUSDT","BTC-260812-66500-C","2026-08-12","66500","CALL","1h","2026-08-10 09:00:00","2026-08-10 17:00:00","95.000","95.000","95.000","95.000","5.00","2026-08-10 09:59:59","2026-08-10 17:59:59","475.00000","4","0.00","0.00000"
"all-available","Asia/Taipei","BTCUSDT","BTC-260812-66500-C","2026-08-12","66500","CALL","1h","2026-08-10 10:00:00","2026-08-10 18:00:00","70.000","75.000","70.000","75.000","4.90","2026-08-10 10:59:59","2026-08-10 18:59:59","367.40000","3","4.88","366.00000"
"all-available","Asia/Taipei","BTCUSDT","BTC-260812-66500-C","2026-08-12","66500","CALL","1h","2026-08-10 11:00:00","2026-08-10 19:00:00","70.000","70.000","70.000","70.000","0.21","2026-08-10 11:59:59","2026-08-10 19:59:59","14.70000","3","0.00","0.00000"
"all-available","Asia/Taipei","BTCUSDT","BTC-260812-66500-C","2026-08-12","66500","CALL","1h","2026-08-10 12:00:00","2026-08-10 20:00:00","70.000","70.000","60.000","60.000","7.21","2026-08-10 12:59:59","2026-08-10 20:59:59","467.25000","5","0.30","18.00000"
"all-available","Asia/Taipei","BTCUSDT","BTC-260812-66500-C","2026-08-12","66500","CALL","1h","2026-08-10 13:00:00","2026-08-10 21:00:00","50.000","50.000","35.000","35.000","7.05","2026-08-10 13:59:59","2026-08-10 21:59:59","259.40000","22","0.00","0.00000"
"all-available","Asia/Taipei","BTCUSDT","BTC-260812-66500-C","2026-08-12","66500","CALL","1h","2026-08-10 14:00:00","2026-08-10 22:00:00","40.000","40.000","40.000","40.000","0.59","2026-08-10 14:59:59","2026-08-10 22:59:59","23.60000","5","0.59","23.60000"
"all-available","Asia/Taipei","BTCUSDT","BTC-260812-66500-C","2026-08-12","66500","CALL","1h","2026-08-10 15:00:00","2026-08-10 23:00:00","30.000","30.000","20.000","20.000","5.01","2026-08-10 15:59:59","2026-08-10 23:59:59","100.30000","6","5.01","100.30000"
"all-available","Asia/Taipei","BTCUSDT","BTC-260812-66500-C","2026-08-12","66500","CALL","1h","2026-08-10 16:00:00","2026-08-11 00:00:00","20.000","20.000","15.000","15.000","1.96","2026-08-10 16:59:59","2026-08-11 00:59:59","36.20000","6","1.36","27.20000"
"all-available","Asia/Taipei","BTCUSDT","BTC-260812-66500-C","2026-08-12","66500","CALL","1h","2026-08-10 17:00:00","2026-08-11 01:00:00","15.000","15.000","15.000","15.000","0.00","2026-08-10 17:59:59","2026-08-11 01:59:59","0.00000","0","0.00","0.00000"
"all-available","Asia/Taipei","BTCUSDT","BTC-260812-66500-C","2026-08-12","66500","CALL","1h","2026-08-10 18:00:00","2026-08-11 02:00:00","15.000","15.000","15.000","15.000","0.00","2026-08-10 18:59:59","2026-08-11 02:59:59","0.00000","0","0.00","0.00000"
"all-available","Asia/Taipei","BTCUSDT","BTC-260812-66500-C","2026-08-12","66500","CALL","1h","2026-08-10 19:00:00","2026-08-11 03:00:00","15.000","15.000","15.000","15.000","0.00","2026-08-10 19:59:59","2026-08-11 03:59:59","0.00000","0","0.00","0.00000"
"all-available","Asia/Taipei","BTCUSDT","BTC-260812-66500-C","2026-08-12","66500","CALL","1h","2026-08-10 20:00:00","2026-08-11 04:00:00","15.000","15.000","15.000","15.000","0.00","2026-08-10 20:59:59","2026-08-11 04:59:59","0.00000","0","0.00","0.00000"
"all-available","Asia/Taipei","BTCUSDT","BTC-260812-66500-C","2026-08-12","66500","CALL","1h","2026-08-10 21:00:00","2026-08-11 05:00:00","15.000","15.000","15.000","15.000","0.00","2026-08-10 21:59:59","2026-08-11 05:59:59","0.00000","0","0.00","0.00000"
"all-available","Asia/Taipei","BTCUSDT","BTC-260812-66500-C","2026-08-12","66500","CALL","1h","2026-08-10 22:00:00","2026-08-11 06:00:00","15.000","15.000","15.000","15.000","0.00","2026-08-10 22:59:59","2026-08-11 06:59:59","0.00000","0","0.00","0.00000"
"all-available","Asia/Taipei","BTCUSDT","BTC-260812-66500-C","2026-08-12","66500","CALL","1h","2026-08-10 23:00:00","2026-08-11 07:00:00","15.000","15.000","15.000","15.000","0.00","2026-08-10 23:59:59","2026-08-11 07:59:59","0.00000","0","0.00","0.00000"
"all-available","Asia/Taipei","BTCUSDT","BTC-260812-66500-C","2026-08-12","66500","CALL","1h","2026-08-11 00:00:00","2026-08-11 08:00:00","15.000","15.000","15.000","15.000","1.00","2026-08-11 00:59:59","2026-08-11 08:59:59","15.00000","1","1.00","15.00000"
"all-available","Asia/Taipei","BTCUSDT","BTC-260812-66500-C","2026-08-12","66500","CALL","1h","2026-08-11 01:00:00","2026-08-11 09:00:00","15.000","15.000","15.000","15.000","0.00","2026-08-11 01:59:59","2026-08-11 09:59:59","0.00000","0","0.00","0.00000"
"all-available","Asia/Taipei","BTCUSDT","BTC-260812-66500-C","2026-08-12","66500","CALL","1h","2026-08-11 02:00:00","2026-08-11 10:00:00","15.000","15.000","15.000","15.000","0.00","2026-08-11 02:59:59","2026-08-11 10:59:59","0.00000","0","0.00","0.00000"
"all-available","Asia/Taipei","BTCUSDT","BTC-260812-66500-C","2026-08-12","66500","CALL","1h","2026-08-11 03:00:00","2026-08-11 11:00:00","10.000","15.000","10.000","15.000","104.05","2026-08-11 03:59:59","2026-08-11 11:59:59","1060.80000","26","104.05","1060.80000"
"all-available","Asia/Taipei","BTCUSDT","BTC-260812-66500-C","2026-08-12","66500","CALL","1h","2026-08-11 04:00:00","2026-08-11 12:00:00","10.000","10.000","10.000","10.000","8.01","2026-08-11 04:59:59","2026-08-11 12:59:59","80.10000","3","0.00","0.00000"
"all-available","Asia/Taipei","BTCUSDT","BTC-260812-66500-C","2026-08-12","66500","CALL","1h","2026-08-11 05:00:00","2026-08-11 13:00:00","10.000","10.000","10.000","10.000","0.00","2026-08-11 05:59:59","2026-08-11 13:59:59","0.00000","0","0.00","0.00000"
"all-available","Asia/Taipei","BTCUSDT","BTC-260812-66500-C","2026-08-12","66500","CALL","1h","2026-08-11 06:00:00","2026-08-11 14:00:00","10.000","10.000","10.000","10.000","0.00","2026-08-11 06:59:59","2026-08-11 14:59:59","0.00000","0","0.00","0.00000"
"all-available","Asia/Taipei","BTCUSDT","BTC-260812-66500-C","2026-08-12","66500","CALL","1h","2026-08-11 07:00:00","2026-08-11 15:00:00","10.000","10.000","10.000","10.000","0.00","2026-08-11 07:59:59","2026-08-11 15:59:59","0.00000","0","0.00","0.00000"
"all-available","Asia/Taipei","BTCUSDT","BTC-260812-66500-C","2026-08-12","66500","CALL","1h","2026-08-11 08:00:00","2026-08-11 16:00:00","5.000","5.000","5.000","5.000","0.03","2026-08-11 08:59:59","2026-08-11 16:59:59","0.15000","1","0.00","0.00000"
"all-available","Asia/Taipei","BTCUSDT","BTC-260812-66500-C","2026-08-12","66500","CALL","1h","2026-08-11 09:00:00","2026-08-11 17:00:00","5.000","5.000","5.000","5.000","0.00","2026-08-11 09:59:59","2026-08-11 17:59:59","0.00000","0","0.00","0.00000"
"all-available","Asia/Taipei","BTCUSDT","BTC-260812-66500-C","2026-08-12","66500","CALL","1h","2026-08-11 10:00:00","2026-08-11 18:00:00","10.000","10.000","10.000","10.000","0.01","2026-08-11 10:59:59","2026-08-11 18:59:59","0.10000","1","0.01","0.10000"
"all-available","Asia/Taipei","BTCUSDT","BTC-260812-66500-C","2026-08-12","66500","CALL","1h","2026-08-11 11:00:00","2026-08-11 19:00:00","10.000","10.000","10.000","10.000","0.00","2026-08-11 11:59:59","2026-08-11 19:59:59","0.00000","0","0.00","0.00000"
"all-available","Asia/Taipei","BTCUSDT","BTC-260812-66500-C","2026-08-12","66500","CALL","1h","2026-08-11 12:00:00","2026-08-11 20:00:00","10.000","10.000","10.000","10.000","0.00","2026-08-11 12:59:59","2026-08-11 20:59:59","0.00000","0","0.00","0.00000"
"all-available","Asia/Taipei","BTCUSDT","BTC-260812-66500-C","2026-08-12","66500","CALL","1h","2026-08-11 13:00:00","2026-08-11 21:00:00","10.000","10.000","10.000","10.000","0.00","2026-08-11 13:59:59","2026-08-11 21:59:59","0.00000","0","0.00","0.00000"
"all-available","Asia/Taipei","BTCUSDT","BTC-260812-66500-C","2026-08-12","66500","CALL","1h","2026-08-11 14:00:00","2026-08-11 22:00:00","5.000","5.000","5.000","5.000","4.00","2026-08-11 14:59:59","2026-08-11 22:59:59","20.00000","5","0.00","0.00000"
"all-available","Asia/Taipei","BTCUSDT","BTC-260812-66500-C","2026-08-12","66500","CALL","1h","2026-08-11 15:00:00","2026-08-11 23:00:00","5.000","5.000","5.000","5.000","0.00","2026-08-11 15:59:59","2026-08-11 23:59:59","0.00000","0","0.00","0.00000"
"all-available","Asia/Taipei","BTCUSDT","BTC-260812-66500-C","2026-08-12","66500","CALL","1h","2026-08-11 16:00:00","2026-08-12 00:00:00","5.000","5.000","5.000","5.000","0.00","2026-08-11 16:59:59","2026-08-12 00:59:59","0.00000","0","0.00","0.00000"
"all-available","Asia/Taipei","BTCUSDT","BTC-260812-66500-C","2026-08-12","66500","CALL","1h","2026-08-11 17:00:00","2026-08-12 01:00:00","5.000","5.000","5.000","5.000","0.00","2026-08-11 17:59:59","2026-08-12 01:59:59","0.00000","0","0.00","0.00000"
"all-available","Asia/Taipei","BTCUSDT","BTC-260812-66500-C","2026-08-12","66500","CALL","1h","2026-08-11 18:00:00","2026-08-12 02:00:00","5.000","5.000","5.000","5.000","0.00","2026-08-11 18:59:59","2026-08-12 02:59:59","0.00000","0","0.00","0.00000"
"all-available","Asia/Taipei","BTCUSDT","BTC-260812-66500-C","2026-08-12","66500","CALL","1h","2026-08-11 19:00:00","2026-08-12 03:00:00","5.000","5.000","5.000","5.000","0.00","2026-08-11 19:59:59","2026-08-12 03:59:59","0.00000","0","0.00","0.00000"
"all-available","Asia/Taipei","BTCUSDT","BTC-260812-66500-C","2026-08-12","66500","CALL","1h","2026-08-11 20:00:00","2026-08-12 04:00:00","5.000","5.000","5.000","5.000","0.00","2026-08-11 20:59:59","2026-08-12 04:59:59","0.00000","0","0.00","0.00000"
"all-available","Asia/Taipei","BTCUSDT","BTC-260812-66500-C","2026-08-12","66500","CALL","1h","2026-08-11 21:00:00","2026-08-12 05:00:00","5.000","5.000","5.000","5.000","0.00","2026-08-11 21:59:59","2026-08-12 05:59:59","0.00000","0","0.00","0.00000"
"all-available","Asia/Taipei","BTCUSDT","BTC-260812-66500-C","2026-08-12","66500","CALL","1h","2026-08-11 22:00:00","2026-08-12 06:00:00","5.000","5.000","5.000","5.000","0.00","2026-08-11 22:59:59","2026-08-12 06:59:59","0.00000","0","0.00","0.00000"
"all-available","Asia/Taipei","BTCUSDT","BTC-260812-66500-C","2026-08-12","66500","CALL","1h","2026-08-11 23:00:00","2026-08-12 07:00:00","5.000","5.000","5.000","5.000","0.00","2026-08-11 23:59:59","2026-08-12 07:59:59","0.00000","0","0.00","0.00000"
"all-available","Asia/Taipei","BTCUSDT","BTC-260812-66500-C","2026-08-12","66500","CALL","1h","2026-08-12 00:00:00","2026-08-12 08:00:00","5.000","5.000","5.000","5.000","0.00","2026-08-12 00:59:59","2026-08-12 08:59:59","0.00000","0","0.00","0.00000"
"all-available","Asia/Taipei","BTCUSDT","BTC-260812-66500-C","2026-08-12","66500","CALL","1h","2026-08-12 01:00:00","2026-08-12 09:00:00","5.000","5.000","5.000","5.000","0.00","2026-08-12 01:59:59","2026-08-12 09:59:59","0.00000","0","0.00","0.00000"
"all-available","Asia/Taipei","BTCUSDT","BTC-260812-66500-C","2026-08-12","66500","CALL","1h","2026-08-12 02:00:00","2026-08-12 10:00:00","5.000","5.000","5.000","5.000","0.51","2026-08-12 02:59:59","2026-08-12 10:59:59","2.55000","1","0.51","2.55000"
"all-available","Asia/Taipei","BTCUSDT","BTC-260812-66500-C","2026-08-12","66500","CALL","1h","2026-08-12 03:00:00","2026-08-12 11:00:00","5.000","5.000","5.000","5.000","0.00","2026-08-12 03:59:59","2026-08-12 11:59:59","0.00000","0","0.00","0.00000"
"all-available","Asia/Taipei","BTCUSDT","BTC-260812-66500-C","2026-08-12","66500","CALL","1h","2026-08-12 04:00:00","2026-08-12 12:00:00","5.000","5.000","5.000","5.000","0.00","2026-08-12 04:59:59","2026-08-12 12:59:59","0.00000","0","0.00","0.00000"
"all-available","Asia/Taipei","BTCUSDT","BTC-260812-66500-C","2026-08-12","66500","CALL","1h","2026-08-12 05:00:00","2026-08-12 13:00:00","5.000","5.000","5.000","5.000","0.00","2026-08-12 05:59:59","2026-08-12 13:59:59","0.00000","0","0.00","0.00000"
"all-available","Asia/Taipei","BTCUSDT","BTC-260812-66500-C","2026-08-12","66500","CALL","1h","2026-08-12 06:00:00","2026-08-12 14:00:00","5.000","5.000","5.000","5.000","0.00","2026-08-12 06:59:59","2026-08-12 14:59:59","0.00000","0","0.00","0.00000"
"all-available","Asia/Taipei","BTCUSDT","BTC-260812-66500-C","2026-08-12","66500","CALL","1h","2026-08-12 07:00:00","2026-08-12 15:00:00","5.000","5.000","5.000","5.000","0.00","2026-08-12 07:59:59","2026-08-12 15:59:59","0.00000","0","0.00","0.00000"
"all-available","Asia/Taipei","BTCUSDT","BTC-260812-66500-P","2026-08-12","66500","PUT","1h","2026-08-09 13:00:00","2026-08-09 21:00:00","1490.000","1490.000","1490.000","1490.000","0.01","2026-08-09 13:59:59","2026-08-09 21:59:59","14.90000","1","0.00","0.00000"
"all-available","Asia/Taipei","BTCUSDT","BTC-260812-66500-P","2026-08-12","66500","PUT","1h","2026-08-09 14:00:00","2026-08-09 22:00:00","1490.000","1490.000","1490.000","1490.000","0.00","2026-08-09 14:59:59","2026-08-09 22:59:59","0.00000","0","0.00","0.00000"
"all-available","Asia/Taipei","BTCUSDT","BTC-260812-66500-P","2026-08-12","66500","PUT","1h","2026-08-09 15:00:00","2026-08-09 23:00:00","1490.000","1490.000","1490.000","1490.000","0.00","2026-08-09 15:59:59","2026-08-09 23:59:59","0.00000","0","0.00","0.00000"
"all-available","Asia/Taipei","BTCUSDT","BTC-260812-66500-P","2026-08-12","66500","PUT","1h","2026-08-09 16:00:00","2026-08-10 00:00:00","1490.000","1490.000","1490.000","1490.000","0.00","2026-08-09 16:59:59","2026-08-10 00:59:59","0.00000","0","0.00","0.00000"
"all-available","Asia/Taipei","BTCUSDT","BTC-260812-66500-P","2026-08-12","66500","PUT","1h","2026-08-09 17:00:00","2026-08-10 01:00:00","1490.000","1490.000","1490.000","1490.000","0.00","2026-08-09 17:59:59","2026-08-10 01:59:59","0.00000","0","0.00","0.00000"
"all-available","Asia/Taipei","BTCUSDT","BTC-260812-66500-P","2026-08-12","66500","PUT","1h","2026-08-09 18:00:00","2026-08-10 02:00:00","1490.000","1490.000","1490.000","1490.000","0.00","2026-08-09 18:59:59","2026-08-10 02:59:59","0.00000","0","0.00","0.00000"
"all-available","Asia/Taipei","BTCUSDT","BTC-260812-66500-P","2026-08-12","66500","PUT","1h","2026-08-09 19:00:00","2026-08-10 03:00:00","1490.000","1490.000","1490.000","1490.000","0.00","2026-08-09 19:59:59","2026-08-10 03:59:59","0.00000","0","0.00","0.00000"
"all-available","Asia/Taipei","BTCUSDT","BTC-260812-66500-P","2026-08-12","66500","PUT","1h","2026-08-09 20:00:00","2026-08-10 04:00:00","1520.000","1520.000","1520.000","1520.000","0.01","2026-08-09 20:59:59","2026-08-10 04:59:59","15.20000","1","0.01","15.20000"
"all-available","Asia/Taipei","BTCUSDT","BTC-260812-66500-P","2026-08-12","66500","PUT","1h","2026-08-09 21:00:00","2026-08-10 05:00:00","1520.000","1520.000","1520.000","1520.000","0.00","2026-08-09 21:59:59","2026-08-10 05:59:59","0.00000","0","0.00","0.00000"
"all-available","Asia/Taipei","BTCUSDT","BTC-260812-66500-P","2026-08-12","66500","PUT","1h","2026-08-09 22:00:00","2026-08-10 06:00:00","1520.000","1520.000","1520.000","1520.000","0.00","2026-08-09 22:59:59","2026-08-10 06:59:59","0.00000","0","0.00","0.00000"
"all-available","Asia/Taipei","BTCUSDT","BTC-260812-66500-P","2026-08-12","66500","PUT","1h","2026-08-09 23:00:00","2026-08-10 07:00:00","1520.000","1520.000","1520.000","1520.000","0.00","2026-08-09 23:59:59","2026-08-10 07:59:59","0.00000","0","0.00","0.00000"
"all-available","Asia/Taipei","BTCUSDT","BTC-260812-66500-P","2026-08-12","66500","PUT","1h","2026-08-10 00:00:00","2026-08-10 08:00:00","1520.000","1520.000","1520.000","1520.000","0.00","2026-08-10 00:59:59","2026-08-10 08:59:59","0.00000","0","0.00","0.00000"
"all-available","Asia/Taipei","BTCUSDT","BTC-260812-66500-P","2026-08-12","66500","PUT","1h","2026-08-10 01:00:00","2026-08-10 09:00:00","1520.000","1520.000","1520.000","1520.000","0.00","2026-08-10 01:59:59","2026-08-10 09:59:59","0.00000","0","0.00","0.00000"
"all-available","Asia/Taipei","BTCUSDT","BTC-260812-66500-P","2026-08-12","66500","PUT","1h","2026-08-10 02:00:00","2026-08-10 10:00:00","1520.000","1520.000","1520.000","1520.000","0.00","2026-08-10 02:59:59","2026-08-10 10:59:59","0.00000","0","0.00","0.00000"
"all-available","Asia/Taipei","BTCUSDT","BTC-260812-66500-P","2026-08-12","66500","PUT","1h","2026-08-10 03:00:00","2026-08-10 11:00:00","1520.000","1520.000","1520.000","1520.000","0.00","2026-08-10 03:59:59","2026-08-10 11:59:59","0.00000","0","0.00","0.00000"
"all-available","Asia/Taipei","BTCUSDT","BTC-260812-66500-P","2026-08-12","66500","PUT","1h","2026-08-10 04:00:00","2026-08-10 12:00:00","1520.000","1520.000","1520.000","1520.000","0.00","2026-08-10 04:59:59","2026-08-10 12:59:59","0.00000","0","0.00","0.00000"
"all-available","Asia/Taipei","BTCUSDT","BTC-260812-66500-P","2026-08-12","66500","PUT","1h","2026-08-10 05:00:00","2026-08-10 13:00:00","1520.000","1520.000","1520.000","1520.000","0.00","2026-08-10 05:59:59","2026-08-10 13:59:59","0.00000","0","0.00","0.00000"
"all-available","Asia/Taipei","BTCUSDT","BTC-260812-66500-P","2026-08-12","66500","PUT","1h","2026-08-10 06:00:00","2026-08-10 14:00:00","1520.000","1520.000","1520.000","1520.000","0.00","2026-08-10 06:59:59","2026-08-10 14:59:59","0.00000","0","0.00","0.00000"
"all-available","Asia/Taipei","BTCUSDT","BTC-260812-66500-P","2026-08-12","66500","PUT","1h","2026-08-10 07:00:00","2026-08-10 15:00:00","1520.000","1520.000","1520.000","1520.000","0.00","2026-08-10 07:59:59","2026-08-10 15:59:59","0.00000","0","0.00","0.00000"
"all-available","Asia/Taipei","BTCUSDT","BTC-260812-66500-P","2026-08-12","66500","PUT","1h","2026-08-10 08:00:00","2026-08-10 16:00:00","1520.000","1520.000","1520.000","1520.000","0.00","2026-08-10 08:59:59","2026-08-10 16:59:59","0.00000","0","0.00","0.00000"
"all-available","Asia/Taipei","BTCUSDT","BTC-260812-66500-P","2026-08-12","66500","PUT","1h","2026-08-10 09:00:00","2026-08-10 17:00:00","1520.000","1520.000","1520.000","1520.000","0.00","2026-08-10 09:59:59","2026-08-10 17:59:59","0.00000","0","0.00","0.00000"
"all-available","Asia/Taipei","BTCUSDT","BTC-260812-66500-P","2026-08-12","66500","PUT","1h","2026-08-10 10:00:00","2026-08-10 18:00:00","1520.000","1520.000","1520.000","1520.000","0.00","2026-08-10 10:59:59","2026-08-10 18:59:59","0.00000","0","0.00","0.00000"
"all-available","Asia/Taipei","BTCUSDT","BTC-260812-66500-P","2026-08-12","66500","PUT","1h","2026-08-10 11:00:00","2026-08-10 19:00:00","1520.000","1520.000","1520.000","1520.000","0.00","2026-08-10 11:59:59","2026-08-10 19:59:59","0.00000","0","0.00","0.00000"
"all-available","Asia/Taipei","BTCUSDT","BTC-260812-66500-P","2026-08-12","66500","PUT","1h","2026-08-10 12:00:00","2026-08-10 20:00:00","1520.000","1520.000","1520.000","1520.000","0.00","2026-08-10 12:59:59","2026-08-10 20:59:59","0.00000","0","0.00","0.00000"
"all-available","Asia/Taipei","BTCUSDT","BTC-260812-66500-P","2026-08-12","66500","PUT","1h","2026-08-10 13:00:00","2026-08-10 21:00:00","1520.000","1520.000","1520.000","1520.000","0.00","2026-08-10 13:59:59","2026-08-10 21:59:59","0.00000","0","0.00","0.00000"
"all-available","Asia/Taipei","BTCUSDT","BTC-260812-66500-P","2026-08-12","66500","PUT","1h","2026-08-10 14:00:00","2026-08-10 22:00:00","1520.000","1520.000","1520.000","1520.000","0.00","2026-08-10 14:59:59","2026-08-10 22:59:59","0.00000","0","0.00","0.00000"
"all-available","Asia/Taipei","BTCUSDT","BTC-260812-66500-P","2026-08-12","66500","PUT","1h","2026-08-10 15:00:00","2026-08-10 23:00:00","1520.000","1520.000","1520.000","1520.000","0.00","2026-08-10 15:59:59","2026-08-10 23:59:59","0.00000","0","0.00","0.00000"
"all-available","Asia/Taipei","BTCUSDT","BTC-260812-66500-P","2026-08-12","66500","PUT","1h","2026-08-10 16:00:00","2026-08-11 00:00:00","1520.000","1520.000","1520.000","1520.000","0.00","2026-08-10 16:59:59","2026-08-11 00:59:59","0.00000","0","0.00","0.00000"
"all-available","Asia/Taipei","BTCUSDT","BTC-260812-66500-P","2026-08-12","66500","PUT","1h","2026-08-10 17:00:00","2026-08-11 01:00:00","1520.000","1520.000","1520.000","1520.000","0.00","2026-08-10 17:59:59","2026-08-11 01:59:59","0.00000","0","0.00","0.00000"
"all-available","Asia/Taipei","BTCUSDT","BTC-260812-66500-P","2026-08-12","66500","PUT","1h","2026-08-10 18:00:00","2026-08-11 02:00:00","1520.000","1520.000","1520.000","1520.000","0.00","2026-08-10 18:59:59","2026-08-11 02:59:59","0.00000","0","0.00","0.00000"
"all-available","Asia/Taipei","BTCUSDT","BTC-260812-66500-P","2026-08-12","66500","PUT","1h","2026-08-10 19:00:00","2026-08-11 03:00:00","1520.000","1520.000","1520.000","1520.000","0.00","2026-08-10 19:59:59","2026-08-11 03:59:59","0.00000","0","0.00","0.00000"
"all-available","Asia/Taipei","BTCUSDT","BTC-260812-66500-P","2026-08-12","66500","PUT","1h","2026-08-10 20:00:00","2026-08-11 04:00:00","1520.000","1520.000","1520.000","1520.000","0.00","2026-08-10 20:59:59","2026-08-11 04:59:59","0.00000","0","0.00","0.00000"
"all-available","Asia/Taipei","BTCUSDT","BTC-260812-66500-P","2026-08-12","66500","PUT","1h","2026-08-10 21:00:00","2026-08-11 05:00:00","1520.000","1520.000","1520.000","1520.000","0.00","2026-08-10 21:59:59","2026-08-11 05:59:59","0.00000","0","0.00","0.00000"
"all-available","Asia/Taipei","BTCUSDT","BTC-260812-66500-P","2026-08-12","66500","PUT","1h","2026-08-10 22:00:00","2026-08-11 06:00:00","1520.000","1520.000","1520.000","1520.000","0.00","2026-08-10 22:59:59","2026-08-11 06:59:59","0.00000","0","0.00","0.00000"
"all-available","Asia/Taipei","BTCUSDT","BTC-260812-66500-P","2026-08-12","66500","PUT","1h","2026-08-10 23:00:00","2026-08-11 07:00:00","1520.000","1520.000","1520.000","1520.000","0.00","2026-08-10 23:59:59","2026-08-11 07:59:59","0.00000","0","0.00","0.00000"
"all-available","Asia/Taipei","BTCUSDT","BTC-260812-66500-P","2026-08-12","66500","PUT","1h","2026-08-11 00:00:00","2026-08-11 08:00:00","1520.000","1520.000","1520.000","1520.000","0.00","2026-08-11 00:59:59","2026-08-11 08:59:59","0.00000","0","0.00","0.00000"
"all-available","Asia/Taipei","BTCUSDT","BTC-260812-66500-P","2026-08-12","66500","PUT","1h","2026-08-11 01:00:00","2026-08-11 09:00:00","1520.000","1520.000","1520.000","1520.000","0.00","2026-08-11 01:59:59","2026-08-11 09:59:59","0.00000","0","0.00","0.00000"
"all-available","Asia/Taipei","BTCUSDT","BTC-260812-66500-P","2026-08-12","66500","PUT","1h","2026-08-11 02:00:00","2026-08-11 10:00:00","1520.000","1520.000","1520.000","1520.000","0.00","2026-08-11 02:59:59","2026-08-11 10:59:59","0.00000","0","0.00","0.00000"
"all-available","Asia/Taipei","BTCUSDT","BTC-260812-66500-P","2026-08-12","66500","PUT","1h","2026-08-11 03:00:00","2026-08-11 11:00:00","1520.000","1520.000","1520.000","1520.000","0.00","2026-08-11 03:59:59","2026-08-11 11:59:59","0.00000","0","0.00","0.00000"
"all-available","Asia/Taipei","BTCUSDT","BTC-260812-66500-P","2026-08-12","66500","PUT","1h","2026-08-11 04:00:00","2026-08-11 12:00:00","1520.000","1520.000","1520.000","1520.000","0.00","2026-08-11 04:59:59","2026-08-11 12:59:59","0.00000","0","0.00","0.00000"
"all-available","Asia/Taipei","BTCUSDT","BTC-260812-66500-P","2026-08-12","66500","PUT","1h","2026-08-11 05:00:00","2026-08-11 13:00:00","1520.000","1520.000","1520.000","1520.000","0.00","2026-08-11 05:59:59","2026-08-11 13:59:59","0.00000","0","0.00","0.00000"
"all-available","Asia/Taipei","BTCUSDT","BTC-260812-66500-P","2026-08-12","66500","PUT","1h","2026-08-11 06:00:00","2026-08-11 14:00:00","1520.000","1520.000","1520.000","1520.000","0.00","2026-08-11 06:59:59","2026-08-11 14:59:59","0.00000","0","0.00","0.00000"
"all-available","Asia/Taipei","BTCUSDT","BTC-260812-66500-P","2026-08-12","66500","PUT","1h","2026-08-11 07:00:00","2026-08-11 15:00:00","1520.000","1520.000","1520.000","1520.000","0.00","2026-08-11 07:59:59","2026-08-11 15:59:59","0.00000","0","0.00","0.00000"
"all-available","Asia/Taipei","BTCUSDT","BTC-260812-66500-P","2026-08-12","66500","PUT","1h","2026-08-11 08:00:00","2026-08-11 16:00:00","1520.000","1520.000","1520.000","1520.000","0.00","2026-08-11 08:59:59","2026-08-11 16:59:59","0.00000","0","0.00","0.00000"
"all-available","Asia/Taipei","BTCUSDT","BTC-260812-66500-P","2026-08-12","66500","PUT","1h","2026-08-11 09:00:00","2026-08-11 17:00:00","1520.000","1520.000","1520.000","1520.000","0.00","2026-08-11 09:59:59","2026-08-11 17:59:59","0.00000","0","0.00","0.00000"
"all-available","Asia/Taipei","BTCUSDT","BTC-260812-66500-P","2026-08-12","66500","PUT","1h","2026-08-11 10:00:00","2026-08-11 18:00:00","1520.000","1520.000","1520.000","1520.000","0.00","2026-08-11 10:59:59","2026-08-11 18:59:59","0.00000","0","0.00","0.00000"
"all-available","Asia/Taipei","BTCUSDT","BTC-260812-66500-P","2026-08-12","66500","PUT","1h","2026-08-11 11:00:00","2026-08-11 19:00:00","1520.000","1520.000","1520.000","1520.000","0.00","2026-08-11 11:59:59","2026-08-11 19:59:59","0.00000","0","0.00","0.00000"
"all-available","Asia/Taipei","BTCUSDT","BTC-260812-66500-P","2026-08-12","66500","PUT","1h","2026-08-11 12:00:00","2026-08-11 20:00:00","1520.000","1520.000","1520.000","1520.000","0.00","2026-08-11 12:59:59","2026-08-11 20:59:59","0.00000","0","0.00","0.00000"
"all-available","Asia/Taipei","BTCUSDT","BTC-260812-66500-P","2026-08-12","66500","PUT","1h","2026-08-11 13:00:00","2026-08-11 21:00:00","1520.000","1520.000","1520.000","1520.000","0.00","2026-08-11 13:59:59","2026-08-11 21:59:59","0.00000","0","0.00","0.00000"
"all-available","Asia/Taipei","BTCUSDT","BTC-260812-66500-P","2026-08-12","66500","PUT","1h","2026-08-11 14:00:00","2026-08-11 22:00:00","1520.000","1520.000","1520.000","1520.000","0.00","2026-08-11 14:59:59","2026-08-11 22:59:59","0.00000","0","0.00","0.00000"
"all-available","Asia/Taipei","BTCUSDT","BTC-260812-66500-P","2026-08-12","66500","PUT","1h","2026-08-11 15:00:00","2026-08-11 23:00:00","1520.000","1520.000","1520.000","1520.000","0.00","2026-08-11 15:59:59","2026-08-11 23:59:59","0.00000","0","0.00","0.00000"
"all-available","Asia/Taipei","BTCUSDT","BTC-260812-66500-P","2026-08-12","66500","PUT","1h","2026-08-11 16:00:00","2026-08-12 00:00:00","1520.000","1520.000","1520.000","1520.000","0.00","2026-08-11 16:59:59","2026-08-12 00:59:59","0.00000","0","0.00","0.00000"
"all-available","Asia/Taipei","BTCUSDT","BTC-260812-66500-P","2026-08-12","66500","PUT","1h","2026-08-11 17:00:00","2026-08-12 01:00:00","1520.000","1520.000","1520.000","1520.000","0.00","2026-08-11 17:59:59","2026-08-12 01:59:59","0.00000","0","0.00","0.00000"
"all-available","Asia/Taipei","BTCUSDT","BTC-260812-66500-P","2026-08-12","66500","PUT","1h","2026-08-11 18:00:00","2026-08-12 02:00:00","1520.000","1520.000","1520.000","1520.000","0.00","2026-08-11 18:59:59","2026-08-12 02:59:59","0.00000","0","0.00","0.00000"
"all-available","Asia/Taipei","BTCUSDT","BTC-260812-66500-P","2026-08-12","66500","PUT","1h","2026-08-11 19:00:00","2026-08-12 03:00:00","1520.000","1520.000","1520.000","1520.000","0.00","2026-08-11 19:59:59","2026-08-12 03:59:59","0.00000","0","0.00","0.00000"
"all-available","Asia/Taipei","BTCUSDT","BTC-260812-66500-P","2026-08-12","66500","PUT","1h","2026-08-11 20:00:00","2026-08-12 04:00:00","1520.000","1520.000","1520.000","1520.000","0.00","2026-08-11 20:59:59","2026-08-12 04:59:59","0.00000","0","0.00","0.00000"
"all-available","Asia/Taipei","BTCUSDT","BTC-260812-66500-P","2026-08-12","66500","PUT","1h","2026-08-11 21:00:00","2026-08-12 05:00:00","1520.000","1520.000","1520.000","1520.000","0.00","2026-08-11 21:59:59","2026-08-12 05:59:59","0.00000","0","0.00","0.00000"
"all-available","Asia/Taipei","BTCUSDT","BTC-260812-66500-P","2026-08-12","66500","PUT","1h","2026-08-11 22:00:00","2026-08-12 06:00:00","1520.000","1520.000","1520.000","1520.000","0.00","2026-08-11 22:59:59","2026-08-12 06:59:59","0.00000","0","0.00","0.00000"
"all-available","Asia/Taipei","BTCUSDT","BTC-260812-66500-P","2026-08-12","66500","PUT","1h","2026-08-11 23:00:00","2026-08-12 07:00:00","1520.000","1520.000","1520.000","1520.000","0.00","2026-08-11 23:59:59","2026-08-12 07:59:59","0.00000","0","0.00","0.00000"
"all-available","Asia/Taipei","BTCUSDT","BTC-260812-66500-P","2026-08-12","66500","PUT","1h","2026-08-12 00:00:00","2026-08-12 08:00:00","1520.000","1520.000","1520.000","1520.000","0.00","2026-08-12 00:59:59","2026-08-12 08:59:59","0.00000","0","0.00","0.00000"
"all-available","Asia/Taipei","BTCUSDT","BTC-260812-66500-P","2026-08-12","66500","PUT","1h","2026-08-12 01:00:00","2026-08-12 09:00:00","1520.000","1520.000","1520.000","1520.000","0.00","2026-08-12 01:59:59","2026-08-12 09:59:59","0.00000","0","0.00","0.00000"
"all-available","Asia/Taipei","BTCUSDT","BTC-260812-66500-P","2026-08-12","66500","PUT","1h","2026-08-12 02:00:00","2026-08-12 10:00:00","1520.000","1520.000","1520.000","1520.000","0.00","2026-08-12 02:59:59","2026-08-12 10:59:59","0.00000","0","0.00","0.00000"
"all-available","Asia/Taipei","BTCUSDT","BTC-260812-66500-P","2026-08-12","66500","PUT","1h","2026-08-12 03:00:00","2026-08-12 11:00:00","1520.000","1520.000","1520.000","1520.000","0.00","2026-08-12 03:59:59","2026-08-12 11:59:59","0.00000","0","0.00","0.00000"
"all-available","Asia/Taipei","BTCUSDT","BTC-260812-66500-P","2026-08-12","66500","PUT","1h","2026-08-12 04:00:00","2026-08-12 12:00:00","1520.000","1520.000","1520.000","1520.000","0.00","2026-08-12 04:59:59","2026-08-12 12:59:59","0.00000","0","0.00","0.00000"
"all-available","Asia/Taipei","BTCUSDT","BTC-260812-66500-P","2026-08-12","66500","PUT","1h","2026-08-12 05:00:00","2026-08-12 13:00:00","1520.000","1520.000","1520.000","1520.000","0.00","2026-08-12 05:59:59","2026-08-12 13:59:59","0.00000","0","0.00","0.00000"
"all-available","Asia/Taipei","BTCUSDT","BTC-260812-66500-P","2026-08-12","66500","PUT","1h","2026-08-12 06:00:00","2026-08-12 14:00:00","1520.000","1520.000","1520.000","1520.000","0.00","2026-08-12 06:59:59","2026-08-12 14:59:59","0.00000","0","0.00","0.00000"
"all-available","Asia/Taipei","BTCUSDT","BTC-260812-66500-P","2026-08-12","66500","PUT","1h","2026-08-12 07:00:00","2026-08-12 15:00:00","1520.000","1520.000","1520.000","1520.000","0.00","2026-08-12 07:59:59","2026-08-12 15:59:59","0.00000","0","0.00","0.00000"
"all-available","Asia/Taipei","BTCUSDT","BTC-260812-67000-C","2026-08-12","67000","CALL","1h","2026-08-09 08:00:00","2026-08-09 16:00:00","75.000","75.000","75.000","75.000","6.57","2026-08-09 08:59:59","2026-08-09 16:59:59","492.75000","1","0.00","0.00000"
"all-available","Asia/Taipei","BTCUSDT","BTC-260812-67000-C","2026-08-12","67000","CALL","1h","2026-08-09 09:00:00","2026-08-09 17:00:00","75.000","75.000","75.000","75.000","0.00","2026-08-09 09:59:59","2026-08-09 17:59:59","0.00000","0","0.00","0.00000"
"all-available","Asia/Taipei","BTCUSDT","BTC-260812-67000-C","2026-08-12","67000","CALL","1h","2026-08-09 10:00:00","2026-08-09 18:00:00","75.000","75.000","75.000","75.000","0.00","2026-08-09 10:59:59","2026-08-09 18:59:59","0.00000","0","0.00","0.00000"
"all-available","Asia/Taipei","BTCUSDT","BTC-260812-67000-C","2026-08-12","67000","CALL","1h","2026-08-09 11:00:00","2026-08-09 19:00:00","75.000","75.000","75.000","75.000","0.00","2026-08-09 11:59:59","2026-08-09 19:59:59","0.00000","0","0.00","0.00000"
"all-available","Asia/Taipei","BTCUSDT","BTC-260812-67000-C","2026-08-12","67000","CALL","1h","2026-08-09 12:00:00","2026-08-09 20:00:00","75.000","75.000","75.000","75.000","0.00","2026-08-09 12:59:59","2026-08-09 20:59:59","0.00000","0","0.00","0.00000"
"all-available","Asia/Taipei","BTCUSDT","BTC-260812-67000-C","2026-08-12","67000","CALL","1h","2026-08-09 13:00:00","2026-08-09 21:00:00","65.000","85.000","65.000","85.000","0.22","2026-08-09 13:59:59","2026-08-09 21:59:59","17.50000","2","0.22","17.50000"
"all-available","Asia/Taipei","BTCUSDT","BTC-260812-67000-C","2026-08-12","67000","CALL","1h","2026-08-09 14:00:00","2026-08-09 22:00:00","85.000","85.000","85.000","85.000","0.00","2026-08-09 14:59:59","2026-08-09 22:59:59","0.00000","0","0.00","0.00000"
"all-available","Asia/Taipei","BTCUSDT","BTC-260812-67000-C","2026-08-12","67000","CALL","1h","2026-08-09 15:00:00","2026-08-09 23:00:00","85.000","85.000","85.000","85.000","0.00","2026-08-09 15:59:59","2026-08-09 23:59:59","0.00000","0","0.00","0.00000"
"all-available","Asia/Taipei","BTCUSDT","BTC-260812-67000-C","2026-08-12","67000","CALL","1h","2026-08-09 16:00:00","2026-08-10 00:00:00","85.000","85.000","85.000","85.000","0.00","2026-08-09 16:59:59","2026-08-10 00:59:59","0.00000","0","0.00","0.00000"
"all-available","Asia/Taipei","BTCUSDT","BTC-260812-67000-C","2026-08-12","67000","CALL","1h","2026-08-09 17:00:00","2026-08-10 01:00:00","85.000","85.000","85.000","85.000","0.00","2026-08-09 17:59:59","2026-08-10 01:59:59","0.00000","0","0.00","0.00000"
"all-available","Asia/Taipei","BTCUSDT","BTC-260812-67000-C","2026-08-12","67000","CALL","1h","2026-08-09 18:00:00","2026-08-10 02:00:00","85.000","85.000","85.000","85.000","0.00","2026-08-09 18:59:59","2026-08-10 02:59:59","0.00000","0","0.00","0.00000"
"all-available","Asia/Taipei","BTCUSDT","BTC-260812-67000-C","2026-08-12","67000","CALL","1h","2026-08-09 19:00:00","2026-08-10 03:00:00","85.000","85.000","85.000","85.000","0.00","2026-08-09 19:59:59","2026-08-10 03:59:59","0.00000","0","0.00","0.00000"
"all-available","Asia/Taipei","BTCUSDT","BTC-260812-67000-C","2026-08-12","67000","CALL","1h","2026-08-09 20:00:00","2026-08-10 04:00:00","85.000","85.000","85.000","85.000","0.00","2026-08-09 20:59:59","2026-08-10 04:59:59","0.00000","0","0.00","0.00000"
"all-available","Asia/Taipei","BTCUSDT","BTC-260812-67000-C","2026-08-12","67000","CALL","1h","2026-08-09 21:00:00","2026-08-10 05:00:00","85.000","85.000","85.000","85.000","0.00","2026-08-09 21:59:59","2026-08-10 05:59:59","0.00000","0","0.00","0.00000"
"all-available","Asia/Taipei","BTCUSDT","BTC-260812-67000-C","2026-08-12","67000","CALL","1h","2026-08-09 22:00:00","2026-08-10 06:00:00","115.000","115.000","115.000","115.000","2.00","2026-08-09 22:59:59","2026-08-10 06:59:59","230.00000","1","2.00","230.00000"
"all-available","Asia/Taipei","BTCUSDT","BTC-260812-67000-C","2026-08-12","67000","CALL","1h","2026-08-09 23:00:00","2026-08-10 07:00:00","65.000","65.000","65.000","65.000","0.26","2026-08-09 23:59:59","2026-08-10 07:59:59","16.90000","2","0.00","0.00000"
"all-available","Asia/Taipei","BTCUSDT","BTC-260812-67000-C","2026-08-12","67000","CALL","1h","2026-08-10 00:00:00","2026-08-10 08:00:00","65.000","65.000","65.000","65.000","0.03","2026-08-10 00:59:59","2026-08-10 08:59:59","1.95000","1","0.03","1.95000"
"all-available","Asia/Taipei","BTCUSDT","BTC-260812-67000-C","2026-08-12","67000","CALL","1h","2026-08-10 01:00:00","2026-08-10 09:00:00","65.000","85.000","65.000","85.000","0.16","2026-08-10 01:59:59","2026-08-10 09:59:59","12.60000","3","0.16","12.60000"
"all-available","Asia/Taipei","BTCUSDT","BTC-260812-67000-C","2026-08-12","67000","CALL","1h","2026-08-10 02:00:00","2026-08-10 10:00:00","85.000","85.000","85.000","85.000","0.00","2026-08-10 02:59:59","2026-08-10 10:59:59","0.00000","0","0.00","0.00000"
"all-available","Asia/Taipei","BTCUSDT","BTC-260812-67000-C","2026-08-12","67000","CALL","1h","2026-08-10 03:00:00","2026-08-10 11:00:00","85.000","85.000","85.000","85.000","0.00","2026-08-10 03:59:59","2026-08-10 11:59:59","0.00000","0","0.00","0.00000"
"all-available","Asia/Taipei","BTCUSDT","BTC-260812-67000-C","2026-08-12","67000","CALL","1h","2026-08-10 04:00:00","2026-08-10 12:00:00","55.000","55.000","55.000","55.000","0.01","2026-08-10 04:59:59","2026-08-10 12:59:59","0.55000","1","0.00","0.00000"
"all-available","Asia/Taipei","BTCUSDT","BTC-260812-67000-C","2026-08-12","67000","CALL","1h","2026-08-10 05:00:00","2026-08-10 13:00:00","60.000","60.000","60.000","60.000","0.15","2026-08-10 05:59:59","2026-08-10 13:59:59","9.00000","1","0.15","9.00000"
"all-available","Asia/Taipei","BTCUSDT","BTC-260812-67000-C","2026-08-12","67000","CALL","1h","2026-08-10 06:00:00","2026-08-10 14:00:00","60.000","60.000","60.000","60.000","0.00","2026-08-10 06:59:59","2026-08-10 14:59:59","0.00000","0","0.00","0.00000"
"all-available","Asia/Taipei","BTCUSDT","BTC-260812-67000-C","2026-08-12","67000","CALL","1h","2026-08-10 07:00:00","2026-08-10 15:00:00","70.000","70.000","70.000","70.000","0.50","2026-08-10 07:59:59","2026-08-10 15:59:59","35.00000","1","0.00","0.00000"
"all-available","Asia/Taipei","BTCUSDT","BTC-260812-67000-C","2026-08-12","67000","CALL","1h","2026-08-10 08:00:00","2026-08-10 16:00:00","60.000","60.000","60.000","60.000","1.00","2026-08-10 08:59:59","2026-08-10 16:59:59","60.00000","1","0.00","0.00000"
"all-available","Asia/Taipei","BTCUSDT","BTC-260812-67000-C","2026-08-12","67000","CALL","1h","2026-08-10 09:00:00","2026-08-10 17:00:00","60.000","60.000","60.000","60.000","0.00","2026-08-10 09:59:59","2026-08-10 17:59:59","0.00000","0","0.00","0.00000"
"all-available","Asia/Taipei","BTCUSDT","BTC-260812-67000-C","2026-08-12","67000","CALL","1h","2026-08-10 10:00:00","2026-08-10 18:00:00","60.000","60.000","60.000","60.000","0.00","2026-08-10 10:59:59","2026-08-10 18:59:59","0.00000","0","0.00","0.00000"
"all-available","Asia/Taipei","BTCUSDT","BTC-260812-67000-C","2026-08-12","67000","CALL","1h","2026-08-10 11:00:00","2026-08-10 19:00:00","40.000","40.000","40.000","40.000","2.00","2026-08-10 11:59:59","2026-08-10 19:59:59","80.00000","1","2.00","80.00000"
"all-available","Asia/Taipei","BTCUSDT","BTC-260812-67000-C","2026-08-12","67000","CALL","1h","2026-08-10 12:00:00","2026-08-10 20:00:00","35.000","35.000","35.000","35.000","3.01","2026-08-10 12:59:59","2026-08-10 20:59:59","105.35000","3","0.00","0.00000"
"all-available","Asia/Taipei","BTCUSDT","BTC-260812-67000-C","2026-08-12","67000","CALL","1h","2026-08-10 13:00:00","2026-08-10 21:00:00","20.000","20.000","20.000","20.000","4.25","2026-08-10 13:59:59","2026-08-10 21:59:59","85.00000","4","4.05","81.00000"
"all-available","Asia/Taipei","BTCUSDT","BTC-260812-67000-C","2026-08-12","67000","CALL","1h","2026-08-10 14:00:00","2026-08-10 22:00:00","20.000","20.000","20.000","20.000","0.38","2026-08-10 14:59:59","2026-08-10 22:59:59","7.60000","3","0.32","6.40000"
"all-available","Asia/Taipei","BTCUSDT","BTC-260812-67000-C","2026-08-12","67000","CALL","1h","2026-08-10 15:00:00","2026-08-10 23:00:00","15.000","15.000","15.000","15.000","0.69","2026-08-10 15:59:59","2026-08-10 23:59:59","10.35000","3","0.00","0.00000"
"all-available","Asia/Taipei","BTCUSDT","BTC-260812-67000-C","2026-08-12","67000","CALL","1h","2026-08-10 16:00:00","2026-08-11 00:00:00","10.000","10.000","10.000","10.000","5.00","2026-08-10 16:59:59","2026-08-11 00:59:59","50.00000","3","0.00","0.00000"
"all-available","Asia/Taipei","BTCUSDT","BTC-260812-67000-C","2026-08-12","67000","CALL","1h","2026-08-10 17:00:00","2026-08-11 01:00:00","10.000","10.000","10.000","10.000","0.00","2026-08-10 17:59:59","2026-08-11 01:59:59","0.00000","0","0.00","0.00000"
"all-available","Asia/Taipei","BTCUSDT","BTC-260812-67000-C","2026-08-12","67000","CALL","1h","2026-08-10 18:00:00","2026-08-11 02:00:00","10.000","10.000","10.000","10.000","0.00","2026-08-10 18:59:59","2026-08-11 02:59:59","0.00000","0","0.00","0.00000"
"all-available","Asia/Taipei","BTCUSDT","BTC-260812-67000-C","2026-08-12","67000","CALL","1h","2026-08-10 19:00:00","2026-08-11 03:00:00","10.000","10.000","10.000","10.000","0.00","2026-08-10 19:59:59","2026-08-11 03:59:59","0.00000","0","0.00","0.00000"
"all-available","Asia/Taipei","BTCUSDT","BTC-260812-67000-C","2026-08-12","67000","CALL","1h","2026-08-10 20:00:00","2026-08-11 04:00:00","10.000","10.000","10.000","10.000","0.00","2026-08-10 20:59:59","2026-08-11 04:59:59","0.00000","0","0.00","0.00000"
"all-available","Asia/Taipei","BTCUSDT","BTC-260812-67000-C","2026-08-12","67000","CALL","1h","2026-08-10 21:00:00","2026-08-11 05:00:00","10.000","10.000","10.000","10.000","0.03","2026-08-10 21:59:59","2026-08-11 05:59:59","0.30000","2","0.00","0.00000"
"all-available","Asia/Taipei","BTCUSDT","BTC-260812-67000-C","2026-08-12","67000","CALL","1h","2026-08-10 22:00:00","2026-08-11 06:00:00","10.000","10.000","10.000","10.000","0.00","2026-08-10 22:59:59","2026-08-11 06:59:59","0.00000","0","0.00","0.00000"
"all-available","Asia/Taipei","BTCUSDT","BTC-260812-67000-C","2026-08-12","67000","CALL","1h","2026-08-10 23:00:00","2026-08-11 07:00:00","10.000","10.000","10.000","10.000","0.00","2026-08-10 23:59:59","2026-08-11 07:59:59","0.00000","0","0.00","0.00000"
"all-available","Asia/Taipei","BTCUSDT","BTC-260812-67000-C","2026-08-12","67000","CALL","1h","2026-08-11 00:00:00","2026-08-11 08:00:00","10.000","10.000","10.000","10.000","0.00","2026-08-11 00:59:59","2026-08-11 08:59:59","0.00000","0","0.00","0.00000"
"all-available","Asia/Taipei","BTCUSDT","BTC-260812-67000-C","2026-08-12","67000","CALL","1h","2026-08-11 01:00:00","2026-08-11 09:00:00","10.000","10.000","10.000","10.000","0.00","2026-08-11 01:59:59","2026-08-11 09:59:59","0.00000","0","0.00","0.00000"
"all-available","Asia/Taipei","BTCUSDT","BTC-260812-67000-C","2026-08-12","67000","CALL","1h","2026-08-11 02:00:00","2026-08-11 10:00:00","5.000","5.000","5.000","5.000","0.01","2026-08-11 02:59:59","2026-08-11 10:59:59","0.05000","1","0.00","0.00000"
"all-available","Asia/Taipei","BTCUSDT","BTC-260812-67000-C","2026-08-12","67000","CALL","1h","2026-08-11 03:00:00","2026-08-11 11:00:00","5.000","5.000","5.000","5.000","0.00","2026-08-11 03:59:59","2026-08-11 11:59:59","0.00000","0","0.00","0.00000"
"all-available","Asia/Taipei","BTCUSDT","BTC-260812-67000-C","2026-08-12","67000","CALL","1h","2026-08-11 04:00:00","2026-08-11 12:00:00","5.000","5.000","5.000","5.000","1.00","2026-08-11 04:59:59","2026-08-11 12:59:59","5.00000","2","0.00","0.00000"
"all-available","Asia/Taipei","BTCUSDT","BTC-260812-67000-C","2026-08-12","67000","CALL","1h","2026-08-11 05:00:00","2026-08-11 13:00:00","5.000","5.000","5.000","5.000","0.00","2026-08-11 05:59:59","2026-08-11 13:59:59","0.00000","0","0.00","0.00000"
"all-available","Asia/Taipei","BTCUSDT","BTC-260812-67000-C","2026-08-12","67000","CALL","1h","2026-08-11 06:00:00","2026-08-11 14:00:00","5.000","5.000","5.000","5.000","0.00","2026-08-11 06:59:59","2026-08-11 14:59:59","0.00000","0","0.00","0.00000"
"all-available","Asia/Taipei","BTCUSDT","BTC-260812-67000-C","2026-08-12","67000","CALL","1h","2026-08-11 07:00:00","2026-08-11 15:00:00","5.000","5.000","5.000","5.000","0.00","2026-08-11 07:59:59","2026-08-11 15:59:59","0.00000","0","0.00","0.00000"
"all-available","Asia/Taipei","BTCUSDT","BTC-260812-67000-C","2026-08-12","67000","CALL","1h","2026-08-11 08:00:00","2026-08-11 16:00:00","5.000","5.000","5.000","5.000","0.00","2026-08-11 08:59:59","2026-08-11 16:59:59","0.00000","0","0.00","0.00000"
"all-available","Asia/Taipei","BTCUSDT","BTC-260812-67000-C","2026-08-12","67000","CALL","1h","2026-08-11 09:00:00","2026-08-11 17:00:00","5.000","5.000","5.000","5.000","0.00","2026-08-11 09:59:59","2026-08-11 17:59:59","0.00000","0","0.00","0.00000"
"all-available","Asia/Taipei","BTCUSDT","BTC-260812-67000-C","2026-08-12","67000","CALL","1h","2026-08-11 10:00:00","2026-08-11 18:00:00","5.000","5.000","5.000","5.000","0.00","2026-08-11 10:59:59","2026-08-11 18:59:59","0.00000","0","0.00","0.00000"
"all-available","Asia/Taipei","BTCUSDT","BTC-260812-67000-C","2026-08-12","67000","CALL","1h","2026-08-11 11:00:00","2026-08-11 19:00:00","5.000","5.000","5.000","5.000","3.52","2026-08-11 11:59:59","2026-08-11 19:59:59","17.60000","5","1.76","8.80000"
"all-available","Asia/Taipei","BTCUSDT","BTC-260812-67000-C","2026-08-12","67000","CALL","1h","2026-08-11 12:00:00","2026-08-11 20:00:00","5.000","5.000","5.000","5.000","0.00","2026-08-11 12:59:59","2026-08-11 20:59:59","0.00000","0","0.00","0.00000"
"all-available","Asia/Taipei","BTCUSDT","BTC-260812-67000-C","2026-08-12","67000","CALL","1h","2026-08-11 13:00:00","2026-08-11 21:00:00","5.000","5.000","5.000","5.000","0.00","2026-08-11 13:59:59","2026-08-11 21:59:59","0.00000","0","0.00","0.00000"
"all-available","Asia/Taipei","BTCUSDT","BTC-260812-67000-C","2026-08-12","67000","CALL","1h","2026-08-11 14:00:00","2026-08-11 22:00:00","5.000","5.000","5.000","5.000","10.86","2026-08-11 14:59:59","2026-08-11 22:59:59","54.30000","11","0.00","0.00000"
"all-available","Asia/Taipei","BTCUSDT","BTC-260812-67000-C","2026-08-12","67000","CALL","1h","2026-08-11 15:00:00","2026-08-11 23:00:00","5.000","5.000","5.000","5.000","0.00","2026-08-11 15:59:59","2026-08-11 23:59:59","0.00000","0","0.00","0.00000"
"all-available","Asia/Taipei","BTCUSDT","BTC-260812-67000-C","2026-08-12","67000","CALL","1h","2026-08-11 16:00:00","2026-08-12 00:00:00","5.000","5.000","5.000","5.000","0.00","2026-08-11 16:59:59","2026-08-12 00:59:59","0.00000","0","0.00","0.00000"
"all-available","Asia/Taipei","BTCUSDT","BTC-260812-67000-C","2026-08-12","67000","CALL","1h","2026-08-11 17:00:00","2026-08-12 01:00:00","5.000","5.000","5.000","5.000","0.00","2026-08-11 17:59:59","2026-08-12 01:59:59","0.00000","0","0.00","0.00000"
"all-available","Asia/Taipei","BTCUSDT","BTC-260812-67000-C","2026-08-12","67000","CALL","1h","2026-08-11 18:00:00","2026-08-12 02:00:00","5.000","5.000","5.000","5.000","0.00","2026-08-11 18:59:59","2026-08-12 02:59:59","0.00000","0","0.00","0.00000"
"all-available","Asia/Taipei","BTCUSDT","BTC-260812-67000-C","2026-08-12","67000","CALL","1h","2026-08-11 19:00:00","2026-08-12 03:00:00","5.000","5.000","5.000","5.000","0.00","2026-08-11 19:59:59","2026-08-12 03:59:59","0.00000","0","0.00","0.00000"
"all-available","Asia/Taipei","BTCUSDT","BTC-260812-67000-C","2026-08-12","67000","CALL","1h","2026-08-11 20:00:00","2026-08-12 04:00:00","5.000","5.000","5.000","5.000","0.00","2026-08-11 20:59:59","2026-08-12 04:59:59","0.00000","0","0.00","0.00000"
"all-available","Asia/Taipei","BTCUSDT","BTC-260812-67000-C","2026-08-12","67000","CALL","1h","2026-08-11 21:00:00","2026-08-12 05:00:00","5.000","5.000","5.000","5.000","0.00","2026-08-11 21:59:59","2026-08-12 05:59:59","0.00000","0","0.00","0.00000"
"all-available","Asia/Taipei","BTCUSDT","BTC-260812-67000-C","2026-08-12","67000","CALL","1h","2026-08-11 22:00:00","2026-08-12 06:00:00","5.000","5.000","5.000","5.000","0.00","2026-08-11 22:59:59","2026-08-12 06:59:59","0.00000","0","0.00","0.00000"
"all-available","Asia/Taipei","BTCUSDT","BTC-260812-67000-C","2026-08-12","67000","CALL","1h","2026-08-11 23:00:00","2026-08-12 07:00:00","5.000","5.000","5.000","5.000","0.00","2026-08-11 23:59:59","2026-08-12 07:59:59","0.00000","0","0.00","0.00000"
"all-available","Asia/Taipei","BTCUSDT","BTC-260812-67000-C","2026-08-12","67000","CALL","1h","2026-08-12 00:00:00","2026-08-12 08:00:00","5.000","5.000","5.000","5.000","0.00","2026-08-12 00:59:59","2026-08-12 08:59:59","0.00000","0","0.00","0.00000"
"all-available","Asia/Taipei","BTCUSDT","BTC-260812-67000-C","2026-08-12","67000","CALL","1h","2026-08-12 01:00:00","2026-08-12 09:00:00","5.000","5.000","5.000","5.000","0.00","2026-08-12 01:59:59","2026-08-12 09:59:59","0.00000","0","0.00","0.00000"
"all-available","Asia/Taipei","BTCUSDT","BTC-260812-67000-C","2026-08-12","67000","CALL","1h","2026-08-12 02:00:00","2026-08-12 10:00:00","5.000","5.000","5.000","5.000","0.00","2026-08-12 02:59:59","2026-08-12 10:59:59","0.00000","0","0.00","0.00000"
"all-available","Asia/Taipei","BTCUSDT","BTC-260812-67000-C","2026-08-12","67000","CALL","1h","2026-08-12 03:00:00","2026-08-12 11:00:00","5.000","5.000","5.000","5.000","0.00","2026-08-12 03:59:59","2026-08-12 11:59:59","0.00000","0","0.00","0.00000"
"all-available","Asia/Taipei","BTCUSDT","BTC-260812-67000-C","2026-08-12","67000","CALL","1h","2026-08-12 04:00:00","2026-08-12 12:00:00","5.000","5.000","5.000","5.000","0.00","2026-08-12 04:59:59","2026-08-12 12:59:59","0.00000","0","0.00","0.00000"
"all-available","Asia/Taipei","BTCUSDT","BTC-260812-67000-C","2026-08-12","67000","CALL","1h","2026-08-12 05:00:00","2026-08-12 13:00:00","5.000","5.000","5.000","5.000","0.00","2026-08-12 05:59:59","2026-08-12 13:59:59","0.00000","0","0.00","0.00000"
"all-available","Asia/Taipei","BTCUSDT","BTC-260812-67000-C","2026-08-12","67000","CALL","1h","2026-08-12 06:00:00","2026-08-12 14:00:00","5.000","5.000","5.000","5.000","0.00","2026-08-12 06:59:59","2026-08-12 14:59:59","0.00000","0","0.00","0.00000"
"all-available","Asia/Taipei","BTCUSDT","BTC-260812-67000-C","2026-08-12","67000","CALL","1h","2026-08-12 07:00:00","2026-08-12 15:00:00","5.000","5.000","5.000","5.000","0.00","2026-08-12 07:59:59","2026-08-12 15:59:59","0.00000","0","0.00","0.00000"
"all-available","Asia/Taipei","BTCUSDT","BTC-260812-67500-C","2026-08-12","67500","CALL","1h","2026-08-10 09:00:00","2026-08-10 17:00:00","25.000","25.000","25.000","25.000","0.05","2026-08-10 09:59:59","2026-08-10 17:59:59","1.25000","1","0.00","0.00000"
"all-available","Asia/Taipei","BTCUSDT","BTC-260812-67500-C","2026-08-12","67500","CALL","1h","2026-08-10 10:00:00","2026-08-10 18:00:00","20.000","20.000","20.000","20.000","0.01","2026-08-10 10:59:59","2026-08-10 18:59:59","0.20000","1","0.00","0.00000"
"all-available","Asia/Taipei","BTCUSDT","BTC-260812-67500-C","2026-08-12","67500","CALL","1h","2026-08-10 11:00:00","2026-08-10 19:00:00","20.000","20.000","20.000","20.000","0.12","2026-08-10 11:59:59","2026-08-10 19:59:59","2.40000","1","0.12","2.40000"
"all-available","Asia/Taipei","BTCUSDT","BTC-260812-67500-C","2026-08-12","67500","CALL","1h","2026-08-10 12:00:00","2026-08-10 20:00:00","20.000","20.000","20.000","20.000","0.00","2026-08-10 12:59:59","2026-08-10 20:59:59","0.00000","0","0.00","0.00000"
"all-available","Asia/Taipei","BTCUSDT","BTC-260812-67500-C","2026-08-12","67500","CALL","1h","2026-08-10 13:00:00","2026-08-10 21:00:00","20.000","20.000","10.000","10.000","1.45","2026-08-10 13:59:59","2026-08-10 21:59:59","19.00000","7","0.45","9.00000"
"all-available","Asia/Taipei","BTCUSDT","BTC-260812-67500-C","2026-08-12","67500","CALL","1h","2026-08-10 14:00:00","2026-08-10 22:00:00","10.000","10.000","10.000","10.000","0.00","2026-08-10 14:59:59","2026-08-10 22:59:59","0.00000","0","0.00","0.00000"
"all-available","Asia/Taipei","BTCUSDT","BTC-260812-67500-C","2026-08-12","67500","CALL","1h","2026-08-10 15:00:00","2026-08-10 23:00:00","10.000","10.000","10.000","10.000","0.56","2026-08-10 15:59:59","2026-08-10 23:59:59","5.60000","4","0.28","2.80000"
"all-available","Asia/Taipei","BTCUSDT","BTC-260812-67500-C","2026-08-12","67500","CALL","1h","2026-08-10 16:00:00","2026-08-11 00:00:00","10.000","10.000","10.000","10.000","0.00","2026-08-10 16:59:59","2026-08-11 00:59:59","0.00000","0","0.00","0.00000"
"all-available","Asia/Taipei","BTCUSDT","BTC-260812-67500-C","2026-08-12","67500","CALL","1h","2026-08-10 17:00:00","2026-08-11 01:00:00","10.000","10.000","10.000","10.000","0.00","2026-08-10 17:59:59","2026-08-11 01:59:59","0.00000","0","0.00","0.00000"
"all-available","Asia/Taipei","BTCUSDT","BTC-260812-67500-C","2026-08-12","67500","CALL","1h","2026-08-10 18:00:00","2026-08-11 02:00:00","10.000","10.000","10.000","10.000","0.00","2026-08-10 18:59:59","2026-08-11 02:59:59","0.00000","0","0.00","0.00000"
"all-available","Asia/Taipei","BTCUSDT","BTC-260812-67500-C","2026-08-12","67500","CALL","1h","2026-08-10 19:00:00","2026-08-11 03:00:00","10.000","10.000","5.000","5.000","4.00","2026-08-10 19:59:59","2026-08-11 03:59:59","30.00000","9","2.00","20.00000"
"all-available","Asia/Taipei","BTCUSDT","BTC-260812-67500-C","2026-08-12","67500","CALL","1h","2026-08-10 20:00:00","2026-08-11 04:00:00","5.000","5.000","5.000","5.000","0.00","2026-08-10 20:59:59","2026-08-11 04:59:59","0.00000","0","0.00","0.00000"
"all-available","Asia/Taipei","BTCUSDT","BTC-260812-67500-C","2026-08-12","67500","CALL","1h","2026-08-10 21:00:00","2026-08-11 05:00:00","5.000","5.000","5.000","5.000","0.00","2026-08-10 21:59:59","2026-08-11 05:59:59","0.00000","0","0.00","0.00000"
"all-available","Asia/Taipei","BTCUSDT","BTC-260812-67500-C","2026-08-12","67500","CALL","1h","2026-08-10 22:00:00","2026-08-11 06:00:00","5.000","5.000","5.000","5.000","0.00","2026-08-10 22:59:59","2026-08-11 06:59:59","0.00000","0","0.00","0.00000"
"all-available","Asia/Taipei","BTCUSDT","BTC-260812-67500-C","2026-08-12","67500","CALL","1h","2026-08-10 23:00:00","2026-08-11 07:00:00","5.000","5.000","5.000","5.000","0.00","2026-08-10 23:59:59","2026-08-11 07:59:59","0.00000","0","0.00","0.00000"
"all-available","Asia/Taipei","BTCUSDT","BTC-260812-67500-C","2026-08-12","67500","CALL","1h","2026-08-11 00:00:00","2026-08-11 08:00:00","5.000","5.000","5.000","5.000","0.00","2026-08-11 00:59:59","2026-08-11 08:59:59","0.00000","0","0.00","0.00000"
"all-available","Asia/Taipei","BTCUSDT","BTC-260812-67500-C","2026-08-12","67500","CALL","1h","2026-08-11 01:00:00","2026-08-11 09:00:00","5.000","5.000","5.000","5.000","0.16","2026-08-11 01:59:59","2026-08-11 09:59:59","0.80000","2","0.16","0.80000"
"all-available","Asia/Taipei","BTCUSDT","BTC-260812-67500-C","2026-08-12","67500","CALL","1h","2026-08-11 02:00:00","2026-08-11 10:00:00","5.000","5.000","5.000","5.000","0.06","2026-08-11 02:59:59","2026-08-11 10:59:59","0.30000","2","0.06","0.30000"
"all-available","Asia/Taipei","BTCUSDT","BTC-260812-67500-C","2026-08-12","67500","CALL","1h","2026-08-11 03:00:00","2026-08-11 11:00:00","5.000","5.000","5.000","5.000","0.00","2026-08-11 03:59:59","2026-08-11 11:59:59","0.00000","0","0.00","0.00000"
"all-available","Asia/Taipei","BTCUSDT","BTC-260812-67500-C","2026-08-12","67500","CALL","1h","2026-08-11 04:00:00","2026-08-11 12:00:00","5.000","5.000","5.000","5.000","0.00","2026-08-11 04:59:59","2026-08-11 12:59:59","0.00000","0","0.00","0.00000"
"all-available","Asia/Taipei","BTCUSDT","BTC-260812-67500-C","2026-08-12","67500","CALL","1h","2026-08-11 05:00:00","2026-08-11 13:00:00","5.000","5.000","5.000","5.000","0.05","2026-08-11 05:59:59","2026-08-11 13:59:59","0.25000","2","0.00","0.00000"
"all-available","Asia/Taipei","BTCUSDT","BTC-260812-67500-C","2026-08-12","67500","CALL","1h","2026-08-11 06:00:00","2026-08-11 14:00:00","5.000","5.000","5.000","5.000","0.00","2026-08-11 06:59:59","2026-08-11 14:59:59","0.00000","0","0.00","0.00000"
"all-available","Asia/Taipei","BTCUSDT","BTC-260812-67500-C","2026-08-12","67500","CALL","1h","2026-08-11 07:00:00","2026-08-11 15:00:00","5.000","5.000","5.000","5.000","0.00","2026-08-11 07:59:59","2026-08-11 15:59:59","0.00000","0","0.00","0.00000"
"all-available","Asia/Taipei","BTCUSDT","BTC-260812-67500-C","2026-08-12","67500","CALL","1h","2026-08-11 08:00:00","2026-08-11 16:00:00","5.000","5.000","5.000","5.000","0.00","2026-08-11 08:59:59","2026-08-11 16:59:59","0.00000","0","0.00","0.00000"
"all-available","Asia/Taipei","BTCUSDT","BTC-260812-67500-C","2026-08-12","67500","CALL","1h","2026-08-11 09:00:00","2026-08-11 17:00:00","5.000","5.000","5.000","5.000","0.35","2026-08-11 09:59:59","2026-08-11 17:59:59","1.75000","7","0.00","0.00000"
"all-available","Asia/Taipei","BTCUSDT","BTC-260812-67500-C","2026-08-12","67500","CALL","1h","2026-08-11 10:00:00","2026-08-11 18:00:00","5.000","5.000","5.000","5.000","0.27","2026-08-11 10:59:59","2026-08-11 18:59:59","1.35000","9","0.00","0.00000"
"all-available","Asia/Taipei","BTCUSDT","BTC-260812-67500-C","2026-08-12","67500","CALL","1h","2026-08-11 11:00:00","2026-08-11 19:00:00","5.000","5.000","5.000","5.000","0.00","2026-08-11 11:59:59","2026-08-11 19:59:59","0.00000","0","0.00","0.00000"
"all-available","Asia/Taipei","BTCUSDT","BTC-260812-67500-C","2026-08-12","67500","CALL","1h","2026-08-11 12:00:00","2026-08-11 20:00:00","5.000","5.000","5.000","5.000","1.00","2026-08-11 12:59:59","2026-08-11 20:59:59","5.00000","9","1.00","5.00000"
"all-available","Asia/Taipei","BTCUSDT","BTC-260812-67500-C","2026-08-12","67500","CALL","1h","2026-08-11 13:00:00","2026-08-11 21:00:00","5.000","5.000","5.000","5.000","0.00","2026-08-11 13:59:59","2026-08-11 21:59:59","0.00000","0","0.00","0.00000"
"all-available","Asia/Taipei","BTCUSDT","BTC-260812-67500-C","2026-08-12","67500","CALL","1h","2026-08-11 14:00:00","2026-08-11 22:00:00","5.000","5.000","5.000","5.000","0.01","2026-08-11 14:59:59","2026-08-11 22:59:59","0.05000","1","0.01","0.05000"
"all-available","Asia/Taipei","BTCUSDT","BTC-260812-67500-C","2026-08-12","67500","CALL","1h","2026-08-11 15:00:00","2026-08-11 23:00:00","5.000","5.000","5.000","5.000","0.00","2026-08-11 15:59:59","2026-08-11 23:59:59","0.00000","0","0.00","0.00000"
"all-available","Asia/Taipei","BTCUSDT","BTC-260812-67500-C","2026-08-12","67500","CALL","1h","2026-08-11 16:00:00","2026-08-12 00:00:00","5.000","5.000","5.000","5.000","0.00","2026-08-11 16:59:59","2026-08-12 00:59:59","0.00000","0","0.00","0.00000"
"all-available","Asia/Taipei","BTCUSDT","BTC-260812-67500-C","2026-08-12","67500","CALL","1h","2026-08-11 17:00:00","2026-08-12 01:00:00","5.000","5.000","5.000","5.000","0.00","2026-08-11 17:59:59","2026-08-12 01:59:59","0.00000","0","0.00","0.00000"
"all-available","Asia/Taipei","BTCUSDT","BTC-260812-67500-C","2026-08-12","67500","CALL","1h","2026-08-11 18:00:00","2026-08-12 02:00:00","5.000","5.000","5.000","5.000","0.00","2026-08-11 18:59:59","2026-08-12 02:59:59","0.00000","0","0.00","0.00000"
"all-available","Asia/Taipei","BTCUSDT","BTC-260812-67500-C","2026-08-12","67500","CALL","1h","2026-08-11 19:00:00","2026-08-12 03:00:00","5.000","5.000","5.000","5.000","0.00","2026-08-11 19:59:59","2026-08-12 03:59:59","0.00000","0","0.00","0.00000"
"all-available","Asia/Taipei","BTCUSDT","BTC-260812-67500-C","2026-08-12","67500","CALL","1h","2026-08-11 20:00:00","2026-08-12 04:00:00","5.000","5.000","5.000","5.000","0.00","2026-08-11 20:59:59","2026-08-12 04:59:59","0.00000","0","0.00","0.00000"
"all-available","Asia/Taipei","BTCUSDT","BTC-260812-67500-C","2026-08-12","67500","CALL","1h","2026-08-11 21:00:00","2026-08-12 05:00:00","5.000","5.000","5.000","5.000","0.00","2026-08-11 21:59:59","2026-08-12 05:59:59","0.00000","0","0.00","0.00000"
"all-available","Asia/Taipei","BTCUSDT","BTC-260812-67500-C","2026-08-12","67500","CALL","1h","2026-08-11 22:00:00","2026-08-12 06:00:00","5.000","5.000","5.000","5.000","0.00","2026-08-11 22:59:59","2026-08-12 06:59:59","0.00000","0","0.00","0.00000"
"all-available","Asia/Taipei","BTCUSDT","BTC-260812-67500-C","2026-08-12","67500","CALL","1h","2026-08-11 23:00:00","2026-08-12 07:00:00","5.000","5.000","5.000","5.000","0.00","2026-08-11 23:59:59","2026-08-12 07:59:59","0.00000","0","0.00","0.00000"
"all-available","Asia/Taipei","BTCUSDT","BTC-260812-67500-C","2026-08-12","67500","CALL","1h","2026-08-12 00:00:00","2026-08-12 08:00:00","5.000","5.000","5.000","5.000","0.00","2026-08-12 00:59:59","2026-08-12 08:59:59","0.00000","0","0.00","0.00000"
"all-available","Asia/Taipei","BTCUSDT","BTC-260812-67500-C","2026-08-12","67500","CALL","1h","2026-08-12 01:00:00","2026-08-12 09:00:00","5.000","5.000","5.000","5.000","0.00","2026-08-12 01:59:59","2026-08-12 09:59:59","0.00000","0","0.00","0.00000"
"all-available","Asia/Taipei","BTCUSDT","BTC-260812-67500-C","2026-08-12","67500","CALL","1h","2026-08-12 02:00:00","2026-08-12 10:00:00","5.000","5.000","5.000","5.000","0.00","2026-08-12 02:59:59","2026-08-12 10:59:59","0.00000","0","0.00","0.00000"
"all-available","Asia/Taipei","BTCUSDT","BTC-260812-67500-C","2026-08-12","67500","CALL","1h","2026-08-12 03:00:00","2026-08-12 11:00:00","5.000","5.000","5.000","5.000","0.00","2026-08-12 03:59:59","2026-08-12 11:59:59","0.00000","0","0.00","0.00000"
"all-available","Asia/Taipei","BTCUSDT","BTC-260812-67500-C","2026-08-12","67500","CALL","1h","2026-08-12 04:00:00","2026-08-12 12:00:00","5.000","5.000","5.000","5.000","0.00","2026-08-12 04:59:59","2026-08-12 12:59:59","0.00000","0","0.00","0.00000"
"all-available","Asia/Taipei","BTCUSDT","BTC-260812-67500-C","2026-08-12","67500","CALL","1h","2026-08-12 05:00:00","2026-08-12 13:00:00","5.000","5.000","5.000","5.000","0.00","2026-08-12 05:59:59","2026-08-12 13:59:59","0.00000","0","0.00","0.00000"
"all-available","Asia/Taipei","BTCUSDT","BTC-260812-67500-C","2026-08-12","67500","CALL","1h","2026-08-12 06:00:00","2026-08-12 14:00:00","5.000","5.000","5.000","5.000","0.00","2026-08-12 06:59:59","2026-08-12 14:59:59","0.00000","0","0.00","0.00000"
"all-available","Asia/Taipei","BTCUSDT","BTC-260812-67500-C","2026-08-12","67500","CALL","1h","2026-08-12 07:00:00","2026-08-12 15:00:00","5.000","5.000","5.000","5.000","0.00","2026-08-12 07:59:59","2026-08-12 15:59:59","0.00000","0","0.00","0.00000"
"all-available","Asia/Taipei","BTCUSDT","BTC-260812-68000-C","2026-08-12","68000","CALL","1h","2026-08-09 09:00:00","2026-08-09 17:00:00","20.000","20.000","20.000","20.000","1.65","2026-08-09 09:59:59","2026-08-09 17:59:59","33.00000","2","1.65","33.00000"
"all-available","Asia/Taipei","BTCUSDT","BTC-260812-68000-C","2026-08-12","68000","CALL","1h","2026-08-09 10:00:00","2026-08-09 18:00:00","20.000","25.000","20.000","20.000","6.06","2026-08-09 10:59:59","2026-08-09 18:59:59","121.25000","3","6.06","121.25000"
"all-available","Asia/Taipei","BTCUSDT","BTC-260812-68000-C","2026-08-12","68000","CALL","1h","2026-08-09 11:00:00","2026-08-09 19:00:00","20.000","20.000","20.000","20.000","0.00","2026-08-09 11:59:59","2026-08-09 19:59:59","0.00000","0","0.00","0.00000"
"all-available","Asia/Taipei","BTCUSDT","BTC-260812-68000-C","2026-08-12","68000","CALL","1h","2026-08-09 12:00:00","2026-08-09 20:00:00","20.000","20.000","20.000","20.000","0.00","2026-08-09 12:59:59","2026-08-09 20:59:59","0.00000","0","0.00","0.00000"
"all-available","Asia/Taipei","BTCUSDT","BTC-260812-68000-C","2026-08-12","68000","CALL","1h","2026-08-09 13:00:00","2026-08-09 21:00:00","25.000","25.000","25.000","25.000","0.03","2026-08-09 13:59:59","2026-08-09 21:59:59","0.75000","1","0.00","0.00000"
"all-available","Asia/Taipei","BTCUSDT","BTC-260812-68000-C","2026-08-12","68000","CALL","1h","2026-08-09 14:00:00","2026-08-09 22:00:00","30.000","35.000","30.000","35.000","10.94","2026-08-09 14:59:59","2026-08-09 22:59:59","332.90000","3","10.94","332.90000"
"all-available","Asia/Taipei","BTCUSDT","BTC-260812-68000-C","2026-08-12","68000","CALL","1h","2026-08-09 15:00:00","2026-08-09 23:00:00","35.000","35.000","35.000","35.000","0.25","2026-08-09 15:59:59","2026-08-09 23:59:59","8.75000","1","0.25","8.75000"
"all-available","Asia/Taipei","BTCUSDT","BTC-260812-68000-C","2026-08-12","68000","CALL","1h","2026-08-09 16:00:00","2026-08-10 00:00:00","35.000","35.000","35.000","35.000","0.00","2026-08-09 16:59:59","2026-08-10 00:59:59","0.00000","0","0.00","0.00000"
"all-available","Asia/Taipei","BTCUSDT","BTC-260812-68000-C","2026-08-12","68000","CALL","1h","2026-08-09 17:00:00","2026-08-10 01:00:00","35.000","35.000","35.000","35.000","0.00","2026-08-09 17:59:59","2026-08-10 01:59:59","0.00000","0","0.00","0.00000"
"all-available","Asia/Taipei","BTCUSDT","BTC-260812-68000-C","2026-08-12","68000","CALL","1h","2026-08-09 18:00:00","2026-08-10 02:00:00","35.000","35.000","35.000","35.000","0.00","2026-08-09 18:59:59","2026-08-10 02:59:59","0.00000","0","0.00","0.00000"
"all-available","Asia/Taipei","BTCUSDT","BTC-260812-68000-C","2026-08-12","68000","CALL","1h","2026-08-09 19:00:00","2026-08-10 03:00:00","35.000","35.000","35.000","35.000","0.00","2026-08-09 19:59:59","2026-08-10 03:59:59","0.00000","0","0.00","0.00000"
"all-available","Asia/Taipei","BTCUSDT","BTC-260812-68000-C","2026-08-12","68000","CALL","1h","2026-08-09 20:00:00","2026-08-10 04:00:00","35.000","35.000","35.000","35.000","0.00","2026-08-09 20:59:59","2026-08-10 04:59:59","0.00000","0","0.00","0.00000"
"all-available","Asia/Taipei","BTCUSDT","BTC-260812-68000-C","2026-08-12","68000","CALL","1h","2026-08-09 21:00:00","2026-08-10 05:00:00","35.000","35.000","35.000","35.000","0.00","2026-08-09 21:59:59","2026-08-10 05:59:59","0.00000","0","0.00","0.00000"
"all-available","Asia/Taipei","BTCUSDT","BTC-260812-68000-C","2026-08-12","68000","CALL","1h","2026-08-09 22:00:00","2026-08-10 06:00:00","35.000","35.000","35.000","35.000","0.00","2026-08-09 22:59:59","2026-08-10 06:59:59","0.00000","0","0.00","0.00000"
"all-available","Asia/Taipei","BTCUSDT","BTC-260812-68000-C","2026-08-12","68000","CALL","1h","2026-08-09 23:00:00","2026-08-10 07:00:00","35.000","35.000","35.000","35.000","0.00","2026-08-09 23:59:59","2026-08-10 07:59:59","0.00000","0","0.00","0.00000"
"all-available","Asia/Taipei","BTCUSDT","BTC-260812-68000-C","2026-08-12","68000","CALL","1h","2026-08-10 00:00:00","2026-08-10 08:00:00","25.000","25.000","25.000","25.000","0.08","2026-08-10 00:59:59","2026-08-10 08:59:59","2.00000","1","0.08","2.00000"
"all-available","Asia/Taipei","BTCUSDT","BTC-260812-68000-C","2026-08-12","68000","CALL","1h","2026-08-10 01:00:00","2026-08-10 09:00:00","25.000","25.000","25.000","25.000","0.27","2026-08-10 01:59:59","2026-08-10 09:59:59","6.75000","1","0.27","6.75000"
"all-available","Asia/Taipei","BTCUSDT","BTC-260812-68000-C","2026-08-12","68000","CALL","1h","2026-08-10 02:00:00","2026-08-10 10:00:00","25.000","25.000","25.000","25.000","0.00","2026-08-10 02:59:59","2026-08-10 10:59:59","0.00000","0","0.00","0.00000"
"all-available","Asia/Taipei","BTCUSDT","BTC-260812-68000-C","2026-08-12","68000","CALL","1h","2026-08-10 03:00:00","2026-08-10 11:00:00","25.000","25.000","25.000","25.000","0.00","2026-08-10 03:59:59","2026-08-10 11:59:59","0.00000","0","0.00","0.00000"
"all-available","Asia/Taipei","BTCUSDT","BTC-260812-68000-C","2026-08-12","68000","CALL","1h","2026-08-10 04:00:00","2026-08-10 12:00:00","25.000","25.000","25.000","25.000","0.00","2026-08-10 04:59:59","2026-08-10 12:59:59","0.00000","0","0.00","0.00000"
"all-available","Asia/Taipei","BTCUSDT","BTC-260812-68000-C","2026-08-12","68000","CALL","1h","2026-08-10 05:00:00","2026-08-10 13:00:00","20.000","20.000","15.000","15.000","0.21","2026-08-10 05:59:59","2026-08-10 13:59:59","4.05000","2","0.18","3.60000"
"all-available","Asia/Taipei","BTCUSDT","BTC-260812-68000-C","2026-08-12","68000","CALL","1h","2026-08-10 06:00:00","2026-08-10 14:00:00","25.000","25.000","20.000","20.000","0.06","2026-08-10 06:59:59","2026-08-10 14:59:59","1.45000","2","0.05","1.25000"
"all-available","Asia/Taipei","BTCUSDT","BTC-260812-68000-C","2026-08-12","68000","CALL","1h","2026-08-10 07:00:00","2026-08-10 15:00:00","25.000","25.000","25.000","25.000","1.08","2026-08-10 07:59:59","2026-08-10 15:59:59","27.00000","2","1.08","27.00000"
"all-available","Asia/Taipei","BTCUSDT","BTC-260812-68000-C","2026-08-12","68000","CALL","1h","2026-08-10 08:00:00","2026-08-10 16:00:00","25.000","25.000","25.000","25.000","0.00","2026-08-10 08:59:59","2026-08-10 16:59:59","0.00000","0","0.00","0.00000"
"all-available","Asia/Taipei","BTCUSDT","BTC-260812-68000-C","2026-08-12","68000","CALL","1h","2026-08-10 09:00:00","2026-08-10 17:00:00","20.000","20.000","15.000","15.000","10.02","2026-08-10 09:59:59","2026-08-10 17:59:59","150.40000","6","0.00","0.00000"
"all-available","Asia/Taipei","BTCUSDT","BTC-260812-68000-C","2026-08-12","68000","CALL","1h","2026-08-10 10:00:00","2026-08-10 18:00:00","15.000","15.000","15.000","15.000","0.00","2026-08-10 10:59:59","2026-08-10 18:59:59","0.00000","0","0.00","0.00000"
"all-available","Asia/Taipei","BTCUSDT","BTC-260812-68000-C","2026-08-12","68000","CALL","1h","2026-08-10 11:00:00","2026-08-10 19:00:00","15.000","15.000","15.000","15.000","0.00","2026-08-10 11:59:59","2026-08-10 19:59:59","0.00000","0","0.00","0.00000"
"all-available","Asia/Taipei","BTCUSDT","BTC-260812-68000-C","2026-08-12","68000","CALL","1h","2026-08-10 12:00:00","2026-08-10 20:00:00","15.000","15.000","15.000","15.000","0.00","2026-08-10 12:59:59","2026-08-10 20:59:59","0.00000","0","0.00","0.00000"
"all-available","Asia/Taipei","BTCUSDT","BTC-260812-68000-C","2026-08-12","68000","CALL","1h","2026-08-10 13:00:00","2026-08-10 21:00:00","10.000","10.000","10.000","10.000","1.00","2026-08-10 13:59:59","2026-08-10 21:59:59","10.00000","1","0.00","0.00000"
"all-available","Asia/Taipei","BTCUSDT","BTC-260812-68000-C","2026-08-12","68000","CALL","1h","2026-08-10 14:00:00","2026-08-10 22:00:00","10.000","10.000","10.000","10.000","0.00","2026-08-10 14:59:59","2026-08-10 22:59:59","0.00000","0","0.00","0.00000"
"all-available","Asia/Taipei","BTCUSDT","BTC-260812-68000-C","2026-08-12","68000","CALL","1h","2026-08-10 15:00:00","2026-08-10 23:00:00","10.000","10.000","10.000","10.000","0.00","2026-08-10 15:59:59","2026-08-10 23:59:59","0.00000","0","0.00","0.00000"
"all-available","Asia/Taipei","BTCUSDT","BTC-260812-68000-C","2026-08-12","68000","CALL","1h","2026-08-10 16:00:00","2026-08-11 00:00:00","10.000","10.000","10.000","10.000","4.05","2026-08-10 16:59:59","2026-08-11 00:59:59","40.50000","2","4.05","40.50000"
"all-available","Asia/Taipei","BTCUSDT","BTC-260812-68000-C","2026-08-12","68000","CALL","1h","2026-08-10 17:00:00","2026-08-11 01:00:00","10.000","10.000","10.000","10.000","0.00","2026-08-10 17:59:59","2026-08-11 01:59:59","0.00000","0","0.00","0.00000"
"all-available","Asia/Taipei","BTCUSDT","BTC-260812-68000-C","2026-08-12","68000","CALL","1h","2026-08-10 18:00:00","2026-08-11 02:00:00","10.000","10.000","10.000","10.000","0.00","2026-08-10 18:59:59","2026-08-11 02:59:59","0.00000","0","0.00","0.00000"
"all-available","Asia/Taipei","BTCUSDT","BTC-260812-68000-C","2026-08-12","68000","CALL","1h","2026-08-10 19:00:00","2026-08-11 03:00:00","10.000","10.000","10.000","10.000","0.00","2026-08-10 19:59:59","2026-08-11 03:59:59","0.00000","0","0.00","0.00000"
"all-available","Asia/Taipei","BTCUSDT","BTC-260812-68000-C","2026-08-12","68000","CALL","1h","2026-08-10 20:00:00","2026-08-11 04:00:00","5.000","5.000","5.000","5.000","0.08","2026-08-10 20:59:59","2026-08-11 04:59:59","0.40000","1","0.00","0.00000"
"all-available","Asia/Taipei","BTCUSDT","BTC-260812-68000-C","2026-08-12","68000","CALL","1h","2026-08-10 21:00:00","2026-08-11 05:00:00","5.000","5.000","5.000","5.000","0.00","2026-08-10 21:59:59","2026-08-11 05:59:59","0.00000","0","0.00","0.00000"
"all-available","Asia/Taipei","BTCUSDT","BTC-260812-68000-C","2026-08-12","68000","CALL","1h","2026-08-10 22:00:00","2026-08-11 06:00:00","5.000","5.000","5.000","5.000","0.00","2026-08-10 22:59:59","2026-08-11 06:59:59","0.00000","0","0.00","0.00000"
"all-available","Asia/Taipei","BTCUSDT","BTC-260812-68000-C","2026-08-12","68000","CALL","1h","2026-08-10 23:00:00","2026-08-11 07:00:00","5.000","5.000","5.000","5.000","0.00","2026-08-10 23:59:59","2026-08-11 07:59:59","0.00000","0","0.00","0.00000"
"all-available","Asia/Taipei","BTCUSDT","BTC-260812-68000-C","2026-08-12","68000","CALL","1h","2026-08-11 00:00:00","2026-08-11 08:00:00","5.000","5.000","5.000","5.000","0.00","2026-08-11 00:59:59","2026-08-11 08:59:59","0.00000","0","0.00","0.00000"
"all-available","Asia/Taipei","BTCUSDT","BTC-260812-68000-C","2026-08-12","68000","CALL","1h","2026-08-11 01:00:00","2026-08-11 09:00:00","5.000","5.000","5.000","5.000","1.00","2026-08-11 01:59:59","2026-08-11 09:59:59","5.00000","1","0.00","0.00000"
"all-available","Asia/Taipei","BTCUSDT","BTC-260812-68000-C","2026-08-12","68000","CALL","1h","2026-08-11 02:00:00","2026-08-11 10:00:00","5.000","5.000","5.000","5.000","0.08","2026-08-11 02:59:59","2026-08-11 10:59:59","0.40000","1","0.00","0.00000"
"all-available","Asia/Taipei","BTCUSDT","BTC-260812-68000-C","2026-08-12","68000","CALL","1h","2026-08-11 03:00:00","2026-08-11 11:00:00","5.000","5.000","5.000","5.000","0.00","2026-08-11 03:59:59","2026-08-11 11:59:59","0.00000","0","0.00","0.00000"
"all-available","Asia/Taipei","BTCUSDT","BTC-260812-68000-C","2026-08-12","68000","CALL","1h","2026-08-11 04:00:00","2026-08-11 12:00:00","5.000","5.000","5.000","5.000","0.00","2026-08-11 04:59:59","2026-08-11 12:59:59","0.00000","0","0.00","0.00000"
"all-available","Asia/Taipei","BTCUSDT","BTC-260812-68000-C","2026-08-12","68000","CALL","1h","2026-08-11 05:00:00","2026-08-11 13:00:00","5.000","5.000","5.000","5.000","0.00","2026-08-11 05:59:59","2026-08-11 13:59:59","0.00000","0","0.00","0.00000"
"all-available","Asia/Taipei","BTCUSDT","BTC-260812-68000-C","2026-08-12","68000","CALL","1h","2026-08-11 06:00:00","2026-08-11 14:00:00","5.000","5.000","5.000","5.000","0.00","2026-08-11 06:59:59","2026-08-11 14:59:59","0.00000","0","0.00","0.00000"
"all-available","Asia/Taipei","BTCUSDT","BTC-260812-68000-C","2026-08-12","68000","CALL","1h","2026-08-11 07:00:00","2026-08-11 15:00:00","5.000","5.000","5.000","5.000","0.00","2026-08-11 07:59:59","2026-08-11 15:59:59","0.00000","0","0.00","0.00000"
"all-available","Asia/Taipei","BTCUSDT","BTC-260812-68000-C","2026-08-12","68000","CALL","1h","2026-08-11 08:00:00","2026-08-11 16:00:00","5.000","5.000","5.000","5.000","0.00","2026-08-11 08:59:59","2026-08-11 16:59:59","0.00000","0","0.00","0.00000"
"all-available","Asia/Taipei","BTCUSDT","BTC-260812-68000-C","2026-08-12","68000","CALL","1h","2026-08-11 09:00:00","2026-08-11 17:00:00","5.000","5.000","5.000","5.000","0.00","2026-08-11 09:59:59","2026-08-11 17:59:59","0.00000","0","0.00","0.00000"
"all-available","Asia/Taipei","BTCUSDT","BTC-260812-68000-C","2026-08-12","68000","CALL","1h","2026-08-11 10:00:00","2026-08-11 18:00:00","5.000","5.000","5.000","5.000","0.00","2026-08-11 10:59:59","2026-08-11 18:59:59","0.00000","0","0.00","0.00000"
"all-available","Asia/Taipei","BTCUSDT","BTC-260812-68000-C","2026-08-12","68000","CALL","1h","2026-08-11 11:00:00","2026-08-11 19:00:00","5.000","5.000","5.000","5.000","0.00","2026-08-11 11:59:59","2026-08-11 19:59:59","0.00000","0","0.00","0.00000"
"all-available","Asia/Taipei","BTCUSDT","BTC-260812-68000-C","2026-08-12","68000","CALL","1h","2026-08-11 12:00:00","2026-08-11 20:00:00","5.000","5.000","5.000","5.000","0.00","2026-08-11 12:59:59","2026-08-11 20:59:59","0.00000","0","0.00","0.00000"
"all-available","Asia/Taipei","BTCUSDT","BTC-260812-68000-C","2026-08-12","68000","CALL","1h","2026-08-11 13:00:00","2026-08-11 21:00:00","5.000","5.000","5.000","5.000","0.00","2026-08-11 13:59:59","2026-08-11 21:59:59","0.00000","0","0.00","0.00000"
"all-available","Asia/Taipei","BTCUSDT","BTC-260812-68000-C","2026-08-12","68000","CALL","1h","2026-08-11 14:00:00","2026-08-11 22:00:00","5.000","5.000","5.000","5.000","0.00","2026-08-11 14:59:59","2026-08-11 22:59:59","0.00000","0","0.00","0.00000"
"all-available","Asia/Taipei","BTCUSDT","BTC-260812-68000-C","2026-08-12","68000","CALL","1h","2026-08-11 15:00:00","2026-08-11 23:00:00","5.000","5.000","5.000","5.000","0.00","2026-08-11 15:59:59","2026-08-11 23:59:59","0.00000","0","0.00","0.00000"
"all-available","Asia/Taipei","BTCUSDT","BTC-260812-68000-C","2026-08-12","68000","CALL","1h","2026-08-11 16:00:00","2026-08-12 00:00:00","5.000","5.000","5.000","5.000","0.00","2026-08-11 16:59:59","2026-08-12 00:59:59","0.00000","0","0.00","0.00000"
"all-available","Asia/Taipei","BTCUSDT","BTC-260812-68000-C","2026-08-12","68000","CALL","1h","2026-08-11 17:00:00","2026-08-12 01:00:00","5.000","5.000","5.000","5.000","0.00","2026-08-11 17:59:59","2026-08-12 01:59:59","0.00000","0","0.00","0.00000"
"all-available","Asia/Taipei","BTCUSDT","BTC-260812-68000-C","2026-08-12","68000","CALL","1h","2026-08-11 18:00:00","2026-08-12 02:00:00","5.000","5.000","5.000","5.000","0.00","2026-08-11 18:59:59","2026-08-12 02:59:59","0.00000","0","0.00","0.00000"
"all-available","Asia/Taipei","BTCUSDT","BTC-260812-68000-C","2026-08-12","68000","CALL","1h","2026-08-11 19:00:00","2026-08-12 03:00:00","5.000","5.000","5.000","5.000","0.00","2026-08-11 19:59:59","2026-08-12 03:59:59","0.00000","0","0.00","0.00000"
"all-available","Asia/Taipei","BTCUSDT","BTC-260812-68000-C","2026-08-12","68000","CALL","1h","2026-08-11 20:00:00","2026-08-12 04:00:00","5.000","5.000","5.000","5.000","0.00","2026-08-11 20:59:59","2026-08-12 04:59:59","0.00000","0","0.00","0.00000"
"all-available","Asia/Taipei","BTCUSDT","BTC-260812-68000-C","2026-08-12","68000","CALL","1h","2026-08-11 21:00:00","2026-08-12 05:00:00","5.000","5.000","5.000","5.000","0.00","2026-08-11 21:59:59","2026-08-12 05:59:59","0.00000","0","0.00","0.00000"
"all-available","Asia/Taipei","BTCUSDT","BTC-260812-68000-C","2026-08-12","68000","CALL","1h","2026-08-11 22:00:00","2026-08-12 06:00:00","5.000","5.000","5.000","5.000","0.00","2026-08-11 22:59:59","2026-08-12 06:59:59","0.00000","0","0.00","0.00000"
"all-available","Asia/Taipei","BTCUSDT","BTC-260812-68000-C","2026-08-12","68000","CALL","1h","2026-08-11 23:00:00","2026-08-12 07:00:00","5.000","5.000","5.000","5.000","0.00","2026-08-11 23:59:59","2026-08-12 07:59:59","0.00000","0","0.00","0.00000"
"all-available","Asia/Taipei","BTCUSDT","BTC-260812-68000-C","2026-08-12","68000","CALL","1h","2026-08-12 00:00:00","2026-08-12 08:00:00","5.000","5.000","5.000","5.000","0.00","2026-08-12 00:59:59","2026-08-12 08:59:59","0.00000","0","0.00","0.00000"
"all-available","Asia/Taipei","BTCUSDT","BTC-260812-68000-C","2026-08-12","68000","CALL","1h","2026-08-12 01:00:00","2026-08-12 09:00:00","5.000","5.000","5.000","5.000","0.00","2026-08-12 01:59:59","2026-08-12 09:59:59","0.00000","0","0.00","0.00000"
"all-available","Asia/Taipei","BTCUSDT","BTC-260812-68000-C","2026-08-12","68000","CALL","1h","2026-08-12 02:00:00","2026-08-12 10:00:00","5.000","5.000","5.000","5.000","0.00","2026-08-12 02:59:59","2026-08-12 10:59:59","0.00000","0","0.00","0.00000"
"all-available","Asia/Taipei","BTCUSDT","BTC-260812-68000-C","2026-08-12","68000","CALL","1h","2026-08-12 03:00:00","2026-08-12 11:00:00","5.000","5.000","5.000","5.000","0.00","2026-08-12 03:59:59","2026-08-12 11:59:59","0.00000","0","0.00","0.00000"
"all-available","Asia/Taipei","BTCUSDT","BTC-260812-68000-C","2026-08-12","68000","CALL","1h","2026-08-12 04:00:00","2026-08-12 12:00:00","5.000","5.000","5.000","5.000","0.00","2026-08-12 04:59:59","2026-08-12 12:59:59","0.00000","0","0.00","0.00000"
"all-available","Asia/Taipei","BTCUSDT","BTC-260812-68000-C","2026-08-12","68000","CALL","1h","2026-08-12 05:00:00","2026-08-12 13:00:00","5.000","5.000","5.000","5.000","0.00","2026-08-12 05:59:59","2026-08-12 13:59:59","0.00000","0","0.00","0.00000"
"all-available","Asia/Taipei","BTCUSDT","BTC-260812-68000-C","2026-08-12","68000","CALL","1h","2026-08-12 06:00:00","2026-08-12 14:00:00","5.000","5.000","5.000","5.000","0.00","2026-08-12 06:59:59","2026-08-12 14:59:59","0.00000","0","0.00","0.00000"
"all-available","Asia/Taipei","BTCUSDT","BTC-260812-68000-C","2026-08-12","68000","CALL","1h","2026-08-12 07:00:00","2026-08-12 15:00:00","5.000","5.000","5.000","5.000","0.00","2026-08-12 07:59:59","2026-08-12 15:59:59","0.00000","0","0.00","0.00000"
"all-available","Asia/Taipei","BTCUSDT","BTC-260812-69000-C","2026-08-12","69000","CALL","1h","2026-08-10 12:00:00","2026-08-10 20:00:00","5.000","5.000","5.000","5.000","2.21","2026-08-10 12:59:59","2026-08-10 20:59:59","11.05000","2","2.21","11.05000"
"all-available","Asia/Taipei","BTCUSDT","BTC-260812-69000-C","2026-08-12","69000","CALL","1h","2026-08-10 13:00:00","2026-08-10 21:00:00","5.000","5.000","5.000","5.000","0.00","2026-08-10 13:59:59","2026-08-10 21:59:59","0.00000","0","0.00","0.00000"
"all-available","Asia/Taipei","BTCUSDT","BTC-260812-69000-C","2026-08-12","69000","CALL","1h","2026-08-10 14:00:00","2026-08-10 22:00:00","5.000","5.000","5.000","5.000","0.00","2026-08-10 14:59:59","2026-08-10 22:59:59","0.00000","0","0.00","0.00000"
"all-available","Asia/Taipei","BTCUSDT","BTC-260812-69000-C","2026-08-12","69000","CALL","1h","2026-08-10 15:00:00","2026-08-10 23:00:00","5.000","5.000","5.000","5.000","0.34","2026-08-10 15:59:59","2026-08-10 23:59:59","1.70000","2","0.34","1.70000"
"all-available","Asia/Taipei","BTCUSDT","BTC-260812-69000-C","2026-08-12","69000","CALL","1h","2026-08-10 16:00:00","2026-08-11 00:00:00","5.000","5.000","5.000","5.000","0.00","2026-08-10 16:59:59","2026-08-11 00:59:59","0.00000","0","0.00","0.00000"
"all-available","Asia/Taipei","BTCUSDT","BTC-260812-69000-C","2026-08-12","69000","CALL","1h","2026-08-10 17:00:00","2026-08-11 01:00:00","5.000","5.000","5.000","5.000","0.00","2026-08-10 17:59:59","2026-08-11 01:59:59","0.00000","0","0.00","0.00000"
"all-available","Asia/Taipei","BTCUSDT","BTC-260812-69000-C","2026-08-12","69000","CALL","1h","2026-08-10 18:00:00","2026-08-11 02:00:00","5.000","5.000","5.000","5.000","0.00","2026-08-10 18:59:59","2026-08-11 02:59:59","0.00000","0","0.00","0.00000"
"all-available","Asia/Taipei","BTCUSDT","BTC-260812-69000-C","2026-08-12","69000","CALL","1h","2026-08-10 19:00:00","2026-08-11 03:00:00","5.000","5.000","5.000","5.000","0.00","2026-08-10 19:59:59","2026-08-11 03:59:59","0.00000","0","0.00","0.00000"
"all-available","Asia/Taipei","BTCUSDT","BTC-260812-69000-C","2026-08-12","69000","CALL","1h","2026-08-10 20:00:00","2026-08-11 04:00:00","5.000","5.000","5.000","5.000","0.00","2026-08-10 20:59:59","2026-08-11 04:59:59","0.00000","0","0.00","0.00000"
"all-available","Asia/Taipei","BTCUSDT","BTC-260812-69000-C","2026-08-12","69000","CALL","1h","2026-08-10 21:00:00","2026-08-11 05:00:00","5.000","5.000","5.000","5.000","0.00","2026-08-10 21:59:59","2026-08-11 05:59:59","0.00000","0","0.00","0.00000"
"all-available","Asia/Taipei","BTCUSDT","BTC-260812-69000-C","2026-08-12","69000","CALL","1h","2026-08-10 22:00:00","2026-08-11 06:00:00","5.000","5.000","5.000","5.000","0.00","2026-08-10 22:59:59","2026-08-11 06:59:59","0.00000","0","0.00","0.00000"
"all-available","Asia/Taipei","BTCUSDT","BTC-260812-69000-C","2026-08-12","69000","CALL","1h","2026-08-10 23:00:00","2026-08-11 07:00:00","5.000","5.000","5.000","5.000","0.00","2026-08-10 23:59:59","2026-08-11 07:59:59","0.00000","0","0.00","0.00000"
"all-available","Asia/Taipei","BTCUSDT","BTC-260812-69000-C","2026-08-12","69000","CALL","1h","2026-08-11 00:00:00","2026-08-11 08:00:00","5.000","5.000","5.000","5.000","0.00","2026-08-11 00:59:59","2026-08-11 08:59:59","0.00000","0","0.00","0.00000"
"all-available","Asia/Taipei","BTCUSDT","BTC-260812-69000-C","2026-08-12","69000","CALL","1h","2026-08-11 01:00:00","2026-08-11 09:00:00","5.000","5.000","5.000","5.000","0.00","2026-08-11 01:59:59","2026-08-11 09:59:59","0.00000","0","0.00","0.00000"
"all-available","Asia/Taipei","BTCUSDT","BTC-260812-69000-C","2026-08-12","69000","CALL","1h","2026-08-11 02:00:00","2026-08-11 10:00:00","5.000","5.000","5.000","5.000","0.05","2026-08-11 02:59:59","2026-08-11 10:59:59","0.25000","1","0.05","0.25000"
"all-available","Asia/Taipei","BTCUSDT","BTC-260812-69000-C","2026-08-12","69000","CALL","1h","2026-08-11 03:00:00","2026-08-11 11:00:00","5.000","5.000","5.000","5.000","0.00","2026-08-11 03:59:59","2026-08-11 11:59:59","0.00000","0","0.00","0.00000"
"all-available","Asia/Taipei","BTCUSDT","BTC-260812-69000-C","2026-08-12","69000","CALL","1h","2026-08-11 04:00:00","2026-08-11 12:00:00","5.000","5.000","5.000","5.000","0.00","2026-08-11 04:59:59","2026-08-11 12:59:59","0.00000","0","0.00","0.00000"
"all-available","Asia/Taipei","BTCUSDT","BTC-260812-69000-C","2026-08-12","69000","CALL","1h","2026-08-11 05:00:00","2026-08-11 13:00:00","5.000","5.000","5.000","5.000","0.00","2026-08-11 05:59:59","2026-08-11 13:59:59","0.00000","0","0.00","0.00000"
"all-available","Asia/Taipei","BTCUSDT","BTC-260812-69000-C","2026-08-12","69000","CALL","1h","2026-08-11 06:00:00","2026-08-11 14:00:00","5.000","5.000","5.000","5.000","0.00","2026-08-11 06:59:59","2026-08-11 14:59:59","0.00000","0","0.00","0.00000"
"all-available","Asia/Taipei","BTCUSDT","BTC-260812-69000-C","2026-08-12","69000","CALL","1h","2026-08-11 07:00:00","2026-08-11 15:00:00","5.000","5.000","5.000","5.000","0.00","2026-08-11 07:59:59","2026-08-11 15:59:59","0.00000","0","0.00","0.00000"
"all-available","Asia/Taipei","BTCUSDT","BTC-260812-69000-C","2026-08-12","69000","CALL","1h","2026-08-11 08:00:00","2026-08-11 16:00:00","5.000","5.000","5.000","5.000","0.00","2026-08-11 08:59:59","2026-08-11 16:59:59","0.00000","0","0.00","0.00000"
"all-available","Asia/Taipei","BTCUSDT","BTC-260812-69000-C","2026-08-12","69000","CALL","1h","2026-08-11 09:00:00","2026-08-11 17:00:00","5.000","5.000","5.000","5.000","0.00","2026-08-11 09:59:59","2026-08-11 17:59:59","0.00000","0","0.00","0.00000"
"all-available","Asia/Taipei","BTCUSDT","BTC-260812-69000-C","2026-08-12","69000","CALL","1h","2026-08-11 10:00:00","2026-08-11 18:00:00","5.000","5.000","5.000","5.000","0.00","2026-08-11 10:59:59","2026-08-11 18:59:59","0.00000","0","0.00","0.00000"
"all-available","Asia/Taipei","BTCUSDT","BTC-260812-69000-C","2026-08-12","69000","CALL","1h","2026-08-11 11:00:00","2026-08-11 19:00:00","5.000","5.000","5.000","5.000","0.00","2026-08-11 11:59:59","2026-08-11 19:59:59","0.00000","0","0.00","0.00000"
"all-available","Asia/Taipei","BTCUSDT","BTC-260812-69000-C","2026-08-12","69000","CALL","1h","2026-08-11 12:00:00","2026-08-11 20:00:00","5.000","5.000","5.000","5.000","0.00","2026-08-11 12:59:59","2026-08-11 20:59:59","0.00000","0","0.00","0.00000"
"all-available","Asia/Taipei","BTCUSDT","BTC-260812-69000-C","2026-08-12","69000","CALL","1h","2026-08-11 13:00:00","2026-08-11 21:00:00","5.000","5.000","5.000","5.000","0.00","2026-08-11 13:59:59","2026-08-11 21:59:59","0.00000","0","0.00","0.00000"
"all-available","Asia/Taipei","BTCUSDT","BTC-260812-69000-C","2026-08-12","69000","CALL","1h","2026-08-11 14:00:00","2026-08-11 22:00:00","5.000","5.000","5.000","5.000","0.00","2026-08-11 14:59:59","2026-08-11 22:59:59","0.00000","0","0.00","0.00000"
"all-available","Asia/Taipei","BTCUSDT","BTC-260812-69000-C","2026-08-12","69000","CALL","1h","2026-08-11 15:00:00","2026-08-11 23:00:00","5.000","5.000","5.000","5.000","0.00","2026-08-11 15:59:59","2026-08-11 23:59:59","0.00000","0","0.00","0.00000"
"all-available","Asia/Taipei","BTCUSDT","BTC-260812-69000-C","2026-08-12","69000","CALL","1h","2026-08-11 16:00:00","2026-08-12 00:00:00","5.000","5.000","5.000","5.000","0.00","2026-08-11 16:59:59","2026-08-12 00:59:59","0.00000","0","0.00","0.00000"
"all-available","Asia/Taipei","BTCUSDT","BTC-260812-69000-C","2026-08-12","69000","CALL","1h","2026-08-11 17:00:00","2026-08-12 01:00:00","5.000","5.000","5.000","5.000","0.00","2026-08-11 17:59:59","2026-08-12 01:59:59","0.00000","0","0.00","0.00000"
"all-available","Asia/Taipei","BTCUSDT","BTC-260812-69000-C","2026-08-12","69000","CALL","1h","2026-08-11 18:00:00","2026-08-12 02:00:00","5.000","5.000","5.000","5.000","0.00","2026-08-11 18:59:59","2026-08-12 02:59:59","0.00000","0","0.00","0.00000"
"all-available","Asia/Taipei","BTCUSDT","BTC-260812-69000-C","2026-08-12","69000","CALL","1h","2026-08-11 19:00:00","2026-08-12 03:00:00","5.000","5.000","5.000","5.000","0.00","2026-08-11 19:59:59","2026-08-12 03:59:59","0.00000","0","0.00","0.00000"
"all-available","Asia/Taipei","BTCUSDT","BTC-260812-69000-C","2026-08-12","69000","CALL","1h","2026-08-11 20:00:00","2026-08-12 04:00:00","5.000","5.000","5.000","5.000","0.00","2026-08-11 20:59:59","2026-08-12 04:59:59","0.00000","0","0.00","0.00000"
"all-available","Asia/Taipei","BTCUSDT","BTC-260812-69000-C","2026-08-12","69000","CALL","1h","2026-08-11 21:00:00","2026-08-12 05:00:00","5.000","5.000","5.000","5.000","0.00","2026-08-11 21:59:59","2026-08-12 05:59:59","0.00000","0","0.00","0.00000"
"all-available","Asia/Taipei","BTCUSDT","BTC-260812-69000-C","2026-08-12","69000","CALL","1h","2026-08-11 22:00:00","2026-08-12 06:00:00","5.000","5.000","5.000","5.000","0.00","2026-08-11 22:59:59","2026-08-12 06:59:59","0.00000","0","0.00","0.00000"
"all-available","Asia/Taipei","BTCUSDT","BTC-260812-69000-C","2026-08-12","69000","CALL","1h","2026-08-11 23:00:00","2026-08-12 07:00:00","5.000","5.000","5.000","5.000","0.00","2026-08-11 23:59:59","2026-08-12 07:59:59","0.00000","0","0.00","0.00000"
"all-available","Asia/Taipei","BTCUSDT","BTC-260812-69000-C","2026-08-12","69000","CALL","1h","2026-08-12 00:00:00","2026-08-12 08:00:00","5.000","5.000","5.000","5.000","0.00","2026-08-12 00:59:59","2026-08-12 08:59:59","0.00000","0","0.00","0.00000"
"all-available","Asia/Taipei","BTCUSDT","BTC-260812-69000-C","2026-08-12","69000","CALL","1h","2026-08-12 01:00:00","2026-08-12 09:00:00","5.000","5.000","5.000","5.000","0.00","2026-08-12 01:59:59","2026-08-12 09:59:59","0.00000","0","0.00","0.00000"
"all-available","Asia/Taipei","BTCUSDT","BTC-260812-69000-C","2026-08-12","69000","CALL","1h","2026-08-12 02:00:00","2026-08-12 10:00:00","5.000","5.000","5.000","5.000","0.00","2026-08-12 02:59:59","2026-08-12 10:59:59","0.00000","0","0.00","0.00000"
"all-available","Asia/Taipei","BTCUSDT","BTC-260812-69000-C","2026-08-12","69000","CALL","1h","2026-08-12 03:00:00","2026-08-12 11:00:00","5.000","5.000","5.000","5.000","0.00","2026-08-12 03:59:59","2026-08-12 11:59:59","0.00000","0","0.00","0.00000"
"all-available","Asia/Taipei","BTCUSDT","BTC-260812-69000-C","2026-08-12","69000","CALL","1h","2026-08-12 04:00:00","2026-08-12 12:00:00","5.000","5.000","5.000","5.000","0.00","2026-08-12 04:59:59","2026-08-12 12:59:59","0.00000","0","0.00","0.00000"
"all-available","Asia/Taipei","BTCUSDT","BTC-260812-69000-C","2026-08-12","69000","CALL","1h","2026-08-12 05:00:00","2026-08-12 13:00:00","5.000","5.000","5.000","5.000","0.00","2026-08-12 05:59:59","2026-08-12 13:59:59","0.00000","0","0.00","0.00000"
"all-available","Asia/Taipei","BTCUSDT","BTC-260812-69000-C","2026-08-12","69000","CALL","1h","2026-08-12 06:00:00","2026-08-12 14:00:00","5.000","5.000","5.000","5.000","0.00","2026-08-12 06:59:59","2026-08-12 14:59:59","0.00000","0","0.00","0.00000"
"all-available","Asia/Taipei","BTCUSDT","BTC-260812-69000-C","2026-08-12","69000","CALL","1h","2026-08-12 07:00:00","2026-08-12 15:00:00","5.000","5.000","5.000","5.000","0.00","2026-08-12 07:59:59","2026-08-12 15:59:59","0.00000","0","0.00","0.00000"
