"queryDate","timeZone","underlying","symbol","expiryDate","strikePrice","side","interval","openTimeUtc","openTimeLocal","open","high","low","close","volume","closeTimeUtc","closeTimeLocal","quoteVolume","numberOfTrades","takerBuyVolume","takerBuyQuoteVolume"
"all-available","Asia/Taipei","BTCUSDT","BTC-260628-55000-C","2026-06-28","55000","CALL","1h","2026-06-26 15:00:00","2026-06-26 23:00:00","5350.000","5350.000","5350.000","5350.000","0.16","2026-06-26 15:59:59","2026-06-26 23:59:59","856.00000","2","0.00","0.00000"
"all-available","Asia/Taipei","BTCUSDT","BTC-260628-55000-C","2026-06-28","55000","CALL","1h","2026-06-26 16:00:00","2026-06-27 00:00:00","5150.000","5150.000","5150.000","5150.000","0.16","2026-06-26 16:59:59","2026-06-27 00:59:59","824.00000","2","0.16","824.00000"
"all-available","Asia/Taipei","BTCUSDT","BTC-260628-55000-C","2026-06-28","55000","CALL","1h","2026-06-26 17:00:00","2026-06-27 01:00:00","5150.000","5150.000","5150.000","5150.000","0.00","2026-06-26 17:59:59","2026-06-27 01:59:59","0.00000","0","0.00","0.00000"
"all-available","Asia/Taipei","BTCUSDT","BTC-260628-55000-C","2026-06-28","55000","CALL","1h","2026-06-26 18:00:00","2026-06-27 02:00:00","5150.000","5150.000","5150.000","5150.000","0.00","2026-06-26 18:59:59","2026-06-27 02:59:59","0.00000","0","0.00","0.00000"
"all-available","Asia/Taipei","BTCUSDT","BTC-260628-55000-C","2026-06-28","55000","CALL","1h","2026-06-26 19:00:00","2026-06-27 03:00:00","5150.000","5150.000","5150.000","5150.000","0.00","2026-06-26 19:59:59","2026-06-27 03:59:59","0.00000","0","0.00","0.00000"
"all-available","Asia/Taipei","BTCUSDT","BTC-260628-55000-C","2026-06-28","55000","CALL","1h","2026-06-26 20:00:00","2026-06-27 04:00:00","5150.000","5150.000","5150.000","5150.000","0.00","2026-06-26 20:59:59","2026-06-27 04:59:59","0.00000","0","0.00","0.00000"
"all-available","Asia/Taipei","BTCUSDT","BTC-260628-55000-C","2026-06-28","55000","CALL","1h","2026-06-26 21:00:00","2026-06-27 05:00:00","5150.000","5150.000","5150.000","5150.000","0.00","2026-06-26 21:59:59","2026-06-27 05:59:59","0.00000","0","0.00","0.00000"
"all-available","Asia/Taipei","BTCUSDT","BTC-260628-55000-C","2026-06-28","55000","CALL","1h","2026-06-26 22:00:00","2026-06-27 06:00:00","5150.000","5150.000","5150.000","5150.000","0.00","2026-06-26 22:59:59","2026-06-27 06:59:59","0.00000","0","0.00","0.00000"
"all-available","Asia/Taipei","BTCUSDT","BTC-260628-55000-C","2026-06-28","55000","CALL","1h","2026-06-26 23:00:00","2026-06-27 07:00:00","5150.000","5150.000","5150.000","5150.000","0.00","2026-06-26 23:59:59","2026-06-27 07:59:59","0.00000","0","0.00","0.00000"
"all-available","Asia/Taipei","BTCUSDT","BTC-260628-55000-C","2026-06-28","55000","CALL","1h","2026-06-27 00:00:00","2026-06-27 08:00:00","5150.000","5150.000","5150.000","5150.000","0.00","2026-06-27 00:59:59","2026-06-27 08:59:59","0.00000","0","0.00","0.00000"
"all-available","Asia/Taipei","BTCUSDT","BTC-260628-55000-C","2026-06-28","55000","CALL","1h","2026-06-27 01:00:00","2026-06-27 09:00:00","5150.000","5150.000","5150.000","5150.000","0.00","2026-06-27 01:59:59","2026-06-27 09:59:59","0.00000","0","0.00","0.00000"
"all-available","Asia/Taipei","BTCUSDT","BTC-260628-55000-C","2026-06-28","55000","CALL","1h","2026-06-27 02:00:00","2026-06-27 10:00:00","5150.000","5150.000","5150.000","5150.000","0.00","2026-06-27 02:59:59","2026-06-27 10:59:59","0.00000","0","0.00","0.00000"
"all-available","Asia/Taipei","BTCUSDT","BTC-260628-55000-C","2026-06-28","55000","CALL","1h","2026-06-27 03:00:00","2026-06-27 11:00:00","5150.000","5150.000","5150.000","5150.000","0.00","2026-06-27 03:59:59","2026-06-27 11:59:59","0.00000","0","0.00","0.00000"
"all-available","Asia/Taipei","BTCUSDT","BTC-260628-55000-C","2026-06-28","55000","CALL","1h","2026-06-27 04:00:00","2026-06-27 12:00:00","5150.000","5150.000","5150.000","5150.000","0.00","2026-06-27 04:59:59","2026-06-27 12:59:59","0.00000","0","0.00","0.00000"
"all-available","Asia/Taipei","BTCUSDT","BTC-260628-55000-C","2026-06-28","55000","CALL","1h","2026-06-27 05:00:00","2026-06-27 13:00:00","5150.000","5150.000","5150.000","5150.000","0.00","2026-06-27 05:59:59","2026-06-27 13:59:59","0.00000","0","0.00","0.00000"
"all-available","Asia/Taipei","BTCUSDT","BTC-260628-55000-C","2026-06-28","55000","CALL","1h","2026-06-27 06:00:00","2026-06-27 14:00:00","5150.000","5150.000","5150.000","5150.000","0.00","2026-06-27 06:59:59","2026-06-27 14:59:59","0.00000","0","0.00","0.00000"
"all-available","Asia/Taipei","BTCUSDT","BTC-260628-55000-C","2026-06-28","55000","CALL","1h","2026-06-27 07:00:00","2026-06-27 15:00:00","5150.000","5150.000","5150.000","5150.000","0.00","2026-06-27 07:59:59","2026-06-27 15:59:59","0.00000","0","0.00","0.00000"
"all-available","Asia/Taipei","BTCUSDT","BTC-260628-55000-C","2026-06-28","55000","CALL","1h","2026-06-27 08:00:00","2026-06-27 16:00:00","5150.000","5150.000","5150.000","5150.000","0.00","2026-06-27 08:59:59","2026-06-27 16:59:59","0.00000","0","0.00","0.00000"
"all-available","Asia/Taipei","BTCUSDT","BTC-260628-55000-C","2026-06-28","55000","CALL","1h","2026-06-27 09:00:00","2026-06-27 17:00:00","5150.000","5150.000","5150.000","5150.000","0.00","2026-06-27 09:59:59","2026-06-27 17:59:59","0.00000","0","0.00","0.00000"
"all-available","Asia/Taipei","BTCUSDT","BTC-260628-55000-C","2026-06-28","55000","CALL","1h","2026-06-27 10:00:00","2026-06-27 18:00:00","5150.000","5150.000","5150.000","5150.000","0.00","2026-06-27 10:59:59","2026-06-27 18:59:59","0.00000","0","0.00","0.00000"
"all-available","Asia/Taipei","BTCUSDT","BTC-260628-55000-C","2026-06-28","55000","CALL","1h","2026-06-27 11:00:00","2026-06-27 19:00:00","5150.000","5150.000","5150.000","5150.000","0.00","2026-06-27 11:59:59","2026-06-27 19:59:59","0.00000","0","0.00","0.00000"
"all-available","Asia/Taipei","BTCUSDT","BTC-260628-55000-C","2026-06-28","55000","CALL","1h","2026-06-27 12:00:00","2026-06-27 20:00:00","5150.000","5150.000","5150.000","5150.000","0.00","2026-06-27 12:59:59","2026-06-27 20:59:59","0.00000","0","0.00","0.00000"
"all-available","Asia/Taipei","BTCUSDT","BTC-260628-55000-C","2026-06-28","55000","CALL","1h","2026-06-27 13:00:00","2026-06-27 21:00:00","5150.000","5150.000","5150.000","5150.000","0.00","2026-06-27 13:59:59","2026-06-27 21:59:59","0.00000","0","0.00","0.00000"
"all-available","Asia/Taipei","BTCUSDT","BTC-260628-55000-C","2026-06-28","55000","CALL","1h","2026-06-27 14:00:00","2026-06-27 22:00:00","5150.000","5150.000","5150.000","5150.000","0.00","2026-06-27 14:59:59","2026-06-27 22:59:59","0.00000","0","0.00","0.00000"
"all-available","Asia/Taipei","BTCUSDT","BTC-260628-55000-C","2026-06-28","55000","CALL","1h","2026-06-27 15:00:00","2026-06-27 23:00:00","5150.000","5150.000","5150.000","5150.000","0.00","2026-06-27 15:59:59","2026-06-27 23:59:59","0.00000","0","0.00","0.00000"
"all-available","Asia/Taipei","BTCUSDT","BTC-260628-55000-C","2026-06-28","55000","CALL","1h","2026-06-27 16:00:00","2026-06-28 00:00:00","5150.000","5150.000","5150.000","5150.000","0.00","2026-06-27 16:59:59","2026-06-28 00:59:59","0.00000","0","0.00","0.00000"
"all-available","Asia/Taipei","BTCUSDT","BTC-260628-55000-C","2026-06-28","55000","CALL","1h","2026-06-27 17:00:00","2026-06-28 01:00:00","5150.000","5150.000","5150.000","5150.000","0.00","2026-06-27 17:59:59","2026-06-28 01:59:59","0.00000","0","0.00","0.00000"
"all-available","Asia/Taipei","BTCUSDT","BTC-260628-55000-C","2026-06-28","55000","CALL","1h","2026-06-27 18:00:00","2026-06-28 02:00:00","5150.000","5150.000","5150.000","5150.000","0.00","2026-06-27 18:59:59","2026-06-28 02:59:59","0.00000","0","0.00","0.00000"
"all-available","Asia/Taipei","BTCUSDT","BTC-260628-55000-C","2026-06-28","55000","CALL","1h","2026-06-27 19:00:00","2026-06-28 03:00:00","5150.000","5150.000","5150.000","5150.000","0.00","2026-06-27 19:59:59","2026-06-28 03:59:59","0.00000","0","0.00","0.00000"
"all-available","Asia/Taipei","BTCUSDT","BTC-260628-55000-C","2026-06-28","55000","CALL","1h","2026-06-27 20:00:00","2026-06-28 04:00:00","5150.000","5150.000","5150.000","5150.000","0.00","2026-06-27 20:59:59","2026-06-28 04:59:59","0.00000","0","0.00","0.00000"
"all-available","Asia/Taipei","BTCUSDT","BTC-260628-55000-C","2026-06-28","55000","CALL","1h","2026-06-27 21:00:00","2026-06-28 05:00:00","5150.000","5150.000","5150.000","5150.000","0.00","2026-06-27 21:59:59","2026-06-28 05:59:59","0.00000","0","0.00","0.00000"
"all-available","Asia/Taipei","BTCUSDT","BTC-260628-55000-C","2026-06-28","55000","CALL","1h","2026-06-27 22:00:00","2026-06-28 06:00:00","5150.000","5150.000","5150.000","5150.000","0.00","2026-06-27 22:59:59","2026-06-28 06:59:59","0.00000","0","0.00","0.00000"
"all-available","Asia/Taipei","BTCUSDT","BTC-260628-55000-C","2026-06-28","55000","CALL","1h","2026-06-27 23:00:00","2026-06-28 07:00:00","5150.000","5150.000","5150.000","5150.000","0.00","2026-06-27 23:59:59","2026-06-28 07:59:59","0.00000","0","0.00","0.00000"
"all-available","Asia/Taipei","BTCUSDT","BTC-260628-55000-C","2026-06-28","55000","CALL","1h","2026-06-28 00:00:00","2026-06-28 08:00:00","5150.000","5150.000","5150.000","5150.000","0.00","2026-06-28 00:59:59","2026-06-28 08:59:59","0.00000","0","0.00","0.00000"
"all-available","Asia/Taipei","BTCUSDT","BTC-260628-55000-C","2026-06-28","55000","CALL","1h","2026-06-28 01:00:00","2026-06-28 09:00:00","5150.000","5150.000","5150.000","5150.000","0.00","2026-06-28 01:59:59","2026-06-28 09:59:59","0.00000","0","0.00","0.00000"
"all-available","Asia/Taipei","BTCUSDT","BTC-260628-55000-C","2026-06-28","55000","CALL","1h","2026-06-28 02:00:00","2026-06-28 10:00:00","5150.000","5150.000","5150.000","5150.000","0.00","2026-06-28 02:59:59","2026-06-28 10:59:59","0.00000","0","0.00","0.00000"
"all-available","Asia/Taipei","BTCUSDT","BTC-260628-55000-C","2026-06-28","55000","CALL","1h","2026-06-28 03:00:00","2026-06-28 11:00:00","5150.000","5150.000","5150.000","5150.000","0.00","2026-06-28 03:59:59","2026-06-28 11:59:59","0.00000","0","0.00","0.00000"
"all-available","Asia/Taipei","BTCUSDT","BTC-260628-55000-C","2026-06-28","55000","CALL","1h","2026-06-28 04:00:00","2026-06-28 12:00:00","5150.000","5150.000","5150.000","5150.000","0.00","2026-06-28 04:59:59","2026-06-28 12:59:59","0.00000","0","0.00","0.00000"
"all-available","Asia/Taipei","BTCUSDT","BTC-260628-55000-C","2026-06-28","55000","CALL","1h","2026-06-28 05:00:00","2026-06-28 13:00:00","5150.000","5150.000","5150.000","5150.000","0.00","2026-06-28 05:59:59","2026-06-28 13:59:59","0.00000","0","0.00","0.00000"
"all-available","Asia/Taipei","BTCUSDT","BTC-260628-55000-C","2026-06-28","55000","CALL","1h","2026-06-28 06:00:00","2026-06-28 14:00:00","5150.000","5150.000","5150.000","5150.000","0.00","2026-06-28 06:59:59","2026-06-28 14:59:59","0.00000","0","0.00","0.00000"
"all-available","Asia/Taipei","BTCUSDT","BTC-260628-55000-C","2026-06-28","55000","CALL","1h","2026-06-28 07:00:00","2026-06-28 15:00:00","5150.000","5150.000","5150.000","5150.000","0.00","2026-06-28 07:59:59","2026-06-28 15:59:59","0.00000","0","0.00","0.00000"
"all-available","Asia/Taipei","BTCUSDT","BTC-260628-55000-P","2026-06-28","55000","PUT","1h","2026-06-25 15:00:00","2026-06-25 23:00:00","185.000","225.000","145.000","180.000","5.87","2026-06-25 15:59:59","2026-06-25 23:59:59","1113.15000","19","1.54","296.25000"
"all-available","Asia/Taipei","BTCUSDT","BTC-260628-55000-P","2026-06-28","55000","PUT","1h","2026-06-25 16:00:00","2026-06-26 00:00:00","120.000","140.000","120.000","140.000","0.29","2026-06-25 16:59:59","2026-06-26 00:59:59","35.20000","2","0.00","0.00000"
"all-available","Asia/Taipei","BTCUSDT","BTC-260628-55000-P","2026-06-28","55000","PUT","1h","2026-06-25 17:00:00","2026-06-26 01:00:00","140.000","140.000","140.000","140.000","0.00","2026-06-25 17:59:59","2026-06-26 01:59:59","0.00000","0","0.00","0.00000"
"all-available","Asia/Taipei","BTCUSDT","BTC-260628-55000-P","2026-06-28","55000","PUT","1h","2026-06-25 18:00:00","2026-06-26 02:00:00","115.000","115.000","115.000","115.000","0.37","2026-06-25 18:59:59","2026-06-26 02:59:59","42.55000","1","0.37","42.55000"
"all-available","Asia/Taipei","BTCUSDT","BTC-260628-55000-P","2026-06-28","55000","PUT","1h","2026-06-25 19:00:00","2026-06-26 03:00:00","130.000","130.000","130.000","130.000","0.37","2026-06-25 19:59:59","2026-06-26 03:59:59","48.10000","1","0.00","0.00000"
"all-available","Asia/Taipei","BTCUSDT","BTC-260628-55000-P","2026-06-28","55000","PUT","1h","2026-06-25 20:00:00","2026-06-26 04:00:00","105.000","105.000","105.000","105.000","0.10","2026-06-25 20:59:59","2026-06-26 04:59:59","10.50000","1","0.10","10.50000"
"all-available","Asia/Taipei","BTCUSDT","BTC-260628-55000-P","2026-06-28","55000","PUT","1h","2026-06-25 21:00:00","2026-06-26 05:00:00","75.000","75.000","75.000","75.000","8.47","2026-06-25 21:59:59","2026-06-26 05:59:59","635.25000","2","8.47","635.25000"
"all-available","Asia/Taipei","BTCUSDT","BTC-260628-55000-P","2026-06-28","55000","PUT","1h","2026-06-25 22:00:00","2026-06-26 06:00:00","75.000","75.000","75.000","75.000","0.00","2026-06-25 22:59:59","2026-06-26 06:59:59","0.00000","0","0.00","0.00000"
"all-available","Asia/Taipei","BTCUSDT","BTC-260628-55000-P","2026-06-28","55000","PUT","1h","2026-06-25 23:00:00","2026-06-26 07:00:00","75.000","75.000","75.000","75.000","0.23","2026-06-25 23:59:59","2026-06-26 07:59:59","17.25000","2","0.07","5.25000"
"all-available","Asia/Taipei","BTCUSDT","BTC-260628-55000-P","2026-06-28","55000","PUT","1h","2026-06-26 00:00:00","2026-06-26 08:00:00","75.000","75.000","75.000","75.000","0.29","2026-06-26 00:59:59","2026-06-26 08:59:59","21.75000","2","0.29","21.75000"
"all-available","Asia/Taipei","BTCUSDT","BTC-260628-55000-P","2026-06-28","55000","PUT","1h","2026-06-26 01:00:00","2026-06-26 09:00:00","90.000","90.000","90.000","90.000","1.96","2026-06-26 01:59:59","2026-06-26 09:59:59","176.40000","6","0.46","41.40000"
"all-available","Asia/Taipei","BTCUSDT","BTC-260628-55000-P","2026-06-28","55000","PUT","1h","2026-06-26 02:00:00","2026-06-26 10:00:00","85.000","170.000","85.000","150.000","39.98","2026-06-26 02:59:59","2026-06-26 10:59:59","5674.05000","17","38.85","5541.55000"
"all-available","Asia/Taipei","BTCUSDT","BTC-260628-55000-P","2026-06-28","55000","PUT","1h","2026-06-26 03:00:00","2026-06-26 11:00:00","170.000","170.000","60.000","60.000","7.88","2026-06-26 03:59:59","2026-06-26 11:59:59","654.55000","16","7.33","591.35000"
"all-available","Asia/Taipei","BTCUSDT","BTC-260628-55000-P","2026-06-28","55000","PUT","1h","2026-06-26 04:00:00","2026-06-26 12:00:00","70.000","70.000","65.000","65.000","1.14","2026-06-26 04:59:59","2026-06-26 12:59:59","77.05000","3","0.59","41.30000"
"all-available","Asia/Taipei","BTCUSDT","BTC-260628-55000-P","2026-06-28","55000","PUT","1h","2026-06-26 05:00:00","2026-06-26 13:00:00","65.000","65.000","65.000","65.000","0.00","2026-06-26 05:59:59","2026-06-26 13:59:59","0.00000","0","0.00","0.00000"
"all-available","Asia/Taipei","BTCUSDT","BTC-260628-55000-P","2026-06-28","55000","PUT","1h","2026-06-26 06:00:00","2026-06-26 14:00:00","80.000","80.000","65.000","70.000","6.84","2026-06-26 06:59:59","2026-06-26 14:59:59","511.80000","9","2.65","212.00000"
"all-available","Asia/Taipei","BTCUSDT","BTC-260628-55000-P","2026-06-28","55000","PUT","1h","2026-06-26 07:00:00","2026-06-26 15:00:00","65.000","65.000","65.000","65.000","1.17","2026-06-26 07:59:59","2026-06-26 15:59:59","76.05000","4","0.00","0.00000"
"all-available","Asia/Taipei","BTCUSDT","BTC-260628-55000-P","2026-06-28","55000","PUT","1h","2026-06-26 08:00:00","2026-06-26 16:00:00","70.000","70.000","65.000","65.000","1.05","2026-06-26 08:59:59","2026-06-26 16:59:59","68.50000","3","0.00","0.00000"
"all-available","Asia/Taipei","BTCUSDT","BTC-260628-55000-P","2026-06-28","55000","PUT","1h","2026-06-26 09:00:00","2026-06-26 17:00:00","55.000","95.000","55.000","85.000","1.43","2026-06-26 09:59:59","2026-06-26 17:59:59","125.45000","3","1.42","124.90000"
"all-available","Asia/Taipei","BTCUSDT","BTC-260628-55000-P","2026-06-28","55000","PUT","1h","2026-06-26 10:00:00","2026-06-26 18:00:00","90.000","110.000","90.000","110.000","3.93","2026-06-26 10:59:59","2026-06-26 18:59:59","367.80000","5","3.93","367.80000"
"all-available","Asia/Taipei","BTCUSDT","BTC-260628-55000-P","2026-06-28","55000","PUT","1h","2026-06-26 11:00:00","2026-06-26 19:00:00","105.000","110.000","105.000","110.000","0.35","2026-06-26 11:59:59","2026-06-26 19:59:59","38.20000","3","0.29","31.90000"
"all-available","Asia/Taipei","BTCUSDT","BTC-260628-55000-P","2026-06-28","55000","PUT","1h","2026-06-26 12:00:00","2026-06-26 20:00:00","95.000","130.000","95.000","120.000","3.80","2026-06-26 12:59:59","2026-06-26 20:59:59","455.10000","13","1.08","130.40000"
"all-available","Asia/Taipei","BTCUSDT","BTC-260628-55000-P","2026-06-28","55000","PUT","1h","2026-06-26 13:00:00","2026-06-26 21:00:00","135.000","200.000","95.000","95.000","12.96","2026-06-26 13:59:59","2026-06-26 21:59:59","1952.30000","10","0.70","105.50000"
"all-available","Asia/Taipei","BTCUSDT","BTC-260628-55000-P","2026-06-28","55000","PUT","1h","2026-06-26 14:00:00","2026-06-26 22:00:00","55.000","55.000","45.000","50.000","32.58","2026-06-26 14:59:59","2026-06-26 22:59:59","1599.10000","27","25.23","1265.30000"
"all-available","Asia/Taipei","BTCUSDT","BTC-260628-55000-P","2026-06-28","55000","PUT","1h","2026-06-26 15:00:00","2026-06-26 23:00:00","35.000","35.000","20.000","20.000","4.36","2026-06-26 15:59:59","2026-06-26 23:59:59","131.50000","8","2.75","96.25000"
"all-available","Asia/Taipei","BTCUSDT","BTC-260628-55000-P","2026-06-28","55000","PUT","1h","2026-06-26 16:00:00","2026-06-27 00:00:00","15.000","15.000","15.000","15.000","0.25","2026-06-26 16:59:59","2026-06-27 00:59:59","3.75000","1","0.00","0.00000"
"all-available","Asia/Taipei","BTCUSDT","BTC-260628-55000-P","2026-06-28","55000","PUT","1h","2026-06-26 17:00:00","2026-06-27 01:00:00","20.000","25.000","20.000","25.000","14.07","2026-06-26 17:59:59","2026-06-27 01:59:59","331.75000","3","10.07","251.75000"
"all-available","Asia/Taipei","BTCUSDT","BTC-260628-55000-P","2026-06-28","55000","PUT","1h","2026-06-26 18:00:00","2026-06-27 02:00:00","20.000","20.000","20.000","20.000","3.15","2026-06-26 18:59:59","2026-06-27 02:59:59","63.00000","3","0.00","0.00000"
"all-available","Asia/Taipei","BTCUSDT","BTC-260628-55000-P","2026-06-28","55000","PUT","1h","2026-06-26 19:00:00","2026-06-27 03:00:00","20.000","20.000","20.000","20.000","4.68","2026-06-26 19:59:59","2026-06-27 03:59:59","93.60000","1","4.68","93.60000"
"all-available","Asia/Taipei","BTCUSDT","BTC-260628-55000-P","2026-06-28","55000","PUT","1h","2026-06-26 20:00:00","2026-06-27 04:00:00","20.000","20.000","20.000","20.000","0.00","2026-06-26 20:59:59","2026-06-27 04:59:59","0.00000","0","0.00","0.00000"
"all-available","Asia/Taipei","BTCUSDT","BTC-260628-55000-P","2026-06-28","55000","PUT","1h","2026-06-26 21:00:00","2026-06-27 05:00:00","20.000","20.000","20.000","20.000","0.00","2026-06-26 21:59:59","2026-06-27 05:59:59","0.00000","0","0.00","0.00000"
"all-available","Asia/Taipei","BTCUSDT","BTC-260628-55000-P","2026-06-28","55000","PUT","1h","2026-06-26 22:00:00","2026-06-27 06:00:00","15.000","15.000","15.000","15.000","0.93","2026-06-26 22:59:59","2026-06-27 06:59:59","13.95000","2","0.00","0.00000"
"all-available","Asia/Taipei","BTCUSDT","BTC-260628-55000-P","2026-06-28","55000","PUT","1h","2026-06-26 23:00:00","2026-06-27 07:00:00","15.000","15.000","15.000","15.000","0.00","2026-06-26 23:59:59","2026-06-27 07:59:59","0.00000","0","0.00","0.00000"
"all-available","Asia/Taipei","BTCUSDT","BTC-260628-55000-P","2026-06-28","55000","PUT","1h","2026-06-27 00:00:00","2026-06-27 08:00:00","15.000","15.000","15.000","15.000","0.00","2026-06-27 00:59:59","2026-06-27 08:59:59","0.00000","0","0.00","0.00000"
"all-available","Asia/Taipei","BTCUSDT","BTC-260628-55000-P","2026-06-28","55000","PUT","1h","2026-06-27 01:00:00","2026-06-27 09:00:00","5.000","5.000","5.000","5.000","1.00","2026-06-27 01:59:59","2026-06-27 09:59:59","5.00000","1","0.00","0.00000"
"all-available","Asia/Taipei","BTCUSDT","BTC-260628-55000-P","2026-06-28","55000","PUT","1h","2026-06-27 02:00:00","2026-06-27 10:00:00","5.000","5.000","5.000","5.000","10.07","2026-06-27 02:59:59","2026-06-27 10:59:59","50.35000","3","0.00","0.00000"
"all-available","Asia/Taipei","BTCUSDT","BTC-260628-55000-P","2026-06-28","55000","PUT","1h","2026-06-27 03:00:00","2026-06-27 11:00:00","5.000","5.000","5.000","5.000","0.00","2026-06-27 03:59:59","2026-06-27 11:59:59","0.00000","0","0.00","0.00000"
"all-available","Asia/Taipei","BTCUSDT","BTC-260628-55000-P","2026-06-28","55000","PUT","1h","2026-06-27 04:00:00","2026-06-27 12:00:00","5.000","5.000","5.000","5.000","0.00","2026-06-27 04:59:59","2026-06-27 12:59:59","0.00000","0","0.00","0.00000"
"all-available","Asia/Taipei","BTCUSDT","BTC-260628-55000-P","2026-06-28","55000","PUT","1h","2026-06-27 05:00:00","2026-06-27 13:00:00","5.000","5.000","5.000","5.000","14.50","2026-06-27 05:59:59","2026-06-27 13:59:59","72.50000","3","14.50","72.50000"
"all-available","Asia/Taipei","BTCUSDT","BTC-260628-55000-P","2026-06-28","55000","PUT","1h","2026-06-27 06:00:00","2026-06-27 14:00:00","5.000","5.000","5.000","5.000","2.00","2026-06-27 06:59:59","2026-06-27 14:59:59","10.00000","2","2.00","10.00000"
"all-available","Asia/Taipei","BTCUSDT","BTC-260628-55000-P","2026-06-28","55000","PUT","1h","2026-06-27 07:00:00","2026-06-27 15:00:00","5.000","5.000","5.000","5.000","0.00","2026-06-27 07:59:59","2026-06-27 15:59:59","0.00000","0","0.00","0.00000"
"all-available","Asia/Taipei","BTCUSDT","BTC-260628-55000-P","2026-06-28","55000","PUT","1h","2026-06-27 08:00:00","2026-06-27 16:00:00","5.000","5.000","5.000","5.000","0.00","2026-06-27 08:59:59","2026-06-27 16:59:59","0.00000","0","0.00","0.00000"
"all-available","Asia/Taipei","BTCUSDT","BTC-260628-55000-P","2026-06-28","55000","PUT","1h","2026-06-27 09:00:00","2026-06-27 17:00:00","5.000","5.000","5.000","5.000","0.00","2026-06-27 09:59:59","2026-06-27 17:59:59","0.00000","0","0.00","0.00000"
"all-available","Asia/Taipei","BTCUSDT","BTC-260628-55000-P","2026-06-28","55000","PUT","1h","2026-06-27 10:00:00","2026-06-27 18:00:00","5.000","5.000","5.000","5.000","0.00","2026-06-27 10:59:59","2026-06-27 18:59:59","0.00000","0","0.00","0.00000"
"all-available","Asia/Taipei","BTCUSDT","BTC-260628-55000-P","2026-06-28","55000","PUT","1h","2026-06-27 11:00:00","2026-06-27 19:00:00","5.000","5.000","5.000","5.000","0.00","2026-06-27 11:59:59","2026-06-27 19:59:59","0.00000","0","0.00","0.00000"
"all-available","Asia/Taipei","BTCUSDT","BTC-260628-55000-P","2026-06-28","55000","PUT","1h","2026-06-27 12:00:00","2026-06-27 20:00:00","5.000","5.000","5.000","5.000","0.00","2026-06-27 12:59:59","2026-06-27 20:59:59","0.00000","0","0.00","0.00000"
"all-available","Asia/Taipei","BTCUSDT","BTC-260628-55000-P","2026-06-28","55000","PUT","1h","2026-06-27 13:00:00","2026-06-27 21:00:00","5.000","5.000","5.000","5.000","0.00","2026-06-27 13:59:59","2026-06-27 21:59:59","0.00000","0","0.00","0.00000"
"all-available","Asia/Taipei","BTCUSDT","BTC-260628-55000-P","2026-06-28","55000","PUT","1h","2026-06-27 14:00:00","2026-06-27 22:00:00","5.000","5.000","5.000","5.000","0.00","2026-06-27 14:59:59","2026-06-27 22:59:59","0.00000","0","0.00","0.00000"
"all-available","Asia/Taipei","BTCUSDT","BTC-260628-55000-P","2026-06-28","55000","PUT","1h","2026-06-27 15:00:00","2026-06-27 23:00:00","5.000","5.000","5.000","5.000","0.00","2026-06-27 15:59:59","2026-06-27 23:59:59","0.00000","0","0.00","0.00000"
"all-available","Asia/Taipei","BTCUSDT","BTC-260628-55000-P","2026-06-28","55000","PUT","1h","2026-06-27 16:00:00","2026-06-28 00:00:00","5.000","5.000","5.000","5.000","0.00","2026-06-27 16:59:59","2026-06-28 00:59:59","0.00000","0","0.00","0.00000"
"all-available","Asia/Taipei","BTCUSDT","BTC-260628-55000-P","2026-06-28","55000","PUT","1h","2026-06-27 17:00:00","2026-06-28 01:00:00","5.000","5.000","5.000","5.000","0.00","2026-06-27 17:59:59","2026-06-28 01:59:59","0.00000","0","0.00","0.00000"
"all-available","Asia/Taipei","BTCUSDT","BTC-260628-55000-P","2026-06-28","55000","PUT","1h","2026-06-27 18:00:00","2026-06-28 02:00:00","5.000","5.000","5.000","5.000","0.00","2026-06-27 18:59:59","2026-06-28 02:59:59","0.00000","0","0.00","0.00000"
"all-available","Asia/Taipei","BTCUSDT","BTC-260628-55000-P","2026-06-28","55000","PUT","1h","2026-06-27 19:00:00","2026-06-28 03:00:00","5.000","5.000","5.000","5.000","0.00","2026-06-27 19:59:59","2026-06-28 03:59:59","0.00000","0","0.00","0.00000"
"all-available","Asia/Taipei","BTCUSDT","BTC-260628-55000-P","2026-06-28","55000","PUT","1h","2026-06-27 20:00:00","2026-06-28 04:00:00","5.000","5.000","5.000","5.000","0.00","2026-06-27 20:59:59","2026-06-28 04:59:59","0.00000","0","0.00","0.00000"
"all-available","Asia/Taipei","BTCUSDT","BTC-260628-55000-P","2026-06-28","55000","PUT","1h","2026-06-27 21:00:00","2026-06-28 05:00:00","5.000","5.000","5.000","5.000","0.00","2026-06-27 21:59:59","2026-06-28 05:59:59","0.00000","0","0.00","0.00000"
"all-available","Asia/Taipei","BTCUSDT","BTC-260628-55000-P","2026-06-28","55000","PUT","1h","2026-06-27 22:00:00","2026-06-28 06:00:00","5.000","5.000","5.000","5.000","0.00","2026-06-27 22:59:59","2026-06-28 06:59:59","0.00000","0","0.00","0.00000"
"all-available","Asia/Taipei","BTCUSDT","BTC-260628-55000-P","2026-06-28","55000","PUT","1h","2026-06-27 23:00:00","2026-06-28 07:00:00","5.000","5.000","5.000","5.000","0.00","2026-06-27 23:59:59","2026-06-28 07:59:59","0.00000","0","0.00","0.00000"
"all-available","Asia/Taipei","BTCUSDT","BTC-260628-55000-P","2026-06-28","55000","PUT","1h","2026-06-28 00:00:00","2026-06-28 08:00:00","5.000","5.000","5.000","5.000","0.00","2026-06-28 00:59:59","2026-06-28 08:59:59","0.00000","0","0.00","0.00000"
"all-available","Asia/Taipei","BTCUSDT","BTC-260628-55000-P","2026-06-28","55000","PUT","1h","2026-06-28 01:00:00","2026-06-28 09:00:00","5.000","5.000","5.000","5.000","0.00","2026-06-28 01:59:59","2026-06-28 09:59:59","0.00000","0","0.00","0.00000"
"all-available","Asia/Taipei","BTCUSDT","BTC-260628-55000-P","2026-06-28","55000","PUT","1h","2026-06-28 02:00:00","2026-06-28 10:00:00","5.000","5.000","5.000","5.000","0.01","2026-06-28 02:59:59","2026-06-28 10:59:59","0.05000","1","0.01","0.05000"
"all-available","Asia/Taipei","BTCUSDT","BTC-260628-55000-P","2026-06-28","55000","PUT","1h","2026-06-28 03:00:00","2026-06-28 11:00:00","5.000","5.000","5.000","5.000","0.00","2026-06-28 03:59:59","2026-06-28 11:59:59","0.00000","0","0.00","0.00000"
"all-available","Asia/Taipei","BTCUSDT","BTC-260628-55000-P","2026-06-28","55000","PUT","1h","2026-06-28 04:00:00","2026-06-28 12:00:00","5.000","5.000","5.000","5.000","0.00","2026-06-28 04:59:59","2026-06-28 12:59:59","0.00000","0","0.00","0.00000"
"all-available","Asia/Taipei","BTCUSDT","BTC-260628-55000-P","2026-06-28","55000","PUT","1h","2026-06-28 05:00:00","2026-06-28 13:00:00","5.000","5.000","5.000","5.000","0.00","2026-06-28 05:59:59","2026-06-28 13:59:59","0.00000","0","0.00","0.00000"
"all-available","Asia/Taipei","BTCUSDT","BTC-260628-55000-P","2026-06-28","55000","PUT","1h","2026-06-28 06:00:00","2026-06-28 14:00:00","5.000","5.000","5.000","5.000","0.00","2026-06-28 06:59:59","2026-06-28 14:59:59","0.00000","0","0.00","0.00000"
"all-available","Asia/Taipei","BTCUSDT","BTC-260628-55000-P","2026-06-28","55000","PUT","1h","2026-06-28 07:00:00","2026-06-28 15:00:00","5.000","5.000","5.000","5.000","0.00","2026-06-28 07:59:59","2026-06-28 15:59:59","0.00000","0","0.00","0.00000"
"all-available","Asia/Taipei","BTCUSDT","BTC-260628-56000-C","2026-06-28","56000","CALL","1h","2026-06-25 15:00:00","2026-06-25 23:00:00","3285.000","3560.000","3285.000","3560.000","3.67","2026-06-25 15:59:59","2026-06-25 23:59:59","12770.95000","3","0.00","0.00000"
"all-available","Asia/Taipei","BTCUSDT","BTC-260628-56000-C","2026-06-28","56000","CALL","1h","2026-06-25 16:00:00","2026-06-26 00:00:00","3560.000","3560.000","3560.000","3560.000","0.00","2026-06-25 16:59:59","2026-06-26 00:59:59","0.00000","0","0.00","0.00000"
"all-available","Asia/Taipei","BTCUSDT","BTC-260628-56000-C","2026-06-28","56000","CALL","1h","2026-06-25 17:00:00","2026-06-26 01:00:00","3560.000","3560.000","3560.000","3560.000","0.00","2026-06-25 17:59:59","2026-06-26 01:59:59","0.00000","0","0.00","0.00000"
"all-available","Asia/Taipei","BTCUSDT","BTC-260628-56000-C","2026-06-28","56000","CALL","1h","2026-06-25 18:00:00","2026-06-26 02:00:00","3560.000","3560.000","3560.000","3560.000","0.00","2026-06-25 18:59:59","2026-06-26 02:59:59","0.00000","0","0.00","0.00000"
"all-available","Asia/Taipei","BTCUSDT","BTC-260628-56000-C","2026-06-28","56000","CALL","1h","2026-06-25 19:00:00","2026-06-26 03:00:00","3560.000","3560.000","3560.000","3560.000","0.00","2026-06-25 19:59:59","2026-06-26 03:59:59","0.00000","0","0.00","0.00000"
"all-available","Asia/Taipei","BTCUSDT","BTC-260628-56000-C","2026-06-28","56000","CALL","1h","2026-06-25 20:00:00","2026-06-26 04:00:00","3560.000","3560.000","3560.000","3560.000","0.00","2026-06-25 20:59:59","2026-06-26 04:59:59","0.00000","0","0.00","0.00000"
"all-available","Asia/Taipei","BTCUSDT","BTC-260628-56000-C","2026-06-28","56000","CALL","1h","2026-06-25 21:00:00","2026-06-26 05:00:00","3560.000","3560.000","3560.000","3560.000","0.00","2026-06-25 21:59:59","2026-06-26 05:59:59","0.00000","0","0.00","0.00000"
"all-available","Asia/Taipei","BTCUSDT","BTC-260628-56000-C","2026-06-28","56000","CALL","1h","2026-06-25 22:00:00","2026-06-26 06:00:00","3560.000","3560.000","3560.000","3560.000","0.00","2026-06-25 22:59:59","2026-06-26 06:59:59","0.00000","0","0.00","0.00000"
"all-available","Asia/Taipei","BTCUSDT","BTC-260628-56000-C","2026-06-28","56000","CALL","1h","2026-06-25 23:00:00","2026-06-26 07:00:00","3560.000","3560.000","3560.000","3560.000","0.00","2026-06-25 23:59:59","2026-06-26 07:59:59","0.00000","0","0.00","0.00000"
"all-available","Asia/Taipei","BTCUSDT","BTC-260628-56000-C","2026-06-28","56000","CALL","1h","2026-06-26 00:00:00","2026-06-26 08:00:00","3560.000","3560.000","3560.000","3560.000","0.00","2026-06-26 00:59:59","2026-06-26 08:59:59","0.00000","0","0.00","0.00000"
"all-available","Asia/Taipei","BTCUSDT","BTC-260628-56000-C","2026-06-28","56000","CALL","1h","2026-06-26 01:00:00","2026-06-26 09:00:00","3560.000","3560.000","3560.000","3560.000","0.00","2026-06-26 01:59:59","2026-06-26 09:59:59","0.00000","0","0.00","0.00000"
"all-available","Asia/Taipei","BTCUSDT","BTC-260628-56000-C","2026-06-28","56000","CALL","1h","2026-06-26 02:00:00","2026-06-26 10:00:00","3560.000","3560.000","3560.000","3560.000","0.00","2026-06-26 02:59:59","2026-06-26 10:59:59","0.00000","0","0.00","0.00000"
"all-available","Asia/Taipei","BTCUSDT","BTC-260628-56000-C","2026-06-28","56000","CALL","1h","2026-06-26 03:00:00","2026-06-26 11:00:00","3560.000","3560.000","3560.000","3560.000","0.00","2026-06-26 03:59:59","2026-06-26 11:59:59","0.00000","0","0.00","0.00000"
"all-available","Asia/Taipei","BTCUSDT","BTC-260628-56000-C","2026-06-28","56000","CALL","1h","2026-06-26 04:00:00","2026-06-26 12:00:00","3560.000","3560.000","3560.000","3560.000","0.00","2026-06-26 04:59:59","2026-06-26 12:59:59","0.00000","0","0.00","0.00000"
"all-available","Asia/Taipei","BTCUSDT","BTC-260628-56000-C","2026-06-28","56000","CALL","1h","2026-06-26 05:00:00","2026-06-26 13:00:00","3560.000","3560.000","3560.000","3560.000","0.00","2026-06-26 05:59:59","2026-06-26 13:59:59","0.00000","0","0.00","0.00000"
"all-available","Asia/Taipei","BTCUSDT","BTC-260628-56000-C","2026-06-28","56000","CALL","1h","2026-06-26 06:00:00","2026-06-26 14:00:00","3560.000","3560.000","3560.000","3560.000","0.00","2026-06-26 06:59:59","2026-06-26 14:59:59","0.00000","0","0.00","0.00000"
"all-available","Asia/Taipei","BTCUSDT","BTC-260628-56000-C","2026-06-28","56000","CALL","1h","2026-06-26 07:00:00","2026-06-26 15:00:00","3560.000","3560.000","3560.000","3560.000","0.00","2026-06-26 07:59:59","2026-06-26 15:59:59","0.00000","0","0.00","0.00000"
"all-available","Asia/Taipei","BTCUSDT","BTC-260628-56000-C","2026-06-28","56000","CALL","1h","2026-06-26 08:00:00","2026-06-26 16:00:00","3560.000","3560.000","3560.000","3560.000","0.00","2026-06-26 08:59:59","2026-06-26 16:59:59","0.00000","0","0.00","0.00000"
"all-available","Asia/Taipei","BTCUSDT","BTC-260628-56000-C","2026-06-28","56000","CALL","1h","2026-06-26 09:00:00","2026-06-26 17:00:00","3560.000","3560.000","3560.000","3560.000","0.00","2026-06-26 09:59:59","2026-06-26 17:59:59","0.00000","0","0.00","0.00000"
"all-available","Asia/Taipei","BTCUSDT","BTC-260628-56000-C","2026-06-28","56000","CALL","1h","2026-06-26 10:00:00","2026-06-26 18:00:00","3560.000","3560.000","3560.000","3560.000","0.00","2026-06-26 10:59:59","2026-06-26 18:59:59","0.00000","0","0.00","0.00000"
"all-available","Asia/Taipei","BTCUSDT","BTC-260628-56000-C","2026-06-28","56000","CALL","1h","2026-06-26 11:00:00","2026-06-26 19:00:00","3560.000","3560.000","3560.000","3560.000","0.00","2026-06-26 11:59:59","2026-06-26 19:59:59","0.00000","0","0.00","0.00000"
"all-available","Asia/Taipei","BTCUSDT","BTC-260628-56000-C","2026-06-28","56000","CALL","1h","2026-06-26 12:00:00","2026-06-26 20:00:00","3560.000","3560.000","3560.000","3560.000","0.00","2026-06-26 12:59:59","2026-06-26 20:59:59","0.00000","0","0.00","0.00000"
"all-available","Asia/Taipei","BTCUSDT","BTC-260628-56000-C","2026-06-28","56000","CALL","1h","2026-06-26 13:00:00","2026-06-26 21:00:00","3560.000","3560.000","3560.000","3560.000","0.00","2026-06-26 13:59:59","2026-06-26 21:59:59","0.00000","0","0.00","0.00000"
"all-available","Asia/Taipei","BTCUSDT","BTC-260628-56000-C","2026-06-28","56000","CALL","1h","2026-06-26 14:00:00","2026-06-26 22:00:00","3560.000","3560.000","3560.000","3560.000","0.00","2026-06-26 14:59:59","2026-06-26 22:59:59","0.00000","0","0.00","0.00000"
"all-available","Asia/Taipei","BTCUSDT","BTC-260628-56000-C","2026-06-28","56000","CALL","1h","2026-06-26 15:00:00","2026-06-26 23:00:00","3560.000","3560.000","3560.000","3560.000","0.00","2026-06-26 15:59:59","2026-06-26 23:59:59","0.00000","0","0.00","0.00000"
"all-available","Asia/Taipei","BTCUSDT","BTC-260628-56000-C","2026-06-28","56000","CALL","1h","2026-06-26 16:00:00","2026-06-27 00:00:00","3560.000","3560.000","3560.000","3560.000","0.00","2026-06-26 16:59:59","2026-06-27 00:59:59","0.00000","0","0.00","0.00000"
"all-available","Asia/Taipei","BTCUSDT","BTC-260628-56000-C","2026-06-28","56000","CALL","1h","2026-06-26 17:00:00","2026-06-27 01:00:00","3560.000","3560.000","3560.000","3560.000","0.00","2026-06-26 17:59:59","2026-06-27 01:59:59","0.00000","0","0.00","0.00000"
"all-available","Asia/Taipei","BTCUSDT","BTC-260628-56000-C","2026-06-28","56000","CALL","1h","2026-06-26 18:00:00","2026-06-27 02:00:00","3560.000","3560.000","3560.000","3560.000","0.00","2026-06-26 18:59:59","2026-06-27 02:59:59","0.00000","0","0.00","0.00000"
"all-available","Asia/Taipei","BTCUSDT","BTC-260628-56000-C","2026-06-28","56000","CALL","1h","2026-06-26 19:00:00","2026-06-27 03:00:00","3560.000","3560.000","3560.000","3560.000","0.00","2026-06-26 19:59:59","2026-06-27 03:59:59","0.00000","0","0.00","0.00000"
"all-available","Asia/Taipei","BTCUSDT","BTC-260628-56000-C","2026-06-28","56000","CALL","1h","2026-06-26 20:00:00","2026-06-27 04:00:00","3560.000","3560.000","3560.000","3560.000","0.00","2026-06-26 20:59:59","2026-06-27 04:59:59","0.00000","0","0.00","0.00000"
"all-available","Asia/Taipei","BTCUSDT","BTC-260628-56000-C","2026-06-28","56000","CALL","1h","2026-06-26 21:00:00","2026-06-27 05:00:00","3560.000","3560.000","3560.000","3560.000","0.00","2026-06-26 21:59:59","2026-06-27 05:59:59","0.00000","0","0.00","0.00000"
"all-available","Asia/Taipei","BTCUSDT","BTC-260628-56000-C","2026-06-28","56000","CALL","1h","2026-06-26 22:00:00","2026-06-27 06:00:00","3560.000","3560.000","3560.000","3560.000","0.00","2026-06-26 22:59:59","2026-06-27 06:59:59","0.00000","0","0.00","0.00000"
"all-available","Asia/Taipei","BTCUSDT","BTC-260628-56000-C","2026-06-28","56000","CALL","1h","2026-06-26 23:00:00","2026-06-27 07:00:00","3560.000","3560.000","3560.000","3560.000","0.00","2026-06-26 23:59:59","2026-06-27 07:59:59","0.00000","0","0.00","0.00000"
"all-available","Asia/Taipei","BTCUSDT","BTC-260628-56000-C","2026-06-28","56000","CALL","1h","2026-06-27 00:00:00","2026-06-27 08:00:00","3560.000","3560.000","3560.000","3560.000","0.00","2026-06-27 00:59:59","2026-06-27 08:59:59","0.00000","0","0.00","0.00000"
"all-available","Asia/Taipei","BTCUSDT","BTC-260628-56000-C","2026-06-28","56000","CALL","1h","2026-06-27 01:00:00","2026-06-27 09:00:00","3560.000","3560.000","3560.000","3560.000","0.00","2026-06-27 01:59:59","2026-06-27 09:59:59","0.00000","0","0.00","0.00000"
"all-available","Asia/Taipei","BTCUSDT","BTC-260628-56000-C","2026-06-28","56000","CALL","1h","2026-06-27 02:00:00","2026-06-27 10:00:00","3560.000","3560.000","3560.000","3560.000","0.00","2026-06-27 02:59:59","2026-06-27 10:59:59","0.00000","0","0.00","0.00000"
"all-available","Asia/Taipei","BTCUSDT","BTC-260628-56000-C","2026-06-28","56000","CALL","1h","2026-06-27 03:00:00","2026-06-27 11:00:00","3560.000","3560.000","3560.000","3560.000","0.00","2026-06-27 03:59:59","2026-06-27 11:59:59","0.00000","0","0.00","0.00000"
"all-available","Asia/Taipei","BTCUSDT","BTC-260628-56000-C","2026-06-28","56000","CALL","1h","2026-06-27 04:00:00","2026-06-27 12:00:00","3560.000","3560.000","3560.000","3560.000","0.00","2026-06-27 04:59:59","2026-06-27 12:59:59","0.00000","0","0.00","0.00000"
"all-available","Asia/Taipei","BTCUSDT","BTC-260628-56000-C","2026-06-28","56000","CALL","1h","2026-06-27 05:00:00","2026-06-27 13:00:00","3560.000","3560.000","3560.000","3560.000","0.00","2026-06-27 05:59:59","2026-06-27 13:59:59","0.00000","0","0.00","0.00000"
"all-available","Asia/Taipei","BTCUSDT","BTC-260628-56000-C","2026-06-28","56000","CALL","1h","2026-06-27 06:00:00","2026-06-27 14:00:00","3560.000","3560.000","3560.000","3560.000","0.00","2026-06-27 06:59:59","2026-06-27 14:59:59","0.00000","0","0.00","0.00000"
"all-available","Asia/Taipei","BTCUSDT","BTC-260628-56000-C","2026-06-28","56000","CALL","1h","2026-06-27 07:00:00","2026-06-27 15:00:00","3560.000","3560.000","3560.000","3560.000","0.00","2026-06-27 07:59:59","2026-06-27 15:59:59","0.00000","0","0.00","0.00000"
"all-available","Asia/Taipei","BTCUSDT","BTC-260628-56000-C","2026-06-28","56000","CALL","1h","2026-06-27 08:00:00","2026-06-27 16:00:00","3560.000","3560.000","3560.000","3560.000","0.00","2026-06-27 08:59:59","2026-06-27 16:59:59","0.00000","0","0.00","0.00000"
"all-available","Asia/Taipei","BTCUSDT","BTC-260628-56000-C","2026-06-28","56000","CALL","1h","2026-06-27 09:00:00","2026-06-27 17:00:00","3560.000","3560.000","3560.000","3560.000","0.00","2026-06-27 09:59:59","2026-06-27 17:59:59","0.00000","0","0.00","0.00000"
"all-available","Asia/Taipei","BTCUSDT","BTC-260628-56000-C","2026-06-28","56000","CALL","1h","2026-06-27 10:00:00","2026-06-27 18:00:00","3560.000","3560.000","3560.000","3560.000","0.00","2026-06-27 10:59:59","2026-06-27 18:59:59","0.00000","0","0.00","0.00000"
"all-available","Asia/Taipei","BTCUSDT","BTC-260628-56000-C","2026-06-28","56000","CALL","1h","2026-06-27 11:00:00","2026-06-27 19:00:00","3560.000","3560.000","3560.000","3560.000","0.00","2026-06-27 11:59:59","2026-06-27 19:59:59","0.00000","0","0.00","0.00000"
"all-available","Asia/Taipei","BTCUSDT","BTC-260628-56000-C","2026-06-28","56000","CALL","1h","2026-06-27 12:00:00","2026-06-27 20:00:00","3560.000","3560.000","3560.000","3560.000","0.00","2026-06-27 12:59:59","2026-06-27 20:59:59","0.00000","0","0.00","0.00000"
"all-available","Asia/Taipei","BTCUSDT","BTC-260628-56000-C","2026-06-28","56000","CALL","1h","2026-06-27 13:00:00","2026-06-27 21:00:00","3560.000","3560.000","3560.000","3560.000","0.00","2026-06-27 13:59:59","2026-06-27 21:59:59","0.00000","0","0.00","0.00000"
"all-available","Asia/Taipei","BTCUSDT","BTC-260628-56000-C","2026-06-28","56000","CALL","1h","2026-06-27 14:00:00","2026-06-27 22:00:00","3560.000","3560.000","3560.000","3560.000","0.00","2026-06-27 14:59:59","2026-06-27 22:59:59","0.00000","0","0.00","0.00000"
"all-available","Asia/Taipei","BTCUSDT","BTC-260628-56000-C","2026-06-28","56000","CALL","1h","2026-06-27 15:00:00","2026-06-27 23:00:00","3560.000","3560.000","3560.000","3560.000","0.00","2026-06-27 15:59:59","2026-06-27 23:59:59","0.00000","0","0.00","0.00000"
"all-available","Asia/Taipei","BTCUSDT","BTC-260628-56000-C","2026-06-28","56000","CALL","1h","2026-06-27 16:00:00","2026-06-28 00:00:00","3560.000","3560.000","3560.000","3560.000","0.00","2026-06-27 16:59:59","2026-06-28 00:59:59","0.00000","0","0.00","0.00000"
"all-available","Asia/Taipei","BTCUSDT","BTC-260628-56000-C","2026-06-28","56000","CALL","1h","2026-06-27 17:00:00","2026-06-28 01:00:00","3560.000","3560.000","3560.000","3560.000","0.00","2026-06-27 17:59:59","2026-06-28 01:59:59","0.00000","0","0.00","0.00000"
"all-available","Asia/Taipei","BTCUSDT","BTC-260628-56000-C","2026-06-28","56000","CALL","1h","2026-06-27 18:00:00","2026-06-28 02:00:00","3560.000","3560.000","3560.000","3560.000","0.00","2026-06-27 18:59:59","2026-06-28 02:59:59","0.00000","0","0.00","0.00000"
"all-available","Asia/Taipei","BTCUSDT","BTC-260628-56000-C","2026-06-28","56000","CALL","1h","2026-06-27 19:00:00","2026-06-28 03:00:00","3560.000","3560.000","3560.000","3560.000","0.00","2026-06-27 19:59:59","2026-06-28 03:59:59","0.00000","0","0.00","0.00000"
"all-available","Asia/Taipei","BTCUSDT","BTC-260628-56000-C","2026-06-28","56000","CALL","1h","2026-06-27 20:00:00","2026-06-28 04:00:00","3560.000","3560.000","3560.000","3560.000","0.00","2026-06-27 20:59:59","2026-06-28 04:59:59","0.00000","0","0.00","0.00000"
"all-available","Asia/Taipei","BTCUSDT","BTC-260628-56000-C","2026-06-28","56000","CALL","1h","2026-06-27 21:00:00","2026-06-28 05:00:00","3560.000","3560.000","3560.000","3560.000","0.00","2026-06-27 21:59:59","2026-06-28 05:59:59","0.00000","0","0.00","0.00000"
"all-available","Asia/Taipei","BTCUSDT","BTC-260628-56000-C","2026-06-28","56000","CALL","1h","2026-06-27 22:00:00","2026-06-28 06:00:00","3560.000","3560.000","3560.000","3560.000","0.00","2026-06-27 22:59:59","2026-06-28 06:59:59","0.00000","0","0.00","0.00000"
"all-available","Asia/Taipei","BTCUSDT","BTC-260628-56000-C","2026-06-28","56000","CALL","1h","2026-06-27 23:00:00","2026-06-28 07:00:00","3560.000","3560.000","3560.000","3560.000","0.00","2026-06-27 23:59:59","2026-06-28 07:59:59","0.00000","0","0.00","0.00000"
"all-available","Asia/Taipei","BTCUSDT","BTC-260628-56000-C","2026-06-28","56000","CALL","1h","2026-06-28 00:00:00","2026-06-28 08:00:00","3560.000","3560.000","3560.000","3560.000","0.00","2026-06-28 00:59:59","2026-06-28 08:59:59","0.00000","0","0.00","0.00000"
"all-available","Asia/Taipei","BTCUSDT","BTC-260628-56000-C","2026-06-28","56000","CALL","1h","2026-06-28 01:00:00","2026-06-28 09:00:00","3560.000","3560.000","3560.000","3560.000","0.00","2026-06-28 01:59:59","2026-06-28 09:59:59","0.00000","0","0.00","0.00000"
"all-available","Asia/Taipei","BTCUSDT","BTC-260628-56000-C","2026-06-28","56000","CALL","1h","2026-06-28 02:00:00","2026-06-28 10:00:00","3560.000","3560.000","3560.000","3560.000","0.00","2026-06-28 02:59:59","2026-06-28 10:59:59","0.00000","0","0.00","0.00000"
"all-available","Asia/Taipei","BTCUSDT","BTC-260628-56000-C","2026-06-28","56000","CALL","1h","2026-06-28 03:00:00","2026-06-28 11:00:00","3560.000","3560.000","3560.000","3560.000","0.00","2026-06-28 03:59:59","2026-06-28 11:59:59","0.00000","0","0.00","0.00000"
"all-available","Asia/Taipei","BTCUSDT","BTC-260628-56000-C","2026-06-28","56000","CALL","1h","2026-06-28 04:00:00","2026-06-28 12:00:00","3560.000","3560.000","3560.000","3560.000","0.00","2026-06-28 04:59:59","2026-06-28 12:59:59","0.00000","0","0.00","0.00000"
"all-available","Asia/Taipei","BTCUSDT","BTC-260628-56000-C","2026-06-28","56000","CALL","1h","2026-06-28 05:00:00","2026-06-28 13:00:00","3560.000","3560.000","3560.000","3560.000","0.00","2026-06-28 05:59:59","2026-06-28 13:59:59","0.00000","0","0.00","0.00000"
"all-available","Asia/Taipei","BTCUSDT","BTC-260628-56000-C","2026-06-28","56000","CALL","1h","2026-06-28 06:00:00","2026-06-28 14:00:00","3560.000","3560.000","3560.000","3560.000","0.00","2026-06-28 06:59:59","2026-06-28 14:59:59","0.00000","0","0.00","0.00000"
"all-available","Asia/Taipei","BTCUSDT","BTC-260628-56000-C","2026-06-28","56000","CALL","1h","2026-06-28 07:00:00","2026-06-28 15:00:00","3560.000","3560.000","3560.000","3560.000","0.00","2026-06-28 07:59:59","2026-06-28 15:59:59","0.00000","0","0.00","0.00000"
"all-available","Asia/Taipei","BTCUSDT","BTC-260628-56000-P","2026-06-28","56000","PUT","1h","2026-06-25 15:00:00","2026-06-25 23:00:00","250.000","320.000","250.000","250.000","3.09","2026-06-25 15:59:59","2026-06-25 23:59:59","805.35000","8","0.67","177.55000"
"all-available","Asia/Taipei","BTCUSDT","BTC-260628-56000-P","2026-06-28","56000","PUT","1h","2026-06-25 16:00:00","2026-06-26 00:00:00","155.000","205.000","155.000","205.000","3.08","2026-06-25 16:59:59","2026-06-26 00:59:59","516.20000","7","2.52","428.40000"
"all-available","Asia/Taipei","BTCUSDT","BTC-260628-56000-P","2026-06-28","56000","PUT","1h","2026-06-25 17:00:00","2026-06-26 01:00:00","190.000","195.000","170.000","170.000","0.14","2026-06-25 17:59:59","2026-06-26 01:59:59","25.85000","3","0.10","19.05000"
"all-available","Asia/Taipei","BTCUSDT","BTC-260628-56000-P","2026-06-28","56000","PUT","1h","2026-06-25 18:00:00","2026-06-26 02:00:00","170.000","170.000","170.000","170.000","0.00","2026-06-25 18:59:59","2026-06-26 02:59:59","0.00000","0","0.00","0.00000"
"all-available","Asia/Taipei","BTCUSDT","BTC-260628-56000-P","2026-06-28","56000","PUT","1h","2026-06-25 19:00:00","2026-06-26 03:00:00","170.000","170.000","170.000","170.000","0.00","2026-06-25 19:59:59","2026-06-26 03:59:59","0.00000","0","0.00","0.00000"
"all-available","Asia/Taipei","BTCUSDT","BTC-260628-56000-P","2026-06-28","56000","PUT","1h","2026-06-25 20:00:00","2026-06-26 04:00:00","170.000","170.000","170.000","170.000","0.00","2026-06-25 20:59:59","2026-06-26 04:59:59","0.00000","0","0.00","0.00000"
"all-available","Asia/Taipei","BTCUSDT","BTC-260628-56000-P","2026-06-28","56000","PUT","1h","2026-06-25 21:00:00","2026-06-26 05:00:00","170.000","170.000","170.000","170.000","0.00","2026-06-25 21:59:59","2026-06-26 05:59:59","0.00000","0","0.00","0.00000"
"all-available","Asia/Taipei","BTCUSDT","BTC-260628-56000-P","2026-06-28","56000","PUT","1h","2026-06-25 22:00:00","2026-06-26 06:00:00","110.000","115.000","110.000","115.000","2.16","2026-06-25 22:59:59","2026-06-26 06:59:59","243.70000","3","2.16","243.70000"
"all-available","Asia/Taipei","BTCUSDT","BTC-260628-56000-P","2026-06-28","56000","PUT","1h","2026-06-25 23:00:00","2026-06-26 07:00:00","110.000","110.000","110.000","110.000","0.14","2026-06-25 23:59:59","2026-06-26 07:59:59","15.40000","1","0.14","15.40000"
"all-available","Asia/Taipei","BTCUSDT","BTC-260628-56000-P","2026-06-28","56000","PUT","1h","2026-06-26 00:00:00","2026-06-26 08:00:00","105.000","110.000","100.000","100.000","1.25","2026-06-26 00:59:59","2026-06-26 08:59:59","132.20000","3","1.22","129.20000"
"all-available","Asia/Taipei","BTCUSDT","BTC-260628-56000-P","2026-06-28","56000","PUT","1h","2026-06-26 01:00:00","2026-06-26 09:00:00","100.000","100.000","100.000","100.000","0.00","2026-06-26 01:59:59","2026-06-26 09:59:59","0.00000","0","0.00","0.00000"
"all-available","Asia/Taipei","BTCUSDT","BTC-260628-56000-P","2026-06-28","56000","PUT","1h","2026-06-26 02:00:00","2026-06-26 10:00:00","195.000","280.000","185.000","230.000","3.46","2026-06-26 02:59:59","2026-06-26 10:59:59","704.85000","15","0.00","0.00000"
"all-available","Asia/Taipei","BTCUSDT","BTC-260628-56000-P","2026-06-28","56000","PUT","1h","2026-06-26 03:00:00","2026-06-26 11:00:00","195.000","195.000","90.000","95.000","4.06","2026-06-26 03:59:59","2026-06-26 11:59:59","432.60000","16","3.43","325.15000"
"all-available","Asia/Taipei","BTCUSDT","BTC-260628-56000-P","2026-06-28","56000","PUT","1h","2026-06-26 04:00:00","2026-06-26 12:00:00","100.000","100.000","80.000","80.000","0.83","2026-06-26 04:59:59","2026-06-26 12:59:59","77.80000","4","0.57","57.00000"
"all-available","Asia/Taipei","BTCUSDT","BTC-260628-56000-P","2026-06-28","56000","PUT","1h","2026-06-26 05:00:00","2026-06-26 13:00:00","100.000","100.000","100.000","100.000","1.14","2026-06-26 05:59:59","2026-06-26 13:59:59","114.00000","3","1.14","114.00000"
"all-available","Asia/Taipei","BTCUSDT","BTC-260628-56000-P","2026-06-28","56000","PUT","1h","2026-06-26 06:00:00","2026-06-26 14:00:00","100.000","100.000","100.000","100.000","0.00","2026-06-26 06:59:59","2026-06-26 14:59:59","0.00000","0","0.00","0.00000"
"all-available","Asia/Taipei","BTCUSDT","BTC-260628-56000-P","2026-06-28","56000","PUT","1h","2026-06-26 07:00:00","2026-06-26 15:00:00","105.000","105.000","95.000","100.000","2.34","2026-06-26 07:59:59","2026-06-26 15:59:59","229.10000","3","1.32","132.00000"
"all-available","Asia/Taipei","BTCUSDT","BTC-260628-56000-P","2026-06-28","56000","PUT","1h","2026-06-26 08:00:00","2026-06-26 16:00:00","110.000","110.000","95.000","95.000","1.77","2026-06-26 08:59:59","2026-06-26 16:59:59","179.40000","6","0.77","84.40000"
"all-available","Asia/Taipei","BTCUSDT","BTC-260628-56000-P","2026-06-28","56000","PUT","1h","2026-06-26 09:00:00","2026-06-26 17:00:00","95.000","95.000","95.000","95.000","0.00","2026-06-26 09:59:59","2026-06-26 17:59:59","0.00000","0","0.00","0.00000"
"all-available","Asia/Taipei","BTCUSDT","BTC-260628-56000-P","2026-06-28","56000","PUT","1h","2026-06-26 10:00:00","2026-06-26 18:00:00","145.000","165.000","145.000","165.000","0.33","2026-06-26 10:59:59","2026-06-26 18:59:59","52.00000","3","0.13","19.00000"
"all-available","Asia/Taipei","BTCUSDT","BTC-260628-56000-P","2026-06-28","56000","PUT","1h","2026-06-26 11:00:00","2026-06-26 19:00:00","175.000","175.000","160.000","160.000","2.06","2026-06-26 11:59:59","2026-06-26 19:59:59","330.35000","6","0.05","8.75000"
"all-available","Asia/Taipei","BTCUSDT","BTC-260628-56000-P","2026-06-28","56000","PUT","1h","2026-06-26 12:00:00","2026-06-26 20:00:00","150.000","190.000","140.000","190.000","4.00","2026-06-26 12:59:59","2026-06-26 20:59:59","645.00000","8","1.00","185.00000"
"all-available","Asia/Taipei","BTCUSDT","BTC-260628-56000-P","2026-06-28","56000","PUT","1h","2026-06-26 13:00:00","2026-06-26 21:00:00","245.000","245.000","110.000","110.000","2.17","2026-06-26 13:59:59","2026-06-26 21:59:59","430.40000","7","0.00","0.00000"
"all-available","Asia/Taipei","BTCUSDT","BTC-260628-56000-P","2026-06-28","56000","PUT","1h","2026-06-26 14:00:00","2026-06-26 22:00:00","90.000","90.000","70.000","80.000","5.92","2026-06-26 14:59:59","2026-06-26 22:59:59","453.20000","29","5.19","393.40000"
"all-available","Asia/Taipei","BTCUSDT","BTC-260628-56000-P","2026-06-28","56000","PUT","1h","2026-06-26 15:00:00","2026-06-26 23:00:00","75.000","75.000","35.000","35.000","3.33","2026-06-26 15:59:59","2026-06-26 23:59:59","171.25000","8","2.68","148.50000"
"all-available","Asia/Taipei","BTCUSDT","BTC-260628-56000-P","2026-06-28","56000","PUT","1h","2026-06-26 16:00:00","2026-06-27 00:00:00","30.000","30.000","30.000","30.000","2.11","2026-06-26 16:59:59","2026-06-27 00:59:59","63.30000","3","2.00","60.00000"
"all-available","Asia/Taipei","BTCUSDT","BTC-260628-56000-P","2026-06-28","56000","PUT","1h","2026-06-26 17:00:00","2026-06-27 01:00:00","35.000","35.000","35.000","35.000","1.05","2026-06-26 17:59:59","2026-06-27 01:59:59","36.75000","2","0.63","22.05000"
"all-available","Asia/Taipei","BTCUSDT","BTC-260628-56000-P","2026-06-28","56000","PUT","1h","2026-06-26 18:00:00","2026-06-27 02:00:00","30.000","30.000","25.000","30.000","3.03","2026-06-26 18:59:59","2026-06-27 02:59:59","85.40000","10","1.12","28.10000"
"all-available","Asia/Taipei","BTCUSDT","BTC-260628-56000-P","2026-06-28","56000","PUT","1h","2026-06-26 19:00:00","2026-06-27 03:00:00","30.000","30.000","30.000","30.000","4.57","2026-06-26 19:59:59","2026-06-27 03:59:59","137.10000","7","1.37","41.10000"
"all-available","Asia/Taipei","BTCUSDT","BTC-260628-56000-P","2026-06-28","56000","PUT","1h","2026-06-26 20:00:00","2026-06-27 04:00:00","25.000","25.000","25.000","25.000","0.01","2026-06-26 20:59:59","2026-06-27 04:59:59","0.25000","1","0.00","0.00000"
"all-available","Asia/Taipei","BTCUSDT","BTC-260628-56000-P","2026-06-28","56000","PUT","1h","2026-06-26 21:00:00","2026-06-27 05:00:00","25.000","25.000","25.000","25.000","0.00","2026-06-26 21:59:59","2026-06-27 05:59:59","0.00000","0","0.00","0.00000"
"all-available","Asia/Taipei","BTCUSDT","BTC-260628-56000-P","2026-06-28","56000","PUT","1h","2026-06-26 22:00:00","2026-06-27 06:00:00","10.000","10.000","10.000","10.000","1.00","2026-06-26 22:59:59","2026-06-27 06:59:59","10.00000","1","1.00","10.00000"
"all-available","Asia/Taipei","BTCUSDT","BTC-260628-56000-P","2026-06-28","56000","PUT","1h","2026-06-26 23:00:00","2026-06-27 07:00:00","10.000","10.000","10.000","10.000","0.00","2026-06-26 23:59:59","2026-06-27 07:59:59","0.00000","0","0.00","0.00000"
"all-available","Asia/Taipei","BTCUSDT","BTC-260628-56000-P","2026-06-28","56000","PUT","1h","2026-06-27 00:00:00","2026-06-27 08:00:00","10.000","10.000","5.000","5.000","2.96","2026-06-27 00:59:59","2026-06-27 08:59:59","24.60000","2","1.96","19.60000"
"all-available","Asia/Taipei","BTCUSDT","BTC-260628-56000-P","2026-06-28","56000","PUT","1h","2026-06-27 01:00:00","2026-06-27 09:00:00","5.000","5.000","5.000","5.000","0.00","2026-06-27 01:59:59","2026-06-27 09:59:59","0.00000","0","0.00","0.00000"
"all-available","Asia/Taipei","BTCUSDT","BTC-260628-56000-P","2026-06-28","56000","PUT","1h","2026-06-27 02:00:00","2026-06-27 10:00:00","5.000","5.000","5.000","5.000","0.00","2026-06-27 02:59:59","2026-06-27 10:59:59","0.00000","0","0.00","0.00000"
"all-available","Asia/Taipei","BTCUSDT","BTC-260628-56000-P","2026-06-28","56000","PUT","1h","2026-06-27 03:00:00","2026-06-27 11:00:00","5.000","5.000","5.000","5.000","0.05","2026-06-27 03:59:59","2026-06-27 11:59:59","0.25000","2","0.05","0.25000"
"all-available","Asia/Taipei","BTCUSDT","BTC-260628-56000-P","2026-06-28","56000","PUT","1h","2026-06-27 04:00:00","2026-06-27 12:00:00","5.000","5.000","5.000","5.000","0.00","2026-06-27 04:59:59","2026-06-27 12:59:59","0.00000","0","0.00","0.00000"
"all-available","Asia/Taipei","BTCUSDT","BTC-260628-56000-P","2026-06-28","56000","PUT","1h","2026-06-27 05:00:00","2026-06-27 13:00:00","5.000","5.000","5.000","5.000","1.50","2026-06-27 05:59:59","2026-06-27 13:59:59","7.50000","2","1.50","7.50000"
"all-available","Asia/Taipei","BTCUSDT","BTC-260628-56000-P","2026-06-28","56000","PUT","1h","2026-06-27 06:00:00","2026-06-27 14:00:00","5.000","5.000","5.000","5.000","0.00","2026-06-27 06:59:59","2026-06-27 14:59:59","0.00000","0","0.00","0.00000"
"all-available","Asia/Taipei","BTCUSDT","BTC-260628-56000-P","2026-06-28","56000","PUT","1h","2026-06-27 07:00:00","2026-06-27 15:00:00","5.000","5.000","5.000","5.000","0.14","2026-06-27 07:59:59","2026-06-27 15:59:59","0.70000","2","0.14","0.70000"
"all-available","Asia/Taipei","BTCUSDT","BTC-260628-56000-P","2026-06-28","56000","PUT","1h","2026-06-27 08:00:00","2026-06-27 16:00:00","5.000","5.000","5.000","5.000","20.00","2026-06-27 08:59:59","2026-06-27 16:59:59","100.00000","1","20.00","100.00000"
"all-available","Asia/Taipei","BTCUSDT","BTC-260628-56000-P","2026-06-28","56000","PUT","1h","2026-06-27 09:00:00","2026-06-27 17:00:00","5.000","5.000","5.000","5.000","0.00","2026-06-27 09:59:59","2026-06-27 17:59:59","0.00000","0","0.00","0.00000"
"all-available","Asia/Taipei","BTCUSDT","BTC-260628-56000-P","2026-06-28","56000","PUT","1h","2026-06-27 10:00:00","2026-06-27 18:00:00","5.000","5.000","5.000","5.000","0.00","2026-06-27 10:59:59","2026-06-27 18:59:59","0.00000","0","0.00","0.00000"
"all-available","Asia/Taipei","BTCUSDT","BTC-260628-56000-P","2026-06-28","56000","PUT","1h","2026-06-27 11:00:00","2026-06-27 19:00:00","5.000","5.000","5.000","5.000","0.00","2026-06-27 11:59:59","2026-06-27 19:59:59","0.00000","0","0.00","0.00000"
"all-available","Asia/Taipei","BTCUSDT","BTC-260628-56000-P","2026-06-28","56000","PUT","1h","2026-06-27 12:00:00","2026-06-27 20:00:00","5.000","5.000","5.000","5.000","0.00","2026-06-27 12:59:59","2026-06-27 20:59:59","0.00000","0","0.00","0.00000"
"all-available","Asia/Taipei","BTCUSDT","BTC-260628-56000-P","2026-06-28","56000","PUT","1h","2026-06-27 13:00:00","2026-06-27 21:00:00","5.000","5.000","5.000","5.000","0.00","2026-06-27 13:59:59","2026-06-27 21:59:59","0.00000","0","0.00","0.00000"
"all-available","Asia/Taipei","BTCUSDT","BTC-260628-56000-P","2026-06-28","56000","PUT","1h","2026-06-27 14:00:00","2026-06-27 22:00:00","5.000","5.000","5.000","5.000","0.00","2026-06-27 14:59:59","2026-06-27 22:59:59","0.00000","0","0.00","0.00000"
"all-available","Asia/Taipei","BTCUSDT","BTC-260628-56000-P","2026-06-28","56000","PUT","1h","2026-06-27 15:00:00","2026-06-27 23:00:00","5.000","5.000","5.000","5.000","0.00","2026-06-27 15:59:59","2026-06-27 23:59:59","0.00000","0","0.00","0.00000"
"all-available","Asia/Taipei","BTCUSDT","BTC-260628-56000-P","2026-06-28","56000","PUT","1h","2026-06-27 16:00:00","2026-06-28 00:00:00","5.000","5.000","5.000","5.000","0.00","2026-06-27 16:59:59","2026-06-28 00:59:59","0.00000","0","0.00","0.00000"
"all-available","Asia/Taipei","BTCUSDT","BTC-260628-56000-P","2026-06-28","56000","PUT","1h","2026-06-27 17:00:00","2026-06-28 01:00:00","5.000","5.000","5.000","5.000","0.00","2026-06-27 17:59:59","2026-06-28 01:59:59","0.00000","0","0.00","0.00000"
"all-available","Asia/Taipei","BTCUSDT","BTC-260628-56000-P","2026-06-28","56000","PUT","1h","2026-06-27 18:00:00","2026-06-28 02:00:00","5.000","5.000","5.000","5.000","0.00","2026-06-27 18:59:59","2026-06-28 02:59:59","0.00000","0","0.00","0.00000"
"all-available","Asia/Taipei","BTCUSDT","BTC-260628-56000-P","2026-06-28","56000","PUT","1h","2026-06-27 19:00:00","2026-06-28 03:00:00","5.000","5.000","5.000","5.000","0.00","2026-06-27 19:59:59","2026-06-28 03:59:59","0.00000","0","0.00","0.00000"
"all-available","Asia/Taipei","BTCUSDT","BTC-260628-56000-P","2026-06-28","56000","PUT","1h","2026-06-27 20:00:00","2026-06-28 04:00:00","5.000","5.000","5.000","5.000","0.00","2026-06-27 20:59:59","2026-06-28 04:59:59","0.00000","0","0.00","0.00000"
"all-available","Asia/Taipei","BTCUSDT","BTC-260628-56000-P","2026-06-28","56000","PUT","1h","2026-06-27 21:00:00","2026-06-28 05:00:00","5.000","5.000","5.000","5.000","0.00","2026-06-27 21:59:59","2026-06-28 05:59:59","0.00000","0","0.00","0.00000"
"all-available","Asia/Taipei","BTCUSDT","BTC-260628-56000-P","2026-06-28","56000","PUT","1h","2026-06-27 22:00:00","2026-06-28 06:00:00","5.000","5.000","5.000","5.000","0.00","2026-06-27 22:59:59","2026-06-28 06:59:59","0.00000","0","0.00","0.00000"
"all-available","Asia/Taipei","BTCUSDT","BTC-260628-56000-P","2026-06-28","56000","PUT","1h","2026-06-27 23:00:00","2026-06-28 07:00:00","5.000","5.000","5.000","5.000","0.00","2026-06-27 23:59:59","2026-06-28 07:59:59","0.00000","0","0.00","0.00000"
"all-available","Asia/Taipei","BTCUSDT","BTC-260628-56000-P","2026-06-28","56000","PUT","1h","2026-06-28 00:00:00","2026-06-28 08:00:00","5.000","5.000","5.000","5.000","12.72","2026-06-28 00:59:59","2026-06-28 08:59:59","63.60000","3","12.72","63.60000"
"all-available","Asia/Taipei","BTCUSDT","BTC-260628-56000-P","2026-06-28","56000","PUT","1h","2026-06-28 01:00:00","2026-06-28 09:00:00","5.000","5.000","5.000","5.000","0.00","2026-06-28 01:59:59","2026-06-28 09:59:59","0.00000","0","0.00","0.00000"
"all-available","Asia/Taipei","BTCUSDT","BTC-260628-56000-P","2026-06-28","56000","PUT","1h","2026-06-28 02:00:00","2026-06-28 10:00:00","5.000","5.000","5.000","5.000","0.00","2026-06-28 02:59:59","2026-06-28 10:59:59","0.00000","0","0.00","0.00000"
"all-available","Asia/Taipei","BTCUSDT","BTC-260628-56000-P","2026-06-28","56000","PUT","1h","2026-06-28 03:00:00","2026-06-28 11:00:00","5.000","5.000","5.000","5.000","0.00","2026-06-28 03:59:59","2026-06-28 11:59:59","0.00000","0","0.00","0.00000"
"all-available","Asia/Taipei","BTCUSDT","BTC-260628-56000-P","2026-06-28","56000","PUT","1h","2026-06-28 04:00:00","2026-06-28 12:00:00","5.000","5.000","5.000","5.000","0.00","2026-06-28 04:59:59","2026-06-28 12:59:59","0.00000","0","0.00","0.00000"
"all-available","Asia/Taipei","BTCUSDT","BTC-260628-56000-P","2026-06-28","56000","PUT","1h","2026-06-28 05:00:00","2026-06-28 13:00:00","5.000","5.000","5.000","5.000","0.00","2026-06-28 05:59:59","2026-06-28 13:59:59","0.00000","0","0.00","0.00000"
"all-available","Asia/Taipei","BTCUSDT","BTC-260628-56000-P","2026-06-28","56000","PUT","1h","2026-06-28 06:00:00","2026-06-28 14:00:00","5.000","5.000","5.000","5.000","0.00","2026-06-28 06:59:59","2026-06-28 14:59:59","0.00000","0","0.00","0.00000"
"all-available","Asia/Taipei","BTCUSDT","BTC-260628-56000-P","2026-06-28","56000","PUT","1h","2026-06-28 07:00:00","2026-06-28 15:00:00","5.000","5.000","5.000","5.000","0.00","2026-06-28 07:59:59","2026-06-28 15:59:59","0.00000","0","0.00","0.00000"
"all-available","Asia/Taipei","BTCUSDT","BTC-260628-57000-C","2026-06-28","57000","CALL","1h","2026-06-25 15:00:00","2026-06-25 23:00:00","2415.000","2810.000","2415.000","2810.000","3.26","2026-06-25 15:59:59","2026-06-25 23:59:59","8547.95000","6","0.00","0.00000"
"all-available","Asia/Taipei","BTCUSDT","BTC-260628-57000-C","2026-06-28","57000","CALL","1h","2026-06-25 16:00:00","2026-06-26 00:00:00","2810.000","2810.000","2810.000","2810.000","0.00","2026-06-25 16:59:59","2026-06-26 00:59:59","0.00000","0","0.00","0.00000"
"all-available","Asia/Taipei","BTCUSDT","BTC-260628-57000-C","2026-06-28","57000","CALL","1h","2026-06-25 17:00:00","2026-06-26 01:00:00","2810.000","2810.000","2810.000","2810.000","0.00","2026-06-25 17:59:59","2026-06-26 01:59:59","0.00000","0","0.00","0.00000"
"all-available","Asia/Taipei","BTCUSDT","BTC-260628-57000-C","2026-06-28","57000","CALL","1h","2026-06-25 18:00:00","2026-06-26 02:00:00","2810.000","2810.000","2810.000","2810.000","0.00","2026-06-25 18:59:59","2026-06-26 02:59:59","0.00000","0","0.00","0.00000"
"all-available","Asia/Taipei","BTCUSDT","BTC-260628-57000-C","2026-06-28","57000","CALL","1h","2026-06-25 19:00:00","2026-06-26 03:00:00","2810.000","2810.000","2810.000","2810.000","0.00","2026-06-25 19:59:59","2026-06-26 03:59:59","0.00000","0","0.00","0.00000"
"all-available","Asia/Taipei","BTCUSDT","BTC-260628-57000-C","2026-06-28","57000","CALL","1h","2026-06-25 20:00:00","2026-06-26 04:00:00","2810.000","2810.000","2810.000","2810.000","0.00","2026-06-25 20:59:59","2026-06-26 04:59:59","0.00000","0","0.00","0.00000"
"all-available","Asia/Taipei","BTCUSDT","BTC-260628-57000-C","2026-06-28","57000","CALL","1h","2026-06-25 21:00:00","2026-06-26 05:00:00","2810.000","2810.000","2810.000","2810.000","0.00","2026-06-25 21:59:59","2026-06-26 05:59:59","0.00000","0","0.00","0.00000"
"all-available","Asia/Taipei","BTCUSDT","BTC-260628-57000-C","2026-06-28","57000","CALL","1h","2026-06-25 22:00:00","2026-06-26 06:00:00","2810.000","2810.000","2810.000","2810.000","0.00","2026-06-25 22:59:59","2026-06-26 06:59:59","0.00000","0","0.00","0.00000"
"all-available","Asia/Taipei","BTCUSDT","BTC-260628-57000-C","2026-06-28","57000","CALL","1h","2026-06-25 23:00:00","2026-06-26 07:00:00","2810.000","2810.000","2810.000","2810.000","0.00","2026-06-25 23:59:59","2026-06-26 07:59:59","0.00000","0","0.00","0.00000"
"all-available","Asia/Taipei","BTCUSDT","BTC-260628-57000-C","2026-06-28","57000","CALL","1h","2026-06-26 00:00:00","2026-06-26 08:00:00","2810.000","2810.000","2810.000","2810.000","0.00","2026-06-26 00:59:59","2026-06-26 08:59:59","0.00000","0","0.00","0.00000"
"all-available","Asia/Taipei","BTCUSDT","BTC-260628-57000-C","2026-06-28","57000","CALL","1h","2026-06-26 01:00:00","2026-06-26 09:00:00","2810.000","2810.000","2810.000","2810.000","0.00","2026-06-26 01:59:59","2026-06-26 09:59:59","0.00000","0","0.00","0.00000"
"all-available","Asia/Taipei","BTCUSDT","BTC-260628-57000-C","2026-06-28","57000","CALL","1h","2026-06-26 02:00:00","2026-06-26 10:00:00","2810.000","2810.000","2810.000","2810.000","0.00","2026-06-26 02:59:59","2026-06-26 10:59:59","0.00000","0","0.00","0.00000"
"all-available","Asia/Taipei","BTCUSDT","BTC-260628-57000-C","2026-06-28","57000","CALL","1h","2026-06-26 03:00:00","2026-06-26 11:00:00","2435.000","2435.000","2435.000","2435.000","2.60","2026-06-26 03:59:59","2026-06-26 11:59:59","6331.00000","1","2.60","6331.00000"
"all-available","Asia/Taipei","BTCUSDT","BTC-260628-57000-C","2026-06-28","57000","CALL","1h","2026-06-26 04:00:00","2026-06-26 12:00:00","2435.000","2435.000","2435.000","2435.000","0.00","2026-06-26 04:59:59","2026-06-26 12:59:59","0.00000","0","0.00","0.00000"
"all-available","Asia/Taipei","BTCUSDT","BTC-260628-57000-C","2026-06-28","57000","CALL","1h","2026-06-26 05:00:00","2026-06-26 13:00:00","2435.000","2435.000","2435.000","2435.000","0.00","2026-06-26 05:59:59","2026-06-26 13:59:59","0.00000","0","0.00","0.00000"
"all-available","Asia/Taipei","BTCUSDT","BTC-260628-57000-C","2026-06-28","57000","CALL","1h","2026-06-26 06:00:00","2026-06-26 14:00:00","2435.000","2435.000","2435.000","2435.000","0.00","2026-06-26 06:59:59","2026-06-26 14:59:59","0.00000","0","0.00","0.00000"
"all-available","Asia/Taipei","BTCUSDT","BTC-260628-57000-C","2026-06-28","57000","CALL","1h","2026-06-26 07:00:00","2026-06-26 15:00:00","2435.000","2435.000","2435.000","2435.000","0.00","2026-06-26 07:59:59","2026-06-26 15:59:59","0.00000","0","0.00","0.00000"
"all-available","Asia/Taipei","BTCUSDT","BTC-260628-57000-C","2026-06-28","57000","CALL","1h","2026-06-26 08:00:00","2026-06-26 16:00:00","2435.000","2435.000","2435.000","2435.000","0.00","2026-06-26 08:59:59","2026-06-26 16:59:59","0.00000","0","0.00","0.00000"
"all-available","Asia/Taipei","BTCUSDT","BTC-260628-57000-C","2026-06-28","57000","CALL","1h","2026-06-26 09:00:00","2026-06-26 17:00:00","2435.000","2435.000","2435.000","2435.000","0.00","2026-06-26 09:59:59","2026-06-26 17:59:59","0.00000","0","0.00","0.00000"
"all-available","Asia/Taipei","BTCUSDT","BTC-260628-57000-C","2026-06-28","57000","CALL","1h","2026-06-26 10:00:00","2026-06-26 18:00:00","2435.000","2435.000","2435.000","2435.000","0.00","2026-06-26 10:59:59","2026-06-26 18:59:59","0.00000","0","0.00","0.00000"
"all-available","Asia/Taipei","BTCUSDT","BTC-260628-57000-C","2026-06-28","57000","CALL","1h","2026-06-26 11:00:00","2026-06-26 19:00:00","2435.000","2435.000","2435.000","2435.000","0.00","2026-06-26 11:59:59","2026-06-26 19:59:59","0.00000","0","0.00","0.00000"
"all-available","Asia/Taipei","BTCUSDT","BTC-260628-57000-C","2026-06-28","57000","CALL","1h","2026-06-26 12:00:00","2026-06-26 20:00:00","2435.000","2435.000","2435.000","2435.000","0.00","2026-06-26 12:59:59","2026-06-26 20:59:59","0.00000","0","0.00","0.00000"
"all-available","Asia/Taipei","BTCUSDT","BTC-260628-57000-C","2026-06-28","57000","CALL","1h","2026-06-26 13:00:00","2026-06-26 21:00:00","2435.000","2435.000","2435.000","2435.000","0.00","2026-06-26 13:59:59","2026-06-26 21:59:59","0.00000","0","0.00","0.00000"
"all-available","Asia/Taipei","BTCUSDT","BTC-260628-57000-C","2026-06-28","57000","CALL","1h","2026-06-26 14:00:00","2026-06-26 22:00:00","2435.000","2435.000","2435.000","2435.000","0.00","2026-06-26 14:59:59","2026-06-26 22:59:59","0.00000","0","0.00","0.00000"
"all-available","Asia/Taipei","BTCUSDT","BTC-260628-57000-C","2026-06-28","57000","CALL","1h","2026-06-26 15:00:00","2026-06-26 23:00:00","2435.000","2435.000","2435.000","2435.000","0.00","2026-06-26 15:59:59","2026-06-26 23:59:59","0.00000","0","0.00","0.00000"
"all-available","Asia/Taipei","BTCUSDT","BTC-260628-57000-C","2026-06-28","57000","CALL","1h","2026-06-26 16:00:00","2026-06-27 00:00:00","2435.000","2435.000","2435.000","2435.000","0.00","2026-06-26 16:59:59","2026-06-27 00:59:59","0.00000","0","0.00","0.00000"
"all-available","Asia/Taipei","BTCUSDT","BTC-260628-57000-C","2026-06-28","57000","CALL","1h","2026-06-26 17:00:00","2026-06-27 01:00:00","2435.000","2435.000","2435.000","2435.000","0.00","2026-06-26 17:59:59","2026-06-27 01:59:59","0.00000","0","0.00","0.00000"
"all-available","Asia/Taipei","BTCUSDT","BTC-260628-57000-C","2026-06-28","57000","CALL","1h","2026-06-26 18:00:00","2026-06-27 02:00:00","2435.000","2435.000","2435.000","2435.000","0.00","2026-06-26 18:59:59","2026-06-27 02:59:59","0.00000","0","0.00","0.00000"
"all-available","Asia/Taipei","BTCUSDT","BTC-260628-57000-C","2026-06-28","57000","CALL","1h","2026-06-26 19:00:00","2026-06-27 03:00:00","2435.000","2435.000","2435.000","2435.000","0.00","2026-06-26 19:59:59","2026-06-27 03:59:59","0.00000","0","0.00","0.00000"
"all-available","Asia/Taipei","BTCUSDT","BTC-260628-57000-C","2026-06-28","57000","CALL","1h","2026-06-26 20:00:00","2026-06-27 04:00:00","2435.000","2435.000","2435.000","2435.000","0.00","2026-06-26 20:59:59","2026-06-27 04:59:59","0.00000","0","0.00","0.00000"
"all-available","Asia/Taipei","BTCUSDT","BTC-260628-57000-C","2026-06-28","57000","CALL","1h","2026-06-26 21:00:00","2026-06-27 05:00:00","2435.000","2435.000","2435.000","2435.000","0.00","2026-06-26 21:59:59","2026-06-27 05:59:59","0.00000","0","0.00","0.00000"
"all-available","Asia/Taipei","BTCUSDT","BTC-260628-57000-C","2026-06-28","57000","CALL","1h","2026-06-26 22:00:00","2026-06-27 06:00:00","2435.000","2435.000","2435.000","2435.000","0.00","2026-06-26 22:59:59","2026-06-27 06:59:59","0.00000","0","0.00","0.00000"
"all-available","Asia/Taipei","BTCUSDT","BTC-260628-57000-C","2026-06-28","57000","CALL","1h","2026-06-26 23:00:00","2026-06-27 07:00:00","2435.000","2435.000","2435.000","2435.000","0.00","2026-06-26 23:59:59","2026-06-27 07:59:59","0.00000","0","0.00","0.00000"
"all-available","Asia/Taipei","BTCUSDT","BTC-260628-57000-C","2026-06-28","57000","CALL","1h","2026-06-27 00:00:00","2026-06-27 08:00:00","2435.000","2435.000","2435.000","2435.000","0.00","2026-06-27 00:59:59","2026-06-27 08:59:59","0.00000","0","0.00","0.00000"
"all-available","Asia/Taipei","BTCUSDT","BTC-260628-57000-C","2026-06-28","57000","CALL","1h","2026-06-27 01:00:00","2026-06-27 09:00:00","2435.000","2435.000","2435.000","2435.000","0.00","2026-06-27 01:59:59","2026-06-27 09:59:59","0.00000","0","0.00","0.00000"
"all-available","Asia/Taipei","BTCUSDT","BTC-260628-57000-C","2026-06-28","57000","CALL","1h","2026-06-27 02:00:00","2026-06-27 10:00:00","2435.000","2435.000","2435.000","2435.000","0.00","2026-06-27 02:59:59","2026-06-27 10:59:59","0.00000","0","0.00","0.00000"
"all-available","Asia/Taipei","BTCUSDT","BTC-260628-57000-C","2026-06-28","57000","CALL","1h","2026-06-27 03:00:00","2026-06-27 11:00:00","2435.000","2435.000","2435.000","2435.000","0.00","2026-06-27 03:59:59","2026-06-27 11:59:59","0.00000","0","0.00","0.00000"
"all-available","Asia/Taipei","BTCUSDT","BTC-260628-57000-C","2026-06-28","57000","CALL","1h","2026-06-27 04:00:00","2026-06-27 12:00:00","2435.000","2435.000","2435.000","2435.000","0.00","2026-06-27 04:59:59","2026-06-27 12:59:59","0.00000","0","0.00","0.00000"
"all-available","Asia/Taipei","BTCUSDT","BTC-260628-57000-C","2026-06-28","57000","CALL","1h","2026-06-27 05:00:00","2026-06-27 13:00:00","2435.000","2435.000","2435.000","2435.000","0.00","2026-06-27 05:59:59","2026-06-27 13:59:59","0.00000","0","0.00","0.00000"
"all-available","Asia/Taipei","BTCUSDT","BTC-260628-57000-C","2026-06-28","57000","CALL","1h","2026-06-27 06:00:00","2026-06-27 14:00:00","2435.000","2435.000","2435.000","2435.000","0.00","2026-06-27 06:59:59","2026-06-27 14:59:59","0.00000","0","0.00","0.00000"
"all-available","Asia/Taipei","BTCUSDT","BTC-260628-57000-C","2026-06-28","57000","CALL","1h","2026-06-27 07:00:00","2026-06-27 15:00:00","2435.000","2435.000","2435.000","2435.000","0.00","2026-06-27 07:59:59","2026-06-27 15:59:59","0.00000","0","0.00","0.00000"
"all-available","Asia/Taipei","BTCUSDT","BTC-260628-57000-C","2026-06-28","57000","CALL","1h","2026-06-27 08:00:00","2026-06-27 16:00:00","2435.000","2435.000","2435.000","2435.000","0.00","2026-06-27 08:59:59","2026-06-27 16:59:59","0.00000","0","0.00","0.00000"
"all-available","Asia/Taipei","BTCUSDT","BTC-260628-57000-C","2026-06-28","57000","CALL","1h","2026-06-27 09:00:00","2026-06-27 17:00:00","2435.000","2435.000","2435.000","2435.000","0.00","2026-06-27 09:59:59","2026-06-27 17:59:59","0.00000","0","0.00","0.00000"
"all-available","Asia/Taipei","BTCUSDT","BTC-260628-57000-C","2026-06-28","57000","CALL","1h","2026-06-27 10:00:00","2026-06-27 18:00:00","2435.000","2435.000","2435.000","2435.000","0.00","2026-06-27 10:59:59","2026-06-27 18:59:59","0.00000","0","0.00","0.00000"
"all-available","Asia/Taipei","BTCUSDT","BTC-260628-57000-C","2026-06-28","57000","CALL","1h","2026-06-27 11:00:00","2026-06-27 19:00:00","2435.000","2435.000","2435.000","2435.000","0.00","2026-06-27 11:59:59","2026-06-27 19:59:59","0.00000","0","0.00","0.00000"
"all-available","Asia/Taipei","BTCUSDT","BTC-260628-57000-C","2026-06-28","57000","CALL","1h","2026-06-27 12:00:00","2026-06-27 20:00:00","2435.000","2435.000","2435.000","2435.000","0.00","2026-06-27 12:59:59","2026-06-27 20:59:59","0.00000","0","0.00","0.00000"
"all-available","Asia/Taipei","BTCUSDT","BTC-260628-57000-C","2026-06-28","57000","CALL","1h","2026-06-27 13:00:00","2026-06-27 21:00:00","2435.000","2435.000","2435.000","2435.000","0.00","2026-06-27 13:59:59","2026-06-27 21:59:59","0.00000","0","0.00","0.00000"
"all-available","Asia/Taipei","BTCUSDT","BTC-260628-57000-C","2026-06-28","57000","CALL","1h","2026-06-27 14:00:00","2026-06-27 22:00:00","2435.000","2435.000","2435.000","2435.000","0.00","2026-06-27 14:59:59","2026-06-27 22:59:59","0.00000","0","0.00","0.00000"
"all-available","Asia/Taipei","BTCUSDT","BTC-260628-57000-C","2026-06-28","57000","CALL","1h","2026-06-27 15:00:00","2026-06-27 23:00:00","2435.000","2435.000","2435.000","2435.000","0.00","2026-06-27 15:59:59","2026-06-27 23:59:59","0.00000","0","0.00","0.00000"
"all-available","Asia/Taipei","BTCUSDT","BTC-260628-57000-C","2026-06-28","57000","CALL","1h","2026-06-27 16:00:00","2026-06-28 00:00:00","2435.000","2435.000","2435.000","2435.000","0.00","2026-06-27 16:59:59","2026-06-28 00:59:59","0.00000","0","0.00","0.00000"
"all-available","Asia/Taipei","BTCUSDT","BTC-260628-57000-C","2026-06-28","57000","CALL","1h","2026-06-27 17:00:00","2026-06-28 01:00:00","2435.000","2435.000","2435.000","2435.000","0.00","2026-06-27 17:59:59","2026-06-28 01:59:59","0.00000","0","0.00","0.00000"
"all-available","Asia/Taipei","BTCUSDT","BTC-260628-57000-C","2026-06-28","57000","CALL","1h","2026-06-27 18:00:00","2026-06-28 02:00:00","2435.000","2435.000","2435.000","2435.000","0.00","2026-06-27 18:59:59","2026-06-28 02:59:59","0.00000","0","0.00","0.00000"
"all-available","Asia/Taipei","BTCUSDT","BTC-260628-57000-C","2026-06-28","57000","CALL","1h","2026-06-27 19:00:00","2026-06-28 03:00:00","2435.000","2435.000","2435.000","2435.000","0.00","2026-06-27 19:59:59","2026-06-28 03:59:59","0.00000","0","0.00","0.00000"
"all-available","Asia/Taipei","BTCUSDT","BTC-260628-57000-C","2026-06-28","57000","CALL","1h","2026-06-27 20:00:00","2026-06-28 04:00:00","2435.000","2435.000","2435.000","2435.000","0.00","2026-06-27 20:59:59","2026-06-28 04:59:59","0.00000","0","0.00","0.00000"
"all-available","Asia/Taipei","BTCUSDT","BTC-260628-57000-C","2026-06-28","57000","CALL","1h","2026-06-27 21:00:00","2026-06-28 05:00:00","2435.000","2435.000","2435.000","2435.000","0.00","2026-06-27 21:59:59","2026-06-28 05:59:59","0.00000","0","0.00","0.00000"
"all-available","Asia/Taipei","BTCUSDT","BTC-260628-57000-C","2026-06-28","57000","CALL","1h","2026-06-27 22:00:00","2026-06-28 06:00:00","2435.000","2435.000","2435.000","2435.000","0.00","2026-06-27 22:59:59","2026-06-28 06:59:59","0.00000","0","0.00","0.00000"
"all-available","Asia/Taipei","BTCUSDT","BTC-260628-57000-C","2026-06-28","57000","CALL","1h","2026-06-27 23:00:00","2026-06-28 07:00:00","2435.000","2435.000","2435.000","2435.000","0.00","2026-06-27 23:59:59","2026-06-28 07:59:59","0.00000","0","0.00","0.00000"
"all-available","Asia/Taipei","BTCUSDT","BTC-260628-57000-C","2026-06-28","57000","CALL","1h","2026-06-28 00:00:00","2026-06-28 08:00:00","2435.000","2435.000","2435.000","2435.000","0.00","2026-06-28 00:59:59","2026-06-28 08:59:59","0.00000","0","0.00","0.00000"
"all-available","Asia/Taipei","BTCUSDT","BTC-260628-57000-C","2026-06-28","57000","CALL","1h","2026-06-28 01:00:00","2026-06-28 09:00:00","2435.000","2435.000","2435.000","2435.000","0.00","2026-06-28 01:59:59","2026-06-28 09:59:59","0.00000","0","0.00","0.00000"
"all-available","Asia/Taipei","BTCUSDT","BTC-260628-57000-C","2026-06-28","57000","CALL","1h","2026-06-28 02:00:00","2026-06-28 10:00:00","2435.000","2435.000","2435.000","2435.000","0.00","2026-06-28 02:59:59","2026-06-28 10:59:59","0.00000","0","0.00","0.00000"
"all-available","Asia/Taipei","BTCUSDT","BTC-260628-57000-C","2026-06-28","57000","CALL","1h","2026-06-28 03:00:00","2026-06-28 11:00:00","2435.000","2435.000","2435.000","2435.000","0.00","2026-06-28 03:59:59","2026-06-28 11:59:59","0.00000","0","0.00","0.00000"
"all-available","Asia/Taipei","BTCUSDT","BTC-260628-57000-C","2026-06-28","57000","CALL","1h","2026-06-28 04:00:00","2026-06-28 12:00:00","2435.000","2435.000","2435.000","2435.000","0.00","2026-06-28 04:59:59","2026-06-28 12:59:59","0.00000","0","0.00","0.00000"
"all-available","Asia/Taipei","BTCUSDT","BTC-260628-57000-C","2026-06-28","57000","CALL","1h","2026-06-28 05:00:00","2026-06-28 13:00:00","2435.000","2435.000","2435.000","2435.000","0.00","2026-06-28 05:59:59","2026-06-28 13:59:59","0.00000","0","0.00","0.00000"
"all-available","Asia/Taipei","BTCUSDT","BTC-260628-57000-C","2026-06-28","57000","CALL","1h","2026-06-28 06:00:00","2026-06-28 14:00:00","2435.000","2435.000","2435.000","2435.000","0.00","2026-06-28 06:59:59","2026-06-28 14:59:59","0.00000","0","0.00","0.00000"
"all-available","Asia/Taipei","BTCUSDT","BTC-260628-57000-C","2026-06-28","57000","CALL","1h","2026-06-28 07:00:00","2026-06-28 15:00:00","2435.000","2435.000","2435.000","2435.000","0.00","2026-06-28 07:59:59","2026-06-28 15:59:59","0.00000","0","0.00","0.00000"
"all-available","Asia/Taipei","BTCUSDT","BTC-260628-57000-P","2026-06-28","57000","PUT","1h","2026-06-25 15:00:00","2026-06-25 23:00:00","470.000","470.000","400.000","400.000","0.10","2026-06-25 15:59:59","2026-06-25 23:59:59","42.10000","2","0.00","0.00000"
"all-available","Asia/Taipei","BTCUSDT","BTC-260628-57000-P","2026-06-28","57000","PUT","1h","2026-06-25 16:00:00","2026-06-26 00:00:00","300.000","300.000","225.000","300.000","1.22","2026-06-25 16:59:59","2026-06-26 00:59:59","303.85000","5","1.18","294.45000"
"all-available","Asia/Taipei","BTCUSDT","BTC-260628-57000-P","2026-06-28","57000","PUT","1h","2026-06-25 17:00:00","2026-06-26 01:00:00","310.000","310.000","290.000","290.000","0.19","2026-06-25 17:59:59","2026-06-26 01:59:59","57.30000","2","0.00","0.00000"
"all-available","Asia/Taipei","BTCUSDT","BTC-260628-57000-P","2026-06-28","57000","PUT","1h","2026-06-25 18:00:00","2026-06-26 02:00:00","290.000","290.000","290.000","290.000","0.00","2026-06-25 18:59:59","2026-06-26 02:59:59","0.00000","0","0.00","0.00000"
"all-available","Asia/Taipei","BTCUSDT","BTC-260628-57000-P","2026-06-28","57000","PUT","1h","2026-06-25 19:00:00","2026-06-26 03:00:00","290.000","290.000","290.000","290.000","0.00","2026-06-25 19:59:59","2026-06-26 03:59:59","0.00000","0","0.00","0.00000"
"all-available","Asia/Taipei","BTCUSDT","BTC-260628-57000-P","2026-06-28","57000","PUT","1h","2026-06-25 20:00:00","2026-06-26 04:00:00","290.000","290.000","290.000","290.000","0.00","2026-06-25 20:59:59","2026-06-26 04:59:59","0.00000","0","0.00","0.00000"
"all-available","Asia/Taipei","BTCUSDT","BTC-260628-57000-P","2026-06-28","57000","PUT","1h","2026-06-25 21:00:00","2026-06-26 05:00:00","290.000","290.000","290.000","290.000","0.00","2026-06-25 21:59:59","2026-06-26 05:59:59","0.00000","0","0.00","0.00000"
"all-available","Asia/Taipei","BTCUSDT","BTC-260628-57000-P","2026-06-28","57000","PUT","1h","2026-06-25 22:00:00","2026-06-26 06:00:00","290.000","290.000","290.000","290.000","0.00","2026-06-25 22:59:59","2026-06-26 06:59:59","0.00000","0","0.00","0.00000"
"all-available","Asia/Taipei","BTCUSDT","BTC-260628-57000-P","2026-06-28","57000","PUT","1h","2026-06-25 23:00:00","2026-06-26 07:00:00","290.000","290.000","290.000","290.000","0.00","2026-06-25 23:59:59","2026-06-26 07:59:59","0.00000","0","0.00","0.00000"
"all-available","Asia/Taipei","BTCUSDT","BTC-260628-57000-P","2026-06-28","57000","PUT","1h","2026-06-26 00:00:00","2026-06-26 08:00:00","155.000","155.000","155.000","155.000","0.20","2026-06-26 00:59:59","2026-06-26 08:59:59","31.00000","1","0.20","31.00000"
"all-available","Asia/Taipei","BTCUSDT","BTC-260628-57000-P","2026-06-28","57000","PUT","1h","2026-06-26 01:00:00","2026-06-26 09:00:00","175.000","225.000","175.000","225.000","1.05","2026-06-26 01:59:59","2026-06-26 09:59:59","233.75000","2","1.05","233.75000"
"all-available","Asia/Taipei","BTCUSDT","BTC-260628-57000-P","2026-06-28","57000","PUT","1h","2026-06-26 02:00:00","2026-06-26 10:00:00","210.000","445.000","210.000","435.000","1.35","2026-06-26 02:59:59","2026-06-26 10:59:59","412.25000","11","0.64","215.25000"
"all-available","Asia/Taipei","BTCUSDT","BTC-260628-57000-P","2026-06-28","57000","PUT","1h","2026-06-26 03:00:00","2026-06-26 11:00:00","345.000","360.000","130.000","130.000","7.64","2026-06-26 03:59:59","2026-06-26 11:59:59","2516.80000","12","5.44","1872.70000"
"all-available","Asia/Taipei","BTCUSDT","BTC-260628-57000-P","2026-06-28","57000","PUT","1h","2026-06-26 04:00:00","2026-06-26 12:00:00","160.000","160.000","150.000","155.000","0.74","2026-06-26 04:59:59","2026-06-26 12:59:59","112.95000","3","0.20","31.95000"
"all-available","Asia/Taipei","BTCUSDT","BTC-260628-57000-P","2026-06-28","57000","PUT","1h","2026-06-26 05:00:00","2026-06-26 13:00:00","155.000","155.000","155.000","155.000","0.01","2026-06-26 05:59:59","2026-06-26 13:59:59","1.55000","1","0.01","1.55000"
"all-available","Asia/Taipei","BTCUSDT","BTC-260628-57000-P","2026-06-28","57000","PUT","1h","2026-06-26 06:00:00","2026-06-26 14:00:00","155.000","155.000","155.000","155.000","0.01","2026-06-26 06:59:59","2026-06-26 14:59:59","1.55000","1","0.01","1.55000"
"all-available","Asia/Taipei","BTCUSDT","BTC-260628-57000-P","2026-06-28","57000","PUT","1h","2026-06-26 07:00:00","2026-06-26 15:00:00","150.000","150.000","145.000","145.000","1.19","2026-06-26 07:59:59","2026-06-26 15:59:59","173.50000","2","0.00","0.00000"
"all-available","Asia/Taipei","BTCUSDT","BTC-260628-57000-P","2026-06-28","57000","PUT","1h","2026-06-26 08:00:00","2026-06-26 16:00:00","135.000","160.000","135.000","150.000","3.80","2026-06-26 08:59:59","2026-06-26 16:59:59","551.25000","12","1.88","272.70000"
"all-available","Asia/Taipei","BTCUSDT","BTC-260628-57000-P","2026-06-28","57000","PUT","1h","2026-06-26 09:00:00","2026-06-26 17:00:00","140.000","215.000","140.000","215.000","1.05","2026-06-26 09:59:59","2026-06-26 17:59:59","153.60000","3","0.00","0.00000"
"all-available","Asia/Taipei","BTCUSDT","BTC-260628-57000-P","2026-06-28","57000","PUT","1h","2026-06-26 10:00:00","2026-06-26 18:00:00","210.000","260.000","200.000","260.000","5.16","2026-06-26 10:59:59","2026-06-26 18:59:59","1163.65000","11","2.02","524.90000"
"all-available","Asia/Taipei","BTCUSDT","BTC-260628-57000-P","2026-06-28","57000","PUT","1h","2026-06-26 11:00:00","2026-06-26 19:00:00","265.000","265.000","250.000","250.000","0.12","2026-06-26 11:59:59","2026-06-26 19:59:59","31.05000","2","0.05","12.50000"
"all-available","Asia/Taipei","BTCUSDT","BTC-260628-57000-P","2026-06-28","57000","PUT","1h","2026-06-26 12:00:00","2026-06-26 20:00:00","325.000","325.000","235.000","295.000","2.28","2026-06-26 12:59:59","2026-06-26 20:59:59","722.60000","6","0.00","0.00000"
"all-available","Asia/Taipei","BTCUSDT","BTC-260628-57000-P","2026-06-28","57000","PUT","1h","2026-06-26 13:00:00","2026-06-26 21:00:00","305.000","400.000","135.000","135.000","7.36","2026-06-26 13:59:59","2026-06-26 21:59:59","2555.65000","12","4.57","1495.10000"
"all-available","Asia/Taipei","BTCUSDT","BTC-260628-57000-P","2026-06-28","57000","PUT","1h","2026-06-26 14:00:00","2026-06-26 22:00:00","130.000","150.000","120.000","140.000","4.56","2026-06-26 14:59:59","2026-06-26 22:59:59","650.90000","11","0.10","13.40000"
"all-available","Asia/Taipei","BTCUSDT","BTC-260628-57000-P","2026-06-28","57000","PUT","1h","2026-06-26 15:00:00","2026-06-26 23:00:00","95.000","95.000","55.000","60.000","1.71","2026-06-26 15:59:59","2026-06-26 23:59:59","119.95000","12","1.60","112.00000"
"all-available","Asia/Taipei","BTCUSDT","BTC-260628-57000-P","2026-06-28","57000","PUT","1h","2026-06-26 16:00:00","2026-06-27 00:00:00","55.000","55.000","50.000","55.000","0.05","2026-06-26 16:59:59","2026-06-27 00:59:59","2.70000","5","0.03","1.65000"
"all-available","Asia/Taipei","BTCUSDT","BTC-260628-57000-P","2026-06-28","57000","PUT","1h","2026-06-26 17:00:00","2026-06-27 01:00:00","60.000","60.000","60.000","60.000","0.01","2026-06-26 17:59:59","2026-06-27 01:59:59","0.60000","1","0.00","0.00000"
"all-available","Asia/Taipei","BTCUSDT","BTC-260628-57000-P","2026-06-28","57000","PUT","1h","2026-06-26 18:00:00","2026-06-27 02:00:00","50.000","65.000","45.000","65.000","2.85","2026-06-26 18:59:59","2026-06-27 02:59:59","154.20000","15","2.82","152.70000"
"all-available","Asia/Taipei","BTCUSDT","BTC-260628-57000-P","2026-06-28","57000","PUT","1h","2026-06-26 19:00:00","2026-06-27 03:00:00","60.000","60.000","45.000","45.000","10.47","2026-06-26 19:59:59","2026-06-27 03:59:59","483.60000","27","9.64","433.80000"
"all-available","Asia/Taipei","BTCUSDT","BTC-260628-57000-P","2026-06-28","57000","PUT","1h","2026-06-26 20:00:00","2026-06-27 04:00:00","45.000","45.000","45.000","45.000","1.84","2026-06-26 20:59:59","2026-06-27 04:59:59","82.80000","4","1.35","60.75000"
"all-available","Asia/Taipei","BTCUSDT","BTC-260628-57000-P","2026-06-28","57000","PUT","1h","2026-06-26 21:00:00","2026-06-27 05:00:00","35.000","35.000","35.000","35.000","0.74","2026-06-26 21:59:59","2026-06-27 05:59:59","25.90000","4","0.74","25.90000"
"all-available","Asia/Taipei","BTCUSDT","BTC-260628-57000-P","2026-06-28","57000","PUT","1h","2026-06-26 22:00:00","2026-06-27 06:00:00","35.000","35.000","25.000","25.000","3.09","2026-06-26 22:59:59","2026-06-27 06:59:59","108.05000","9","3.09","108.05000"
"all-available","Asia/Taipei","BTCUSDT","BTC-260628-57000-P","2026-06-28","57000","PUT","1h","2026-06-26 23:00:00","2026-06-27 07:00:00","20.000","20.000","20.000","20.000","3.01","2026-06-26 23:59:59","2026-06-27 07:59:59","60.20000","4","3.01","60.20000"
"all-available","Asia/Taipei","BTCUSDT","BTC-260628-57000-P","2026-06-28","57000","PUT","1h","2026-06-27 00:00:00","2026-06-27 08:00:00","15.000","15.000","15.000","15.000","1.87","2026-06-27 00:59:59","2026-06-27 08:59:59","28.05000","2","1.56","23.40000"
"all-available","Asia/Taipei","BTCUSDT","BTC-260628-57000-P","2026-06-28","57000","PUT","1h","2026-06-27 01:00:00","2026-06-27 09:00:00","10.000","10.000","10.000","10.000","1.00","2026-06-27 01:59:59","2026-06-27 09:59:59","10.00000","2","0.00","0.00000"
"all-available","Asia/Taipei","BTCUSDT","BTC-260628-57000-P","2026-06-28","57000","PUT","1h","2026-06-27 02:00:00","2026-06-27 10:00:00","10.000","10.000","10.000","10.000","0.23","2026-06-27 02:59:59","2026-06-27 10:59:59","2.30000","2","0.00","0.00000"
"all-available","Asia/Taipei","BTCUSDT","BTC-260628-57000-P","2026-06-28","57000","PUT","1h","2026-06-27 03:00:00","2026-06-27 11:00:00","10.000","10.000","10.000","10.000","0.00","2026-06-27 03:59:59","2026-06-27 11:59:59","0.00000","0","0.00","0.00000"
"all-available","Asia/Taipei","BTCUSDT","BTC-260628-57000-P","2026-06-28","57000","PUT","1h","2026-06-27 04:00:00","2026-06-27 12:00:00","10.000","10.000","10.000","10.000","0.00","2026-06-27 04:59:59","2026-06-27 12:59:59","0.00000","0","0.00","0.00000"
"all-available","Asia/Taipei","BTCUSDT","BTC-260628-57000-P","2026-06-28","57000","PUT","1h","2026-06-27 05:00:00","2026-06-27 13:00:00","10.000","10.000","10.000","10.000","0.00","2026-06-27 05:59:59","2026-06-27 13:59:59","0.00000","0","0.00","0.00000"
"all-available","Asia/Taipei","BTCUSDT","BTC-260628-57000-P","2026-06-28","57000","PUT","1h","2026-06-27 06:00:00","2026-06-27 14:00:00","10.000","10.000","10.000","10.000","0.00","2026-06-27 06:59:59","2026-06-27 14:59:59","0.00000","0","0.00","0.00000"
"all-available","Asia/Taipei","BTCUSDT","BTC-260628-57000-P","2026-06-28","57000","PUT","1h","2026-06-27 07:00:00","2026-06-27 15:00:00","10.000","10.000","10.000","10.000","0.00","2026-06-27 07:59:59","2026-06-27 15:59:59","0.00000","0","0.00","0.00000"
"all-available","Asia/Taipei","BTCUSDT","BTC-260628-57000-P","2026-06-28","57000","PUT","1h","2026-06-27 08:00:00","2026-06-27 16:00:00","5.000","10.000","5.000","5.000","0.38","2026-06-27 08:59:59","2026-06-27 16:59:59","2.90000","4","0.20","2.00000"
"all-available","Asia/Taipei","BTCUSDT","BTC-260628-57000-P","2026-06-28","57000","PUT","1h","2026-06-27 09:00:00","2026-06-27 17:00:00","5.000","5.000","5.000","5.000","0.00","2026-06-27 09:59:59","2026-06-27 17:59:59","0.00000","0","0.00","0.00000"
"all-available","Asia/Taipei","BTCUSDT","BTC-260628-57000-P","2026-06-28","57000","PUT","1h","2026-06-27 10:00:00","2026-06-27 18:00:00","5.000","5.000","5.000","5.000","0.00","2026-06-27 10:59:59","2026-06-27 18:59:59","0.00000","0","0.00","0.00000"
"all-available","Asia/Taipei","BTCUSDT","BTC-260628-57000-P","2026-06-28","57000","PUT","1h","2026-06-27 11:00:00","2026-06-27 19:00:00","10.000","10.000","10.000","10.000","14.17","2026-06-27 11:59:59","2026-06-27 19:59:59","141.70000","7","14.17","141.70000"
"all-available","Asia/Taipei","BTCUSDT","BTC-260628-57000-P","2026-06-28","57000","PUT","1h","2026-06-27 12:00:00","2026-06-27 20:00:00","10.000","10.000","10.000","10.000","0.00","2026-06-27 12:59:59","2026-06-27 20:59:59","0.00000","0","0.00","0.00000"
"all-available","Asia/Taipei","BTCUSDT","BTC-260628-57000-P","2026-06-28","57000","PUT","1h","2026-06-27 13:00:00","2026-06-27 21:00:00","10.000","10.000","10.000","10.000","0.00","2026-06-27 13:59:59","2026-06-27 21:59:59","0.00000","0","0.00","0.00000"
"all-available","Asia/Taipei","BTCUSDT","BTC-260628-57000-P","2026-06-28","57000","PUT","1h","2026-06-27 14:00:00","2026-06-27 22:00:00","5.000","5.000","5.000","5.000","4.82","2026-06-27 14:59:59","2026-06-27 22:59:59","24.10000","4","3.00","15.00000"
"all-available","Asia/Taipei","BTCUSDT","BTC-260628-57000-P","2026-06-28","57000","PUT","1h","2026-06-27 15:00:00","2026-06-27 23:00:00","5.000","5.000","5.000","5.000","0.00","2026-06-27 15:59:59","2026-06-27 23:59:59","0.00000","0","0.00","0.00000"
"all-available","Asia/Taipei","BTCUSDT","BTC-260628-57000-P","2026-06-28","57000","PUT","1h","2026-06-27 16:00:00","2026-06-28 00:00:00","5.000","5.000","5.000","5.000","7.00","2026-06-27 16:59:59","2026-06-28 00:59:59","35.00000","1","7.00","35.00000"
"all-available","Asia/Taipei","BTCUSDT","BTC-260628-57000-P","2026-06-28","57000","PUT","1h","2026-06-27 17:00:00","2026-06-28 01:00:00","5.000","5.000","5.000","5.000","0.40","2026-06-27 17:59:59","2026-06-28 01:59:59","2.00000","1","0.00","0.00000"
"all-available","Asia/Taipei","BTCUSDT","BTC-260628-57000-P","2026-06-28","57000","PUT","1h","2026-06-27 18:00:00","2026-06-28 02:00:00","5.000","5.000","5.000","5.000","0.00","2026-06-27 18:59:59","2026-06-28 02:59:59","0.00000","0","0.00","0.00000"
"all-available","Asia/Taipei","BTCUSDT","BTC-260628-57000-P","2026-06-28","57000","PUT","1h","2026-06-27 19:00:00","2026-06-28 03:00:00","5.000","5.000","5.000","5.000","1.01","2026-06-27 19:59:59","2026-06-28 03:59:59","5.05000","1","1.01","5.05000"
"all-available","Asia/Taipei","BTCUSDT","BTC-260628-57000-P","2026-06-28","57000","PUT","1h","2026-06-27 20:00:00","2026-06-28 04:00:00","5.000","5.000","5.000","5.000","0.00","2026-06-27 20:59:59","2026-06-28 04:59:59","0.00000","0","0.00","0.00000"
"all-available","Asia/Taipei","BTCUSDT","BTC-260628-57000-P","2026-06-28","57000","PUT","1h","2026-06-27 21:00:00","2026-06-28 05:00:00","5.000","5.000","5.000","5.000","0.00","2026-06-27 21:59:59","2026-06-28 05:59:59","0.00000","0","0.00","0.00000"
"all-available","Asia/Taipei","BTCUSDT","BTC-260628-57000-P","2026-06-28","57000","PUT","1h","2026-06-27 22:00:00","2026-06-28 06:00:00","5.000","5.000","5.000","5.000","1.14","2026-06-27 22:59:59","2026-06-28 06:59:59","5.70000","1","1.14","5.70000"
"all-available","Asia/Taipei","BTCUSDT","BTC-260628-57000-P","2026-06-28","57000","PUT","1h","2026-06-27 23:00:00","2026-06-28 07:00:00","5.000","5.000","5.000","5.000","0.00","2026-06-27 23:59:59","2026-06-28 07:59:59","0.00000","0","0.00","0.00000"
"all-available","Asia/Taipei","BTCUSDT","BTC-260628-57000-P","2026-06-28","57000","PUT","1h","2026-06-28 00:00:00","2026-06-28 08:00:00","5.000","5.000","5.000","5.000","0.00","2026-06-28 00:59:59","2026-06-28 08:59:59","0.00000","0","0.00","0.00000"
"all-available","Asia/Taipei","BTCUSDT","BTC-260628-57000-P","2026-06-28","57000","PUT","1h","2026-06-28 01:00:00","2026-06-28 09:00:00","5.000","5.000","5.000","5.000","0.00","2026-06-28 01:59:59","2026-06-28 09:59:59","0.00000","0","0.00","0.00000"
"all-available","Asia/Taipei","BTCUSDT","BTC-260628-57000-P","2026-06-28","57000","PUT","1h","2026-06-28 02:00:00","2026-06-28 10:00:00","5.000","5.000","5.000","5.000","0.00","2026-06-28 02:59:59","2026-06-28 10:59:59","0.00000","0","0.00","0.00000"
"all-available","Asia/Taipei","BTCUSDT","BTC-260628-57000-P","2026-06-28","57000","PUT","1h","2026-06-28 03:00:00","2026-06-28 11:00:00","5.000","5.000","5.000","5.000","0.00","2026-06-28 03:59:59","2026-06-28 11:59:59","0.00000","0","0.00","0.00000"
"all-available","Asia/Taipei","BTCUSDT","BTC-260628-57000-P","2026-06-28","57000","PUT","1h","2026-06-28 04:00:00","2026-06-28 12:00:00","5.000","5.000","5.000","5.000","0.00","2026-06-28 04:59:59","2026-06-28 12:59:59","0.00000","0","0.00","0.00000"
"all-available","Asia/Taipei","BTCUSDT","BTC-260628-57000-P","2026-06-28","57000","PUT","1h","2026-06-28 05:00:00","2026-06-28 13:00:00","5.000","5.000","5.000","5.000","0.00","2026-06-28 05:59:59","2026-06-28 13:59:59","0.00000","0","0.00","0.00000"
"all-available","Asia/Taipei","BTCUSDT","BTC-260628-57000-P","2026-06-28","57000","PUT","1h","2026-06-28 06:00:00","2026-06-28 14:00:00","5.000","5.000","5.000","5.000","0.00","2026-06-28 06:59:59","2026-06-28 14:59:59","0.00000","0","0.00","0.00000"
"all-available","Asia/Taipei","BTCUSDT","BTC-260628-57000-P","2026-06-28","57000","PUT","1h","2026-06-28 07:00:00","2026-06-28 15:00:00","5.000","5.000","5.000","5.000","0.00","2026-06-28 07:59:59","2026-06-28 15:59:59","0.00000","0","0.00","0.00000"
"all-available","Asia/Taipei","BTCUSDT","BTC-260628-58000-C","2026-06-28","58000","CALL","1h","2026-06-25 14:00:00","2026-06-25 22:00:00","1420.000","2220.000","1420.000","2135.000","12.48","2026-06-25 14:59:59","2026-06-25 22:59:59","24929.50000","15","1.20","2160.50000"
"all-available","Asia/Taipei","BTCUSDT","BTC-260628-58000-C","2026-06-28","58000","CALL","1h","2026-06-25 15:00:00","2026-06-25 23:00:00","2135.000","2135.000","2135.000","2135.000","0.00","2026-06-25 15:59:59","2026-06-25 23:59:59","0.00000","0","0.00","0.00000"
"all-available","Asia/Taipei","BTCUSDT","BTC-260628-58000-C","2026-06-28","58000","CALL","1h","2026-06-25 16:00:00","2026-06-26 00:00:00","2135.000","2135.000","2135.000","2135.000","0.00","2026-06-25 16:59:59","2026-06-26 00:59:59","0.00000","0","0.00","0.00000"
"all-available","Asia/Taipei","BTCUSDT","BTC-260628-58000-C","2026-06-28","58000","CALL","1h","2026-06-25 17:00:00","2026-06-26 01:00:00","2135.000","2135.000","2135.000","2135.000","0.00","2026-06-25 17:59:59","2026-06-26 01:59:59","0.00000","0","0.00","0.00000"
"all-available","Asia/Taipei","BTCUSDT","BTC-260628-58000-C","2026-06-28","58000","CALL","1h","2026-06-25 18:00:00","2026-06-26 02:00:00","2135.000","2135.000","2135.000","2135.000","0.00","2026-06-25 18:59:59","2026-06-26 02:59:59","0.00000","0","0.00","0.00000"
"all-available","Asia/Taipei","BTCUSDT","BTC-260628-58000-C","2026-06-28","58000","CALL","1h","2026-06-25 19:00:00","2026-06-26 03:00:00","1705.000","1705.000","1705.000","1705.000","2.60","2026-06-25 19:59:59","2026-06-26 03:59:59","4433.00000","1","0.00","0.00000"
"all-available","Asia/Taipei","BTCUSDT","BTC-260628-58000-C","2026-06-28","58000","CALL","1h","2026-06-25 20:00:00","2026-06-26 04:00:00","1705.000","1705.000","1705.000","1705.000","0.00","2026-06-25 20:59:59","2026-06-26 04:59:59","0.00000","0","0.00","0.00000"
"all-available","Asia/Taipei","BTCUSDT","BTC-260628-58000-C","2026-06-28","58000","CALL","1h","2026-06-25 21:00:00","2026-06-26 05:00:00","1705.000","1705.000","1705.000","1705.000","0.00","2026-06-25 21:59:59","2026-06-26 05:59:59","0.00000","0","0.00","0.00000"
"all-available","Asia/Taipei","BTCUSDT","BTC-260628-58000-C","2026-06-28","58000","CALL","1h","2026-06-25 22:00:00","2026-06-26 06:00:00","1705.000","1705.000","1705.000","1705.000","0.00","2026-06-25 22:59:59","2026-06-26 06:59:59","0.00000","0","0.00","0.00000"
"all-available","Asia/Taipei","BTCUSDT","BTC-260628-58000-C","2026-06-28","58000","CALL","1h","2026-06-25 23:00:00","2026-06-26 07:00:00","1705.000","1705.000","1705.000","1705.000","0.00","2026-06-25 23:59:59","2026-06-26 07:59:59","0.00000","0","0.00","0.00000"
"all-available","Asia/Taipei","BTCUSDT","BTC-260628-58000-C","2026-06-28","58000","CALL","1h","2026-06-26 00:00:00","2026-06-26 08:00:00","1705.000","1705.000","1705.000","1705.000","0.00","2026-06-26 00:59:59","2026-06-26 08:59:59","0.00000","0","0.00","0.00000"
"all-available","Asia/Taipei","BTCUSDT","BTC-260628-58000-C","2026-06-28","58000","CALL","1h","2026-06-26 01:00:00","2026-06-26 09:00:00","1705.000","1705.000","1705.000","1705.000","0.00","2026-06-26 01:59:59","2026-06-26 09:59:59","0.00000","0","0.00","0.00000"
"all-available","Asia/Taipei","BTCUSDT","BTC-260628-58000-C","2026-06-28","58000","CALL","1h","2026-06-26 02:00:00","2026-06-26 10:00:00","1320.000","1320.000","1320.000","1320.000","0.01","2026-06-26 02:59:59","2026-06-26 10:59:59","13.20000","1","0.00","0.00000"
"all-available","Asia/Taipei","BTCUSDT","BTC-260628-58000-C","2026-06-28","58000","CALL","1h","2026-06-26 03:00:00","2026-06-26 11:00:00","1430.000","1600.000","1430.000","1600.000","3.60","2026-06-26 03:59:59","2026-06-26 11:59:59","5590.00000","2","3.60","5590.00000"
"all-available","Asia/Taipei","BTCUSDT","BTC-260628-58000-C","2026-06-28","58000","CALL","1h","2026-06-26 04:00:00","2026-06-26 12:00:00","2370.000","2370.000","2370.000","2370.000","2.47","2026-06-26 04:59:59","2026-06-26 12:59:59","5853.90000","2","2.47","5853.90000"
"all-available","Asia/Taipei","BTCUSDT","BTC-260628-58000-C","2026-06-28","58000","CALL","1h","2026-06-26 05:00:00","2026-06-26 13:00:00","2370.000","2370.000","2370.000","2370.000","0.00","2026-06-26 05:59:59","2026-06-26 13:59:59","0.00000","0","0.00","0.00000"
"all-available","Asia/Taipei","BTCUSDT","BTC-260628-58000-C","2026-06-28","58000","CALL","1h","2026-06-26 06:00:00","2026-06-26 14:00:00","2595.000","2595.000","2595.000","2595.000","2.60","2026-06-26 06:59:59","2026-06-26 14:59:59","6747.00000","2","2.60","6747.00000"
"all-available","Asia/Taipei","BTCUSDT","BTC-260628-58000-C","2026-06-28","58000","CALL","1h","2026-06-26 07:00:00","2026-06-26 15:00:00","2595.000","2595.000","2595.000","2595.000","0.00","2026-06-26 07:59:59","2026-06-26 15:59:59","0.00000","0","0.00","0.00000"
"all-available","Asia/Taipei","BTCUSDT","BTC-260628-58000-C","2026-06-28","58000","CALL","1h","2026-06-26 08:00:00","2026-06-26 16:00:00","2595.000","2595.000","2595.000","2595.000","0.00","2026-06-26 08:59:59","2026-06-26 16:59:59","0.00000","0","0.00","0.00000"
"all-available","Asia/Taipei","BTCUSDT","BTC-260628-58000-C","2026-06-28","58000","CALL","1h","2026-06-26 09:00:00","2026-06-26 17:00:00","2595.000","2595.000","2595.000","2595.000","0.00","2026-06-26 09:59:59","2026-06-26 17:59:59","0.00000","0","0.00","0.00000"
"all-available","Asia/Taipei","BTCUSDT","BTC-260628-58000-C","2026-06-28","58000","CALL","1h","2026-06-26 10:00:00","2026-06-26 18:00:00","2595.000","2595.000","2595.000","2595.000","0.00","2026-06-26 10:59:59","2026-06-26 18:59:59","0.00000","0","0.00","0.00000"
"all-available","Asia/Taipei","BTCUSDT","BTC-260628-58000-C","2026-06-28","58000","CALL","1h","2026-06-26 11:00:00","2026-06-26 19:00:00","1920.000","1920.000","1920.000","1920.000","0.01","2026-06-26 11:59:59","2026-06-26 19:59:59","19.20000","1","0.01","19.20000"
"all-available","Asia/Taipei","BTCUSDT","BTC-260628-58000-C","2026-06-28","58000","CALL","1h","2026-06-26 12:00:00","2026-06-26 20:00:00","1920.000","1920.000","1920.000","1920.000","0.00","2026-06-26 12:59:59","2026-06-26 20:59:59","0.00000","0","0.00","0.00000"
"all-available","Asia/Taipei","BTCUSDT","BTC-260628-58000-C","2026-06-28","58000","CALL","1h","2026-06-26 13:00:00","2026-06-26 21:00:00","1440.000","1440.000","1440.000","1440.000","0.10","2026-06-26 13:59:59","2026-06-26 21:59:59","144.00000","2","0.10","144.00000"
"all-available","Asia/Taipei","BTCUSDT","BTC-260628-58000-C","2026-06-28","58000","CALL","1h","2026-06-26 14:00:00","2026-06-26 22:00:00","1440.000","1440.000","1440.000","1440.000","0.00","2026-06-26 14:59:59","2026-06-26 22:59:59","0.00000","0","0.00","0.00000"
"all-available","Asia/Taipei","BTCUSDT","BTC-260628-58000-C","2026-06-28","58000","CALL","1h","2026-06-26 15:00:00","2026-06-26 23:00:00","2185.000","2185.000","2185.000","2185.000","2.60","2026-06-26 15:59:59","2026-06-26 23:59:59","5681.00000","1","2.60","5681.00000"
"all-available","Asia/Taipei","BTCUSDT","BTC-260628-58000-C","2026-06-28","58000","CALL","1h","2026-06-26 16:00:00","2026-06-27 00:00:00","2185.000","2185.000","2185.000","2185.000","0.00","2026-06-26 16:59:59","2026-06-27 00:59:59","0.00000","0","0.00","0.00000"
"all-available","Asia/Taipei","BTCUSDT","BTC-260628-58000-C","2026-06-28","58000","CALL","1h","2026-06-26 17:00:00","2026-06-27 01:00:00","2185.000","2185.000","2185.000","2185.000","0.00","2026-06-26 17:59:59","2026-06-27 01:59:59","0.00000","0","0.00","0.00000"
"all-available","Asia/Taipei","BTCUSDT","BTC-260628-58000-C","2026-06-28","58000","CALL","1h","2026-06-26 18:00:00","2026-06-27 02:00:00","2185.000","2185.000","2185.000","2185.000","0.00","2026-06-26 18:59:59","2026-06-27 02:59:59","0.00000","0","0.00","0.00000"
"all-available","Asia/Taipei","BTCUSDT","BTC-260628-58000-C","2026-06-28","58000","CALL","1h","2026-06-26 19:00:00","2026-06-27 03:00:00","2185.000","2185.000","2185.000","2185.000","0.00","2026-06-26 19:59:59","2026-06-27 03:59:59","0.00000","0","0.00","0.00000"
"all-available","Asia/Taipei","BTCUSDT","BTC-260628-58000-C","2026-06-28","58000","CALL","1h","2026-06-26 20:00:00","2026-06-27 04:00:00","2185.000","2185.000","2185.000","2185.000","0.00","2026-06-26 20:59:59","2026-06-27 04:59:59","0.00000","0","0.00","0.00000"
"all-available","Asia/Taipei","BTCUSDT","BTC-260628-58000-C","2026-06-28","58000","CALL","1h","2026-06-26 21:00:00","2026-06-27 05:00:00","2185.000","2185.000","2185.000","2185.000","0.00","2026-06-26 21:59:59","2026-06-27 05:59:59","0.00000","0","0.00","0.00000"
"all-available","Asia/Taipei","BTCUSDT","BTC-260628-58000-C","2026-06-28","58000","CALL","1h","2026-06-26 22:00:00","2026-06-27 06:00:00","2185.000","2185.000","2185.000","2185.000","0.00","2026-06-26 22:59:59","2026-06-27 06:59:59","0.00000","0","0.00","0.00000"
"all-available","Asia/Taipei","BTCUSDT","BTC-260628-58000-C","2026-06-28","58000","CALL","1h","2026-06-26 23:00:00","2026-06-27 07:00:00","2185.000","2185.000","2185.000","2185.000","0.00","2026-06-26 23:59:59","2026-06-27 07:59:59","0.00000","0","0.00","0.00000"
"all-available","Asia/Taipei","BTCUSDT","BTC-260628-58000-C","2026-06-28","58000","CALL","1h","2026-06-27 00:00:00","2026-06-27 08:00:00","2185.000","2185.000","2185.000","2185.000","0.00","2026-06-27 00:59:59","2026-06-27 08:59:59","0.00000","0","0.00","0.00000"
"all-available","Asia/Taipei","BTCUSDT","BTC-260628-58000-C","2026-06-28","58000","CALL","1h","2026-06-27 01:00:00","2026-06-27 09:00:00","2185.000","2185.000","2185.000","2185.000","0.00","2026-06-27 01:59:59","2026-06-27 09:59:59","0.00000","0","0.00","0.00000"
"all-available","Asia/Taipei","BTCUSDT","BTC-260628-58000-C","2026-06-28","58000","CALL","1h","2026-06-27 02:00:00","2026-06-27 10:00:00","2185.000","2185.000","2185.000","2185.000","0.00","2026-06-27 02:59:59","2026-06-27 10:59:59","0.00000","0","0.00","0.00000"
"all-available","Asia/Taipei","BTCUSDT","BTC-260628-58000-C","2026-06-28","58000","CALL","1h","2026-06-27 03:00:00","2026-06-27 11:00:00","2185.000","2185.000","2185.000","2185.000","0.00","2026-06-27 03:59:59","2026-06-27 11:59:59","0.00000","0","0.00","0.00000"
"all-available","Asia/Taipei","BTCUSDT","BTC-260628-58000-C","2026-06-28","58000","CALL","1h","2026-06-27 04:00:00","2026-06-27 12:00:00","2185.000","2185.000","2185.000","2185.000","0.00","2026-06-27 04:59:59","2026-06-27 12:59:59","0.00000","0","0.00","0.00000"
"all-available","Asia/Taipei","BTCUSDT","BTC-260628-58000-C","2026-06-28","58000","CALL","1h","2026-06-27 05:00:00","2026-06-27 13:00:00","2185.000","2185.000","2185.000","2185.000","0.00","2026-06-27 05:59:59","2026-06-27 13:59:59","0.00000","0","0.00","0.00000"
"all-available","Asia/Taipei","BTCUSDT","BTC-260628-58000-C","2026-06-28","58000","CALL","1h","2026-06-27 06:00:00","2026-06-27 14:00:00","2185.000","2185.000","2185.000","2185.000","0.00","2026-06-27 06:59:59","2026-06-27 14:59:59","0.00000","0","0.00","0.00000"
"all-available","Asia/Taipei","BTCUSDT","BTC-260628-58000-C","2026-06-28","58000","CALL","1h","2026-06-27 07:00:00","2026-06-27 15:00:00","2185.000","2185.000","2185.000","2185.000","0.00","2026-06-27 07:59:59","2026-06-27 15:59:59","0.00000","0","0.00","0.00000"
"all-available","Asia/Taipei","BTCUSDT","BTC-260628-58000-C","2026-06-28","58000","CALL","1h","2026-06-27 08:00:00","2026-06-27 16:00:00","2185.000","2185.000","2185.000","2185.000","0.00","2026-06-27 08:59:59","2026-06-27 16:59:59","0.00000","0","0.00","0.00000"
"all-available","Asia/Taipei","BTCUSDT","BTC-260628-58000-C","2026-06-28","58000","CALL","1h","2026-06-27 09:00:00","2026-06-27 17:00:00","2185.000","2185.000","2185.000","2185.000","0.00","2026-06-27 09:59:59","2026-06-27 17:59:59","0.00000","0","0.00","0.00000"
"all-available","Asia/Taipei","BTCUSDT","BTC-260628-58000-C","2026-06-28","58000","CALL","1h","2026-06-27 10:00:00","2026-06-27 18:00:00","2185.000","2185.000","2185.000","2185.000","0.00","2026-06-27 10:59:59","2026-06-27 18:59:59","0.00000","0","0.00","0.00000"
"all-available","Asia/Taipei","BTCUSDT","BTC-260628-58000-C","2026-06-28","58000","CALL","1h","2026-06-27 11:00:00","2026-06-27 19:00:00","2185.000","2185.000","2185.000","2185.000","0.00","2026-06-27 11:59:59","2026-06-27 19:59:59","0.00000","0","0.00","0.00000"
"all-available","Asia/Taipei","BTCUSDT","BTC-260628-58000-C","2026-06-28","58000","CALL","1h","2026-06-27 12:00:00","2026-06-27 20:00:00","2185.000","2185.000","2185.000","2185.000","0.00","2026-06-27 12:59:59","2026-06-27 20:59:59","0.00000","0","0.00","0.00000"
"all-available","Asia/Taipei","BTCUSDT","BTC-260628-58000-C","2026-06-28","58000","CALL","1h","2026-06-27 13:00:00","2026-06-27 21:00:00","2185.000","2185.000","2185.000","2185.000","0.00","2026-06-27 13:59:59","2026-06-27 21:59:59","0.00000","0","0.00","0.00000"
"all-available","Asia/Taipei","BTCUSDT","BTC-260628-58000-C","2026-06-28","58000","CALL","1h","2026-06-27 14:00:00","2026-06-27 22:00:00","2185.000","2185.000","2185.000","2185.000","0.00","2026-06-27 14:59:59","2026-06-27 22:59:59","0.00000","0","0.00","0.00000"
"all-available","Asia/Taipei","BTCUSDT","BTC-260628-58000-C","2026-06-28","58000","CALL","1h","2026-06-27 15:00:00","2026-06-27 23:00:00","2185.000","2185.000","2185.000","2185.000","0.00","2026-06-27 15:59:59","2026-06-27 23:59:59","0.00000","0","0.00","0.00000"
"all-available","Asia/Taipei","BTCUSDT","BTC-260628-58000-C","2026-06-28","58000","CALL","1h","2026-06-27 16:00:00","2026-06-28 00:00:00","2185.000","2185.000","2185.000","2185.000","0.00","2026-06-27 16:59:59","2026-06-28 00:59:59","0.00000","0","0.00","0.00000"
"all-available","Asia/Taipei","BTCUSDT","BTC-260628-58000-C","2026-06-28","58000","CALL","1h","2026-06-27 17:00:00","2026-06-28 01:00:00","2185.000","2185.000","2185.000","2185.000","0.00","2026-06-27 17:59:59","2026-06-28 01:59:59","0.00000","0","0.00","0.00000"
"all-available","Asia/Taipei","BTCUSDT","BTC-260628-58000-C","2026-06-28","58000","CALL","1h","2026-06-27 18:00:00","2026-06-28 02:00:00","2185.000","2185.000","2185.000","2185.000","0.00","2026-06-27 18:59:59","2026-06-28 02:59:59","0.00000","0","0.00","0.00000"
"all-available","Asia/Taipei","BTCUSDT","BTC-260628-58000-C","2026-06-28","58000","CALL","1h","2026-06-27 19:00:00","2026-06-28 03:00:00","2185.000","2185.000","2185.000","2185.000","0.00","2026-06-27 19:59:59","2026-06-28 03:59:59","0.00000","0","0.00","0.00000"
"all-available","Asia/Taipei","BTCUSDT","BTC-260628-58000-C","2026-06-28","58000","CALL","1h","2026-06-27 20:00:00","2026-06-28 04:00:00","2185.000","2185.000","2185.000","2185.000","0.00","2026-06-27 20:59:59","2026-06-28 04:59:59","0.00000","0","0.00","0.00000"
"all-available","Asia/Taipei","BTCUSDT","BTC-260628-58000-C","2026-06-28","58000","CALL","1h","2026-06-27 21:00:00","2026-06-28 05:00:00","2185.000","2185.000","2185.000","2185.000","0.00","2026-06-27 21:59:59","2026-06-28 05:59:59","0.00000","0","0.00","0.00000"
"all-available","Asia/Taipei","BTCUSDT","BTC-260628-58000-C","2026-06-28","58000","CALL","1h","2026-06-27 22:00:00","2026-06-28 06:00:00","2185.000","2185.000","2185.000","2185.000","0.00","2026-06-27 22:59:59","2026-06-28 06:59:59","0.00000","0","0.00","0.00000"
"all-available","Asia/Taipei","BTCUSDT","BTC-260628-58000-C","2026-06-28","58000","CALL","1h","2026-06-27 23:00:00","2026-06-28 07:00:00","2185.000","2185.000","2185.000","2185.000","0.00","2026-06-27 23:59:59","2026-06-28 07:59:59","0.00000","0","0.00","0.00000"
"all-available","Asia/Taipei","BTCUSDT","BTC-260628-58000-C","2026-06-28","58000","CALL","1h","2026-06-28 00:00:00","2026-06-28 08:00:00","2185.000","2185.000","2185.000","2185.000","0.00","2026-06-28 00:59:59","2026-06-28 08:59:59","0.00000","0","0.00","0.00000"
"all-available","Asia/Taipei","BTCUSDT","BTC-260628-58000-C","2026-06-28","58000","CALL","1h","2026-06-28 01:00:00","2026-06-28 09:00:00","2185.000","2185.000","2185.000","2185.000","0.00","2026-06-28 01:59:59","2026-06-28 09:59:59","0.00000","0","0.00","0.00000"
"all-available","Asia/Taipei","BTCUSDT","BTC-260628-58000-C","2026-06-28","58000","CALL","1h","2026-06-28 02:00:00","2026-06-28 10:00:00","2185.000","2185.000","2185.000","2185.000","0.00","2026-06-28 02:59:59","2026-06-28 10:59:59","0.00000","0","0.00","0.00000"
"all-available","Asia/Taipei","BTCUSDT","BTC-260628-58000-C","2026-06-28","58000","CALL","1h","2026-06-28 03:00:00","2026-06-28 11:00:00","2185.000","2185.000","2185.000","2185.000","0.00","2026-06-28 03:59:59","2026-06-28 11:59:59","0.00000","0","0.00","0.00000"
"all-available","Asia/Taipei","BTCUSDT","BTC-260628-58000-C","2026-06-28","58000","CALL","1h","2026-06-28 04:00:00","2026-06-28 12:00:00","2185.000","2185.000","2185.000","2185.000","0.00","2026-06-28 04:59:59","2026-06-28 12:59:59","0.00000","0","0.00","0.00000"
"all-available","Asia/Taipei","BTCUSDT","BTC-260628-58000-C","2026-06-28","58000","CALL","1h","2026-06-28 05:00:00","2026-06-28 13:00:00","2185.000","2185.000","2185.000","2185.000","0.00","2026-06-28 05:59:59","2026-06-28 13:59:59","0.00000","0","0.00","0.00000"
"all-available","Asia/Taipei","BTCUSDT","BTC-260628-58000-C","2026-06-28","58000","CALL","1h","2026-06-28 06:00:00","2026-06-28 14:00:00","2185.000","2185.000","2185.000","2185.000","0.00","2026-06-28 06:59:59","2026-06-28 14:59:59","0.00000","0","0.00","0.00000"
"all-available","Asia/Taipei","BTCUSDT","BTC-260628-58000-C","2026-06-28","58000","CALL","1h","2026-06-28 07:00:00","2026-06-28 15:00:00","2185.000","2185.000","2185.000","2185.000","0.00","2026-06-28 07:59:59","2026-06-28 15:59:59","0.00000","0","0.00","0.00000"
"all-available","Asia/Taipei","BTCUSDT","BTC-260628-58000-P","2026-06-28","58000","PUT","1h","2026-06-25 08:00:00","2026-06-25 16:00:00","125.000","125.000","110.000","110.000","1.86","2026-06-25 08:59:59","2026-06-25 16:59:59","218.10000","7","0.56","68.65000"
"all-available","Asia/Taipei","BTCUSDT","BTC-260628-58000-P","2026-06-28","58000","PUT","1h","2026-06-25 09:00:00","2026-06-25 17:00:00","110.000","110.000","105.000","105.000","0.24","2026-06-25 09:59:59","2026-06-25 17:59:59","25.25000","4","0.00","0.00000"
"all-available","Asia/Taipei","BTCUSDT","BTC-260628-58000-P","2026-06-28","58000","PUT","1h","2026-06-25 10:00:00","2026-06-25 18:00:00","105.000","105.000","105.000","105.000","0.00","2026-06-25 10:59:59","2026-06-25 18:59:59","0.00000","0","0.00","0.00000"
"all-available","Asia/Taipei","BTCUSDT","BTC-260628-58000-P","2026-06-28","58000","PUT","1h","2026-06-25 11:00:00","2026-06-25 19:00:00","170.000","175.000","170.000","175.000","42.24","2026-06-25 11:59:59","2026-06-25 19:59:59","7272.90000","6","42.24","7272.90000"
"all-available","Asia/Taipei","BTCUSDT","BTC-260628-58000-P","2026-06-28","58000","PUT","1h","2026-06-25 12:00:00","2026-06-25 20:00:00","200.000","200.000","170.000","190.000","1.00","2026-06-25 12:59:59","2026-06-25 20:59:59","196.00000","4","0.00","0.00000"
"all-available","Asia/Taipei","BTCUSDT","BTC-260628-58000-P","2026-06-28","58000","PUT","1h","2026-06-25 13:00:00","2026-06-25 21:00:00","345.000","600.000","345.000","600.000","50.72","2026-06-25 13:59:59","2026-06-25 21:59:59","29390.20000","16","10.09","5859.20000"
"all-available","Asia/Taipei","BTCUSDT","BTC-260628-58000-P","2026-06-28","58000","PUT","1h","2026-06-25 14:00:00","2026-06-25 22:00:00","720.000","765.000","350.000","450.000","18.57","2026-06-25 14:59:59","2026-06-25 22:59:59","10510.95000","40","2.22","1242.60000"
"all-available","Asia/Taipei","BTCUSDT","BTC-260628-58000-P","2026-06-28","58000","PUT","1h","2026-06-25 15:00:00","2026-06-25 23:00:00","595.000","595.000","445.000","445.000","3.93","2026-06-25 15:59:59","2026-06-25 23:59:59","2045.20000","10","3.21","1634.05000"
"all-available","Asia/Taipei","BTCUSDT","BTC-260628-58000-P","2026-06-28","58000","PUT","1h","2026-06-25 16:00:00","2026-06-26 00:00:00","380.000","380.000","345.000","345.000","1.28","2026-06-25 16:59:59","2026-06-26 00:59:59","445.35000","3","1.13","389.85000"
"all-available","Asia/Taipei","BTCUSDT","BTC-260628-58000-P","2026-06-28","58000","PUT","1h","2026-06-25 17:00:00","2026-06-26 01:00:00","480.000","480.000","395.000","395.000","0.43","2026-06-25 17:59:59","2026-06-26 01:59:59","186.40000","3","0.30","124.00000"
"all-available","Asia/Taipei","BTCUSDT","BTC-260628-58000-P","2026-06-28","58000","PUT","1h","2026-06-25 18:00:00","2026-06-26 02:00:00","420.000","420.000","420.000","420.000","0.32","2026-06-25 18:59:59","2026-06-26 02:59:59","134.40000","1","0.00","0.00000"
"all-available","Asia/Taipei","BTCUSDT","BTC-260628-58000-P","2026-06-28","58000","PUT","1h","2026-06-25 19:00:00","2026-06-26 03:00:00","420.000","420.000","420.000","420.000","0.00","2026-06-25 19:59:59","2026-06-26 03:59:59","0.00000","0","0.00","0.00000"
"all-available","Asia/Taipei","BTCUSDT","BTC-260628-58000-P","2026-06-28","58000","PUT","1h","2026-06-25 20:00:00","2026-06-26 04:00:00","440.000","440.000","355.000","355.000","1.27","2026-06-25 20:59:59","2026-06-26 04:59:59","541.80000","3","0.00","0.00000"
"all-available","Asia/Taipei","BTCUSDT","BTC-260628-58000-P","2026-06-28","58000","PUT","1h","2026-06-25 21:00:00","2026-06-26 05:00:00","355.000","355.000","270.000","270.000","3.16","2026-06-25 21:59:59","2026-06-26 05:59:59","970.00000","5","0.00","0.00000"
"all-available","Asia/Taipei","BTCUSDT","BTC-260628-58000-P","2026-06-28","58000","PUT","1h","2026-06-25 22:00:00","2026-06-26 06:00:00","280.000","280.000","280.000","280.000","0.01","2026-06-25 22:59:59","2026-06-26 06:59:59","2.80000","1","0.00","0.00000"
"all-available","Asia/Taipei","BTCUSDT","BTC-260628-58000-P","2026-06-28","58000","PUT","1h","2026-06-25 23:00:00","2026-06-26 07:00:00","280.000","280.000","280.000","280.000","0.00","2026-06-25 23:59:59","2026-06-26 07:59:59","0.00000","0","0.00","0.00000"
"all-available","Asia/Taipei","BTCUSDT","BTC-260628-58000-P","2026-06-28","58000","PUT","1h","2026-06-26 00:00:00","2026-06-26 08:00:00","280.000","280.000","280.000","280.000","0.00","2026-06-26 00:59:59","2026-06-26 08:59:59","0.00000","0","0.00","0.00000"
"all-available","Asia/Taipei","BTCUSDT","BTC-260628-58000-P","2026-06-28","58000","PUT","1h","2026-06-26 01:00:00","2026-06-26 09:00:00","280.000","280.000","280.000","280.000","0.00","2026-06-26 01:59:59","2026-06-26 09:59:59","0.00000","0","0.00","0.00000"
"all-available","Asia/Taipei","BTCUSDT","BTC-260628-58000-P","2026-06-28","58000","PUT","1h","2026-06-26 02:00:00","2026-06-26 10:00:00","550.000","670.000","535.000","535.000","8.67","2026-06-26 02:59:59","2026-06-26 10:59:59","5452.05000","18","8.02","5104.30000"
"all-available","Asia/Taipei","BTCUSDT","BTC-260628-58000-P","2026-06-28","58000","PUT","1h","2026-06-26 03:00:00","2026-06-26 11:00:00","495.000","495.000","360.000","360.000","3.27","2026-06-26 03:59:59","2026-06-26 11:59:59","1328.85000","7","0.05","18.00000"
"all-available","Asia/Taipei","BTCUSDT","BTC-260628-58000-P","2026-06-28","58000","PUT","1h","2026-06-26 04:00:00","2026-06-26 12:00:00","240.000","260.000","240.000","260.000","0.49","2026-06-26 04:59:59","2026-06-26 12:59:59","119.50000","3","0.49","119.50000"
"all-available","Asia/Taipei","BTCUSDT","BTC-260628-58000-P","2026-06-28","58000","PUT","1h","2026-06-26 05:00:00","2026-06-26 13:00:00","265.000","265.000","265.000","265.000","0.01","2026-06-26 05:59:59","2026-06-26 13:59:59","2.65000","1","0.00","0.00000"
"all-available","Asia/Taipei","BTCUSDT","BTC-260628-58000-P","2026-06-28","58000","PUT","1h","2026-06-26 06:00:00","2026-06-26 14:00:00","255.000","255.000","220.000","220.000","1.20","2026-06-26 06:59:59","2026-06-26 14:59:59","283.90000","5","0.78","191.10000"
"all-available","Asia/Taipei","BTCUSDT","BTC-260628-58000-P","2026-06-28","58000","PUT","1h","2026-06-26 07:00:00","2026-06-26 15:00:00","215.000","215.000","190.000","210.000","4.81","2026-06-26 07:59:59","2026-06-26 15:59:59","962.95000","7","2.93","559.75000"
"all-available","Asia/Taipei","BTCUSDT","BTC-260628-58000-P","2026-06-28","58000","PUT","1h","2026-06-26 08:00:00","2026-06-26 16:00:00","220.000","250.000","220.000","220.000","17.03","2026-06-26 08:59:59","2026-06-26 16:59:59","3922.10000","8","3.92","979.40000"
"all-available","Asia/Taipei","BTCUSDT","BTC-260628-58000-P","2026-06-28","58000","PUT","1h","2026-06-26 09:00:00","2026-06-26 17:00:00","300.000","350.000","300.000","315.000","0.75","2026-06-26 09:59:59","2026-06-26 17:59:59","235.00000","3","0.13","39.00000"
"all-available","Asia/Taipei","BTCUSDT","BTC-260628-58000-P","2026-06-28","58000","PUT","1h","2026-06-26 10:00:00","2026-06-26 18:00:00","320.000","320.000","320.000","320.000","1.06","2026-06-26 10:59:59","2026-06-26 18:59:59","339.20000","2","0.00","0.00000"
"all-available","Asia/Taipei","BTCUSDT","BTC-260628-58000-P","2026-06-28","58000","PUT","1h","2026-06-26 11:00:00","2026-06-26 19:00:00","430.000","430.000","430.000","430.000","0.10","2026-06-26 11:59:59","2026-06-26 19:59:59","43.00000","1","0.00","0.00000"
"all-available","Asia/Taipei","BTCUSDT","BTC-260628-58000-P","2026-06-28","58000","PUT","1h","2026-06-26 12:00:00","2026-06-26 20:00:00","385.000","415.000","305.000","305.000","2.71","2026-06-26 12:59:59","2026-06-26 20:59:59","900.65000","10","2.02","616.10000"
"all-available","Asia/Taipei","BTCUSDT","BTC-260628-58000-P","2026-06-28","58000","PUT","1h","2026-06-26 13:00:00","2026-06-26 21:00:00","485.000","620.000","265.000","265.000","14.78","2026-06-26 13:59:59","2026-06-26 21:59:59","7657.30000","14","6.83","4032.30000"
"all-available","Asia/Taipei","BTCUSDT","BTC-260628-58000-P","2026-06-28","58000","PUT","1h","2026-06-26 14:00:00","2026-06-26 22:00:00","230.000","230.000","230.000","230.000","0.49","2026-06-26 14:59:59","2026-06-26 22:59:59","112.70000","1","0.00","0.00000"
"all-available","Asia/Taipei","BTCUSDT","BTC-260628-58000-P","2026-06-28","58000","PUT","1h","2026-06-26 15:00:00","2026-06-26 23:00:00","105.000","105.000","105.000","105.000","0.01","2026-06-26 15:59:59","2026-06-26 23:59:59","1.05000","1","0.00","0.00000"
"all-available","Asia/Taipei","BTCUSDT","BTC-260628-58000-P","2026-06-28","58000","PUT","1h","2026-06-26 16:00:00","2026-06-27 00:00:00","95.000","125.000","95.000","125.000","25.12","2026-06-26 16:59:59","2026-06-27 00:59:59","3136.65000","8","25.12","3136.65000"
"all-available","Asia/Taipei","BTCUSDT","BTC-260628-58000-P","2026-06-28","58000","PUT","1h","2026-06-26 17:00:00","2026-06-27 01:00:00","125.000","125.000","125.000","125.000","0.00","2026-06-26 17:59:59","2026-06-27 01:59:59","0.00000","0","0.00","0.00000"
"all-available","Asia/Taipei","BTCUSDT","BTC-260628-58000-P","2026-06-28","58000","PUT","1h","2026-06-26 18:00:00","2026-06-27 02:00:00","95.000","95.000","95.000","95.000","0.01","2026-06-26 18:59:59","2026-06-27 02:59:59","0.95000","1","0.00","0.00000"
"all-available","Asia/Taipei","BTCUSDT","BTC-260628-58000-P","2026-06-28","58000","PUT","1h","2026-06-26 19:00:00","2026-06-27 03:00:00","130.000","130.000","120.000","120.000","0.68","2026-06-26 19:59:59","2026-06-27 03:59:59","86.10000","3","0.00","0.00000"
"all-available","Asia/Taipei","BTCUSDT","BTC-260628-58000-P","2026-06-28","58000","PUT","1h","2026-06-26 20:00:00","2026-06-27 04:00:00","85.000","85.000","85.000","85.000","0.66","2026-06-26 20:59:59","2026-06-27 04:59:59","56.10000","2","0.00","0.00000"
"all-available","Asia/Taipei","BTCUSDT","BTC-260628-58000-P","2026-06-28","58000","PUT","1h","2026-06-26 21:00:00","2026-06-27 05:00:00","85.000","85.000","85.000","85.000","0.00","2026-06-26 21:59:59","2026-06-27 05:59:59","0.00000","0","0.00","0.00000"
"all-available","Asia/Taipei","BTCUSDT","BTC-260628-58000-P","2026-06-28","58000","PUT","1h","2026-06-26 22:00:00","2026-06-27 06:00:00","45.000","45.000","45.000","45.000","1.10","2026-06-26 22:59:59","2026-06-27 06:59:59","49.50000","3","0.00","0.00000"
"all-available","Asia/Taipei","BTCUSDT","BTC-260628-58000-P","2026-06-28","58000","PUT","1h","2026-06-26 23:00:00","2026-06-27 07:00:00","40.000","40.000","40.000","40.000","1.85","2026-06-26 23:59:59","2026-06-27 07:59:59","74.00000","7","1.85","74.00000"
"all-available","Asia/Taipei","BTCUSDT","BTC-260628-58000-P","2026-06-28","58000","PUT","1h","2026-06-27 00:00:00","2026-06-27 08:00:00","30.000","30.000","25.000","25.000","47.60","2026-06-27 00:59:59","2026-06-27 08:59:59","1396.05000","18","46.92","1375.65000"
"all-available","Asia/Taipei","BTCUSDT","BTC-260628-58000-P","2026-06-28","58000","PUT","1h","2026-06-27 01:00:00","2026-06-27 09:00:00","25.000","25.000","25.000","25.000","0.00","2026-06-27 01:59:59","2026-06-27 09:59:59","0.00000","0","0.00","0.00000"
"all-available","Asia/Taipei","BTCUSDT","BTC-260628-58000-P","2026-06-28","58000","PUT","1h","2026-06-27 02:00:00","2026-06-27 10:00:00","20.000","20.000","20.000","20.000","0.01","2026-06-27 02:59:59","2026-06-27 10:59:59","0.20000","1","0.01","0.20000"
"all-available","Asia/Taipei","BTCUSDT","BTC-260628-58000-P","2026-06-28","58000","PUT","1h","2026-06-27 03:00:00","2026-06-27 11:00:00","20.000","20.000","15.000","15.000","1.03","2026-06-27 03:59:59","2026-06-27 11:59:59","20.45000","3","1.00","20.00000"
"all-available","Asia/Taipei","BTCUSDT","BTC-260628-58000-P","2026-06-28","58000","PUT","1h","2026-06-27 04:00:00","2026-06-27 12:00:00","15.000","15.000","15.000","15.000","0.00","2026-06-27 04:59:59","2026-06-27 12:59:59","0.00000","0","0.00","0.00000"
"all-available","Asia/Taipei","BTCUSDT","BTC-260628-58000-P","2026-06-28","58000","PUT","1h","2026-06-27 05:00:00","2026-06-27 13:00:00","20.000","20.000","20.000","20.000","3.58","2026-06-27 05:59:59","2026-06-27 13:59:59","71.60000","4","3.58","71.60000"
"all-available","Asia/Taipei","BTCUSDT","BTC-260628-58000-P","2026-06-28","58000","PUT","1h","2026-06-27 06:00:00","2026-06-27 14:00:00","20.000","20.000","20.000","20.000","0.25","2026-06-27 06:59:59","2026-06-27 14:59:59","5.00000","1","0.00","0.00000"
"all-available","Asia/Taipei","BTCUSDT","BTC-260628-58000-P","2026-06-28","58000","PUT","1h","2026-06-27 07:00:00","2026-06-27 15:00:00","15.000","15.000","10.000","10.000","1.98","2026-06-27 07:59:59","2026-06-27 15:59:59","21.55000","3","0.00","0.00000"
"all-available","Asia/Taipei","BTCUSDT","BTC-260628-58000-P","2026-06-28","58000","PUT","1h","2026-06-27 08:00:00","2026-06-27 16:00:00","10.000","10.000","10.000","10.000","0.68","2026-06-27 08:59:59","2026-06-27 16:59:59","6.80000","6","0.00","0.00000"
"all-available","Asia/Taipei","BTCUSDT","BTC-260628-58000-P","2026-06-28","58000","PUT","1h","2026-06-27 09:00:00","2026-06-27 17:00:00","15.000","15.000","15.000","15.000","0.28","2026-06-27 09:59:59","2026-06-27 17:59:59","4.20000","1","0.28","4.20000"
"all-available","Asia/Taipei","BTCUSDT","BTC-260628-58000-P","2026-06-28","58000","PUT","1h","2026-06-27 10:00:00","2026-06-27 18:00:00","15.000","15.000","15.000","15.000","0.00","2026-06-27 10:59:59","2026-06-27 18:59:59","0.00000","0","0.00","0.00000"
"all-available","Asia/Taipei","BTCUSDT","BTC-260628-58000-P","2026-06-28","58000","PUT","1h","2026-06-27 11:00:00","2026-06-27 19:00:00","15.000","15.000","15.000","15.000","8.34","2026-06-27 11:59:59","2026-06-27 19:59:59","125.10000","8","8.34","125.10000"
"all-available","Asia/Taipei","BTCUSDT","BTC-260628-58000-P","2026-06-28","58000","PUT","1h","2026-06-27 12:00:00","2026-06-27 20:00:00","15.000","15.000","5.000","5.000","42.22","2026-06-27 12:59:59","2026-06-27 20:59:59","421.65000","15","0.89","13.35000"
"all-available","Asia/Taipei","BTCUSDT","BTC-260628-58000-P","2026-06-28","58000","PUT","1h","2026-06-27 13:00:00","2026-06-27 21:00:00","5.000","5.000","5.000","5.000","0.00","2026-06-27 13:59:59","2026-06-27 21:59:59","0.00000","0","0.00","0.00000"
"all-available","Asia/Taipei","BTCUSDT","BTC-260628-58000-P","2026-06-28","58000","PUT","1h","2026-06-27 14:00:00","2026-06-27 22:00:00","5.000","5.000","5.000","5.000","0.00","2026-06-27 14:59:59","2026-06-27 22:59:59","0.00000","0","0.00","0.00000"
"all-available","Asia/Taipei","BTCUSDT","BTC-260628-58000-P","2026-06-28","58000","PUT","1h","2026-06-27 15:00:00","2026-06-27 23:00:00","5.000","5.000","5.000","5.000","1.00","2026-06-27 15:59:59","2026-06-27 23:59:59","5.00000","2","0.00","0.00000"
"all-available","Asia/Taipei","BTCUSDT","BTC-260628-58000-P","2026-06-28","58000","PUT","1h","2026-06-27 16:00:00","2026-06-28 00:00:00","5.000","5.000","5.000","5.000","1.00","2026-06-27 16:59:59","2026-06-28 00:59:59","5.00000","4","0.00","0.00000"
"all-available","Asia/Taipei","BTCUSDT","BTC-260628-58000-P","2026-06-28","58000","PUT","1h","2026-06-27 17:00:00","2026-06-28 01:00:00","10.000","10.000","10.000","10.000","0.42","2026-06-27 17:59:59","2026-06-28 01:59:59","4.20000","4","0.42","4.20000"
"all-available","Asia/Taipei","BTCUSDT","BTC-260628-58000-P","2026-06-28","58000","PUT","1h","2026-06-27 18:00:00","2026-06-28 02:00:00","10.000","10.000","5.000","5.000","9.62","2026-06-27 18:59:59","2026-06-28 02:59:59","72.15000","6","4.81","48.10000"
"all-available","Asia/Taipei","BTCUSDT","BTC-260628-58000-P","2026-06-28","58000","PUT","1h","2026-06-27 19:00:00","2026-06-28 03:00:00","5.000","10.000","5.000","10.000","2.42","2026-06-27 19:59:59","2026-06-28 03:59:59","22.10000","2","0.42","2.10000"
"all-available","Asia/Taipei","BTCUSDT","BTC-260628-58000-P","2026-06-28","58000","PUT","1h","2026-06-27 20:00:00","2026-06-28 04:00:00","10.000","10.000","10.000","10.000","0.00","2026-06-27 20:59:59","2026-06-28 04:59:59","0.00000","0","0.00","0.00000"
"all-available","Asia/Taipei","BTCUSDT","BTC-260628-58000-P","2026-06-28","58000","PUT","1h","2026-06-27 21:00:00","2026-06-28 05:00:00","10.000","10.000","10.000","10.000","0.48","2026-06-27 21:59:59","2026-06-28 05:59:59","4.80000","2","0.48","4.80000"
"all-available","Asia/Taipei","BTCUSDT","BTC-260628-58000-P","2026-06-28","58000","PUT","1h","2026-06-27 22:00:00","2026-06-28 06:00:00","10.000","15.000","10.000","10.000","20.49","2026-06-27 22:59:59","2026-06-28 06:59:59","209.90000","7","20.49","209.90000"
"all-available","Asia/Taipei","BTCUSDT","BTC-260628-58000-P","2026-06-28","58000","PUT","1h","2026-06-27 23:00:00","2026-06-28 07:00:00","10.000","10.000","10.000","10.000","0.40","2026-06-27 23:59:59","2026-06-28 07:59:59","4.00000","1","0.40","4.00000"
"all-available","Asia/Taipei","BTCUSDT","BTC-260628-58000-P","2026-06-28","58000","PUT","1h","2026-06-28 00:00:00","2026-06-28 08:00:00","10.000","10.000","10.000","10.000","1.00","2026-06-28 00:59:59","2026-06-28 08:59:59","10.00000","1","1.00","10.00000"
"all-available","Asia/Taipei","BTCUSDT","BTC-260628-58000-P","2026-06-28","58000","PUT","1h","2026-06-28 01:00:00","2026-06-28 09:00:00","10.000","10.000","10.000","10.000","0.00","2026-06-28 01:59:59","2026-06-28 09:59:59","0.00000","0","0.00","0.00000"
"all-available","Asia/Taipei","BTCUSDT","BTC-260628-58000-P","2026-06-28","58000","PUT","1h","2026-06-28 02:00:00","2026-06-28 10:00:00","5.000","5.000","5.000","5.000","3.10","2026-06-28 02:59:59","2026-06-28 10:59:59","15.50000","2","3.10","15.50000"
"all-available","Asia/Taipei","BTCUSDT","BTC-260628-58000-P","2026-06-28","58000","PUT","1h","2026-06-28 03:00:00","2026-06-28 11:00:00","5.000","5.000","5.000","5.000","0.00","2026-06-28 03:59:59","2026-06-28 11:59:59","0.00000","0","0.00","0.00000"
"all-available","Asia/Taipei","BTCUSDT","BTC-260628-58000-P","2026-06-28","58000","PUT","1h","2026-06-28 04:00:00","2026-06-28 12:00:00","5.000","5.000","5.000","5.000","0.00","2026-06-28 04:59:59","2026-06-28 12:59:59","0.00000","0","0.00","0.00000"
"all-available","Asia/Taipei","BTCUSDT","BTC-260628-58000-P","2026-06-28","58000","PUT","1h","2026-06-28 05:00:00","2026-06-28 13:00:00","5.000","5.000","5.000","5.000","0.00","2026-06-28 05:59:59","2026-06-28 13:59:59","0.00000","0","0.00","0.00000"
"all-available","Asia/Taipei","BTCUSDT","BTC-260628-58000-P","2026-06-28","58000","PUT","1h","2026-06-28 06:00:00","2026-06-28 14:00:00","5.000","5.000","5.000","5.000","0.00","2026-06-28 06:59:59","2026-06-28 14:59:59","0.00000","0","0.00","0.00000"
"all-available","Asia/Taipei","BTCUSDT","BTC-260628-58000-P","2026-06-28","58000","PUT","1h","2026-06-28 07:00:00","2026-06-28 15:00:00","5.000","5.000","5.000","5.000","0.00","2026-06-28 07:59:59","2026-06-28 15:59:59","0.00000","0","0.00","0.00000"
"all-available","Asia/Taipei","BTCUSDT","BTC-260628-58500-C","2026-06-28","58500","CALL","1h","2026-06-25 15:00:00","2026-06-25 23:00:00","1535.000","1685.000","1490.000","1685.000","4.92","2026-06-25 15:59:59","2026-06-25 23:59:59","7960.20000","8","0.00","0.00000"
"all-available","Asia/Taipei","BTCUSDT","BTC-260628-58500-C","2026-06-28","58500","CALL","1h","2026-06-25 16:00:00","2026-06-26 00:00:00","1480.000","1480.000","1480.000","1480.000","0.10","2026-06-25 16:59:59","2026-06-26 00:59:59","148.00000","1","0.10","148.00000"
"all-available","Asia/Taipei","BTCUSDT","BTC-260628-58500-C","2026-06-28","58500","CALL","1h","2026-06-25 17:00:00","2026-06-26 01:00:00","1480.000","1480.000","1480.000","1480.000","0.00","2026-06-25 17:59:59","2026-06-26 01:59:59","0.00000","0","0.00","0.00000"
"all-available","Asia/Taipei","BTCUSDT","BTC-260628-58500-C","2026-06-28","58500","CALL","1h","2026-06-25 18:00:00","2026-06-26 02:00:00","1480.000","1480.000","1480.000","1480.000","0.00","2026-06-25 18:59:59","2026-06-26 02:59:59","0.00000","0","0.00","0.00000"
"all-available","Asia/Taipei","BTCUSDT","BTC-260628-58500-C","2026-06-28","58500","CALL","1h","2026-06-25 19:00:00","2026-06-26 03:00:00","1480.000","1480.000","1480.000","1480.000","0.00","2026-06-25 19:59:59","2026-06-26 03:59:59","0.00000","0","0.00","0.00000"
"all-available","Asia/Taipei","BTCUSDT","BTC-260628-58500-C","2026-06-28","58500","CALL","1h","2026-06-25 20:00:00","2026-06-26 04:00:00","1480.000","1480.000","1480.000","1480.000","0.00","2026-06-25 20:59:59","2026-06-26 04:59:59","0.00000","0","0.00","0.00000"
"all-available","Asia/Taipei","BTCUSDT","BTC-260628-58500-C","2026-06-28","58500","CALL","1h","2026-06-25 21:00:00","2026-06-26 05:00:00","1480.000","1480.000","1480.000","1480.000","0.00","2026-06-25 21:59:59","2026-06-26 05:59:59","0.00000","0","0.00","0.00000"
"all-available","Asia/Taipei","BTCUSDT","BTC-260628-58500-C","2026-06-28","58500","CALL","1h","2026-06-25 22:00:00","2026-06-26 06:00:00","1480.000","1480.000","1480.000","1480.000","0.00","2026-06-25 22:59:59","2026-06-26 06:59:59","0.00000","0","0.00","0.00000"
"all-available","Asia/Taipei","BTCUSDT","BTC-260628-58500-C","2026-06-28","58500","CALL","1h","2026-06-25 23:00:00","2026-06-26 07:00:00","1480.000","1480.000","1480.000","1480.000","0.00","2026-06-25 23:59:59","2026-06-26 07:59:59","0.00000","0","0.00","0.00000"
"all-available","Asia/Taipei","BTCUSDT","BTC-260628-58500-C","2026-06-28","58500","CALL","1h","2026-06-26 00:00:00","2026-06-26 08:00:00","1480.000","1480.000","1480.000","1480.000","0.00","2026-06-26 00:59:59","2026-06-26 08:59:59","0.00000","0","0.00","0.00000"
"all-available","Asia/Taipei","BTCUSDT","BTC-260628-58500-C","2026-06-28","58500","CALL","1h","2026-06-26 01:00:00","2026-06-26 09:00:00","1480.000","1480.000","1480.000","1480.000","0.00","2026-06-26 01:59:59","2026-06-26 09:59:59","0.00000","0","0.00","0.00000"
"all-available","Asia/Taipei","BTCUSDT","BTC-260628-58500-C","2026-06-28","58500","CALL","1h","2026-06-26 02:00:00","2026-06-26 10:00:00","945.000","1035.000","825.000","870.000","9.18","2026-06-26 02:59:59","2026-06-26 10:59:59","8243.60000","15","6.43","5786.65000"
"all-available","Asia/Taipei","BTCUSDT","BTC-260628-58500-C","2026-06-28","58500","CALL","1h","2026-06-26 03:00:00","2026-06-26 11:00:00","1150.000","1590.000","1150.000","1590.000","0.37","2026-06-26 03:59:59","2026-06-26 11:59:59","456.30000","2","0.37","456.30000"
"all-available","Asia/Taipei","BTCUSDT","BTC-260628-58500-C","2026-06-28","58500","CALL","1h","2026-06-26 04:00:00","2026-06-26 12:00:00","1590.000","1590.000","1590.000","1590.000","0.00","2026-06-26 04:59:59","2026-06-26 12:59:59","0.00000","0","0.00","0.00000"
"all-available","Asia/Taipei","BTCUSDT","BTC-260628-58500-C","2026-06-28","58500","CALL","1h","2026-06-26 05:00:00","2026-06-26 13:00:00","1590.000","1590.000","1590.000","1590.000","0.00","2026-06-26 05:59:59","2026-06-26 13:59:59","0.00000","0","0.00","0.00000"
"all-available","Asia/Taipei","BTCUSDT","BTC-260628-58500-C","2026-06-28","58500","CALL","1h","2026-06-26 06:00:00","2026-06-26 14:00:00","2160.000","2160.000","2125.000","2125.000","2.84","2026-06-26 06:59:59","2026-06-26 14:59:59","6116.90000","2","2.84","6116.90000"
"all-available","Asia/Taipei","BTCUSDT","BTC-260628-58500-C","2026-06-28","58500","CALL","1h","2026-06-26 07:00:00","2026-06-26 15:00:00","2130.000","2130.000","2130.000","2130.000","0.50","2026-06-26 07:59:59","2026-06-26 15:59:59","1065.00000","3","0.00","0.00000"
"all-available","Asia/Taipei","BTCUSDT","BTC-260628-58500-C","2026-06-28","58500","CALL","1h","2026-06-26 08:00:00","2026-06-26 16:00:00","2130.000","2130.000","2130.000","2130.000","0.00","2026-06-26 08:59:59","2026-06-26 16:59:59","0.00000","0","0.00","0.00000"
"all-available","Asia/Taipei","BTCUSDT","BTC-260628-58500-C","2026-06-28","58500","CALL","1h","2026-06-26 09:00:00","2026-06-26 17:00:00","2130.000","2130.000","2130.000","2130.000","0.00","2026-06-26 09:59:59","2026-06-26 17:59:59","0.00000","0","0.00","0.00000"
"all-available","Asia/Taipei","BTCUSDT","BTC-260628-58500-C","2026-06-28","58500","CALL","1h","2026-06-26 10:00:00","2026-06-26 18:00:00","1405.000","1405.000","1405.000","1405.000","0.93","2026-06-26 10:59:59","2026-06-26 18:59:59","1306.65000","1","0.93","1306.65000"
"all-available","Asia/Taipei","BTCUSDT","BTC-260628-58500-C","2026-06-28","58500","CALL","1h","2026-06-26 11:00:00","2026-06-26 19:00:00","1480.000","1480.000","1395.000","1395.000","0.46","2026-06-26 11:59:59","2026-06-26 19:59:59","672.30000","2","0.00","0.00000"
"all-available","Asia/Taipei","BTCUSDT","BTC-260628-58500-C","2026-06-28","58500","CALL","1h","2026-06-26 12:00:00","2026-06-26 20:00:00","1395.000","1395.000","1395.000","1395.000","0.00","2026-06-26 12:59:59","2026-06-26 20:59:59","0.00000","0","0.00","0.00000"
"all-available","Asia/Taipei","BTCUSDT","BTC-260628-58500-C","2026-06-28","58500","CALL","1h","2026-06-26 13:00:00","2026-06-26 21:00:00","1110.000","1110.000","1110.000","1110.000","1.49","2026-06-26 13:59:59","2026-06-26 21:59:59","1653.90000","1","0.00","0.00000"
"all-available","Asia/Taipei","BTCUSDT","BTC-260628-58500-C","2026-06-28","58500","CALL","1h","2026-06-26 14:00:00","2026-06-26 22:00:00","1110.000","1110.000","1110.000","1110.000","0.00","2026-06-26 14:59:59","2026-06-26 22:59:59","0.00000","0","0.00","0.00000"
"all-available","Asia/Taipei","BTCUSDT","BTC-260628-58500-C","2026-06-28","58500","CALL","1h","2026-06-26 15:00:00","2026-06-26 23:00:00","1110.000","1110.000","1110.000","1110.000","0.00","2026-06-26 15:59:59","2026-06-26 23:59:59","0.00000","0","0.00","0.00000"
"all-available","Asia/Taipei","BTCUSDT","BTC-260628-58500-C","2026-06-28","58500","CALL","1h","2026-06-26 16:00:00","2026-06-27 00:00:00","1110.000","1110.000","1110.000","1110.000","0.00","2026-06-26 16:59:59","2026-06-27 00:59:59","0.00000","0","0.00","0.00000"
"all-available","Asia/Taipei","BTCUSDT","BTC-260628-58500-C","2026-06-28","58500","CALL","1h","2026-06-26 17:00:00","2026-06-27 01:00:00","1110.000","1110.000","1110.000","1110.000","0.00","2026-06-26 17:59:59","2026-06-27 01:59:59","0.00000","0","0.00","0.00000"
"all-available","Asia/Taipei","BTCUSDT","BTC-260628-58500-C","2026-06-28","58500","CALL","1h","2026-06-26 18:00:00","2026-06-27 02:00:00","1110.000","1110.000","1110.000","1110.000","0.00","2026-06-26 18:59:59","2026-06-27 02:59:59","0.00000","0","0.00","0.00000"
"all-available","Asia/Taipei","BTCUSDT","BTC-260628-58500-C","2026-06-28","58500","CALL","1h","2026-06-26 19:00:00","2026-06-27 03:00:00","1110.000","1110.000","1110.000","1110.000","0.00","2026-06-26 19:59:59","2026-06-27 03:59:59","0.00000","0","0.00","0.00000"
"all-available","Asia/Taipei","BTCUSDT","BTC-260628-58500-C","2026-06-28","58500","CALL","1h","2026-06-26 20:00:00","2026-06-27 04:00:00","1110.000","1110.000","1110.000","1110.000","0.00","2026-06-26 20:59:59","2026-06-27 04:59:59","0.00000","0","0.00","0.00000"
"all-available","Asia/Taipei","BTCUSDT","BTC-260628-58500-C","2026-06-28","58500","CALL","1h","2026-06-26 21:00:00","2026-06-27 05:00:00","1110.000","1110.000","1110.000","1110.000","0.00","2026-06-26 21:59:59","2026-06-27 05:59:59","0.00000","0","0.00","0.00000"
"all-available","Asia/Taipei","BTCUSDT","BTC-260628-58500-C","2026-06-28","58500","CALL","1h","2026-06-26 22:00:00","2026-06-27 06:00:00","1110.000","1110.000","1110.000","1110.000","0.00","2026-06-26 22:59:59","2026-06-27 06:59:59","0.00000","0","0.00","0.00000"
"all-available","Asia/Taipei","BTCUSDT","BTC-260628-58500-C","2026-06-28","58500","CALL","1h","2026-06-26 23:00:00","2026-06-27 07:00:00","1110.000","1110.000","1110.000","1110.000","0.00","2026-06-26 23:59:59","2026-06-27 07:59:59","0.00000","0","0.00","0.00000"
"all-available","Asia/Taipei","BTCUSDT","BTC-260628-58500-C","2026-06-28","58500","CALL","1h","2026-06-27 00:00:00","2026-06-27 08:00:00","1110.000","1110.000","1110.000","1110.000","0.00","2026-06-27 00:59:59","2026-06-27 08:59:59","0.00000","0","0.00","0.00000"
"all-available","Asia/Taipei","BTCUSDT","BTC-260628-58500-C","2026-06-28","58500","CALL","1h","2026-06-27 01:00:00","2026-06-27 09:00:00","1110.000","1110.000","1110.000","1110.000","0.00","2026-06-27 01:59:59","2026-06-27 09:59:59","0.00000","0","0.00","0.00000"
"all-available","Asia/Taipei","BTCUSDT","BTC-260628-58500-C","2026-06-28","58500","CALL","1h","2026-06-27 02:00:00","2026-06-27 10:00:00","1110.000","1110.000","1110.000","1110.000","0.00","2026-06-27 02:59:59","2026-06-27 10:59:59","0.00000","0","0.00","0.00000"
"all-available","Asia/Taipei","BTCUSDT","BTC-260628-58500-C","2026-06-28","58500","CALL","1h","2026-06-27 03:00:00","2026-06-27 11:00:00","1110.000","1110.000","1110.000","1110.000","0.00","2026-06-27 03:59:59","2026-06-27 11:59:59","0.00000","0","0.00","0.00000"
"all-available","Asia/Taipei","BTCUSDT","BTC-260628-58500-C","2026-06-28","58500","CALL","1h","2026-06-27 04:00:00","2026-06-27 12:00:00","1110.000","1110.000","1110.000","1110.000","0.00","2026-06-27 04:59:59","2026-06-27 12:59:59","0.00000","0","0.00","0.00000"
"all-available","Asia/Taipei","BTCUSDT","BTC-260628-58500-C","2026-06-28","58500","CALL","1h","2026-06-27 05:00:00","2026-06-27 13:00:00","1110.000","1110.000","1110.000","1110.000","0.00","2026-06-27 05:59:59","2026-06-27 13:59:59","0.00000","0","0.00","0.00000"
"all-available","Asia/Taipei","BTCUSDT","BTC-260628-58500-C","2026-06-28","58500","CALL","1h","2026-06-27 06:00:00","2026-06-27 14:00:00","1110.000","1110.000","1110.000","1110.000","0.00","2026-06-27 06:59:59","2026-06-27 14:59:59","0.00000","0","0.00","0.00000"
"all-available","Asia/Taipei","BTCUSDT","BTC-260628-58500-C","2026-06-28","58500","CALL","1h","2026-06-27 07:00:00","2026-06-27 15:00:00","1110.000","1110.000","1110.000","1110.000","0.00","2026-06-27 07:59:59","2026-06-27 15:59:59","0.00000","0","0.00","0.00000"
"all-available","Asia/Taipei","BTCUSDT","BTC-260628-58500-C","2026-06-28","58500","CALL","1h","2026-06-27 08:00:00","2026-06-27 16:00:00","1910.000","1990.000","1910.000","1990.000","1.00","2026-06-27 08:59:59","2026-06-27 16:59:59","1950.00000","7","0.50","955.00000"
"all-available","Asia/Taipei","BTCUSDT","BTC-260628-58500-C","2026-06-28","58500","CALL","1h","2026-06-27 09:00:00","2026-06-27 17:00:00","1990.000","1990.000","1990.000","1990.000","0.00","2026-06-27 09:59:59","2026-06-27 17:59:59","0.00000","0","0.00","0.00000"
"all-available","Asia/Taipei","BTCUSDT","BTC-260628-58500-C","2026-06-28","58500","CALL","1h","2026-06-27 10:00:00","2026-06-27 18:00:00","1990.000","1990.000","1990.000","1990.000","0.00","2026-06-27 10:59:59","2026-06-27 18:59:59","0.00000","0","0.00","0.00000"
"all-available","Asia/Taipei","BTCUSDT","BTC-260628-58500-C","2026-06-28","58500","CALL","1h","2026-06-27 11:00:00","2026-06-27 19:00:00","1990.000","1990.000","1990.000","1990.000","0.00","2026-06-27 11:59:59","2026-06-27 19:59:59","0.00000","0","0.00","0.00000"
"all-available","Asia/Taipei","BTCUSDT","BTC-260628-58500-C","2026-06-28","58500","CALL","1h","2026-06-27 12:00:00","2026-06-27 20:00:00","1990.000","1990.000","1990.000","1990.000","0.00","2026-06-27 12:59:59","2026-06-27 20:59:59","0.00000","0","0.00","0.00000"
"all-available","Asia/Taipei","BTCUSDT","BTC-260628-58500-C","2026-06-28","58500","CALL","1h","2026-06-27 13:00:00","2026-06-27 21:00:00","1990.000","1990.000","1990.000","1990.000","0.00","2026-06-27 13:59:59","2026-06-27 21:59:59","0.00000","0","0.00","0.00000"
"all-available","Asia/Taipei","BTCUSDT","BTC-260628-58500-C","2026-06-28","58500","CALL","1h","2026-06-27 14:00:00","2026-06-27 22:00:00","1990.000","1990.000","1990.000","1990.000","0.00","2026-06-27 14:59:59","2026-06-27 22:59:59","0.00000","0","0.00","0.00000"
"all-available","Asia/Taipei","BTCUSDT","BTC-260628-58500-C","2026-06-28","58500","CALL","1h","2026-06-27 15:00:00","2026-06-27 23:00:00","1990.000","1990.000","1990.000","1990.000","0.00","2026-06-27 15:59:59","2026-06-27 23:59:59","0.00000","0","0.00","0.00000"
"all-available","Asia/Taipei","BTCUSDT","BTC-260628-58500-C","2026-06-28","58500","CALL","1h","2026-06-27 16:00:00","2026-06-28 00:00:00","1990.000","1990.000","1990.000","1990.000","0.00","2026-06-27 16:59:59","2026-06-28 00:59:59","0.00000","0","0.00","0.00000"
"all-available","Asia/Taipei","BTCUSDT","BTC-260628-58500-C","2026-06-28","58500","CALL","1h","2026-06-27 17:00:00","2026-06-28 01:00:00","1990.000","1990.000","1990.000","1990.000","0.00","2026-06-27 17:59:59","2026-06-28 01:59:59","0.00000","0","0.00","0.00000"
"all-available","Asia/Taipei","BTCUSDT","BTC-260628-58500-C","2026-06-28","58500","CALL","1h","2026-06-27 18:00:00","2026-06-28 02:00:00","1990.000","1990.000","1990.000","1990.000","0.00","2026-06-27 18:59:59","2026-06-28 02:59:59","0.00000","0","0.00","0.00000"
"all-available","Asia/Taipei","BTCUSDT","BTC-260628-58500-C","2026-06-28","58500","CALL","1h","2026-06-27 19:00:00","2026-06-28 03:00:00","1990.000","1990.000","1990.000","1990.000","0.00","2026-06-27 19:59:59","2026-06-28 03:59:59","0.00000","0","0.00","0.00000"
"all-available","Asia/Taipei","BTCUSDT","BTC-260628-58500-C","2026-06-28","58500","CALL","1h","2026-06-27 20:00:00","2026-06-28 04:00:00","1990.000","1990.000","1990.000","1990.000","0.00","2026-06-27 20:59:59","2026-06-28 04:59:59","0.00000","0","0.00","0.00000"
"all-available","Asia/Taipei","BTCUSDT","BTC-260628-58500-C","2026-06-28","58500","CALL","1h","2026-06-27 21:00:00","2026-06-28 05:00:00","1990.000","1990.000","1990.000","1990.000","0.00","2026-06-27 21:59:59","2026-06-28 05:59:59","0.00000","0","0.00","0.00000"
"all-available","Asia/Taipei","BTCUSDT","BTC-260628-58500-C","2026-06-28","58500","CALL","1h","2026-06-27 22:00:00","2026-06-28 06:00:00","1990.000","1990.000","1990.000","1990.000","0.00","2026-06-27 22:59:59","2026-06-28 06:59:59","0.00000","0","0.00","0.00000"
"all-available","Asia/Taipei","BTCUSDT","BTC-260628-58500-C","2026-06-28","58500","CALL","1h","2026-06-27 23:00:00","2026-06-28 07:00:00","1990.000","1990.000","1990.000","1990.000","0.00","2026-06-27 23:59:59","2026-06-28 07:59:59","0.00000","0","0.00","0.00000"
"all-available","Asia/Taipei","BTCUSDT","BTC-260628-58500-C","2026-06-28","58500","CALL","1h","2026-06-28 00:00:00","2026-06-28 08:00:00","1990.000","1990.000","1990.000","1990.000","0.00","2026-06-28 00:59:59","2026-06-28 08:59:59","0.00000","0","0.00","0.00000"
"all-available","Asia/Taipei","BTCUSDT","BTC-260628-58500-C","2026-06-28","58500","CALL","1h","2026-06-28 01:00:00","2026-06-28 09:00:00","1990.000","1990.000","1990.000","1990.000","0.00","2026-06-28 01:59:59","2026-06-28 09:59:59","0.00000","0","0.00","0.00000"
"all-available","Asia/Taipei","BTCUSDT","BTC-260628-58500-C","2026-06-28","58500","CALL","1h","2026-06-28 02:00:00","2026-06-28 10:00:00","1990.000","1990.000","1990.000","1990.000","0.00","2026-06-28 02:59:59","2026-06-28 10:59:59","0.00000","0","0.00","0.00000"
"all-available","Asia/Taipei","BTCUSDT","BTC-260628-58500-C","2026-06-28","58500","CALL","1h","2026-06-28 03:00:00","2026-06-28 11:00:00","1990.000","1990.000","1990.000","1990.000","0.00","2026-06-28 03:59:59","2026-06-28 11:59:59","0.00000","0","0.00","0.00000"
"all-available","Asia/Taipei","BTCUSDT","BTC-260628-58500-C","2026-06-28","58500","CALL","1h","2026-06-28 04:00:00","2026-06-28 12:00:00","1990.000","1990.000","1990.000","1990.000","0.00","2026-06-28 04:59:59","2026-06-28 12:59:59","0.00000","0","0.00","0.00000"
"all-available","Asia/Taipei","BTCUSDT","BTC-260628-58500-C","2026-06-28","58500","CALL","1h","2026-06-28 05:00:00","2026-06-28 13:00:00","1990.000","1990.000","1990.000","1990.000","0.00","2026-06-28 05:59:59","2026-06-28 13:59:59","0.00000","0","0.00","0.00000"
"all-available","Asia/Taipei","BTCUSDT","BTC-260628-58500-C","2026-06-28","58500","CALL","1h","2026-06-28 06:00:00","2026-06-28 14:00:00","1990.000","1990.000","1990.000","1990.000","0.00","2026-06-28 06:59:59","2026-06-28 14:59:59","0.00000","0","0.00","0.00000"
"all-available","Asia/Taipei","BTCUSDT","BTC-260628-58500-C","2026-06-28","58500","CALL","1h","2026-06-28 07:00:00","2026-06-28 15:00:00","1990.000","1990.000","1990.000","1990.000","0.00","2026-06-28 07:59:59","2026-06-28 15:59:59","0.00000","0","0.00","0.00000"
"all-available","Asia/Taipei","BTCUSDT","BTC-260628-58500-P","2026-06-28","58500","PUT","1h","2026-06-25 15:00:00","2026-06-25 23:00:00","725.000","725.000","555.000","555.000","5.27","2026-06-25 15:59:59","2026-06-25 23:59:59","3222.35000","5","3.52","1953.60000"
"all-available","Asia/Taipei","BTCUSDT","BTC-260628-58500-P","2026-06-28","58500","PUT","1h","2026-06-25 16:00:00","2026-06-26 00:00:00","480.000","550.000","435.000","550.000","2.49","2026-06-25 16:59:59","2026-06-26 00:59:59","1291.35000","7","2.34","1221.45000"
"all-available","Asia/Taipei","BTCUSDT","BTC-260628-58500-P","2026-06-28","58500","PUT","1h","2026-06-25 17:00:00","2026-06-26 01:00:00","550.000","550.000","550.000","550.000","0.00","2026-06-25 17:59:59","2026-06-26 01:59:59","0.00000","0","0.00","0.00000"
"all-available","Asia/Taipei","BTCUSDT","BTC-260628-58500-P","2026-06-28","58500","PUT","1h","2026-06-25 18:00:00","2026-06-26 02:00:00","550.000","550.000","550.000","550.000","0.00","2026-06-25 18:59:59","2026-06-26 02:59:59","0.00000","0","0.00","0.00000"
"all-available","Asia/Taipei","BTCUSDT","BTC-260628-58500-P","2026-06-28","58500","PUT","1h","2026-06-25 19:00:00","2026-06-26 03:00:00","550.000","550.000","550.000","550.000","0.00","2026-06-25 19:59:59","2026-06-26 03:59:59","0.00000","0","0.00","0.00000"
"all-available","Asia/Taipei","BTCUSDT","BTC-260628-58500-P","2026-06-28","58500","PUT","1h","2026-06-25 20:00:00","2026-06-26 04:00:00","550.000","550.000","550.000","550.000","0.00","2026-06-25 20:59:59","2026-06-26 04:59:59","0.00000","0","0.00","0.00000"
"all-available","Asia/Taipei","BTCUSDT","BTC-260628-58500-P","2026-06-28","58500","PUT","1h","2026-06-25 21:00:00","2026-06-26 05:00:00","550.000","550.000","550.000","550.000","0.00","2026-06-25 21:59:59","2026-06-26 05:59:59","0.00000","0","0.00","0.00000"
"all-available","Asia/Taipei","BTCUSDT","BTC-260628-58500-P","2026-06-28","58500","PUT","1h","2026-06-25 22:00:00","2026-06-26 06:00:00","365.000","365.000","365.000","365.000","0.25","2026-06-25 22:59:59","2026-06-26 06:59:59","91.25000","1","0.00","0.00000"
"all-available","Asia/Taipei","BTCUSDT","BTC-260628-58500-P","2026-06-28","58500","PUT","1h","2026-06-25 23:00:00","2026-06-26 07:00:00","365.000","365.000","365.000","365.000","1.00","2026-06-25 23:59:59","2026-06-26 07:59:59","365.00000","1","0.00","0.00000"
"all-available","Asia/Taipei","BTCUSDT","BTC-260628-58500-P","2026-06-28","58500","PUT","1h","2026-06-26 00:00:00","2026-06-26 08:00:00","365.000","365.000","365.000","365.000","0.00","2026-06-26 00:59:59","2026-06-26 08:59:59","0.00000","0","0.00","0.00000"
"all-available","Asia/Taipei","BTCUSDT","BTC-260628-58500-P","2026-06-28","58500","PUT","1h","2026-06-26 01:00:00","2026-06-26 09:00:00","365.000","365.000","365.000","365.000","0.00","2026-06-26 01:59:59","2026-06-26 09:59:59","0.00000","0","0.00","0.00000"
"all-available","Asia/Taipei","BTCUSDT","BTC-260628-58500-P","2026-06-28","58500","PUT","1h","2026-06-26 02:00:00","2026-06-26 10:00:00","735.000","875.000","735.000","870.000","4.37","2026-06-26 02:59:59","2026-06-26 10:59:59","3741.15000","11","3.37","2871.15000"
"all-available","Asia/Taipei","BTCUSDT","BTC-260628-58500-P","2026-06-28","58500","PUT","1h","2026-06-26 03:00:00","2026-06-26 11:00:00","340.000","340.000","320.000","320.000","2.44","2026-06-26 03:59:59","2026-06-26 11:59:59","823.80000","2","0.29","92.80000"
"all-available","Asia/Taipei","BTCUSDT","BTC-260628-58500-P","2026-06-28","58500","PUT","1h","2026-06-26 04:00:00","2026-06-26 12:00:00","340.000","340.000","285.000","320.000","2.38","2026-06-26 04:59:59","2026-06-26 12:59:59","757.20000","9","2.27","725.85000"
"all-available","Asia/Taipei","BTCUSDT","BTC-260628-58500-P","2026-06-28","58500","PUT","1h","2026-06-26 05:00:00","2026-06-26 13:00:00","320.000","320.000","320.000","320.000","0.00","2026-06-26 05:59:59","2026-06-26 13:59:59","0.00000","0","0.00","0.00000"
"all-available","Asia/Taipei","BTCUSDT","BTC-260628-58500-P","2026-06-28","58500","PUT","1h","2026-06-26 06:00:00","2026-06-26 14:00:00","380.000","380.000","285.000","285.000","0.12","2026-06-26 06:59:59","2026-06-26 14:59:59","35.15000","2","0.01","3.80000"
"all-available","Asia/Taipei","BTCUSDT","BTC-260628-58500-P","2026-06-28","58500","PUT","1h","2026-06-26 07:00:00","2026-06-26 15:00:00","285.000","285.000","285.000","285.000","0.00","2026-06-26 07:59:59","2026-06-26 15:59:59","0.00000","0","0.00","0.00000"
"all-available","Asia/Taipei","BTCUSDT","BTC-260628-58500-P","2026-06-28","58500","PUT","1h","2026-06-26 08:00:00","2026-06-26 16:00:00","280.000","325.000","275.000","315.000","3.18","2026-06-26 08:59:59","2026-06-26 16:59:59","962.60000","12","0.00","0.00000"
"all-available","Asia/Taipei","BTCUSDT","BTC-260628-58500-P","2026-06-28","58500","PUT","1h","2026-06-26 09:00:00","2026-06-26 17:00:00","295.000","415.000","295.000","415.000","4.78","2026-06-26 09:59:59","2026-06-26 17:59:59","1472.30000","7","4.22","1245.90000"
"all-available","Asia/Taipei","BTCUSDT","BTC-260628-58500-P","2026-06-28","58500","PUT","1h","2026-06-26 10:00:00","2026-06-26 18:00:00","440.000","505.000","400.000","505.000","3.18","2026-06-26 10:59:59","2026-06-26 18:59:59","1507.25000","6","2.18","1100.90000"
"all-available","Asia/Taipei","BTCUSDT","BTC-260628-58500-P","2026-06-28","58500","PUT","1h","2026-06-26 11:00:00","2026-06-26 19:00:00","505.000","505.000","505.000","505.000","0.00","2026-06-26 11:59:59","2026-06-26 19:59:59","0.00000","0","0.00","0.00000"
"all-available","Asia/Taipei","BTCUSDT","BTC-260628-58500-P","2026-06-28","58500","PUT","1h","2026-06-26 12:00:00","2026-06-26 20:00:00","395.000","690.000","395.000","630.000","3.06","2026-06-26 12:59:59","2026-06-26 20:59:59","1691.00000","3","3.06","1691.00000"
"all-available","Asia/Taipei","BTCUSDT","BTC-260628-58500-P","2026-06-28","58500","PUT","1h","2026-06-26 13:00:00","2026-06-26 21:00:00","725.000","775.000","575.000","575.000","5.95","2026-06-26 13:59:59","2026-06-26 21:59:59","4302.45000","9","4.77","3426.15000"
"all-available","Asia/Taipei","BTCUSDT","BTC-260628-58500-P","2026-06-28","58500","PUT","1h","2026-06-26 14:00:00","2026-06-26 22:00:00","300.000","305.000","280.000","280.000","3.52","2026-06-26 14:59:59","2026-06-26 22:59:59","1039.85000","7","0.12","35.55000"
"all-available","Asia/Taipei","BTCUSDT","BTC-260628-58500-P","2026-06-28","58500","PUT","1h","2026-06-26 15:00:00","2026-06-26 23:00:00","325.000","325.000","145.000","145.000","1.46","2026-06-26 15:59:59","2026-06-26 23:59:59","396.00000","6","0.20","32.00000"
"all-available","Asia/Taipei","BTCUSDT","BTC-260628-58500-P","2026-06-28","58500","PUT","1h","2026-06-26 16:00:00","2026-06-27 00:00:00","145.000","145.000","145.000","145.000","0.00","2026-06-26 16:59:59","2026-06-27 00:59:59","0.00000","0","0.00","0.00000"
"all-available","Asia/Taipei","BTCUSDT","BTC-260628-58500-P","2026-06-28","58500","PUT","1h","2026-06-26 17:00:00","2026-06-27 01:00:00","180.000","180.000","180.000","180.000","0.99","2026-06-26 17:59:59","2026-06-27 01:59:59","178.20000","3","0.99","178.20000"
"all-available","Asia/Taipei","BTCUSDT","BTC-260628-58500-P","2026-06-28","58500","PUT","1h","2026-06-26 18:00:00","2026-06-27 02:00:00","140.000","140.000","140.000","140.000","0.20","2026-06-26 18:59:59","2026-06-27 02:59:59","28.00000","1","0.00","0.00000"
"all-available","Asia/Taipei","BTCUSDT","BTC-260628-58500-P","2026-06-28","58500","PUT","1h","2026-06-26 19:00:00","2026-06-27 03:00:00","180.000","180.000","170.000","170.000","0.81","2026-06-26 19:59:59","2026-06-27 03:59:59","143.30000","3","0.00","0.00000"
"all-available","Asia/Taipei","BTCUSDT","BTC-260628-58500-P","2026-06-28","58500","PUT","1h","2026-06-26 20:00:00","2026-06-27 04:00:00","125.000","125.000","125.000","125.000","0.20","2026-06-26 20:59:59","2026-06-27 04:59:59","25.00000","2","0.00","0.00000"
"all-available","Asia/Taipei","BTCUSDT","BTC-260628-58500-P","2026-06-28","58500","PUT","1h","2026-06-26 21:00:00","2026-06-27 05:00:00","125.000","125.000","125.000","125.000","0.00","2026-06-26 21:59:59","2026-06-27 05:59:59","0.00000","0","0.00","0.00000"
"all-available","Asia/Taipei","BTCUSDT","BTC-260628-58500-P","2026-06-28","58500","PUT","1h","2026-06-26 22:00:00","2026-06-27 06:00:00","125.000","125.000","125.000","125.000","0.00","2026-06-26 22:59:59","2026-06-27 06:59:59","0.00000","0","0.00","0.00000"
"all-available","Asia/Taipei","BTCUSDT","BTC-260628-58500-P","2026-06-28","58500","PUT","1h","2026-06-26 23:00:00","2026-06-27 07:00:00","60.000","65.000","55.000","55.000","2.92","2026-06-26 23:59:59","2026-06-27 07:59:59","175.20000","12","2.92","175.20000"
"all-available","Asia/Taipei","BTCUSDT","BTC-260628-58500-P","2026-06-28","58500","PUT","1h","2026-06-27 00:00:00","2026-06-27 08:00:00","40.000","45.000","40.000","45.000","35.82","2026-06-27 00:59:59","2026-06-27 08:59:59","1436.70000","15","34.62","1388.70000"
"all-available","Asia/Taipei","BTCUSDT","BTC-260628-58500-P","2026-06-28","58500","PUT","1h","2026-06-27 01:00:00","2026-06-27 09:00:00","40.000","40.000","40.000","40.000","1.49","2026-06-27 01:59:59","2026-06-27 09:59:59","59.60000","7","1.49","59.60000"
"all-available","Asia/Taipei","BTCUSDT","BTC-260628-58500-P","2026-06-28","58500","PUT","1h","2026-06-27 02:00:00","2026-06-27 10:00:00","25.000","25.000","25.000","25.000","1.76","2026-06-27 02:59:59","2026-06-27 10:59:59","44.00000","17","1.76","44.00000"
"all-available","Asia/Taipei","BTCUSDT","BTC-260628-58500-P","2026-06-28","58500","PUT","1h","2026-06-27 03:00:00","2026-06-27 11:00:00","20.000","20.000","20.000","20.000","0.02","2026-06-27 03:59:59","2026-06-27 11:59:59","0.40000","1","0.00","0.00000"
"all-available","Asia/Taipei","BTCUSDT","BTC-260628-58500-P","2026-06-28","58500","PUT","1h","2026-06-27 04:00:00","2026-06-27 12:00:00","25.000","25.000","25.000","25.000","2.00","2026-06-27 04:59:59","2026-06-27 12:59:59","50.00000","4","2.00","50.00000"
"all-available","Asia/Taipei","BTCUSDT","BTC-260628-58500-P","2026-06-28","58500","PUT","1h","2026-06-27 05:00:00","2026-06-27 13:00:00","30.000","30.000","30.000","30.000","1.00","2026-06-27 05:59:59","2026-06-27 13:59:59","30.00000","3","1.00","30.00000"
"all-available","Asia/Taipei","BTCUSDT","BTC-260628-58500-P","2026-06-28","58500","PUT","1h","2026-06-27 06:00:00","2026-06-27 14:00:00","30.000","30.000","30.000","30.000","0.00","2026-06-27 06:59:59","2026-06-27 14:59:59","0.00000","0","0.00","0.00000"
"all-available","Asia/Taipei","BTCUSDT","BTC-260628-58500-P","2026-06-28","58500","PUT","1h","2026-06-27 07:00:00","2026-06-27 15:00:00","20.000","20.000","20.000","20.000","2.00","2026-06-27 07:59:59","2026-06-27 15:59:59","40.00000","3","2.00","40.00000"
"all-available","Asia/Taipei","BTCUSDT","BTC-260628-58500-P","2026-06-28","58500","PUT","1h","2026-06-27 08:00:00","2026-06-27 16:00:00","20.000","20.000","20.000","20.000","0.00","2026-06-27 08:59:59","2026-06-27 16:59:59","0.00000","0","0.00","0.00000"
"all-available","Asia/Taipei","BTCUSDT","BTC-260628-58500-P","2026-06-28","58500","PUT","1h","2026-06-27 09:00:00","2026-06-27 17:00:00","20.000","20.000","20.000","20.000","10.40","2026-06-27 09:59:59","2026-06-27 17:59:59","208.00000","7","10.40","208.00000"
"all-available","Asia/Taipei","BTCUSDT","BTC-260628-58500-P","2026-06-28","58500","PUT","1h","2026-06-27 10:00:00","2026-06-27 18:00:00","20.000","20.000","20.000","20.000","0.00","2026-06-27 10:59:59","2026-06-27 18:59:59","0.00000","0","0.00","0.00000"
"all-available","Asia/Taipei","BTCUSDT","BTC-260628-58500-P","2026-06-28","58500","PUT","1h","2026-06-27 11:00:00","2026-06-27 19:00:00","20.000","25.000","20.000","25.000","8.74","2026-06-27 11:59:59","2026-06-27 19:59:59","212.60000","17","8.74","212.60000"
"all-available","Asia/Taipei","BTCUSDT","BTC-260628-58500-P","2026-06-28","58500","PUT","1h","2026-06-27 12:00:00","2026-06-27 20:00:00","15.000","15.000","15.000","15.000","34.11","2026-06-27 12:59:59","2026-06-27 20:59:59","511.65000","10","0.00","0.00000"
"all-available","Asia/Taipei","BTCUSDT","BTC-260628-58500-P","2026-06-28","58500","PUT","1h","2026-06-27 13:00:00","2026-06-27 21:00:00","15.000","15.000","15.000","15.000","0.00","2026-06-27 13:59:59","2026-06-27 21:59:59","0.00000","0","0.00","0.00000"
"all-available","Asia/Taipei","BTCUSDT","BTC-260628-58500-P","2026-06-28","58500","PUT","1h","2026-06-27 14:00:00","2026-06-27 22:00:00","5.000","15.000","5.000","10.000","2.33","2026-06-27 14:59:59","2026-06-27 22:59:59","24.05000","6","1.15","17.25000"
"all-available","Asia/Taipei","BTCUSDT","BTC-260628-58500-P","2026-06-28","58500","PUT","1h","2026-06-27 15:00:00","2026-06-27 23:00:00","5.000","10.000","5.000","10.000","0.83","2026-06-27 15:59:59","2026-06-27 23:59:59","7.30000","3","0.00","0.00000"
"all-available","Asia/Taipei","BTCUSDT","BTC-260628-58500-P","2026-06-28","58500","PUT","1h","2026-06-27 16:00:00","2026-06-28 00:00:00","10.000","10.000","10.000","10.000","0.00","2026-06-27 16:59:59","2026-06-28 00:59:59","0.00000","0","0.00","0.00000"
"all-available","Asia/Taipei","BTCUSDT","BTC-260628-58500-P","2026-06-28","58500","PUT","1h","2026-06-27 17:00:00","2026-06-28 01:00:00","10.000","10.000","10.000","10.000","0.00","2026-06-27 17:59:59","2026-06-28 01:59:59","0.00000","0","0.00","0.00000"
"all-available","Asia/Taipei","BTCUSDT","BTC-260628-58500-P","2026-06-28","58500","PUT","1h","2026-06-27 18:00:00","2026-06-28 02:00:00","10.000","10.000","10.000","10.000","0.00","2026-06-27 18:59:59","2026-06-28 02:59:59","0.00000","0","0.00","0.00000"
"all-available","Asia/Taipei","BTCUSDT","BTC-260628-58500-P","2026-06-28","58500","PUT","1h","2026-06-27 19:00:00","2026-06-28 03:00:00","15.000","20.000","15.000","15.000","0.90","2026-06-27 19:59:59","2026-06-28 03:59:59","15.80000","11","0.01","0.20000"
"all-available","Asia/Taipei","BTCUSDT","BTC-260628-58500-P","2026-06-28","58500","PUT","1h","2026-06-27 20:00:00","2026-06-28 04:00:00","15.000","15.000","15.000","15.000","0.00","2026-06-27 20:59:59","2026-06-28 04:59:59","0.00000","0","0.00","0.00000"
"all-available","Asia/Taipei","BTCUSDT","BTC-260628-58500-P","2026-06-28","58500","PUT","1h","2026-06-27 21:00:00","2026-06-28 05:00:00","15.000","15.000","15.000","15.000","1.81","2026-06-27 21:59:59","2026-06-28 05:59:59","27.15000","4","1.81","27.15000"
"all-available","Asia/Taipei","BTCUSDT","BTC-260628-58500-P","2026-06-28","58500","PUT","1h","2026-06-27 22:00:00","2026-06-28 06:00:00","15.000","15.000","15.000","15.000","0.62","2026-06-27 22:59:59","2026-06-28 06:59:59","9.30000","3","0.62","9.30000"
"all-available","Asia/Taipei","BTCUSDT","BTC-260628-58500-P","2026-06-28","58500","PUT","1h","2026-06-27 23:00:00","2026-06-28 07:00:00","15.000","15.000","15.000","15.000","0.00","2026-06-27 23:59:59","2026-06-28 07:59:59","0.00000","0","0.00","0.00000"
"all-available","Asia/Taipei","BTCUSDT","BTC-260628-58500-P","2026-06-28","58500","PUT","1h","2026-06-28 00:00:00","2026-06-28 08:00:00","15.000","15.000","15.000","15.000","0.00","2026-06-28 00:59:59","2026-06-28 08:59:59","0.00000","0","0.00","0.00000"
"all-available","Asia/Taipei","BTCUSDT","BTC-260628-58500-P","2026-06-28","58500","PUT","1h","2026-06-28 01:00:00","2026-06-28 09:00:00","15.000","15.000","5.000","5.000","2.85","2026-06-28 01:59:59","2026-06-28 09:59:59","24.25000","7","1.00","15.00000"
"all-available","Asia/Taipei","BTCUSDT","BTC-260628-58500-P","2026-06-28","58500","PUT","1h","2026-06-28 02:00:00","2026-06-28 10:00:00","5.000","5.000","5.000","5.000","0.01","2026-06-28 02:59:59","2026-06-28 10:59:59","0.05000","1","0.00","0.00000"
"all-available","Asia/Taipei","BTCUSDT","BTC-260628-58500-P","2026-06-28","58500","PUT","1h","2026-06-28 03:00:00","2026-06-28 11:00:00","5.000","5.000","5.000","5.000","20.53","2026-06-28 03:59:59","2026-06-28 11:59:59","102.65000","10","0.00","0.00000"
"all-available","Asia/Taipei","BTCUSDT","BTC-260628-58500-P","2026-06-28","58500","PUT","1h","2026-06-28 04:00:00","2026-06-28 12:00:00","5.000","5.000","5.000","5.000","0.00","2026-06-28 04:59:59","2026-06-28 12:59:59","0.00000","0","0.00","0.00000"
"all-available","Asia/Taipei","BTCUSDT","BTC-260628-58500-P","2026-06-28","58500","PUT","1h","2026-06-28 05:00:00","2026-06-28 13:00:00","5.000","5.000","5.000","5.000","0.00","2026-06-28 05:59:59","2026-06-28 13:59:59","0.00000","0","0.00","0.00000"
"all-available","Asia/Taipei","BTCUSDT","BTC-260628-58500-P","2026-06-28","58500","PUT","1h","2026-06-28 06:00:00","2026-06-28 14:00:00","5.000","5.000","5.000","5.000","0.00","2026-06-28 06:59:59","2026-06-28 14:59:59","0.00000","0","0.00","0.00000"
"all-available","Asia/Taipei","BTCUSDT","BTC-260628-58500-P","2026-06-28","58500","PUT","1h","2026-06-28 07:00:00","2026-06-28 15:00:00","5.000","5.000","5.000","5.000","0.00","2026-06-28 07:59:59","2026-06-28 15:59:59","0.00000","0","0.00","0.00000"
"all-available","Asia/Taipei","BTCUSDT","BTC-260628-59000-C","2026-06-28","59000","CALL","1h","2026-06-25 13:00:00","2026-06-25 21:00:00","2540.000","2555.000","730.000","730.000","17.84","2026-06-25 13:59:59","2026-06-25 21:59:59","29935.30000","32","9.05","19956.20000"
"all-available","Asia/Taipei","BTCUSDT","BTC-260628-59000-C","2026-06-28","59000","CALL","1h","2026-06-25 14:00:00","2026-06-25 22:00:00","1070.000","1380.000","1010.000","1370.000","9.40","2026-06-25 14:59:59","2026-06-25 22:59:59","11694.85000","10","6.41","7763.95000"
"all-available","Asia/Taipei","BTCUSDT","BTC-260628-59000-C","2026-06-28","59000","CALL","1h","2026-06-25 15:00:00","2026-06-25 23:00:00","1205.000","1205.000","1205.000","1205.000","1.51","2026-06-25 15:59:59","2026-06-25 23:59:59","1819.55000","1","1.51","1819.55000"
"all-available","Asia/Taipei","BTCUSDT","BTC-260628-59000-C","2026-06-28","59000","CALL","1h","2026-06-25 16:00:00","2026-06-26 00:00:00","1205.000","1205.000","1205.000","1205.000","0.00","2026-06-25 16:59:59","2026-06-26 00:59:59","0.00000","0","0.00","0.00000"
"all-available","Asia/Taipei","BTCUSDT","BTC-260628-59000-C","2026-06-28","59000","CALL","1h","2026-06-25 17:00:00","2026-06-26 01:00:00","1205.000","1205.000","1205.000","1205.000","0.00","2026-06-25 17:59:59","2026-06-26 01:59:59","0.00000","0","0.00","0.00000"
"all-available","Asia/Taipei","BTCUSDT","BTC-260628-59000-C","2026-06-28","59000","CALL","1h","2026-06-25 18:00:00","2026-06-26 02:00:00","1205.000","1205.000","1205.000","1205.000","0.00","2026-06-25 18:59:59","2026-06-26 02:59:59","0.00000","0","0.00","0.00000"
"all-available","Asia/Taipei","BTCUSDT","BTC-260628-59000-C","2026-06-28","59000","CALL","1h","2026-06-25 19:00:00","2026-06-26 03:00:00","1015.000","1015.000","1015.000","1015.000","0.10","2026-06-25 19:59:59","2026-06-26 03:59:59","101.50000","3","0.00","0.00000"
"all-available","Asia/Taipei","BTCUSDT","BTC-260628-59000-C","2026-06-28","59000","CALL","1h","2026-06-25 20:00:00","2026-06-26 04:00:00","1205.000","1205.000","1205.000","1205.000","0.01","2026-06-25 20:59:59","2026-06-26 04:59:59","12.05000","1","0.00","0.00000"
"all-available","Asia/Taipei","BTCUSDT","BTC-260628-59000-C","2026-06-28","59000","CALL","1h","2026-06-25 21:00:00","2026-06-26 05:00:00","1205.000","1205.000","1205.000","1205.000","0.00","2026-06-25 21:59:59","2026-06-26 05:59:59","0.00000","0","0.00","0.00000"
"all-available","Asia/Taipei","BTCUSDT","BTC-260628-59000-C","2026-06-28","59000","CALL","1h","2026-06-25 22:00:00","2026-06-26 06:00:00","1205.000","1205.000","1205.000","1205.000","0.00","2026-06-25 22:59:59","2026-06-26 06:59:59","0.00000","0","0.00","0.00000"
"all-available","Asia/Taipei","BTCUSDT","BTC-260628-59000-C","2026-06-28","59000","CALL","1h","2026-06-25 23:00:00","2026-06-26 07:00:00","1205.000","1205.000","1205.000","1205.000","0.00","2026-06-25 23:59:59","2026-06-26 07:59:59","0.00000","0","0.00","0.00000"
"all-available","Asia/Taipei","BTCUSDT","BTC-260628-59000-C","2026-06-28","59000","CALL","1h","2026-06-26 00:00:00","2026-06-26 08:00:00","1205.000","1205.000","1205.000","1205.000","0.00","2026-06-26 00:59:59","2026-06-26 08:59:59","0.00000","0","0.00","0.00000"
"all-available","Asia/Taipei","BTCUSDT","BTC-260628-59000-C","2026-06-28","59000","CALL","1h","2026-06-26 01:00:00","2026-06-26 09:00:00","960.000","960.000","960.000","960.000","0.07","2026-06-26 01:59:59","2026-06-26 09:59:59","67.20000","1","0.00","0.00000"
"all-available","Asia/Taipei","BTCUSDT","BTC-260628-59000-C","2026-06-28","59000","CALL","1h","2026-06-26 02:00:00","2026-06-26 10:00:00","670.000","745.000","595.000","595.000","0.71","2026-06-26 02:59:59","2026-06-26 10:59:59","476.45000","3","0.01","5.95000"
"all-available","Asia/Taipei","BTCUSDT","BTC-260628-59000-C","2026-06-28","59000","CALL","1h","2026-06-26 03:00:00","2026-06-26 11:00:00","700.000","1390.000","700.000","1390.000","8.40","2026-06-26 03:59:59","2026-06-26 11:59:59","10689.00000","8","8.28","10576.00000"
"all-available","Asia/Taipei","BTCUSDT","BTC-260628-59000-C","2026-06-28","59000","CALL","1h","2026-06-26 04:00:00","2026-06-26 12:00:00","1390.000","1390.000","1390.000","1390.000","0.00","2026-06-26 04:59:59","2026-06-26 12:59:59","0.00000","0","0.00","0.00000"
"all-available","Asia/Taipei","BTCUSDT","BTC-260628-59000-C","2026-06-28","59000","CALL","1h","2026-06-26 05:00:00","2026-06-26 13:00:00","1390.000","1390.000","1390.000","1390.000","0.00","2026-06-26 05:59:59","2026-06-26 13:59:59","0.00000","0","0.00","0.00000"
"all-available","Asia/Taipei","BTCUSDT","BTC-260628-59000-C","2026-06-28","59000","CALL","1h","2026-06-26 06:00:00","2026-06-26 14:00:00","1440.000","1440.000","1440.000","1440.000","0.10","2026-06-26 06:59:59","2026-06-26 14:59:59","144.00000","1","0.10","144.00000"
"all-available","Asia/Taipei","BTCUSDT","BTC-260628-59000-C","2026-06-28","59000","CALL","1h","2026-06-26 07:00:00","2026-06-26 15:00:00","2030.000","2030.000","2030.000","2030.000","0.10","2026-06-26 07:59:59","2026-06-26 15:59:59","203.00000","1","0.10","203.00000"
"all-available","Asia/Taipei","BTCUSDT","BTC-260628-59000-C","2026-06-28","59000","CALL","1h","2026-06-26 08:00:00","2026-06-26 16:00:00","2030.000","2030.000","2030.000","2030.000","0.00","2026-06-26 08:59:59","2026-06-26 16:59:59","0.00000","0","0.00","0.00000"
"all-available","Asia/Taipei","BTCUSDT","BTC-260628-59000-C","2026-06-28","59000","CALL","1h","2026-06-26 09:00:00","2026-06-26 17:00:00","1325.000","1325.000","1325.000","1325.000","0.10","2026-06-26 09:59:59","2026-06-26 17:59:59","132.50000","1","0.00","0.00000"
"all-available","Asia/Taipei","BTCUSDT","BTC-260628-59000-C","2026-06-28","59000","CALL","1h","2026-06-26 10:00:00","2026-06-26 18:00:00","1325.000","1325.000","1325.000","1325.000","0.00","2026-06-26 10:59:59","2026-06-26 18:59:59","0.00000","0","0.00","0.00000"
"all-available","Asia/Taipei","BTCUSDT","BTC-260628-59000-C","2026-06-28","59000","CALL","1h","2026-06-26 11:00:00","2026-06-26 19:00:00","1325.000","1325.000","1325.000","1325.000","0.00","2026-06-26 11:59:59","2026-06-26 19:59:59","0.00000","0","0.00","0.00000"
"all-available","Asia/Taipei","BTCUSDT","BTC-260628-59000-C","2026-06-28","59000","CALL","1h","2026-06-26 12:00:00","2026-06-26 20:00:00","1325.000","1325.000","1325.000","1325.000","0.00","2026-06-26 12:59:59","2026-06-26 20:59:59","0.00000","0","0.00","0.00000"
"all-available","Asia/Taipei","BTCUSDT","BTC-260628-59000-C","2026-06-28","59000","CALL","1h","2026-06-26 13:00:00","2026-06-26 21:00:00","745.000","940.000","745.000","940.000","0.11","2026-06-26 13:59:59","2026-06-26 21:59:59","85.05000","3","0.01","8.60000"
"all-available","Asia/Taipei","BTCUSDT","BTC-260628-59000-C","2026-06-28","59000","CALL","1h","2026-06-26 14:00:00","2026-06-26 22:00:00","940.000","940.000","940.000","940.000","0.00","2026-06-26 14:59:59","2026-06-26 22:59:59","0.00000","0","0.00","0.00000"
"all-available","Asia/Taipei","BTCUSDT","BTC-260628-59000-C","2026-06-28","59000","CALL","1h","2026-06-26 15:00:00","2026-06-26 23:00:00","1440.000","1525.000","1440.000","1525.000","0.02","2026-06-26 15:59:59","2026-06-26 23:59:59","29.65000","2","0.01","15.25000"
"all-available","Asia/Taipei","BTCUSDT","BTC-260628-59000-C","2026-06-28","59000","CALL","1h","2026-06-26 16:00:00","2026-06-27 00:00:00","1525.000","1525.000","1525.000","1525.000","0.00","2026-06-26 16:59:59","2026-06-27 00:59:59","0.00000","0","0.00","0.00000"
"all-available","Asia/Taipei","BTCUSDT","BTC-260628-59000-C","2026-06-28","59000","CALL","1h","2026-06-26 17:00:00","2026-06-27 01:00:00","1525.000","1525.000","1525.000","1525.000","0.00","2026-06-26 17:59:59","2026-06-27 01:59:59","0.00000","0","0.00","0.00000"
"all-available","Asia/Taipei","BTCUSDT","BTC-260628-59000-C","2026-06-28","59000","CALL","1h","2026-06-26 18:00:00","2026-06-27 02:00:00","1525.000","1525.000","1525.000","1525.000","0.00","2026-06-26 18:59:59","2026-06-27 02:59:59","0.00000","0","0.00","0.00000"
"all-available","Asia/Taipei","BTCUSDT","BTC-260628-59000-C","2026-06-28","59000","CALL","1h","2026-06-26 19:00:00","2026-06-27 03:00:00","1525.000","1525.000","1525.000","1525.000","0.00","2026-06-26 19:59:59","2026-06-27 03:59:59","0.00000","0","0.00","0.00000"
"all-available","Asia/Taipei","BTCUSDT","BTC-260628-59000-C","2026-06-28","59000","CALL","1h","2026-06-26 20:00:00","2026-06-27 04:00:00","1525.000","1525.000","1525.000","1525.000","0.00","2026-06-26 20:59:59","2026-06-27 04:59:59","0.00000","0","0.00","0.00000"
"all-available","Asia/Taipei","BTCUSDT","BTC-260628-59000-C","2026-06-28","59000","CALL","1h","2026-06-26 21:00:00","2026-06-27 05:00:00","1525.000","1525.000","1525.000","1525.000","0.00","2026-06-26 21:59:59","2026-06-27 05:59:59","0.00000","0","0.00","0.00000"
"all-available","Asia/Taipei","BTCUSDT","BTC-260628-59000-C","2026-06-28","59000","CALL","1h","2026-06-26 22:00:00","2026-06-27 06:00:00","1525.000","1525.000","1525.000","1525.000","0.00","2026-06-26 22:59:59","2026-06-27 06:59:59","0.00000","0","0.00","0.00000"
"all-available","Asia/Taipei","BTCUSDT","BTC-260628-59000-C","2026-06-28","59000","CALL","1h","2026-06-26 23:00:00","2026-06-27 07:00:00","1145.000","1145.000","1145.000","1145.000","2.60","2026-06-26 23:59:59","2026-06-27 07:59:59","2977.00000","2","0.00","0.00000"
"all-available","Asia/Taipei","BTCUSDT","BTC-260628-59000-C","2026-06-28","59000","CALL","1h","2026-06-27 00:00:00","2026-06-27 08:00:00","1145.000","1145.000","1145.000","1145.000","0.00","2026-06-27 00:59:59","2026-06-27 08:59:59","0.00000","0","0.00","0.00000"
"all-available","Asia/Taipei","BTCUSDT","BTC-260628-59000-C","2026-06-28","59000","CALL","1h","2026-06-27 01:00:00","2026-06-27 09:00:00","1145.000","1145.000","1145.000","1145.000","0.00","2026-06-27 01:59:59","2026-06-27 09:59:59","0.00000","0","0.00","0.00000"
"all-available","Asia/Taipei","BTCUSDT","BTC-260628-59000-C","2026-06-28","59000","CALL","1h","2026-06-27 02:00:00","2026-06-27 10:00:00","1170.000","1170.000","1170.000","1170.000","2.60","2026-06-27 02:59:59","2026-06-27 10:59:59","3042.00000","1","0.00","0.00000"
"all-available","Asia/Taipei","BTCUSDT","BTC-260628-59000-C","2026-06-28","59000","CALL","1h","2026-06-27 03:00:00","2026-06-27 11:00:00","1170.000","1170.000","1170.000","1170.000","0.00","2026-06-27 03:59:59","2026-06-27 11:59:59","0.00000","0","0.00","0.00000"
"all-available","Asia/Taipei","BTCUSDT","BTC-260628-59000-C","2026-06-28","59000","CALL","1h","2026-06-27 04:00:00","2026-06-27 12:00:00","1170.000","1170.000","1170.000","1170.000","0.00","2026-06-27 04:59:59","2026-06-27 12:59:59","0.00000","0","0.00","0.00000"
"all-available","Asia/Taipei","BTCUSDT","BTC-260628-59000-C","2026-06-28","59000","CALL","1h","2026-06-27 05:00:00","2026-06-27 13:00:00","1170.000","1170.000","1170.000","1170.000","0.00","2026-06-27 05:59:59","2026-06-27 13:59:59","0.00000","0","0.00","0.00000"
"all-available","Asia/Taipei","BTCUSDT","BTC-260628-59000-C","2026-06-28","59000","CALL","1h","2026-06-27 06:00:00","2026-06-27 14:00:00","1170.000","1170.000","1170.000","1170.000","0.00","2026-06-27 06:59:59","2026-06-27 14:59:59","0.00000","0","0.00","0.00000"
"all-available","Asia/Taipei","BTCUSDT","BTC-260628-59000-C","2026-06-28","59000","CALL","1h","2026-06-27 07:00:00","2026-06-27 15:00:00","1170.000","1170.000","1170.000","1170.000","0.00","2026-06-27 07:59:59","2026-06-27 15:59:59","0.00000","0","0.00","0.00000"
"all-available","Asia/Taipei","BTCUSDT","BTC-260628-59000-C","2026-06-28","59000","CALL","1h","2026-06-27 08:00:00","2026-06-27 16:00:00","1170.000","1170.000","1170.000","1170.000","0.00","2026-06-27 08:59:59","2026-06-27 16:59:59","0.00000","0","0.00","0.00000"
"all-available","Asia/Taipei","BTCUSDT","BTC-260628-59000-C","2026-06-28","59000","CALL","1h","2026-06-27 09:00:00","2026-06-27 17:00:00","1170.000","1170.000","1170.000","1170.000","0.00","2026-06-27 09:59:59","2026-06-27 17:59:59","0.00000","0","0.00","0.00000"
"all-available","Asia/Taipei","BTCUSDT","BTC-260628-59000-C","2026-06-28","59000","CALL","1h","2026-06-27 10:00:00","2026-06-27 18:00:00","1170.000","1170.000","1170.000","1170.000","0.00","2026-06-27 10:59:59","2026-06-27 18:59:59","0.00000","0","0.00","0.00000"
"all-available","Asia/Taipei","BTCUSDT","BTC-260628-59000-C","2026-06-28","59000","CALL","1h","2026-06-27 11:00:00","2026-06-27 19:00:00","1170.000","1170.000","1170.000","1170.000","0.00","2026-06-27 11:59:59","2026-06-27 19:59:59","0.00000","0","0.00","0.00000"
"all-available","Asia/Taipei","BTCUSDT","BTC-260628-59000-C","2026-06-28","59000","CALL","1h","2026-06-27 12:00:00","2026-06-27 20:00:00","1170.000","1170.000","1170.000","1170.000","0.00","2026-06-27 12:59:59","2026-06-27 20:59:59","0.00000","0","0.00","0.00000"
"all-available","Asia/Taipei","BTCUSDT","BTC-260628-59000-C","2026-06-28","59000","CALL","1h","2026-06-27 13:00:00","2026-06-27 21:00:00","1170.000","1170.000","1170.000","1170.000","0.00","2026-06-27 13:59:59","2026-06-27 21:59:59","0.00000","0","0.00","0.00000"
"all-available","Asia/Taipei","BTCUSDT","BTC-260628-59000-C","2026-06-28","59000","CALL","1h","2026-06-27 14:00:00","2026-06-27 22:00:00","1170.000","1170.000","1170.000","1170.000","0.00","2026-06-27 14:59:59","2026-06-27 22:59:59","0.00000","0","0.00","0.00000"
"all-available","Asia/Taipei","BTCUSDT","BTC-260628-59000-C","2026-06-28","59000","CALL","1h","2026-06-27 15:00:00","2026-06-27 23:00:00","1170.000","1170.000","1170.000","1170.000","0.00","2026-06-27 15:59:59","2026-06-27 23:59:59","0.00000","0","0.00","0.00000"
"all-available","Asia/Taipei","BTCUSDT","BTC-260628-59000-C","2026-06-28","59000","CALL","1h","2026-06-27 16:00:00","2026-06-28 00:00:00","1170.000","1170.000","1170.000","1170.000","0.00","2026-06-27 16:59:59","2026-06-28 00:59:59","0.00000","0","0.00","0.00000"
"all-available","Asia/Taipei","BTCUSDT","BTC-260628-59000-C","2026-06-28","59000","CALL","1h","2026-06-27 17:00:00","2026-06-28 01:00:00","1170.000","1170.000","1170.000","1170.000","0.00","2026-06-27 17:59:59","2026-06-28 01:59:59","0.00000","0","0.00","0.00000"
"all-available","Asia/Taipei","BTCUSDT","BTC-260628-59000-C","2026-06-28","59000","CALL","1h","2026-06-27 18:00:00","2026-06-28 02:00:00","1170.000","1170.000","1170.000","1170.000","0.00","2026-06-27 18:59:59","2026-06-28 02:59:59","0.00000","0","0.00","0.00000"
"all-available","Asia/Taipei","BTCUSDT","BTC-260628-59000-C","2026-06-28","59000","CALL","1h","2026-06-27 19:00:00","2026-06-28 03:00:00","1170.000","1170.000","1170.000","1170.000","0.00","2026-06-27 19:59:59","2026-06-28 03:59:59","0.00000","0","0.00","0.00000"
"all-available","Asia/Taipei","BTCUSDT","BTC-260628-59000-C","2026-06-28","59000","CALL","1h","2026-06-27 20:00:00","2026-06-28 04:00:00","1170.000","1170.000","1170.000","1170.000","0.00","2026-06-27 20:59:59","2026-06-28 04:59:59","0.00000","0","0.00","0.00000"
"all-available","Asia/Taipei","BTCUSDT","BTC-260628-59000-C","2026-06-28","59000","CALL","1h","2026-06-27 21:00:00","2026-06-28 05:00:00","1170.000","1170.000","1170.000","1170.000","0.00","2026-06-27 21:59:59","2026-06-28 05:59:59","0.00000","0","0.00","0.00000"
"all-available","Asia/Taipei","BTCUSDT","BTC-260628-59000-C","2026-06-28","59000","CALL","1h","2026-06-27 22:00:00","2026-06-28 06:00:00","1170.000","1170.000","1170.000","1170.000","0.00","2026-06-27 22:59:59","2026-06-28 06:59:59","0.00000","0","0.00","0.00000"
"all-available","Asia/Taipei","BTCUSDT","BTC-260628-59000-C","2026-06-28","59000","CALL","1h","2026-06-27 23:00:00","2026-06-28 07:00:00","1170.000","1170.000","1170.000","1170.000","0.00","2026-06-27 23:59:59","2026-06-28 07:59:59","0.00000","0","0.00","0.00000"
"all-available","Asia/Taipei","BTCUSDT","BTC-260628-59000-C","2026-06-28","59000","CALL","1h","2026-06-28 00:00:00","2026-06-28 08:00:00","1170.000","1170.000","1170.000","1170.000","0.00","2026-06-28 00:59:59","2026-06-28 08:59:59","0.00000","0","0.00","0.00000"
"all-available","Asia/Taipei","BTCUSDT","BTC-260628-59000-C","2026-06-28","59000","CALL","1h","2026-06-28 01:00:00","2026-06-28 09:00:00","1170.000","1170.000","1170.000","1170.000","0.00","2026-06-28 01:59:59","2026-06-28 09:59:59","0.00000","0","0.00","0.00000"
"all-available","Asia/Taipei","BTCUSDT","BTC-260628-59000-C","2026-06-28","59000","CALL","1h","2026-06-28 02:00:00","2026-06-28 10:00:00","1170.000","1170.000","1170.000","1170.000","0.00","2026-06-28 02:59:59","2026-06-28 10:59:59","0.00000","0","0.00","0.00000"
"all-available","Asia/Taipei","BTCUSDT","BTC-260628-59000-C","2026-06-28","59000","CALL","1h","2026-06-28 03:00:00","2026-06-28 11:00:00","1170.000","1170.000","1170.000","1170.000","0.00","2026-06-28 03:59:59","2026-06-28 11:59:59","0.00000","0","0.00","0.00000"
"all-available","Asia/Taipei","BTCUSDT","BTC-260628-59000-C","2026-06-28","59000","CALL","1h","2026-06-28 04:00:00","2026-06-28 12:00:00","1170.000","1170.000","1170.000","1170.000","0.00","2026-06-28 04:59:59","2026-06-28 12:59:59","0.00000","0","0.00","0.00000"
"all-available","Asia/Taipei","BTCUSDT","BTC-260628-59000-C","2026-06-28","59000","CALL","1h","2026-06-28 05:00:00","2026-06-28 13:00:00","1170.000","1170.000","1170.000","1170.000","0.00","2026-06-28 05:59:59","2026-06-28 13:59:59","0.00000","0","0.00","0.00000"
"all-available","Asia/Taipei","BTCUSDT","BTC-260628-59000-C","2026-06-28","59000","CALL","1h","2026-06-28 06:00:00","2026-06-28 14:00:00","1170.000","1170.000","1170.000","1170.000","0.00","2026-06-28 06:59:59","2026-06-28 14:59:59","0.00000","0","0.00","0.00000"
"all-available","Asia/Taipei","BTCUSDT","BTC-260628-59000-C","2026-06-28","59000","CALL","1h","2026-06-28 07:00:00","2026-06-28 15:00:00","1170.000","1170.000","1170.000","1170.000","0.00","2026-06-28 07:59:59","2026-06-28 15:59:59","0.00000","0","0.00","0.00000"
"all-available","Asia/Taipei","BTCUSDT","BTC-260628-59000-P","2026-06-28","59000","PUT","1h","2026-06-25 08:00:00","2026-06-25 16:00:00","185.000","185.000","185.000","185.000","0.05","2026-06-25 08:59:59","2026-06-25 16:59:59","9.25000","1","0.05","9.25000"
"all-available","Asia/Taipei","BTCUSDT","BTC-260628-59000-P","2026-06-28","59000","PUT","1h","2026-06-25 09:00:00","2026-06-25 17:00:00","170.000","170.000","170.000","170.000","0.13","2026-06-25 09:59:59","2026-06-25 17:59:59","22.10000","1","0.00","0.00000"
"all-available","Asia/Taipei","BTCUSDT","BTC-260628-59000-P","2026-06-28","59000","PUT","1h","2026-06-25 10:00:00","2026-06-25 18:00:00","195.000","235.000","195.000","235.000","1.68","2026-06-25 10:59:59","2026-06-25 18:59:59","334.50000","3","0.10","23.50000"
"all-available","Asia/Taipei","BTCUSDT","BTC-260628-59000-P","2026-06-28","59000","PUT","1h","2026-06-25 11:00:00","2026-06-25 19:00:00","275.000","300.000","275.000","295.000","6.39","2026-06-25 11:59:59","2026-06-25 19:59:59","1882.95000","5","0.05","13.75000"
"all-available","Asia/Taipei","BTCUSDT","BTC-260628-59000-P","2026-06-28","59000","PUT","1h","2026-06-25 12:00:00","2026-06-25 20:00:00","315.000","315.000","290.000","290.000","1.75","2026-06-25 12:59:59","2026-06-25 20:59:59","540.55000","4","0.00","0.00000"
"all-available","Asia/Taipei","BTCUSDT","BTC-260628-59000-P","2026-06-28","59000","PUT","1h","2026-06-25 13:00:00","2026-06-25 21:00:00","310.000","1270.000","310.000","1270.000","8.74","2026-06-25 13:59:59","2026-06-25 21:59:59","4363.50000","11","2.08","1712.50000"
"all-available","Asia/Taipei","BTCUSDT","BTC-260628-59000-P","2026-06-28","59000","PUT","1h","2026-06-25 14:00:00","2026-06-25 22:00:00","1070.000","1070.000","535.000","710.000","4.94","2026-06-25 14:59:59","2026-06-25 22:59:59","4194.40000","11","2.58","2211.70000"
"all-available","Asia/Taipei","BTCUSDT","BTC-260628-59000-P","2026-06-28","59000","PUT","1h","2026-06-25 15:00:00","2026-06-25 23:00:00","925.000","925.000","870.000","870.000","3.07","2026-06-25 15:59:59","2026-06-25 23:59:59","2684.45000","3","0.06","55.50000"
"all-available","Asia/Taipei","BTCUSDT","BTC-260628-59000-P","2026-06-28","59000","PUT","1h","2026-06-25 16:00:00","2026-06-26 00:00:00","600.000","600.000","600.000","600.000","0.94","2026-06-25 16:59:59","2026-06-26 00:59:59","564.00000","1","0.00","0.00000"
"all-available","Asia/Taipei","BTCUSDT","BTC-260628-59000-P","2026-06-28","59000","PUT","1h","2026-06-25 17:00:00","2026-06-26 01:00:00","840.000","840.000","760.000","760.000","0.12","2026-06-25 17:59:59","2026-06-26 01:59:59","99.20000","2","0.10","84.00000"
"all-available","Asia/Taipei","BTCUSDT","BTC-260628-59000-P","2026-06-28","59000","PUT","1h","2026-06-25 18:00:00","2026-06-26 02:00:00","760.000","760.000","760.000","760.000","0.00","2026-06-25 18:59:59","2026-06-26 02:59:59","0.00000","0","0.00","0.00000"
"all-available","Asia/Taipei","BTCUSDT","BTC-260628-59000-P","2026-06-28","59000","PUT","1h","2026-06-25 19:00:00","2026-06-26 03:00:00","660.000","660.000","660.000","660.000","2.29","2026-06-25 19:59:59","2026-06-26 03:59:59","1511.40000","1","2.29","1511.40000"
"all-available","Asia/Taipei","BTCUSDT","BTC-260628-59000-P","2026-06-28","59000","PUT","1h","2026-06-25 20:00:00","2026-06-26 04:00:00","605.000","605.000","575.000","575.000","0.02","2026-06-25 20:59:59","2026-06-26 04:59:59","11.80000","2","0.01","6.05000"
"all-available","Asia/Taipei","BTCUSDT","BTC-260628-59000-P","2026-06-28","59000","PUT","1h","2026-06-25 21:00:00","2026-06-26 05:00:00","600.000","600.000","545.000","545.000","0.43","2026-06-25 21:59:59","2026-06-26 05:59:59","255.25000","2","0.00","0.00000"
"all-available","Asia/Taipei","BTCUSDT","BTC-260628-59000-P","2026-06-28","59000","PUT","1h","2026-06-25 22:00:00","2026-06-26 06:00:00","460.000","470.000","460.000","470.000","1.01","2026-06-25 22:59:59","2026-06-26 06:59:59","464.70000","2","0.01","4.70000"
"all-available","Asia/Taipei","BTCUSDT","BTC-260628-59000-P","2026-06-28","59000","PUT","1h","2026-06-25 23:00:00","2026-06-26 07:00:00","400.000","400.000","400.000","400.000","0.01","2026-06-25 23:59:59","2026-06-26 07:59:59","4.00000","1","0.00","0.00000"
"all-available","Asia/Taipei","BTCUSDT","BTC-260628-59000-P","2026-06-28","59000","PUT","1h","2026-06-26 00:00:00","2026-06-26 08:00:00","475.000","510.000","475.000","510.000","0.21","2026-06-26 00:59:59","2026-06-26 08:59:59","106.75000","2","0.21","106.75000"
"all-available","Asia/Taipei","BTCUSDT","BTC-260628-59000-P","2026-06-28","59000","PUT","1h","2026-06-26 01:00:00","2026-06-26 09:00:00","485.000","660.000","485.000","655.000","2.73","2026-06-26 01:59:59","2026-06-26 09:59:59","1759.45000","5","2.52","1650.60000"
"all-available","Asia/Taipei","BTCUSDT","BTC-260628-59000-P","2026-06-28","59000","PUT","1h","2026-06-26 02:00:00","2026-06-26 10:00:00","825.000","1145.000","825.000","1145.000","4.48","2026-06-26 02:59:59","2026-06-26 10:59:59","4077.25000","11","2.13","2062.90000"
"all-available","Asia/Taipei","BTCUSDT","BTC-260628-59000-P","2026-06-28","59000","PUT","1h","2026-06-26 03:00:00","2026-06-26 11:00:00","1010.000","1010.000","455.000","455.000","6.45","2026-06-26 03:59:59","2026-06-26 11:59:59","4413.90000","9","0.00","0.00000"
"all-available","Asia/Taipei","BTCUSDT","BTC-260628-59000-P","2026-06-28","59000","PUT","1h","2026-06-26 04:00:00","2026-06-26 12:00:00","440.000","445.000","440.000","445.000","0.27","2026-06-26 04:59:59","2026-06-26 12:59:59","120.05000","2","0.00","0.00000"
"all-available","Asia/Taipei","BTCUSDT","BTC-260628-59000-P","2026-06-28","59000","PUT","1h","2026-06-26 05:00:00","2026-06-26 13:00:00","435.000","435.000","415.000","415.000","0.14","2026-06-26 05:59:59","2026-06-26 13:59:59","58.50000","2","0.00","0.00000"
"all-available","Asia/Taipei","BTCUSDT","BTC-260628-59000-P","2026-06-28","59000","PUT","1h","2026-06-26 06:00:00","2026-06-26 14:00:00","515.000","515.000","370.000","395.000","7.22","2026-06-26 06:59:59","2026-06-26 14:59:59","3436.40000","7","7.08","3384.60000"
"all-available","Asia/Taipei","BTCUSDT","BTC-260628-59000-P","2026-06-28","59000","PUT","1h","2026-06-26 07:00:00","2026-06-26 15:00:00","345.000","355.000","305.000","305.000","3.70","2026-06-26 07:59:59","2026-06-26 15:59:59","1227.75000","7","2.05","667.00000"
"all-available","Asia/Taipei","BTCUSDT","BTC-260628-59000-P","2026-06-28","59000","PUT","1h","2026-06-26 08:00:00","2026-06-26 16:00:00","360.000","420.000","360.000","380.000","27.25","2026-06-26 08:59:59","2026-06-26 16:59:59","11016.70000","26","0.60","243.25000"
"all-available","Asia/Taipei","BTCUSDT","BTC-260628-59000-P","2026-06-28","59000","PUT","1h","2026-06-26 09:00:00","2026-06-26 17:00:00","535.000","540.000","525.000","540.000","2.40","2026-06-26 09:59:59","2026-06-26 17:59:59","1283.80000","4","0.00","0.00000"
"all-available","Asia/Taipei","BTCUSDT","BTC-260628-59000-P","2026-06-28","59000","PUT","1h","2026-06-26 10:00:00","2026-06-26 18:00:00","545.000","650.000","510.000","650.000","0.19","2026-06-26 10:59:59","2026-06-26 18:59:59","101.25000","4","0.05","28.45000"
"all-available","Asia/Taipei","BTCUSDT","BTC-260628-59000-P","2026-06-28","59000","PUT","1h","2026-06-26 11:00:00","2026-06-26 19:00:00","670.000","670.000","650.000","655.000","0.31","2026-06-26 11:59:59","2026-06-26 19:59:59","202.95000","3","0.01","6.70000"
"all-available","Asia/Taipei","BTCUSDT","BTC-260628-59000-P","2026-06-28","59000","PUT","1h","2026-06-26 12:00:00","2026-06-26 20:00:00","640.000","840.000","640.000","710.000","4.42","2026-06-26 12:59:59","2026-06-26 20:59:59","3320.80000","4","4.42","3320.80000"
"all-available","Asia/Taipei","BTCUSDT","BTC-260628-59000-P","2026-06-28","59000","PUT","1h","2026-06-26 13:00:00","2026-06-26 21:00:00","920.000","920.000","370.000","370.000","8.22","2026-06-26 13:59:59","2026-06-26 21:59:59","6285.30000","9","2.85","1505.75000"
"all-available","Asia/Taipei","BTCUSDT","BTC-260628-59000-P","2026-06-28","59000","PUT","1h","2026-06-26 14:00:00","2026-06-26 22:00:00","380.000","490.000","380.000","425.000","13.37","2026-06-26 14:59:59","2026-06-26 22:59:59","5826.70000","11","10.00","4485.50000"
"all-available","Asia/Taipei","BTCUSDT","BTC-260628-59000-P","2026-06-28","59000","PUT","1h","2026-06-26 15:00:00","2026-06-26 23:00:00","310.000","310.000","225.000","245.000","11.34","2026-06-26 15:59:59","2026-06-26 23:59:59","3288.05000","11","0.00","0.00000"
"all-available","Asia/Taipei","BTCUSDT","BTC-260628-59000-P","2026-06-28","59000","PUT","1h","2026-06-26 16:00:00","2026-06-27 00:00:00","205.000","205.000","205.000","205.000","0.20","2026-06-26 16:59:59","2026-06-27 00:59:59","41.00000","1","0.00","0.00000"
"all-available","Asia/Taipei","BTCUSDT","BTC-260628-59000-P","2026-06-28","59000","PUT","1h","2026-06-26 17:00:00","2026-06-27 01:00:00","265.000","265.000","240.000","245.000","8.53","2026-06-26 17:59:59","2026-06-27 01:59:59","2140.65000","4","0.55","134.75000"
"all-available","Asia/Taipei","BTCUSDT","BTC-260628-59000-P","2026-06-28","59000","PUT","1h","2026-06-26 18:00:00","2026-06-27 02:00:00","245.000","245.000","190.000","190.000","2.86","2026-06-26 18:59:59","2026-06-27 02:59:59","616.10000","10","0.00","0.00000"
"all-available","Asia/Taipei","BTCUSDT","BTC-260628-59000-P","2026-06-28","59000","PUT","1h","2026-06-26 19:00:00","2026-06-27 03:00:00","295.000","295.000","190.000","195.000","4.53","2026-06-26 19:59:59","2026-06-27 03:59:59","986.60000","8","1.98","465.30000"
"all-available","Asia/Taipei","BTCUSDT","BTC-260628-59000-P","2026-06-28","59000","PUT","1h","2026-06-26 20:00:00","2026-06-27 04:00:00","180.000","210.000","180.000","195.000","6.24","2026-06-26 20:59:59","2026-06-27 04:59:59","1218.70000","15","1.42","284.00000"
"all-available","Asia/Taipei","BTCUSDT","BTC-260628-59000-P","2026-06-28","59000","PUT","1h","2026-06-26 21:00:00","2026-06-27 05:00:00","195.000","195.000","145.000","145.000","0.22","2026-06-26 21:59:59","2026-06-27 05:59:59","32.90000","3","0.20","29.00000"
"all-available","Asia/Taipei","BTCUSDT","BTC-260628-59000-P","2026-06-28","59000","PUT","1h","2026-06-26 22:00:00","2026-06-27 06:00:00","145.000","145.000","125.000","125.000","0.35","2026-06-26 22:59:59","2026-06-27 06:59:59","44.15000","3","0.00","0.00000"
"all-available","Asia/Taipei","BTCUSDT","BTC-260628-59000-P","2026-06-28","59000","PUT","1h","2026-06-26 23:00:00","2026-06-27 07:00:00","100.000","100.000","90.000","90.000","0.58","2026-06-26 23:59:59","2026-06-27 07:59:59","55.25000","9","0.58","55.25000"
"all-available","Asia/Taipei","BTCUSDT","BTC-260628-59000-P","2026-06-28","59000","PUT","1h","2026-06-27 00:00:00","2026-06-27 08:00:00","70.000","75.000","60.000","60.000","1.11","2026-06-27 00:59:59","2026-06-27 08:59:59","75.75000","8","1.11","75.75000"
"all-available","Asia/Taipei","BTCUSDT","BTC-260628-59000-P","2026-06-28","59000","PUT","1h","2026-06-27 01:00:00","2026-06-27 09:00:00","70.000","75.000","70.000","75.000","1.78","2026-06-27 01:59:59","2026-06-27 09:59:59","125.25000","9","1.78","125.25000"
"all-available","Asia/Taipei","BTCUSDT","BTC-260628-59000-P","2026-06-28","59000","PUT","1h","2026-06-27 02:00:00","2026-06-27 10:00:00","60.000","60.000","35.000","40.000","4.32","2026-06-27 02:59:59","2026-06-27 10:59:59","174.80000","35","4.32","174.80000"
"all-available","Asia/Taipei","BTCUSDT","BTC-260628-59000-P","2026-06-28","59000","PUT","1h","2026-06-27 03:00:00","2026-06-27 11:00:00","40.000","45.000","35.000","40.000","5.19","2026-06-27 03:59:59","2026-06-27 11:59:59","209.65000","7","5.19","209.65000"
"all-available","Asia/Taipei","BTCUSDT","BTC-260628-59000-P","2026-06-28","59000","PUT","1h","2026-06-27 04:00:00","2026-06-27 12:00:00","35.000","35.000","35.000","35.000","0.70","2026-06-27 04:59:59","2026-06-27 12:59:59","24.50000","2","0.70","24.50000"
"all-available","Asia/Taipei","BTCUSDT","BTC-260628-59000-P","2026-06-28","59000","PUT","1h","2026-06-27 05:00:00","2026-06-27 13:00:00","40.000","50.000","40.000","50.000","4.60","2026-06-27 05:59:59","2026-06-27 13:59:59","227.70000","6","3.25","160.30000"
"all-available","Asia/Taipei","BTCUSDT","BTC-260628-59000-P","2026-06-28","59000","PUT","1h","2026-06-27 06:00:00","2026-06-27 14:00:00","50.000","55.000","30.000","30.000","2.77","2026-06-27 06:59:59","2026-06-27 14:59:59","121.85000","9","0.05","2.75000"
"all-available","Asia/Taipei","BTCUSDT","BTC-260628-59000-P","2026-06-28","59000","PUT","1h","2026-06-27 07:00:00","2026-06-27 15:00:00","25.000","25.000","25.000","25.000","1.00","2026-06-27 07:59:59","2026-06-27 15:59:59","25.00000","1","1.00","25.00000"
"all-available","Asia/Taipei","BTCUSDT","BTC-260628-59000-P","2026-06-28","59000","PUT","1h","2026-06-27 08:00:00","2026-06-27 16:00:00","20.000","30.000","20.000","30.000","11.21","2026-06-27 08:59:59","2026-06-27 16:59:59","271.45000","19","7.72","201.65000"
"all-available","Asia/Taipei","BTCUSDT","BTC-260628-59000-P","2026-06-28","59000","PUT","1h","2026-06-27 09:00:00","2026-06-27 17:00:00","25.000","35.000","25.000","35.000","32.38","2026-06-27 09:59:59","2026-06-27 17:59:59","1088.90000","22","32.38","1088.90000"
"all-available","Asia/Taipei","BTCUSDT","BTC-260628-59000-P","2026-06-28","59000","PUT","1h","2026-06-27 10:00:00","2026-06-27 18:00:00","35.000","35.000","35.000","35.000","0.00","2026-06-27 10:59:59","2026-06-27 18:59:59","0.00000","0","0.00","0.00000"
"all-available","Asia/Taipei","BTCUSDT","BTC-260628-59000-P","2026-06-28","59000","PUT","1h","2026-06-27 11:00:00","2026-06-27 19:00:00","25.000","40.000","25.000","30.000","12.45","2026-06-27 11:59:59","2026-06-27 19:59:59","401.05000","18","4.61","165.90000"
"all-available","Asia/Taipei","BTCUSDT","BTC-260628-59000-P","2026-06-28","59000","PUT","1h","2026-06-27 12:00:00","2026-06-27 20:00:00","30.000","30.000","25.000","25.000","2.12","2026-06-27 12:59:59","2026-06-27 20:59:59","62.60000","8","1.92","57.60000"
"all-available","Asia/Taipei","BTCUSDT","BTC-260628-59000-P","2026-06-28","59000","PUT","1h","2026-06-27 13:00:00","2026-06-27 21:00:00","20.000","20.000","15.000","15.000","2.61","2026-06-27 13:59:59","2026-06-27 21:59:59","49.15000","6","2.00","40.00000"
"all-available","Asia/Taipei","BTCUSDT","BTC-260628-59000-P","2026-06-28","59000","PUT","1h","2026-06-27 14:00:00","2026-06-27 22:00:00","15.000","20.000","15.000","15.000","10.28","2026-06-27 14:59:59","2026-06-27 22:59:59","158.15000","22","10.24","157.55000"
"all-available","Asia/Taipei","BTCUSDT","BTC-260628-59000-P","2026-06-28","59000","PUT","1h","2026-06-27 15:00:00","2026-06-27 23:00:00","10.000","10.000","10.000","10.000","0.01","2026-06-27 15:59:59","2026-06-27 23:59:59","0.10000","1","0.00","0.00000"
"all-available","Asia/Taipei","BTCUSDT","BTC-260628-59000-P","2026-06-28","59000","PUT","1h","2026-06-27 16:00:00","2026-06-28 00:00:00","15.000","15.000","15.000","15.000","5.63","2026-06-27 16:59:59","2026-06-28 00:59:59","84.45000","9","2.24","33.60000"
"all-available","Asia/Taipei","BTCUSDT","BTC-260628-59000-P","2026-06-28","59000","PUT","1h","2026-06-27 17:00:00","2026-06-28 01:00:00","25.000","25.000","20.000","20.000","2.75","2026-06-27 17:59:59","2026-06-28 01:59:59","59.50000","10","2.75","59.50000"
"all-available","Asia/Taipei","BTCUSDT","BTC-260628-59000-P","2026-06-28","59000","PUT","1h","2026-06-27 18:00:00","2026-06-28 02:00:00","15.000","15.000","15.000","15.000","0.67","2026-06-27 18:59:59","2026-06-28 02:59:59","10.05000","2","0.67","10.05000"
"all-available","Asia/Taipei","BTCUSDT","BTC-260628-59000-P","2026-06-28","59000","PUT","1h","2026-06-27 19:00:00","2026-06-28 03:00:00","25.000","40.000","25.000","40.000","8.86","2026-06-27 19:59:59","2026-06-28 03:59:59","321.95000","18","0.95","31.45000"
"all-available","Asia/Taipei","BTCUSDT","BTC-260628-59000-P","2026-06-28","59000","PUT","1h","2026-06-27 20:00:00","2026-06-28 04:00:00","25.000","25.000","25.000","25.000","0.18","2026-06-27 20:59:59","2026-06-28 04:59:59","4.50000","1","0.18","4.50000"
"all-available","Asia/Taipei","BTCUSDT","BTC-260628-59000-P","2026-06-28","59000","PUT","1h","2026-06-27 21:00:00","2026-06-28 05:00:00","15.000","30.000","15.000","30.000","7.64","2026-06-27 21:59:59","2026-06-28 05:59:59","143.95000","39","6.70","115.75000"
"all-available","Asia/Taipei","BTCUSDT","BTC-260628-59000-P","2026-06-28","59000","PUT","1h","2026-06-27 22:00:00","2026-06-28 06:00:00","25.000","55.000","15.000","15.000","8.39","2026-06-27 22:59:59","2026-06-28 06:59:59","303.30000","24","2.75","99.65000"
"all-available","Asia/Taipei","BTCUSDT","BTC-260628-59000-P","2026-06-28","59000","PUT","1h","2026-06-27 23:00:00","2026-06-28 07:00:00","20.000","35.000","15.000","25.000","14.44","2026-06-27 23:59:59","2026-06-28 07:59:59","304.20000","65","8.84","153.80000"
"all-available","Asia/Taipei","BTCUSDT","BTC-260628-59000-P","2026-06-28","59000","PUT","1h","2026-06-28 00:00:00","2026-06-28 08:00:00","25.000","25.000","20.000","20.000","3.21","2026-06-28 00:59:59","2026-06-28 08:59:59","72.55000","4","0.00","0.00000"
"all-available","Asia/Taipei","BTCUSDT","BTC-260628-59000-P","2026-06-28","59000","PUT","1h","2026-06-28 01:00:00","2026-06-28 09:00:00","25.000","25.000","10.000","10.000","20.19","2026-06-28 01:59:59","2026-06-28 09:59:59","204.25000","17","0.18","4.15000"
"all-available","Asia/Taipei","BTCUSDT","BTC-260628-59000-P","2026-06-28","59000","PUT","1h","2026-06-28 02:00:00","2026-06-28 10:00:00","10.000","20.000","10.000","10.000","3.52","2026-06-28 02:59:59","2026-06-28 10:59:59","40.70000","15","1.07","16.20000"
"all-available","Asia/Taipei","BTCUSDT","BTC-260628-59000-P","2026-06-28","59000","PUT","1h","2026-06-28 03:00:00","2026-06-28 11:00:00","5.000","10.000","5.000","10.000","2.76","2026-06-28 03:59:59","2026-06-28 11:59:59","27.50000","9","2.74","27.40000"
"all-available","Asia/Taipei","BTCUSDT","BTC-260628-59000-P","2026-06-28","59000","PUT","1h","2026-06-28 04:00:00","2026-06-28 12:00:00","10.000","10.000","10.000","10.000","0.00","2026-06-28 04:59:59","2026-06-28 12:59:59","0.00000","0","0.00","0.00000"
"all-available","Asia/Taipei","BTCUSDT","BTC-260628-59000-P","2026-06-28","59000","PUT","1h","2026-06-28 05:00:00","2026-06-28 13:00:00","10.000","20.000","5.000","5.000","9.86","2026-06-28 05:59:59","2026-06-28 13:59:59","105.85000","21","0.57","5.80000"
"all-available","Asia/Taipei","BTCUSDT","BTC-260628-59000-P","2026-06-28","59000","PUT","1h","2026-06-28 06:00:00","2026-06-28 14:00:00","5.000","5.000","5.000","5.000","12.65","2026-06-28 06:59:59","2026-06-28 14:59:59","63.25000","3","11.75","58.75000"
"all-available","Asia/Taipei","BTCUSDT","BTC-260628-59000-P","2026-06-28","59000","PUT","1h","2026-06-28 07:00:00","2026-06-28 15:00:00","5.000","5.000","5.000","5.000","0.00","2026-06-28 07:59:59","2026-06-28 15:59:59","0.00000","0","0.00","0.00000"
"all-available","Asia/Taipei","BTCUSDT","BTC-260628-59500-C","2026-06-28","59500","CALL","1h","2026-06-25 15:00:00","2026-06-25 23:00:00","815.000","990.000","815.000","990.000","1.89","2026-06-25 15:59:59","2026-06-25 23:59:59","1714.35000","3","1.00","835.00000"
"all-available","Asia/Taipei","BTCUSDT","BTC-260628-59500-C","2026-06-28","59500","CALL","1h","2026-06-25 16:00:00","2026-06-26 00:00:00","990.000","990.000","990.000","990.000","0.00","2026-06-25 16:59:59","2026-06-26 00:59:59","0.00000","0","0.00","0.00000"
"all-available","Asia/Taipei","BTCUSDT","BTC-260628-59500-C","2026-06-28","59500","CALL","1h","2026-06-25 17:00:00","2026-06-26 01:00:00","990.000","990.000","990.000","990.000","0.00","2026-06-25 17:59:59","2026-06-26 01:59:59","0.00000","0","0.00","0.00000"
"all-available","Asia/Taipei","BTCUSDT","BTC-260628-59500-C","2026-06-28","59500","CALL","1h","2026-06-25 18:00:00","2026-06-26 02:00:00","990.000","990.000","990.000","990.000","0.00","2026-06-25 18:59:59","2026-06-26 02:59:59","0.00000","0","0.00","0.00000"
"all-available","Asia/Taipei","BTCUSDT","BTC-260628-59500-C","2026-06-28","59500","CALL","1h","2026-06-25 19:00:00","2026-06-26 03:00:00","990.000","990.000","990.000","990.000","0.00","2026-06-25 19:59:59","2026-06-26 03:59:59","0.00000","0","0.00","0.00000"
"all-available","Asia/Taipei","BTCUSDT","BTC-260628-59500-C","2026-06-28","59500","CALL","1h","2026-06-25 20:00:00","2026-06-26 04:00:00","990.000","990.000","990.000","990.000","0.00","2026-06-25 20:59:59","2026-06-26 04:59:59","0.00000","0","0.00","0.00000"
"all-available","Asia/Taipei","BTCUSDT","BTC-260628-59500-C","2026-06-28","59500","CALL","1h","2026-06-25 21:00:00","2026-06-26 05:00:00","940.000","940.000","940.000","940.000","1.00","2026-06-25 21:59:59","2026-06-26 05:59:59","940.00000","1","1.00","940.00000"
"all-available","Asia/Taipei","BTCUSDT","BTC-260628-59500-C","2026-06-28","59500","CALL","1h","2026-06-25 22:00:00","2026-06-26 06:00:00","940.000","940.000","940.000","940.000","0.00","2026-06-25 22:59:59","2026-06-26 06:59:59","0.00000","0","0.00","0.00000"
"all-available","Asia/Taipei","BTCUSDT","BTC-260628-59500-C","2026-06-28","59500","CALL","1h","2026-06-25 23:00:00","2026-06-26 07:00:00","960.000","980.000","960.000","980.000","0.10","2026-06-25 23:59:59","2026-06-26 07:59:59","96.20000","2","0.10","96.20000"
"all-available","Asia/Taipei","BTCUSDT","BTC-260628-59500-C","2026-06-28","59500","CALL","1h","2026-06-26 00:00:00","2026-06-26 08:00:00","980.000","980.000","980.000","980.000","0.00","2026-06-26 00:59:59","2026-06-26 08:59:59","0.00000","0","0.00","0.00000"
"all-available","Asia/Taipei","BTCUSDT","BTC-260628-59500-C","2026-06-28","59500","CALL","1h","2026-06-26 01:00:00","2026-06-26 09:00:00","980.000","980.000","980.000","980.000","0.00","2026-06-26 01:59:59","2026-06-26 09:59:59","0.00000","0","0.00","0.00000"
"all-available","Asia/Taipei","BTCUSDT","BTC-260628-59500-C","2026-06-28","59500","CALL","1h","2026-06-26 02:00:00","2026-06-26 10:00:00","515.000","520.000","425.000","430.000","4.12","2026-06-26 02:59:59","2026-06-26 10:59:59","1896.20000","6","0.40","206.60000"
"all-available","Asia/Taipei","BTCUSDT","BTC-260628-59500-C","2026-06-28","59500","CALL","1h","2026-06-26 03:00:00","2026-06-26 11:00:00","955.000","955.000","955.000","955.000","0.05","2026-06-26 03:59:59","2026-06-26 11:59:59","47.75000","1","0.05","47.75000"
"all-available","Asia/Taipei","BTCUSDT","BTC-260628-59500-C","2026-06-28","59500","CALL","1h","2026-06-26 04:00:00","2026-06-26 12:00:00","1005.000","1050.000","1005.000","1025.000","0.31","2026-06-26 04:59:59","2026-06-26 12:59:59","322.30000","5","0.20","209.55000"
"all-available","Asia/Taipei","BTCUSDT","BTC-260628-59500-C","2026-06-28","59500","CALL","1h","2026-06-26 05:00:00","2026-06-26 13:00:00","1000.000","1005.000","1000.000","1005.000","1.17","2026-06-26 05:59:59","2026-06-26 13:59:59","1172.15000","2","1.17","1172.15000"
"all-available","Asia/Taipei","BTCUSDT","BTC-260628-59500-C","2026-06-28","59500","CALL","1h","2026-06-26 06:00:00","2026-06-26 14:00:00","945.000","1065.000","945.000","1065.000","1.06","2026-06-26 06:59:59","2026-06-26 14:59:59","1112.45000","3","1.06","1112.45000"
"all-available","Asia/Taipei","BTCUSDT","BTC-260628-59500-C","2026-06-28","59500","CALL","1h","2026-06-26 07:00:00","2026-06-26 15:00:00","1350.000","1525.000","1350.000","1525.000","3.07","2026-06-26 07:59:59","2026-06-26 15:59:59","4391.35000","7","3.06","4376.10000"
"all-available","Asia/Taipei","BTCUSDT","BTC-260628-59500-C","2026-06-28","59500","CALL","1h","2026-06-26 08:00:00","2026-06-26 16:00:00","1185.000","1185.000","1185.000","1185.000","0.62","2026-06-26 08:59:59","2026-06-26 16:59:59","734.70000","1","0.00","0.00000"
"all-available","Asia/Taipei","BTCUSDT","BTC-260628-59500-C","2026-06-28","59500","CALL","1h","2026-06-26 09:00:00","2026-06-26 17:00:00","1150.000","1155.000","1090.000","1090.000","2.51","2026-06-26 09:59:59","2026-06-26 17:59:59","2838.20000","13","0.00","0.00000"
"all-available","Asia/Taipei","BTCUSDT","BTC-260628-59500-C","2026-06-28","59500","CALL","1h","2026-06-26 10:00:00","2026-06-26 18:00:00","1090.000","1090.000","1090.000","1090.000","0.00","2026-06-26 10:59:59","2026-06-26 18:59:59","0.00000","0","0.00","0.00000"
"all-available","Asia/Taipei","BTCUSDT","BTC-260628-59500-C","2026-06-28","59500","CALL","1h","2026-06-26 11:00:00","2026-06-26 19:00:00","780.000","780.000","780.000","780.000","0.05","2026-06-26 11:59:59","2026-06-26 19:59:59","39.00000","1","0.00","0.00000"
"all-available","Asia/Taipei","BTCUSDT","BTC-260628-59500-C","2026-06-28","59500","CALL","1h","2026-06-26 12:00:00","2026-06-26 20:00:00","870.000","870.000","870.000","870.000","0.30","2026-06-26 12:59:59","2026-06-26 20:59:59","261.00000","1","0.30","261.00000"
"all-available","Asia/Taipei","BTCUSDT","BTC-260628-59500-C","2026-06-28","59500","CALL","1h","2026-06-26 13:00:00","2026-06-26 21:00:00","650.000","650.000","495.000","605.000","10.74","2026-06-26 13:59:59","2026-06-26 21:59:59","5599.95000","9","2.98","1703.90000"
"all-available","Asia/Taipei","BTCUSDT","BTC-260628-59500-C","2026-06-28","59500","CALL","1h","2026-06-26 14:00:00","2026-06-26 22:00:00","995.000","1070.000","810.000","810.000","3.01","2026-06-26 14:59:59","2026-06-26 22:59:59","2616.10000","4","0.80","826.00000"
"all-available","Asia/Taipei","BTCUSDT","BTC-260628-59500-C","2026-06-28","59500","CALL","1h","2026-06-26 15:00:00","2026-06-26 23:00:00","1020.000","1240.000","1020.000","1140.000","3.34","2026-06-26 15:59:59","2026-06-26 23:59:59","3463.60000","4","3.01","3072.40000"
"all-available","Asia/Taipei","BTCUSDT","BTC-260628-59500-C","2026-06-28","59500","CALL","1h","2026-06-26 16:00:00","2026-06-27 00:00:00","980.000","1015.000","965.000","1015.000","5.90","2026-06-26 16:59:59","2026-06-27 00:59:59","5753.50000","3","0.30","304.50000"
"all-available","Asia/Taipei","BTCUSDT","BTC-260628-59500-C","2026-06-28","59500","CALL","1h","2026-06-26 17:00:00","2026-06-27 01:00:00","935.000","935.000","935.000","935.000","3.33","2026-06-26 17:59:59","2026-06-27 01:59:59","3113.55000","2","3.00","2805.00000"
"all-available","Asia/Taipei","BTCUSDT","BTC-260628-59500-C","2026-06-28","59500","CALL","1h","2026-06-26 18:00:00","2026-06-27 02:00:00","780.000","780.000","605.000","605.000","3.65","2026-06-26 18:59:59","2026-06-27 02:59:59","2323.25000","6","3.25","2011.25000"
"all-available","Asia/Taipei","BTCUSDT","BTC-260628-59500-C","2026-06-28","59500","CALL","1h","2026-06-26 19:00:00","2026-06-27 03:00:00","805.000","805.000","805.000","805.000","3.25","2026-06-26 19:59:59","2026-06-27 03:59:59","2616.25000","1","0.00","0.00000"
"all-available","Asia/Taipei","BTCUSDT","BTC-260628-59500-C","2026-06-28","59500","CALL","1h","2026-06-26 20:00:00","2026-06-27 04:00:00","675.000","760.000","675.000","750.000","4.52","2026-06-26 20:59:59","2026-06-27 04:59:59","3252.60000","4","0.00","0.00000"
"all-available","Asia/Taipei","BTCUSDT","BTC-260628-59500-C","2026-06-28","59500","CALL","1h","2026-06-26 21:00:00","2026-06-27 05:00:00","540.000","650.000","540.000","650.000","0.21","2026-06-26 21:59:59","2026-06-27 05:59:59","114.50000","2","0.21","114.50000"
"all-available","Asia/Taipei","BTCUSDT","BTC-260628-59500-C","2026-06-28","59500","CALL","1h","2026-06-26 22:00:00","2026-06-27 06:00:00","650.000","650.000","650.000","650.000","0.00","2026-06-26 22:59:59","2026-06-27 06:59:59","0.00000","0","0.00","0.00000"
"all-available","Asia/Taipei","BTCUSDT","BTC-260628-59500-C","2026-06-28","59500","CALL","1h","2026-06-26 23:00:00","2026-06-27 07:00:00","655.000","655.000","655.000","655.000","2.60","2026-06-26 23:59:59","2026-06-27 07:59:59","1703.00000","1","0.00","0.00000"
"all-available","Asia/Taipei","BTCUSDT","BTC-260628-59500-C","2026-06-28","59500","CALL","1h","2026-06-27 00:00:00","2026-06-27 08:00:00","655.000","655.000","655.000","655.000","0.00","2026-06-27 00:59:59","2026-06-27 08:59:59","0.00000","0","0.00","0.00000"
"all-available","Asia/Taipei","BTCUSDT","BTC-260628-59500-C","2026-06-28","59500","CALL","1h","2026-06-27 01:00:00","2026-06-27 09:00:00","655.000","655.000","655.000","655.000","0.00","2026-06-27 01:59:59","2026-06-27 09:59:59","0.00000","0","0.00","0.00000"
"all-available","Asia/Taipei","BTCUSDT","BTC-260628-59500-C","2026-06-28","59500","CALL","1h","2026-06-27 02:00:00","2026-06-27 10:00:00","655.000","655.000","655.000","655.000","0.00","2026-06-27 02:59:59","2026-06-27 10:59:59","0.00000","0","0.00","0.00000"
"all-available","Asia/Taipei","BTCUSDT","BTC-260628-59500-C","2026-06-28","59500","CALL","1h","2026-06-27 03:00:00","2026-06-27 11:00:00","655.000","655.000","655.000","655.000","0.00","2026-06-27 03:59:59","2026-06-27 11:59:59","0.00000","0","0.00","0.00000"
"all-available","Asia/Taipei","BTCUSDT","BTC-260628-59500-C","2026-06-28","59500","CALL","1h","2026-06-27 04:00:00","2026-06-27 12:00:00","655.000","655.000","655.000","655.000","0.00","2026-06-27 04:59:59","2026-06-27 12:59:59","0.00000","0","0.00","0.00000"
"all-available","Asia/Taipei","BTCUSDT","BTC-260628-59500-C","2026-06-28","59500","CALL","1h","2026-06-27 05:00:00","2026-06-27 13:00:00","655.000","655.000","655.000","655.000","0.00","2026-06-27 05:59:59","2026-06-27 13:59:59","0.00000","0","0.00","0.00000"
"all-available","Asia/Taipei","BTCUSDT","BTC-260628-59500-C","2026-06-28","59500","CALL","1h","2026-06-27 06:00:00","2026-06-27 14:00:00","770.000","795.000","770.000","795.000","0.06","2026-06-27 06:59:59","2026-06-27 14:59:59","46.45000","2","0.01","7.95000"
"all-available","Asia/Taipei","BTCUSDT","BTC-260628-59500-C","2026-06-28","59500","CALL","1h","2026-06-27 07:00:00","2026-06-27 15:00:00","950.000","950.000","950.000","950.000","0.01","2026-06-27 07:59:59","2026-06-27 15:59:59","9.50000","1","0.01","9.50000"
"all-available","Asia/Taipei","BTCUSDT","BTC-260628-59500-C","2026-06-28","59500","CALL","1h","2026-06-27 08:00:00","2026-06-27 16:00:00","1035.000","1035.000","1035.000","1035.000","0.01","2026-06-27 08:59:59","2026-06-27 16:59:59","10.35000","1","0.01","10.35000"
"all-available","Asia/Taipei","BTCUSDT","BTC-260628-59500-C","2026-06-28","59500","CALL","1h","2026-06-27 09:00:00","2026-06-27 17:00:00","1035.000","1035.000","1035.000","1035.000","0.00","2026-06-27 09:59:59","2026-06-27 17:59:59","0.00000","0","0.00","0.00000"
"all-available","Asia/Taipei","BTCUSDT","BTC-260628-59500-C","2026-06-28","59500","CALL","1h","2026-06-27 10:00:00","2026-06-27 18:00:00","1035.000","1035.000","1035.000","1035.000","0.00","2026-06-27 10:59:59","2026-06-27 18:59:59","0.00000","0","0.00","0.00000"
"all-available","Asia/Taipei","BTCUSDT","BTC-260628-59500-C","2026-06-28","59500","CALL","1h","2026-06-27 11:00:00","2026-06-27 19:00:00","1035.000","1035.000","1035.000","1035.000","0.00","2026-06-27 11:59:59","2026-06-27 19:59:59","0.00000","0","0.00","0.00000"
"all-available","Asia/Taipei","BTCUSDT","BTC-260628-59500-C","2026-06-28","59500","CALL","1h","2026-06-27 12:00:00","2026-06-27 20:00:00","1035.000","1035.000","1035.000","1035.000","0.00","2026-06-27 12:59:59","2026-06-27 20:59:59","0.00000","0","0.00","0.00000"
"all-available","Asia/Taipei","BTCUSDT","BTC-260628-59500-C","2026-06-28","59500","CALL","1h","2026-06-27 13:00:00","2026-06-27 21:00:00","1035.000","1035.000","1035.000","1035.000","0.00","2026-06-27 13:59:59","2026-06-27 21:59:59","0.00000","0","0.00","0.00000"
"all-available","Asia/Taipei","BTCUSDT","BTC-260628-59500-C","2026-06-28","59500","CALL","1h","2026-06-27 14:00:00","2026-06-27 22:00:00","1035.000","1035.000","1035.000","1035.000","0.00","2026-06-27 14:59:59","2026-06-27 22:59:59","0.00000","0","0.00","0.00000"
"all-available","Asia/Taipei","BTCUSDT","BTC-260628-59500-C","2026-06-28","59500","CALL","1h","2026-06-27 15:00:00","2026-06-27 23:00:00","1305.000","1305.000","1305.000","1305.000","0.01","2026-06-27 15:59:59","2026-06-27 23:59:59","13.05000","1","0.01","13.05000"
"all-available","Asia/Taipei","BTCUSDT","BTC-260628-59500-C","2026-06-28","59500","CALL","1h","2026-06-27 16:00:00","2026-06-28 00:00:00","1305.000","1305.000","1305.000","1305.000","0.00","2026-06-27 16:59:59","2026-06-28 00:59:59","0.00000","0","0.00","0.00000"
"all-available","Asia/Taipei","BTCUSDT","BTC-260628-59500-C","2026-06-28","59500","CALL","1h","2026-06-27 17:00:00","2026-06-28 01:00:00","1305.000","1305.000","1305.000","1305.000","0.00","2026-06-27 17:59:59","2026-06-28 01:59:59","0.00000","0","0.00","0.00000"
"all-available","Asia/Taipei","BTCUSDT","BTC-260628-59500-C","2026-06-28","59500","CALL","1h","2026-06-27 18:00:00","2026-06-28 02:00:00","1305.000","1305.000","1305.000","1305.000","0.00","2026-06-27 18:59:59","2026-06-28 02:59:59","0.00000","0","0.00","0.00000"
"all-available","Asia/Taipei","BTCUSDT","BTC-260628-59500-C","2026-06-28","59500","CALL","1h","2026-06-27 19:00:00","2026-06-28 03:00:00","1305.000","1305.000","1305.000","1305.000","0.00","2026-06-27 19:59:59","2026-06-28 03:59:59","0.00000","0","0.00","0.00000"
"all-available","Asia/Taipei","BTCUSDT","BTC-260628-59500-C","2026-06-28","59500","CALL","1h","2026-06-27 20:00:00","2026-06-28 04:00:00","1305.000","1305.000","1305.000","1305.000","0.00","2026-06-27 20:59:59","2026-06-28 04:59:59","0.00000","0","0.00","0.00000"
"all-available","Asia/Taipei","BTCUSDT","BTC-260628-59500-C","2026-06-28","59500","CALL","1h","2026-06-27 21:00:00","2026-06-28 05:00:00","1305.000","1305.000","1305.000","1305.000","0.00","2026-06-27 21:59:59","2026-06-28 05:59:59","0.00000","0","0.00","0.00000"
"all-available","Asia/Taipei","BTCUSDT","BTC-260628-59500-C","2026-06-28","59500","CALL","1h","2026-06-27 22:00:00","2026-06-28 06:00:00","1305.000","1305.000","1305.000","1305.000","0.00","2026-06-27 22:59:59","2026-06-28 06:59:59","0.00000","0","0.00","0.00000"
"all-available","Asia/Taipei","BTCUSDT","BTC-260628-59500-C","2026-06-28","59500","CALL","1h","2026-06-27 23:00:00","2026-06-28 07:00:00","1305.000","1305.000","1305.000","1305.000","0.00","2026-06-27 23:59:59","2026-06-28 07:59:59","0.00000","0","0.00","0.00000"
"all-available","Asia/Taipei","BTCUSDT","BTC-260628-59500-C","2026-06-28","59500","CALL","1h","2026-06-28 00:00:00","2026-06-28 08:00:00","1305.000","1305.000","1305.000","1305.000","0.00","2026-06-28 00:59:59","2026-06-28 08:59:59","0.00000","0","0.00","0.00000"
"all-available","Asia/Taipei","BTCUSDT","BTC-260628-59500-C","2026-06-28","59500","CALL","1h","2026-06-28 01:00:00","2026-06-28 09:00:00","1305.000","1305.000","1305.000","1305.000","0.00","2026-06-28 01:59:59","2026-06-28 09:59:59","0.00000","0","0.00","0.00000"
"all-available","Asia/Taipei","BTCUSDT","BTC-260628-59500-C","2026-06-28","59500","CALL","1h","2026-06-28 02:00:00","2026-06-28 10:00:00","1305.000","1305.000","1305.000","1305.000","0.00","2026-06-28 02:59:59","2026-06-28 10:59:59","0.00000","0","0.00","0.00000"
"all-available","Asia/Taipei","BTCUSDT","BTC-260628-59500-C","2026-06-28","59500","CALL","1h","2026-06-28 03:00:00","2026-06-28 11:00:00","1305.000","1305.000","1305.000","1305.000","0.00","2026-06-28 03:59:59","2026-06-28 11:59:59","0.00000","0","0.00","0.00000"
"all-available","Asia/Taipei","BTCUSDT","BTC-260628-59500-C","2026-06-28","59500","CALL","1h","2026-06-28 04:00:00","2026-06-28 12:00:00","1305.000","1305.000","1305.000","1305.000","0.00","2026-06-28 04:59:59","2026-06-28 12:59:59","0.00000","0","0.00","0.00000"
"all-available","Asia/Taipei","BTCUSDT","BTC-260628-59500-C","2026-06-28","59500","CALL","1h","2026-06-28 05:00:00","2026-06-28 13:00:00","1305.000","1305.000","1305.000","1305.000","0.00","2026-06-28 05:59:59","2026-06-28 13:59:59","0.00000","0","0.00","0.00000"
"all-available","Asia/Taipei","BTCUSDT","BTC-260628-59500-C","2026-06-28","59500","CALL","1h","2026-06-28 06:00:00","2026-06-28 14:00:00","1305.000","1305.000","1305.000","1305.000","0.00","2026-06-28 06:59:59","2026-06-28 14:59:59","0.00000","0","0.00","0.00000"
"all-available","Asia/Taipei","BTCUSDT","BTC-260628-59500-C","2026-06-28","59500","CALL","1h","2026-06-28 07:00:00","2026-06-28 15:00:00","1305.000","1305.000","1305.000","1305.000","0.00","2026-06-28 07:59:59","2026-06-28 15:59:59","0.00000","0","0.00","0.00000"
"all-available","Asia/Taipei","BTCUSDT","BTC-260628-59500-P","2026-06-28","59500","PUT","1h","2026-06-25 15:00:00","2026-06-25 23:00:00","1150.000","1155.000","1090.000","1155.000","0.06","2026-06-25 15:59:59","2026-06-25 23:59:59","67.25000","3","0.00","0.00000"
"all-available","Asia/Taipei","BTCUSDT","BTC-260628-59500-P","2026-06-28","59500","PUT","1h","2026-06-25 16:00:00","2026-06-26 00:00:00","1155.000","1155.000","1155.000","1155.000","0.00","2026-06-25 16:59:59","2026-06-26 00:59:59","0.00000","0","0.00","0.00000"
"all-available","Asia/Taipei","BTCUSDT","BTC-260628-59500-P","2026-06-28","59500","PUT","1h","2026-06-25 17:00:00","2026-06-26 01:00:00","1155.000","1155.000","1155.000","1155.000","0.00","2026-06-25 17:59:59","2026-06-26 01:59:59","0.00000","0","0.00","0.00000"
"all-available","Asia/Taipei","BTCUSDT","BTC-260628-59500-P","2026-06-28","59500","PUT","1h","2026-06-25 18:00:00","2026-06-26 02:00:00","1155.000","1155.000","1155.000","1155.000","0.00","2026-06-25 18:59:59","2026-06-26 02:59:59","0.00000","0","0.00","0.00000"
"all-available","Asia/Taipei","BTCUSDT","BTC-260628-59500-P","2026-06-28","59500","PUT","1h","2026-06-25 19:00:00","2026-06-26 03:00:00","1155.000","1155.000","1155.000","1155.000","0.00","2026-06-25 19:59:59","2026-06-26 03:59:59","0.00000","0","0.00","0.00000"
"all-available","Asia/Taipei","BTCUSDT","BTC-260628-59500-P","2026-06-28","59500","PUT","1h","2026-06-25 20:00:00","2026-06-26 04:00:00","790.000","790.000","775.000","790.000","0.97","2026-06-25 20:59:59","2026-06-26 04:59:59","763.90000","4","0.97","763.90000"
"all-available","Asia/Taipei","BTCUSDT","BTC-260628-59500-P","2026-06-28","59500","PUT","1h","2026-06-25 21:00:00","2026-06-26 05:00:00","790.000","790.000","790.000","790.000","0.00","2026-06-25 21:59:59","2026-06-26 05:59:59","0.00000","0","0.00","0.00000"
"all-available","Asia/Taipei","BTCUSDT","BTC-260628-59500-P","2026-06-28","59500","PUT","1h","2026-06-25 22:00:00","2026-06-26 06:00:00","590.000","590.000","590.000","590.000","1.00","2026-06-25 22:59:59","2026-06-26 06:59:59","590.00000","1","0.00","0.00000"
"all-available","Asia/Taipei","BTCUSDT","BTC-260628-59500-P","2026-06-28","59500","PUT","1h","2026-06-25 23:00:00","2026-06-26 07:00:00","600.000","600.000","600.000","600.000","2.28","2026-06-25 23:59:59","2026-06-26 07:59:59","1368.00000","1","0.00","0.00000"
"all-available","Asia/Taipei","BTCUSDT","BTC-260628-59500-P","2026-06-28","59500","PUT","1h","2026-06-26 00:00:00","2026-06-26 08:00:00","630.000","685.000","630.000","685.000","0.06","2026-06-26 00:59:59","2026-06-26 08:59:59","38.90000","2","0.06","38.90000"
"all-available","Asia/Taipei","BTCUSDT","BTC-260628-59500-P","2026-06-28","59500","PUT","1h","2026-06-26 01:00:00","2026-06-26 09:00:00","710.000","875.000","710.000","795.000","0.16","2026-06-26 01:59:59","2026-06-26 09:59:59","121.90000","3","0.14","106.00000"
"all-available","Asia/Taipei","BTCUSDT","BTC-260628-59500-P","2026-06-28","59500","PUT","1h","2026-06-26 02:00:00","2026-06-26 10:00:00","795.000","795.000","795.000","795.000","0.00","2026-06-26 02:59:59","2026-06-26 10:59:59","0.00000","0","0.00","0.00000"
"all-available","Asia/Taipei","BTCUSDT","BTC-260628-59500-P","2026-06-28","59500","PUT","1h","2026-06-26 03:00:00","2026-06-26 11:00:00","795.000","795.000","795.000","795.000","0.00","2026-06-26 03:59:59","2026-06-26 11:59:59","0.00000","0","0.00","0.00000"
"all-available","Asia/Taipei","BTCUSDT","BTC-260628-59500-P","2026-06-28","59500","PUT","1h","2026-06-26 04:00:00","2026-06-26 12:00:00","595.000","595.000","580.000","580.000","0.03","2026-06-26 04:59:59","2026-06-26 12:59:59","17.70000","3","0.01","5.95000"
"all-available","Asia/Taipei","BTCUSDT","BTC-260628-59500-P","2026-06-28","59500","PUT","1h","2026-06-26 05:00:00","2026-06-26 13:00:00","575.000","575.000","575.000","575.000","1.50","2026-06-26 05:59:59","2026-06-26 13:59:59","862.50000","3","0.00","0.00000"
"all-available","Asia/Taipei","BTCUSDT","BTC-260628-59500-P","2026-06-28","59500","PUT","1h","2026-06-26 06:00:00","2026-06-26 14:00:00","685.000","685.000","485.000","520.000","6.32","2026-06-26 06:59:59","2026-06-26 14:59:59","3974.85000","12","2.35","1326.30000"
"all-available","Asia/Taipei","BTCUSDT","BTC-260628-59500-P","2026-06-28","59500","PUT","1h","2026-06-26 07:00:00","2026-06-26 15:00:00","460.000","460.000","420.000","420.000","0.36","2026-06-26 07:59:59","2026-06-26 15:59:59","153.80000","5","0.01","4.20000"
"all-available","Asia/Taipei","BTCUSDT","BTC-260628-59500-P","2026-06-28","59500","PUT","1h","2026-06-26 08:00:00","2026-06-26 16:00:00","465.000","525.000","465.000","495.000","4.19","2026-06-26 08:59:59","2026-06-26 16:59:59","1983.80000","6","3.00","1395.00000"
"all-available","Asia/Taipei","BTCUSDT","BTC-260628-59500-P","2026-06-28","59500","PUT","1h","2026-06-26 09:00:00","2026-06-26 17:00:00","510.000","760.000","510.000","695.000","4.12","2026-06-26 09:59:59","2026-06-26 17:59:59","2923.75000","7","1.21","901.30000"
"all-available","Asia/Taipei","BTCUSDT","BTC-260628-59500-P","2026-06-28","59500","PUT","1h","2026-06-26 10:00:00","2026-06-26 18:00:00","800.000","945.000","800.000","945.000","3.04","2026-06-26 10:59:59","2026-06-26 18:59:59","2689.25000","4","3.01","2664.45000"
"all-available","Asia/Taipei","BTCUSDT","BTC-260628-59500-P","2026-06-28","59500","PUT","1h","2026-06-26 11:00:00","2026-06-26 19:00:00","800.000","800.000","800.000","800.000","0.01","2026-06-26 11:59:59","2026-06-26 19:59:59","8.00000","1","0.00","0.00000"
"all-available","Asia/Taipei","BTCUSDT","BTC-260628-59500-P","2026-06-28","59500","PUT","1h","2026-06-26 12:00:00","2026-06-26 20:00:00","1000.000","1000.000","850.000","850.000","0.10","2026-06-26 12:59:59","2026-06-26 20:59:59","86.50000","2","0.10","86.50000"
"all-available","Asia/Taipei","BTCUSDT","BTC-260628-59500-P","2026-06-28","59500","PUT","1h","2026-06-26 13:00:00","2026-06-26 21:00:00","990.000","1110.000","500.000","500.000","4.35","2026-06-26 13:59:59","2026-06-26 21:59:59","3723.95000","10","0.22","152.10000"
"all-available","Asia/Taipei","BTCUSDT","BTC-260628-59500-P","2026-06-28","59500","PUT","1h","2026-06-26 14:00:00","2026-06-26 22:00:00","530.000","665.000","525.000","630.000","3.13","2026-06-26 14:59:59","2026-06-26 22:59:59","1946.75000","4","2.27","1495.25000"
"all-available","Asia/Taipei","BTCUSDT","BTC-260628-59500-P","2026-06-28","59500","PUT","1h","2026-06-26 15:00:00","2026-06-26 23:00:00","485.000","485.000","485.000","485.000","2.60","2026-06-26 15:59:59","2026-06-26 23:59:59","1261.00000","2","0.00","0.00000"
"all-available","Asia/Taipei","BTCUSDT","BTC-260628-59500-P","2026-06-28","59500","PUT","1h","2026-06-26 16:00:00","2026-06-27 00:00:00","305.000","335.000","280.000","335.000","3.02","2026-06-26 16:59:59","2026-06-27 00:59:59","889.80000","4","2.62","768.80000"
"all-available","Asia/Taipei","BTCUSDT","BTC-260628-59500-P","2026-06-28","59500","PUT","1h","2026-06-26 17:00:00","2026-06-27 01:00:00","325.000","400.000","325.000","365.000","6.85","2026-06-26 17:59:59","2026-06-27 01:59:59","2469.45000","7","2.65","873.45000"
"all-available","Asia/Taipei","BTCUSDT","BTC-260628-59500-P","2026-06-28","59500","PUT","1h","2026-06-26 18:00:00","2026-06-27 02:00:00","365.000","495.000","295.000","495.000","9.22","2026-06-26 18:59:59","2026-06-27 02:59:59","3085.10000","18","2.30","811.85000"
"all-available","Asia/Taipei","BTCUSDT","BTC-260628-59500-P","2026-06-28","59500","PUT","1h","2026-06-26 19:00:00","2026-06-27 03:00:00","460.000","460.000","325.000","325.000","1.98","2026-06-26 19:59:59","2026-06-27 03:59:59","699.00000","5","1.00","325.00000"
"all-available","Asia/Taipei","BTCUSDT","BTC-260628-59500-P","2026-06-28","59500","PUT","1h","2026-06-26 20:00:00","2026-06-27 04:00:00","285.000","355.000","285.000","295.000","12.61","2026-06-26 20:59:59","2026-06-27 04:59:59","3972.25000","19","4.75","1464.00000"
"all-available","Asia/Taipei","BTCUSDT","BTC-260628-59500-P","2026-06-28","59500","PUT","1h","2026-06-26 21:00:00","2026-06-27 05:00:00","335.000","345.000","235.000","250.000","6.06","2026-06-26 21:59:59","2026-06-27 05:59:59","1632.90000","20","1.85","459.15000"
"all-available","Asia/Taipei","BTCUSDT","BTC-260628-59500-P","2026-06-28","59500","PUT","1h","2026-06-26 22:00:00","2026-06-27 06:00:00","250.000","275.000","195.000","195.000","5.96","2026-06-26 22:59:59","2026-06-27 06:59:59","1464.20000","11","0.18","43.55000"
"all-available","Asia/Taipei","BTCUSDT","BTC-260628-59500-P","2026-06-28","59500","PUT","1h","2026-06-26 23:00:00","2026-06-27 07:00:00","180.000","180.000","165.000","165.000","0.41","2026-06-26 23:59:59","2026-06-27 07:59:59","67.95000","10","0.39","64.35000"
"all-available","Asia/Taipei","BTCUSDT","BTC-260628-59500-P","2026-06-28","59500","PUT","1h","2026-06-27 00:00:00","2026-06-27 08:00:00","155.000","160.000","125.000","125.000","19.59","2026-06-27 00:59:59","2026-06-27 08:59:59","2752.60000","19","0.09","12.75000"
"all-available","Asia/Taipei","BTCUSDT","BTC-260628-59500-P","2026-06-28","59500","PUT","1h","2026-06-27 01:00:00","2026-06-27 09:00:00","120.000","150.000","120.000","150.000","1.19","2026-06-27 01:59:59","2026-06-27 09:59:59","174.20000","16","1.11","163.75000"
"all-available","Asia/Taipei","BTCUSDT","BTC-260628-59500-P","2026-06-28","59500","PUT","1h","2026-06-27 02:00:00","2026-06-27 10:00:00","150.000","150.000","75.000","75.000","3.49","2026-06-27 02:59:59","2026-06-27 10:59:59","389.00000","19","1.70","202.15000"
"all-available","Asia/Taipei","BTCUSDT","BTC-260628-59500-P","2026-06-28","59500","PUT","1h","2026-06-27 03:00:00","2026-06-27 11:00:00","70.000","80.000","70.000","80.000","0.14","2026-06-27 03:59:59","2026-06-27 11:59:59","10.20000","2","0.04","3.20000"
"all-available","Asia/Taipei","BTCUSDT","BTC-260628-59500-P","2026-06-28","59500","PUT","1h","2026-06-27 04:00:00","2026-06-27 12:00:00","60.000","85.000","55.000","85.000","2.68","2026-06-27 04:59:59","2026-06-27 12:59:59","202.20000","13","2.68","202.20000"
"all-available","Asia/Taipei","BTCUSDT","BTC-260628-59500-P","2026-06-28","59500","PUT","1h","2026-06-27 05:00:00","2026-06-27 13:00:00","85.000","100.000","85.000","100.000","1.80","2026-06-27 05:59:59","2026-06-27 13:59:59","154.95000","8","1.41","120.30000"
"all-available","Asia/Taipei","BTCUSDT","BTC-260628-59500-P","2026-06-28","59500","PUT","1h","2026-06-27 06:00:00","2026-06-27 14:00:00","80.000","100.000","60.000","60.000","4.78","2026-06-27 06:59:59","2026-06-27 14:59:59","401.65000","16","3.17","250.80000"
"all-available","Asia/Taipei","BTCUSDT","BTC-260628-59500-P","2026-06-28","59500","PUT","1h","2026-06-27 07:00:00","2026-06-27 15:00:00","65.000","65.000","45.000","45.000","1.06","2026-06-27 07:59:59","2026-06-27 15:59:59","58.20000","11","1.05","57.75000"
"all-available","Asia/Taipei","BTCUSDT","BTC-260628-59500-P","2026-06-28","59500","PUT","1h","2026-06-27 08:00:00","2026-06-27 16:00:00","55.000","55.000","45.000","50.000","24.69","2026-06-27 08:59:59","2026-06-27 16:59:59","1147.40000","13","22.50","1037.90000"
"all-available","Asia/Taipei","BTCUSDT","BTC-260628-59500-P","2026-06-28","59500","PUT","1h","2026-06-27 09:00:00","2026-06-27 17:00:00","45.000","60.000","45.000","50.000","8.78","2026-06-27 09:59:59","2026-06-27 17:59:59","481.55000","34","7.56","420.55000"
"all-available","Asia/Taipei","BTCUSDT","BTC-260628-59500-P","2026-06-28","59500","PUT","1h","2026-06-27 10:00:00","2026-06-27 18:00:00","50.000","50.000","50.000","50.000","0.02","2026-06-27 10:59:59","2026-06-27 18:59:59","1.00000","1","0.00","0.00000"
"all-available","Asia/Taipei","BTCUSDT","BTC-260628-59500-P","2026-06-28","59500","PUT","1h","2026-06-27 11:00:00","2026-06-27 19:00:00","50.000","80.000","45.000","55.000","24.48","2026-06-27 11:59:59","2026-06-27 19:59:59","1266.20000","23","3.22","206.60000"
"all-available","Asia/Taipei","BTCUSDT","BTC-260628-59500-P","2026-06-28","59500","PUT","1h","2026-06-27 12:00:00","2026-06-27 20:00:00","50.000","65.000","45.000","45.000","17.78","2026-06-27 12:59:59","2026-06-27 20:59:59","1054.75000","25","12.05","760.75000"
"all-available","Asia/Taipei","BTCUSDT","BTC-260628-59500-P","2026-06-28","59500","PUT","1h","2026-06-27 13:00:00","2026-06-27 21:00:00","40.000","40.000","35.000","35.000","12.34","2026-06-27 13:59:59","2026-06-27 21:59:59","483.05000","14","12.30","481.50000"
"all-available","Asia/Taipei","BTCUSDT","BTC-260628-59500-P","2026-06-28","59500","PUT","1h","2026-06-27 14:00:00","2026-06-27 22:00:00","35.000","35.000","25.000","30.000","13.68","2026-06-27 14:59:59","2026-06-27 22:59:59","417.60000","30","11.84","362.40000"
"all-available","Asia/Taipei","BTCUSDT","BTC-260628-59500-P","2026-06-28","59500","PUT","1h","2026-06-27 15:00:00","2026-06-27 23:00:00","25.000","25.000","20.000","25.000","2.59","2026-06-27 15:59:59","2026-06-27 23:59:59","62.25000","9","2.39","57.25000"
"all-available","Asia/Taipei","BTCUSDT","BTC-260628-59500-P","2026-06-28","59500","PUT","1h","2026-06-27 16:00:00","2026-06-28 00:00:00","25.000","30.000","25.000","25.000","5.47","2026-06-27 16:59:59","2026-06-28 00:59:59","151.00000","12","1.90","57.00000"
"all-available","Asia/Taipei","BTCUSDT","BTC-260628-59500-P","2026-06-28","59500","PUT","1h","2026-06-27 17:00:00","2026-06-28 01:00:00","25.000","40.000","25.000","35.000","5.50","2026-06-27 17:59:59","2026-06-28 01:59:59","179.95000","13","2.61","93.25000"
"all-available","Asia/Taipei","BTCUSDT","BTC-260628-59500-P","2026-06-28","59500","PUT","1h","2026-06-27 18:00:00","2026-06-28 02:00:00","35.000","40.000","25.000","25.000","2.00","2026-06-27 18:59:59","2026-06-28 02:59:59","70.70000","16","1.99","70.45000"
"all-available","Asia/Taipei","BTCUSDT","BTC-260628-59500-P","2026-06-28","59500","PUT","1h","2026-06-27 19:00:00","2026-06-28 03:00:00","35.000","95.000","35.000","75.000","6.34","2026-06-27 19:59:59","2026-06-28 03:59:59","428.75000","28","2.19","117.65000"
"all-available","Asia/Taipei","BTCUSDT","BTC-260628-59500-P","2026-06-28","59500","PUT","1h","2026-06-27 20:00:00","2026-06-28 04:00:00","75.000","75.000","55.000","55.000","2.47","2026-06-27 20:59:59","2026-06-28 04:59:59","163.20000","8","0.01","0.60000"
"all-available","Asia/Taipei","BTCUSDT","BTC-260628-59500-P","2026-06-28","59500","PUT","1h","2026-06-27 21:00:00","2026-06-28 05:00:00","45.000","60.000","40.000","60.000","7.08","2026-06-27 21:59:59","2026-06-28 05:59:59","338.85000","23","5.27","261.00000"
"all-available","Asia/Taipei","BTCUSDT","BTC-260628-59500-P","2026-06-28","59500","PUT","1h","2026-06-27 22:00:00","2026-06-28 06:00:00","65.000","125.000","40.000","45.000","8.37","2026-06-27 22:59:59","2026-06-28 06:59:59","754.50000","28","2.18","191.40000"
"all-available","Asia/Taipei","BTCUSDT","BTC-260628-59500-P","2026-06-28","59500","PUT","1h","2026-06-27 23:00:00","2026-06-28 07:00:00","40.000","75.000","30.000","65.000","8.96","2026-06-27 23:59:59","2026-06-28 07:59:59","534.65000","39","7.93","496.00000"
"all-available","Asia/Taipei","BTCUSDT","BTC-260628-59500-P","2026-06-28","59500","PUT","1h","2026-06-28 00:00:00","2026-06-28 08:00:00","55.000","55.000","35.000","35.000","3.80","2026-06-28 00:59:59","2026-06-28 08:59:59","154.85000","35","3.47","138.80000"
"all-available","Asia/Taipei","BTCUSDT","BTC-260628-59500-P","2026-06-28","59500","PUT","1h","2026-06-28 01:00:00","2026-06-28 09:00:00","40.000","50.000","25.000","25.000","8.24","2026-06-28 01:59:59","2026-06-28 09:59:59","310.10000","20","4.51","186.90000"
"all-available","Asia/Taipei","BTCUSDT","BTC-260628-59500-P","2026-06-28","59500","PUT","1h","2026-06-28 02:00:00","2026-06-28 10:00:00","20.000","40.000","20.000","25.000","5.75","2026-06-28 02:59:59","2026-06-28 10:59:59","163.65000","25","2.22","74.15000"
"all-available","Asia/Taipei","BTCUSDT","BTC-260628-59500-P","2026-06-28","59500","PUT","1h","2026-06-28 03:00:00","2026-06-28 11:00:00","25.000","25.000","15.000","20.000","4.30","2026-06-28 03:59:59","2026-06-28 11:59:59","94.00000","38","2.18","43.65000"
"all-available","Asia/Taipei","BTCUSDT","BTC-260628-59500-P","2026-06-28","59500","PUT","1h","2026-06-28 04:00:00","2026-06-28 12:00:00","20.000","25.000","15.000","20.000","3.27","2026-06-28 04:59:59","2026-06-28 12:59:59","69.90000","13","2.54","55.85000"
"all-available","Asia/Taipei","BTCUSDT","BTC-260628-59500-P","2026-06-28","59500","PUT","1h","2026-06-28 05:00:00","2026-06-28 13:00:00","25.000","55.000","15.000","15.000","15.61","2026-06-28 05:59:59","2026-06-28 13:59:59","584.85000","61","6.59","198.20000"
"all-available","Asia/Taipei","BTCUSDT","BTC-260628-59500-P","2026-06-28","59500","PUT","1h","2026-06-28 06:00:00","2026-06-28 14:00:00","15.000","30.000","5.000","5.000","29.56","2026-06-28 06:59:59","2026-06-28 14:59:59","279.80000","21","0.01","0.25000"
"all-available","Asia/Taipei","BTCUSDT","BTC-260628-59500-P","2026-06-28","59500","PUT","1h","2026-06-28 07:00:00","2026-06-28 15:00:00","5.000","5.000","5.000","5.000","0.00","2026-06-28 07:59:59","2026-06-28 15:59:59","0.00000","0","0.00","0.00000"
"all-available","Asia/Taipei","BTCUSDT","BTC-260628-60000-C","2026-06-28","60000","CALL","1h","2026-06-25 10:00:00","2026-06-25 18:00:00","1795.000","1795.000","1795.000","1795.000","2.60","2026-06-25 10:59:59","2026-06-25 18:59:59","4667.00000","1","0.00","0.00000"
"all-available","Asia/Taipei","BTCUSDT","BTC-260628-60000-C","2026-06-28","60000","CALL","1h","2026-06-25 11:00:00","2026-06-25 19:00:00","1575.000","1650.000","1575.000","1650.000","2.70","2026-06-25 11:59:59","2026-06-25 19:59:59","4447.50000","2","2.60","4290.00000"
"all-available","Asia/Taipei","BTCUSDT","BTC-260628-60000-C","2026-06-28","60000","CALL","1h","2026-06-25 12:00:00","2026-06-25 20:00:00","1650.000","1650.000","1650.000","1650.000","0.00","2026-06-25 12:59:59","2026-06-25 20:59:59","0.00000","0","0.00","0.00000"
"all-available","Asia/Taipei","BTCUSDT","BTC-260628-60000-C","2026-06-28","60000","CALL","1h","2026-06-25 13:00:00","2026-06-25 21:00:00","1650.000","1650.000","340.000","345.000","10.38","2026-06-25 13:59:59","2026-06-25 21:59:59","7452.80000","32","2.25","3044.25000"
"all-available","Asia/Taipei","BTCUSDT","BTC-260628-60000-C","2026-06-28","60000","CALL","1h","2026-06-25 14:00:00","2026-06-25 22:00:00","420.000","815.000","415.000","795.000","6.20","2026-06-25 14:59:59","2026-06-25 22:59:59","3983.75000","28","1.95","1272.05000"
"all-available","Asia/Taipei","BTCUSDT","BTC-260628-60000-C","2026-06-28","60000","CALL","1h","2026-06-25 15:00:00","2026-06-25 23:00:00","665.000","665.000","665.000","665.000","0.06","2026-06-25 15:59:59","2026-06-25 23:59:59","39.90000","1","0.06","39.90000"
"all-available","Asia/Taipei","BTCUSDT","BTC-260628-60000-C","2026-06-28","60000","CALL","1h","2026-06-25 16:00:00","2026-06-26 00:00:00","665.000","665.000","665.000","665.000","0.00","2026-06-25 16:59:59","2026-06-26 00:59:59","0.00000","0","0.00","0.00000"
"all-available","Asia/Taipei","BTCUSDT","BTC-260628-60000-C","2026-06-28","60000","CALL","1h","2026-06-25 17:00:00","2026-06-26 01:00:00","555.000","585.000","540.000","585.000","1.13","2026-06-25 17:59:59","2026-06-26 01:59:59","652.05000","3","0.98","568.80000"
"all-available","Asia/Taipei","BTCUSDT","BTC-260628-60000-C","2026-06-28","60000","CALL","1h","2026-06-25 18:00:00","2026-06-26 02:00:00","585.000","585.000","585.000","585.000","0.00","2026-06-25 18:59:59","2026-06-26 02:59:59","0.00000","0","0.00","0.00000"
"all-available","Asia/Taipei","BTCUSDT","BTC-260628-60000-C","2026-06-28","60000","CALL","1h","2026-06-25 19:00:00","2026-06-26 03:00:00","560.000","560.000","520.000","520.000","0.39","2026-06-25 19:59:59","2026-06-26 03:59:59","206.80000","2","0.10","56.00000"
"all-available","Asia/Taipei","BTCUSDT","BTC-260628-60000-C","2026-06-28","60000","CALL","1h","2026-06-25 20:00:00","2026-06-26 04:00:00","645.000","645.000","555.000","555.000","0.59","2026-06-25 20:59:59","2026-06-26 04:59:59","379.65000","2","0.00","0.00000"
"all-available","Asia/Taipei","BTCUSDT","BTC-260628-60000-C","2026-06-28","60000","CALL","1h","2026-06-25 21:00:00","2026-06-26 05:00:00","555.000","555.000","555.000","555.000","0.00","2026-06-25 21:59:59","2026-06-26 05:59:59","0.00000","0","0.00","0.00000"
"all-available","Asia/Taipei","BTCUSDT","BTC-260628-60000-C","2026-06-28","60000","CALL","1h","2026-06-25 22:00:00","2026-06-26 06:00:00","555.000","555.000","555.000","555.000","0.00","2026-06-25 22:59:59","2026-06-26 06:59:59","0.00000","0","0.00","0.00000"
"all-available","Asia/Taipei","BTCUSDT","BTC-260628-60000-C","2026-06-28","60000","CALL","1h","2026-06-25 23:00:00","2026-06-26 07:00:00","710.000","710.000","710.000","710.000","1.84","2026-06-25 23:59:59","2026-06-26 07:59:59","1306.40000","1","1.84","1306.40000"
"all-available","Asia/Taipei","BTCUSDT","BTC-260628-60000-C","2026-06-28","60000","CALL","1h","2026-06-26 00:00:00","2026-06-26 08:00:00","710.000","710.000","710.000","710.000","0.00","2026-06-26 00:59:59","2026-06-26 08:59:59","0.00000","0","0.00","0.00000"
"all-available","Asia/Taipei","BTCUSDT","BTC-260628-60000-C","2026-06-28","60000","CALL","1h","2026-06-26 01:00:00","2026-06-26 09:00:00","595.000","595.000","455.000","455.000","1.36","2026-06-26 01:59:59","2026-06-26 09:59:59","773.20000","4","1.20","678.00000"
"all-available","Asia/Taipei","BTCUSDT","BTC-260628-60000-C","2026-06-28","60000","CALL","1h","2026-06-26 02:00:00","2026-06-26 10:00:00","485.000","485.000","285.000","300.000","13.25","2026-06-26 02:59:59","2026-06-26 10:59:59","4704.10000","26","10.80","3764.10000"
"all-available","Asia/Taipei","BTCUSDT","BTC-260628-60000-C","2026-06-28","60000","CALL","1h","2026-06-26 03:00:00","2026-06-26 11:00:00","585.000","670.000","585.000","670.000","8.30","2026-06-26 03:59:59","2026-06-26 11:59:59","5145.25000","9","5.41","3289.70000"
"all-available","Asia/Taipei","BTCUSDT","BTC-260628-60000-C","2026-06-28","60000","CALL","1h","2026-06-26 04:00:00","2026-06-26 12:00:00","690.000","690.000","690.000","690.000","0.97","2026-06-26 04:59:59","2026-06-26 12:59:59","669.30000","8","0.00","0.00000"
"all-available","Asia/Taipei","BTCUSDT","BTC-260628-60000-C","2026-06-28","60000","CALL","1h","2026-06-26 05:00:00","2026-06-26 13:00:00","700.000","745.000","700.000","735.000","5.09","2026-06-26 05:59:59","2026-06-26 13:59:59","3566.85000","4","5.07","3552.15000"
"all-available","Asia/Taipei","BTCUSDT","BTC-260628-60000-C","2026-06-28","60000","CALL","1h","2026-06-26 06:00:00","2026-06-26 14:00:00","655.000","890.000","655.000","890.000","3.23","2026-06-26 06:59:59","2026-06-26 14:59:59","2820.65000","4","3.23","2820.65000"
"all-available","Asia/Taipei","BTCUSDT","BTC-260628-60000-C","2026-06-28","60000","CALL","1h","2026-06-26 07:00:00","2026-06-26 15:00:00","995.000","1215.000","995.000","1140.000","9.34","2026-06-26 07:59:59","2026-06-26 15:59:59","10737.80000","10","3.52","4171.30000"
"all-available","Asia/Taipei","BTCUSDT","BTC-260628-60000-C","2026-06-28","60000","CALL","1h","2026-06-26 08:00:00","2026-06-26 16:00:00","965.000","965.000","880.000","880.000","3.31","2026-06-26 08:59:59","2026-06-26 16:59:59","2955.75000","8","2.48","2212.90000"
"all-available","Asia/Taipei","BTCUSDT","BTC-260628-60000-C","2026-06-28","60000","CALL","1h","2026-06-26 09:00:00","2026-06-26 17:00:00","825.000","825.000","665.000","665.000","2.38","2026-06-26 09:59:59","2026-06-26 17:59:59","1736.30000","7","0.00","0.00000"
"all-available","Asia/Taipei","BTCUSDT","BTC-260628-60000-C","2026-06-28","60000","CALL","1h","2026-06-26 10:00:00","2026-06-26 18:00:00","635.000","645.000","505.000","505.000","2.15","2026-06-26 10:59:59","2026-06-26 18:59:59","1111.45000","7","0.24","146.90000"
"all-available","Asia/Taipei","BTCUSDT","BTC-260628-60000-C","2026-06-28","60000","CALL","1h","2026-06-26 11:00:00","2026-06-26 19:00:00","550.000","550.000","500.000","505.000","0.14","2026-06-26 11:59:59","2026-06-26 19:59:59","71.55000","4","0.12","60.55000"
"all-available","Asia/Taipei","BTCUSDT","BTC-260628-60000-C","2026-06-28","60000","CALL","1h","2026-06-26 12:00:00","2026-06-26 20:00:00","585.000","585.000","450.000","450.000","6.39","2026-06-26 12:59:59","2026-06-26 20:59:59","2954.35000","8","1.39","629.35000"
"all-available","Asia/Taipei","BTCUSDT","BTC-260628-60000-C","2026-06-28","60000","CALL","1h","2026-06-26 13:00:00","2026-06-26 21:00:00","330.000","475.000","330.000","475.000","3.78","2026-06-26 13:59:59","2026-06-26 21:59:59","1403.15000","13","2.89","1093.45000"
"all-available","Asia/Taipei","BTCUSDT","BTC-260628-60000-C","2026-06-28","60000","CALL","1h","2026-06-26 14:00:00","2026-06-26 22:00:00","845.000","845.000","445.000","445.000","2.12","2026-06-26 14:59:59","2026-06-26 22:59:59","1030.35000","5","0.01","8.45000"
"all-available","Asia/Taipei","BTCUSDT","BTC-260628-60000-C","2026-06-28","60000","CALL","1h","2026-06-26 15:00:00","2026-06-26 23:00:00","735.000","900.000","735.000","830.000","3.59","2026-06-26 15:59:59","2026-06-26 23:59:59","2697.05000","8","0.01","8.85000"
"all-available","Asia/Taipei","BTCUSDT","BTC-260628-60000-C","2026-06-28","60000","CALL","1h","2026-06-26 16:00:00","2026-06-27 00:00:00","820.000","880.000","610.000","680.000","4.78","2026-06-26 16:59:59","2026-06-27 00:59:59","3082.40000","14","3.95","2539.50000"
"all-available","Asia/Taipei","BTCUSDT","BTC-260628-60000-C","2026-06-28","60000","CALL","1h","2026-06-26 17:00:00","2026-06-27 01:00:00","690.000","690.000","605.000","605.000","7.57","2026-06-26 17:59:59","2026-06-27 01:59:59","5076.25000","11","2.08","1329.25000"
"all-available","Asia/Taipei","BTCUSDT","BTC-260628-60000-C","2026-06-28","60000","CALL","1h","2026-06-26 18:00:00","2026-06-27 02:00:00","575.000","605.000","440.000","440.000","3.72","2026-06-26 18:59:59","2026-06-27 02:59:59","2026.70000","16","0.76","440.40000"
"all-available","Asia/Taipei","BTCUSDT","BTC-260628-60000-C","2026-06-28","60000","CALL","1h","2026-06-26 19:00:00","2026-06-27 03:00:00","330.000","505.000","330.000","395.000","6.54","2026-06-26 19:59:59","2026-06-27 03:59:59","2837.40000","16","2.00","730.00000"
"all-available","Asia/Taipei","BTCUSDT","BTC-260628-60000-C","2026-06-28","60000","CALL","1h","2026-06-26 20:00:00","2026-06-27 04:00:00","375.000","395.000","255.000","265.000","10.07","2026-06-26 20:59:59","2026-06-27 04:59:59","3330.00000","24","1.93","585.55000"
"all-available","Asia/Taipei","BTCUSDT","BTC-260628-60000-C","2026-06-28","60000","CALL","1h","2026-06-26 21:00:00","2026-06-27 05:00:00","270.000","405.000","270.000","405.000","2.54","2026-06-26 21:59:59","2026-06-27 05:59:59","903.30000","6","2.50","892.50000"
"all-available","Asia/Taipei","BTCUSDT","BTC-260628-60000-C","2026-06-28","60000","CALL","1h","2026-06-26 22:00:00","2026-06-27 06:00:00","350.000","385.000","305.000","380.000","7.29","2026-06-26 22:59:59","2026-06-27 06:59:59","2419.60000","26","5.73","1846.80000"
"all-available","Asia/Taipei","BTCUSDT","BTC-260628-60000-C","2026-06-28","60000","CALL","1h","2026-06-26 23:00:00","2026-06-27 07:00:00","405.000","410.000","345.000","345.000","0.21","2026-06-26 23:59:59","2026-06-27 07:59:59","79.20000","4","0.10","34.50000"
"all-available","Asia/Taipei","BTCUSDT","BTC-260628-60000-C","2026-06-28","60000","CALL","1h","2026-06-27 00:00:00","2026-06-27 08:00:00","405.000","405.000","265.000","275.000","11.93","2026-06-27 00:59:59","2026-06-27 08:59:59","3601.50000","9","10.42","3004.85000"
"all-available","Asia/Taipei","BTCUSDT","BTC-260628-60000-C","2026-06-28","60000","CALL","1h","2026-06-27 01:00:00","2026-06-27 09:00:00","290.000","290.000","270.000","270.000","0.73","2026-06-27 01:59:59","2026-06-27 09:59:59","203.50000","3","0.73","203.50000"
"all-available","Asia/Taipei","BTCUSDT","BTC-260628-60000-C","2026-06-28","60000","CALL","1h","2026-06-27 02:00:00","2026-06-27 10:00:00","285.000","500.000","285.000","465.000","3.02","2026-06-27 02:59:59","2026-06-27 10:59:59","1163.50000","13","1.68","574.25000"
"all-available","Asia/Taipei","BTCUSDT","BTC-260628-60000-C","2026-06-28","60000","CALL","1h","2026-06-27 03:00:00","2026-06-27 11:00:00","445.000","455.000","445.000","455.000","0.05","2026-06-27 03:59:59","2026-06-27 11:59:59","22.65000","2","0.01","4.45000"
"all-available","Asia/Taipei","BTCUSDT","BTC-260628-60000-C","2026-06-28","60000","CALL","1h","2026-06-27 04:00:00","2026-06-27 12:00:00","550.000","550.000","550.000","550.000","0.04","2026-06-27 04:59:59","2026-06-27 12:59:59","22.00000","1","0.04","22.00000"
"all-available","Asia/Taipei","BTCUSDT","BTC-260628-60000-C","2026-06-28","60000","CALL","1h","2026-06-27 05:00:00","2026-06-27 13:00:00","385.000","435.000","385.000","435.000","0.62","2026-06-27 05:59:59","2026-06-27 13:59:59","249.80000","6","0.32","123.55000"
"all-available","Asia/Taipei","BTCUSDT","BTC-260628-60000-C","2026-06-28","60000","CALL","1h","2026-06-27 06:00:00","2026-06-27 14:00:00","380.000","490.000","380.000","490.000","0.04","2026-06-27 06:59:59","2026-06-27 14:59:59","17.40000","3","0.00","0.00000"
"all-available","Asia/Taipei","BTCUSDT","BTC-260628-60000-C","2026-06-28","60000","CALL","1h","2026-06-27 07:00:00","2026-06-27 15:00:00","500.000","500.000","500.000","500.000","1.00","2026-06-27 07:59:59","2026-06-27 15:59:59","500.00000","1","1.00","500.00000"
"all-available","Asia/Taipei","BTCUSDT","BTC-260628-60000-C","2026-06-28","60000","CALL","1h","2026-06-27 08:00:00","2026-06-27 16:00:00","580.000","580.000","555.000","555.000","1.02","2026-06-27 08:59:59","2026-06-27 16:59:59","569.10000","9","0.50","277.50000"
"all-available","Asia/Taipei","BTCUSDT","BTC-260628-60000-C","2026-06-28","60000","CALL","1h","2026-06-27 09:00:00","2026-06-27 17:00:00","555.000","555.000","555.000","555.000","0.00","2026-06-27 09:59:59","2026-06-27 17:59:59","0.00000","0","0.00","0.00000"
"all-available","Asia/Taipei","BTCUSDT","BTC-260628-60000-C","2026-06-28","60000","CALL","1h","2026-06-27 10:00:00","2026-06-27 18:00:00","540.000","540.000","540.000","540.000","0.01","2026-06-27 10:59:59","2026-06-27 18:59:59","5.40000","1","0.01","5.40000"
"all-available","Asia/Taipei","BTCUSDT","BTC-260628-60000-C","2026-06-28","60000","CALL","1h","2026-06-27 11:00:00","2026-06-27 19:00:00","415.000","415.000","380.000","380.000","0.46","2026-06-27 11:59:59","2026-06-27 19:59:59","175.50000","2","0.46","175.50000"
"all-available","Asia/Taipei","BTCUSDT","BTC-260628-60000-C","2026-06-28","60000","CALL","1h","2026-06-27 12:00:00","2026-06-27 20:00:00","435.000","460.000","435.000","455.000","0.42","2026-06-27 12:59:59","2026-06-27 20:59:59","184.95000","4","0.01","4.50000"
"all-available","Asia/Taipei","BTCUSDT","BTC-260628-60000-C","2026-06-28","60000","CALL","1h","2026-06-27 13:00:00","2026-06-27 21:00:00","455.000","455.000","455.000","455.000","0.00","2026-06-27 13:59:59","2026-06-27 21:59:59","0.00000","0","0.00","0.00000"
"all-available","Asia/Taipei","BTCUSDT","BTC-260628-60000-C","2026-06-28","60000","CALL","1h","2026-06-27 14:00:00","2026-06-27 22:00:00","455.000","455.000","455.000","455.000","0.00","2026-06-27 14:59:59","2026-06-27 22:59:59","0.00000","0","0.00","0.00000"
"all-available","Asia/Taipei","BTCUSDT","BTC-260628-60000-C","2026-06-28","60000","CALL","1h","2026-06-27 15:00:00","2026-06-27 23:00:00","935.000","935.000","935.000","935.000","0.01","2026-06-27 15:59:59","2026-06-27 23:59:59","9.35000","1","0.01","9.35000"
"all-available","Asia/Taipei","BTCUSDT","BTC-260628-60000-C","2026-06-28","60000","CALL","1h","2026-06-27 16:00:00","2026-06-28 00:00:00","935.000","935.000","935.000","935.000","0.00","2026-06-27 16:59:59","2026-06-28 00:59:59","0.00000","0","0.00","0.00000"
"all-available","Asia/Taipei","BTCUSDT","BTC-260628-60000-C","2026-06-28","60000","CALL","1h","2026-06-27 17:00:00","2026-06-28 01:00:00","620.000","620.000","620.000","620.000","0.01","2026-06-27 17:59:59","2026-06-28 01:59:59","6.20000","1","0.01","6.20000"
"all-available","Asia/Taipei","BTCUSDT","BTC-260628-60000-C","2026-06-28","60000","CALL","1h","2026-06-27 18:00:00","2026-06-28 02:00:00","580.000","615.000","580.000","615.000","0.02","2026-06-27 18:59:59","2026-06-28 02:59:59","11.95000","2","0.01","6.15000"
"all-available","Asia/Taipei","BTCUSDT","BTC-260628-60000-C","2026-06-28","60000","CALL","1h","2026-06-27 19:00:00","2026-06-28 03:00:00","420.000","425.000","310.000","365.000","7.82","2026-06-27 19:59:59","2026-06-28 03:59:59","2596.30000","14","7.79","2585.35000"
"all-available","Asia/Taipei","BTCUSDT","BTC-260628-60000-C","2026-06-28","60000","CALL","1h","2026-06-27 20:00:00","2026-06-28 04:00:00","425.000","425.000","425.000","425.000","0.03","2026-06-27 20:59:59","2026-06-28 04:59:59","12.75000","1","0.00","0.00000"
"all-available","Asia/Taipei","BTCUSDT","BTC-260628-60000-C","2026-06-28","60000","CALL","1h","2026-06-27 21:00:00","2026-06-28 05:00:00","335.000","340.000","320.000","340.000","0.98","2026-06-27 21:59:59","2026-06-28 05:59:59","328.05000","5","0.98","328.05000"
"all-available","Asia/Taipei","BTCUSDT","BTC-260628-60000-C","2026-06-28","60000","CALL","1h","2026-06-27 22:00:00","2026-06-28 06:00:00","295.000","320.000","200.000","320.000","2.62","2026-06-27 22:59:59","2026-06-28 06:59:59","655.60000","13","1.96","486.80000"
"all-available","Asia/Taipei","BTCUSDT","BTC-260628-60000-C","2026-06-28","60000","CALL","1h","2026-06-27 23:00:00","2026-06-28 07:00:00","335.000","335.000","230.000","235.000","2.89","2026-06-27 23:59:59","2026-06-28 07:59:59","938.60000","11","0.29","67.60000"
"all-available","Asia/Taipei","BTCUSDT","BTC-260628-60000-C","2026-06-28","60000","CALL","1h","2026-06-28 00:00:00","2026-06-28 08:00:00","235.000","235.000","235.000","235.000","0.00","2026-06-28 00:59:59","2026-06-28 08:59:59","0.00000","0","0.00","0.00000"
"all-available","Asia/Taipei","BTCUSDT","BTC-260628-60000-C","2026-06-28","60000","CALL","1h","2026-06-28 01:00:00","2026-06-28 09:00:00","200.000","340.000","195.000","340.000","0.61","2026-06-28 01:59:59","2026-06-28 09:59:59","159.15000","6","0.40","87.75000"
"all-available","Asia/Taipei","BTCUSDT","BTC-260628-60000-C","2026-06-28","60000","CALL","1h","2026-06-28 02:00:00","2026-06-28 10:00:00","295.000","295.000","200.000","250.000","3.65","2026-06-28 02:59:59","2026-06-28 10:59:59","818.25000","9","3.32","740.25000"
"all-available","Asia/Taipei","BTCUSDT","BTC-260628-60000-C","2026-06-28","60000","CALL","1h","2026-06-28 03:00:00","2026-06-28 11:00:00","250.000","250.000","250.000","250.000","0.00","2026-06-28 03:59:59","2026-06-28 11:59:59","0.00000","0","0.00","0.00000"
"all-available","Asia/Taipei","BTCUSDT","BTC-260628-60000-C","2026-06-28","60000","CALL","1h","2026-06-28 04:00:00","2026-06-28 12:00:00","230.000","230.000","210.000","210.000","3.55","2026-06-28 04:59:59","2026-06-28 12:59:59","797.30000","7","0.00","0.00000"
"all-available","Asia/Taipei","BTCUSDT","BTC-260628-60000-C","2026-06-28","60000","CALL","1h","2026-06-28 05:00:00","2026-06-28 13:00:00","175.000","175.000","50.000","95.000","27.54","2026-06-28 05:59:59","2026-06-28 13:59:59","2069.65000","71","24.02","1769.40000"
"all-available","Asia/Taipei","BTCUSDT","BTC-260628-60000-C","2026-06-28","60000","CALL","1h","2026-06-28 06:00:00","2026-06-28 14:00:00","110.000","110.000","55.000","80.000","68.05","2026-06-28 06:59:59","2026-06-28 14:59:59","5808.35000","268","3.96","271.95000"
"all-available","Asia/Taipei","BTCUSDT","BTC-260628-60000-C","2026-06-28","60000","CALL","1h","2026-06-28 07:00:00","2026-06-28 15:00:00","95.000","160.000","95.000","160.000","41.10","2026-06-28 07:59:59","2026-06-28 15:59:59","3911.25000","35","41.06","3906.45000"
"all-available","Asia/Taipei","BTCUSDT","BTC-260628-60000-P","2026-06-28","60000","PUT","1h","2026-06-25 08:00:00","2026-06-25 16:00:00","290.000","295.000","290.000","295.000","0.27","2026-06-25 08:59:59","2026-06-25 16:59:59","79.10000","3","0.16","47.20000"
"all-available","Asia/Taipei","BTCUSDT","BTC-260628-60000-P","2026-06-28","60000","PUT","1h","2026-06-25 09:00:00","2026-06-25 17:00:00","275.000","275.000","275.000","275.000","0.49","2026-06-25 09:59:59","2026-06-25 17:59:59","134.75000","2","0.19","52.25000"
"all-available","Asia/Taipei","BTCUSDT","BTC-260628-60000-P","2026-06-28","60000","PUT","1h","2026-06-25 10:00:00","2026-06-25 18:00:00","300.000","300.000","300.000","300.000","0.40","2026-06-25 10:59:59","2026-06-25 18:59:59","120.00000","2","0.40","120.00000"
"all-available","Asia/Taipei","BTCUSDT","BTC-260628-60000-P","2026-06-28","60000","PUT","1h","2026-06-25 11:00:00","2026-06-25 19:00:00","470.000","470.000","455.000","455.000","1.10","2026-06-25 11:59:59","2026-06-25 19:59:59","500.95000","3","0.02","9.40000"
"all-available","Asia/Taipei","BTCUSDT","BTC-260628-60000-P","2026-06-28","60000","PUT","1h","2026-06-25 12:00:00","2026-06-25 20:00:00","485.000","485.000","370.000","465.000","3.45","2026-06-25 12:59:59","2026-06-25 20:59:59","1539.90000","8","1.27","591.85000"
"all-available","Asia/Taipei","BTCUSDT","BTC-260628-60000-P","2026-06-28","60000","PUT","1h","2026-06-25 13:00:00","2026-06-25 21:00:00","445.000","1780.000","445.000","1780.000","0.62","2026-06-25 13:59:59","2026-06-25 21:59:59","572.85000","11","0.54","485.05000"
"all-available","Asia/Taipei","BTCUSDT","BTC-260628-60000-P","2026-06-28","60000","PUT","1h","2026-06-25 14:00:00","2026-06-25 22:00:00","1525.000","1710.000","1160.000","1160.000","7.19","2026-06-25 14:59:59","2026-06-25 22:59:59","9782.00000","8","4.11","6040.20000"
"all-available","Asia/Taipei","BTCUSDT","BTC-260628-60000-P","2026-06-28","60000","PUT","1h","2026-06-25 15:00:00","2026-06-25 23:00:00","1350.000","1350.000","1350.000","1350.000","1.00","2026-06-25 15:59:59","2026-06-25 23:59:59","1350.00000","2","0.00","0.00000"
"all-available","Asia/Taipei","BTCUSDT","BTC-260628-60000-P","2026-06-28","60000","PUT","1h","2026-06-25 16:00:00","2026-06-26 00:00:00","985.000","985.000","985.000","985.000","1.00","2026-06-25 16:59:59","2026-06-26 00:59:59","985.00000","1","0.00","0.00000"
"all-available","Asia/Taipei","BTCUSDT","BTC-260628-60000-P","2026-06-28","60000","PUT","1h","2026-06-25 17:00:00","2026-06-26 01:00:00","985.000","985.000","985.000","985.000","0.00","2026-06-25 17:59:59","2026-06-26 01:59:59","0.00000","0","0.00","0.00000"
"all-available","Asia/Taipei","BTCUSDT","BTC-260628-60000-P","2026-06-28","60000","PUT","1h","2026-06-25 18:00:00","2026-06-26 02:00:00","985.000","985.000","985.000","985.000","0.00","2026-06-25 18:59:59","2026-06-26 02:59:59","0.00000","0","0.00","0.00000"
"all-available","Asia/Taipei","BTCUSDT","BTC-260628-60000-P","2026-06-28","60000","PUT","1h","2026-06-25 19:00:00","2026-06-26 03:00:00","1085.000","1085.000","1085.000","1085.000","3.99","2026-06-25 19:59:59","2026-06-26 03:59:59","4329.15000","2","3.99","4329.15000"
"all-available","Asia/Taipei","BTCUSDT","BTC-260628-60000-P","2026-06-28","60000","PUT","1h","2026-06-25 20:00:00","2026-06-26 04:00:00","1025.000","1025.000","1025.000","1025.000","0.38","2026-06-25 20:59:59","2026-06-26 04:59:59","389.50000","2","0.38","389.50000"
"all-available","Asia/Taipei","BTCUSDT","BTC-260628-60000-P","2026-06-28","60000","PUT","1h","2026-06-25 21:00:00","2026-06-26 05:00:00","840.000","840.000","680.000","680.000","2.62","2026-06-25 21:59:59","2026-06-26 05:59:59","2043.20000","4","2.56","1992.80000"
"all-available","Asia/Taipei","BTCUSDT","BTC-260628-60000-P","2026-06-28","60000","PUT","1h","2026-06-25 22:00:00","2026-06-26 06:00:00","820.000","820.000","820.000","820.000","0.49","2026-06-25 22:59:59","2026-06-26 06:59:59","401.80000","1","0.49","401.80000"
"all-available","Asia/Taipei","BTCUSDT","BTC-260628-60000-P","2026-06-28","60000","PUT","1h","2026-06-25 23:00:00","2026-06-26 07:00:00","820.000","820.000","820.000","820.000","0.00","2026-06-25 23:59:59","2026-06-26 07:59:59","0.00000","0","0.00","0.00000"
"all-available","Asia/Taipei","BTCUSDT","BTC-260628-60000-P","2026-06-28","60000","PUT","1h","2026-06-26 00:00:00","2026-06-26 08:00:00","820.000","820.000","820.000","820.000","0.00","2026-06-26 00:59:59","2026-06-26 08:59:59","0.00000","0","0.00","0.00000"
"all-available","Asia/Taipei","BTCUSDT","BTC-260628-60000-P","2026-06-28","60000","PUT","1h","2026-06-26 01:00:00","2026-06-26 09:00:00","1020.000","1020.000","1020.000","1020.000","0.10","2026-06-26 01:59:59","2026-06-26 09:59:59","102.00000","1","0.10","102.00000"
"all-available","Asia/Taipei","BTCUSDT","BTC-260628-60000-P","2026-06-28","60000","PUT","1h","2026-06-26 02:00:00","2026-06-26 10:00:00","1400.000","1475.000","1400.000","1475.000","0.32","2026-06-26 02:59:59","2026-06-26 10:59:59","455.50000","3","0.32","455.50000"
"all-available","Asia/Taipei","BTCUSDT","BTC-260628-60000-P","2026-06-28","60000","PUT","1h","2026-06-26 03:00:00","2026-06-26 11:00:00","945.000","945.000","850.000","855.000","0.19","2026-06-26 03:59:59","2026-06-26 11:59:59","166.70000","4","0.00","0.00000"
"all-available","Asia/Taipei","BTCUSDT","BTC-260628-60000-P","2026-06-28","60000","PUT","1h","2026-06-26 04:00:00","2026-06-26 12:00:00","775.000","805.000","735.000","735.000","4.76","2026-06-26 04:59:59","2026-06-26 12:59:59","3756.70000","3","4.76","3756.70000"
"all-available","Asia/Taipei","BTCUSDT","BTC-260628-60000-P","2026-06-28","60000","PUT","1h","2026-06-26 05:00:00","2026-06-26 13:00:00","845.000","845.000","795.000","795.000","0.07","2026-06-26 05:59:59","2026-06-26 13:59:59","58.15000","2","0.00","0.00000"
"all-available","Asia/Taipei","BTCUSDT","BTC-260628-60000-P","2026-06-28","60000","PUT","1h","2026-06-26 06:00:00","2026-06-26 14:00:00","900.000","900.000","685.000","685.000","0.55","2026-06-26 06:59:59","2026-06-26 14:59:59","385.95000","3","0.00","0.00000"
"all-available","Asia/Taipei","BTCUSDT","BTC-260628-60000-P","2026-06-28","60000","PUT","1h","2026-06-26 07:00:00","2026-06-26 15:00:00","600.000","600.000","555.000","555.000","6.25","2026-06-26 07:59:59","2026-06-26 15:59:59","3601.90000","10","4.10","2311.90000"
"all-available","Asia/Taipei","BTCUSDT","BTC-260628-60000-P","2026-06-28","60000","PUT","1h","2026-06-26 08:00:00","2026-06-26 16:00:00","615.000","680.000","615.000","660.000","4.36","2026-06-26 08:59:59","2026-06-26 16:59:59","2822.40000","6","0.61","405.65000"
"all-available","Asia/Taipei","BTCUSDT","BTC-260628-60000-P","2026-06-28","60000","PUT","1h","2026-06-26 09:00:00","2026-06-26 17:00:00","705.000","980.000","705.000","980.000","5.18","2026-06-26 09:59:59","2026-06-26 17:59:59","4842.55000","8","5.18","4842.55000"
"all-available","Asia/Taipei","BTCUSDT","BTC-260628-60000-P","2026-06-28","60000","PUT","1h","2026-06-26 10:00:00","2026-06-26 18:00:00","1115.000","1135.000","1105.000","1135.000","2.49","2026-06-26 10:59:59","2026-06-26 18:59:59","2761.75000","3","2.49","2761.75000"
"all-available","Asia/Taipei","BTCUSDT","BTC-260628-60000-P","2026-06-28","60000","PUT","1h","2026-06-26 11:00:00","2026-06-26 19:00:00","1135.000","1135.000","1135.000","1135.000","0.00","2026-06-26 11:59:59","2026-06-26 19:59:59","0.00000","0","0.00","0.00000"
"all-available","Asia/Taipei","BTCUSDT","BTC-260628-60000-P","2026-06-28","60000","PUT","1h","2026-06-26 12:00:00","2026-06-26 20:00:00","1085.000","1205.000","1085.000","1205.000","3.01","2026-06-26 12:59:59","2026-06-26 20:59:59","3625.85000","3","3.00","3615.00000"
"all-available","Asia/Taipei","BTCUSDT","BTC-260628-60000-P","2026-06-28","60000","PUT","1h","2026-06-26 13:00:00","2026-06-26 21:00:00","1335.000","1335.000","655.000","655.000","20.19","2026-06-26 13:59:59","2026-06-26 21:59:59","13389.00000","11","5.30","3471.50000"
"all-available","Asia/Taipei","BTCUSDT","BTC-260628-60000-P","2026-06-28","60000","PUT","1h","2026-06-26 14:00:00","2026-06-26 22:00:00","725.000","725.000","725.000","725.000","1.46","2026-06-26 14:59:59","2026-06-26 22:59:59","1058.50000","1","0.00","0.00000"
"all-available","Asia/Taipei","BTCUSDT","BTC-260628-60000-P","2026-06-28","60000","PUT","1h","2026-06-26 15:00:00","2026-06-26 23:00:00","610.000","610.000","435.000","455.000","12.94","2026-06-26 15:59:59","2026-06-26 23:59:59","7587.70000","10","9.70","5663.80000"
"all-available","Asia/Taipei","BTCUSDT","BTC-260628-60000-P","2026-06-28","60000","PUT","1h","2026-06-26 16:00:00","2026-06-27 00:00:00","450.000","570.000","400.000","510.000","8.45","2026-06-26 16:59:59","2026-06-27 00:59:59","4098.80000","14","3.21","1452.70000"
"all-available","Asia/Taipei","BTCUSDT","BTC-260628-60000-P","2026-06-28","60000","PUT","1h","2026-06-26 17:00:00","2026-06-27 01:00:00","475.000","535.000","475.000","535.000","4.40","2026-06-26 17:59:59","2026-06-27 01:59:59","2114.00000","5","4.40","2114.00000"
"all-available","Asia/Taipei","BTCUSDT","BTC-260628-60000-P","2026-06-28","60000","PUT","1h","2026-06-26 18:00:00","2026-06-27 02:00:00","550.000","690.000","450.000","690.000","8.25","2026-06-26 18:59:59","2026-06-27 02:59:59","4969.70000","18","5.29","3106.05000"
"all-available","Asia/Taipei","BTCUSDT","BTC-260628-60000-P","2026-06-28","60000","PUT","1h","2026-06-26 19:00:00","2026-06-27 03:00:00","690.000","690.000","690.000","690.000","0.00","2026-06-26 19:59:59","2026-06-27 03:59:59","0.00000","0","0.00","0.00000"
"all-available","Asia/Taipei","BTCUSDT","BTC-260628-60000-P","2026-06-28","60000","PUT","1h","2026-06-26 20:00:00","2026-06-27 04:00:00","505.000","505.000","475.000","505.000","6.84","2026-06-26 20:59:59","2026-06-27 04:59:59","3324.20000","7","6.44","3122.20000"
"all-available","Asia/Taipei","BTCUSDT","BTC-260628-60000-P","2026-06-28","60000","PUT","1h","2026-06-26 21:00:00","2026-06-27 05:00:00","460.000","460.000","460.000","460.000","1.00","2026-06-26 21:59:59","2026-06-27 05:59:59","460.00000","2","0.00","0.00000"
"all-available","Asia/Taipei","BTCUSDT","BTC-260628-60000-P","2026-06-28","60000","PUT","1h","2026-06-26 22:00:00","2026-06-27 06:00:00","440.000","440.000","440.000","440.000","0.06","2026-06-26 22:59:59","2026-06-27 06:59:59","26.40000","1","0.06","26.40000"
"all-available","Asia/Taipei","BTCUSDT","BTC-260628-60000-P","2026-06-28","60000","PUT","1h","2026-06-26 23:00:00","2026-06-27 07:00:00","340.000","340.000","315.000","315.000","0.86","2026-06-26 23:59:59","2026-06-27 07:59:59","271.15000","3","0.00","0.00000"
"all-available","Asia/Taipei","BTCUSDT","BTC-260628-60000-P","2026-06-28","60000","PUT","1h","2026-06-27 00:00:00","2026-06-27 08:00:00","290.000","350.000","260.000","270.000","15.56","2026-06-27 00:59:59","2026-06-27 08:59:59","4255.00000","39","9.72","2641.40000"
"all-available","Asia/Taipei","BTCUSDT","BTC-260628-60000-P","2026-06-28","60000","PUT","1h","2026-06-27 01:00:00","2026-06-27 09:00:00","255.000","315.000","255.000","290.000","0.61","2026-06-27 01:59:59","2026-06-27 09:59:59","177.00000","10","0.05","13.85000"
"all-available","Asia/Taipei","BTCUSDT","BTC-260628-60000-P","2026-06-28","60000","PUT","1h","2026-06-27 02:00:00","2026-06-27 10:00:00","240.000","240.000","160.000","160.000","4.26","2026-06-27 02:59:59","2026-06-27 10:59:59","850.70000","20","0.00","0.00000"
"all-available","Asia/Taipei","BTCUSDT","BTC-260628-60000-P","2026-06-28","60000","PUT","1h","2026-06-27 03:00:00","2026-06-27 11:00:00","155.000","205.000","140.000","170.000","2.13","2026-06-27 03:59:59","2026-06-27 11:59:59","369.10000","10","1.00","170.00000"
"all-available","Asia/Taipei","BTCUSDT","BTC-260628-60000-P","2026-06-28","60000","PUT","1h","2026-06-27 04:00:00","2026-06-27 12:00:00","160.000","190.000","125.000","190.000","1.79","2026-06-27 04:59:59","2026-06-27 12:59:59","291.90000","18","0.89","164.85000"
"all-available","Asia/Taipei","BTCUSDT","BTC-260628-60000-P","2026-06-28","60000","PUT","1h","2026-06-27 05:00:00","2026-06-27 13:00:00","195.000","230.000","180.000","180.000","5.04","2026-06-27 05:59:59","2026-06-27 13:59:59","950.00000","20","1.32","245.95000"
"all-available","Asia/Taipei","BTCUSDT","BTC-260628-60000-P","2026-06-28","60000","PUT","1h","2026-06-27 06:00:00","2026-06-27 14:00:00","210.000","230.000","125.000","150.000","2.94","2026-06-27 06:59:59","2026-06-27 14:59:59","533.05000","22","1.44","274.35000"
"all-available","Asia/Taipei","BTCUSDT","BTC-260628-60000-P","2026-06-28","60000","PUT","1h","2026-06-27 07:00:00","2026-06-27 15:00:00","145.000","155.000","105.000","105.000","3.40","2026-06-27 07:59:59","2026-06-27 15:59:59","460.85000","18","1.97","266.60000"
"all-available","Asia/Taipei","BTCUSDT","BTC-260628-60000-P","2026-06-28","60000","PUT","1h","2026-06-27 08:00:00","2026-06-27 16:00:00","115.000","125.000","100.000","100.000","4.95","2026-06-27 08:59:59","2026-06-27 16:59:59","548.00000","20","2.72","305.60000"
"all-available","Asia/Taipei","BTCUSDT","BTC-260628-60000-P","2026-06-28","60000","PUT","1h","2026-06-27 09:00:00","2026-06-27 17:00:00","105.000","140.000","105.000","140.000","14.12","2026-06-27 09:59:59","2026-06-27 17:59:59","1929.85000","25","14.11","1928.45000"
"all-available","Asia/Taipei","BTCUSDT","BTC-260628-60000-P","2026-06-28","60000","PUT","1h","2026-06-27 10:00:00","2026-06-27 18:00:00","120.000","130.000","110.000","120.000","8.61","2026-06-27 10:59:59","2026-06-27 18:59:59","1051.15000","15","4.49","556.65000"
"all-available","Asia/Taipei","BTCUSDT","BTC-260628-60000-P","2026-06-28","60000","PUT","1h","2026-06-27 11:00:00","2026-06-27 19:00:00","120.000","190.000","120.000","125.000","3.85","2026-06-27 11:59:59","2026-06-27 19:59:59","600.40000","26","3.84","599.00000"
"all-available","Asia/Taipei","BTCUSDT","BTC-260628-60000-P","2026-06-28","60000","PUT","1h","2026-06-27 12:00:00","2026-06-27 20:00:00","150.000","150.000","105.000","105.000","1.98","2026-06-27 12:59:59","2026-06-27 20:59:59","247.10000","7","0.21","29.75000"
"all-available","Asia/Taipei","BTCUSDT","BTC-260628-60000-P","2026-06-28","60000","PUT","1h","2026-06-27 13:00:00","2026-06-27 21:00:00","100.000","115.000","70.000","70.000","3.34","2026-06-27 13:59:59","2026-06-27 21:59:59","341.80000","13","0.21","15.95000"
"all-available","Asia/Taipei","BTCUSDT","BTC-260628-60000-P","2026-06-28","60000","PUT","1h","2026-06-27 14:00:00","2026-06-27 22:00:00","70.000","75.000","55.000","70.000","12.08","2026-06-27 14:59:59","2026-06-27 22:59:59","825.60000","27","8.60","589.65000"
"all-available","Asia/Taipei","BTCUSDT","BTC-260628-60000-P","2026-06-28","60000","PUT","1h","2026-06-27 15:00:00","2026-06-27 23:00:00","70.000","70.000","35.000","50.000","18.52","2026-06-27 15:59:59","2026-06-27 23:59:59","912.20000","48","13.40","688.60000"
"all-available","Asia/Taipei","BTCUSDT","BTC-260628-60000-P","2026-06-28","60000","PUT","1h","2026-06-27 16:00:00","2026-06-28 00:00:00","60.000","65.000","50.000","50.000","2.78","2026-06-27 16:59:59","2026-06-28 00:59:59","164.35000","16","1.77","103.85000"
"all-available","Asia/Taipei","BTCUSDT","BTC-260628-60000-P","2026-06-28","60000","PUT","1h","2026-06-27 17:00:00","2026-06-28 01:00:00","55.000","90.000","55.000","75.000","2.51","2026-06-27 17:59:59","2026-06-28 01:59:59","190.95000","19","1.99","146.70000"
"all-available","Asia/Taipei","BTCUSDT","BTC-260628-60000-P","2026-06-28","60000","PUT","1h","2026-06-27 18:00:00","2026-06-28 02:00:00","85.000","95.000","65.000","70.000","8.21","2026-06-27 18:59:59","2026-06-28 02:59:59","705.85000","15","6.93","616.30000"
"all-available","Asia/Taipei","BTCUSDT","BTC-260628-60000-P","2026-06-28","60000","PUT","1h","2026-06-27 19:00:00","2026-06-28 03:00:00","60.000","225.000","60.000","195.000","19.20","2026-06-27 19:59:59","2026-06-28 03:59:59","3542.65000","60","8.43","1478.45000"
"all-available","Asia/Taipei","BTCUSDT","BTC-260628-60000-P","2026-06-28","60000","PUT","1h","2026-06-27 20:00:00","2026-06-28 04:00:00","180.000","180.000","140.000","140.000","2.25","2026-06-27 20:59:59","2026-06-28 04:59:59","354.60000","9","0.01","1.55000"
"all-available","Asia/Taipei","BTCUSDT","BTC-260628-60000-P","2026-06-28","60000","PUT","1h","2026-06-27 21:00:00","2026-06-28 05:00:00","115.000","145.000","75.000","145.000","10.26","2026-06-27 21:59:59","2026-06-28 05:59:59","1066.35000","57","5.03","546.00000"
"all-available","Asia/Taipei","BTCUSDT","BTC-260628-60000-P","2026-06-28","60000","PUT","1h","2026-06-27 22:00:00","2026-06-28 06:00:00","180.000","300.000","110.000","120.000","19.44","2026-06-27 22:59:59","2026-06-28 06:59:59","3162.65000","55","6.44","1341.45000"
"all-available","Asia/Taipei","BTCUSDT","BTC-260628-60000-P","2026-06-28","60000","PUT","1h","2026-06-27 23:00:00","2026-06-28 07:00:00","100.000","225.000","90.000","165.000","6.71","2026-06-27 23:59:59","2026-06-28 07:59:59","1259.80000","40","3.13","580.05000"
"all-available","Asia/Taipei","BTCUSDT","BTC-260628-60000-P","2026-06-28","60000","PUT","1h","2026-06-28 00:00:00","2026-06-28 08:00:00","190.000","190.000","115.000","115.000","2.94","2026-06-28 00:59:59","2026-06-28 08:59:59","450.60000","49","2.71","420.80000"
"all-available","Asia/Taipei","BTCUSDT","BTC-260628-60000-P","2026-06-28","60000","PUT","1h","2026-06-28 01:00:00","2026-06-28 09:00:00","140.000","185.000","75.000","85.000","13.46","2026-06-28 01:59:59","2026-06-28 09:59:59","1819.15000","84","2.35","327.70000"
"all-available","Asia/Taipei","BTCUSDT","BTC-260628-60000-P","2026-06-28","60000","PUT","1h","2026-06-28 02:00:00","2026-06-28 10:00:00","75.000","130.000","50.000","90.000","3.47","2026-06-28 02:59:59","2026-06-28 10:59:59","313.80000","62","1.03","115.30000"
"all-available","Asia/Taipei","BTCUSDT","BTC-260628-60000-P","2026-06-28","60000","PUT","1h","2026-06-28 03:00:00","2026-06-28 11:00:00","90.000","90.000","60.000","70.000","2.56","2026-06-28 03:59:59","2026-06-28 11:59:59","190.65000","18","1.05","72.45000"
"all-available","Asia/Taipei","BTCUSDT","BTC-260628-60000-P","2026-06-28","60000","PUT","1h","2026-06-28 04:00:00","2026-06-28 12:00:00","65.000","85.000","60.000","75.000","2.22","2026-06-28 04:59:59","2026-06-28 12:59:59","185.65000","60","2.11","177.95000"
"all-available","Asia/Taipei","BTCUSDT","BTC-260628-60000-P","2026-06-28","60000","PUT","1h","2026-06-28 05:00:00","2026-06-28 13:00:00","70.000","230.000","70.000","100.000","21.51","2026-06-28 05:59:59","2026-06-28 13:59:59","3378.85000","189","7.74","935.80000"
"all-available","Asia/Taipei","BTCUSDT","BTC-260628-60000-P","2026-06-28","60000","PUT","1h","2026-06-28 06:00:00","2026-06-28 14:00:00","90.000","145.000","65.000","65.000","5.26","2026-06-28 06:59:59","2026-06-28 14:59:59","685.50000","28","2.01","260.65000"
"all-available","Asia/Taipei","BTCUSDT","BTC-260628-60000-P","2026-06-28","60000","PUT","1h","2026-06-28 07:00:00","2026-06-28 15:00:00","60.000","60.000","5.000","5.000","4.11","2026-06-28 07:59:59","2026-06-28 15:59:59","28.10000","15","3.48","22.80000"
"all-available","Asia/Taipei","BTCUSDT","BTC-260628-60500-C","2026-06-28","60500","CALL","1h","2026-06-25 15:00:00","2026-06-25 23:00:00","365.000","420.000","365.000","420.000","4.29","2026-06-25 15:59:59","2026-06-25 23:59:59","1733.60000","4","4.29","1733.60000"
"all-available","Asia/Taipei","BTCUSDT","BTC-260628-60500-C","2026-06-28","60500","CALL","1h","2026-06-25 16:00:00","2026-06-26 00:00:00","430.000","430.000","360.000","360.000","3.27","2026-06-25 16:59:59","2026-06-26 00:59:59","1315.20000","3","0.27","97.20000"
"all-available","Asia/Taipei","BTCUSDT","BTC-260628-60500-C","2026-06-28","60500","CALL","1h","2026-06-25 17:00:00","2026-06-26 01:00:00","400.000","400.000","400.000","400.000","2.88","2026-06-25 17:59:59","2026-06-26 01:59:59","1152.00000","1","2.88","1152.00000"
"all-available","Asia/Taipei","BTCUSDT","BTC-260628-60500-C","2026-06-28","60500","CALL","1h","2026-06-25 18:00:00","2026-06-26 02:00:00","380.000","380.000","380.000","380.000","0.40","2026-06-25 18:59:59","2026-06-26 02:59:59","152.00000","1","0.00","0.00000"
"all-available","Asia/Taipei","BTCUSDT","BTC-260628-60500-C","2026-06-28","60500","CALL","1h","2026-06-25 19:00:00","2026-06-26 03:00:00","390.000","390.000","330.000","330.000","2.63","2026-06-25 19:59:59","2026-06-26 03:59:59","1011.30000","5","0.00","0.00000"
"all-available","Asia/Taipei","BTCUSDT","BTC-260628-60500-C","2026-06-28","60500","CALL","1h","2026-06-25 20:00:00","2026-06-26 04:00:00","330.000","330.000","330.000","330.000","0.00","2026-06-25 20:59:59","2026-06-26 04:59:59","0.00000","0","0.00","0.00000"
"all-available","Asia/Taipei","BTCUSDT","BTC-260628-60500-C","2026-06-28","60500","CALL","1h","2026-06-25 21:00:00","2026-06-26 05:00:00","400.000","570.000","400.000","570.000","2.40","2026-06-25 21:59:59","2026-06-26 05:59:59","1138.00000","5","2.40","1138.00000"
"all-available","Asia/Taipei","BTCUSDT","BTC-260628-60500-C","2026-06-28","60500","CALL","1h","2026-06-25 22:00:00","2026-06-26 06:00:00","570.000","570.000","570.000","570.000","0.00","2026-06-25 22:59:59","2026-06-26 06:59:59","0.00000","0","0.00","0.00000"
"all-available","Asia/Taipei","BTCUSDT","BTC-260628-60500-C","2026-06-28","60500","CALL","1h","2026-06-25 23:00:00","2026-06-26 07:00:00","470.000","470.000","470.000","470.000","0.57","2026-06-25 23:59:59","2026-06-26 07:59:59","267.90000","1","0.57","267.90000"
"all-available","Asia/Taipei","BTCUSDT","BTC-260628-60500-C","2026-06-28","60500","CALL","1h","2026-06-26 00:00:00","2026-06-26 08:00:00","455.000","455.000","455.000","455.000","1.00","2026-06-26 00:59:59","2026-06-26 08:59:59","455.00000","1","1.00","455.00000"
"all-available","Asia/Taipei","BTCUSDT","BTC-260628-60500-C","2026-06-28","60500","CALL","1h","2026-06-26 01:00:00","2026-06-26 09:00:00","350.000","350.000","340.000","340.000","3.03","2026-06-26 01:59:59","2026-06-26 09:59:59","1059.00000","2","0.00","0.00000"
"all-available","Asia/Taipei","BTCUSDT","BTC-260628-60500-C","2026-06-28","60500","CALL","1h","2026-06-26 02:00:00","2026-06-26 10:00:00","295.000","295.000","195.000","220.000","5.88","2026-06-26 02:59:59","2026-06-26 10:59:59","1358.15000","24","1.43","290.50000"
"all-available","Asia/Taipei","BTCUSDT","BTC-260628-60500-C","2026-06-28","60500","CALL","1h","2026-06-26 03:00:00","2026-06-26 11:00:00","270.000","460.000","270.000","460.000","6.53","2026-06-26 03:59:59","2026-06-26 11:59:59","2626.25000","5","3.57","1303.85000"
"all-available","Asia/Taipei","BTCUSDT","BTC-260628-60500-C","2026-06-28","60500","CALL","1h","2026-06-26 04:00:00","2026-06-26 12:00:00","455.000","530.000","455.000","530.000","0.16","2026-06-26 04:59:59","2026-06-26 12:59:59","73.55000","2","0.01","5.30000"
"all-available","Asia/Taipei","BTCUSDT","BTC-260628-60500-C","2026-06-28","60500","CALL","1h","2026-06-26 05:00:00","2026-06-26 13:00:00","530.000","530.000","530.000","530.000","0.00","2026-06-26 05:59:59","2026-06-26 13:59:59","0.00000","0","0.00","0.00000"
"all-available","Asia/Taipei","BTCUSDT","BTC-260628-60500-C","2026-06-28","60500","CALL","1h","2026-06-26 06:00:00","2026-06-26 14:00:00","530.000","530.000","530.000","530.000","0.00","2026-06-26 06:59:59","2026-06-26 14:59:59","0.00000","0","0.00","0.00000"
"all-available","Asia/Taipei","BTCUSDT","BTC-260628-60500-C","2026-06-28","60500","CALL","1h","2026-06-26 07:00:00","2026-06-26 15:00:00","810.000","810.000","810.000","810.000","0.30","2026-06-26 07:59:59","2026-06-26 15:59:59","243.00000","2","0.00","0.00000"
"all-available","Asia/Taipei","BTCUSDT","BTC-260628-60500-C","2026-06-28","60500","CALL","1h","2026-06-26 08:00:00","2026-06-26 16:00:00","730.000","730.000","605.000","615.000","3.49","2026-06-26 08:59:59","2026-06-26 16:59:59","2468.90000","5","3.11","2212.20000"
"all-available","Asia/Taipei","BTCUSDT","BTC-260628-60500-C","2026-06-28","60500","CALL","1h","2026-06-26 09:00:00","2026-06-26 17:00:00","455.000","455.000","455.000","455.000","0.10","2026-06-26 09:59:59","2026-06-26 17:59:59","45.50000","1","0.10","45.50000"
"all-available","Asia/Taipei","BTCUSDT","BTC-260628-60500-C","2026-06-28","60500","CALL","1h","2026-06-26 10:00:00","2026-06-26 18:00:00","315.000","315.000","315.000","315.000","10.00","2026-06-26 10:59:59","2026-06-26 18:59:59","3150.00000","1","0.00","0.00000"
"all-available","Asia/Taipei","BTCUSDT","BTC-260628-60500-C","2026-06-28","60500","CALL","1h","2026-06-26 11:00:00","2026-06-26 19:00:00","330.000","330.000","330.000","330.000","0.10","2026-06-26 11:59:59","2026-06-26 19:59:59","33.00000","1","0.00","0.00000"
"all-available","Asia/Taipei","BTCUSDT","BTC-260628-60500-C","2026-06-28","60500","CALL","1h","2026-06-26 12:00:00","2026-06-26 20:00:00","255.000","335.000","255.000","335.000","1.83","2026-06-26 12:59:59","2026-06-26 20:59:59","518.65000","6","1.18","300.90000"
"all-available","Asia/Taipei","BTCUSDT","BTC-260628-60500-C","2026-06-28","60500","CALL","1h","2026-06-26 13:00:00","2026-06-26 21:00:00","185.000","560.000","185.000","560.000","19.54","2026-06-26 13:59:59","2026-06-26 21:59:59","4681.65000","22","14.97","3434.05000"
"all-available","Asia/Taipei","BTCUSDT","BTC-260628-60500-C","2026-06-28","60500","CALL","1h","2026-06-26 14:00:00","2026-06-26 22:00:00","445.000","505.000","295.000","295.000","12.02","2026-06-26 14:59:59","2026-06-26 22:59:59","3702.00000","11","7.76","2411.10000"
"all-available","Asia/Taipei","BTCUSDT","BTC-260628-60500-C","2026-06-28","60500","CALL","1h","2026-06-26 15:00:00","2026-06-26 23:00:00","350.000","585.000","350.000","480.000","8.62","2026-06-26 15:59:59","2026-06-26 23:59:59","4098.20000","13","3.01","1308.90000"
"all-available","Asia/Taipei","BTCUSDT","BTC-260628-60500-C","2026-06-28","60500","CALL","1h","2026-06-26 16:00:00","2026-06-27 00:00:00","535.000","575.000","360.000","360.000","2.12","2026-06-26 16:59:59","2026-06-27 00:59:59","893.25000","11","0.56","307.00000"
"all-available","Asia/Taipei","BTCUSDT","BTC-260628-60500-C","2026-06-28","60500","CALL","1h","2026-06-26 17:00:00","2026-06-27 01:00:00","425.000","425.000","405.000","405.000","0.07","2026-06-26 17:59:59","2026-06-27 01:59:59","29.35000","2","0.05","21.25000"
"all-available","Asia/Taipei","BTCUSDT","BTC-260628-60500-C","2026-06-28","60500","CALL","1h","2026-06-26 18:00:00","2026-06-27 02:00:00","335.000","340.000","190.000","190.000","8.60","2026-06-26 18:59:59","2026-06-27 02:59:59","2369.00000","23","2.56","811.00000"
"all-available","Asia/Taipei","BTCUSDT","BTC-260628-60500-C","2026-06-28","60500","CALL","1h","2026-06-26 19:00:00","2026-06-27 03:00:00","165.000","165.000","165.000","165.000","0.02","2026-06-26 19:59:59","2026-06-27 03:59:59","3.30000","2","0.00","0.00000"
"all-available","Asia/Taipei","BTCUSDT","BTC-260628-60500-C","2026-06-28","60500","CALL","1h","2026-06-26 20:00:00","2026-06-27 04:00:00","185.000","190.000","100.000","105.000","8.88","2026-06-26 20:59:59","2026-06-27 04:59:59","1276.05000","21","0.50","52.50000"
"all-available","Asia/Taipei","BTCUSDT","BTC-260628-60500-C","2026-06-28","60500","CALL","1h","2026-06-26 21:00:00","2026-06-27 05:00:00","115.000","180.000","115.000","175.000","3.36","2026-06-26 21:59:59","2026-06-27 05:59:59","419.55000","8","3.30","412.65000"
"all-available","Asia/Taipei","BTCUSDT","BTC-260628-60500-C","2026-06-28","60500","CALL","1h","2026-06-26 22:00:00","2026-06-27 06:00:00","155.000","155.000","135.000","140.000","1.35","2026-06-26 22:59:59","2026-06-27 06:59:59","188.65000","5","1.34","187.10000"
"all-available","Asia/Taipei","BTCUSDT","BTC-260628-60500-C","2026-06-28","60500","CALL","1h","2026-06-26 23:00:00","2026-06-27 07:00:00","165.000","170.000","155.000","170.000","2.02","2026-06-26 23:59:59","2026-06-27 07:59:59","333.30000","42","2.02","333.30000"
"all-available","Asia/Taipei","BTCUSDT","BTC-260628-60500-C","2026-06-28","60500","CALL","1h","2026-06-27 00:00:00","2026-06-27 08:00:00","160.000","160.000","95.000","110.000","26.10","2026-06-27 00:59:59","2026-06-27 08:59:59","3066.10000","28","4.48","553.30000"
"all-available","Asia/Taipei","BTCUSDT","BTC-260628-60500-C","2026-06-28","60500","CALL","1h","2026-06-27 01:00:00","2026-06-27 09:00:00","100.000","100.000","95.000","95.000","2.76","2026-06-27 01:59:59","2026-06-27 09:59:59","262.55000","15","0.00","0.00000"
"all-available","Asia/Taipei","BTCUSDT","BTC-260628-60500-C","2026-06-28","60500","CALL","1h","2026-06-27 02:00:00","2026-06-27 10:00:00","100.000","185.000","100.000","185.000","4.16","2026-06-27 02:59:59","2026-06-27 10:59:59","683.10000","9","1.11","119.10000"
"all-available","Asia/Taipei","BTCUSDT","BTC-260628-60500-C","2026-06-28","60500","CALL","1h","2026-06-27 03:00:00","2026-06-27 11:00:00","195.000","195.000","175.000","175.000","1.15","2026-06-27 03:59:59","2026-06-27 11:59:59","214.25000","3","0.65","126.75000"
"all-available","Asia/Taipei","BTCUSDT","BTC-260628-60500-C","2026-06-28","60500","CALL","1h","2026-06-27 04:00:00","2026-06-27 12:00:00","195.000","230.000","180.000","180.000","1.35","2026-06-27 04:59:59","2026-06-27 12:59:59","277.25000","13","1.00","209.00000"
"all-available","Asia/Taipei","BTCUSDT","BTC-260628-60500-C","2026-06-28","60500","CALL","1h","2026-06-27 05:00:00","2026-06-27 13:00:00","175.000","175.000","145.000","165.000","1.53","2026-06-27 05:59:59","2026-06-27 13:59:59","234.95000","10","1.39","211.80000"
"all-available","Asia/Taipei","BTCUSDT","BTC-260628-60500-C","2026-06-28","60500","CALL","1h","2026-06-27 06:00:00","2026-06-27 14:00:00","125.000","235.000","125.000","235.000","3.21","2026-06-27 06:59:59","2026-06-27 14:59:59","574.95000","6","3.06","539.70000"
"all-available","Asia/Taipei","BTCUSDT","BTC-260628-60500-C","2026-06-28","60500","CALL","1h","2026-06-27 07:00:00","2026-06-27 15:00:00","205.000","275.000","205.000","275.000","10.47","2026-06-27 07:59:59","2026-06-27 15:59:59","2505.35000","15","10.02","2390.70000"
"all-available","Asia/Taipei","BTCUSDT","BTC-260628-60500-C","2026-06-28","60500","CALL","1h","2026-06-27 08:00:00","2026-06-27 16:00:00","260.000","275.000","235.000","235.000","0.85","2026-06-27 08:59:59","2026-06-27 16:59:59","220.35000","6","0.68","178.70000"
"all-available","Asia/Taipei","BTCUSDT","BTC-260628-60500-C","2026-06-28","60500","CALL","1h","2026-06-27 09:00:00","2026-06-27 17:00:00","215.000","225.000","175.000","205.000","7.51","2026-06-27 09:59:59","2026-06-27 17:59:59","1460.35000","12","0.77","158.75000"
"all-available","Asia/Taipei","BTCUSDT","BTC-260628-60500-C","2026-06-28","60500","CALL","1h","2026-06-27 10:00:00","2026-06-27 18:00:00","240.000","240.000","215.000","215.000","6.46","2026-06-27 10:59:59","2026-06-27 18:59:59","1424.70000","6","1.65","387.75000"
"all-available","Asia/Taipei","BTCUSDT","BTC-260628-60500-C","2026-06-28","60500","CALL","1h","2026-06-27 11:00:00","2026-06-27 19:00:00","215.000","225.000","155.000","155.000","5.26","2026-06-27 11:59:59","2026-06-27 19:59:59","1044.60000","7","4.12","808.60000"
"all-available","Asia/Taipei","BTCUSDT","BTC-260628-60500-C","2026-06-28","60500","CALL","1h","2026-06-27 12:00:00","2026-06-27 20:00:00","165.000","165.000","165.000","165.000","0.14","2026-06-27 12:59:59","2026-06-27 20:59:59","23.10000","1","0.00","0.00000"
"all-available","Asia/Taipei","BTCUSDT","BTC-260628-60500-C","2026-06-28","60500","CALL","1h","2026-06-27 13:00:00","2026-06-27 21:00:00","195.000","315.000","195.000","275.000","1.68","2026-06-27 13:59:59","2026-06-27 21:59:59","457.90000","15","0.52","114.15000"
"all-available","Asia/Taipei","BTCUSDT","BTC-260628-60500-C","2026-06-28","60500","CALL","1h","2026-06-27 14:00:00","2026-06-27 22:00:00","280.000","335.000","240.000","295.000","1.56","2026-06-27 14:59:59","2026-06-27 22:59:59","426.25000","13","0.31","96.45000"
"all-available","Asia/Taipei","BTCUSDT","BTC-260628-60500-C","2026-06-28","60500","CALL","1h","2026-06-27 15:00:00","2026-06-27 23:00:00","300.000","490.000","290.000","425.000","4.62","2026-06-27 15:59:59","2026-06-27 23:59:59","1964.50000","18","3.03","1354.45000"
"all-available","Asia/Taipei","BTCUSDT","BTC-260628-60500-C","2026-06-28","60500","CALL","1h","2026-06-27 16:00:00","2026-06-28 00:00:00","375.000","375.000","355.000","365.000","1.02","2026-06-27 16:59:59","2026-06-28 00:59:59","372.30000","4","1.00","365.00000"
"all-available","Asia/Taipei","BTCUSDT","BTC-260628-60500-C","2026-06-28","60500","CALL","1h","2026-06-27 17:00:00","2026-06-28 01:00:00","395.000","395.000","210.000","265.000","2.75","2026-06-27 17:59:59","2026-06-28 01:59:59","664.15000","19","1.86","442.80000"
"all-available","Asia/Taipei","BTCUSDT","BTC-260628-60500-C","2026-06-28","60500","CALL","1h","2026-06-27 18:00:00","2026-06-28 02:00:00","240.000","255.000","220.000","255.000","0.17","2026-06-27 18:59:59","2026-06-28 02:59:59","40.75000","3","0.16","38.20000"
"all-available","Asia/Taipei","BTCUSDT","BTC-260628-60500-C","2026-06-28","60500","CALL","1h","2026-06-27 19:00:00","2026-06-28 03:00:00","245.000","245.000","95.000","125.000","8.40","2026-06-27 19:59:59","2026-06-28 03:59:59","1048.15000","14","7.12","860.55000"
"all-available","Asia/Taipei","BTCUSDT","BTC-260628-60500-C","2026-06-28","60500","CALL","1h","2026-06-27 20:00:00","2026-06-28 04:00:00","140.000","145.000","130.000","135.000","10.02","2026-06-27 20:59:59","2026-06-28 04:59:59","1361.75000","18","2.71","374.45000"
"all-available","Asia/Taipei","BTCUSDT","BTC-260628-60500-C","2026-06-28","60500","CALL","1h","2026-06-27 21:00:00","2026-06-28 05:00:00","180.000","190.000","95.000","105.000","8.33","2026-06-27 21:59:59","2026-06-28 05:59:59","1340.30000","15","2.63","266.00000"
"all-available","Asia/Taipei","BTCUSDT","BTC-260628-60500-C","2026-06-28","60500","CALL","1h","2026-06-27 22:00:00","2026-06-28 06:00:00","90.000","95.000","50.000","85.000","16.84","2026-06-27 22:59:59","2026-06-28 06:59:59","1312.85000","39","14.29","1117.75000"
"all-available","Asia/Taipei","BTCUSDT","BTC-260628-60500-C","2026-06-28","60500","CALL","1h","2026-06-27 23:00:00","2026-06-28 07:00:00","100.000","110.000","45.000","50.000","16.31","2026-06-27 23:59:59","2026-06-28 07:59:59","926.65000","55","12.54","630.20000"
"all-available","Asia/Taipei","BTCUSDT","BTC-260628-60500-C","2026-06-28","60500","CALL","1h","2026-06-28 00:00:00","2026-06-28 08:00:00","50.000","65.000","40.000","55.000","13.30","2026-06-28 00:59:59","2026-06-28 08:59:59","658.65000","43","8.30","430.75000"
"all-available","Asia/Taipei","BTCUSDT","BTC-260628-60500-C","2026-06-28","60500","CALL","1h","2026-06-28 01:00:00","2026-06-28 09:00:00","35.000","65.000","35.000","60.000","11.06","2026-06-28 01:59:59","2026-06-28 09:59:59","453.85000","13","8.86","376.85000"
"all-available","Asia/Taipei","BTCUSDT","BTC-260628-60500-C","2026-06-28","60500","CALL","1h","2026-06-28 02:00:00","2026-06-28 10:00:00","60.000","75.000","25.000","35.000","19.10","2026-06-28 02:59:59","2026-06-28 10:59:59","721.70000","22","17.18","662.85000"
"all-available","Asia/Taipei","BTCUSDT","BTC-260628-60500-C","2026-06-28","60500","CALL","1h","2026-06-28 03:00:00","2026-06-28 11:00:00","45.000","55.000","35.000","40.000","15.98","2026-06-28 03:59:59","2026-06-28 11:59:59","734.80000","19","14.31","673.85000"
"all-available","Asia/Taipei","BTCUSDT","BTC-260628-60500-C","2026-06-28","60500","CALL","1h","2026-06-28 04:00:00","2026-06-28 12:00:00","40.000","40.000","15.000","15.000","6.11","2026-06-28 04:59:59","2026-06-28 12:59:59","128.15000","15","2.11","63.05000"
"all-available","Asia/Taipei","BTCUSDT","BTC-260628-60500-C","2026-06-28","60500","CALL","1h","2026-06-28 05:00:00","2026-06-28 13:00:00","15.000","15.000","5.000","5.000","78.53","2026-06-28 05:59:59","2026-06-28 13:59:59","618.35000","60","52.82","385.25000"
"all-available","Asia/Taipei","BTCUSDT","BTC-260628-60500-C","2026-06-28","60500","CALL","1h","2026-06-28 06:00:00","2026-06-28 14:00:00","5.000","5.000","5.000","5.000","2.49","2026-06-28 06:59:59","2026-06-28 14:59:59","12.45000","4","2.49","12.45000"
"all-available","Asia/Taipei","BTCUSDT","BTC-260628-60500-C","2026-06-28","60500","CALL","1h","2026-06-28 07:00:00","2026-06-28 15:00:00","5.000","5.000","5.000","5.000","11.88","2026-06-28 07:59:59","2026-06-28 15:59:59","59.40000","8","11.88","59.40000"
"all-available","Asia/Taipei","BTCUSDT","BTC-260628-60500-P","2026-06-28","60500","PUT","1h","2026-06-25 16:00:00","2026-06-26 00:00:00","1235.000","1235.000","1235.000","1235.000","0.10","2026-06-25 16:59:59","2026-06-26 00:59:59","123.50000","1","0.00","0.00000"
"all-available","Asia/Taipei","BTCUSDT","BTC-260628-60500-P","2026-06-28","60500","PUT","1h","2026-06-25 17:00:00","2026-06-26 01:00:00","1235.000","1235.000","1235.000","1235.000","0.00","2026-06-25 17:59:59","2026-06-26 01:59:59","0.00000","0","0.00","0.00000"
"all-available","Asia/Taipei","BTCUSDT","BTC-260628-60500-P","2026-06-28","60500","PUT","1h","2026-06-25 18:00:00","2026-06-26 02:00:00","1235.000","1235.000","1235.000","1235.000","0.00","2026-06-25 18:59:59","2026-06-26 02:59:59","0.00000","0","0.00","0.00000"
"all-available","Asia/Taipei","BTCUSDT","BTC-260628-60500-P","2026-06-28","60500","PUT","1h","2026-06-25 19:00:00","2026-06-26 03:00:00","1235.000","1235.000","1235.000","1235.000","0.00","2026-06-25 19:59:59","2026-06-26 03:59:59","0.00000","0","0.00","0.00000"
"all-available","Asia/Taipei","BTCUSDT","BTC-260628-60500-P","2026-06-28","60500","PUT","1h","2026-06-25 20:00:00","2026-06-26 04:00:00","1315.000","1345.000","1315.000","1340.000","0.60","2026-06-25 20:59:59","2026-06-26 04:59:59","793.80000","4","0.60","793.80000"
"all-available","Asia/Taipei","BTCUSDT","BTC-260628-60500-P","2026-06-28","60500","PUT","1h","2026-06-25 21:00:00","2026-06-26 05:00:00","1340.000","1340.000","1340.000","1340.000","0.00","2026-06-25 21:59:59","2026-06-26 05:59:59","0.00000","0","0.00","0.00000"
"all-available","Asia/Taipei","BTCUSDT","BTC-260628-60500-P","2026-06-28","60500","PUT","1h","2026-06-25 22:00:00","2026-06-26 06:00:00","1050.000","1050.000","1050.000","1050.000","0.10","2026-06-25 22:59:59","2026-06-26 06:59:59","105.00000","1","0.00","0.00000"
"all-available","Asia/Taipei","BTCUSDT","BTC-260628-60500-P","2026-06-28","60500","PUT","1h","2026-06-25 23:00:00","2026-06-26 07:00:00","1045.000","1045.000","1035.000","1035.000","0.95","2026-06-25 23:59:59","2026-06-26 07:59:59","986.85000","2","0.00","0.00000"
"all-available","Asia/Taipei","BTCUSDT","BTC-260628-60500-P","2026-06-28","60500","PUT","1h","2026-06-26 00:00:00","2026-06-26 08:00:00","1035.000","1035.000","1035.000","1035.000","0.00","2026-06-26 00:59:59","2026-06-26 08:59:59","0.00000","0","0.00","0.00000"
"all-available","Asia/Taipei","BTCUSDT","BTC-260628-60500-P","2026-06-28","60500","PUT","1h","2026-06-26 01:00:00","2026-06-26 09:00:00","1035.000","1035.000","1035.000","1035.000","0.00","2026-06-26 01:59:59","2026-06-26 09:59:59","0.00000","0","0.00","0.00000"
"all-available","Asia/Taipei","BTCUSDT","BTC-260628-60500-P","2026-06-28","60500","PUT","1h","2026-06-26 02:00:00","2026-06-26 10:00:00","1780.000","1780.000","1780.000","1780.000","0.92","2026-06-26 02:59:59","2026-06-26 10:59:59","1637.60000","1","0.92","1637.60000"
"all-available","Asia/Taipei","BTCUSDT","BTC-260628-60500-P","2026-06-28","60500","PUT","1h","2026-06-26 03:00:00","2026-06-26 11:00:00","1140.000","1140.000","1115.000","1115.000","1.04","2026-06-26 03:59:59","2026-06-26 11:59:59","1160.60000","3","0.00","0.00000"
"all-available","Asia/Taipei","BTCUSDT","BTC-260628-60500-P","2026-06-28","60500","PUT","1h","2026-06-26 04:00:00","2026-06-26 12:00:00","1115.000","1115.000","1115.000","1115.000","0.00","2026-06-26 04:59:59","2026-06-26 12:59:59","0.00000","0","0.00","0.00000"
"all-available","Asia/Taipei","BTCUSDT","BTC-260628-60500-P","2026-06-28","60500","PUT","1h","2026-06-26 05:00:00","2026-06-26 13:00:00","1115.000","1115.000","1115.000","1115.000","0.00","2026-06-26 05:59:59","2026-06-26 13:59:59","0.00000","0","0.00","0.00000"
"all-available","Asia/Taipei","BTCUSDT","BTC-260628-60500-P","2026-06-28","60500","PUT","1h","2026-06-26 06:00:00","2026-06-26 14:00:00","865.000","865.000","865.000","865.000","0.33","2026-06-26 06:59:59","2026-06-26 14:59:59","285.45000","1","0.00","0.00000"
"all-available","Asia/Taipei","BTCUSDT","BTC-260628-60500-P","2026-06-28","60500","PUT","1h","2026-06-26 07:00:00","2026-06-26 15:00:00","875.000","875.000","740.000","740.000","1.07","2026-06-26 07:59:59","2026-06-26 15:59:59","929.30000","5","1.02","892.20000"
"all-available","Asia/Taipei","BTCUSDT","BTC-260628-60500-P","2026-06-28","60500","PUT","1h","2026-06-26 08:00:00","2026-06-26 16:00:00","810.000","930.000","810.000","870.000","6.56","2026-06-26 08:59:59","2026-06-26 16:59:59","5933.85000","11","4.05","3760.95000"
"all-available","Asia/Taipei","BTCUSDT","BTC-260628-60500-P","2026-06-28","60500","PUT","1h","2026-06-26 09:00:00","2026-06-26 17:00:00","870.000","870.000","870.000","870.000","0.00","2026-06-26 09:59:59","2026-06-26 17:59:59","0.00000","0","0.00","0.00000"
"all-available","Asia/Taipei","BTCUSDT","BTC-260628-60500-P","2026-06-28","60500","PUT","1h","2026-06-26 10:00:00","2026-06-26 18:00:00","870.000","870.000","870.000","870.000","0.00","2026-06-26 10:59:59","2026-06-26 18:59:59","0.00000","0","0.00","0.00000"
"all-available","Asia/Taipei","BTCUSDT","BTC-260628-60500-P","2026-06-28","60500","PUT","1h","2026-06-26 11:00:00","2026-06-26 19:00:00","870.000","870.000","870.000","870.000","0.00","2026-06-26 11:59:59","2026-06-26 19:59:59","0.00000","0","0.00","0.00000"
"all-available","Asia/Taipei","BTCUSDT","BTC-260628-60500-P","2026-06-28","60500","PUT","1h","2026-06-26 12:00:00","2026-06-26 20:00:00","870.000","870.000","870.000","870.000","0.00","2026-06-26 12:59:59","2026-06-26 20:59:59","0.00000","0","0.00","0.00000"
"all-available","Asia/Taipei","BTCUSDT","BTC-260628-60500-P","2026-06-28","60500","PUT","1h","2026-06-26 13:00:00","2026-06-26 21:00:00","870.000","870.000","870.000","870.000","0.00","2026-06-26 13:59:59","2026-06-26 21:59:59","0.00000","0","0.00","0.00000"
"all-available","Asia/Taipei","BTCUSDT","BTC-260628-60500-P","2026-06-28","60500","PUT","1h","2026-06-26 14:00:00","2026-06-26 22:00:00","1060.000","1060.000","975.000","975.000","0.03","2026-06-26 14:59:59","2026-06-26 22:59:59","30.95000","2","0.01","9.75000"
"all-available","Asia/Taipei","BTCUSDT","BTC-260628-60500-P","2026-06-28","60500","PUT","1h","2026-06-26 15:00:00","2026-06-26 23:00:00","920.000","920.000","770.000","770.000","4.60","2026-06-26 15:59:59","2026-06-26 23:59:59","3944.00000","4","0.00","0.00000"
"all-available","Asia/Taipei","BTCUSDT","BTC-260628-60500-P","2026-06-28","60500","PUT","1h","2026-06-26 16:00:00","2026-06-27 00:00:00","660.000","755.000","655.000","755.000","4.46","2026-06-26 16:59:59","2026-06-27 00:59:59","3327.40000","5","0.00","0.00000"
"all-available","Asia/Taipei","BTCUSDT","BTC-260628-60500-P","2026-06-28","60500","PUT","1h","2026-06-26 17:00:00","2026-06-27 01:00:00","775.000","840.000","760.000","760.000","5.28","2026-06-26 17:59:59","2026-06-27 01:59:59","4177.70000","6","0.00","0.00000"
"all-available","Asia/Taipei","BTCUSDT","BTC-260628-60500-P","2026-06-28","60500","PUT","1h","2026-06-26 18:00:00","2026-06-27 02:00:00","800.000","870.000","800.000","870.000","0.51","2026-06-26 18:59:59","2026-06-27 02:59:59","443.00000","2","0.51","443.00000"
"all-available","Asia/Taipei","BTCUSDT","BTC-260628-60500-P","2026-06-28","60500","PUT","1h","2026-06-26 19:00:00","2026-06-27 03:00:00","870.000","870.000","870.000","870.000","0.00","2026-06-26 19:59:59","2026-06-27 03:59:59","0.00000","0","0.00","0.00000"
"all-available","Asia/Taipei","BTCUSDT","BTC-260628-60500-P","2026-06-28","60500","PUT","1h","2026-06-26 20:00:00","2026-06-27 04:00:00","870.000","870.000","870.000","870.000","0.00","2026-06-26 20:59:59","2026-06-27 04:59:59","0.00000","0","0.00","0.00000"
"all-available","Asia/Taipei","BTCUSDT","BTC-260628-60500-P","2026-06-28","60500","PUT","1h","2026-06-26 21:00:00","2026-06-27 05:00:00","870.000","870.000","870.000","870.000","0.00","2026-06-26 21:59:59","2026-06-27 05:59:59","0.00000","0","0.00","0.00000"
"all-available","Asia/Taipei","BTCUSDT","BTC-260628-60500-P","2026-06-28","60500","PUT","1h","2026-06-26 22:00:00","2026-06-27 06:00:00","870.000","870.000","870.000","870.000","0.00","2026-06-26 22:59:59","2026-06-27 06:59:59","0.00000","0","0.00","0.00000"
"all-available","Asia/Taipei","BTCUSDT","BTC-260628-60500-P","2026-06-28","60500","PUT","1h","2026-06-26 23:00:00","2026-06-27 07:00:00","605.000","605.000","605.000","605.000","0.29","2026-06-26 23:59:59","2026-06-27 07:59:59","175.45000","2","0.29","175.45000"
"all-available","Asia/Taipei","BTCUSDT","BTC-260628-60500-P","2026-06-28","60500","PUT","1h","2026-06-27 00:00:00","2026-06-27 08:00:00","525.000","525.000","525.000","525.000","0.10","2026-06-27 00:59:59","2026-06-27 08:59:59","52.50000","1","0.10","52.50000"
"all-available","Asia/Taipei","BTCUSDT","BTC-260628-60500-P","2026-06-28","60500","PUT","1h","2026-06-27 01:00:00","2026-06-27 09:00:00","525.000","525.000","525.000","525.000","0.00","2026-06-27 01:59:59","2026-06-27 09:59:59","0.00000","0","0.00","0.00000"
"all-available","Asia/Taipei","BTCUSDT","BTC-260628-60500-P","2026-06-28","60500","PUT","1h","2026-06-27 02:00:00","2026-06-27 10:00:00","525.000","525.000","525.000","525.000","0.00","2026-06-27 02:59:59","2026-06-27 10:59:59","0.00000","0","0.00","0.00000"
"all-available","Asia/Taipei","BTCUSDT","BTC-260628-60500-P","2026-06-28","60500","PUT","1h","2026-06-27 03:00:00","2026-06-27 11:00:00","525.000","525.000","525.000","525.000","0.00","2026-06-27 03:59:59","2026-06-27 11:59:59","0.00000","0","0.00","0.00000"
"all-available","Asia/Taipei","BTCUSDT","BTC-260628-60500-P","2026-06-28","60500","PUT","1h","2026-06-27 04:00:00","2026-06-27 12:00:00","300.000","335.000","300.000","335.000","9.37","2026-06-27 04:59:59","2026-06-27 12:59:59","2870.35000","10","9.37","2870.35000"
"all-available","Asia/Taipei","BTCUSDT","BTC-260628-60500-P","2026-06-28","60500","PUT","1h","2026-06-27 05:00:00","2026-06-27 13:00:00","435.000","435.000","415.000","415.000","0.03","2026-06-27 05:59:59","2026-06-27 13:59:59","12.65000","2","0.00","0.00000"
"all-available","Asia/Taipei","BTCUSDT","BTC-260628-60500-P","2026-06-28","60500","PUT","1h","2026-06-27 06:00:00","2026-06-27 14:00:00","470.000","495.000","305.000","305.000","10.46","2026-06-27 06:59:59","2026-06-27 14:59:59","4690.40000","10","0.89","408.50000"
"all-available","Asia/Taipei","BTCUSDT","BTC-260628-60500-P","2026-06-28","60500","PUT","1h","2026-06-27 07:00:00","2026-06-27 15:00:00","315.000","315.000","245.000","255.000","2.39","2026-06-27 07:59:59","2026-06-27 15:59:59","635.05000","9","1.53","381.35000"
"all-available","Asia/Taipei","BTCUSDT","BTC-260628-60500-P","2026-06-28","60500","PUT","1h","2026-06-27 08:00:00","2026-06-27 16:00:00","295.000","300.000","255.000","270.000","4.16","2026-06-27 08:59:59","2026-06-27 16:59:59","1108.55000","12","4.11","1094.60000"
"all-available","Asia/Taipei","BTCUSDT","BTC-260628-60500-P","2026-06-28","60500","PUT","1h","2026-06-27 09:00:00","2026-06-27 17:00:00","270.000","350.000","270.000","300.000","3.44","2026-06-27 09:59:59","2026-06-27 17:59:59","1011.95000","10","0.02","6.00000"
"all-available","Asia/Taipei","BTCUSDT","BTC-260628-60500-P","2026-06-28","60500","PUT","1h","2026-06-27 10:00:00","2026-06-27 18:00:00","295.000","300.000","280.000","300.000","3.09","2026-06-27 10:59:59","2026-06-27 18:59:59","866.45000","6","0.03","8.70000"
"all-available","Asia/Taipei","BTCUSDT","BTC-260628-60500-P","2026-06-28","60500","PUT","1h","2026-06-27 11:00:00","2026-06-27 19:00:00","295.000","435.000","295.000","435.000","1.61","2026-06-27 11:59:59","2026-06-27 19:59:59","618.30000","8","1.57","606.50000"
"all-available","Asia/Taipei","BTCUSDT","BTC-260628-60500-P","2026-06-28","60500","PUT","1h","2026-06-27 12:00:00","2026-06-27 20:00:00","315.000","340.000","315.000","340.000","0.42","2026-06-27 12:59:59","2026-06-27 20:59:59","141.80000","2","0.38","129.20000"
"all-available","Asia/Taipei","BTCUSDT","BTC-260628-60500-P","2026-06-28","60500","PUT","1h","2026-06-27 13:00:00","2026-06-27 21:00:00","285.000","295.000","195.000","200.000","1.66","2026-06-27 13:59:59","2026-06-27 21:59:59","380.20000","21","0.45","90.90000"
"all-available","Asia/Taipei","BTCUSDT","BTC-260628-60500-P","2026-06-28","60500","PUT","1h","2026-06-27 14:00:00","2026-06-27 22:00:00","220.000","220.000","150.000","180.000","4.64","2026-06-27 14:59:59","2026-06-27 22:59:59","863.65000","19","1.12","200.05000"
"all-available","Asia/Taipei","BTCUSDT","BTC-260628-60500-P","2026-06-28","60500","PUT","1h","2026-06-27 15:00:00","2026-06-27 23:00:00","185.000","185.000","90.000","120.000","17.08","2026-06-27 15:59:59","2026-06-27 23:59:59","2103.70000","54","11.40","1332.65000"
"all-available","Asia/Taipei","BTCUSDT","BTC-260628-60500-P","2026-06-28","60500","PUT","1h","2026-06-27 16:00:00","2026-06-28 00:00:00","130.000","145.000","130.000","130.000","0.52","2026-06-27 16:59:59","2026-06-28 00:59:59","70.25000","7","0.28","37.25000"
"all-available","Asia/Taipei","BTCUSDT","BTC-260628-60500-P","2026-06-28","60500","PUT","1h","2026-06-27 17:00:00","2026-06-28 01:00:00","125.000","250.000","125.000","190.000","10.00","2026-06-27 17:59:59","2026-06-28 01:59:59","2083.35000","25","1.72","377.20000"
"all-available","Asia/Taipei","BTCUSDT","BTC-260628-60500-P","2026-06-28","60500","PUT","1h","2026-06-27 18:00:00","2026-06-28 02:00:00","240.000","250.000","195.000","200.000","0.96","2026-06-27 18:59:59","2026-06-28 02:59:59","228.55000","8","0.28","67.15000"
"all-available","Asia/Taipei","BTCUSDT","BTC-260628-60500-P","2026-06-28","60500","PUT","1h","2026-06-27 19:00:00","2026-06-28 03:00:00","175.000","425.000","165.000","420.000","6.26","2026-06-27 19:59:59","2026-06-28 03:59:59","2196.45000","30","3.12","1202.95000"
"all-available","Asia/Taipei","BTCUSDT","BTC-260628-60500-P","2026-06-28","60500","PUT","1h","2026-06-27 20:00:00","2026-06-28 04:00:00","395.000","395.000","335.000","335.000","0.27","2026-06-27 20:59:59","2026-06-28 04:59:59","102.65000","3","0.00","0.00000"
"all-available","Asia/Taipei","BTCUSDT","BTC-260628-60500-P","2026-06-28","60500","PUT","1h","2026-06-27 21:00:00","2026-06-28 05:00:00","290.000","355.000","290.000","355.000","0.06","2026-06-27 21:59:59","2026-06-28 05:59:59","20.65000","2","0.01","2.90000"
"all-available","Asia/Taipei","BTCUSDT","BTC-260628-60500-P","2026-06-28","60500","PUT","1h","2026-06-27 22:00:00","2026-06-28 06:00:00","425.000","655.000","340.000","340.000","2.43","2026-06-27 22:59:59","2026-06-28 06:59:59","1223.30000","17","1.50","815.80000"
"all-available","Asia/Taipei","BTCUSDT","BTC-260628-60500-P","2026-06-28","60500","PUT","1h","2026-06-27 23:00:00","2026-06-28 07:00:00","510.000","510.000","510.000","510.000","0.14","2026-06-27 23:59:59","2026-06-28 07:59:59","71.40000","1","0.00","0.00000"
"all-available","Asia/Taipei","BTCUSDT","BTC-260628-60500-P","2026-06-28","60500","PUT","1h","2026-06-28 00:00:00","2026-06-28 08:00:00","510.000","510.000","510.000","510.000","0.00","2026-06-28 00:59:59","2026-06-28 08:59:59","0.00000","0","0.00","0.00000"
"all-available","Asia/Taipei","BTCUSDT","BTC-260628-60500-P","2026-06-28","60500","PUT","1h","2026-06-28 01:00:00","2026-06-28 09:00:00","485.000","485.000","485.000","485.000","0.10","2026-06-28 01:59:59","2026-06-28 09:59:59","48.50000","1","0.10","48.50000"
"all-available","Asia/Taipei","BTCUSDT","BTC-260628-60500-P","2026-06-28","60500","PUT","1h","2026-06-28 02:00:00","2026-06-28 10:00:00","380.000","400.000","380.000","400.000","0.03","2026-06-28 02:59:59","2026-06-28 10:59:59","11.80000","2","0.03","11.80000"
"all-available","Asia/Taipei","BTCUSDT","BTC-260628-60500-P","2026-06-28","60500","PUT","1h","2026-06-28 03:00:00","2026-06-28 11:00:00","400.000","400.000","400.000","400.000","0.00","2026-06-28 03:59:59","2026-06-28 11:59:59","0.00000","0","0.00","0.00000"
"all-available","Asia/Taipei","BTCUSDT","BTC-260628-60500-P","2026-06-28","60500","PUT","1h","2026-06-28 04:00:00","2026-06-28 12:00:00","400.000","400.000","400.000","400.000","0.00","2026-06-28 04:59:59","2026-06-28 12:59:59","0.00000","0","0.00","0.00000"
"all-available","Asia/Taipei","BTCUSDT","BTC-260628-60500-P","2026-06-28","60500","PUT","1h","2026-06-28 05:00:00","2026-06-28 13:00:00","400.000","600.000","300.000","600.000","0.07","2026-06-28 05:59:59","2026-06-28 13:59:59","32.00000","5","0.06","29.00000"
"all-available","Asia/Taipei","BTCUSDT","BTC-260628-60500-P","2026-06-28","60500","PUT","1h","2026-06-28 06:00:00","2026-06-28 14:00:00","600.000","600.000","600.000","600.000","0.00","2026-06-28 06:59:59","2026-06-28 14:59:59","0.00000","0","0.00","0.00000"
"all-available","Asia/Taipei","BTCUSDT","BTC-260628-60500-P","2026-06-28","60500","PUT","1h","2026-06-28 07:00:00","2026-06-28 15:00:00","600.000","600.000","600.000","600.000","0.00","2026-06-28 07:59:59","2026-06-28 15:59:59","0.00000","0","0.00","0.00000"
"all-available","Asia/Taipei","BTCUSDT","BTC-260628-61000-C","2026-06-28","61000","CALL","1h","2026-06-25 12:00:00","2026-06-25 20:00:00","950.000","950.000","950.000","950.000","0.21","2026-06-25 12:59:59","2026-06-25 20:59:59","199.50000","1","0.21","199.50000"
"all-available","Asia/Taipei","BTCUSDT","BTC-260628-61000-C","2026-06-28","61000","CALL","1h","2026-06-25 13:00:00","2026-06-25 21:00:00","500.000","500.000","165.000","165.000","17.22","2026-06-25 13:59:59","2026-06-25 21:59:59","5280.15000","29","7.50","1421.50000"
"all-available","Asia/Taipei","BTCUSDT","BTC-260628-61000-C","2026-06-28","61000","CALL","1h","2026-06-25 14:00:00","2026-06-25 22:00:00","210.000","600.000","205.000","340.000","17.72","2026-06-25 14:59:59","2026-06-25 22:59:59","5038.45000","29","11.77","3286.40000"
"all-available","Asia/Taipei","BTCUSDT","BTC-260628-61000-C","2026-06-28","61000","CALL","1h","2026-06-25 15:00:00","2026-06-25 23:00:00","280.000","305.000","250.000","260.000","13.61","2026-06-25 15:59:59","2026-06-25 23:59:59","3783.45000","20","10.15","2753.55000"
"all-available","Asia/Taipei","BTCUSDT","BTC-260628-61000-C","2026-06-28","61000","CALL","1h","2026-06-25 16:00:00","2026-06-26 00:00:00","330.000","330.000","270.000","270.000","4.00","2026-06-25 16:59:59","2026-06-26 00:59:59","1122.30000","5","0.00","0.00000"
"all-available","Asia/Taipei","BTCUSDT","BTC-260628-61000-C","2026-06-28","61000","CALL","1h","2026-06-25 17:00:00","2026-06-26 01:00:00","240.000","240.000","240.000","240.000","0.94","2026-06-25 17:59:59","2026-06-26 01:59:59","225.60000","2","0.94","225.60000"
"all-available","Asia/Taipei","BTCUSDT","BTC-260628-61000-C","2026-06-28","61000","CALL","1h","2026-06-25 18:00:00","2026-06-26 02:00:00","240.000","240.000","240.000","240.000","0.00","2026-06-25 18:59:59","2026-06-26 02:59:59","0.00000","0","0.00","0.00000"
"all-available","Asia/Taipei","BTCUSDT","BTC-260628-61000-C","2026-06-28","61000","CALL","1h","2026-06-25 19:00:00","2026-06-26 03:00:00","240.000","240.000","240.000","240.000","0.00","2026-06-25 19:59:59","2026-06-26 03:59:59","0.00000","0","0.00","0.00000"
"all-available","Asia/Taipei","BTCUSDT","BTC-260628-61000-C","2026-06-28","61000","CALL","1h","2026-06-25 20:00:00","2026-06-26 04:00:00","240.000","240.000","240.000","240.000","0.00","2026-06-25 20:59:59","2026-06-26 04:59:59","0.00000","0","0.00","0.00000"
"all-available","Asia/Taipei","BTCUSDT","BTC-260628-61000-C","2026-06-28","61000","CALL","1h","2026-06-25 21:00:00","2026-06-26 05:00:00","280.000","400.000","280.000","400.000","2.08","2026-06-25 21:59:59","2026-06-26 05:59:59","590.45000","3","2.08","590.45000"
"all-available","Asia/Taipei","BTCUSDT","BTC-260628-61000-C","2026-06-28","61000","CALL","1h","2026-06-25 22:00:00","2026-06-26 06:00:00","400.000","400.000","400.000","400.000","0.00","2026-06-25 22:59:59","2026-06-26 06:59:59","0.00000","0","0.00","0.00000"
"all-available","Asia/Taipei","BTCUSDT","BTC-260628-61000-C","2026-06-28","61000","CALL","1h","2026-06-25 23:00:00","2026-06-26 07:00:00","400.000","400.000","400.000","400.000","0.00","2026-06-25 23:59:59","2026-06-26 07:59:59","0.00000","0","0.00","0.00000"
"all-available","Asia/Taipei","BTCUSDT","BTC-260628-61000-C","2026-06-28","61000","CALL","1h","2026-06-26 00:00:00","2026-06-26 08:00:00","290.000","290.000","265.000","265.000","0.30","2026-06-26 00:59:59","2026-06-26 08:59:59","85.75000","4","0.05","14.50000"
"all-available","Asia/Taipei","BTCUSDT","BTC-260628-61000-C","2026-06-28","61000","CALL","1h","2026-06-26 01:00:00","2026-06-26 09:00:00","200.000","200.000","200.000","200.000","4.43","2026-06-26 01:59:59","2026-06-26 09:59:59","886.00000","7","4.12","824.00000"
"all-available","Asia/Taipei","BTCUSDT","BTC-260628-61000-C","2026-06-28","61000","CALL","1h","2026-06-26 02:00:00","2026-06-26 10:00:00","180.000","180.000","130.000","135.000","0.80","2026-06-26 02:59:59","2026-06-26 10:59:59","115.70000","8","0.02","2.70000"
"all-available","Asia/Taipei","BTCUSDT","BTC-260628-61000-C","2026-06-28","61000","CALL","1h","2026-06-26 03:00:00","2026-06-26 11:00:00","150.000","270.000","150.000","270.000","0.85","2026-06-26 03:59:59","2026-06-26 11:59:59","141.50000","4","0.74","111.80000"
"all-available","Asia/Taipei","BTCUSDT","BTC-260628-61000-C","2026-06-28","61000","CALL","1h","2026-06-26 04:00:00","2026-06-26 12:00:00","285.000","325.000","285.000","300.000","2.25","2026-06-26 04:59:59","2026-06-26 12:59:59","648.05000","5","0.11","35.20000"
"all-available","Asia/Taipei","BTCUSDT","BTC-260628-61000-C","2026-06-28","61000","CALL","1h","2026-06-26 05:00:00","2026-06-26 13:00:00","305.000","325.000","295.000","325.000","2.70","2026-06-26 05:59:59","2026-06-26 13:59:59","804.25000","9","1.73","513.80000"
"all-available","Asia/Taipei","BTCUSDT","BTC-260628-61000-C","2026-06-28","61000","CALL","1h","2026-06-26 06:00:00","2026-06-26 14:00:00","285.000","505.000","285.000","490.000","10.89","2026-06-26 06:59:59","2026-06-26 14:59:59","5172.55000","13","8.23","3867.75000"
"all-available","Asia/Taipei","BTCUSDT","BTC-260628-61000-C","2026-06-28","61000","CALL","1h","2026-06-26 07:00:00","2026-06-26 15:00:00","490.000","555.000","490.000","515.000","4.97","2026-06-26 07:59:59","2026-06-26 15:59:59","2678.80000","7","0.85","416.50000"
"all-available","Asia/Taipei","BTCUSDT","BTC-260628-61000-C","2026-06-28","61000","CALL","1h","2026-06-26 08:00:00","2026-06-26 16:00:00","480.000","490.000","360.000","360.000","8.64","2026-06-26 08:59:59","2026-06-26 16:59:59","4039.45000","10","6.79","3264.65000"
"all-available","Asia/Taipei","BTCUSDT","BTC-260628-61000-C","2026-06-28","61000","CALL","1h","2026-06-26 09:00:00","2026-06-26 17:00:00","330.000","330.000","265.000","265.000","1.16","2026-06-26 09:59:59","2026-06-26 17:59:59","339.90000","4","0.50","165.00000"
"all-available","Asia/Taipei","BTCUSDT","BTC-260628-61000-C","2026-06-28","61000","CALL","1h","2026-06-26 10:00:00","2026-06-26 18:00:00","235.000","235.000","180.000","180.000","0.10","2026-06-26 10:59:59","2026-06-26 18:59:59","18.65000","3","0.00","0.00000"
"all-available","Asia/Taipei","BTCUSDT","BTC-260628-61000-C","2026-06-28","61000","CALL","1h","2026-06-26 11:00:00","2026-06-26 19:00:00","180.000","180.000","180.000","180.000","0.00","2026-06-26 11:59:59","2026-06-26 19:59:59","0.00000","0","0.00","0.00000"
"all-available","Asia/Taipei","BTCUSDT","BTC-260628-61000-C","2026-06-28","61000","CALL","1h","2026-06-26 12:00:00","2026-06-26 20:00:00","180.000","180.000","180.000","180.000","0.00","2026-06-26 12:59:59","2026-06-26 20:59:59","0.00000","0","0.00","0.00000"
"all-available","Asia/Taipei","BTCUSDT","BTC-260628-61000-C","2026-06-28","61000","CALL","1h","2026-06-26 13:00:00","2026-06-26 21:00:00","135.000","305.000","130.000","305.000","5.78","2026-06-26 13:59:59","2026-06-26 21:59:59","926.15000","9","5.77","924.80000"
"all-available","Asia/Taipei","BTCUSDT","BTC-260628-61000-C","2026-06-28","61000","CALL","1h","2026-06-26 14:00:00","2026-06-26 22:00:00","260.000","340.000","170.000","170.000","0.82","2026-06-26 14:59:59","2026-06-26 22:59:59","227.90000","4","0.07","19.00000"
"all-available","Asia/Taipei","BTCUSDT","BTC-260628-61000-C","2026-06-28","61000","CALL","1h","2026-06-26 15:00:00","2026-06-26 23:00:00","285.000","305.000","265.000","270.000","5.99","2026-06-26 15:59:59","2026-06-26 23:59:59","1644.80000","10","2.00","550.00000"
"all-available","Asia/Taipei","BTCUSDT","BTC-260628-61000-C","2026-06-28","61000","CALL","1h","2026-06-26 16:00:00","2026-06-27 00:00:00","320.000","345.000","235.000","235.000","1.83","2026-06-26 16:59:59","2026-06-27 00:59:59","467.25000","12","0.42","135.90000"
"all-available","Asia/Taipei","BTCUSDT","BTC-260628-61000-C","2026-06-28","61000","CALL","1h","2026-06-26 17:00:00","2026-06-27 01:00:00","235.000","235.000","235.000","235.000","0.00","2026-06-26 17:59:59","2026-06-27 01:59:59","0.00000","0","0.00","0.00000"
"all-available","Asia/Taipei","BTCUSDT","BTC-260628-61000-C","2026-06-28","61000","CALL","1h","2026-06-26 18:00:00","2026-06-27 02:00:00","175.000","175.000","100.000","100.000","3.64","2026-06-26 18:59:59","2026-06-27 02:59:59","516.05000","17","0.76","103.00000"
"all-available","Asia/Taipei","BTCUSDT","BTC-260628-61000-C","2026-06-28","61000","CALL","1h","2026-06-26 19:00:00","2026-06-27 03:00:00","95.000","95.000","80.000","80.000","1.04","2026-06-26 19:59:59","2026-06-27 03:59:59","83.80000","3","0.04","3.80000"
"all-available","Asia/Taipei","BTCUSDT","BTC-260628-61000-C","2026-06-28","61000","CALL","1h","2026-06-26 20:00:00","2026-06-27 04:00:00","60.000","60.000","45.000","45.000","1.27","2026-06-26 20:59:59","2026-06-27 04:59:59","64.65000","2","1.27","64.65000"
"all-available","Asia/Taipei","BTCUSDT","BTC-260628-61000-C","2026-06-28","61000","CALL","1h","2026-06-26 21:00:00","2026-06-27 05:00:00","60.000","65.000","60.000","65.000","0.20","2026-06-26 21:59:59","2026-06-27 05:59:59","12.40000","2","0.20","12.40000"
"all-available","Asia/Taipei","BTCUSDT","BTC-260628-61000-C","2026-06-28","61000","CALL","1h","2026-06-26 22:00:00","2026-06-27 06:00:00","55.000","55.000","55.000","55.000","1.56","2026-06-26 22:59:59","2026-06-27 06:59:59","85.80000","11","1.23","67.65000"
"all-available","Asia/Taipei","BTCUSDT","BTC-260628-61000-C","2026-06-28","61000","CALL","1h","2026-06-26 23:00:00","2026-06-27 07:00:00","60.000","60.000","60.000","60.000","1.31","2026-06-26 23:59:59","2026-06-27 07:59:59","78.60000","22","1.31","78.60000"
"all-available","Asia/Taipei","BTCUSDT","BTC-260628-61000-C","2026-06-28","61000","CALL","1h","2026-06-27 00:00:00","2026-06-27 08:00:00","60.000","60.000","30.000","35.000","9.03","2026-06-27 00:59:59","2026-06-27 08:59:59","384.95000","36","4.97","234.35000"
"all-available","Asia/Taipei","BTCUSDT","BTC-260628-61000-C","2026-06-28","61000","CALL","1h","2026-06-27 01:00:00","2026-06-27 09:00:00","35.000","35.000","35.000","35.000","0.00","2026-06-27 01:59:59","2026-06-27 09:59:59","0.00000","0","0.00","0.00000"
"all-available","Asia/Taipei","BTCUSDT","BTC-260628-61000-C","2026-06-28","61000","CALL","1h","2026-06-27 02:00:00","2026-06-27 10:00:00","35.000","70.000","35.000","65.000","6.93","2026-06-27 02:59:59","2026-06-27 10:59:59","362.80000","11","4.68","212.80000"
"all-available","Asia/Taipei","BTCUSDT","BTC-260628-61000-C","2026-06-28","61000","CALL","1h","2026-06-27 03:00:00","2026-06-27 11:00:00","55.000","65.000","55.000","65.000","0.11","2026-06-27 03:59:59","2026-06-27 11:59:59","6.15000","2","0.01","0.65000"
"all-available","Asia/Taipei","BTCUSDT","BTC-260628-61000-C","2026-06-28","61000","CALL","1h","2026-06-27 04:00:00","2026-06-27 12:00:00","60.000","75.000","60.000","60.000","2.80","2026-06-27 04:59:59","2026-06-27 12:59:59","171.60000","7","0.41","26.70000"
"all-available","Asia/Taipei","BTCUSDT","BTC-260628-61000-C","2026-06-28","61000","CALL","1h","2026-06-27 05:00:00","2026-06-27 13:00:00","60.000","60.000","50.000","50.000","1.62","2026-06-27 05:59:59","2026-06-27 13:59:59","82.30000","11","0.68","35.30000"
"all-available","Asia/Taipei","BTCUSDT","BTC-260628-61000-C","2026-06-28","61000","CALL","1h","2026-06-27 06:00:00","2026-06-27 14:00:00","50.000","85.000","45.000","65.000","6.87","2026-06-27 06:59:59","2026-06-27 14:59:59","384.65000","13","5.35","310.75000"
"all-available","Asia/Taipei","BTCUSDT","BTC-260628-61000-C","2026-06-28","61000","CALL","1h","2026-06-27 07:00:00","2026-06-27 15:00:00","65.000","100.000","55.000","100.000","13.80","2026-06-27 07:59:59","2026-06-27 15:59:59","1196.90000","29","13.20","1162.40000"
"all-available","Asia/Taipei","BTCUSDT","BTC-260628-61000-C","2026-06-28","61000","CALL","1h","2026-06-27 08:00:00","2026-06-27 16:00:00","80.000","95.000","60.000","65.000","19.65","2026-06-27 08:59:59","2026-06-27 16:59:59","1605.30000","29","14.92","1220.85000"
"all-available","Asia/Taipei","BTCUSDT","BTC-260628-61000-C","2026-06-28","61000","CALL","1h","2026-06-27 09:00:00","2026-06-27 17:00:00","75.000","75.000","55.000","55.000","17.71","2026-06-27 09:59:59","2026-06-27 17:59:59","1130.70000","16","16.71","1065.70000"
"all-available","Asia/Taipei","BTCUSDT","BTC-260628-61000-C","2026-06-28","61000","CALL","1h","2026-06-27 10:00:00","2026-06-27 18:00:00","65.000","80.000","65.000","65.000","10.41","2026-06-27 10:59:59","2026-06-27 18:59:59","712.85000","9","8.83","594.35000"
"all-available","Asia/Taipei","BTCUSDT","BTC-260628-61000-C","2026-06-28","61000","CALL","1h","2026-06-27 11:00:00","2026-06-27 19:00:00","60.000","65.000","40.000","55.000","31.54","2026-06-27 11:59:59","2026-06-27 19:59:59","1856.70000","31","15.16","875.90000"
"all-available","Asia/Taipei","BTCUSDT","BTC-260628-61000-C","2026-06-28","61000","CALL","1h","2026-06-27 12:00:00","2026-06-27 20:00:00","50.000","55.000","45.000","55.000","3.31","2026-06-27 12:59:59","2026-06-27 20:59:59","152.30000","5","0.56","28.55000"
"all-available","Asia/Taipei","BTCUSDT","BTC-260628-61000-C","2026-06-28","61000","CALL","1h","2026-06-27 13:00:00","2026-06-27 21:00:00","55.000","100.000","55.000","100.000","4.83","2026-06-27 13:59:59","2026-06-27 21:59:59","396.55000","12","4.83","396.55000"
"all-available","Asia/Taipei","BTCUSDT","BTC-260628-61000-C","2026-06-28","61000","CALL","1h","2026-06-27 14:00:00","2026-06-27 22:00:00","70.000","90.000","65.000","90.000","2.37","2026-06-27 14:59:59","2026-06-27 22:59:59","186.00000","12","1.15","90.35000"
"all-available","Asia/Taipei","BTCUSDT","BTC-260628-61000-C","2026-06-28","61000","CALL","1h","2026-06-27 15:00:00","2026-06-27 23:00:00","90.000","160.000","90.000","140.000","4.48","2026-06-27 15:59:59","2026-06-27 23:59:59","637.10000","18","2.42","350.05000"
"all-available","Asia/Taipei","BTCUSDT","BTC-260628-61000-C","2026-06-28","61000","CALL","1h","2026-06-27 16:00:00","2026-06-28 00:00:00","160.000","160.000","105.000","140.000","9.20","2026-06-27 16:59:59","2026-06-28 00:59:59","1266.25000","24","0.54","69.35000"
"all-available","Asia/Taipei","BTCUSDT","BTC-260628-61000-C","2026-06-28","61000","CALL","1h","2026-06-27 17:00:00","2026-06-28 01:00:00","135.000","135.000","55.000","80.000","15.42","2026-06-27 17:59:59","2026-06-28 01:59:59","1383.50000","38","8.10","592.25000"
"all-available","Asia/Taipei","BTCUSDT","BTC-260628-61000-C","2026-06-28","61000","CALL","1h","2026-06-27 18:00:00","2026-06-28 02:00:00","70.000","70.000","60.000","65.000","5.89","2026-06-27 18:59:59","2026-06-28 02:59:59","403.15000","20","1.50","105.00000"
"all-available","Asia/Taipei","BTCUSDT","BTC-260628-61000-C","2026-06-28","61000","CALL","1h","2026-06-27 19:00:00","2026-06-28 03:00:00","65.000","65.000","25.000","30.000","8.93","2026-06-27 19:59:59","2026-06-28 03:59:59","296.15000","79","3.81","118.85000"
"all-available","Asia/Taipei","BTCUSDT","BTC-260628-61000-C","2026-06-28","61000","CALL","1h","2026-06-27 20:00:00","2026-06-28 04:00:00","40.000","40.000","35.000","35.000","1.66","2026-06-27 20:59:59","2026-06-28 04:59:59","64.95000","9","1.66","64.95000"
"all-available","Asia/Taipei","BTCUSDT","BTC-260628-61000-C","2026-06-28","61000","CALL","1h","2026-06-27 21:00:00","2026-06-28 05:00:00","35.000","35.000","25.000","30.000","5.99","2026-06-27 21:59:59","2026-06-28 05:59:59","185.15000","7","4.49","140.15000"
"all-available","Asia/Taipei","BTCUSDT","BTC-260628-61000-C","2026-06-28","61000","CALL","1h","2026-06-27 22:00:00","2026-06-28 06:00:00","20.000","20.000","15.000","20.000","12.46","2026-06-27 22:59:59","2026-06-28 06:59:59","247.75000","20","9.17","183.40000"
"all-available","Asia/Taipei","BTCUSDT","BTC-260628-61000-C","2026-06-28","61000","CALL","1h","2026-06-27 23:00:00","2026-06-28 07:00:00","15.000","20.000","15.000","15.000","6.56","2026-06-27 23:59:59","2026-06-28 07:59:59","99.65000","9","0.25","5.00000"
"all-available","Asia/Taipei","BTCUSDT","BTC-260628-61000-C","2026-06-28","61000","CALL","1h","2026-06-28 00:00:00","2026-06-28 08:00:00","10.000","15.000","10.000","10.000","23.21","2026-06-28 00:59:59","2026-06-28 08:59:59","322.25000","12","23.17","321.85000"
"all-available","Asia/Taipei","BTCUSDT","BTC-260628-61000-C","2026-06-28","61000","CALL","1h","2026-06-28 01:00:00","2026-06-28 09:00:00","10.000","10.000","5.000","5.000","6.84","2026-06-28 01:59:59","2026-06-28 09:59:59","68.15000","13","6.79","67.90000"
"all-available","Asia/Taipei","BTCUSDT","BTC-260628-61000-C","2026-06-28","61000","CALL","1h","2026-06-28 02:00:00","2026-06-28 10:00:00","10.000","10.000","5.000","5.000","1.44","2026-06-28 02:59:59","2026-06-28 10:59:59","9.15000","7","0.39","3.90000"
"all-available","Asia/Taipei","BTCUSDT","BTC-260628-61000-C","2026-06-28","61000","CALL","1h","2026-06-28 03:00:00","2026-06-28 11:00:00","5.000","10.000","5.000","10.000","2.93","2026-06-28 03:59:59","2026-06-28 11:59:59","20.40000","5","1.15","11.50000"
"all-available","Asia/Taipei","BTCUSDT","BTC-260628-61000-C","2026-06-28","61000","CALL","1h","2026-06-28 04:00:00","2026-06-28 12:00:00","5.000","10.000","5.000","5.000","2.65","2026-06-28 04:59:59","2026-06-28 12:59:59","15.95000","12","0.54","5.40000"
"all-available","Asia/Taipei","BTCUSDT","BTC-260628-61000-C","2026-06-28","61000","CALL","1h","2026-06-28 05:00:00","2026-06-28 13:00:00","5.000","5.000","5.000","5.000","0.00","2026-06-28 05:59:59","2026-06-28 13:59:59","0.00000","0","0.00","0.00000"
"all-available","Asia/Taipei","BTCUSDT","BTC-260628-61000-C","2026-06-28","61000","CALL","1h","2026-06-28 06:00:00","2026-06-28 14:00:00","5.000","5.000","5.000","5.000","0.00","2026-06-28 06:59:59","2026-06-28 14:59:59","0.00000","0","0.00","0.00000"
"all-available","Asia/Taipei","BTCUSDT","BTC-260628-61000-C","2026-06-28","61000","CALL","1h","2026-06-28 07:00:00","2026-06-28 15:00:00","5.000","5.000","5.000","5.000","0.00","2026-06-28 07:59:59","2026-06-28 15:59:59","0.00000","0","0.00","0.00000"
"all-available","Asia/Taipei","BTCUSDT","BTC-260628-61000-P","2026-06-28","61000","PUT","1h","2026-06-25 10:00:00","2026-06-25 18:00:00","660.000","660.000","660.000","660.000","2.00","2026-06-25 10:59:59","2026-06-25 18:59:59","1320.00000","1","2.00","1320.00000"
"all-available","Asia/Taipei","BTCUSDT","BTC-260628-61000-P","2026-06-28","61000","PUT","1h","2026-06-25 11:00:00","2026-06-25 19:00:00","680.000","680.000","680.000","680.000","0.50","2026-06-25 11:59:59","2026-06-25 19:59:59","340.00000","1","0.50","340.00000"
"all-available","Asia/Taipei","BTCUSDT","BTC-260628-61000-P","2026-06-28","61000","PUT","1h","2026-06-25 12:00:00","2026-06-25 20:00:00","775.000","775.000","620.000","715.000","1.99","2026-06-25 12:59:59","2026-06-25 20:59:59","1445.95000","4","1.18","895.15000"
"all-available","Asia/Taipei","BTCUSDT","BTC-260628-61000-P","2026-06-28","61000","PUT","1h","2026-06-25 13:00:00","2026-06-25 21:00:00","820.000","1615.000","820.000","1615.000","0.03","2026-06-25 13:59:59","2026-06-25 21:59:59","33.35000","3","0.03","33.35000"
"all-available","Asia/Taipei","BTCUSDT","BTC-260628-61000-P","2026-06-28","61000","PUT","1h","2026-06-25 14:00:00","2026-06-25 22:00:00","2230.000","2360.000","1400.000","1400.000","14.39","2026-06-25 14:59:59","2026-06-25 22:59:59","27526.00000","8","6.59","12758.00000"
"all-available","Asia/Taipei","BTCUSDT","BTC-260628-61000-P","2026-06-28","61000","PUT","1h","2026-06-25 15:00:00","2026-06-25 23:00:00","2290.000","2290.000","2290.000","2290.000","2.60","2026-06-25 15:59:59","2026-06-25 23:59:59","5954.00000","1","2.60","5954.00000"
"all-available","Asia/Taipei","BTCUSDT","BTC-260628-61000-P","2026-06-28","61000","PUT","1h","2026-06-25 16:00:00","2026-06-26 00:00:00","2290.000","2290.000","2290.000","2290.000","0.00","2026-06-25 16:59:59","2026-06-26 00:59:59","0.00000","0","0.00","0.00000"
"all-available","Asia/Taipei","BTCUSDT","BTC-260628-61000-P","2026-06-28","61000","PUT","1h","2026-06-25 17:00:00","2026-06-26 01:00:00","2290.000","2290.000","2290.000","2290.000","0.00","2026-06-25 17:59:59","2026-06-26 01:59:59","0.00000","0","0.00","0.00000"
"all-available","Asia/Taipei","BTCUSDT","BTC-260628-61000-P","2026-06-28","61000","PUT","1h","2026-06-25 18:00:00","2026-06-26 02:00:00","2290.000","2290.000","2290.000","2290.000","0.00","2026-06-25 18:59:59","2026-06-26 02:59:59","0.00000","0","0.00","0.00000"
"all-available","Asia/Taipei","BTCUSDT","BTC-260628-61000-P","2026-06-28","61000","PUT","1h","2026-06-25 19:00:00","2026-06-26 03:00:00","2290.000","2290.000","2290.000","2290.000","0.00","2026-06-25 19:59:59","2026-06-26 03:59:59","0.00000","0","0.00","0.00000"
"all-available","Asia/Taipei","BTCUSDT","BTC-260628-61000-P","2026-06-28","61000","PUT","1h","2026-06-25 20:00:00","2026-06-26 04:00:00","2290.000","2290.000","2290.000","2290.000","0.00","2026-06-25 20:59:59","2026-06-26 04:59:59","0.00000","0","0.00","0.00000"
"all-available","Asia/Taipei","BTCUSDT","BTC-260628-61000-P","2026-06-28","61000","PUT","1h","2026-06-25 21:00:00","2026-06-26 05:00:00","2290.000","2290.000","2290.000","2290.000","0.00","2026-06-25 21:59:59","2026-06-26 05:59:59","0.00000","0","0.00","0.00000"
"all-available","Asia/Taipei","BTCUSDT","BTC-260628-61000-P","2026-06-28","61000","PUT","1h","2026-06-25 22:00:00","2026-06-26 06:00:00","2290.000","2290.000","2290.000","2290.000","0.00","2026-06-25 22:59:59","2026-06-26 06:59:59","0.00000","0","0.00","0.00000"
"all-available","Asia/Taipei","BTCUSDT","BTC-260628-61000-P","2026-06-28","61000","PUT","1h","2026-06-25 23:00:00","2026-06-26 07:00:00","2290.000","2290.000","2290.000","2290.000","0.00","2026-06-25 23:59:59","2026-06-26 07:59:59","0.00000","0","0.00","0.00000"
"all-available","Asia/Taipei","BTCUSDT","BTC-260628-61000-P","2026-06-28","61000","PUT","1h","2026-06-26 00:00:00","2026-06-26 08:00:00","2290.000","2290.000","2290.000","2290.000","0.00","2026-06-26 00:59:59","2026-06-26 08:59:59","0.00000","0","0.00","0.00000"
"all-available","Asia/Taipei","BTCUSDT","BTC-260628-61000-P","2026-06-28","61000","PUT","1h","2026-06-26 01:00:00","2026-06-26 09:00:00","2290.000","2290.000","2290.000","2290.000","0.00","2026-06-26 01:59:59","2026-06-26 09:59:59","0.00000","0","0.00","0.00000"
"all-available","Asia/Taipei","BTCUSDT","BTC-260628-61000-P","2026-06-28","61000","PUT","1h","2026-06-26 02:00:00","2026-06-26 10:00:00","2290.000","2290.000","2290.000","2290.000","0.00","2026-06-26 02:59:59","2026-06-26 10:59:59","0.00000","0","0.00","0.00000"
"all-available","Asia/Taipei","BTCUSDT","BTC-260628-61000-P","2026-06-28","61000","PUT","1h","2026-06-26 03:00:00","2026-06-26 11:00:00","2290.000","2290.000","2290.000","2290.000","0.00","2026-06-26 03:59:59","2026-06-26 11:59:59","0.00000","0","0.00","0.00000"
"all-available","Asia/Taipei","BTCUSDT","BTC-260628-61000-P","2026-06-28","61000","PUT","1h","2026-06-26 04:00:00","2026-06-26 12:00:00","2290.000","2290.000","2290.000","2290.000","0.00","2026-06-26 04:59:59","2026-06-26 12:59:59","0.00000","0","0.00","0.00000"
"all-available","Asia/Taipei","BTCUSDT","BTC-260628-61000-P","2026-06-28","61000","PUT","1h","2026-06-26 05:00:00","2026-06-26 13:00:00","2290.000","2290.000","2290.000","2290.000","0.00","2026-06-26 05:59:59","2026-06-26 13:59:59","0.00000","0","0.00","0.00000"
"all-available","Asia/Taipei","BTCUSDT","BTC-260628-61000-P","2026-06-28","61000","PUT","1h","2026-06-26 06:00:00","2026-06-26 14:00:00","2290.000","2290.000","2290.000","2290.000","0.00","2026-06-26 06:59:59","2026-06-26 14:59:59","0.00000","0","0.00","0.00000"
"all-available","Asia/Taipei","BTCUSDT","BTC-260628-61000-P","2026-06-28","61000","PUT","1h","2026-06-26 07:00:00","2026-06-26 15:00:00","1110.000","1110.000","955.000","955.000","3.32","2026-06-26 07:59:59","2026-06-26 15:59:59","3447.75000","9","0.26","248.95000"
"all-available","Asia/Taipei","BTCUSDT","BTC-260628-61000-P","2026-06-28","61000","PUT","1h","2026-06-26 08:00:00","2026-06-26 16:00:00","1065.000","1150.000","1065.000","1150.000","4.72","2026-06-26 08:59:59","2026-06-26 16:59:59","5056.00000","8","4.40","4688.00000"
"all-available","Asia/Taipei","BTCUSDT","BTC-260628-61000-P","2026-06-28","61000","PUT","1h","2026-06-26 09:00:00","2026-06-26 17:00:00","1190.000","1580.000","1190.000","1580.000","0.50","2026-06-26 09:59:59","2026-06-26 17:59:59","655.00000","4","0.15","237.00000"
"all-available","Asia/Taipei","BTCUSDT","BTC-260628-61000-P","2026-06-28","61000","PUT","1h","2026-06-26 10:00:00","2026-06-26 18:00:00","1470.000","1470.000","1470.000","1470.000","0.01","2026-06-26 10:59:59","2026-06-26 18:59:59","14.70000","1","0.01","14.70000"
"all-available","Asia/Taipei","BTCUSDT","BTC-260628-61000-P","2026-06-28","61000","PUT","1h","2026-06-26 11:00:00","2026-06-26 19:00:00","1470.000","1470.000","1470.000","1470.000","0.00","2026-06-26 11:59:59","2026-06-26 19:59:59","0.00000","0","0.00","0.00000"
"all-available","Asia/Taipei","BTCUSDT","BTC-260628-61000-P","2026-06-28","61000","PUT","1h","2026-06-26 12:00:00","2026-06-26 20:00:00","1470.000","1470.000","1470.000","1470.000","0.00","2026-06-26 12:59:59","2026-06-26 20:59:59","0.00000","0","0.00","0.00000"
"all-available","Asia/Taipei","BTCUSDT","BTC-260628-61000-P","2026-06-28","61000","PUT","1h","2026-06-26 13:00:00","2026-06-26 21:00:00","1470.000","1470.000","1470.000","1470.000","0.00","2026-06-26 13:59:59","2026-06-26 21:59:59","0.00000","0","0.00","0.00000"
"all-available","Asia/Taipei","BTCUSDT","BTC-260628-61000-P","2026-06-28","61000","PUT","1h","2026-06-26 14:00:00","2026-06-26 22:00:00","1470.000","1470.000","1470.000","1470.000","0.00","2026-06-26 14:59:59","2026-06-26 22:59:59","0.00000","0","0.00","0.00000"
"all-available","Asia/Taipei","BTCUSDT","BTC-260628-61000-P","2026-06-28","61000","PUT","1h","2026-06-26 15:00:00","2026-06-26 23:00:00","1470.000","1470.000","1470.000","1470.000","0.00","2026-06-26 15:59:59","2026-06-26 23:59:59","0.00000","0","0.00","0.00000"
"all-available","Asia/Taipei","BTCUSDT","BTC-260628-61000-P","2026-06-28","61000","PUT","1h","2026-06-26 16:00:00","2026-06-27 00:00:00","1470.000","1470.000","1470.000","1470.000","0.00","2026-06-26 16:59:59","2026-06-27 00:59:59","0.00000","0","0.00","0.00000"
"all-available","Asia/Taipei","BTCUSDT","BTC-260628-61000-P","2026-06-28","61000","PUT","1h","2026-06-26 17:00:00","2026-06-27 01:00:00","1090.000","1115.000","1090.000","1115.000","0.72","2026-06-26 17:59:59","2026-06-27 01:59:59","793.80000","2","0.36","401.40000"
"all-available","Asia/Taipei","BTCUSDT","BTC-260628-61000-P","2026-06-28","61000","PUT","1h","2026-06-26 18:00:00","2026-06-27 02:00:00","1115.000","1115.000","1115.000","1115.000","0.00","2026-06-26 18:59:59","2026-06-27 02:59:59","0.00000","0","0.00","0.00000"
"all-available","Asia/Taipei","BTCUSDT","BTC-260628-61000-P","2026-06-28","61000","PUT","1h","2026-06-26 19:00:00","2026-06-27 03:00:00","1115.000","1115.000","1115.000","1115.000","0.00","2026-06-26 19:59:59","2026-06-27 03:59:59","0.00000","0","0.00","0.00000"
"all-available","Asia/Taipei","BTCUSDT","BTC-260628-61000-P","2026-06-28","61000","PUT","1h","2026-06-26 20:00:00","2026-06-27 04:00:00","1115.000","1115.000","1115.000","1115.000","0.00","2026-06-26 20:59:59","2026-06-27 04:59:59","0.00000","0","0.00","0.00000"
"all-available","Asia/Taipei","BTCUSDT","BTC-260628-61000-P","2026-06-28","61000","PUT","1h","2026-06-26 21:00:00","2026-06-27 05:00:00","1280.000","1280.000","1280.000","1280.000","2.37","2026-06-26 21:59:59","2026-06-27 05:59:59","3033.60000","1","0.00","0.00000"
"all-available","Asia/Taipei","BTCUSDT","BTC-260628-61000-P","2026-06-28","61000","PUT","1h","2026-06-26 22:00:00","2026-06-27 06:00:00","1255.000","1255.000","1255.000","1255.000","2.60","2026-06-26 22:59:59","2026-06-27 06:59:59","3263.00000","1","2.60","3263.00000"
"all-available","Asia/Taipei","BTCUSDT","BTC-260628-61000-P","2026-06-28","61000","PUT","1h","2026-06-26 23:00:00","2026-06-27 07:00:00","1255.000","1255.000","1255.000","1255.000","0.00","2026-06-26 23:59:59","2026-06-27 07:59:59","0.00000","0","0.00","0.00000"
"all-available","Asia/Taipei","BTCUSDT","BTC-260628-61000-P","2026-06-28","61000","PUT","1h","2026-06-27 00:00:00","2026-06-27 08:00:00","1255.000","1255.000","1255.000","1255.000","0.00","2026-06-27 00:59:59","2026-06-27 08:59:59","0.00000","0","0.00","0.00000"
"all-available","Asia/Taipei","BTCUSDT","BTC-260628-61000-P","2026-06-28","61000","PUT","1h","2026-06-27 01:00:00","2026-06-27 09:00:00","1255.000","1255.000","1255.000","1255.000","0.00","2026-06-27 01:59:59","2026-06-27 09:59:59","0.00000","0","0.00","0.00000"
"all-available","Asia/Taipei","BTCUSDT","BTC-260628-61000-P","2026-06-28","61000","PUT","1h","2026-06-27 02:00:00","2026-06-27 10:00:00","1255.000","1255.000","1255.000","1255.000","0.00","2026-06-27 02:59:59","2026-06-27 10:59:59","0.00000","0","0.00","0.00000"
"all-available","Asia/Taipei","BTCUSDT","BTC-260628-61000-P","2026-06-28","61000","PUT","1h","2026-06-27 03:00:00","2026-06-27 11:00:00","1255.000","1255.000","1255.000","1255.000","0.00","2026-06-27 03:59:59","2026-06-27 11:59:59","0.00000","0","0.00","0.00000"
"all-available","Asia/Taipei","BTCUSDT","BTC-260628-61000-P","2026-06-28","61000","PUT","1h","2026-06-27 04:00:00","2026-06-27 12:00:00","1255.000","1255.000","1255.000","1255.000","0.00","2026-06-27 04:59:59","2026-06-27 12:59:59","0.00000","0","0.00","0.00000"
"all-available","Asia/Taipei","BTCUSDT","BTC-260628-61000-P","2026-06-28","61000","PUT","1h","2026-06-27 05:00:00","2026-06-27 13:00:00","1255.000","1255.000","1255.000","1255.000","0.00","2026-06-27 05:59:59","2026-06-27 13:59:59","0.00000","0","0.00","0.00000"
"all-available","Asia/Taipei","BTCUSDT","BTC-260628-61000-P","2026-06-28","61000","PUT","1h","2026-06-27 06:00:00","2026-06-27 14:00:00","1255.000","1255.000","1255.000","1255.000","0.00","2026-06-27 06:59:59","2026-06-27 14:59:59","0.00000","0","0.00","0.00000"
"all-available","Asia/Taipei","BTCUSDT","BTC-260628-61000-P","2026-06-28","61000","PUT","1h","2026-06-27 07:00:00","2026-06-27 15:00:00","1255.000","1255.000","1255.000","1255.000","0.00","2026-06-27 07:59:59","2026-06-27 15:59:59","0.00000","0","0.00","0.00000"
"all-available","Asia/Taipei","BTCUSDT","BTC-260628-61000-P","2026-06-28","61000","PUT","1h","2026-06-27 08:00:00","2026-06-27 16:00:00","1255.000","1255.000","1255.000","1255.000","0.00","2026-06-27 08:59:59","2026-06-27 16:59:59","0.00000","0","0.00","0.00000"
"all-available","Asia/Taipei","BTCUSDT","BTC-260628-61000-P","2026-06-28","61000","PUT","1h","2026-06-27 09:00:00","2026-06-27 17:00:00","1255.000","1255.000","1255.000","1255.000","0.00","2026-06-27 09:59:59","2026-06-27 17:59:59","0.00000","0","0.00","0.00000"
"all-available","Asia/Taipei","BTCUSDT","BTC-260628-61000-P","2026-06-28","61000","PUT","1h","2026-06-27 10:00:00","2026-06-27 18:00:00","1255.000","1255.000","1255.000","1255.000","0.00","2026-06-27 10:59:59","2026-06-27 18:59:59","0.00000","0","0.00","0.00000"
"all-available","Asia/Taipei","BTCUSDT","BTC-260628-61000-P","2026-06-28","61000","PUT","1h","2026-06-27 11:00:00","2026-06-27 19:00:00","775.000","840.000","710.000","710.000","1.39","2026-06-27 11:59:59","2026-06-27 19:59:59","1040.20000","3","1.39","1040.20000"
"all-available","Asia/Taipei","BTCUSDT","BTC-260628-61000-P","2026-06-28","61000","PUT","1h","2026-06-27 12:00:00","2026-06-27 20:00:00","720.000","720.000","720.000","720.000","0.06","2026-06-27 12:59:59","2026-06-27 20:59:59","43.20000","1","0.06","43.20000"
"all-available","Asia/Taipei","BTCUSDT","BTC-260628-61000-P","2026-06-28","61000","PUT","1h","2026-06-27 13:00:00","2026-06-27 21:00:00","655.000","665.000","515.000","515.000","19.00","2026-06-27 13:59:59","2026-06-27 21:59:59","10059.65000","21","19.00","10059.65000"
"all-available","Asia/Taipei","BTCUSDT","BTC-260628-61000-P","2026-06-28","61000","PUT","1h","2026-06-27 14:00:00","2026-06-27 22:00:00","515.000","515.000","410.000","410.000","33.10","2026-06-27 14:59:59","2026-06-27 22:59:59","16941.50000","27","33.10","16941.50000"
"all-available","Asia/Taipei","BTCUSDT","BTC-260628-61000-P","2026-06-28","61000","PUT","1h","2026-06-27 15:00:00","2026-06-27 23:00:00","495.000","500.000","260.000","290.000","5.90","2026-06-27 15:59:59","2026-06-27 23:59:59","1969.05000","24","4.63","1578.20000"
"all-available","Asia/Taipei","BTCUSDT","BTC-260628-61000-P","2026-06-28","61000","PUT","1h","2026-06-27 16:00:00","2026-06-28 00:00:00","290.000","290.000","290.000","290.000","0.00","2026-06-27 16:59:59","2026-06-28 00:59:59","0.00000","0","0.00","0.00000"
"all-available","Asia/Taipei","BTCUSDT","BTC-260628-61000-P","2026-06-28","61000","PUT","1h","2026-06-27 17:00:00","2026-06-28 01:00:00","495.000","595.000","495.000","595.000","3.35","2026-06-27 17:59:59","2026-06-28 01:59:59","1715.20000","4","3.35","1715.20000"
"all-available","Asia/Taipei","BTCUSDT","BTC-260628-61000-P","2026-06-28","61000","PUT","1h","2026-06-27 18:00:00","2026-06-28 02:00:00","595.000","595.000","595.000","595.000","0.00","2026-06-27 18:59:59","2026-06-28 02:59:59","0.00000","0","0.00","0.00000"
"all-available","Asia/Taipei","BTCUSDT","BTC-260628-61000-P","2026-06-28","61000","PUT","1h","2026-06-27 19:00:00","2026-06-28 03:00:00","475.000","730.000","475.000","730.000","1.50","2026-06-27 19:59:59","2026-06-28 03:59:59","840.00000","7","1.50","840.00000"
"all-available","Asia/Taipei","BTCUSDT","BTC-260628-61000-P","2026-06-28","61000","PUT","1h","2026-06-27 20:00:00","2026-06-28 04:00:00","805.000","805.000","805.000","805.000","0.10","2026-06-27 20:59:59","2026-06-28 04:59:59","80.50000","1","0.00","0.00000"
"all-available","Asia/Taipei","BTCUSDT","BTC-260628-61000-P","2026-06-28","61000","PUT","1h","2026-06-27 21:00:00","2026-06-28 05:00:00","805.000","805.000","805.000","805.000","0.00","2026-06-27 21:59:59","2026-06-28 05:59:59","0.00000","0","0.00","0.00000"
"all-available","Asia/Taipei","BTCUSDT","BTC-260628-61000-P","2026-06-28","61000","PUT","1h","2026-06-27 22:00:00","2026-06-28 06:00:00","1000.000","1000.000","1000.000","1000.000","1.50","2026-06-27 22:59:59","2026-06-28 06:59:59","1500.00000","2","1.50","1500.00000"
"all-available","Asia/Taipei","BTCUSDT","BTC-260628-61000-P","2026-06-28","61000","PUT","1h","2026-06-27 23:00:00","2026-06-28 07:00:00","1000.000","1000.000","1000.000","1000.000","0.00","2026-06-27 23:59:59","2026-06-28 07:59:59","0.00000","0","0.00","0.00000"
"all-available","Asia/Taipei","BTCUSDT","BTC-260628-61000-P","2026-06-28","61000","PUT","1h","2026-06-28 00:00:00","2026-06-28 08:00:00","1000.000","1000.000","1000.000","1000.000","0.00","2026-06-28 00:59:59","2026-06-28 08:59:59","0.00000","0","0.00","0.00000"
"all-available","Asia/Taipei","BTCUSDT","BTC-260628-61000-P","2026-06-28","61000","PUT","1h","2026-06-28 01:00:00","2026-06-28 09:00:00","1000.000","1000.000","1000.000","1000.000","0.00","2026-06-28 01:59:59","2026-06-28 09:59:59","0.00000","0","0.00","0.00000"
"all-available","Asia/Taipei","BTCUSDT","BTC-260628-61000-P","2026-06-28","61000","PUT","1h","2026-06-28 02:00:00","2026-06-28 10:00:00","1000.000","1000.000","1000.000","1000.000","0.00","2026-06-28 02:59:59","2026-06-28 10:59:59","0.00000","0","0.00","0.00000"
"all-available","Asia/Taipei","BTCUSDT","BTC-260628-61000-P","2026-06-28","61000","PUT","1h","2026-06-28 03:00:00","2026-06-28 11:00:00","1000.000","1000.000","1000.000","1000.000","0.00","2026-06-28 03:59:59","2026-06-28 11:59:59","0.00000","0","0.00","0.00000"
"all-available","Asia/Taipei","BTCUSDT","BTC-260628-61000-P","2026-06-28","61000","PUT","1h","2026-06-28 04:00:00","2026-06-28 12:00:00","885.000","885.000","885.000","885.000","4.39","2026-06-28 04:59:59","2026-06-28 12:59:59","3885.15000","4","0.00","0.00000"
"all-available","Asia/Taipei","BTCUSDT","BTC-260628-61000-P","2026-06-28","61000","PUT","1h","2026-06-28 05:00:00","2026-06-28 13:00:00","940.000","1000.000","940.000","1000.000","14.39","2026-06-28 05:59:59","2026-06-28 13:59:59","14126.60000","7","14.39","14126.60000"
"all-available","Asia/Taipei","BTCUSDT","BTC-260628-61000-P","2026-06-28","61000","PUT","1h","2026-06-28 06:00:00","2026-06-28 14:00:00","1000.000","1000.000","1000.000","1000.000","0.00","2026-06-28 06:59:59","2026-06-28 14:59:59","0.00000","0","0.00","0.00000"
"all-available","Asia/Taipei","BTCUSDT","BTC-260628-61000-P","2026-06-28","61000","PUT","1h","2026-06-28 07:00:00","2026-06-28 15:00:00","850.000","850.000","850.000","850.000","0.01","2026-06-28 07:59:59","2026-06-28 15:59:59","8.50000","1","0.00","0.00000"
"all-available","Asia/Taipei","BTCUSDT","BTC-260628-61500-C","2026-06-28","61500","CALL","1h","2026-06-25 08:00:00","2026-06-25 16:00:00","910.000","910.000","910.000","910.000","0.30","2026-06-25 08:59:59","2026-06-25 16:59:59","273.00000","1","0.00","0.00000"
"all-available","Asia/Taipei","BTCUSDT","BTC-260628-61500-C","2026-06-28","61500","CALL","1h","2026-06-25 09:00:00","2026-06-25 17:00:00","875.000","875.000","875.000","875.000","0.01","2026-06-25 09:59:59","2026-06-25 17:59:59","8.75000","1","0.01","8.75000"
"all-available","Asia/Taipei","BTCUSDT","BTC-260628-61500-C","2026-06-28","61500","CALL","1h","2026-06-25 10:00:00","2026-06-25 18:00:00","875.000","875.000","875.000","875.000","0.00","2026-06-25 10:59:59","2026-06-25 18:59:59","0.00000","0","0.00","0.00000"
"all-available","Asia/Taipei","BTCUSDT","BTC-260628-61500-C","2026-06-28","61500","CALL","1h","2026-06-25 11:00:00","2026-06-25 19:00:00","640.000","640.000","640.000","640.000","0.10","2026-06-25 11:59:59","2026-06-25 19:59:59","64.00000","1","0.10","64.00000"
"all-available","Asia/Taipei","BTCUSDT","BTC-260628-61500-C","2026-06-28","61500","CALL","1h","2026-06-25 12:00:00","2026-06-25 20:00:00","745.000","760.000","665.000","665.000","0.96","2026-06-25 12:59:59","2026-06-25 20:59:59","705.10000","6","0.58","426.75000"
"all-available","Asia/Taipei","BTCUSDT","BTC-260628-61500-C","2026-06-28","61500","CALL","1h","2026-06-25 13:00:00","2026-06-25 21:00:00","485.000","485.000","120.000","120.000","8.54","2026-06-25 13:59:59","2026-06-25 21:59:59","1902.90000","15","4.76","886.75000"
"all-available","Asia/Taipei","BTCUSDT","BTC-260628-61500-C","2026-06-28","61500","CALL","1h","2026-06-25 14:00:00","2026-06-25 22:00:00","145.000","325.000","145.000","255.000","28.15","2026-06-25 14:59:59","2026-06-25 22:59:59","5678.30000","31","18.13","3717.60000"
"all-available","Asia/Taipei","BTCUSDT","BTC-260628-61500-C","2026-06-28","61500","CALL","1h","2026-06-25 15:00:00","2026-06-25 23:00:00","200.000","200.000","170.000","185.000","2.86","2026-06-25 15:59:59","2026-06-25 23:59:59","562.10000","10","0.45","80.25000"
"all-available","Asia/Taipei","BTCUSDT","BTC-260628-61500-C","2026-06-28","61500","CALL","1h","2026-06-25 16:00:00","2026-06-26 00:00:00","245.000","245.000","165.000","170.000","9.06","2026-06-25 16:59:59","2026-06-26 00:59:59","1808.55000","10","7.79","1523.15000"
"all-available","Asia/Taipei","BTCUSDT","BTC-260628-61500-C","2026-06-28","61500","CALL","1h","2026-06-25 17:00:00","2026-06-26 01:00:00","165.000","185.000","165.000","185.000","1.46","2026-06-25 17:59:59","2026-06-26 01:59:59","249.85000","4","1.46","249.85000"
"all-available","Asia/Taipei","BTCUSDT","BTC-260628-61500-C","2026-06-28","61500","CALL","1h","2026-06-25 18:00:00","2026-06-26 02:00:00","185.000","185.000","185.000","185.000","0.00","2026-06-25 18:59:59","2026-06-26 02:59:59","0.00000","0","0.00","0.00000"
"all-available","Asia/Taipei","BTCUSDT","BTC-260628-61500-C","2026-06-28","61500","CALL","1h","2026-06-25 19:00:00","2026-06-26 03:00:00","185.000","185.000","185.000","185.000","0.00","2026-06-25 19:59:59","2026-06-26 03:59:59","0.00000","0","0.00","0.00000"
"all-available","Asia/Taipei","BTCUSDT","BTC-260628-61500-C","2026-06-28","61500","CALL","1h","2026-06-25 20:00:00","2026-06-26 04:00:00","185.000","185.000","185.000","185.000","0.00","2026-06-25 20:59:59","2026-06-26 04:59:59","0.00000","0","0.00","0.00000"
"all-available","Asia/Taipei","BTCUSDT","BTC-260628-61500-C","2026-06-28","61500","CALL","1h","2026-06-25 21:00:00","2026-06-26 05:00:00","185.000","185.000","185.000","185.000","0.00","2026-06-25 21:59:59","2026-06-26 05:59:59","0.00000","0","0.00","0.00000"
"all-available","Asia/Taipei","BTCUSDT","BTC-260628-61500-C","2026-06-28","61500","CALL","1h","2026-06-25 22:00:00","2026-06-26 06:00:00","185.000","185.000","185.000","185.000","0.00","2026-06-25 22:59:59","2026-06-26 06:59:59","0.00000","0","0.00","0.00000"
"all-available","Asia/Taipei","BTCUSDT","BTC-260628-61500-C","2026-06-28","61500","CALL","1h","2026-06-25 23:00:00","2026-06-26 07:00:00","185.000","185.000","185.000","185.000","0.00","2026-06-25 23:59:59","2026-06-26 07:59:59","0.00000","0","0.00","0.00000"
"all-available","Asia/Taipei","BTCUSDT","BTC-260628-61500-C","2026-06-28","61500","CALL","1h","2026-06-26 00:00:00","2026-06-26 08:00:00","170.000","170.000","170.000","170.000","0.01","2026-06-26 00:59:59","2026-06-26 08:59:59","1.70000","1","0.00","0.00000"
"all-available","Asia/Taipei","BTCUSDT","BTC-260628-61500-C","2026-06-28","61500","CALL","1h","2026-06-26 01:00:00","2026-06-26 09:00:00","145.000","145.000","130.000","130.000","2.49","2026-06-26 01:59:59","2026-06-26 09:59:59","357.15000","8","0.26","33.80000"
"all-available","Asia/Taipei","BTCUSDT","BTC-260628-61500-C","2026-06-28","61500","CALL","1h","2026-06-26 02:00:00","2026-06-26 10:00:00","130.000","130.000","90.000","95.000","1.44","2026-06-26 02:59:59","2026-06-26 10:59:59","166.85000","5","0.03","2.85000"
"all-available","Asia/Taipei","BTCUSDT","BTC-260628-61500-C","2026-06-28","61500","CALL","1h","2026-06-26 03:00:00","2026-06-26 11:00:00","170.000","185.000","170.000","185.000","5.05","2026-06-26 03:59:59","2026-06-26 11:59:59","885.95000","4","5.05","885.95000"
"all-available","Asia/Taipei","BTCUSDT","BTC-260628-61500-C","2026-06-28","61500","CALL","1h","2026-06-26 04:00:00","2026-06-26 12:00:00","175.000","205.000","175.000","185.000","0.20","2026-06-26 04:59:59","2026-06-26 12:59:59","36.70000","3","0.02","3.70000"
"all-available","Asia/Taipei","BTCUSDT","BTC-260628-61500-C","2026-06-28","61500","CALL","1h","2026-06-26 05:00:00","2026-06-26 13:00:00","185.000","185.000","170.000","170.000","3.52","2026-06-26 05:59:59","2026-06-26 13:59:59","644.30000","3","0.46","78.20000"
"all-available","Asia/Taipei","BTCUSDT","BTC-260628-61500-C","2026-06-28","61500","CALL","1h","2026-06-26 06:00:00","2026-06-26 14:00:00","170.000","170.000","170.000","170.000","0.00","2026-06-26 06:59:59","2026-06-26 14:59:59","0.00000","0","0.00","0.00000"
"all-available","Asia/Taipei","BTCUSDT","BTC-260628-61500-C","2026-06-28","61500","CALL","1h","2026-06-26 07:00:00","2026-06-26 15:00:00","365.000","380.000","330.000","335.000","4.87","2026-06-26 07:59:59","2026-06-26 15:59:59","1726.95000","8","3.07","1095.90000"
"all-available","Asia/Taipei","BTCUSDT","BTC-260628-61500-C","2026-06-28","61500","CALL","1h","2026-06-26 08:00:00","2026-06-26 16:00:00","295.000","295.000","245.000","245.000","1.32","2026-06-26 08:59:59","2026-06-26 16:59:59","384.40000","2","0.10","24.50000"
"all-available","Asia/Taipei","BTCUSDT","BTC-260628-61500-C","2026-06-28","61500","CALL","1h","2026-06-26 09:00:00","2026-06-26 17:00:00","175.000","175.000","140.000","140.000","0.13","2026-06-26 09:59:59","2026-06-26 17:59:59","20.30000","4","0.10","15.25000"
"all-available","Asia/Taipei","BTCUSDT","BTC-260628-61500-C","2026-06-28","61500","CALL","1h","2026-06-26 10:00:00","2026-06-26 18:00:00","105.000","105.000","105.000","105.000","0.05","2026-06-26 10:59:59","2026-06-26 18:59:59","5.25000","1","0.00","0.00000"
"all-available","Asia/Taipei","BTCUSDT","BTC-260628-61500-C","2026-06-28","61500","CALL","1h","2026-06-26 11:00:00","2026-06-26 19:00:00","105.000","105.000","105.000","105.000","0.00","2026-06-26 11:59:59","2026-06-26 19:59:59","0.00000","0","0.00","0.00000"
"all-available","Asia/Taipei","BTCUSDT","BTC-260628-61500-C","2026-06-28","61500","CALL","1h","2026-06-26 12:00:00","2026-06-26 20:00:00","115.000","200.000","95.000","100.000","0.84","2026-06-26 12:59:59","2026-06-26 20:59:59","91.50000","7","0.39","46.55000"
"all-available","Asia/Taipei","BTCUSDT","BTC-260628-61500-C","2026-06-28","61500","CALL","1h","2026-06-26 13:00:00","2026-06-26 21:00:00","75.000","205.000","70.000","205.000","6.71","2026-06-26 13:59:59","2026-06-26 21:59:59","563.25000","19","0.86","100.65000"
"all-available","Asia/Taipei","BTCUSDT","BTC-260628-61500-C","2026-06-28","61500","CALL","1h","2026-06-26 14:00:00","2026-06-26 22:00:00","150.000","175.000","100.000","100.000","2.23","2026-06-26 14:59:59","2026-06-26 22:59:59","341.75000","13","2.01","315.35000"
"all-available","Asia/Taipei","BTCUSDT","BTC-260628-61500-C","2026-06-28","61500","CALL","1h","2026-06-26 15:00:00","2026-06-26 23:00:00","120.000","195.000","120.000","140.000","2.43","2026-06-26 15:59:59","2026-06-26 23:59:59","411.50000","12","2.06","355.45000"
"all-available","Asia/Taipei","BTCUSDT","BTC-260628-61500-C","2026-06-28","61500","CALL","1h","2026-06-26 16:00:00","2026-06-27 00:00:00","175.000","180.000","105.000","105.000","0.78","2026-06-26 16:59:59","2026-06-27 00:59:59","107.15000","3","0.35","62.00000"
"all-available","Asia/Taipei","BTCUSDT","BTC-260628-61500-C","2026-06-28","61500","CALL","1h","2026-06-26 17:00:00","2026-06-27 01:00:00","105.000","105.000","105.000","105.000","0.00","2026-06-26 17:59:59","2026-06-27 01:59:59","0.00000","0","0.00","0.00000"
"all-available","Asia/Taipei","BTCUSDT","BTC-260628-61500-C","2026-06-28","61500","CALL","1h","2026-06-26 18:00:00","2026-06-27 02:00:00","80.000","80.000","35.000","35.000","4.48","2026-06-26 18:59:59","2026-06-27 02:59:59","208.80000","9","3.20","128.00000"
"all-available","Asia/Taipei","BTCUSDT","BTC-260628-61500-C","2026-06-28","61500","CALL","1h","2026-06-26 19:00:00","2026-06-27 03:00:00","35.000","45.000","35.000","45.000","1.30","2026-06-26 19:59:59","2026-06-27 03:59:59","55.55000","4","1.30","55.55000"
"all-available","Asia/Taipei","BTCUSDT","BTC-260628-61500-C","2026-06-28","61500","CALL","1h","2026-06-26 20:00:00","2026-06-27 04:00:00","35.000","35.000","35.000","35.000","0.28","2026-06-26 20:59:59","2026-06-27 04:59:59","9.80000","1","0.00","0.00000"
"all-available","Asia/Taipei","BTCUSDT","BTC-260628-61500-C","2026-06-28","61500","CALL","1h","2026-06-26 21:00:00","2026-06-27 05:00:00","25.000","25.000","25.000","25.000","0.05","2026-06-26 21:59:59","2026-06-27 05:59:59","1.25000","1","0.00","0.00000"
"all-available","Asia/Taipei","BTCUSDT","BTC-260628-61500-C","2026-06-28","61500","CALL","1h","2026-06-26 22:00:00","2026-06-27 06:00:00","20.000","20.000","20.000","20.000","1.69","2026-06-26 22:59:59","2026-06-27 06:59:59","33.80000","3","1.69","33.80000"
"all-available","Asia/Taipei","BTCUSDT","BTC-260628-61500-C","2026-06-28","61500","CALL","1h","2026-06-26 23:00:00","2026-06-27 07:00:00","25.000","25.000","25.000","25.000","0.98","2026-06-26 23:59:59","2026-06-27 07:59:59","24.50000","4","0.98","24.50000"
"all-available","Asia/Taipei","BTCUSDT","BTC-260628-61500-C","2026-06-28","61500","CALL","1h","2026-06-27 00:00:00","2026-06-27 08:00:00","20.000","20.000","15.000","15.000","4.22","2026-06-27 00:59:59","2026-06-27 08:59:59","63.50000","6","4.18","62.70000"
"all-available","Asia/Taipei","BTCUSDT","BTC-260628-61500-C","2026-06-28","61500","CALL","1h","2026-06-27 01:00:00","2026-06-27 09:00:00","15.000","15.000","15.000","15.000","25.64","2026-06-27 01:59:59","2026-06-27 09:59:59","384.60000","14","25.64","384.60000"
"all-available","Asia/Taipei","BTCUSDT","BTC-260628-61500-C","2026-06-28","61500","CALL","1h","2026-06-27 02:00:00","2026-06-27 10:00:00","15.000","25.000","15.000","25.000","2.78","2026-06-27 02:59:59","2026-06-27 10:59:59","59.50000","7","2.78","59.50000"
"all-available","Asia/Taipei","BTCUSDT","BTC-260628-61500-C","2026-06-28","61500","CALL","1h","2026-06-27 03:00:00","2026-06-27 11:00:00","25.000","25.000","25.000","25.000","0.00","2026-06-27 03:59:59","2026-06-27 11:59:59","0.00000","0","0.00","0.00000"
"all-available","Asia/Taipei","BTCUSDT","BTC-260628-61500-C","2026-06-28","61500","CALL","1h","2026-06-27 04:00:00","2026-06-27 12:00:00","25.000","25.000","25.000","25.000","2.16","2026-06-27 04:59:59","2026-06-27 12:59:59","54.00000","3","2.16","54.00000"
"all-available","Asia/Taipei","BTCUSDT","BTC-260628-61500-C","2026-06-28","61500","CALL","1h","2026-06-27 05:00:00","2026-06-27 13:00:00","20.000","20.000","20.000","20.000","0.66","2026-06-27 05:59:59","2026-06-27 13:59:59","13.20000","1","0.66","13.20000"
"all-available","Asia/Taipei","BTCUSDT","BTC-260628-61500-C","2026-06-28","61500","CALL","1h","2026-06-27 06:00:00","2026-06-27 14:00:00","20.000","20.000","20.000","20.000","0.00","2026-06-27 06:59:59","2026-06-27 14:59:59","0.00000","0","0.00","0.00000"
"all-available","Asia/Taipei","BTCUSDT","BTC-260628-61500-C","2026-06-28","61500","CALL","1h","2026-06-27 07:00:00","2026-06-27 15:00:00","25.000","35.000","20.000","35.000","2.65","2026-06-27 07:59:59","2026-06-27 15:59:59","68.50000","9","1.50","40.50000"
"all-available","Asia/Taipei","BTCUSDT","BTC-260628-61500-C","2026-06-28","61500","CALL","1h","2026-06-27 08:00:00","2026-06-27 16:00:00","30.000","30.000","25.000","25.000","10.28","2026-06-27 08:59:59","2026-06-27 16:59:59","272.75000","14","7.94","205.05000"
"all-available","Asia/Taipei","BTCUSDT","BTC-260628-61500-C","2026-06-28","61500","CALL","1h","2026-06-27 09:00:00","2026-06-27 17:00:00","25.000","25.000","20.000","20.000","3.06","2026-06-27 09:59:59","2026-06-27 17:59:59","75.70000","5","2.90","72.50000"
"all-available","Asia/Taipei","BTCUSDT","BTC-260628-61500-C","2026-06-28","61500","CALL","1h","2026-06-27 10:00:00","2026-06-27 18:00:00","25.000","25.000","20.000","20.000","19.82","2026-06-27 10:59:59","2026-06-27 18:59:59","396.65000","15","0.05","1.25000"
"all-available","Asia/Taipei","BTCUSDT","BTC-260628-61500-C","2026-06-28","61500","CALL","1h","2026-06-27 11:00:00","2026-06-27 19:00:00","20.000","20.000","20.000","20.000","0.50","2026-06-27 11:59:59","2026-06-27 19:59:59","10.00000","1","0.50","10.00000"
"all-available","Asia/Taipei","BTCUSDT","BTC-260628-61500-C","2026-06-28","61500","CALL","1h","2026-06-27 12:00:00","2026-06-27 20:00:00","15.000","20.000","15.000","20.000","3.44","2026-06-27 12:59:59","2026-06-27 20:59:59","61.30000","4","1.94","38.80000"
"all-available","Asia/Taipei","BTCUSDT","BTC-260628-61500-C","2026-06-28","61500","CALL","1h","2026-06-27 13:00:00","2026-06-27 21:00:00","20.000","30.000","20.000","30.000","4.21","2026-06-27 13:59:59","2026-06-27 21:59:59","126.20000","4","4.21","126.20000"
"all-available","Asia/Taipei","BTCUSDT","BTC-260628-61500-C","2026-06-28","61500","CALL","1h","2026-06-27 14:00:00","2026-06-27 22:00:00","20.000","25.000","20.000","25.000","6.73","2026-06-27 14:59:59","2026-06-27 22:59:59","150.65000","17","4.53","106.65000"
"all-available","Asia/Taipei","BTCUSDT","BTC-260628-61500-C","2026-06-28","61500","CALL","1h","2026-06-27 15:00:00","2026-06-27 23:00:00","20.000","45.000","20.000","45.000","27.09","2026-06-27 15:59:59","2026-06-27 23:59:59","990.05000","17","26.76","980.05000"
"all-available","Asia/Taipei","BTCUSDT","BTC-260628-61500-C","2026-06-28","61500","CALL","1h","2026-06-27 16:00:00","2026-06-28 00:00:00","40.000","40.000","30.000","35.000","0.18","2026-06-27 16:59:59","2026-06-28 00:59:59","6.70000","7","0.07","2.30000"
"all-available","Asia/Taipei","BTCUSDT","BTC-260628-61500-C","2026-06-28","61500","CALL","1h","2026-06-27 17:00:00","2026-06-28 01:00:00","30.000","30.000","15.000","20.000","2.72","2026-06-27 17:59:59","2026-06-28 01:59:59","48.60000","13","0.71","17.75000"
"all-available","Asia/Taipei","BTCUSDT","BTC-260628-61500-C","2026-06-28","61500","CALL","1h","2026-06-27 18:00:00","2026-06-28 02:00:00","15.000","25.000","15.000","25.000","0.38","2026-06-27 18:59:59","2026-06-28 02:59:59","8.85000","4","0.30","7.50000"
"all-available","Asia/Taipei","BTCUSDT","BTC-260628-61500-C","2026-06-28","61500","CALL","1h","2026-06-27 19:00:00","2026-06-28 03:00:00","20.000","20.000","10.000","15.000","13.70","2026-06-27 19:59:59","2026-06-28 03:59:59","191.50000","13","10.45","159.00000"
"all-available","Asia/Taipei","BTCUSDT","BTC-260628-61500-C","2026-06-28","61500","CALL","1h","2026-06-27 20:00:00","2026-06-28 04:00:00","15.000","15.000","15.000","15.000","0.00","2026-06-27 20:59:59","2026-06-28 04:59:59","0.00000","0","0.00","0.00000"
"all-available","Asia/Taipei","BTCUSDT","BTC-260628-61500-C","2026-06-28","61500","CALL","1h","2026-06-27 21:00:00","2026-06-28 05:00:00","10.000","15.000","10.000","10.000","0.96","2026-06-27 21:59:59","2026-06-28 05:59:59","12.10000","8","0.50","7.50000"
"all-available","Asia/Taipei","BTCUSDT","BTC-260628-61500-C","2026-06-28","61500","CALL","1h","2026-06-27 22:00:00","2026-06-28 06:00:00","10.000","10.000","10.000","10.000","10.74","2026-06-27 22:59:59","2026-06-28 06:59:59","107.40000","13","8.54","85.40000"
"all-available","Asia/Taipei","BTCUSDT","BTC-260628-61500-C","2026-06-28","61500","CALL","1h","2026-06-27 23:00:00","2026-06-28 07:00:00","5.000","10.000","5.000","5.000","14.00","2026-06-27 23:59:59","2026-06-28 07:59:59","76.50000","11","1.30","13.00000"
"all-available","Asia/Taipei","BTCUSDT","BTC-260628-61500-C","2026-06-28","61500","CALL","1h","2026-06-28 00:00:00","2026-06-28 08:00:00","5.000","5.000","5.000","5.000","0.92","2026-06-28 00:59:59","2026-06-28 08:59:59","4.60000","3","0.00","0.00000"
"all-available","Asia/Taipei","BTCUSDT","BTC-260628-61500-C","2026-06-28","61500","CALL","1h","2026-06-28 01:00:00","2026-06-28 09:00:00","5.000","5.000","5.000","5.000","0.00","2026-06-28 01:59:59","2026-06-28 09:59:59","0.00000","0","0.00","0.00000"
"all-available","Asia/Taipei","BTCUSDT","BTC-260628-61500-C","2026-06-28","61500","CALL","1h","2026-06-28 02:00:00","2026-06-28 10:00:00","5.000","5.000","5.000","5.000","0.10","2026-06-28 02:59:59","2026-06-28 10:59:59","0.50000","2","0.10","0.50000"
"all-available","Asia/Taipei","BTCUSDT","BTC-260628-61500-C","2026-06-28","61500","CALL","1h","2026-06-28 03:00:00","2026-06-28 11:00:00","5.000","5.000","5.000","5.000","0.50","2026-06-28 03:59:59","2026-06-28 11:59:59","2.50000","2","0.50","2.50000"
"all-available","Asia/Taipei","BTCUSDT","BTC-260628-61500-C","2026-06-28","61500","CALL","1h","2026-06-28 04:00:00","2026-06-28 12:00:00","5.000","5.000","5.000","5.000","0.00","2026-06-28 04:59:59","2026-06-28 12:59:59","0.00000","0","0.00","0.00000"
"all-available","Asia/Taipei","BTCUSDT","BTC-260628-61500-C","2026-06-28","61500","CALL","1h","2026-06-28 05:00:00","2026-06-28 13:00:00","5.000","5.000","5.000","5.000","0.00","2026-06-28 05:59:59","2026-06-28 13:59:59","0.00000","0","0.00","0.00000"
"all-available","Asia/Taipei","BTCUSDT","BTC-260628-61500-C","2026-06-28","61500","CALL","1h","2026-06-28 06:00:00","2026-06-28 14:00:00","5.000","5.000","5.000","5.000","0.00","2026-06-28 06:59:59","2026-06-28 14:59:59","0.00000","0","0.00","0.00000"
"all-available","Asia/Taipei","BTCUSDT","BTC-260628-61500-C","2026-06-28","61500","CALL","1h","2026-06-28 07:00:00","2026-06-28 15:00:00","5.000","5.000","5.000","5.000","0.00","2026-06-28 07:59:59","2026-06-28 15:59:59","0.00000","0","0.00","0.00000"
"all-available","Asia/Taipei","BTCUSDT","BTC-260628-61500-P","2026-06-28","61500","PUT","1h","2026-06-25 10:00:00","2026-06-25 18:00:00","645.000","665.000","645.000","665.000","1.57","2026-06-25 10:59:59","2026-06-25 18:59:59","1013.05000","2","1.57","1013.05000"
"all-available","Asia/Taipei","BTCUSDT","BTC-260628-61500-P","2026-06-28","61500","PUT","1h","2026-06-25 11:00:00","2026-06-25 19:00:00","665.000","665.000","665.000","665.000","0.00","2026-06-25 11:59:59","2026-06-25 19:59:59","0.00000","0","0.00","0.00000"
"all-available","Asia/Taipei","BTCUSDT","BTC-260628-61500-P","2026-06-28","61500","PUT","1h","2026-06-25 12:00:00","2026-06-25 20:00:00","950.000","965.000","950.000","965.000","1.57","2026-06-25 12:59:59","2026-06-25 20:59:59","1498.10000","4","0.13","123.50000"
"all-available","Asia/Taipei","BTCUSDT","BTC-260628-61500-P","2026-06-28","61500","PUT","1h","2026-06-25 13:00:00","2026-06-25 21:00:00","1290.000","3335.000","1290.000","3335.000","3.04","2026-06-25 13:59:59","2026-06-25 21:59:59","4821.40000","2","3.04","4821.40000"
"all-available","Asia/Taipei","BTCUSDT","BTC-260628-61500-P","2026-06-28","61500","PUT","1h","2026-06-25 14:00:00","2026-06-25 22:00:00","2420.000","2420.000","2280.000","2280.000","5.20","2026-06-25 14:59:59","2026-06-25 22:59:59","12220.00000","2","2.60","6292.00000"
"all-available","Asia/Taipei","BTCUSDT","BTC-260628-61500-P","2026-06-28","61500","PUT","1h","2026-06-25 15:00:00","2026-06-25 23:00:00","2280.000","2280.000","2280.000","2280.000","0.00","2026-06-25 15:59:59","2026-06-25 23:59:59","0.00000","0","0.00","0.00000"
"all-available","Asia/Taipei","BTCUSDT","BTC-260628-61500-P","2026-06-28","61500","PUT","1h","2026-06-25 16:00:00","2026-06-26 00:00:00","2280.000","2280.000","2280.000","2280.000","0.00","2026-06-25 16:59:59","2026-06-26 00:59:59","0.00000","0","0.00","0.00000"
"all-available","Asia/Taipei","BTCUSDT","BTC-260628-61500-P","2026-06-28","61500","PUT","1h","2026-06-25 17:00:00","2026-06-26 01:00:00","2280.000","2280.000","2280.000","2280.000","0.00","2026-06-25 17:59:59","2026-06-26 01:59:59","0.00000","0","0.00","0.00000"
"all-available","Asia/Taipei","BTCUSDT","BTC-260628-61500-P","2026-06-28","61500","PUT","1h","2026-06-25 18:00:00","2026-06-26 02:00:00","2280.000","2280.000","2280.000","2280.000","0.00","2026-06-25 18:59:59","2026-06-26 02:59:59","0.00000","0","0.00","0.00000"
"all-available","Asia/Taipei","BTCUSDT","BTC-260628-61500-P","2026-06-28","61500","PUT","1h","2026-06-25 19:00:00","2026-06-26 03:00:00","2400.000","2400.000","2400.000","2400.000","2.60","2026-06-25 19:59:59","2026-06-26 03:59:59","6240.00000","1","2.60","6240.00000"
"all-available","Asia/Taipei","BTCUSDT","BTC-260628-61500-P","2026-06-28","61500","PUT","1h","2026-06-25 20:00:00","2026-06-26 04:00:00","2400.000","2400.000","2400.000","2400.000","0.00","2026-06-25 20:59:59","2026-06-26 04:59:59","0.00000","0","0.00","0.00000"
"all-available","Asia/Taipei","BTCUSDT","BTC-260628-61500-P","2026-06-28","61500","PUT","1h","2026-06-25 21:00:00","2026-06-26 05:00:00","2400.000","2400.000","2400.000","2400.000","0.00","2026-06-25 21:59:59","2026-06-26 05:59:59","0.00000","0","0.00","0.00000"
"all-available","Asia/Taipei","BTCUSDT","BTC-260628-61500-P","2026-06-28","61500","PUT","1h","2026-06-25 22:00:00","2026-06-26 06:00:00","2400.000","2400.000","2400.000","2400.000","0.00","2026-06-25 22:59:59","2026-06-26 06:59:59","0.00000","0","0.00","0.00000"
"all-available","Asia/Taipei","BTCUSDT","BTC-260628-61500-P","2026-06-28","61500","PUT","1h","2026-06-25 23:00:00","2026-06-26 07:00:00","2400.000","2400.000","2400.000","2400.000","0.00","2026-06-25 23:59:59","2026-06-26 07:59:59","0.00000","0","0.00","0.00000"
"all-available","Asia/Taipei","BTCUSDT","BTC-260628-61500-P","2026-06-28","61500","PUT","1h","2026-06-26 00:00:00","2026-06-26 08:00:00","2400.000","2400.000","2400.000","2400.000","0.00","2026-06-26 00:59:59","2026-06-26 08:59:59","0.00000","0","0.00","0.00000"
"all-available","Asia/Taipei","BTCUSDT","BTC-260628-61500-P","2026-06-28","61500","PUT","1h","2026-06-26 01:00:00","2026-06-26 09:00:00","2400.000","2400.000","2400.000","2400.000","0.00","2026-06-26 01:59:59","2026-06-26 09:59:59","0.00000","0","0.00","0.00000"
"all-available","Asia/Taipei","BTCUSDT","BTC-260628-61500-P","2026-06-28","61500","PUT","1h","2026-06-26 02:00:00","2026-06-26 10:00:00","2400.000","2400.000","2400.000","2400.000","0.00","2026-06-26 02:59:59","2026-06-26 10:59:59","0.00000","0","0.00","0.00000"
"all-available","Asia/Taipei","BTCUSDT","BTC-260628-61500-P","2026-06-28","61500","PUT","1h","2026-06-26 03:00:00","2026-06-26 11:00:00","2400.000","2400.000","2400.000","2400.000","0.00","2026-06-26 03:59:59","2026-06-26 11:59:59","0.00000","0","0.00","0.00000"
"all-available","Asia/Taipei","BTCUSDT","BTC-260628-61500-P","2026-06-28","61500","PUT","1h","2026-06-26 04:00:00","2026-06-26 12:00:00","2400.000","2400.000","2400.000","2400.000","0.00","2026-06-26 04:59:59","2026-06-26 12:59:59","0.00000","0","0.00","0.00000"
"all-available","Asia/Taipei","BTCUSDT","BTC-260628-61500-P","2026-06-28","61500","PUT","1h","2026-06-26 05:00:00","2026-06-26 13:00:00","2400.000","2400.000","2400.000","2400.000","0.00","2026-06-26 05:59:59","2026-06-26 13:59:59","0.00000","0","0.00","0.00000"
"all-available","Asia/Taipei","BTCUSDT","BTC-260628-61500-P","2026-06-28","61500","PUT","1h","2026-06-26 06:00:00","2026-06-26 14:00:00","2400.000","2400.000","2400.000","2400.000","0.00","2026-06-26 06:59:59","2026-06-26 14:59:59","0.00000","0","0.00","0.00000"
"all-available","Asia/Taipei","BTCUSDT","BTC-260628-61500-P","2026-06-28","61500","PUT","1h","2026-06-26 07:00:00","2026-06-26 15:00:00","1245.000","1275.000","1175.000","1175.000","4.10","2026-06-26 07:59:59","2026-06-26 15:59:59","5127.50000","3","0.00","0.00000"
"all-available","Asia/Taipei","BTCUSDT","BTC-260628-61500-P","2026-06-28","61500","PUT","1h","2026-06-26 08:00:00","2026-06-26 16:00:00","1175.000","1175.000","1175.000","1175.000","0.00","2026-06-26 08:59:59","2026-06-26 16:59:59","0.00000","0","0.00","0.00000"
"all-available","Asia/Taipei","BTCUSDT","BTC-260628-61500-P","2026-06-28","61500","PUT","1h","2026-06-26 09:00:00","2026-06-26 17:00:00","1175.000","1175.000","1175.000","1175.000","0.00","2026-06-26 09:59:59","2026-06-26 17:59:59","0.00000","0","0.00","0.00000"
"all-available","Asia/Taipei","BTCUSDT","BTC-260628-61500-P","2026-06-28","61500","PUT","1h","2026-06-26 10:00:00","2026-06-26 18:00:00","1175.000","1175.000","1175.000","1175.000","0.00","2026-06-26 10:59:59","2026-06-26 18:59:59","0.00000","0","0.00","0.00000"
"all-available","Asia/Taipei","BTCUSDT","BTC-260628-61500-P","2026-06-28","61500","PUT","1h","2026-06-26 11:00:00","2026-06-26 19:00:00","1175.000","1175.000","1175.000","1175.000","0.00","2026-06-26 11:59:59","2026-06-26 19:59:59","0.00000","0","0.00","0.00000"
"all-available","Asia/Taipei","BTCUSDT","BTC-260628-61500-P","2026-06-28","61500","PUT","1h","2026-06-26 12:00:00","2026-06-26 20:00:00","1175.000","1175.000","1175.000","1175.000","0.00","2026-06-26 12:59:59","2026-06-26 20:59:59","0.00000","0","0.00","0.00000"
"all-available","Asia/Taipei","BTCUSDT","BTC-260628-61500-P","2026-06-28","61500","PUT","1h","2026-06-26 13:00:00","2026-06-26 21:00:00","2340.000","2340.000","2340.000","2340.000","0.09","2026-06-26 13:59:59","2026-06-26 21:59:59","210.60000","1","0.00","0.00000"
"all-available","Asia/Taipei","BTCUSDT","BTC-260628-61500-P","2026-06-28","61500","PUT","1h","2026-06-26 14:00:00","2026-06-26 22:00:00","2340.000","2340.000","2340.000","2340.000","0.00","2026-06-26 14:59:59","2026-06-26 22:59:59","0.00000","0","0.00","0.00000"
"all-available","Asia/Taipei","BTCUSDT","BTC-260628-61500-P","2026-06-28","61500","PUT","1h","2026-06-26 15:00:00","2026-06-26 23:00:00","2340.000","2340.000","2340.000","2340.000","0.00","2026-06-26 15:59:59","2026-06-26 23:59:59","0.00000","0","0.00","0.00000"
"all-available","Asia/Taipei","BTCUSDT","BTC-260628-61500-P","2026-06-28","61500","PUT","1h","2026-06-26 16:00:00","2026-06-27 00:00:00","2340.000","2340.000","2340.000","2340.000","0.00","2026-06-26 16:59:59","2026-06-27 00:59:59","0.00000","0","0.00","0.00000"
"all-available","Asia/Taipei","BTCUSDT","BTC-260628-61500-P","2026-06-28","61500","PUT","1h","2026-06-26 17:00:00","2026-06-27 01:00:00","1515.000","1515.000","1515.000","1515.000","2.60","2026-06-26 17:59:59","2026-06-27 01:59:59","3939.00000","1","0.00","0.00000"
"all-available","Asia/Taipei","BTCUSDT","BTC-260628-61500-P","2026-06-28","61500","PUT","1h","2026-06-26 18:00:00","2026-06-27 02:00:00","1515.000","1515.000","1515.000","1515.000","0.00","2026-06-26 18:59:59","2026-06-27 02:59:59","0.00000","0","0.00","0.00000"
"all-available","Asia/Taipei","BTCUSDT","BTC-260628-61500-P","2026-06-28","61500","PUT","1h","2026-06-26 19:00:00","2026-06-27 03:00:00","1615.000","1615.000","1615.000","1615.000","0.44","2026-06-26 19:59:59","2026-06-27 03:59:59","710.60000","1","0.44","710.60000"
"all-available","Asia/Taipei","BTCUSDT","BTC-260628-61500-P","2026-06-28","61500","PUT","1h","2026-06-26 20:00:00","2026-06-27 04:00:00","1615.000","1615.000","1615.000","1615.000","0.00","2026-06-26 20:59:59","2026-06-27 04:59:59","0.00000","0","0.00","0.00000"
"all-available","Asia/Taipei","BTCUSDT","BTC-260628-61500-P","2026-06-28","61500","PUT","1h","2026-06-26 21:00:00","2026-06-27 05:00:00","1615.000","1615.000","1615.000","1615.000","0.00","2026-06-26 21:59:59","2026-06-27 05:59:59","0.00000","0","0.00","0.00000"
"all-available","Asia/Taipei","BTCUSDT","BTC-260628-61500-P","2026-06-28","61500","PUT","1h","2026-06-26 22:00:00","2026-06-27 06:00:00","1615.000","1615.000","1615.000","1615.000","0.00","2026-06-26 22:59:59","2026-06-27 06:59:59","0.00000","0","0.00","0.00000"
"all-available","Asia/Taipei","BTCUSDT","BTC-260628-61500-P","2026-06-28","61500","PUT","1h","2026-06-26 23:00:00","2026-06-27 07:00:00","1615.000","1615.000","1615.000","1615.000","0.00","2026-06-26 23:59:59","2026-06-27 07:59:59","0.00000","0","0.00","0.00000"
"all-available","Asia/Taipei","BTCUSDT","BTC-260628-61500-P","2026-06-28","61500","PUT","1h","2026-06-27 00:00:00","2026-06-27 08:00:00","1615.000","1615.000","1615.000","1615.000","0.00","2026-06-27 00:59:59","2026-06-27 08:59:59","0.00000","0","0.00","0.00000"
"all-available","Asia/Taipei","BTCUSDT","BTC-260628-61500-P","2026-06-28","61500","PUT","1h","2026-06-27 01:00:00","2026-06-27 09:00:00","1615.000","1615.000","1615.000","1615.000","0.00","2026-06-27 01:59:59","2026-06-27 09:59:59","0.00000","0","0.00","0.00000"
"all-available","Asia/Taipei","BTCUSDT","BTC-260628-61500-P","2026-06-28","61500","PUT","1h","2026-06-27 02:00:00","2026-06-27 10:00:00","1615.000","1615.000","1615.000","1615.000","0.00","2026-06-27 02:59:59","2026-06-27 10:59:59","0.00000","0","0.00","0.00000"
"all-available","Asia/Taipei","BTCUSDT","BTC-260628-61500-P","2026-06-28","61500","PUT","1h","2026-06-27 03:00:00","2026-06-27 11:00:00","1615.000","1615.000","1615.000","1615.000","0.00","2026-06-27 03:59:59","2026-06-27 11:59:59","0.00000","0","0.00","0.00000"
"all-available","Asia/Taipei","BTCUSDT","BTC-260628-61500-P","2026-06-28","61500","PUT","1h","2026-06-27 04:00:00","2026-06-27 12:00:00","1615.000","1615.000","1615.000","1615.000","0.00","2026-06-27 04:59:59","2026-06-27 12:59:59","0.00000","0","0.00","0.00000"
"all-available","Asia/Taipei","BTCUSDT","BTC-260628-61500-P","2026-06-28","61500","PUT","1h","2026-06-27 05:00:00","2026-06-27 13:00:00","1615.000","1615.000","1615.000","1615.000","0.00","2026-06-27 05:59:59","2026-06-27 13:59:59","0.00000","0","0.00","0.00000"
"all-available","Asia/Taipei","BTCUSDT","BTC-260628-61500-P","2026-06-28","61500","PUT","1h","2026-06-27 06:00:00","2026-06-27 14:00:00","1615.000","1615.000","1615.000","1615.000","0.00","2026-06-27 06:59:59","2026-06-27 14:59:59","0.00000","0","0.00","0.00000"
"all-available","Asia/Taipei","BTCUSDT","BTC-260628-61500-P","2026-06-28","61500","PUT","1h","2026-06-27 07:00:00","2026-06-27 15:00:00","1615.000","1615.000","1615.000","1615.000","0.00","2026-06-27 07:59:59","2026-06-27 15:59:59","0.00000","0","0.00","0.00000"
"all-available","Asia/Taipei","BTCUSDT","BTC-260628-61500-P","2026-06-28","61500","PUT","1h","2026-06-27 08:00:00","2026-06-27 16:00:00","1615.000","1615.000","1615.000","1615.000","0.00","2026-06-27 08:59:59","2026-06-27 16:59:59","0.00000","0","0.00","0.00000"
"all-available","Asia/Taipei","BTCUSDT","BTC-260628-61500-P","2026-06-28","61500","PUT","1h","2026-06-27 09:00:00","2026-06-27 17:00:00","1615.000","1615.000","1615.000","1615.000","0.00","2026-06-27 09:59:59","2026-06-27 17:59:59","0.00000","0","0.00","0.00000"
"all-available","Asia/Taipei","BTCUSDT","BTC-260628-61500-P","2026-06-28","61500","PUT","1h","2026-06-27 10:00:00","2026-06-27 18:00:00","1615.000","1615.000","1615.000","1615.000","0.00","2026-06-27 10:59:59","2026-06-27 18:59:59","0.00000","0","0.00","0.00000"
"all-available","Asia/Taipei","BTCUSDT","BTC-260628-61500-P","2026-06-28","61500","PUT","1h","2026-06-27 11:00:00","2026-06-27 19:00:00","1615.000","1615.000","1615.000","1615.000","0.00","2026-06-27 11:59:59","2026-06-27 19:59:59","0.00000","0","0.00","0.00000"
"all-available","Asia/Taipei","BTCUSDT","BTC-260628-61500-P","2026-06-28","61500","PUT","1h","2026-06-27 12:00:00","2026-06-27 20:00:00","1615.000","1615.000","1615.000","1615.000","0.00","2026-06-27 12:59:59","2026-06-27 20:59:59","0.00000","0","0.00","0.00000"
"all-available","Asia/Taipei","BTCUSDT","BTC-260628-61500-P","2026-06-28","61500","PUT","1h","2026-06-27 13:00:00","2026-06-27 21:00:00","1615.000","1615.000","1615.000","1615.000","0.00","2026-06-27 13:59:59","2026-06-27 21:59:59","0.00000","0","0.00","0.00000"
"all-available","Asia/Taipei","BTCUSDT","BTC-260628-61500-P","2026-06-28","61500","PUT","1h","2026-06-27 14:00:00","2026-06-27 22:00:00","1615.000","1615.000","1615.000","1615.000","0.00","2026-06-27 14:59:59","2026-06-27 22:59:59","0.00000","0","0.00","0.00000"
"all-available","Asia/Taipei","BTCUSDT","BTC-260628-61500-P","2026-06-28","61500","PUT","1h","2026-06-27 15:00:00","2026-06-27 23:00:00","1615.000","1615.000","1615.000","1615.000","0.00","2026-06-27 15:59:59","2026-06-27 23:59:59","0.00000","0","0.00","0.00000"
"all-available","Asia/Taipei","BTCUSDT","BTC-260628-61500-P","2026-06-28","61500","PUT","1h","2026-06-27 16:00:00","2026-06-28 00:00:00","1615.000","1615.000","1615.000","1615.000","0.00","2026-06-27 16:59:59","2026-06-28 00:59:59","0.00000","0","0.00","0.00000"
"all-available","Asia/Taipei","BTCUSDT","BTC-260628-61500-P","2026-06-28","61500","PUT","1h","2026-06-27 17:00:00","2026-06-28 01:00:00","1615.000","1615.000","1615.000","1615.000","0.00","2026-06-27 17:59:59","2026-06-28 01:59:59","0.00000","0","0.00","0.00000"
"all-available","Asia/Taipei","BTCUSDT","BTC-260628-61500-P","2026-06-28","61500","PUT","1h","2026-06-27 18:00:00","2026-06-28 02:00:00","1615.000","1615.000","1615.000","1615.000","0.00","2026-06-27 18:59:59","2026-06-28 02:59:59","0.00000","0","0.00","0.00000"
"all-available","Asia/Taipei","BTCUSDT","BTC-260628-61500-P","2026-06-28","61500","PUT","1h","2026-06-27 19:00:00","2026-06-28 03:00:00","1615.000","1615.000","1615.000","1615.000","0.00","2026-06-27 19:59:59","2026-06-28 03:59:59","0.00000","0","0.00","0.00000"
"all-available","Asia/Taipei","BTCUSDT","BTC-260628-61500-P","2026-06-28","61500","PUT","1h","2026-06-27 20:00:00","2026-06-28 04:00:00","1615.000","1615.000","1615.000","1615.000","0.00","2026-06-27 20:59:59","2026-06-28 04:59:59","0.00000","0","0.00","0.00000"
"all-available","Asia/Taipei","BTCUSDT","BTC-260628-61500-P","2026-06-28","61500","PUT","1h","2026-06-27 21:00:00","2026-06-28 05:00:00","1615.000","1615.000","1615.000","1615.000","0.00","2026-06-27 21:59:59","2026-06-28 05:59:59","0.00000","0","0.00","0.00000"
"all-available","Asia/Taipei","BTCUSDT","BTC-260628-61500-P","2026-06-28","61500","PUT","1h","2026-06-27 22:00:00","2026-06-28 06:00:00","1615.000","1615.000","1615.000","1615.000","0.00","2026-06-27 22:59:59","2026-06-28 06:59:59","0.00000","0","0.00","0.00000"
"all-available","Asia/Taipei","BTCUSDT","BTC-260628-61500-P","2026-06-28","61500","PUT","1h","2026-06-27 23:00:00","2026-06-28 07:00:00","1615.000","1615.000","1615.000","1615.000","0.00","2026-06-27 23:59:59","2026-06-28 07:59:59","0.00000","0","0.00","0.00000"
"all-available","Asia/Taipei","BTCUSDT","BTC-260628-61500-P","2026-06-28","61500","PUT","1h","2026-06-28 00:00:00","2026-06-28 08:00:00","1615.000","1615.000","1615.000","1615.000","0.00","2026-06-28 00:59:59","2026-06-28 08:59:59","0.00000","0","0.00","0.00000"
"all-available","Asia/Taipei","BTCUSDT","BTC-260628-61500-P","2026-06-28","61500","PUT","1h","2026-06-28 01:00:00","2026-06-28 09:00:00","1615.000","1615.000","1615.000","1615.000","0.00","2026-06-28 01:59:59","2026-06-28 09:59:59","0.00000","0","0.00","0.00000"
"all-available","Asia/Taipei","BTCUSDT","BTC-260628-61500-P","2026-06-28","61500","PUT","1h","2026-06-28 02:00:00","2026-06-28 10:00:00","1615.000","1615.000","1615.000","1615.000","0.00","2026-06-28 02:59:59","2026-06-28 10:59:59","0.00000","0","0.00","0.00000"
"all-available","Asia/Taipei","BTCUSDT","BTC-260628-61500-P","2026-06-28","61500","PUT","1h","2026-06-28 03:00:00","2026-06-28 11:00:00","1615.000","1615.000","1615.000","1615.000","0.00","2026-06-28 03:59:59","2026-06-28 11:59:59","0.00000","0","0.00","0.00000"
"all-available","Asia/Taipei","BTCUSDT","BTC-260628-61500-P","2026-06-28","61500","PUT","1h","2026-06-28 04:00:00","2026-06-28 12:00:00","1615.000","1615.000","1615.000","1615.000","0.00","2026-06-28 04:59:59","2026-06-28 12:59:59","0.00000","0","0.00","0.00000"
"all-available","Asia/Taipei","BTCUSDT","BTC-260628-61500-P","2026-06-28","61500","PUT","1h","2026-06-28 05:00:00","2026-06-28 13:00:00","1615.000","1615.000","1615.000","1615.000","0.00","2026-06-28 05:59:59","2026-06-28 13:59:59","0.00000","0","0.00","0.00000"
"all-available","Asia/Taipei","BTCUSDT","BTC-260628-61500-P","2026-06-28","61500","PUT","1h","2026-06-28 06:00:00","2026-06-28 14:00:00","1615.000","1615.000","1615.000","1615.000","0.00","2026-06-28 06:59:59","2026-06-28 14:59:59","0.00000","0","0.00","0.00000"
"all-available","Asia/Taipei","BTCUSDT","BTC-260628-61500-P","2026-06-28","61500","PUT","1h","2026-06-28 07:00:00","2026-06-28 15:00:00","1615.000","1615.000","1615.000","1615.000","0.00","2026-06-28 07:59:59","2026-06-28 15:59:59","0.00000","0","0.00","0.00000"
"all-available","Asia/Taipei","BTCUSDT","BTC-260628-62000-C","2026-06-28","62000","CALL","1h","2026-06-25 08:00:00","2026-06-25 16:00:00","655.000","655.000","610.000","635.000","0.21","2026-06-25 08:59:59","2026-06-25 16:59:59","132.85000","3","0.20","126.50000"
"all-available","Asia/Taipei","BTCUSDT","BTC-260628-62000-C","2026-06-28","62000","CALL","1h","2026-06-25 09:00:00","2026-06-25 17:00:00","575.000","595.000","575.000","595.000","1.93","2026-06-25 09:59:59","2026-06-25 17:59:59","1124.35000","4","1.93","1124.35000"
"all-available","Asia/Taipei","BTCUSDT","BTC-260628-62000-C","2026-06-28","62000","CALL","1h","2026-06-25 10:00:00","2026-06-25 18:00:00","580.000","580.000","580.000","580.000","1.83","2026-06-25 10:59:59","2026-06-25 18:59:59","1061.40000","1","0.00","0.00000"
"all-available","Asia/Taipei","BTCUSDT","BTC-260628-62000-C","2026-06-28","62000","CALL","1h","2026-06-25 11:00:00","2026-06-25 19:00:00","465.000","465.000","465.000","465.000","0.10","2026-06-25 11:59:59","2026-06-25 19:59:59","46.50000","2","0.10","46.50000"
"all-available","Asia/Taipei","BTCUSDT","BTC-260628-62000-C","2026-06-28","62000","CALL","1h","2026-06-25 12:00:00","2026-06-25 20:00:00","530.000","530.000","525.000","525.000","3.20","2026-06-25 12:59:59","2026-06-25 20:59:59","1691.20000","5","0.00","0.00000"
"all-available","Asia/Taipei","BTCUSDT","BTC-260628-62000-C","2026-06-28","62000","CALL","1h","2026-06-25 13:00:00","2026-06-25 21:00:00","385.000","385.000","95.000","95.000","10.29","2026-06-25 13:59:59","2026-06-25 21:59:59","2692.95000","21","4.91","1090.40000"
"all-available","Asia/Taipei","BTCUSDT","BTC-260628-62000-C","2026-06-28","62000","CALL","1h","2026-06-25 14:00:00","2026-06-25 22:00:00","125.000","285.000","120.000","170.000","20.65","2026-06-25 14:59:59","2026-06-25 22:59:59","3072.85000","34","12.65","1768.75000"
"all-available","Asia/Taipei","BTCUSDT","BTC-260628-62000-C","2026-06-28","62000","CALL","1h","2026-06-25 15:00:00","2026-06-25 23:00:00","135.000","135.000","135.000","135.000","0.02","2026-06-25 15:59:59","2026-06-25 23:59:59","2.70000","1","0.02","2.70000"
"all-available","Asia/Taipei","BTCUSDT","BTC-260628-62000-C","2026-06-28","62000","CALL","1h","2026-06-25 16:00:00","2026-06-26 00:00:00","135.000","135.000","115.000","115.000","0.72","2026-06-25 16:59:59","2026-06-26 00:59:59","92.20000","2","0.25","28.75000"
"all-available","Asia/Taipei","BTCUSDT","BTC-260628-62000-C","2026-06-28","62000","CALL","1h","2026-06-25 17:00:00","2026-06-26 01:00:00","115.000","115.000","115.000","115.000","0.00","2026-06-25 17:59:59","2026-06-26 01:59:59","0.00000","0","0.00","0.00000"
"all-available","Asia/Taipei","BTCUSDT","BTC-260628-62000-C","2026-06-28","62000","CALL","1h","2026-06-25 18:00:00","2026-06-26 02:00:00","115.000","115.000","115.000","115.000","0.00","2026-06-25 18:59:59","2026-06-26 02:59:59","0.00000","0","0.00","0.00000"
"all-available","Asia/Taipei","BTCUSDT","BTC-260628-62000-C","2026-06-28","62000","CALL","1h","2026-06-25 19:00:00","2026-06-26 03:00:00","115.000","115.000","115.000","115.000","0.00","2026-06-25 19:59:59","2026-06-26 03:59:59","0.00000","0","0.00","0.00000"
"all-available","Asia/Taipei","BTCUSDT","BTC-260628-62000-C","2026-06-28","62000","CALL","1h","2026-06-25 20:00:00","2026-06-26 04:00:00","130.000","130.000","110.000","110.000","0.18","2026-06-25 20:59:59","2026-06-26 04:59:59","21.60000","2","0.09","11.70000"
"all-available","Asia/Taipei","BTCUSDT","BTC-260628-62000-C","2026-06-28","62000","CALL","1h","2026-06-25 21:00:00","2026-06-26 05:00:00","110.000","110.000","110.000","110.000","0.00","2026-06-25 21:59:59","2026-06-26 05:59:59","0.00000","0","0.00","0.00000"
"all-available","Asia/Taipei","BTCUSDT","BTC-260628-62000-C","2026-06-28","62000","CALL","1h","2026-06-25 22:00:00","2026-06-26 06:00:00","110.000","110.000","110.000","110.000","0.00","2026-06-25 22:59:59","2026-06-26 06:59:59","0.00000","0","0.00","0.00000"
"all-available","Asia/Taipei","BTCUSDT","BTC-260628-62000-C","2026-06-28","62000","CALL","1h","2026-06-25 23:00:00","2026-06-26 07:00:00","110.000","110.000","110.000","110.000","0.00","2026-06-25 23:59:59","2026-06-26 07:59:59","0.00000","0","0.00","0.00000"
"all-available","Asia/Taipei","BTCUSDT","BTC-260628-62000-C","2026-06-28","62000","CALL","1h","2026-06-26 00:00:00","2026-06-26 08:00:00","110.000","110.000","110.000","110.000","3.00","2026-06-26 00:59:59","2026-06-26 08:59:59","330.00000","1","0.00","0.00000"
"all-available","Asia/Taipei","BTCUSDT","BTC-260628-62000-C","2026-06-28","62000","CALL","1h","2026-06-26 01:00:00","2026-06-26 09:00:00","110.000","110.000","110.000","110.000","0.00","2026-06-26 01:59:59","2026-06-26 09:59:59","0.00000","0","0.00","0.00000"
"all-available","Asia/Taipei","BTCUSDT","BTC-260628-62000-C","2026-06-28","62000","CALL","1h","2026-06-26 02:00:00","2026-06-26 10:00:00","70.000","70.000","70.000","70.000","2.09","2026-06-26 02:59:59","2026-06-26 10:59:59","146.30000","5","0.00","0.00000"
"all-available","Asia/Taipei","BTCUSDT","BTC-260628-62000-C","2026-06-28","62000","CALL","1h","2026-06-26 03:00:00","2026-06-26 11:00:00","70.000","95.000","70.000","95.000","2.92","2026-06-26 03:59:59","2026-06-26 11:59:59","249.30000","5","2.90","247.90000"
"all-available","Asia/Taipei","BTCUSDT","BTC-260628-62000-C","2026-06-28","62000","CALL","1h","2026-06-26 04:00:00","2026-06-26 12:00:00","130.000","130.000","120.000","120.000","0.04","2026-06-26 04:59:59","2026-06-26 12:59:59","5.00000","2","0.02","2.40000"
"all-available","Asia/Taipei","BTCUSDT","BTC-260628-62000-C","2026-06-28","62000","CALL","1h","2026-06-26 05:00:00","2026-06-26 13:00:00","120.000","120.000","120.000","120.000","0.00","2026-06-26 05:59:59","2026-06-26 13:59:59","0.00000","0","0.00","0.00000"
"all-available","Asia/Taipei","BTCUSDT","BTC-260628-62000-C","2026-06-28","62000","CALL","1h","2026-06-26 06:00:00","2026-06-26 14:00:00","115.000","115.000","115.000","115.000","1.50","2026-06-26 06:59:59","2026-06-26 14:59:59","172.50000","2","1.50","172.50000"
"all-available","Asia/Taipei","BTCUSDT","BTC-260628-62000-C","2026-06-28","62000","CALL","1h","2026-06-26 07:00:00","2026-06-26 15:00:00","205.000","230.000","190.000","190.000","5.20","2026-06-26 07:59:59","2026-06-26 15:59:59","990.15000","5","0.09","18.45000"
"all-available","Asia/Taipei","BTCUSDT","BTC-260628-62000-C","2026-06-28","62000","CALL","1h","2026-06-26 08:00:00","2026-06-26 16:00:00","185.000","185.000","145.000","145.000","2.85","2026-06-26 08:59:59","2026-06-26 16:59:59","450.45000","3","1.00","145.00000"
"all-available","Asia/Taipei","BTCUSDT","BTC-260628-62000-C","2026-06-28","62000","CALL","1h","2026-06-26 09:00:00","2026-06-26 17:00:00","90.000","90.000","90.000","90.000","0.26","2026-06-26 09:59:59","2026-06-26 17:59:59","23.40000","2","0.26","23.40000"
"all-available","Asia/Taipei","BTCUSDT","BTC-260628-62000-C","2026-06-28","62000","CALL","1h","2026-06-26 10:00:00","2026-06-26 18:00:00","90.000","90.000","90.000","90.000","0.00","2026-06-26 10:59:59","2026-06-26 18:59:59","0.00000","0","0.00","0.00000"
"all-available","Asia/Taipei","BTCUSDT","BTC-260628-62000-C","2026-06-28","62000","CALL","1h","2026-06-26 11:00:00","2026-06-26 19:00:00","90.000","90.000","90.000","90.000","0.00","2026-06-26 11:59:59","2026-06-26 19:59:59","0.00000","0","0.00","0.00000"
"all-available","Asia/Taipei","BTCUSDT","BTC-260628-62000-C","2026-06-28","62000","CALL","1h","2026-06-26 12:00:00","2026-06-26 20:00:00","65.000","65.000","45.000","65.000","4.23","2026-06-26 12:59:59","2026-06-26 20:59:59","213.75000","26","0.20","13.00000"
"all-available","Asia/Taipei","BTCUSDT","BTC-260628-62000-C","2026-06-28","62000","CALL","1h","2026-06-26 13:00:00","2026-06-26 21:00:00","55.000","55.000","35.000","40.000","6.00","2026-06-26 13:59:59","2026-06-26 21:59:59","261.70000","17","1.32","57.80000"
"all-available","Asia/Taipei","BTCUSDT","BTC-260628-62000-C","2026-06-28","62000","CALL","1h","2026-06-26 14:00:00","2026-06-26 22:00:00","60.000","60.000","50.000","50.000","1.86","2026-06-26 14:59:59","2026-06-26 22:59:59","100.10000","4","0.00","0.00000"
"all-available","Asia/Taipei","BTCUSDT","BTC-260628-62000-C","2026-06-28","62000","CALL","1h","2026-06-26 15:00:00","2026-06-26 23:00:00","105.000","105.000","70.000","75.000","0.99","2026-06-26 15:59:59","2026-06-26 23:59:59","80.05000","5","0.22","23.10000"
"all-available","Asia/Taipei","BTCUSDT","BTC-260628-62000-C","2026-06-28","62000","CALL","1h","2026-06-26 16:00:00","2026-06-27 00:00:00","90.000","100.000","45.000","45.000","1.23","2026-06-26 16:59:59","2026-06-27 00:59:59","64.90000","4","1.23","64.90000"
"all-available","Asia/Taipei","BTCUSDT","BTC-260628-62000-C","2026-06-28","62000","CALL","1h","2026-06-26 17:00:00","2026-06-27 01:00:00","45.000","45.000","45.000","45.000","0.00","2026-06-26 17:59:59","2026-06-27 01:59:59","0.00000","0","0.00","0.00000"
"all-available","Asia/Taipei","BTCUSDT","BTC-260628-62000-C","2026-06-28","62000","CALL","1h","2026-06-26 18:00:00","2026-06-27 02:00:00","25.000","25.000","15.000","15.000","2.88","2026-06-26 18:59:59","2026-06-27 02:59:59","48.20000","3","0.00","0.00000"
"all-available","Asia/Taipei","BTCUSDT","BTC-260628-62000-C","2026-06-28","62000","CALL","1h","2026-06-26 19:00:00","2026-06-27 03:00:00","20.000","20.000","20.000","20.000","0.69","2026-06-26 19:59:59","2026-06-27 03:59:59","13.80000","1","0.69","13.80000"
"all-available","Asia/Taipei","BTCUSDT","BTC-260628-62000-C","2026-06-28","62000","CALL","1h","2026-06-26 20:00:00","2026-06-27 04:00:00","20.000","20.000","20.000","20.000","0.00","2026-06-26 20:59:59","2026-06-27 04:59:59","0.00000","0","0.00","0.00000"
"all-available","Asia/Taipei","BTCUSDT","BTC-260628-62000-C","2026-06-28","62000","CALL","1h","2026-06-26 21:00:00","2026-06-27 05:00:00","20.000","20.000","20.000","20.000","0.00","2026-06-26 21:59:59","2026-06-27 05:59:59","0.00000","0","0.00","0.00000"
"all-available","Asia/Taipei","BTCUSDT","BTC-260628-62000-C","2026-06-28","62000","CALL","1h","2026-06-26 22:00:00","2026-06-27 06:00:00","10.000","10.000","10.000","10.000","0.57","2026-06-26 22:59:59","2026-06-27 06:59:59","5.70000","1","0.57","5.70000"
"all-available","Asia/Taipei","BTCUSDT","BTC-260628-62000-C","2026-06-28","62000","CALL","1h","2026-06-26 23:00:00","2026-06-27 07:00:00","15.000","15.000","15.000","15.000","0.77","2026-06-26 23:59:59","2026-06-27 07:59:59","11.55000","5","0.77","11.55000"
"all-available","Asia/Taipei","BTCUSDT","BTC-260628-62000-C","2026-06-28","62000","CALL","1h","2026-06-27 00:00:00","2026-06-27 08:00:00","10.000","10.000","10.000","10.000","1.50","2026-06-27 00:59:59","2026-06-27 08:59:59","15.00000","2","1.00","10.00000"
"all-available","Asia/Taipei","BTCUSDT","BTC-260628-62000-C","2026-06-28","62000","CALL","1h","2026-06-27 01:00:00","2026-06-27 09:00:00","15.000","15.000","10.000","10.000","5.60","2026-06-27 01:59:59","2026-06-27 09:59:59","81.00000","6","5.59","80.90000"
"all-available","Asia/Taipei","BTCUSDT","BTC-260628-62000-C","2026-06-28","62000","CALL","1h","2026-06-27 02:00:00","2026-06-27 10:00:00","10.000","10.000","10.000","10.000","0.78","2026-06-27 02:59:59","2026-06-27 10:59:59","7.80000","3","0.78","7.80000"
"all-available","Asia/Taipei","BTCUSDT","BTC-260628-62000-C","2026-06-28","62000","CALL","1h","2026-06-27 03:00:00","2026-06-27 11:00:00","10.000","10.000","10.000","10.000","0.00","2026-06-27 03:59:59","2026-06-27 11:59:59","0.00000","0","0.00","0.00000"
"all-available","Asia/Taipei","BTCUSDT","BTC-260628-62000-C","2026-06-28","62000","CALL","1h","2026-06-27 04:00:00","2026-06-27 12:00:00","15.000","15.000","15.000","15.000","3.00","2026-06-27 04:59:59","2026-06-27 12:59:59","45.00000","1","3.00","45.00000"
"all-available","Asia/Taipei","BTCUSDT","BTC-260628-62000-C","2026-06-28","62000","CALL","1h","2026-06-27 05:00:00","2026-06-27 13:00:00","15.000","15.000","15.000","15.000","0.00","2026-06-27 05:59:59","2026-06-27 13:59:59","0.00000","0","0.00","0.00000"
"all-available","Asia/Taipei","BTCUSDT","BTC-260628-62000-C","2026-06-28","62000","CALL","1h","2026-06-27 06:00:00","2026-06-27 14:00:00","15.000","15.000","15.000","15.000","0.23","2026-06-27 06:59:59","2026-06-27 14:59:59","3.45000","1","0.23","3.45000"
"all-available","Asia/Taipei","BTCUSDT","BTC-260628-62000-C","2026-06-28","62000","CALL","1h","2026-06-27 07:00:00","2026-06-27 15:00:00","15.000","15.000","15.000","15.000","0.11","2026-06-27 07:59:59","2026-06-27 15:59:59","1.65000","1","0.11","1.65000"
"all-available","Asia/Taipei","BTCUSDT","BTC-260628-62000-C","2026-06-28","62000","CALL","1h","2026-06-27 08:00:00","2026-06-27 16:00:00","15.000","15.000","15.000","15.000","17.83","2026-06-27 08:59:59","2026-06-27 16:59:59","267.45000","13","17.83","267.45000"
"all-available","Asia/Taipei","BTCUSDT","BTC-260628-62000-C","2026-06-28","62000","CALL","1h","2026-06-27 09:00:00","2026-06-27 17:00:00","10.000","10.000","10.000","10.000","2.01","2026-06-27 09:59:59","2026-06-27 17:59:59","20.10000","5","0.00","0.00000"
"all-available","Asia/Taipei","BTCUSDT","BTC-260628-62000-C","2026-06-28","62000","CALL","1h","2026-06-27 10:00:00","2026-06-27 18:00:00","10.000","10.000","10.000","10.000","0.00","2026-06-27 10:59:59","2026-06-27 18:59:59","0.00000","0","0.00","0.00000"
"all-available","Asia/Taipei","BTCUSDT","BTC-260628-62000-C","2026-06-28","62000","CALL","1h","2026-06-27 11:00:00","2026-06-27 19:00:00","10.000","10.000","10.000","10.000","0.49","2026-06-27 11:59:59","2026-06-27 19:59:59","4.90000","1","0.00","0.00000"
"all-available","Asia/Taipei","BTCUSDT","BTC-260628-62000-C","2026-06-28","62000","CALL","1h","2026-06-27 12:00:00","2026-06-27 20:00:00","10.000","10.000","10.000","10.000","0.10","2026-06-27 12:59:59","2026-06-27 20:59:59","1.00000","3","0.10","1.00000"
"all-available","Asia/Taipei","BTCUSDT","BTC-260628-62000-C","2026-06-28","62000","CALL","1h","2026-06-27 13:00:00","2026-06-27 21:00:00","10.000","15.000","10.000","10.000","24.63","2026-06-27 13:59:59","2026-06-27 21:59:59","248.80000","10","24.63","248.80000"
"all-available","Asia/Taipei","BTCUSDT","BTC-260628-62000-C","2026-06-28","62000","CALL","1h","2026-06-27 14:00:00","2026-06-27 22:00:00","10.000","10.000","10.000","10.000","2.73","2026-06-27 14:59:59","2026-06-27 22:59:59","27.30000","8","2.73","27.30000"
"all-available","Asia/Taipei","BTCUSDT","BTC-260628-62000-C","2026-06-28","62000","CALL","1h","2026-06-27 15:00:00","2026-06-27 23:00:00","15.000","15.000","15.000","15.000","1.37","2026-06-27 15:59:59","2026-06-27 23:59:59","20.55000","3","1.37","20.55000"
"all-available","Asia/Taipei","BTCUSDT","BTC-260628-62000-C","2026-06-28","62000","CALL","1h","2026-06-27 16:00:00","2026-06-28 00:00:00","15.000","15.000","5.000","15.000","17.37","2026-06-27 16:59:59","2026-06-28 00:59:59","186.80000","22","2.82","41.35000"
"all-available","Asia/Taipei","BTCUSDT","BTC-260628-62000-C","2026-06-28","62000","CALL","1h","2026-06-27 17:00:00","2026-06-28 01:00:00","10.000","10.000","10.000","10.000","1.15","2026-06-27 17:59:59","2026-06-28 01:59:59","11.50000","4","1.15","11.50000"
"all-available","Asia/Taipei","BTCUSDT","BTC-260628-62000-C","2026-06-28","62000","CALL","1h","2026-06-27 18:00:00","2026-06-28 02:00:00","10.000","15.000","10.000","10.000","0.12","2026-06-27 18:59:59","2026-06-28 02:59:59","1.25000","5","0.01","0.15000"
"all-available","Asia/Taipei","BTCUSDT","BTC-260628-62000-C","2026-06-28","62000","CALL","1h","2026-06-27 19:00:00","2026-06-28 03:00:00","10.000","10.000","10.000","10.000","0.00","2026-06-27 19:59:59","2026-06-28 03:59:59","0.00000","0","0.00","0.00000"
"all-available","Asia/Taipei","BTCUSDT","BTC-260628-62000-C","2026-06-28","62000","CALL","1h","2026-06-27 20:00:00","2026-06-28 04:00:00","10.000","10.000","10.000","10.000","0.00","2026-06-27 20:59:59","2026-06-28 04:59:59","0.00000","0","0.00","0.00000"
"all-available","Asia/Taipei","BTCUSDT","BTC-260628-62000-C","2026-06-28","62000","CALL","1h","2026-06-27 21:00:00","2026-06-28 05:00:00","10.000","10.000","10.000","10.000","0.00","2026-06-27 21:59:59","2026-06-28 05:59:59","0.00000","0","0.00","0.00000"
"all-available","Asia/Taipei","BTCUSDT","BTC-260628-62000-C","2026-06-28","62000","CALL","1h","2026-06-27 22:00:00","2026-06-28 06:00:00","5.000","5.000","5.000","5.000","1.15","2026-06-27 22:59:59","2026-06-28 06:59:59","5.75000","6","0.00","0.00000"
"all-available","Asia/Taipei","BTCUSDT","BTC-260628-62000-C","2026-06-28","62000","CALL","1h","2026-06-27 23:00:00","2026-06-28 07:00:00","5.000","5.000","5.000","5.000","0.80","2026-06-27 23:59:59","2026-06-28 07:59:59","4.00000","2","0.00","0.00000"
"all-available","Asia/Taipei","BTCUSDT","BTC-260628-62000-C","2026-06-28","62000","CALL","1h","2026-06-28 00:00:00","2026-06-28 08:00:00","5.000","5.000","5.000","5.000","0.00","2026-06-28 00:59:59","2026-06-28 08:59:59","0.00000","0","0.00","0.00000"
"all-available","Asia/Taipei","BTCUSDT","BTC-260628-62000-C","2026-06-28","62000","CALL","1h","2026-06-28 01:00:00","2026-06-28 09:00:00","5.000","5.000","5.000","5.000","1.35","2026-06-28 01:59:59","2026-06-28 09:59:59","6.75000","4","0.00","0.00000"
"all-available","Asia/Taipei","BTCUSDT","BTC-260628-62000-C","2026-06-28","62000","CALL","1h","2026-06-28 02:00:00","2026-06-28 10:00:00","5.000","5.000","5.000","5.000","0.00","2026-06-28 02:59:59","2026-06-28 10:59:59","0.00000","0","0.00","0.00000"
"all-available","Asia/Taipei","BTCUSDT","BTC-260628-62000-C","2026-06-28","62000","CALL","1h","2026-06-28 03:00:00","2026-06-28 11:00:00","5.000","5.000","5.000","5.000","0.00","2026-06-28 03:59:59","2026-06-28 11:59:59","0.00000","0","0.00","0.00000"
"all-available","Asia/Taipei","BTCUSDT","BTC-260628-62000-C","2026-06-28","62000","CALL","1h","2026-06-28 04:00:00","2026-06-28 12:00:00","5.000","5.000","5.000","5.000","0.00","2026-06-28 04:59:59","2026-06-28 12:59:59","0.00000","0","0.00","0.00000"
"all-available","Asia/Taipei","BTCUSDT","BTC-260628-62000-C","2026-06-28","62000","CALL","1h","2026-06-28 05:00:00","2026-06-28 13:00:00","5.000","5.000","5.000","5.000","0.00","2026-06-28 05:59:59","2026-06-28 13:59:59","0.00000","0","0.00","0.00000"
"all-available","Asia/Taipei","BTCUSDT","BTC-260628-62000-C","2026-06-28","62000","CALL","1h","2026-06-28 06:00:00","2026-06-28 14:00:00","5.000","5.000","5.000","5.000","0.00","2026-06-28 06:59:59","2026-06-28 14:59:59","0.00000","0","0.00","0.00000"
"all-available","Asia/Taipei","BTCUSDT","BTC-260628-62000-C","2026-06-28","62000","CALL","1h","2026-06-28 07:00:00","2026-06-28 15:00:00","5.000","5.000","5.000","5.000","0.00","2026-06-28 07:59:59","2026-06-28 15:59:59","0.00000","0","0.00","0.00000"
"all-available","Asia/Taipei","BTCUSDT","BTC-260628-62000-P","2026-06-28","62000","PUT","1h","2026-06-25 11:00:00","2026-06-25 19:00:00","1225.000","1275.000","1225.000","1275.000","0.61","2026-06-25 11:59:59","2026-06-25 19:59:59","762.75000","2","0.00","0.00000"
"all-available","Asia/Taipei","BTCUSDT","BTC-260628-62000-P","2026-06-28","62000","PUT","1h","2026-06-25 12:00:00","2026-06-25 20:00:00","1275.000","1275.000","1275.000","1275.000","0.00","2026-06-25 12:59:59","2026-06-25 20:59:59","0.00000","0","0.00","0.00000"
"all-available","Asia/Taipei","BTCUSDT","BTC-260628-62000-P","2026-06-28","62000","PUT","1h","2026-06-25 13:00:00","2026-06-25 21:00:00","1275.000","1275.000","1275.000","1275.000","0.00","2026-06-25 13:59:59","2026-06-25 21:59:59","0.00000","0","0.00","0.00000"
"all-available","Asia/Taipei","BTCUSDT","BTC-260628-62000-P","2026-06-28","62000","PUT","1h","2026-06-25 14:00:00","2026-06-25 22:00:00","1275.000","1275.000","1275.000","1275.000","0.00","2026-06-25 14:59:59","2026-06-25 22:59:59","0.00000","0","0.00","0.00000"
"all-available","Asia/Taipei","BTCUSDT","BTC-260628-62000-P","2026-06-28","62000","PUT","1h","2026-06-25 15:00:00","2026-06-25 23:00:00","1275.000","1275.000","1275.000","1275.000","0.00","2026-06-25 15:59:59","2026-06-25 23:59:59","0.00000","0","0.00","0.00000"
"all-available","Asia/Taipei","BTCUSDT","BTC-260628-62000-P","2026-06-28","62000","PUT","1h","2026-06-25 16:00:00","2026-06-26 00:00:00","1275.000","1275.000","1275.000","1275.000","0.00","2026-06-25 16:59:59","2026-06-26 00:59:59","0.00000","0","0.00","0.00000"
"all-available","Asia/Taipei","BTCUSDT","BTC-260628-62000-P","2026-06-28","62000","PUT","1h","2026-06-25 17:00:00","2026-06-26 01:00:00","1275.000","1275.000","1275.000","1275.000","0.00","2026-06-25 17:59:59","2026-06-26 01:59:59","0.00000","0","0.00","0.00000"
"all-available","Asia/Taipei","BTCUSDT","BTC-260628-62000-P","2026-06-28","62000","PUT","1h","2026-06-25 18:00:00","2026-06-26 02:00:00","1275.000","1275.000","1275.000","1275.000","0.00","2026-06-25 18:59:59","2026-06-26 02:59:59","0.00000","0","0.00","0.00000"
"all-available","Asia/Taipei","BTCUSDT","BTC-260628-62000-P","2026-06-28","62000","PUT","1h","2026-06-25 19:00:00","2026-06-26 03:00:00","1275.000","1275.000","1275.000","1275.000","0.00","2026-06-25 19:59:59","2026-06-26 03:59:59","0.00000","0","0.00","0.00000"
"all-available","Asia/Taipei","BTCUSDT","BTC-260628-62000-P","2026-06-28","62000","PUT","1h","2026-06-25 20:00:00","2026-06-26 04:00:00","1275.000","1275.000","1275.000","1275.000","0.00","2026-06-25 20:59:59","2026-06-26 04:59:59","0.00000","0","0.00","0.00000"
"all-available","Asia/Taipei","BTCUSDT","BTC-260628-62000-P","2026-06-28","62000","PUT","1h","2026-06-25 21:00:00","2026-06-26 05:00:00","1275.000","1275.000","1275.000","1275.000","0.00","2026-06-25 21:59:59","2026-06-26 05:59:59","0.00000","0","0.00","0.00000"
"all-available","Asia/Taipei","BTCUSDT","BTC-260628-62000-P","2026-06-28","62000","PUT","1h","2026-06-25 22:00:00","2026-06-26 06:00:00","1275.000","1275.000","1275.000","1275.000","0.00","2026-06-25 22:59:59","2026-06-26 06:59:59","0.00000","0","0.00","0.00000"
"all-available","Asia/Taipei","BTCUSDT","BTC-260628-62000-P","2026-06-28","62000","PUT","1h","2026-06-25 23:00:00","2026-06-26 07:00:00","1275.000","1275.000","1275.000","1275.000","0.00","2026-06-25 23:59:59","2026-06-26 07:59:59","0.00000","0","0.00","0.00000"
"all-available","Asia/Taipei","BTCUSDT","BTC-260628-62000-P","2026-06-28","62000","PUT","1h","2026-06-26 00:00:00","2026-06-26 08:00:00","1275.000","1275.000","1275.000","1275.000","0.00","2026-06-26 00:59:59","2026-06-26 08:59:59","0.00000","0","0.00","0.00000"
"all-available","Asia/Taipei","BTCUSDT","BTC-260628-62000-P","2026-06-28","62000","PUT","1h","2026-06-26 01:00:00","2026-06-26 09:00:00","1275.000","1275.000","1275.000","1275.000","0.00","2026-06-26 01:59:59","2026-06-26 09:59:59","0.00000","0","0.00","0.00000"
"all-available","Asia/Taipei","BTCUSDT","BTC-260628-62000-P","2026-06-28","62000","PUT","1h","2026-06-26 02:00:00","2026-06-26 10:00:00","1275.000","1275.000","1275.000","1275.000","0.00","2026-06-26 02:59:59","2026-06-26 10:59:59","0.00000","0","0.00","0.00000"
"all-available","Asia/Taipei","BTCUSDT","BTC-260628-62000-P","2026-06-28","62000","PUT","1h","2026-06-26 03:00:00","2026-06-26 11:00:00","1275.000","1275.000","1275.000","1275.000","0.00","2026-06-26 03:59:59","2026-06-26 11:59:59","0.00000","0","0.00","0.00000"
"all-available","Asia/Taipei","BTCUSDT","BTC-260628-62000-P","2026-06-28","62000","PUT","1h","2026-06-26 04:00:00","2026-06-26 12:00:00","1275.000","1275.000","1275.000","1275.000","0.00","2026-06-26 04:59:59","2026-06-26 12:59:59","0.00000","0","0.00","0.00000"
"all-available","Asia/Taipei","BTCUSDT","BTC-260628-62000-P","2026-06-28","62000","PUT","1h","2026-06-26 05:00:00","2026-06-26 13:00:00","1275.000","1275.000","1275.000","1275.000","0.00","2026-06-26 05:59:59","2026-06-26 13:59:59","0.00000","0","0.00","0.00000"
"all-available","Asia/Taipei","BTCUSDT","BTC-260628-62000-P","2026-06-28","62000","PUT","1h","2026-06-26 06:00:00","2026-06-26 14:00:00","1275.000","1275.000","1275.000","1275.000","0.00","2026-06-26 06:59:59","2026-06-26 14:59:59","0.00000","0","0.00","0.00000"
"all-available","Asia/Taipei","BTCUSDT","BTC-260628-62000-P","2026-06-28","62000","PUT","1h","2026-06-26 07:00:00","2026-06-26 15:00:00","1275.000","1275.000","1275.000","1275.000","0.00","2026-06-26 07:59:59","2026-06-26 15:59:59","0.00000","0","0.00","0.00000"
"all-available","Asia/Taipei","BTCUSDT","BTC-260628-62000-P","2026-06-28","62000","PUT","1h","2026-06-26 08:00:00","2026-06-26 16:00:00","1275.000","1275.000","1275.000","1275.000","0.00","2026-06-26 08:59:59","2026-06-26 16:59:59","0.00000","0","0.00","0.00000"
"all-available","Asia/Taipei","BTCUSDT","BTC-260628-62000-P","2026-06-28","62000","PUT","1h","2026-06-26 09:00:00","2026-06-26 17:00:00","1275.000","1275.000","1275.000","1275.000","0.00","2026-06-26 09:59:59","2026-06-26 17:59:59","0.00000","0","0.00","0.00000"
"all-available","Asia/Taipei","BTCUSDT","BTC-260628-62000-P","2026-06-28","62000","PUT","1h","2026-06-26 10:00:00","2026-06-26 18:00:00","1275.000","1275.000","1275.000","1275.000","0.00","2026-06-26 10:59:59","2026-06-26 18:59:59","0.00000","0","0.00","0.00000"
"all-available","Asia/Taipei","BTCUSDT","BTC-260628-62000-P","2026-06-28","62000","PUT","1h","2026-06-26 11:00:00","2026-06-26 19:00:00","1275.000","1275.000","1275.000","1275.000","0.00","2026-06-26 11:59:59","2026-06-26 19:59:59","0.00000","0","0.00","0.00000"
"all-available","Asia/Taipei","BTCUSDT","BTC-260628-62000-P","2026-06-28","62000","PUT","1h","2026-06-26 12:00:00","2026-06-26 20:00:00","1275.000","1275.000","1275.000","1275.000","0.00","2026-06-26 12:59:59","2026-06-26 20:59:59","0.00000","0","0.00","0.00000"
"all-available","Asia/Taipei","BTCUSDT","BTC-260628-62000-P","2026-06-28","62000","PUT","1h","2026-06-26 13:00:00","2026-06-26 21:00:00","1275.000","1275.000","1275.000","1275.000","0.00","2026-06-26 13:59:59","2026-06-26 21:59:59","0.00000","0","0.00","0.00000"
"all-available","Asia/Taipei","BTCUSDT","BTC-260628-62000-P","2026-06-28","62000","PUT","1h","2026-06-26 14:00:00","2026-06-26 22:00:00","1275.000","1275.000","1275.000","1275.000","0.00","2026-06-26 14:59:59","2026-06-26 22:59:59","0.00000","0","0.00","0.00000"
"all-available","Asia/Taipei","BTCUSDT","BTC-260628-62000-P","2026-06-28","62000","PUT","1h","2026-06-26 15:00:00","2026-06-26 23:00:00","1275.000","1275.000","1275.000","1275.000","0.00","2026-06-26 15:59:59","2026-06-26 23:59:59","0.00000","0","0.00","0.00000"
"all-available","Asia/Taipei","BTCUSDT","BTC-260628-62000-P","2026-06-28","62000","PUT","1h","2026-06-26 16:00:00","2026-06-27 00:00:00","1275.000","1275.000","1275.000","1275.000","0.00","2026-06-26 16:59:59","2026-06-27 00:59:59","0.00000","0","0.00","0.00000"
"all-available","Asia/Taipei","BTCUSDT","BTC-260628-62000-P","2026-06-28","62000","PUT","1h","2026-06-26 17:00:00","2026-06-27 01:00:00","1275.000","1275.000","1275.000","1275.000","0.00","2026-06-26 17:59:59","2026-06-27 01:59:59","0.00000","0","0.00","0.00000"
"all-available","Asia/Taipei","BTCUSDT","BTC-260628-62000-P","2026-06-28","62000","PUT","1h","2026-06-26 18:00:00","2026-06-27 02:00:00","1275.000","1275.000","1275.000","1275.000","0.00","2026-06-26 18:59:59","2026-06-27 02:59:59","0.00000","0","0.00","0.00000"
"all-available","Asia/Taipei","BTCUSDT","BTC-260628-62000-P","2026-06-28","62000","PUT","1h","2026-06-26 19:00:00","2026-06-27 03:00:00","1275.000","1275.000","1275.000","1275.000","0.00","2026-06-26 19:59:59","2026-06-27 03:59:59","0.00000","0","0.00","0.00000"
"all-available","Asia/Taipei","BTCUSDT","BTC-260628-62000-P","2026-06-28","62000","PUT","1h","2026-06-26 20:00:00","2026-06-27 04:00:00","1275.000","1275.000","1275.000","1275.000","0.00","2026-06-26 20:59:59","2026-06-27 04:59:59","0.00000","0","0.00","0.00000"
"all-available","Asia/Taipei","BTCUSDT","BTC-260628-62000-P","2026-06-28","62000","PUT","1h","2026-06-26 21:00:00","2026-06-27 05:00:00","1275.000","1275.000","1275.000","1275.000","0.00","2026-06-26 21:59:59","2026-06-27 05:59:59","0.00000","0","0.00","0.00000"
"all-available","Asia/Taipei","BTCUSDT","BTC-260628-62000-P","2026-06-28","62000","PUT","1h","2026-06-26 22:00:00","2026-06-27 06:00:00","1275.000","1275.000","1275.000","1275.000","0.00","2026-06-26 22:59:59","2026-06-27 06:59:59","0.00000","0","0.00","0.00000"
"all-available","Asia/Taipei","BTCUSDT","BTC-260628-62000-P","2026-06-28","62000","PUT","1h","2026-06-26 23:00:00","2026-06-27 07:00:00","1275.000","1275.000","1275.000","1275.000","0.00","2026-06-26 23:59:59","2026-06-27 07:59:59","0.00000","0","0.00","0.00000"
"all-available","Asia/Taipei","BTCUSDT","BTC-260628-62000-P","2026-06-28","62000","PUT","1h","2026-06-27 00:00:00","2026-06-27 08:00:00","1275.000","1275.000","1275.000","1275.000","0.00","2026-06-27 00:59:59","2026-06-27 08:59:59","0.00000","0","0.00","0.00000"
"all-available","Asia/Taipei","BTCUSDT","BTC-260628-62000-P","2026-06-28","62000","PUT","1h","2026-06-27 01:00:00","2026-06-27 09:00:00","1275.000","1275.000","1275.000","1275.000","0.00","2026-06-27 01:59:59","2026-06-27 09:59:59","0.00000","0","0.00","0.00000"
"all-available","Asia/Taipei","BTCUSDT","BTC-260628-62000-P","2026-06-28","62000","PUT","1h","2026-06-27 02:00:00","2026-06-27 10:00:00","1275.000","1275.000","1275.000","1275.000","0.00","2026-06-27 02:59:59","2026-06-27 10:59:59","0.00000","0","0.00","0.00000"
"all-available","Asia/Taipei","BTCUSDT","BTC-260628-62000-P","2026-06-28","62000","PUT","1h","2026-06-27 03:00:00","2026-06-27 11:00:00","1275.000","1275.000","1275.000","1275.000","0.00","2026-06-27 03:59:59","2026-06-27 11:59:59","0.00000","0","0.00","0.00000"
"all-available","Asia/Taipei","BTCUSDT","BTC-260628-62000-P","2026-06-28","62000","PUT","1h","2026-06-27 04:00:00","2026-06-27 12:00:00","1275.000","1275.000","1275.000","1275.000","0.00","2026-06-27 04:59:59","2026-06-27 12:59:59","0.00000","0","0.00","0.00000"
"all-available","Asia/Taipei","BTCUSDT","BTC-260628-62000-P","2026-06-28","62000","PUT","1h","2026-06-27 05:00:00","2026-06-27 13:00:00","1275.000","1275.000","1275.000","1275.000","0.00","2026-06-27 05:59:59","2026-06-27 13:59:59","0.00000","0","0.00","0.00000"
"all-available","Asia/Taipei","BTCUSDT","BTC-260628-62000-P","2026-06-28","62000","PUT","1h","2026-06-27 06:00:00","2026-06-27 14:00:00","1275.000","1275.000","1275.000","1275.000","0.00","2026-06-27 06:59:59","2026-06-27 14:59:59","0.00000","0","0.00","0.00000"
"all-available","Asia/Taipei","BTCUSDT","BTC-260628-62000-P","2026-06-28","62000","PUT","1h","2026-06-27 07:00:00","2026-06-27 15:00:00","1275.000","1275.000","1275.000","1275.000","0.00","2026-06-27 07:59:59","2026-06-27 15:59:59","0.00000","0","0.00","0.00000"
"all-available","Asia/Taipei","BTCUSDT","BTC-260628-62000-P","2026-06-28","62000","PUT","1h","2026-06-27 08:00:00","2026-06-27 16:00:00","1275.000","1275.000","1275.000","1275.000","0.00","2026-06-27 08:59:59","2026-06-27 16:59:59","0.00000","0","0.00","0.00000"
"all-available","Asia/Taipei","BTCUSDT","BTC-260628-62000-P","2026-06-28","62000","PUT","1h","2026-06-27 09:00:00","2026-06-27 17:00:00","1275.000","1275.000","1275.000","1275.000","0.00","2026-06-27 09:59:59","2026-06-27 17:59:59","0.00000","0","0.00","0.00000"
"all-available","Asia/Taipei","BTCUSDT","BTC-260628-62000-P","2026-06-28","62000","PUT","1h","2026-06-27 10:00:00","2026-06-27 18:00:00","1275.000","1275.000","1275.000","1275.000","0.00","2026-06-27 10:59:59","2026-06-27 18:59:59","0.00000","0","0.00","0.00000"
"all-available","Asia/Taipei","BTCUSDT","BTC-260628-62000-P","2026-06-28","62000","PUT","1h","2026-06-27 11:00:00","2026-06-27 19:00:00","1275.000","1275.000","1275.000","1275.000","0.00","2026-06-27 11:59:59","2026-06-27 19:59:59","0.00000","0","0.00","0.00000"
"all-available","Asia/Taipei","BTCUSDT","BTC-260628-62000-P","2026-06-28","62000","PUT","1h","2026-06-27 12:00:00","2026-06-27 20:00:00","1275.000","1275.000","1275.000","1275.000","0.00","2026-06-27 12:59:59","2026-06-27 20:59:59","0.00000","0","0.00","0.00000"
"all-available","Asia/Taipei","BTCUSDT","BTC-260628-62000-P","2026-06-28","62000","PUT","1h","2026-06-27 13:00:00","2026-06-27 21:00:00","1275.000","1275.000","1275.000","1275.000","0.00","2026-06-27 13:59:59","2026-06-27 21:59:59","0.00000","0","0.00","0.00000"
"all-available","Asia/Taipei","BTCUSDT","BTC-260628-62000-P","2026-06-28","62000","PUT","1h","2026-06-27 14:00:00","2026-06-27 22:00:00","1275.000","1275.000","1275.000","1275.000","0.00","2026-06-27 14:59:59","2026-06-27 22:59:59","0.00000","0","0.00","0.00000"
"all-available","Asia/Taipei","BTCUSDT","BTC-260628-62000-P","2026-06-28","62000","PUT","1h","2026-06-27 15:00:00","2026-06-27 23:00:00","1275.000","1275.000","1275.000","1275.000","0.00","2026-06-27 15:59:59","2026-06-27 23:59:59","0.00000","0","0.00","0.00000"
"all-available","Asia/Taipei","BTCUSDT","BTC-260628-62000-P","2026-06-28","62000","PUT","1h","2026-06-27 16:00:00","2026-06-28 00:00:00","1275.000","1275.000","1275.000","1275.000","0.00","2026-06-27 16:59:59","2026-06-28 00:59:59","0.00000","0","0.00","0.00000"
"all-available","Asia/Taipei","BTCUSDT","BTC-260628-62000-P","2026-06-28","62000","PUT","1h","2026-06-27 17:00:00","2026-06-28 01:00:00","1275.000","1275.000","1275.000","1275.000","0.00","2026-06-27 17:59:59","2026-06-28 01:59:59","0.00000","0","0.00","0.00000"
"all-available","Asia/Taipei","BTCUSDT","BTC-260628-62000-P","2026-06-28","62000","PUT","1h","2026-06-27 18:00:00","2026-06-28 02:00:00","1275.000","1275.000","1275.000","1275.000","0.00","2026-06-27 18:59:59","2026-06-28 02:59:59","0.00000","0","0.00","0.00000"
"all-available","Asia/Taipei","BTCUSDT","BTC-260628-62000-P","2026-06-28","62000","PUT","1h","2026-06-27 19:00:00","2026-06-28 03:00:00","1275.000","1275.000","1275.000","1275.000","0.00","2026-06-27 19:59:59","2026-06-28 03:59:59","0.00000","0","0.00","0.00000"
"all-available","Asia/Taipei","BTCUSDT","BTC-260628-62000-P","2026-06-28","62000","PUT","1h","2026-06-27 20:00:00","2026-06-28 04:00:00","1275.000","1275.000","1275.000","1275.000","0.00","2026-06-27 20:59:59","2026-06-28 04:59:59","0.00000","0","0.00","0.00000"
"all-available","Asia/Taipei","BTCUSDT","BTC-260628-62000-P","2026-06-28","62000","PUT","1h","2026-06-27 21:00:00","2026-06-28 05:00:00","1275.000","1275.000","1275.000","1275.000","0.00","2026-06-27 21:59:59","2026-06-28 05:59:59","0.00000","0","0.00","0.00000"
"all-available","Asia/Taipei","BTCUSDT","BTC-260628-62000-P","2026-06-28","62000","PUT","1h","2026-06-27 22:00:00","2026-06-28 06:00:00","1275.000","1275.000","1275.000","1275.000","0.00","2026-06-27 22:59:59","2026-06-28 06:59:59","0.00000","0","0.00","0.00000"
"all-available","Asia/Taipei","BTCUSDT","BTC-260628-62000-P","2026-06-28","62000","PUT","1h","2026-06-27 23:00:00","2026-06-28 07:00:00","1275.000","1275.000","1275.000","1275.000","0.00","2026-06-27 23:59:59","2026-06-28 07:59:59","0.00000","0","0.00","0.00000"
"all-available","Asia/Taipei","BTCUSDT","BTC-260628-62000-P","2026-06-28","62000","PUT","1h","2026-06-28 00:00:00","2026-06-28 08:00:00","1275.000","1275.000","1275.000","1275.000","0.00","2026-06-28 00:59:59","2026-06-28 08:59:59","0.00000","0","0.00","0.00000"
"all-available","Asia/Taipei","BTCUSDT","BTC-260628-62000-P","2026-06-28","62000","PUT","1h","2026-06-28 01:00:00","2026-06-28 09:00:00","1275.000","1275.000","1275.000","1275.000","0.00","2026-06-28 01:59:59","2026-06-28 09:59:59","0.00000","0","0.00","0.00000"
"all-available","Asia/Taipei","BTCUSDT","BTC-260628-62000-P","2026-06-28","62000","PUT","1h","2026-06-28 02:00:00","2026-06-28 10:00:00","1275.000","1275.000","1275.000","1275.000","0.00","2026-06-28 02:59:59","2026-06-28 10:59:59","0.00000","0","0.00","0.00000"
"all-available","Asia/Taipei","BTCUSDT","BTC-260628-62000-P","2026-06-28","62000","PUT","1h","2026-06-28 03:00:00","2026-06-28 11:00:00","1275.000","1275.000","1275.000","1275.000","0.00","2026-06-28 03:59:59","2026-06-28 11:59:59","0.00000","0","0.00","0.00000"
"all-available","Asia/Taipei","BTCUSDT","BTC-260628-62000-P","2026-06-28","62000","PUT","1h","2026-06-28 04:00:00","2026-06-28 12:00:00","1275.000","1275.000","1275.000","1275.000","0.00","2026-06-28 04:59:59","2026-06-28 12:59:59","0.00000","0","0.00","0.00000"
"all-available","Asia/Taipei","BTCUSDT","BTC-260628-62000-P","2026-06-28","62000","PUT","1h","2026-06-28 05:00:00","2026-06-28 13:00:00","1275.000","1275.000","1275.000","1275.000","0.00","2026-06-28 05:59:59","2026-06-28 13:59:59","0.00000","0","0.00","0.00000"
"all-available","Asia/Taipei","BTCUSDT","BTC-260628-62000-P","2026-06-28","62000","PUT","1h","2026-06-28 06:00:00","2026-06-28 14:00:00","1275.000","1275.000","1275.000","1275.000","0.00","2026-06-28 06:59:59","2026-06-28 14:59:59","0.00000","0","0.00","0.00000"
"all-available","Asia/Taipei","BTCUSDT","BTC-260628-62000-P","2026-06-28","62000","PUT","1h","2026-06-28 07:00:00","2026-06-28 15:00:00","1275.000","1275.000","1275.000","1275.000","0.00","2026-06-28 07:59:59","2026-06-28 15:59:59","0.00000","0","0.00","0.00000"
"all-available","Asia/Taipei","BTCUSDT","BTC-260628-62500-C","2026-06-28","62500","CALL","1h","2026-06-25 15:00:00","2026-06-25 23:00:00","80.000","90.000","80.000","90.000","1.00","2026-06-25 15:59:59","2026-06-25 23:59:59","88.10000","2","0.81","72.90000"
"all-available","Asia/Taipei","BTCUSDT","BTC-260628-62500-C","2026-06-28","62500","CALL","1h","2026-06-25 16:00:00","2026-06-26 00:00:00","100.000","100.000","100.000","100.000","0.81","2026-06-25 16:59:59","2026-06-26 00:59:59","81.00000","1","0.00","0.00000"
"all-available","Asia/Taipei","BTCUSDT","BTC-260628-62500-C","2026-06-28","62500","CALL","1h","2026-06-25 17:00:00","2026-06-26 01:00:00","80.000","80.000","80.000","80.000","0.31","2026-06-25 17:59:59","2026-06-26 01:59:59","24.80000","3","0.00","0.00000"
"all-available","Asia/Taipei","BTCUSDT","BTC-260628-62500-C","2026-06-28","62500","CALL","1h","2026-06-25 18:00:00","2026-06-26 02:00:00","80.000","80.000","80.000","80.000","0.45","2026-06-25 18:59:59","2026-06-26 02:59:59","36.00000","1","0.00","0.00000"
"all-available","Asia/Taipei","BTCUSDT","BTC-260628-62500-C","2026-06-28","62500","CALL","1h","2026-06-25 19:00:00","2026-06-26 03:00:00","80.000","80.000","80.000","80.000","0.00","2026-06-25 19:59:59","2026-06-26 03:59:59","0.00000","0","0.00","0.00000"
"all-available","Asia/Taipei","BTCUSDT","BTC-260628-62500-C","2026-06-28","62500","CALL","1h","2026-06-25 20:00:00","2026-06-26 04:00:00","80.000","80.000","80.000","80.000","0.00","2026-06-25 20:59:59","2026-06-26 04:59:59","0.00000","0","0.00","0.00000"
"all-available","Asia/Taipei","BTCUSDT","BTC-260628-62500-C","2026-06-28","62500","CALL","1h","2026-06-25 21:00:00","2026-06-26 05:00:00","80.000","80.000","80.000","80.000","0.00","2026-06-25 21:59:59","2026-06-26 05:59:59","0.00000","0","0.00","0.00000"
"all-available","Asia/Taipei","BTCUSDT","BTC-260628-62500-C","2026-06-28","62500","CALL","1h","2026-06-25 22:00:00","2026-06-26 06:00:00","80.000","80.000","80.000","80.000","0.00","2026-06-25 22:59:59","2026-06-26 06:59:59","0.00000","0","0.00","0.00000"
"all-available","Asia/Taipei","BTCUSDT","BTC-260628-62500-C","2026-06-28","62500","CALL","1h","2026-06-25 23:00:00","2026-06-26 07:00:00","80.000","80.000","80.000","80.000","0.00","2026-06-25 23:59:59","2026-06-26 07:59:59","0.00000","0","0.00","0.00000"
"all-available","Asia/Taipei","BTCUSDT","BTC-260628-62500-C","2026-06-28","62500","CALL","1h","2026-06-26 00:00:00","2026-06-26 08:00:00","80.000","80.000","80.000","80.000","0.00","2026-06-26 00:59:59","2026-06-26 08:59:59","0.00000","0","0.00","0.00000"
"all-available","Asia/Taipei","BTCUSDT","BTC-260628-62500-C","2026-06-28","62500","CALL","1h","2026-06-26 01:00:00","2026-06-26 09:00:00","70.000","70.000","70.000","70.000","0.20","2026-06-26 01:59:59","2026-06-26 09:59:59","14.00000","1","0.20","14.00000"
"all-available","Asia/Taipei","BTCUSDT","BTC-260628-62500-C","2026-06-28","62500","CALL","1h","2026-06-26 02:00:00","2026-06-26 10:00:00","50.000","50.000","50.000","50.000","0.96","2026-06-26 02:59:59","2026-06-26 10:59:59","48.00000","3","0.00","0.00000"
"all-available","Asia/Taipei","BTCUSDT","BTC-260628-62500-C","2026-06-28","62500","CALL","1h","2026-06-26 03:00:00","2026-06-26 11:00:00","55.000","55.000","55.000","55.000","0.02","2026-06-26 03:59:59","2026-06-26 11:59:59","1.10000","1","0.02","1.10000"
"all-available","Asia/Taipei","BTCUSDT","BTC-260628-62500-C","2026-06-28","62500","CALL","1h","2026-06-26 04:00:00","2026-06-26 12:00:00","85.000","85.000","80.000","80.000","0.03","2026-06-26 04:59:59","2026-06-26 12:59:59","2.50000","2","0.01","0.80000"
"all-available","Asia/Taipei","BTCUSDT","BTC-260628-62500-C","2026-06-28","62500","CALL","1h","2026-06-26 05:00:00","2026-06-26 13:00:00","80.000","80.000","80.000","80.000","0.00","2026-06-26 05:59:59","2026-06-26 13:59:59","0.00000","0","0.00","0.00000"
"all-available","Asia/Taipei","BTCUSDT","BTC-260628-62500-C","2026-06-28","62500","CALL","1h","2026-06-26 06:00:00","2026-06-26 14:00:00","80.000","80.000","80.000","80.000","0.00","2026-06-26 06:59:59","2026-06-26 14:59:59","0.00000","0","0.00","0.00000"
"all-available","Asia/Taipei","BTCUSDT","BTC-260628-62500-C","2026-06-28","62500","CALL","1h","2026-06-26 07:00:00","2026-06-26 15:00:00","140.000","140.000","110.000","110.000","5.33","2026-06-26 07:59:59","2026-06-26 15:59:59","593.00000","3","0.00","0.00000"
"all-available","Asia/Taipei","BTCUSDT","BTC-260628-62500-C","2026-06-28","62500","CALL","1h","2026-06-26 08:00:00","2026-06-26 16:00:00","100.000","100.000","100.000","100.000","0.10","2026-06-26 08:59:59","2026-06-26 16:59:59","10.00000","1","0.00","0.00000"
"all-available","Asia/Taipei","BTCUSDT","BTC-260628-62500-C","2026-06-28","62500","CALL","1h","2026-06-26 09:00:00","2026-06-26 17:00:00","100.000","100.000","100.000","100.000","0.00","2026-06-26 09:59:59","2026-06-26 17:59:59","0.00000","0","0.00","0.00000"
"all-available","Asia/Taipei","BTCUSDT","BTC-260628-62500-C","2026-06-28","62500","CALL","1h","2026-06-26 10:00:00","2026-06-26 18:00:00","45.000","45.000","30.000","30.000","3.09","2026-06-26 10:59:59","2026-06-26 18:59:59","118.60000","17","0.00","0.00000"
"all-available","Asia/Taipei","BTCUSDT","BTC-260628-62500-C","2026-06-28","62500","CALL","1h","2026-06-26 11:00:00","2026-06-26 19:00:00","35.000","35.000","35.000","35.000","1.26","2026-06-26 11:59:59","2026-06-26 19:59:59","44.10000","2","1.26","44.10000"
"all-available","Asia/Taipei","BTCUSDT","BTC-260628-62500-C","2026-06-28","62500","CALL","1h","2026-06-26 12:00:00","2026-06-26 20:00:00","50.000","50.000","30.000","35.000","6.03","2026-06-26 12:59:59","2026-06-26 20:59:59","194.35000","32","0.01","0.50000"
"all-available","Asia/Taipei","BTCUSDT","BTC-260628-62500-C","2026-06-28","62500","CALL","1h","2026-06-26 13:00:00","2026-06-26 21:00:00","40.000","60.000","25.000","60.000","9.23","2026-06-26 13:59:59","2026-06-26 21:59:59","322.40000","11","9.23","322.40000"
"all-available","Asia/Taipei","BTCUSDT","BTC-260628-62500-C","2026-06-28","62500","CALL","1h","2026-06-26 14:00:00","2026-06-26 22:00:00","55.000","55.000","30.000","30.000","4.48","2026-06-26 14:59:59","2026-06-26 22:59:59","160.95000","21","0.30","10.50000"
"all-available","Asia/Taipei","BTCUSDT","BTC-260628-62500-C","2026-06-28","62500","CALL","1h","2026-06-26 15:00:00","2026-06-26 23:00:00","55.000","55.000","40.000","45.000","5.78","2026-06-26 15:59:59","2026-06-26 23:59:59","241.55000","8","1.75","80.35000"
"all-available","Asia/Taipei","BTCUSDT","BTC-260628-62500-C","2026-06-28","62500","CALL","1h","2026-06-26 16:00:00","2026-06-27 00:00:00","45.000","55.000","25.000","30.000","2.96","2026-06-26 16:59:59","2026-06-27 00:59:59","90.00000","10","2.86","84.50000"
"all-available","Asia/Taipei","BTCUSDT","BTC-260628-62500-C","2026-06-28","62500","CALL","1h","2026-06-26 17:00:00","2026-06-27 01:00:00","30.000","30.000","30.000","30.000","2.80","2026-06-26 17:59:59","2026-06-27 01:59:59","84.00000","7","2.80","84.00000"
"all-available","Asia/Taipei","BTCUSDT","BTC-260628-62500-C","2026-06-28","62500","CALL","1h","2026-06-26 18:00:00","2026-06-27 02:00:00","25.000","25.000","25.000","25.000","5.00","2026-06-26 18:59:59","2026-06-27 02:59:59","125.00000","2","0.00","0.00000"
"all-available","Asia/Taipei","BTCUSDT","BTC-260628-62500-C","2026-06-28","62500","CALL","1h","2026-06-26 19:00:00","2026-06-27 03:00:00","25.000","25.000","25.000","25.000","0.00","2026-06-26 19:59:59","2026-06-27 03:59:59","0.00000","0","0.00","0.00000"
"all-available","Asia/Taipei","BTCUSDT","BTC-260628-62500-C","2026-06-28","62500","CALL","1h","2026-06-26 20:00:00","2026-06-27 04:00:00","25.000","25.000","25.000","25.000","0.00","2026-06-26 20:59:59","2026-06-27 04:59:59","0.00000","0","0.00","0.00000"
"all-available","Asia/Taipei","BTCUSDT","BTC-260628-62500-C","2026-06-28","62500","CALL","1h","2026-06-26 21:00:00","2026-06-27 05:00:00","25.000","25.000","25.000","25.000","0.00","2026-06-26 21:59:59","2026-06-27 05:59:59","0.00000","0","0.00","0.00000"
"all-available","Asia/Taipei","BTCUSDT","BTC-260628-62500-C","2026-06-28","62500","CALL","1h","2026-06-26 22:00:00","2026-06-27 06:00:00","25.000","25.000","25.000","25.000","0.00","2026-06-26 22:59:59","2026-06-27 06:59:59","0.00000","0","0.00","0.00000"
"all-available","Asia/Taipei","BTCUSDT","BTC-260628-62500-C","2026-06-28","62500","CALL","1h","2026-06-26 23:00:00","2026-06-27 07:00:00","25.000","25.000","25.000","25.000","0.00","2026-06-26 23:59:59","2026-06-27 07:59:59","0.00000","0","0.00","0.00000"
"all-available","Asia/Taipei","BTCUSDT","BTC-260628-62500-C","2026-06-28","62500","CALL","1h","2026-06-27 00:00:00","2026-06-27 08:00:00","10.000","10.000","10.000","10.000","1.00","2026-06-27 00:59:59","2026-06-27 08:59:59","10.00000","1","1.00","10.00000"
"all-available","Asia/Taipei","BTCUSDT","BTC-260628-62500-C","2026-06-28","62500","CALL","1h","2026-06-27 01:00:00","2026-06-27 09:00:00","10.000","10.000","10.000","10.000","0.00","2026-06-27 01:59:59","2026-06-27 09:59:59","0.00000","0","0.00","0.00000"
"all-available","Asia/Taipei","BTCUSDT","BTC-260628-62500-C","2026-06-28","62500","CALL","1h","2026-06-27 02:00:00","2026-06-27 10:00:00","10.000","10.000","10.000","10.000","10.00","2026-06-27 02:59:59","2026-06-27 10:59:59","100.00000","4","10.00","100.00000"
"all-available","Asia/Taipei","BTCUSDT","BTC-260628-62500-C","2026-06-28","62500","CALL","1h","2026-06-27 03:00:00","2026-06-27 11:00:00","10.000","10.000","10.000","10.000","3.30","2026-06-27 03:59:59","2026-06-27 11:59:59","33.00000","4","3.30","33.00000"
"all-available","Asia/Taipei","BTCUSDT","BTC-260628-62500-C","2026-06-28","62500","CALL","1h","2026-06-27 04:00:00","2026-06-27 12:00:00","10.000","10.000","10.000","10.000","0.00","2026-06-27 04:59:59","2026-06-27 12:59:59","0.00000","0","0.00","0.00000"
"all-available","Asia/Taipei","BTCUSDT","BTC-260628-62500-C","2026-06-28","62500","CALL","1h","2026-06-27 05:00:00","2026-06-27 13:00:00","10.000","10.000","10.000","10.000","0.00","2026-06-27 05:59:59","2026-06-27 13:59:59","0.00000","0","0.00","0.00000"
"all-available","Asia/Taipei","BTCUSDT","BTC-260628-62500-C","2026-06-28","62500","CALL","1h","2026-06-27 06:00:00","2026-06-27 14:00:00","10.000","10.000","10.000","10.000","36.84","2026-06-27 06:59:59","2026-06-27 14:59:59","368.40000","12","36.38","363.80000"
"all-available","Asia/Taipei","BTCUSDT","BTC-260628-62500-C","2026-06-28","62500","CALL","1h","2026-06-27 07:00:00","2026-06-27 15:00:00","10.000","10.000","10.000","10.000","0.45","2026-06-27 07:59:59","2026-06-27 15:59:59","4.50000","4","0.45","4.50000"
"all-available","Asia/Taipei","BTCUSDT","BTC-260628-62500-C","2026-06-28","62500","CALL","1h","2026-06-27 08:00:00","2026-06-27 16:00:00","10.000","10.000","10.000","10.000","0.00","2026-06-27 08:59:59","2026-06-27 16:59:59","0.00000","0","0.00","0.00000"
"all-available","Asia/Taipei","BTCUSDT","BTC-260628-62500-C","2026-06-28","62500","CALL","1h","2026-06-27 09:00:00","2026-06-27 17:00:00","10.000","10.000","10.000","10.000","0.00","2026-06-27 09:59:59","2026-06-27 17:59:59","0.00000","0","0.00","0.00000"
"all-available","Asia/Taipei","BTCUSDT","BTC-260628-62500-C","2026-06-28","62500","CALL","1h","2026-06-27 10:00:00","2026-06-27 18:00:00","10.000","10.000","10.000","10.000","0.00","2026-06-27 10:59:59","2026-06-27 18:59:59","0.00000","0","0.00","0.00000"
"all-available","Asia/Taipei","BTCUSDT","BTC-260628-62500-C","2026-06-28","62500","CALL","1h","2026-06-27 11:00:00","2026-06-27 19:00:00","5.000","5.000","5.000","5.000","1.00","2026-06-27 11:59:59","2026-06-27 19:59:59","5.00000","1","0.00","0.00000"
"all-available","Asia/Taipei","BTCUSDT","BTC-260628-62500-C","2026-06-28","62500","CALL","1h","2026-06-27 12:00:00","2026-06-27 20:00:00","5.000","5.000","5.000","5.000","0.00","2026-06-27 12:59:59","2026-06-27 20:59:59","0.00000","0","0.00","0.00000"
"all-available","Asia/Taipei","BTCUSDT","BTC-260628-62500-C","2026-06-28","62500","CALL","1h","2026-06-27 13:00:00","2026-06-27 21:00:00","5.000","5.000","5.000","5.000","0.00","2026-06-27 13:59:59","2026-06-27 21:59:59","0.00000","0","0.00","0.00000"
"all-available","Asia/Taipei","BTCUSDT","BTC-260628-62500-C","2026-06-28","62500","CALL","1h","2026-06-27 14:00:00","2026-06-27 22:00:00","5.000","5.000","5.000","5.000","0.00","2026-06-27 14:59:59","2026-06-27 22:59:59","0.00000","0","0.00","0.00000"
"all-available","Asia/Taipei","BTCUSDT","BTC-260628-62500-C","2026-06-28","62500","CALL","1h","2026-06-27 15:00:00","2026-06-27 23:00:00","10.000","10.000","10.000","10.000","0.90","2026-06-27 15:59:59","2026-06-27 23:59:59","9.00000","1","0.90","9.00000"
"all-available","Asia/Taipei","BTCUSDT","BTC-260628-62500-C","2026-06-28","62500","CALL","1h","2026-06-27 16:00:00","2026-06-28 00:00:00","10.000","10.000","10.000","10.000","0.25","2026-06-27 16:59:59","2026-06-28 00:59:59","2.50000","1","0.25","2.50000"
"all-available","Asia/Taipei","BTCUSDT","BTC-260628-62500-C","2026-06-28","62500","CALL","1h","2026-06-27 17:00:00","2026-06-28 01:00:00","5.000","5.000","5.000","5.000","0.45","2026-06-27 17:59:59","2026-06-28 01:59:59","2.25000","4","0.00","0.00000"
"all-available","Asia/Taipei","BTCUSDT","BTC-260628-62500-C","2026-06-28","62500","CALL","1h","2026-06-27 18:00:00","2026-06-28 02:00:00","10.000","10.000","10.000","10.000","2.33","2026-06-27 18:59:59","2026-06-28 02:59:59","23.30000","1","0.00","0.00000"
"all-available","Asia/Taipei","BTCUSDT","BTC-260628-62500-C","2026-06-28","62500","CALL","1h","2026-06-27 19:00:00","2026-06-28 03:00:00","10.000","10.000","10.000","10.000","0.00","2026-06-27 19:59:59","2026-06-28 03:59:59","0.00000","0","0.00","0.00000"
"all-available","Asia/Taipei","BTCUSDT","BTC-260628-62500-C","2026-06-28","62500","CALL","1h","2026-06-27 20:00:00","2026-06-28 04:00:00","10.000","10.000","10.000","10.000","0.00","2026-06-27 20:59:59","2026-06-28 04:59:59","0.00000","0","0.00","0.00000"
"all-available","Asia/Taipei","BTCUSDT","BTC-260628-62500-C","2026-06-28","62500","CALL","1h","2026-06-27 21:00:00","2026-06-28 05:00:00","10.000","10.000","10.000","10.000","0.00","2026-06-27 21:59:59","2026-06-28 05:59:59","0.00000","0","0.00","0.00000"
"all-available","Asia/Taipei","BTCUSDT","BTC-260628-62500-C","2026-06-28","62500","CALL","1h","2026-06-27 22:00:00","2026-06-28 06:00:00","10.000","10.000","10.000","10.000","0.00","2026-06-27 22:59:59","2026-06-28 06:59:59","0.00000","0","0.00","0.00000"
"all-available","Asia/Taipei","BTCUSDT","BTC-260628-62500-C","2026-06-28","62500","CALL","1h","2026-06-27 23:00:00","2026-06-28 07:00:00","10.000","10.000","10.000","10.000","0.00","2026-06-27 23:59:59","2026-06-28 07:59:59","0.00000","0","0.00","0.00000"
"all-available","Asia/Taipei","BTCUSDT","BTC-260628-62500-C","2026-06-28","62500","CALL","1h","2026-06-28 00:00:00","2026-06-28 08:00:00","10.000","10.000","10.000","10.000","0.00","2026-06-28 00:59:59","2026-06-28 08:59:59","0.00000","0","0.00","0.00000"
"all-available","Asia/Taipei","BTCUSDT","BTC-260628-62500-C","2026-06-28","62500","CALL","1h","2026-06-28 01:00:00","2026-06-28 09:00:00","10.000","10.000","10.000","10.000","0.00","2026-06-28 01:59:59","2026-06-28 09:59:59","0.00000","0","0.00","0.00000"
"all-available","Asia/Taipei","BTCUSDT","BTC-260628-62500-C","2026-06-28","62500","CALL","1h","2026-06-28 02:00:00","2026-06-28 10:00:00","10.000","10.000","10.000","10.000","0.00","2026-06-28 02:59:59","2026-06-28 10:59:59","0.00000","0","0.00","0.00000"
"all-available","Asia/Taipei","BTCUSDT","BTC-260628-62500-C","2026-06-28","62500","CALL","1h","2026-06-28 03:00:00","2026-06-28 11:00:00","10.000","10.000","10.000","10.000","0.00","2026-06-28 03:59:59","2026-06-28 11:59:59","0.00000","0","0.00","0.00000"
"all-available","Asia/Taipei","BTCUSDT","BTC-260628-62500-C","2026-06-28","62500","CALL","1h","2026-06-28 04:00:00","2026-06-28 12:00:00","10.000","10.000","10.000","10.000","0.00","2026-06-28 04:59:59","2026-06-28 12:59:59","0.00000","0","0.00","0.00000"
"all-available","Asia/Taipei","BTCUSDT","BTC-260628-62500-C","2026-06-28","62500","CALL","1h","2026-06-28 05:00:00","2026-06-28 13:00:00","10.000","10.000","10.000","10.000","0.00","2026-06-28 05:59:59","2026-06-28 13:59:59","0.00000","0","0.00","0.00000"
"all-available","Asia/Taipei","BTCUSDT","BTC-260628-62500-C","2026-06-28","62500","CALL","1h","2026-06-28 06:00:00","2026-06-28 14:00:00","10.000","10.000","10.000","10.000","0.00","2026-06-28 06:59:59","2026-06-28 14:59:59","0.00000","0","0.00","0.00000"
"all-available","Asia/Taipei","BTCUSDT","BTC-260628-62500-C","2026-06-28","62500","CALL","1h","2026-06-28 07:00:00","2026-06-28 15:00:00","10.000","10.000","10.000","10.000","0.00","2026-06-28 07:59:59","2026-06-28 15:59:59","0.00000","0","0.00","0.00000"
"all-available","Asia/Taipei","BTCUSDT","BTC-260628-63000-C","2026-06-28","63000","CALL","1h","2026-06-25 10:00:00","2026-06-25 18:00:00","205.000","205.000","200.000","200.000","1.54","2026-06-25 10:59:59","2026-06-25 18:59:59","313.00000","2","0.00","0.00000"
"all-available","Asia/Taipei","BTCUSDT","BTC-260628-63000-C","2026-06-28","63000","CALL","1h","2026-06-25 11:00:00","2026-06-25 19:00:00","200.000","200.000","200.000","200.000","0.00","2026-06-25 11:59:59","2026-06-25 19:59:59","0.00000","0","0.00","0.00000"
"all-available","Asia/Taipei","BTCUSDT","BTC-260628-63000-C","2026-06-28","63000","CALL","1h","2026-06-25 12:00:00","2026-06-25 20:00:00","215.000","260.000","200.000","200.000","5.47","2026-06-25 12:59:59","2026-06-25 20:59:59","1181.15000","11","3.57","753.65000"
"all-available","Asia/Taipei","BTCUSDT","BTC-260628-63000-C","2026-06-28","63000","CALL","1h","2026-06-25 13:00:00","2026-06-25 21:00:00","185.000","185.000","45.000","50.000","7.97","2026-06-25 13:59:59","2026-06-25 21:59:59","710.85000","17","2.75","157.30000"
"all-available","Asia/Taipei","BTCUSDT","BTC-260628-63000-C","2026-06-28","63000","CALL","1h","2026-06-25 14:00:00","2026-06-25 22:00:00","50.000","100.000","50.000","70.000","14.47","2026-06-25 14:59:59","2026-06-25 22:59:59","878.50000","22","8.68","516.55000"
"all-available","Asia/Taipei","BTCUSDT","BTC-260628-63000-C","2026-06-28","63000","CALL","1h","2026-06-25 15:00:00","2026-06-25 23:00:00","60.000","65.000","60.000","65.000","1.68","2026-06-25 15:59:59","2026-06-25 23:59:59","108.40000","11","0.00","0.00000"
"all-available","Asia/Taipei","BTCUSDT","BTC-260628-63000-C","2026-06-28","63000","CALL","1h","2026-06-25 16:00:00","2026-06-26 00:00:00","65.000","65.000","65.000","65.000","0.00","2026-06-25 16:59:59","2026-06-26 00:59:59","0.00000","0","0.00","0.00000"
"all-available","Asia/Taipei","BTCUSDT","BTC-260628-63000-C","2026-06-28","63000","CALL","1h","2026-06-25 17:00:00","2026-06-26 01:00:00","65.000","65.000","65.000","65.000","0.00","2026-06-25 17:59:59","2026-06-26 01:59:59","0.00000","0","0.00","0.00000"
"all-available","Asia/Taipei","BTCUSDT","BTC-260628-63000-C","2026-06-28","63000","CALL","1h","2026-06-25 18:00:00","2026-06-26 02:00:00","65.000","65.000","65.000","65.000","0.00","2026-06-25 18:59:59","2026-06-26 02:59:59","0.00000","0","0.00","0.00000"
"all-available","Asia/Taipei","BTCUSDT","BTC-260628-63000-C","2026-06-28","63000","CALL","1h","2026-06-25 19:00:00","2026-06-26 03:00:00","65.000","65.000","65.000","65.000","0.00","2026-06-25 19:59:59","2026-06-26 03:59:59","0.00000","0","0.00","0.00000"
"all-available","Asia/Taipei","BTCUSDT","BTC-260628-63000-C","2026-06-28","63000","CALL","1h","2026-06-25 20:00:00","2026-06-26 04:00:00","65.000","65.000","65.000","65.000","0.00","2026-06-25 20:59:59","2026-06-26 04:59:59","0.00000","0","0.00","0.00000"
"all-available","Asia/Taipei","BTCUSDT","BTC-260628-63000-C","2026-06-28","63000","CALL","1h","2026-06-25 21:00:00","2026-06-26 05:00:00","65.000","65.000","65.000","65.000","0.00","2026-06-25 21:59:59","2026-06-26 05:59:59","0.00000","0","0.00","0.00000"
"all-available","Asia/Taipei","BTCUSDT","BTC-260628-63000-C","2026-06-28","63000","CALL","1h","2026-06-25 22:00:00","2026-06-26 06:00:00","65.000","65.000","65.000","65.000","0.00","2026-06-25 22:59:59","2026-06-26 06:59:59","0.00000","0","0.00","0.00000"
"all-available","Asia/Taipei","BTCUSDT","BTC-260628-63000-C","2026-06-28","63000","CALL","1h","2026-06-25 23:00:00","2026-06-26 07:00:00","55.000","55.000","55.000","55.000","1.02","2026-06-25 23:59:59","2026-06-26 07:59:59","56.10000","1","0.00","0.00000"
"all-available","Asia/Taipei","BTCUSDT","BTC-260628-63000-C","2026-06-28","63000","CALL","1h","2026-06-26 00:00:00","2026-06-26 08:00:00","55.000","55.000","55.000","55.000","0.00","2026-06-26 00:59:59","2026-06-26 08:59:59","0.00000","0","0.00","0.00000"
"all-available","Asia/Taipei","BTCUSDT","BTC-260628-63000-C","2026-06-28","63000","CALL","1h","2026-06-26 01:00:00","2026-06-26 09:00:00","55.000","55.000","55.000","55.000","0.00","2026-06-26 01:59:59","2026-06-26 09:59:59","0.00000","0","0.00","0.00000"
"all-available","Asia/Taipei","BTCUSDT","BTC-260628-63000-C","2026-06-28","63000","CALL","1h","2026-06-26 02:00:00","2026-06-26 10:00:00","45.000","45.000","45.000","45.000","1.24","2026-06-26 02:59:59","2026-06-26 10:59:59","55.80000","1","1.24","55.80000"
"all-available","Asia/Taipei","BTCUSDT","BTC-260628-63000-C","2026-06-28","63000","CALL","1h","2026-06-26 03:00:00","2026-06-26 11:00:00","50.000","60.000","50.000","60.000","4.04","2026-06-26 03:59:59","2026-06-26 11:59:59","218.40000","2","4.04","218.40000"
"all-available","Asia/Taipei","BTCUSDT","BTC-260628-63000-C","2026-06-28","63000","CALL","1h","2026-06-26 04:00:00","2026-06-26 12:00:00","60.000","60.000","60.000","60.000","0.00","2026-06-26 04:59:59","2026-06-26 12:59:59","0.00000","0","0.00","0.00000"
"all-available","Asia/Taipei","BTCUSDT","BTC-260628-63000-C","2026-06-28","63000","CALL","1h","2026-06-26 05:00:00","2026-06-26 13:00:00","60.000","60.000","60.000","60.000","0.00","2026-06-26 05:59:59","2026-06-26 13:59:59","0.00000","0","0.00","0.00000"
"all-available","Asia/Taipei","BTCUSDT","BTC-260628-63000-C","2026-06-28","63000","CALL","1h","2026-06-26 06:00:00","2026-06-26 14:00:00","80.000","80.000","80.000","80.000","0.09","2026-06-26 06:59:59","2026-06-26 14:59:59","7.20000","1","0.09","7.20000"
"all-available","Asia/Taipei","BTCUSDT","BTC-260628-63000-C","2026-06-28","63000","CALL","1h","2026-06-26 07:00:00","2026-06-26 15:00:00","85.000","85.000","85.000","85.000","2.17","2026-06-26 07:59:59","2026-06-26 15:59:59","184.45000","2","2.17","184.45000"
"all-available","Asia/Taipei","BTCUSDT","BTC-260628-63000-C","2026-06-28","63000","CALL","1h","2026-06-26 08:00:00","2026-06-26 16:00:00","40.000","40.000","40.000","40.000","1.57","2026-06-26 08:59:59","2026-06-26 16:59:59","62.80000","9","0.00","0.00000"
"all-available","Asia/Taipei","BTCUSDT","BTC-260628-63000-C","2026-06-28","63000","CALL","1h","2026-06-26 09:00:00","2026-06-26 17:00:00","25.000","25.000","25.000","25.000","0.72","2026-06-26 09:59:59","2026-06-26 17:59:59","18.00000","7","0.00","0.00000"
"all-available","Asia/Taipei","BTCUSDT","BTC-260628-63000-C","2026-06-28","63000","CALL","1h","2026-06-26 10:00:00","2026-06-26 18:00:00","25.000","25.000","20.000","20.000","5.25","2026-06-26 10:59:59","2026-06-26 18:59:59","130.25000","38","0.00","0.00000"
"all-available","Asia/Taipei","BTCUSDT","BTC-260628-63000-C","2026-06-28","63000","CALL","1h","2026-06-26 11:00:00","2026-06-26 19:00:00","20.000","20.000","20.000","20.000","0.10","2026-06-26 11:59:59","2026-06-26 19:59:59","2.00000","1","0.10","2.00000"
"all-available","Asia/Taipei","BTCUSDT","BTC-260628-63000-C","2026-06-28","63000","CALL","1h","2026-06-26 12:00:00","2026-06-26 20:00:00","20.000","20.000","20.000","20.000","0.00","2026-06-26 12:59:59","2026-06-26 20:59:59","0.00000","0","0.00","0.00000"
"all-available","Asia/Taipei","BTCUSDT","BTC-260628-63000-C","2026-06-28","63000","CALL","1h","2026-06-26 13:00:00","2026-06-26 21:00:00","35.000","35.000","35.000","35.000","0.70","2026-06-26 13:59:59","2026-06-26 21:59:59","24.50000","2","0.70","24.50000"
"all-available","Asia/Taipei","BTCUSDT","BTC-260628-63000-C","2026-06-28","63000","CALL","1h","2026-06-26 14:00:00","2026-06-26 22:00:00","40.000","40.000","20.000","20.000","13.19","2026-06-26 14:59:59","2026-06-26 22:59:59","374.85000","17","8.58","282.65000"
"all-available","Asia/Taipei","BTCUSDT","BTC-260628-63000-C","2026-06-28","63000","CALL","1h","2026-06-26 15:00:00","2026-06-26 23:00:00","25.000","25.000","25.000","25.000","0.09","2026-06-26 15:59:59","2026-06-26 23:59:59","2.25000","1","0.09","2.25000"
"all-available","Asia/Taipei","BTCUSDT","BTC-260628-63000-C","2026-06-28","63000","CALL","1h","2026-06-26 16:00:00","2026-06-27 00:00:00","30.000","30.000","30.000","30.000","0.01","2026-06-26 16:59:59","2026-06-27 00:59:59","0.30000","1","0.00","0.00000"
"all-available","Asia/Taipei","BTCUSDT","BTC-260628-63000-C","2026-06-28","63000","CALL","1h","2026-06-26 17:00:00","2026-06-27 01:00:00","30.000","30.000","30.000","30.000","0.00","2026-06-26 17:59:59","2026-06-27 01:59:59","0.00000","0","0.00","0.00000"
"all-available","Asia/Taipei","BTCUSDT","BTC-260628-63000-C","2026-06-28","63000","CALL","1h","2026-06-26 18:00:00","2026-06-27 02:00:00","30.000","30.000","30.000","30.000","0.00","2026-06-26 18:59:59","2026-06-27 02:59:59","0.00000","0","0.00","0.00000"
"all-available","Asia/Taipei","BTCUSDT","BTC-260628-63000-C","2026-06-28","63000","CALL","1h","2026-06-26 19:00:00","2026-06-27 03:00:00","10.000","10.000","10.000","10.000","0.01","2026-06-26 19:59:59","2026-06-27 03:59:59","0.10000","1","0.00","0.00000"
"all-available","Asia/Taipei","BTCUSDT","BTC-260628-63000-C","2026-06-28","63000","CALL","1h","2026-06-26 20:00:00","2026-06-27 04:00:00","10.000","10.000","10.000","10.000","0.00","2026-06-26 20:59:59","2026-06-27 04:59:59","0.00000","0","0.00","0.00000"
"all-available","Asia/Taipei","BTCUSDT","BTC-260628-63000-C","2026-06-28","63000","CALL","1h","2026-06-26 21:00:00","2026-06-27 05:00:00","10.000","10.000","10.000","10.000","0.00","2026-06-26 21:59:59","2026-06-27 05:59:59","0.00000","0","0.00","0.00000"
"all-available","Asia/Taipei","BTCUSDT","BTC-260628-63000-C","2026-06-28","63000","CALL","1h","2026-06-26 22:00:00","2026-06-27 06:00:00","10.000","10.000","10.000","10.000","0.00","2026-06-26 22:59:59","2026-06-27 06:59:59","0.00000","0","0.00","0.00000"
"all-available","Asia/Taipei","BTCUSDT","BTC-260628-63000-C","2026-06-28","63000","CALL","1h","2026-06-26 23:00:00","2026-06-27 07:00:00","10.000","10.000","10.000","10.000","0.00","2026-06-26 23:59:59","2026-06-27 07:59:59","0.00000","0","0.00","0.00000"
"all-available","Asia/Taipei","BTCUSDT","BTC-260628-63000-C","2026-06-28","63000","CALL","1h","2026-06-27 00:00:00","2026-06-27 08:00:00","10.000","10.000","10.000","10.000","0.00","2026-06-27 00:59:59","2026-06-27 08:59:59","0.00000","0","0.00","0.00000"
"all-available","Asia/Taipei","BTCUSDT","BTC-260628-63000-C","2026-06-28","63000","CALL","1h","2026-06-27 01:00:00","2026-06-27 09:00:00","5.000","5.000","5.000","5.000","1.00","2026-06-27 01:59:59","2026-06-27 09:59:59","5.00000","1","0.00","0.00000"
"all-available","Asia/Taipei","BTCUSDT","BTC-260628-63000-C","2026-06-28","63000","CALL","1h","2026-06-27 02:00:00","2026-06-27 10:00:00","10.000","10.000","10.000","10.000","2.01","2026-06-27 02:59:59","2026-06-27 10:59:59","20.10000","2","0.00","0.00000"
"all-available","Asia/Taipei","BTCUSDT","BTC-260628-63000-C","2026-06-28","63000","CALL","1h","2026-06-27 03:00:00","2026-06-27 11:00:00","10.000","10.000","10.000","10.000","0.00","2026-06-27 03:59:59","2026-06-27 11:59:59","0.00000","0","0.00","0.00000"
"all-available","Asia/Taipei","BTCUSDT","BTC-260628-63000-C","2026-06-28","63000","CALL","1h","2026-06-27 04:00:00","2026-06-27 12:00:00","10.000","10.000","10.000","10.000","0.00","2026-06-27 04:59:59","2026-06-27 12:59:59","0.00000","0","0.00","0.00000"
"all-available","Asia/Taipei","BTCUSDT","BTC-260628-63000-C","2026-06-28","63000","CALL","1h","2026-06-27 05:00:00","2026-06-27 13:00:00","10.000","10.000","10.000","10.000","0.00","2026-06-27 05:59:59","2026-06-27 13:59:59","0.00000","0","0.00","0.00000"
"all-available","Asia/Taipei","BTCUSDT","BTC-260628-63000-C","2026-06-28","63000","CALL","1h","2026-06-27 06:00:00","2026-06-27 14:00:00","10.000","10.000","10.000","10.000","0.00","2026-06-27 06:59:59","2026-06-27 14:59:59","0.00000","0","0.00","0.00000"
"all-available","Asia/Taipei","BTCUSDT","BTC-260628-63000-C","2026-06-28","63000","CALL","1h","2026-06-27 07:00:00","2026-06-27 15:00:00","10.000","10.000","10.000","10.000","0.07","2026-06-27 07:59:59","2026-06-27 15:59:59","0.70000","1","0.07","0.70000"
"all-available","Asia/Taipei","BTCUSDT","BTC-260628-63000-C","2026-06-28","63000","CALL","1h","2026-06-27 08:00:00","2026-06-27 16:00:00","10.000","10.000","10.000","10.000","2.66","2026-06-27 08:59:59","2026-06-27 16:59:59","26.60000","5","0.24","2.40000"
"all-available","Asia/Taipei","BTCUSDT","BTC-260628-63000-C","2026-06-28","63000","CALL","1h","2026-06-27 09:00:00","2026-06-27 17:00:00","5.000","5.000","5.000","5.000","1.00","2026-06-27 09:59:59","2026-06-27 17:59:59","5.00000","2","0.00","0.00000"
"all-available","Asia/Taipei","BTCUSDT","BTC-260628-63000-C","2026-06-28","63000","CALL","1h","2026-06-27 10:00:00","2026-06-27 18:00:00","5.000","5.000","5.000","5.000","0.00","2026-06-27 10:59:59","2026-06-27 18:59:59","0.00000","0","0.00","0.00000"
"all-available","Asia/Taipei","BTCUSDT","BTC-260628-63000-C","2026-06-28","63000","CALL","1h","2026-06-27 11:00:00","2026-06-27 19:00:00","5.000","5.000","5.000","5.000","0.00","2026-06-27 11:59:59","2026-06-27 19:59:59","0.00000","0","0.00","0.00000"
"all-available","Asia/Taipei","BTCUSDT","BTC-260628-63000-C","2026-06-28","63000","CALL","1h","2026-06-27 12:00:00","2026-06-27 20:00:00","5.000","5.000","5.000","5.000","0.00","2026-06-27 12:59:59","2026-06-27 20:59:59","0.00000","0","0.00","0.00000"
"all-available","Asia/Taipei","BTCUSDT","BTC-260628-63000-C","2026-06-28","63000","CALL","1h","2026-06-27 13:00:00","2026-06-27 21:00:00","5.000","5.000","5.000","5.000","0.00","2026-06-27 13:59:59","2026-06-27 21:59:59","0.00000","0","0.00","0.00000"
"all-available","Asia/Taipei","BTCUSDT","BTC-260628-63000-C","2026-06-28","63000","CALL","1h","2026-06-27 14:00:00","2026-06-27 22:00:00","5.000","5.000","5.000","5.000","0.03","2026-06-27 14:59:59","2026-06-27 22:59:59","0.15000","1","0.03","0.15000"
"all-available","Asia/Taipei","BTCUSDT","BTC-260628-63000-C","2026-06-28","63000","CALL","1h","2026-06-27 15:00:00","2026-06-27 23:00:00","5.000","5.000","5.000","5.000","1.79","2026-06-27 15:59:59","2026-06-27 23:59:59","8.95000","5","1.79","8.95000"
"all-available","Asia/Taipei","BTCUSDT","BTC-260628-63000-C","2026-06-28","63000","CALL","1h","2026-06-27 16:00:00","2026-06-28 00:00:00","5.000","5.000","5.000","5.000","0.04","2026-06-27 16:59:59","2026-06-28 00:59:59","0.20000","2","0.04","0.20000"
"all-available","Asia/Taipei","BTCUSDT","BTC-260628-63000-C","2026-06-28","63000","CALL","1h","2026-06-27 17:00:00","2026-06-28 01:00:00","5.000","5.000","5.000","5.000","0.00","2026-06-27 17:59:59","2026-06-28 01:59:59","0.00000","0","0.00","0.00000"
"all-available","Asia/Taipei","BTCUSDT","BTC-260628-63000-C","2026-06-28","63000","CALL","1h","2026-06-27 18:00:00","2026-06-28 02:00:00","5.000","5.000","5.000","5.000","0.01","2026-06-27 18:59:59","2026-06-28 02:59:59","0.05000","1","0.01","0.05000"
"all-available","Asia/Taipei","BTCUSDT","BTC-260628-63000-C","2026-06-28","63000","CALL","1h","2026-06-27 19:00:00","2026-06-28 03:00:00","5.000","5.000","5.000","5.000","0.00","2026-06-27 19:59:59","2026-06-28 03:59:59","0.00000","0","0.00","0.00000"
"all-available","Asia/Taipei","BTCUSDT","BTC-260628-63000-C","2026-06-28","63000","CALL","1h","2026-06-27 20:00:00","2026-06-28 04:00:00","5.000","5.000","5.000","5.000","0.00","2026-06-27 20:59:59","2026-06-28 04:59:59","0.00000","0","0.00","0.00000"
"all-available","Asia/Taipei","BTCUSDT","BTC-260628-63000-C","2026-06-28","63000","CALL","1h","2026-06-27 21:00:00","2026-06-28 05:00:00","5.000","5.000","5.000","5.000","0.00","2026-06-27 21:59:59","2026-06-28 05:59:59","0.00000","0","0.00","0.00000"
"all-available","Asia/Taipei","BTCUSDT","BTC-260628-63000-C","2026-06-28","63000","CALL","1h","2026-06-27 22:00:00","2026-06-28 06:00:00","5.000","5.000","5.000","5.000","0.00","2026-06-27 22:59:59","2026-06-28 06:59:59","0.00000","0","0.00","0.00000"
"all-available","Asia/Taipei","BTCUSDT","BTC-260628-63000-C","2026-06-28","63000","CALL","1h","2026-06-27 23:00:00","2026-06-28 07:00:00","5.000","5.000","5.000","5.000","0.00","2026-06-27 23:59:59","2026-06-28 07:59:59","0.00000","0","0.00","0.00000"
"all-available","Asia/Taipei","BTCUSDT","BTC-260628-63000-C","2026-06-28","63000","CALL","1h","2026-06-28 00:00:00","2026-06-28 08:00:00","5.000","5.000","5.000","5.000","0.00","2026-06-28 00:59:59","2026-06-28 08:59:59","0.00000","0","0.00","0.00000"
"all-available","Asia/Taipei","BTCUSDT","BTC-260628-63000-C","2026-06-28","63000","CALL","1h","2026-06-28 01:00:00","2026-06-28 09:00:00","5.000","5.000","5.000","5.000","0.00","2026-06-28 01:59:59","2026-06-28 09:59:59","0.00000","0","0.00","0.00000"
"all-available","Asia/Taipei","BTCUSDT","BTC-260628-63000-C","2026-06-28","63000","CALL","1h","2026-06-28 02:00:00","2026-06-28 10:00:00","5.000","5.000","5.000","5.000","0.00","2026-06-28 02:59:59","2026-06-28 10:59:59","0.00000","0","0.00","0.00000"
"all-available","Asia/Taipei","BTCUSDT","BTC-260628-63000-C","2026-06-28","63000","CALL","1h","2026-06-28 03:00:00","2026-06-28 11:00:00","5.000","5.000","5.000","5.000","0.00","2026-06-28 03:59:59","2026-06-28 11:59:59","0.00000","0","0.00","0.00000"
"all-available","Asia/Taipei","BTCUSDT","BTC-260628-63000-C","2026-06-28","63000","CALL","1h","2026-06-28 04:00:00","2026-06-28 12:00:00","5.000","5.000","5.000","5.000","0.00","2026-06-28 04:59:59","2026-06-28 12:59:59","0.00000","0","0.00","0.00000"
"all-available","Asia/Taipei","BTCUSDT","BTC-260628-63000-C","2026-06-28","63000","CALL","1h","2026-06-28 05:00:00","2026-06-28 13:00:00","5.000","5.000","5.000","5.000","0.00","2026-06-28 05:59:59","2026-06-28 13:59:59","0.00000","0","0.00","0.00000"
"all-available","Asia/Taipei","BTCUSDT","BTC-260628-63000-C","2026-06-28","63000","CALL","1h","2026-06-28 06:00:00","2026-06-28 14:00:00","5.000","5.000","5.000","5.000","0.00","2026-06-28 06:59:59","2026-06-28 14:59:59","0.00000","0","0.00","0.00000"
"all-available","Asia/Taipei","BTCUSDT","BTC-260628-63000-C","2026-06-28","63000","CALL","1h","2026-06-28 07:00:00","2026-06-28 15:00:00","5.000","5.000","5.000","5.000","0.00","2026-06-28 07:59:59","2026-06-28 15:59:59","0.00000","0","0.00","0.00000"
"all-available","Asia/Taipei","BTCUSDT","BTC-260628-63000-P","2026-06-28","63000","PUT","1h","2026-06-25 10:00:00","2026-06-25 18:00:00","1725.000","1725.000","1725.000","1725.000","2.60","2026-06-25 10:59:59","2026-06-25 18:59:59","4485.00000","1","2.60","4485.00000"
"all-available","Asia/Taipei","BTCUSDT","BTC-260628-63000-P","2026-06-28","63000","PUT","1h","2026-06-25 11:00:00","2026-06-25 19:00:00","1725.000","1725.000","1725.000","1725.000","0.00","2026-06-25 11:59:59","2026-06-25 19:59:59","0.00000","0","0.00","0.00000"
"all-available","Asia/Taipei","BTCUSDT","BTC-260628-63000-P","2026-06-28","63000","PUT","1h","2026-06-25 12:00:00","2026-06-25 20:00:00","1725.000","1725.000","1725.000","1725.000","0.00","2026-06-25 12:59:59","2026-06-25 20:59:59","0.00000","0","0.00","0.00000"
"all-available","Asia/Taipei","BTCUSDT","BTC-260628-63000-P","2026-06-28","63000","PUT","1h","2026-06-25 13:00:00","2026-06-25 21:00:00","1935.000","1935.000","1935.000","1935.000","0.87","2026-06-25 13:59:59","2026-06-25 21:59:59","1683.45000","1","0.00","0.00000"
"all-available","Asia/Taipei","BTCUSDT","BTC-260628-63000-P","2026-06-28","63000","PUT","1h","2026-06-25 14:00:00","2026-06-25 22:00:00","1935.000","1935.000","1935.000","1935.000","0.00","2026-06-25 14:59:59","2026-06-25 22:59:59","0.00000","0","0.00","0.00000"
"all-available","Asia/Taipei","BTCUSDT","BTC-260628-63000-P","2026-06-28","63000","PUT","1h","2026-06-25 15:00:00","2026-06-25 23:00:00","1935.000","1935.000","1935.000","1935.000","0.00","2026-06-25 15:59:59","2026-06-25 23:59:59","0.00000","0","0.00","0.00000"
"all-available","Asia/Taipei","BTCUSDT","BTC-260628-63000-P","2026-06-28","63000","PUT","1h","2026-06-25 16:00:00","2026-06-26 00:00:00","1935.000","1935.000","1935.000","1935.000","0.00","2026-06-25 16:59:59","2026-06-26 00:59:59","0.00000","0","0.00","0.00000"
"all-available","Asia/Taipei","BTCUSDT","BTC-260628-63000-P","2026-06-28","63000","PUT","1h","2026-06-25 17:00:00","2026-06-26 01:00:00","1935.000","1935.000","1935.000","1935.000","0.00","2026-06-25 17:59:59","2026-06-26 01:59:59","0.00000","0","0.00","0.00000"
"all-available","Asia/Taipei","BTCUSDT","BTC-260628-63000-P","2026-06-28","63000","PUT","1h","2026-06-25 18:00:00","2026-06-26 02:00:00","1935.000","1935.000","1935.000","1935.000","0.00","2026-06-25 18:59:59","2026-06-26 02:59:59","0.00000","0","0.00","0.00000"
"all-available","Asia/Taipei","BTCUSDT","BTC-260628-63000-P","2026-06-28","63000","PUT","1h","2026-06-25 19:00:00","2026-06-26 03:00:00","1935.000","1935.000","1935.000","1935.000","0.00","2026-06-25 19:59:59","2026-06-26 03:59:59","0.00000","0","0.00","0.00000"
"all-available","Asia/Taipei","BTCUSDT","BTC-260628-63000-P","2026-06-28","63000","PUT","1h","2026-06-25 20:00:00","2026-06-26 04:00:00","1935.000","1935.000","1935.000","1935.000","0.00","2026-06-25 20:59:59","2026-06-26 04:59:59","0.00000","0","0.00","0.00000"
"all-available","Asia/Taipei","BTCUSDT","BTC-260628-63000-P","2026-06-28","63000","PUT","1h","2026-06-25 21:00:00","2026-06-26 05:00:00","1935.000","1935.000","1935.000","1935.000","0.00","2026-06-25 21:59:59","2026-06-26 05:59:59","0.00000","0","0.00","0.00000"
"all-available","Asia/Taipei","BTCUSDT","BTC-260628-63000-P","2026-06-28","63000","PUT","1h","2026-06-25 22:00:00","2026-06-26 06:00:00","1935.000","1935.000","1935.000","1935.000","0.00","2026-06-25 22:59:59","2026-06-26 06:59:59","0.00000","0","0.00","0.00000"
"all-available","Asia/Taipei","BTCUSDT","BTC-260628-63000-P","2026-06-28","63000","PUT","1h","2026-06-25 23:00:00","2026-06-26 07:00:00","1935.000","1935.000","1935.000","1935.000","0.00","2026-06-25 23:59:59","2026-06-26 07:59:59","0.00000","0","0.00","0.00000"
"all-available","Asia/Taipei","BTCUSDT","BTC-260628-63000-P","2026-06-28","63000","PUT","1h","2026-06-26 00:00:00","2026-06-26 08:00:00","1935.000","1935.000","1935.000","1935.000","0.00","2026-06-26 00:59:59","2026-06-26 08:59:59","0.00000","0","0.00","0.00000"
"all-available","Asia/Taipei","BTCUSDT","BTC-260628-63000-P","2026-06-28","63000","PUT","1h","2026-06-26 01:00:00","2026-06-26 09:00:00","1935.000","1935.000","1935.000","1935.000","0.00","2026-06-26 01:59:59","2026-06-26 09:59:59","0.00000","0","0.00","0.00000"
"all-available","Asia/Taipei","BTCUSDT","BTC-260628-63000-P","2026-06-28","63000","PUT","1h","2026-06-26 02:00:00","2026-06-26 10:00:00","1935.000","1935.000","1935.000","1935.000","0.00","2026-06-26 02:59:59","2026-06-26 10:59:59","0.00000","0","0.00","0.00000"
"all-available","Asia/Taipei","BTCUSDT","BTC-260628-63000-P","2026-06-28","63000","PUT","1h","2026-06-26 03:00:00","2026-06-26 11:00:00","1935.000","1935.000","1935.000","1935.000","0.00","2026-06-26 03:59:59","2026-06-26 11:59:59","0.00000","0","0.00","0.00000"
"all-available","Asia/Taipei","BTCUSDT","BTC-260628-63000-P","2026-06-28","63000","PUT","1h","2026-06-26 04:00:00","2026-06-26 12:00:00","1935.000","1935.000","1935.000","1935.000","0.00","2026-06-26 04:59:59","2026-06-26 12:59:59","0.00000","0","0.00","0.00000"
"all-available","Asia/Taipei","BTCUSDT","BTC-260628-63000-P","2026-06-28","63000","PUT","1h","2026-06-26 05:00:00","2026-06-26 13:00:00","1935.000","1935.000","1935.000","1935.000","0.00","2026-06-26 05:59:59","2026-06-26 13:59:59","0.00000","0","0.00","0.00000"
"all-available","Asia/Taipei","BTCUSDT","BTC-260628-63000-P","2026-06-28","63000","PUT","1h","2026-06-26 06:00:00","2026-06-26 14:00:00","1935.000","1935.000","1935.000","1935.000","0.00","2026-06-26 06:59:59","2026-06-26 14:59:59","0.00000","0","0.00","0.00000"
"all-available","Asia/Taipei","BTCUSDT","BTC-260628-63000-P","2026-06-28","63000","PUT","1h","2026-06-26 07:00:00","2026-06-26 15:00:00","1935.000","1935.000","1935.000","1935.000","0.00","2026-06-26 07:59:59","2026-06-26 15:59:59","0.00000","0","0.00","0.00000"
"all-available","Asia/Taipei","BTCUSDT","BTC-260628-63000-P","2026-06-28","63000","PUT","1h","2026-06-26 08:00:00","2026-06-26 16:00:00","1935.000","1935.000","1935.000","1935.000","0.00","2026-06-26 08:59:59","2026-06-26 16:59:59","0.00000","0","0.00","0.00000"
"all-available","Asia/Taipei","BTCUSDT","BTC-260628-63000-P","2026-06-28","63000","PUT","1h","2026-06-26 09:00:00","2026-06-26 17:00:00","1935.000","1935.000","1935.000","1935.000","0.00","2026-06-26 09:59:59","2026-06-26 17:59:59","0.00000","0","0.00","0.00000"
"all-available","Asia/Taipei","BTCUSDT","BTC-260628-63000-P","2026-06-28","63000","PUT","1h","2026-06-26 10:00:00","2026-06-26 18:00:00","1935.000","1935.000","1935.000","1935.000","0.00","2026-06-26 10:59:59","2026-06-26 18:59:59","0.00000","0","0.00","0.00000"
"all-available","Asia/Taipei","BTCUSDT","BTC-260628-63000-P","2026-06-28","63000","PUT","1h","2026-06-26 11:00:00","2026-06-26 19:00:00","1935.000","1935.000","1935.000","1935.000","0.00","2026-06-26 11:59:59","2026-06-26 19:59:59","0.00000","0","0.00","0.00000"
"all-available","Asia/Taipei","BTCUSDT","BTC-260628-63000-P","2026-06-28","63000","PUT","1h","2026-06-26 12:00:00","2026-06-26 20:00:00","1935.000","1935.000","1935.000","1935.000","0.00","2026-06-26 12:59:59","2026-06-26 20:59:59","0.00000","0","0.00","0.00000"
"all-available","Asia/Taipei","BTCUSDT","BTC-260628-63000-P","2026-06-28","63000","PUT","1h","2026-06-26 13:00:00","2026-06-26 21:00:00","1935.000","1935.000","1935.000","1935.000","0.00","2026-06-26 13:59:59","2026-06-26 21:59:59","0.00000","0","0.00","0.00000"
"all-available","Asia/Taipei","BTCUSDT","BTC-260628-63000-P","2026-06-28","63000","PUT","1h","2026-06-26 14:00:00","2026-06-26 22:00:00","1935.000","1935.000","1935.000","1935.000","0.00","2026-06-26 14:59:59","2026-06-26 22:59:59","0.00000","0","0.00","0.00000"
"all-available","Asia/Taipei","BTCUSDT","BTC-260628-63000-P","2026-06-28","63000","PUT","1h","2026-06-26 15:00:00","2026-06-26 23:00:00","1935.000","1935.000","1935.000","1935.000","0.00","2026-06-26 15:59:59","2026-06-26 23:59:59","0.00000","0","0.00","0.00000"
"all-available","Asia/Taipei","BTCUSDT","BTC-260628-63000-P","2026-06-28","63000","PUT","1h","2026-06-26 16:00:00","2026-06-27 00:00:00","1935.000","1935.000","1935.000","1935.000","0.00","2026-06-26 16:59:59","2026-06-27 00:59:59","0.00000","0","0.00","0.00000"
"all-available","Asia/Taipei","BTCUSDT","BTC-260628-63000-P","2026-06-28","63000","PUT","1h","2026-06-26 17:00:00","2026-06-27 01:00:00","1935.000","1935.000","1935.000","1935.000","0.00","2026-06-26 17:59:59","2026-06-27 01:59:59","0.00000","0","0.00","0.00000"
"all-available","Asia/Taipei","BTCUSDT","BTC-260628-63000-P","2026-06-28","63000","PUT","1h","2026-06-26 18:00:00","2026-06-27 02:00:00","1935.000","1935.000","1935.000","1935.000","0.00","2026-06-26 18:59:59","2026-06-27 02:59:59","0.00000","0","0.00","0.00000"
"all-available","Asia/Taipei","BTCUSDT","BTC-260628-63000-P","2026-06-28","63000","PUT","1h","2026-06-26 19:00:00","2026-06-27 03:00:00","1935.000","1935.000","1935.000","1935.000","0.00","2026-06-26 19:59:59","2026-06-27 03:59:59","0.00000","0","0.00","0.00000"
"all-available","Asia/Taipei","BTCUSDT","BTC-260628-63000-P","2026-06-28","63000","PUT","1h","2026-06-26 20:00:00","2026-06-27 04:00:00","1935.000","1935.000","1935.000","1935.000","0.00","2026-06-26 20:59:59","2026-06-27 04:59:59","0.00000","0","0.00","0.00000"
"all-available","Asia/Taipei","BTCUSDT","BTC-260628-63000-P","2026-06-28","63000","PUT","1h","2026-06-26 21:00:00","2026-06-27 05:00:00","1935.000","1935.000","1935.000","1935.000","0.00","2026-06-26 21:59:59","2026-06-27 05:59:59","0.00000","0","0.00","0.00000"
"all-available","Asia/Taipei","BTCUSDT","BTC-260628-63000-P","2026-06-28","63000","PUT","1h","2026-06-26 22:00:00","2026-06-27 06:00:00","1935.000","1935.000","1935.000","1935.000","0.00","2026-06-26 22:59:59","2026-06-27 06:59:59","0.00000","0","0.00","0.00000"
"all-available","Asia/Taipei","BTCUSDT","BTC-260628-63000-P","2026-06-28","63000","PUT","1h","2026-06-26 23:00:00","2026-06-27 07:00:00","1935.000","1935.000","1935.000","1935.000","0.00","2026-06-26 23:59:59","2026-06-27 07:59:59","0.00000","0","0.00","0.00000"
"all-available","Asia/Taipei","BTCUSDT","BTC-260628-63000-P","2026-06-28","63000","PUT","1h","2026-06-27 00:00:00","2026-06-27 08:00:00","1935.000","1935.000","1935.000","1935.000","0.00","2026-06-27 00:59:59","2026-06-27 08:59:59","0.00000","0","0.00","0.00000"
"all-available","Asia/Taipei","BTCUSDT","BTC-260628-63000-P","2026-06-28","63000","PUT","1h","2026-06-27 01:00:00","2026-06-27 09:00:00","1935.000","1935.000","1935.000","1935.000","0.00","2026-06-27 01:59:59","2026-06-27 09:59:59","0.00000","0","0.00","0.00000"
"all-available","Asia/Taipei","BTCUSDT","BTC-260628-63000-P","2026-06-28","63000","PUT","1h","2026-06-27 02:00:00","2026-06-27 10:00:00","1935.000","1935.000","1935.000","1935.000","0.00","2026-06-27 02:59:59","2026-06-27 10:59:59","0.00000","0","0.00","0.00000"
"all-available","Asia/Taipei","BTCUSDT","BTC-260628-63000-P","2026-06-28","63000","PUT","1h","2026-06-27 03:00:00","2026-06-27 11:00:00","1935.000","1935.000","1935.000","1935.000","0.00","2026-06-27 03:59:59","2026-06-27 11:59:59","0.00000","0","0.00","0.00000"
"all-available","Asia/Taipei","BTCUSDT","BTC-260628-63000-P","2026-06-28","63000","PUT","1h","2026-06-27 04:00:00","2026-06-27 12:00:00","1935.000","1935.000","1935.000","1935.000","0.00","2026-06-27 04:59:59","2026-06-27 12:59:59","0.00000","0","0.00","0.00000"
"all-available","Asia/Taipei","BTCUSDT","BTC-260628-63000-P","2026-06-28","63000","PUT","1h","2026-06-27 05:00:00","2026-06-27 13:00:00","1935.000","1935.000","1935.000","1935.000","0.00","2026-06-27 05:59:59","2026-06-27 13:59:59","0.00000","0","0.00","0.00000"
"all-available","Asia/Taipei","BTCUSDT","BTC-260628-63000-P","2026-06-28","63000","PUT","1h","2026-06-27 06:00:00","2026-06-27 14:00:00","1935.000","1935.000","1935.000","1935.000","0.00","2026-06-27 06:59:59","2026-06-27 14:59:59","0.00000","0","0.00","0.00000"
"all-available","Asia/Taipei","BTCUSDT","BTC-260628-63000-P","2026-06-28","63000","PUT","1h","2026-06-27 07:00:00","2026-06-27 15:00:00","1935.000","1935.000","1935.000","1935.000","0.00","2026-06-27 07:59:59","2026-06-27 15:59:59","0.00000","0","0.00","0.00000"
"all-available","Asia/Taipei","BTCUSDT","BTC-260628-63000-P","2026-06-28","63000","PUT","1h","2026-06-27 08:00:00","2026-06-27 16:00:00","2535.000","2535.000","2535.000","2535.000","1.44","2026-06-27 08:59:59","2026-06-27 16:59:59","3650.40000","4","0.00","0.00000"
"all-available","Asia/Taipei","BTCUSDT","BTC-260628-63000-P","2026-06-28","63000","PUT","1h","2026-06-27 09:00:00","2026-06-27 17:00:00","2535.000","2535.000","2535.000","2535.000","0.00","2026-06-27 09:59:59","2026-06-27 17:59:59","0.00000","0","0.00","0.00000"
"all-available","Asia/Taipei","BTCUSDT","BTC-260628-63000-P","2026-06-28","63000","PUT","1h","2026-06-27 10:00:00","2026-06-27 18:00:00","2535.000","2535.000","2535.000","2535.000","0.00","2026-06-27 10:59:59","2026-06-27 18:59:59","0.00000","0","0.00","0.00000"
"all-available","Asia/Taipei","BTCUSDT","BTC-260628-63000-P","2026-06-28","63000","PUT","1h","2026-06-27 11:00:00","2026-06-27 19:00:00","2750.000","2750.000","2750.000","2750.000","1.44","2026-06-27 11:59:59","2026-06-27 19:59:59","3960.00000","1","1.44","3960.00000"
"all-available","Asia/Taipei","BTCUSDT","BTC-260628-63000-P","2026-06-28","63000","PUT","1h","2026-06-27 12:00:00","2026-06-27 20:00:00","2750.000","2750.000","2750.000","2750.000","0.00","2026-06-27 12:59:59","2026-06-27 20:59:59","0.00000","0","0.00","0.00000"
"all-available","Asia/Taipei","BTCUSDT","BTC-260628-63000-P","2026-06-28","63000","PUT","1h","2026-06-27 13:00:00","2026-06-27 21:00:00","2750.000","2750.000","2750.000","2750.000","0.00","2026-06-27 13:59:59","2026-06-27 21:59:59","0.00000","0","0.00","0.00000"
"all-available","Asia/Taipei","BTCUSDT","BTC-260628-63000-P","2026-06-28","63000","PUT","1h","2026-06-27 14:00:00","2026-06-27 22:00:00","2750.000","2750.000","2750.000","2750.000","0.00","2026-06-27 14:59:59","2026-06-27 22:59:59","0.00000","0","0.00","0.00000"
"all-available","Asia/Taipei","BTCUSDT","BTC-260628-63000-P","2026-06-28","63000","PUT","1h","2026-06-27 15:00:00","2026-06-27 23:00:00","2750.000","2750.000","2750.000","2750.000","0.00","2026-06-27 15:59:59","2026-06-27 23:59:59","0.00000","0","0.00","0.00000"
"all-available","Asia/Taipei","BTCUSDT","BTC-260628-63000-P","2026-06-28","63000","PUT","1h","2026-06-27 16:00:00","2026-06-28 00:00:00","2750.000","2750.000","2750.000","2750.000","0.00","2026-06-27 16:59:59","2026-06-28 00:59:59","0.00000","0","0.00","0.00000"
"all-available","Asia/Taipei","BTCUSDT","BTC-260628-63000-P","2026-06-28","63000","PUT","1h","2026-06-27 17:00:00","2026-06-28 01:00:00","2750.000","2750.000","2750.000","2750.000","0.00","2026-06-27 17:59:59","2026-06-28 01:59:59","0.00000","0","0.00","0.00000"
"all-available","Asia/Taipei","BTCUSDT","BTC-260628-63000-P","2026-06-28","63000","PUT","1h","2026-06-27 18:00:00","2026-06-28 02:00:00","2750.000","2750.000","2750.000","2750.000","0.00","2026-06-27 18:59:59","2026-06-28 02:59:59","0.00000","0","0.00","0.00000"
"all-available","Asia/Taipei","BTCUSDT","BTC-260628-63000-P","2026-06-28","63000","PUT","1h","2026-06-27 19:00:00","2026-06-28 03:00:00","2750.000","2750.000","2750.000","2750.000","0.00","2026-06-27 19:59:59","2026-06-28 03:59:59","0.00000","0","0.00","0.00000"
"all-available","Asia/Taipei","BTCUSDT","BTC-260628-63000-P","2026-06-28","63000","PUT","1h","2026-06-27 20:00:00","2026-06-28 04:00:00","2750.000","2750.000","2750.000","2750.000","0.00","2026-06-27 20:59:59","2026-06-28 04:59:59","0.00000","0","0.00","0.00000"
"all-available","Asia/Taipei","BTCUSDT","BTC-260628-63000-P","2026-06-28","63000","PUT","1h","2026-06-27 21:00:00","2026-06-28 05:00:00","2750.000","2750.000","2750.000","2750.000","0.00","2026-06-27 21:59:59","2026-06-28 05:59:59","0.00000","0","0.00","0.00000"
"all-available","Asia/Taipei","BTCUSDT","BTC-260628-63000-P","2026-06-28","63000","PUT","1h","2026-06-27 22:00:00","2026-06-28 06:00:00","2750.000","2750.000","2750.000","2750.000","0.00","2026-06-27 22:59:59","2026-06-28 06:59:59","0.00000","0","0.00","0.00000"
"all-available","Asia/Taipei","BTCUSDT","BTC-260628-63000-P","2026-06-28","63000","PUT","1h","2026-06-27 23:00:00","2026-06-28 07:00:00","2750.000","2750.000","2750.000","2750.000","0.00","2026-06-27 23:59:59","2026-06-28 07:59:59","0.00000","0","0.00","0.00000"
"all-available","Asia/Taipei","BTCUSDT","BTC-260628-63000-P","2026-06-28","63000","PUT","1h","2026-06-28 00:00:00","2026-06-28 08:00:00","2750.000","2750.000","2750.000","2750.000","0.00","2026-06-28 00:59:59","2026-06-28 08:59:59","0.00000","0","0.00","0.00000"
"all-available","Asia/Taipei","BTCUSDT","BTC-260628-63000-P","2026-06-28","63000","PUT","1h","2026-06-28 01:00:00","2026-06-28 09:00:00","2750.000","2750.000","2750.000","2750.000","0.00","2026-06-28 01:59:59","2026-06-28 09:59:59","0.00000","0","0.00","0.00000"
"all-available","Asia/Taipei","BTCUSDT","BTC-260628-63000-P","2026-06-28","63000","PUT","1h","2026-06-28 02:00:00","2026-06-28 10:00:00","2750.000","2750.000","2750.000","2750.000","0.00","2026-06-28 02:59:59","2026-06-28 10:59:59","0.00000","0","0.00","0.00000"
"all-available","Asia/Taipei","BTCUSDT","BTC-260628-63000-P","2026-06-28","63000","PUT","1h","2026-06-28 03:00:00","2026-06-28 11:00:00","2750.000","2750.000","2750.000","2750.000","0.00","2026-06-28 03:59:59","2026-06-28 11:59:59","0.00000","0","0.00","0.00000"
"all-available","Asia/Taipei","BTCUSDT","BTC-260628-63000-P","2026-06-28","63000","PUT","1h","2026-06-28 04:00:00","2026-06-28 12:00:00","2750.000","2750.000","2750.000","2750.000","0.00","2026-06-28 04:59:59","2026-06-28 12:59:59","0.00000","0","0.00","0.00000"
"all-available","Asia/Taipei","BTCUSDT","BTC-260628-63000-P","2026-06-28","63000","PUT","1h","2026-06-28 05:00:00","2026-06-28 13:00:00","2750.000","2750.000","2750.000","2750.000","0.00","2026-06-28 05:59:59","2026-06-28 13:59:59","0.00000","0","0.00","0.00000"
"all-available","Asia/Taipei","BTCUSDT","BTC-260628-63000-P","2026-06-28","63000","PUT","1h","2026-06-28 06:00:00","2026-06-28 14:00:00","2750.000","2750.000","2750.000","2750.000","0.00","2026-06-28 06:59:59","2026-06-28 14:59:59","0.00000","0","0.00","0.00000"
"all-available","Asia/Taipei","BTCUSDT","BTC-260628-63000-P","2026-06-28","63000","PUT","1h","2026-06-28 07:00:00","2026-06-28 15:00:00","2750.000","2750.000","2750.000","2750.000","0.00","2026-06-28 07:59:59","2026-06-28 15:59:59","0.00000","0","0.00","0.00000"
"all-available","Asia/Taipei","BTCUSDT","BTC-260628-64000-C","2026-06-28","64000","CALL","1h","2026-06-25 08:00:00","2026-06-25 16:00:00","105.000","105.000","105.000","105.000","0.09","2026-06-25 08:59:59","2026-06-25 16:59:59","9.45000","1","0.09","9.45000"
"all-available","Asia/Taipei","BTCUSDT","BTC-260628-64000-C","2026-06-28","64000","CALL","1h","2026-06-25 09:00:00","2026-06-25 17:00:00","80.000","80.000","80.000","80.000","1.48","2026-06-25 09:59:59","2026-06-25 17:59:59","118.40000","1","1.48","118.40000"
"all-available","Asia/Taipei","BTCUSDT","BTC-260628-64000-C","2026-06-28","64000","CALL","1h","2026-06-25 10:00:00","2026-06-25 18:00:00","80.000","80.000","75.000","75.000","0.06","2026-06-25 10:59:59","2026-06-25 18:59:59","4.60000","2","0.00","0.00000"
"all-available","Asia/Taipei","BTCUSDT","BTC-260628-64000-C","2026-06-28","64000","CALL","1h","2026-06-25 11:00:00","2026-06-25 19:00:00","70.000","90.000","70.000","90.000","7.11","2026-06-25 11:59:59","2026-06-25 19:59:59","531.30000","3","5.43","380.10000"
"all-available","Asia/Taipei","BTCUSDT","BTC-260628-64000-C","2026-06-28","64000","CALL","1h","2026-06-25 12:00:00","2026-06-25 20:00:00","95.000","120.000","90.000","90.000","24.30","2026-06-25 12:59:59","2026-06-25 20:59:59","2717.35000","13","17.25","2062.15000"
"all-available","Asia/Taipei","BTCUSDT","BTC-260628-64000-C","2026-06-28","64000","CALL","1h","2026-06-25 13:00:00","2026-06-25 21:00:00","50.000","50.000","30.000","30.000","4.01","2026-06-25 13:59:59","2026-06-25 21:59:59","132.60000","5","0.00","0.00000"
"all-available","Asia/Taipei","BTCUSDT","BTC-260628-64000-C","2026-06-28","64000","CALL","1h","2026-06-25 14:00:00","2026-06-25 22:00:00","40.000","45.000","35.000","40.000","3.99","2026-06-25 14:59:59","2026-06-25 22:59:59","155.20000","7","2.99","115.20000"
"all-available","Asia/Taipei","BTCUSDT","BTC-260628-64000-C","2026-06-28","64000","CALL","1h","2026-06-25 15:00:00","2026-06-25 23:00:00","35.000","35.000","35.000","35.000","2.44","2026-06-25 15:59:59","2026-06-25 23:59:59","85.40000","1","2.44","85.40000"
"all-available","Asia/Taipei","BTCUSDT","BTC-260628-64000-C","2026-06-28","64000","CALL","1h","2026-06-25 16:00:00","2026-06-26 00:00:00","35.000","35.000","35.000","35.000","0.00","2026-06-25 16:59:59","2026-06-26 00:59:59","0.00000","0","0.00","0.00000"
"all-available","Asia/Taipei","BTCUSDT","BTC-260628-64000-C","2026-06-28","64000","CALL","1h","2026-06-25 17:00:00","2026-06-26 01:00:00","35.000","35.000","35.000","35.000","0.00","2026-06-25 17:59:59","2026-06-26 01:59:59","0.00000","0","0.00","0.00000"
"all-available","Asia/Taipei","BTCUSDT","BTC-260628-64000-C","2026-06-28","64000","CALL","1h","2026-06-25 18:00:00","2026-06-26 02:00:00","30.000","30.000","30.000","30.000","0.66","2026-06-25 18:59:59","2026-06-26 02:59:59","19.80000","3","0.66","19.80000"
"all-available","Asia/Taipei","BTCUSDT","BTC-260628-64000-C","2026-06-28","64000","CALL","1h","2026-06-25 19:00:00","2026-06-26 03:00:00","30.000","30.000","30.000","30.000","0.00","2026-06-25 19:59:59","2026-06-26 03:59:59","0.00000","0","0.00","0.00000"
"all-available","Asia/Taipei","BTCUSDT","BTC-260628-64000-C","2026-06-28","64000","CALL","1h","2026-06-25 20:00:00","2026-06-26 04:00:00","30.000","30.000","30.000","30.000","0.00","2026-06-25 20:59:59","2026-06-26 04:59:59","0.00000","0","0.00","0.00000"
"all-available","Asia/Taipei","BTCUSDT","BTC-260628-64000-C","2026-06-28","64000","CALL","1h","2026-06-25 21:00:00","2026-06-26 05:00:00","35.000","35.000","35.000","35.000","0.06","2026-06-25 21:59:59","2026-06-26 05:59:59","2.10000","1","0.00","0.00000"
"all-available","Asia/Taipei","BTCUSDT","BTC-260628-64000-C","2026-06-28","64000","CALL","1h","2026-06-25 22:00:00","2026-06-26 06:00:00","40.000","40.000","35.000","35.000","2.65","2026-06-25 22:59:59","2026-06-26 06:59:59","105.50000","10","0.00","0.00000"
"all-available","Asia/Taipei","BTCUSDT","BTC-260628-64000-C","2026-06-28","64000","CALL","1h","2026-06-25 23:00:00","2026-06-26 07:00:00","35.000","35.000","35.000","35.000","0.00","2026-06-25 23:59:59","2026-06-26 07:59:59","0.00000","0","0.00","0.00000"
"all-available","Asia/Taipei","BTCUSDT","BTC-260628-64000-C","2026-06-28","64000","CALL","1h","2026-06-26 00:00:00","2026-06-26 08:00:00","35.000","35.000","35.000","35.000","0.00","2026-06-26 00:59:59","2026-06-26 08:59:59","0.00000","0","0.00","0.00000"
"all-available","Asia/Taipei","BTCUSDT","BTC-260628-64000-C","2026-06-28","64000","CALL","1h","2026-06-26 01:00:00","2026-06-26 09:00:00","35.000","35.000","35.000","35.000","0.00","2026-06-26 01:59:59","2026-06-26 09:59:59","0.00000","0","0.00","0.00000"
"all-available","Asia/Taipei","BTCUSDT","BTC-260628-64000-C","2026-06-28","64000","CALL","1h","2026-06-26 02:00:00","2026-06-26 10:00:00","30.000","30.000","30.000","30.000","5.22","2026-06-26 02:59:59","2026-06-26 10:59:59","156.60000","2","0.00","0.00000"
"all-available","Asia/Taipei","BTCUSDT","BTC-260628-64000-C","2026-06-28","64000","CALL","1h","2026-06-26 03:00:00","2026-06-26 11:00:00","35.000","35.000","35.000","35.000","8.21","2026-06-26 03:59:59","2026-06-26 11:59:59","287.35000","5","7.92","277.20000"
"all-available","Asia/Taipei","BTCUSDT","BTC-260628-64000-C","2026-06-28","64000","CALL","1h","2026-06-26 04:00:00","2026-06-26 12:00:00","35.000","35.000","35.000","35.000","0.00","2026-06-26 04:59:59","2026-06-26 12:59:59","0.00000","0","0.00","0.00000"
"all-available","Asia/Taipei","BTCUSDT","BTC-260628-64000-C","2026-06-28","64000","CALL","1h","2026-06-26 05:00:00","2026-06-26 13:00:00","35.000","35.000","35.000","35.000","0.00","2026-06-26 05:59:59","2026-06-26 13:59:59","0.00000","0","0.00","0.00000"
"all-available","Asia/Taipei","BTCUSDT","BTC-260628-64000-C","2026-06-28","64000","CALL","1h","2026-06-26 06:00:00","2026-06-26 14:00:00","35.000","35.000","35.000","35.000","0.00","2026-06-26 06:59:59","2026-06-26 14:59:59","0.00000","0","0.00","0.00000"
"all-available","Asia/Taipei","BTCUSDT","BTC-260628-64000-C","2026-06-28","64000","CALL","1h","2026-06-26 07:00:00","2026-06-26 15:00:00","35.000","35.000","25.000","25.000","1.14","2026-06-26 07:59:59","2026-06-26 15:59:59","36.70000","4","0.82","28.70000"
"all-available","Asia/Taipei","BTCUSDT","BTC-260628-64000-C","2026-06-28","64000","CALL","1h","2026-06-26 08:00:00","2026-06-26 16:00:00","20.000","20.000","20.000","20.000","4.07","2026-06-26 08:59:59","2026-06-26 16:59:59","81.40000","23","0.09","1.80000"
"all-available","Asia/Taipei","BTCUSDT","BTC-260628-64000-C","2026-06-28","64000","CALL","1h","2026-06-26 09:00:00","2026-06-26 17:00:00","10.000","10.000","10.000","10.000","1.00","2026-06-26 09:59:59","2026-06-26 17:59:59","10.00000","4","0.00","0.00000"
"all-available","Asia/Taipei","BTCUSDT","BTC-260628-64000-C","2026-06-28","64000","CALL","1h","2026-06-26 10:00:00","2026-06-26 18:00:00","10.000","10.000","10.000","10.000","0.00","2026-06-26 10:59:59","2026-06-26 18:59:59","0.00000","0","0.00","0.00000"
"all-available","Asia/Taipei","BTCUSDT","BTC-260628-64000-C","2026-06-28","64000","CALL","1h","2026-06-26 11:00:00","2026-06-26 19:00:00","10.000","10.000","10.000","10.000","27.55","2026-06-26 11:59:59","2026-06-26 19:59:59","275.50000","6","27.55","275.50000"
"all-available","Asia/Taipei","BTCUSDT","BTC-260628-64000-C","2026-06-28","64000","CALL","1h","2026-06-26 12:00:00","2026-06-26 20:00:00","10.000","10.000","10.000","10.000","2.57","2026-06-26 12:59:59","2026-06-26 20:59:59","25.70000","2","0.00","0.00000"
"all-available","Asia/Taipei","BTCUSDT","BTC-260628-64000-C","2026-06-28","64000","CALL","1h","2026-06-26 13:00:00","2026-06-26 21:00:00","10.000","10.000","10.000","10.000","13.40","2026-06-26 13:59:59","2026-06-26 21:59:59","134.00000","3","5.19","51.90000"
"all-available","Asia/Taipei","BTCUSDT","BTC-260628-64000-C","2026-06-28","64000","CALL","1h","2026-06-26 14:00:00","2026-06-26 22:00:00","15.000","15.000","10.000","10.000","15.83","2026-06-26 14:59:59","2026-06-26 22:59:59","232.45000","9","15.83","232.45000"
"all-available","Asia/Taipei","BTCUSDT","BTC-260628-64000-C","2026-06-28","64000","CALL","1h","2026-06-26 15:00:00","2026-06-26 23:00:00","10.000","10.000","10.000","10.000","0.00","2026-06-26 15:59:59","2026-06-26 23:59:59","0.00000","0","0.00","0.00000"
"all-available","Asia/Taipei","BTCUSDT","BTC-260628-64000-C","2026-06-28","64000","CALL","1h","2026-06-26 16:00:00","2026-06-27 00:00:00","10.000","10.000","10.000","10.000","0.52","2026-06-26 16:59:59","2026-06-27 00:59:59","5.20000","2","0.00","0.00000"
"all-available","Asia/Taipei","BTCUSDT","BTC-260628-64000-C","2026-06-28","64000","CALL","1h","2026-06-26 17:00:00","2026-06-27 01:00:00","10.000","10.000","10.000","10.000","16.92","2026-06-26 17:59:59","2026-06-27 01:59:59","169.20000","7","16.92","169.20000"
"all-available","Asia/Taipei","BTCUSDT","BTC-260628-64000-C","2026-06-28","64000","CALL","1h","2026-06-26 18:00:00","2026-06-27 02:00:00","10.000","10.000","10.000","10.000","0.00","2026-06-26 18:59:59","2026-06-27 02:59:59","0.00000","0","0.00","0.00000"
"all-available","Asia/Taipei","BTCUSDT","BTC-260628-64000-C","2026-06-28","64000","CALL","1h","2026-06-26 19:00:00","2026-06-27 03:00:00","10.000","10.000","10.000","10.000","0.00","2026-06-26 19:59:59","2026-06-27 03:59:59","0.00000","0","0.00","0.00000"
"all-available","Asia/Taipei","BTCUSDT","BTC-260628-64000-C","2026-06-28","64000","CALL","1h","2026-06-26 20:00:00","2026-06-27 04:00:00","10.000","10.000","10.000","10.000","0.00","2026-06-26 20:59:59","2026-06-27 04:59:59","0.00000","0","0.00","0.00000"
"all-available","Asia/Taipei","BTCUSDT","BTC-260628-64000-C","2026-06-28","64000","CALL","1h","2026-06-26 21:00:00","2026-06-27 05:00:00","10.000","10.000","10.000","10.000","0.00","2026-06-26 21:59:59","2026-06-27 05:59:59","0.00000","0","0.00","0.00000"
"all-available","Asia/Taipei","BTCUSDT","BTC-260628-64000-C","2026-06-28","64000","CALL","1h","2026-06-26 22:00:00","2026-06-27 06:00:00","10.000","10.000","10.000","10.000","0.00","2026-06-26 22:59:59","2026-06-27 06:59:59","0.00000","0","0.00","0.00000"
"all-available","Asia/Taipei","BTCUSDT","BTC-260628-64000-C","2026-06-28","64000","CALL","1h","2026-06-26 23:00:00","2026-06-27 07:00:00","10.000","10.000","10.000","10.000","0.00","2026-06-26 23:59:59","2026-06-27 07:59:59","0.00000","0","0.00","0.00000"
"all-available","Asia/Taipei","BTCUSDT","BTC-260628-64000-C","2026-06-28","64000","CALL","1h","2026-06-27 00:00:00","2026-06-27 08:00:00","10.000","10.000","10.000","10.000","0.00","2026-06-27 00:59:59","2026-06-27 08:59:59","0.00000","0","0.00","0.00000"
"all-available","Asia/Taipei","BTCUSDT","BTC-260628-64000-C","2026-06-28","64000","CALL","1h","2026-06-27 01:00:00","2026-06-27 09:00:00","10.000","10.000","10.000","10.000","0.00","2026-06-27 01:59:59","2026-06-27 09:59:59","0.00000","0","0.00","0.00000"
"all-available","Asia/Taipei","BTCUSDT","BTC-260628-64000-C","2026-06-28","64000","CALL","1h","2026-06-27 02:00:00","2026-06-27 10:00:00","10.000","10.000","10.000","10.000","0.00","2026-06-27 02:59:59","2026-06-27 10:59:59","0.00000","0","0.00","0.00000"
"all-available","Asia/Taipei","BTCUSDT","BTC-260628-64000-C","2026-06-28","64000","CALL","1h","2026-06-27 03:00:00","2026-06-27 11:00:00","10.000","10.000","10.000","10.000","0.00","2026-06-27 03:59:59","2026-06-27 11:59:59","0.00000","0","0.00","0.00000"
"all-available","Asia/Taipei","BTCUSDT","BTC-260628-64000-C","2026-06-28","64000","CALL","1h","2026-06-27 04:00:00","2026-06-27 12:00:00","10.000","10.000","10.000","10.000","0.00","2026-06-27 04:59:59","2026-06-27 12:59:59","0.00000","0","0.00","0.00000"
"all-available","Asia/Taipei","BTCUSDT","BTC-260628-64000-C","2026-06-28","64000","CALL","1h","2026-06-27 05:00:00","2026-06-27 13:00:00","5.000","5.000","5.000","5.000","0.18","2026-06-27 05:59:59","2026-06-27 13:59:59","0.90000","1","0.18","0.90000"
"all-available","Asia/Taipei","BTCUSDT","BTC-260628-64000-C","2026-06-28","64000","CALL","1h","2026-06-27 06:00:00","2026-06-27 14:00:00","5.000","5.000","5.000","5.000","0.00","2026-06-27 06:59:59","2026-06-27 14:59:59","0.00000","0","0.00","0.00000"
"all-available","Asia/Taipei","BTCUSDT","BTC-260628-64000-C","2026-06-28","64000","CALL","1h","2026-06-27 07:00:00","2026-06-27 15:00:00","5.000","5.000","5.000","5.000","5.05","2026-06-27 07:59:59","2026-06-27 15:59:59","25.25000","7","5.05","25.25000"
"all-available","Asia/Taipei","BTCUSDT","BTC-260628-64000-C","2026-06-28","64000","CALL","1h","2026-06-27 08:00:00","2026-06-27 16:00:00","5.000","5.000","5.000","5.000","0.00","2026-06-27 08:59:59","2026-06-27 16:59:59","0.00000","0","0.00","0.00000"
"all-available","Asia/Taipei","BTCUSDT","BTC-260628-64000-C","2026-06-28","64000","CALL","1h","2026-06-27 09:00:00","2026-06-27 17:00:00","5.000","5.000","5.000","5.000","0.00","2026-06-27 09:59:59","2026-06-27 17:59:59","0.00000","0","0.00","0.00000"
"all-available","Asia/Taipei","BTCUSDT","BTC-260628-64000-C","2026-06-28","64000","CALL","1h","2026-06-27 10:00:00","2026-06-27 18:00:00","5.000","5.000","5.000","5.000","0.00","2026-06-27 10:59:59","2026-06-27 18:59:59","0.00000","0","0.00","0.00000"
"all-available","Asia/Taipei","BTCUSDT","BTC-260628-64000-C","2026-06-28","64000","CALL","1h","2026-06-27 11:00:00","2026-06-27 19:00:00","5.000","5.000","5.000","5.000","0.00","2026-06-27 11:59:59","2026-06-27 19:59:59","0.00000","0","0.00","0.00000"
"all-available","Asia/Taipei","BTCUSDT","BTC-260628-64000-C","2026-06-28","64000","CALL","1h","2026-06-27 12:00:00","2026-06-27 20:00:00","5.000","5.000","5.000","5.000","0.00","2026-06-27 12:59:59","2026-06-27 20:59:59","0.00000","0","0.00","0.00000"
"all-available","Asia/Taipei","BTCUSDT","BTC-260628-64000-C","2026-06-28","64000","CALL","1h","2026-06-27 13:00:00","2026-06-27 21:00:00","5.000","5.000","5.000","5.000","0.00","2026-06-27 13:59:59","2026-06-27 21:59:59","0.00000","0","0.00","0.00000"
"all-available","Asia/Taipei","BTCUSDT","BTC-260628-64000-C","2026-06-28","64000","CALL","1h","2026-06-27 14:00:00","2026-06-27 22:00:00","5.000","5.000","5.000","5.000","0.00","2026-06-27 14:59:59","2026-06-27 22:59:59","0.00000","0","0.00","0.00000"
"all-available","Asia/Taipei","BTCUSDT","BTC-260628-64000-C","2026-06-28","64000","CALL","1h","2026-06-27 15:00:00","2026-06-27 23:00:00","5.000","5.000","5.000","5.000","0.00","2026-06-27 15:59:59","2026-06-27 23:59:59","0.00000","0","0.00","0.00000"
"all-available","Asia/Taipei","BTCUSDT","BTC-260628-64000-C","2026-06-28","64000","CALL","1h","2026-06-27 16:00:00","2026-06-28 00:00:00","5.000","5.000","5.000","5.000","0.00","2026-06-27 16:59:59","2026-06-28 00:59:59","0.00000","0","0.00","0.00000"
"all-available","Asia/Taipei","BTCUSDT","BTC-260628-64000-C","2026-06-28","64000","CALL","1h","2026-06-27 17:00:00","2026-06-28 01:00:00","5.000","5.000","5.000","5.000","0.00","2026-06-27 17:59:59","2026-06-28 01:59:59","0.00000","0","0.00","0.00000"
"all-available","Asia/Taipei","BTCUSDT","BTC-260628-64000-C","2026-06-28","64000","CALL","1h","2026-06-27 18:00:00","2026-06-28 02:00:00","5.000","5.000","5.000","5.000","0.00","2026-06-27 18:59:59","2026-06-28 02:59:59","0.00000","0","0.00","0.00000"
"all-available","Asia/Taipei","BTCUSDT","BTC-260628-64000-C","2026-06-28","64000","CALL","1h","2026-06-27 19:00:00","2026-06-28 03:00:00","5.000","5.000","5.000","5.000","0.00","2026-06-27 19:59:59","2026-06-28 03:59:59","0.00000","0","0.00","0.00000"
"all-available","Asia/Taipei","BTCUSDT","BTC-260628-64000-C","2026-06-28","64000","CALL","1h","2026-06-27 20:00:00","2026-06-28 04:00:00","5.000","5.000","5.000","5.000","0.00","2026-06-27 20:59:59","2026-06-28 04:59:59","0.00000","0","0.00","0.00000"
"all-available","Asia/Taipei","BTCUSDT","BTC-260628-64000-C","2026-06-28","64000","CALL","1h","2026-06-27 21:00:00","2026-06-28 05:00:00","5.000","5.000","5.000","5.000","0.00","2026-06-27 21:59:59","2026-06-28 05:59:59","0.00000","0","0.00","0.00000"
"all-available","Asia/Taipei","BTCUSDT","BTC-260628-64000-C","2026-06-28","64000","CALL","1h","2026-06-27 22:00:00","2026-06-28 06:00:00","5.000","5.000","5.000","5.000","0.00","2026-06-27 22:59:59","2026-06-28 06:59:59","0.00000","0","0.00","0.00000"
"all-available","Asia/Taipei","BTCUSDT","BTC-260628-64000-C","2026-06-28","64000","CALL","1h","2026-06-27 23:00:00","2026-06-28 07:00:00","5.000","5.000","5.000","5.000","0.00","2026-06-27 23:59:59","2026-06-28 07:59:59","0.00000","0","0.00","0.00000"
"all-available","Asia/Taipei","BTCUSDT","BTC-260628-64000-C","2026-06-28","64000","CALL","1h","2026-06-28 00:00:00","2026-06-28 08:00:00","5.000","5.000","5.000","5.000","0.00","2026-06-28 00:59:59","2026-06-28 08:59:59","0.00000","0","0.00","0.00000"
"all-available","Asia/Taipei","BTCUSDT","BTC-260628-64000-C","2026-06-28","64000","CALL","1h","2026-06-28 01:00:00","2026-06-28 09:00:00","5.000","5.000","5.000","5.000","0.00","2026-06-28 01:59:59","2026-06-28 09:59:59","0.00000","0","0.00","0.00000"
"all-available","Asia/Taipei","BTCUSDT","BTC-260628-64000-C","2026-06-28","64000","CALL","1h","2026-06-28 02:00:00","2026-06-28 10:00:00","5.000","5.000","5.000","5.000","0.00","2026-06-28 02:59:59","2026-06-28 10:59:59","0.00000","0","0.00","0.00000"
"all-available","Asia/Taipei","BTCUSDT","BTC-260628-64000-C","2026-06-28","64000","CALL","1h","2026-06-28 03:00:00","2026-06-28 11:00:00","5.000","5.000","5.000","5.000","0.00","2026-06-28 03:59:59","2026-06-28 11:59:59","0.00000","0","0.00","0.00000"
"all-available","Asia/Taipei","BTCUSDT","BTC-260628-64000-C","2026-06-28","64000","CALL","1h","2026-06-28 04:00:00","2026-06-28 12:00:00","5.000","5.000","5.000","5.000","0.00","2026-06-28 04:59:59","2026-06-28 12:59:59","0.00000","0","0.00","0.00000"
"all-available","Asia/Taipei","BTCUSDT","BTC-260628-64000-C","2026-06-28","64000","CALL","1h","2026-06-28 05:00:00","2026-06-28 13:00:00","5.000","5.000","5.000","5.000","0.00","2026-06-28 05:59:59","2026-06-28 13:59:59","0.00000","0","0.00","0.00000"
"all-available","Asia/Taipei","BTCUSDT","BTC-260628-64000-C","2026-06-28","64000","CALL","1h","2026-06-28 06:00:00","2026-06-28 14:00:00","5.000","5.000","5.000","5.000","0.00","2026-06-28 06:59:59","2026-06-28 14:59:59","0.00000","0","0.00","0.00000"
"all-available","Asia/Taipei","BTCUSDT","BTC-260628-64000-C","2026-06-28","64000","CALL","1h","2026-06-28 07:00:00","2026-06-28 15:00:00","5.000","5.000","5.000","5.000","0.00","2026-06-28 07:59:59","2026-06-28 15:59:59","0.00000","0","0.00","0.00000"
"all-available","Asia/Taipei","BTCUSDT","BTC-260628-65000-C","2026-06-28","65000","CALL","1h","2026-06-25 12:00:00","2026-06-25 20:00:00","45.000","50.000","45.000","50.000","9.87","2026-06-25 12:59:59","2026-06-25 20:59:59","486.10000","12","4.39","219.50000"
"all-available","Asia/Taipei","BTCUSDT","BTC-260628-65000-C","2026-06-28","65000","CALL","1h","2026-06-25 13:00:00","2026-06-25 21:00:00","40.000","40.000","20.000","20.000","5.73","2026-06-25 13:59:59","2026-06-25 21:59:59","210.70000","12","3.43","118.70000"
"all-available","Asia/Taipei","BTCUSDT","BTC-260628-65000-C","2026-06-28","65000","CALL","1h","2026-06-25 14:00:00","2026-06-25 22:00:00","25.000","30.000","25.000","30.000","0.30","2026-06-25 14:59:59","2026-06-25 22:59:59","8.05000","4","0.30","8.05000"
"all-available","Asia/Taipei","BTCUSDT","BTC-260628-65000-C","2026-06-28","65000","CALL","1h","2026-06-25 15:00:00","2026-06-25 23:00:00","20.000","25.000","20.000","25.000","4.24","2026-06-25 15:59:59","2026-06-25 23:59:59","105.85000","5","0.00","0.00000"
"all-available","Asia/Taipei","BTCUSDT","BTC-260628-65000-C","2026-06-28","65000","CALL","1h","2026-06-25 16:00:00","2026-06-26 00:00:00","25.000","25.000","25.000","25.000","10.20","2026-06-25 16:59:59","2026-06-26 00:59:59","255.00000","3","10.20","255.00000"
"all-available","Asia/Taipei","BTCUSDT","BTC-260628-65000-C","2026-06-28","65000","CALL","1h","2026-06-25 17:00:00","2026-06-26 01:00:00","25.000","25.000","25.000","25.000","0.00","2026-06-25 17:59:59","2026-06-26 01:59:59","0.00000","0","0.00","0.00000"
"all-available","Asia/Taipei","BTCUSDT","BTC-260628-65000-C","2026-06-28","65000","CALL","1h","2026-06-25 18:00:00","2026-06-26 02:00:00","25.000","25.000","25.000","25.000","0.00","2026-06-25 18:59:59","2026-06-26 02:59:59","0.00000","0","0.00","0.00000"
"all-available","Asia/Taipei","BTCUSDT","BTC-260628-65000-C","2026-06-28","65000","CALL","1h","2026-06-25 19:00:00","2026-06-26 03:00:00","25.000","25.000","25.000","25.000","0.00","2026-06-25 19:59:59","2026-06-26 03:59:59","0.00000","0","0.00","0.00000"
"all-available","Asia/Taipei","BTCUSDT","BTC-260628-65000-C","2026-06-28","65000","CALL","1h","2026-06-25 20:00:00","2026-06-26 04:00:00","25.000","25.000","25.000","25.000","0.00","2026-06-25 20:59:59","2026-06-26 04:59:59","0.00000","0","0.00","0.00000"
"all-available","Asia/Taipei","BTCUSDT","BTC-260628-65000-C","2026-06-28","65000","CALL","1h","2026-06-25 21:00:00","2026-06-26 05:00:00","25.000","25.000","25.000","25.000","0.54","2026-06-25 21:59:59","2026-06-26 05:59:59","13.50000","1","0.00","0.00000"
"all-available","Asia/Taipei","BTCUSDT","BTC-260628-65000-C","2026-06-28","65000","CALL","1h","2026-06-25 22:00:00","2026-06-26 06:00:00","25.000","25.000","25.000","25.000","0.00","2026-06-25 22:59:59","2026-06-26 06:59:59","0.00000","0","0.00","0.00000"
"all-available","Asia/Taipei","BTCUSDT","BTC-260628-65000-C","2026-06-28","65000","CALL","1h","2026-06-25 23:00:00","2026-06-26 07:00:00","25.000","25.000","25.000","25.000","0.01","2026-06-25 23:59:59","2026-06-26 07:59:59","0.25000","1","0.00","0.00000"
"all-available","Asia/Taipei","BTCUSDT","BTC-260628-65000-C","2026-06-28","65000","CALL","1h","2026-06-26 00:00:00","2026-06-26 08:00:00","25.000","25.000","25.000","25.000","0.00","2026-06-26 00:59:59","2026-06-26 08:59:59","0.00000","0","0.00","0.00000"
"all-available","Asia/Taipei","BTCUSDT","BTC-260628-65000-C","2026-06-28","65000","CALL","1h","2026-06-26 01:00:00","2026-06-26 09:00:00","25.000","25.000","25.000","25.000","0.00","2026-06-26 01:59:59","2026-06-26 09:59:59","0.00000","0","0.00","0.00000"
"all-available","Asia/Taipei","BTCUSDT","BTC-260628-65000-C","2026-06-28","65000","CALL","1h","2026-06-26 02:00:00","2026-06-26 10:00:00","20.000","20.000","15.000","20.000","6.18","2026-06-26 02:59:59","2026-06-26 10:59:59","109.35000","8","0.00","0.00000"
"all-available","Asia/Taipei","BTCUSDT","BTC-260628-65000-C","2026-06-28","65000","CALL","1h","2026-06-26 03:00:00","2026-06-26 11:00:00","25.000","25.000","20.000","20.000","8.50","2026-06-26 03:59:59","2026-06-26 11:59:59","200.10000","13","0.00","0.00000"
"all-available","Asia/Taipei","BTCUSDT","BTC-260628-65000-C","2026-06-28","65000","CALL","1h","2026-06-26 04:00:00","2026-06-26 12:00:00","20.000","20.000","20.000","20.000","0.00","2026-06-26 04:59:59","2026-06-26 12:59:59","0.00000","0","0.00","0.00000"
"all-available","Asia/Taipei","BTCUSDT","BTC-260628-65000-C","2026-06-28","65000","CALL","1h","2026-06-26 05:00:00","2026-06-26 13:00:00","20.000","20.000","20.000","20.000","0.00","2026-06-26 05:59:59","2026-06-26 13:59:59","0.00000","0","0.00","0.00000"
"all-available","Asia/Taipei","BTCUSDT","BTC-260628-65000-C","2026-06-28","65000","CALL","1h","2026-06-26 06:00:00","2026-06-26 14:00:00","30.000","30.000","25.000","30.000","1.76","2026-06-26 06:59:59","2026-06-26 14:59:59","52.10000","7","0.76","22.80000"
"all-available","Asia/Taipei","BTCUSDT","BTC-260628-65000-C","2026-06-28","65000","CALL","1h","2026-06-26 07:00:00","2026-06-26 15:00:00","25.000","25.000","15.000","15.000","9.25","2026-06-26 07:59:59","2026-06-26 15:59:59","226.35000","7","0.00","0.00000"
"all-available","Asia/Taipei","BTCUSDT","BTC-260628-65000-C","2026-06-28","65000","CALL","1h","2026-06-26 08:00:00","2026-06-26 16:00:00","10.000","10.000","10.000","10.000","5.91","2026-06-26 08:59:59","2026-06-26 16:59:59","59.10000","5","5.65","56.50000"
"all-available","Asia/Taipei","BTCUSDT","BTC-260628-65000-C","2026-06-28","65000","CALL","1h","2026-06-26 09:00:00","2026-06-26 17:00:00","10.000","10.000","10.000","10.000","0.00","2026-06-26 09:59:59","2026-06-26 17:59:59","0.00000","0","0.00","0.00000"
"all-available","Asia/Taipei","BTCUSDT","BTC-260628-65000-C","2026-06-28","65000","CALL","1h","2026-06-26 10:00:00","2026-06-26 18:00:00","10.000","10.000","10.000","10.000","0.00","2026-06-26 10:59:59","2026-06-26 18:59:59","0.00000","0","0.00","0.00000"
"all-available","Asia/Taipei","BTCUSDT","BTC-260628-65000-C","2026-06-28","65000","CALL","1h","2026-06-26 11:00:00","2026-06-26 19:00:00","10.000","10.000","10.000","10.000","0.00","2026-06-26 11:59:59","2026-06-26 19:59:59","0.00000","0","0.00","0.00000"
"all-available","Asia/Taipei","BTCUSDT","BTC-260628-65000-C","2026-06-28","65000","CALL","1h","2026-06-26 12:00:00","2026-06-26 20:00:00","10.000","10.000","10.000","10.000","10.34","2026-06-26 12:59:59","2026-06-26 20:59:59","103.40000","7","10.34","103.40000"
"all-available","Asia/Taipei","BTCUSDT","BTC-260628-65000-C","2026-06-28","65000","CALL","1h","2026-06-26 13:00:00","2026-06-26 21:00:00","10.000","10.000","10.000","10.000","0.00","2026-06-26 13:59:59","2026-06-26 21:59:59","0.00000","0","0.00","0.00000"
"all-available","Asia/Taipei","BTCUSDT","BTC-260628-65000-C","2026-06-28","65000","CALL","1h","2026-06-26 14:00:00","2026-06-26 22:00:00","10.000","10.000","10.000","10.000","0.00","2026-06-26 14:59:59","2026-06-26 22:59:59","0.00000","0","0.00","0.00000"
"all-available","Asia/Taipei","BTCUSDT","BTC-260628-65000-C","2026-06-28","65000","CALL","1h","2026-06-26 15:00:00","2026-06-26 23:00:00","10.000","10.000","10.000","10.000","0.00","2026-06-26 15:59:59","2026-06-26 23:59:59","0.00000","0","0.00","0.00000"
"all-available","Asia/Taipei","BTCUSDT","BTC-260628-65000-C","2026-06-28","65000","CALL","1h","2026-06-26 16:00:00","2026-06-27 00:00:00","10.000","10.000","10.000","10.000","0.00","2026-06-26 16:59:59","2026-06-27 00:59:59","0.00000","0","0.00","0.00000"
"all-available","Asia/Taipei","BTCUSDT","BTC-260628-65000-C","2026-06-28","65000","CALL","1h","2026-06-26 17:00:00","2026-06-27 01:00:00","10.000","10.000","10.000","10.000","0.00","2026-06-26 17:59:59","2026-06-27 01:59:59","0.00000","0","0.00","0.00000"
"all-available","Asia/Taipei","BTCUSDT","BTC-260628-65000-C","2026-06-28","65000","CALL","1h","2026-06-26 18:00:00","2026-06-27 02:00:00","10.000","10.000","10.000","10.000","0.00","2026-06-26 18:59:59","2026-06-27 02:59:59","0.00000","0","0.00","0.00000"
"all-available","Asia/Taipei","BTCUSDT","BTC-260628-65000-C","2026-06-28","65000","CALL","1h","2026-06-26 19:00:00","2026-06-27 03:00:00","10.000","10.000","10.000","10.000","0.00","2026-06-26 19:59:59","2026-06-27 03:59:59","0.00000","0","0.00","0.00000"
"all-available","Asia/Taipei","BTCUSDT","BTC-260628-65000-C","2026-06-28","65000","CALL","1h","2026-06-26 20:00:00","2026-06-27 04:00:00","10.000","10.000","10.000","10.000","0.00","2026-06-26 20:59:59","2026-06-27 04:59:59","0.00000","0","0.00","0.00000"
"all-available","Asia/Taipei","BTCUSDT","BTC-260628-65000-C","2026-06-28","65000","CALL","1h","2026-06-26 21:00:00","2026-06-27 05:00:00","10.000","10.000","10.000","10.000","0.00","2026-06-26 21:59:59","2026-06-27 05:59:59","0.00000","0","0.00","0.00000"
"all-available","Asia/Taipei","BTCUSDT","BTC-260628-65000-C","2026-06-28","65000","CALL","1h","2026-06-26 22:00:00","2026-06-27 06:00:00","10.000","10.000","10.000","10.000","0.00","2026-06-26 22:59:59","2026-06-27 06:59:59","0.00000","0","0.00","0.00000"
"all-available","Asia/Taipei","BTCUSDT","BTC-260628-65000-C","2026-06-28","65000","CALL","1h","2026-06-26 23:00:00","2026-06-27 07:00:00","10.000","10.000","10.000","10.000","0.00","2026-06-26 23:59:59","2026-06-27 07:59:59","0.00000","0","0.00","0.00000"
"all-available","Asia/Taipei","BTCUSDT","BTC-260628-65000-C","2026-06-28","65000","CALL","1h","2026-06-27 00:00:00","2026-06-27 08:00:00","10.000","10.000","10.000","10.000","0.00","2026-06-27 00:59:59","2026-06-27 08:59:59","0.00000","0","0.00","0.00000"
"all-available","Asia/Taipei","BTCUSDT","BTC-260628-65000-C","2026-06-28","65000","CALL","1h","2026-06-27 01:00:00","2026-06-27 09:00:00","10.000","10.000","10.000","10.000","0.00","2026-06-27 01:59:59","2026-06-27 09:59:59","0.00000","0","0.00","0.00000"
"all-available","Asia/Taipei","BTCUSDT","BTC-260628-65000-C","2026-06-28","65000","CALL","1h","2026-06-27 02:00:00","2026-06-27 10:00:00","10.000","10.000","10.000","10.000","0.00","2026-06-27 02:59:59","2026-06-27 10:59:59","0.00000","0","0.00","0.00000"
"all-available","Asia/Taipei","BTCUSDT","BTC-260628-65000-C","2026-06-28","65000","CALL","1h","2026-06-27 03:00:00","2026-06-27 11:00:00","10.000","10.000","10.000","10.000","0.00","2026-06-27 03:59:59","2026-06-27 11:59:59","0.00000","0","0.00","0.00000"
"all-available","Asia/Taipei","BTCUSDT","BTC-260628-65000-C","2026-06-28","65000","CALL","1h","2026-06-27 04:00:00","2026-06-27 12:00:00","10.000","10.000","10.000","10.000","0.00","2026-06-27 04:59:59","2026-06-27 12:59:59","0.00000","0","0.00","0.00000"
"all-available","Asia/Taipei","BTCUSDT","BTC-260628-65000-C","2026-06-28","65000","CALL","1h","2026-06-27 05:00:00","2026-06-27 13:00:00","10.000","10.000","10.000","10.000","0.00","2026-06-27 05:59:59","2026-06-27 13:59:59","0.00000","0","0.00","0.00000"
"all-available","Asia/Taipei","BTCUSDT","BTC-260628-65000-C","2026-06-28","65000","CALL","1h","2026-06-27 06:00:00","2026-06-27 14:00:00","10.000","10.000","10.000","10.000","0.00","2026-06-27 06:59:59","2026-06-27 14:59:59","0.00000","0","0.00","0.00000"
"all-available","Asia/Taipei","BTCUSDT","BTC-260628-65000-C","2026-06-28","65000","CALL","1h","2026-06-27 07:00:00","2026-06-27 15:00:00","10.000","10.000","10.000","10.000","0.00","2026-06-27 07:59:59","2026-06-27 15:59:59","0.00000","0","0.00","0.00000"
"all-available","Asia/Taipei","BTCUSDT","BTC-260628-65000-C","2026-06-28","65000","CALL","1h","2026-06-27 08:00:00","2026-06-27 16:00:00","10.000","10.000","10.000","10.000","0.00","2026-06-27 08:59:59","2026-06-27 16:59:59","0.00000","0","0.00","0.00000"
"all-available","Asia/Taipei","BTCUSDT","BTC-260628-65000-C","2026-06-28","65000","CALL","1h","2026-06-27 09:00:00","2026-06-27 17:00:00","10.000","10.000","10.000","10.000","0.00","2026-06-27 09:59:59","2026-06-27 17:59:59","0.00000","0","0.00","0.00000"
"all-available","Asia/Taipei","BTCUSDT","BTC-260628-65000-C","2026-06-28","65000","CALL","1h","2026-06-27 10:00:00","2026-06-27 18:00:00","10.000","10.000","10.000","10.000","0.00","2026-06-27 10:59:59","2026-06-27 18:59:59","0.00000","0","0.00","0.00000"
"all-available","Asia/Taipei","BTCUSDT","BTC-260628-65000-C","2026-06-28","65000","CALL","1h","2026-06-27 11:00:00","2026-06-27 19:00:00","10.000","10.000","10.000","10.000","0.00","2026-06-27 11:59:59","2026-06-27 19:59:59","0.00000","0","0.00","0.00000"
"all-available","Asia/Taipei","BTCUSDT","BTC-260628-65000-C","2026-06-28","65000","CALL","1h","2026-06-27 12:00:00","2026-06-27 20:00:00","10.000","10.000","10.000","10.000","0.00","2026-06-27 12:59:59","2026-06-27 20:59:59","0.00000","0","0.00","0.00000"
"all-available","Asia/Taipei","BTCUSDT","BTC-260628-65000-C","2026-06-28","65000","CALL","1h","2026-06-27 13:00:00","2026-06-27 21:00:00","10.000","10.000","10.000","10.000","0.00","2026-06-27 13:59:59","2026-06-27 21:59:59","0.00000","0","0.00","0.00000"
"all-available","Asia/Taipei","BTCUSDT","BTC-260628-65000-C","2026-06-28","65000","CALL","1h","2026-06-27 14:00:00","2026-06-27 22:00:00","10.000","10.000","10.000","10.000","0.00","2026-06-27 14:59:59","2026-06-27 22:59:59","0.00000","0","0.00","0.00000"
"all-available","Asia/Taipei","BTCUSDT","BTC-260628-65000-C","2026-06-28","65000","CALL","1h","2026-06-27 15:00:00","2026-06-27 23:00:00","10.000","10.000","10.000","10.000","0.00","2026-06-27 15:59:59","2026-06-27 23:59:59","0.00000","0","0.00","0.00000"
"all-available","Asia/Taipei","BTCUSDT","BTC-260628-65000-C","2026-06-28","65000","CALL","1h","2026-06-27 16:00:00","2026-06-28 00:00:00","10.000","10.000","10.000","10.000","0.00","2026-06-27 16:59:59","2026-06-28 00:59:59","0.00000","0","0.00","0.00000"
"all-available","Asia/Taipei","BTCUSDT","BTC-260628-65000-C","2026-06-28","65000","CALL","1h","2026-06-27 17:00:00","2026-06-28 01:00:00","10.000","10.000","10.000","10.000","0.00","2026-06-27 17:59:59","2026-06-28 01:59:59","0.00000","0","0.00","0.00000"
"all-available","Asia/Taipei","BTCUSDT","BTC-260628-65000-C","2026-06-28","65000","CALL","1h","2026-06-27 18:00:00","2026-06-28 02:00:00","10.000","10.000","10.000","10.000","0.00","2026-06-27 18:59:59","2026-06-28 02:59:59","0.00000","0","0.00","0.00000"
"all-available","Asia/Taipei","BTCUSDT","BTC-260628-65000-C","2026-06-28","65000","CALL","1h","2026-06-27 19:00:00","2026-06-28 03:00:00","10.000","10.000","10.000","10.000","0.00","2026-06-27 19:59:59","2026-06-28 03:59:59","0.00000","0","0.00","0.00000"
"all-available","Asia/Taipei","BTCUSDT","BTC-260628-65000-C","2026-06-28","65000","CALL","1h","2026-06-27 20:00:00","2026-06-28 04:00:00","10.000","10.000","10.000","10.000","0.00","2026-06-27 20:59:59","2026-06-28 04:59:59","0.00000","0","0.00","0.00000"
"all-available","Asia/Taipei","BTCUSDT","BTC-260628-65000-C","2026-06-28","65000","CALL","1h","2026-06-27 21:00:00","2026-06-28 05:00:00","10.000","10.000","10.000","10.000","0.00","2026-06-27 21:59:59","2026-06-28 05:59:59","0.00000","0","0.00","0.00000"
"all-available","Asia/Taipei","BTCUSDT","BTC-260628-65000-C","2026-06-28","65000","CALL","1h","2026-06-27 22:00:00","2026-06-28 06:00:00","10.000","10.000","10.000","10.000","0.00","2026-06-27 22:59:59","2026-06-28 06:59:59","0.00000","0","0.00","0.00000"
"all-available","Asia/Taipei","BTCUSDT","BTC-260628-65000-C","2026-06-28","65000","CALL","1h","2026-06-27 23:00:00","2026-06-28 07:00:00","10.000","10.000","10.000","10.000","0.00","2026-06-27 23:59:59","2026-06-28 07:59:59","0.00000","0","0.00","0.00000"
"all-available","Asia/Taipei","BTCUSDT","BTC-260628-65000-C","2026-06-28","65000","CALL","1h","2026-06-28 00:00:00","2026-06-28 08:00:00","10.000","10.000","10.000","10.000","0.00","2026-06-28 00:59:59","2026-06-28 08:59:59","0.00000","0","0.00","0.00000"
"all-available","Asia/Taipei","BTCUSDT","BTC-260628-65000-C","2026-06-28","65000","CALL","1h","2026-06-28 01:00:00","2026-06-28 09:00:00","10.000","10.000","10.000","10.000","0.00","2026-06-28 01:59:59","2026-06-28 09:59:59","0.00000","0","0.00","0.00000"
"all-available","Asia/Taipei","BTCUSDT","BTC-260628-65000-C","2026-06-28","65000","CALL","1h","2026-06-28 02:00:00","2026-06-28 10:00:00","10.000","10.000","10.000","10.000","0.00","2026-06-28 02:59:59","2026-06-28 10:59:59","0.00000","0","0.00","0.00000"
"all-available","Asia/Taipei","BTCUSDT","BTC-260628-65000-C","2026-06-28","65000","CALL","1h","2026-06-28 03:00:00","2026-06-28 11:00:00","10.000","10.000","10.000","10.000","0.00","2026-06-28 03:59:59","2026-06-28 11:59:59","0.00000","0","0.00","0.00000"
"all-available","Asia/Taipei","BTCUSDT","BTC-260628-65000-C","2026-06-28","65000","CALL","1h","2026-06-28 04:00:00","2026-06-28 12:00:00","10.000","10.000","10.000","10.000","0.00","2026-06-28 04:59:59","2026-06-28 12:59:59","0.00000","0","0.00","0.00000"
"all-available","Asia/Taipei","BTCUSDT","BTC-260628-65000-C","2026-06-28","65000","CALL","1h","2026-06-28 05:00:00","2026-06-28 13:00:00","10.000","10.000","10.000","10.000","0.00","2026-06-28 05:59:59","2026-06-28 13:59:59","0.00000","0","0.00","0.00000"
"all-available","Asia/Taipei","BTCUSDT","BTC-260628-65000-C","2026-06-28","65000","CALL","1h","2026-06-28 06:00:00","2026-06-28 14:00:00","10.000","10.000","10.000","10.000","0.00","2026-06-28 06:59:59","2026-06-28 14:59:59","0.00000","0","0.00","0.00000"
"all-available","Asia/Taipei","BTCUSDT","BTC-260628-65000-C","2026-06-28","65000","CALL","1h","2026-06-28 07:00:00","2026-06-28 15:00:00","10.000","10.000","10.000","10.000","93.00","2026-06-28 07:59:59","2026-06-28 15:59:59","930.00000","1","93.00","930.00000"
"all-available","Asia/Taipei","BTCUSDT","BTC-260628-65000-P","2026-06-28","65000","PUT","1h","2026-06-26 18:00:00","2026-06-27 02:00:00","5000.000","5000.000","5000.000","5000.000","0.01","2026-06-26 18:59:59","2026-06-27 02:59:59","50.00000","1","0.01","50.00000"
"all-available","Asia/Taipei","BTCUSDT","BTC-260628-65000-P","2026-06-28","65000","PUT","1h","2026-06-26 19:00:00","2026-06-27 03:00:00","5000.000","5000.000","5000.000","5000.000","0.00","2026-06-26 19:59:59","2026-06-27 03:59:59","0.00000","0","0.00","0.00000"
"all-available","Asia/Taipei","BTCUSDT","BTC-260628-65000-P","2026-06-28","65000","PUT","1h","2026-06-26 20:00:00","2026-06-27 04:00:00","5000.000","5000.000","5000.000","5000.000","0.00","2026-06-26 20:59:59","2026-06-27 04:59:59","0.00000","0","0.00","0.00000"
"all-available","Asia/Taipei","BTCUSDT","BTC-260628-65000-P","2026-06-28","65000","PUT","1h","2026-06-26 21:00:00","2026-06-27 05:00:00","5000.000","5000.000","5000.000","5000.000","0.00","2026-06-26 21:59:59","2026-06-27 05:59:59","0.00000","0","0.00","0.00000"
"all-available","Asia/Taipei","BTCUSDT","BTC-260628-65000-P","2026-06-28","65000","PUT","1h","2026-06-26 22:00:00","2026-06-27 06:00:00","5000.000","5000.000","5000.000","5000.000","0.00","2026-06-26 22:59:59","2026-06-27 06:59:59","0.00000","0","0.00","0.00000"
"all-available","Asia/Taipei","BTCUSDT","BTC-260628-65000-P","2026-06-28","65000","PUT","1h","2026-06-26 23:00:00","2026-06-27 07:00:00","5000.000","5000.000","5000.000","5000.000","0.00","2026-06-26 23:59:59","2026-06-27 07:59:59","0.00000","0","0.00","0.00000"
"all-available","Asia/Taipei","BTCUSDT","BTC-260628-65000-P","2026-06-28","65000","PUT","1h","2026-06-27 00:00:00","2026-06-27 08:00:00","5000.000","5000.000","5000.000","5000.000","0.00","2026-06-27 00:59:59","2026-06-27 08:59:59","0.00000","0","0.00","0.00000"
"all-available","Asia/Taipei","BTCUSDT","BTC-260628-65000-P","2026-06-28","65000","PUT","1h","2026-06-27 01:00:00","2026-06-27 09:00:00","5000.000","5000.000","5000.000","5000.000","0.00","2026-06-27 01:59:59","2026-06-27 09:59:59","0.00000","0","0.00","0.00000"
"all-available","Asia/Taipei","BTCUSDT","BTC-260628-65000-P","2026-06-28","65000","PUT","1h","2026-06-27 02:00:00","2026-06-27 10:00:00","5000.000","5000.000","5000.000","5000.000","0.00","2026-06-27 02:59:59","2026-06-27 10:59:59","0.00000","0","0.00","0.00000"
"all-available","Asia/Taipei","BTCUSDT","BTC-260628-65000-P","2026-06-28","65000","PUT","1h","2026-06-27 03:00:00","2026-06-27 11:00:00","5000.000","5000.000","5000.000","5000.000","0.00","2026-06-27 03:59:59","2026-06-27 11:59:59","0.00000","0","0.00","0.00000"
"all-available","Asia/Taipei","BTCUSDT","BTC-260628-65000-P","2026-06-28","65000","PUT","1h","2026-06-27 04:00:00","2026-06-27 12:00:00","5000.000","5000.000","5000.000","5000.000","0.00","2026-06-27 04:59:59","2026-06-27 12:59:59","0.00000","0","0.00","0.00000"
"all-available","Asia/Taipei","BTCUSDT","BTC-260628-65000-P","2026-06-28","65000","PUT","1h","2026-06-27 05:00:00","2026-06-27 13:00:00","5000.000","5000.000","5000.000","5000.000","0.00","2026-06-27 05:59:59","2026-06-27 13:59:59","0.00000","0","0.00","0.00000"
"all-available","Asia/Taipei","BTCUSDT","BTC-260628-65000-P","2026-06-28","65000","PUT","1h","2026-06-27 06:00:00","2026-06-27 14:00:00","5000.000","5000.000","5000.000","5000.000","0.00","2026-06-27 06:59:59","2026-06-27 14:59:59","0.00000","0","0.00","0.00000"
"all-available","Asia/Taipei","BTCUSDT","BTC-260628-65000-P","2026-06-28","65000","PUT","1h","2026-06-27 07:00:00","2026-06-27 15:00:00","5000.000","5000.000","5000.000","5000.000","0.00","2026-06-27 07:59:59","2026-06-27 15:59:59","0.00000","0","0.00","0.00000"
"all-available","Asia/Taipei","BTCUSDT","BTC-260628-65000-P","2026-06-28","65000","PUT","1h","2026-06-27 08:00:00","2026-06-27 16:00:00","5000.000","5000.000","5000.000","5000.000","0.00","2026-06-27 08:59:59","2026-06-27 16:59:59","0.00000","0","0.00","0.00000"
"all-available","Asia/Taipei","BTCUSDT","BTC-260628-65000-P","2026-06-28","65000","PUT","1h","2026-06-27 09:00:00","2026-06-27 17:00:00","5000.000","5000.000","5000.000","5000.000","0.00","2026-06-27 09:59:59","2026-06-27 17:59:59","0.00000","0","0.00","0.00000"
"all-available","Asia/Taipei","BTCUSDT","BTC-260628-65000-P","2026-06-28","65000","PUT","1h","2026-06-27 10:00:00","2026-06-27 18:00:00","5000.000","5000.000","5000.000","5000.000","0.00","2026-06-27 10:59:59","2026-06-27 18:59:59","0.00000","0","0.00","0.00000"
"all-available","Asia/Taipei","BTCUSDT","BTC-260628-65000-P","2026-06-28","65000","PUT","1h","2026-06-27 11:00:00","2026-06-27 19:00:00","5000.000","5000.000","5000.000","5000.000","0.00","2026-06-27 11:59:59","2026-06-27 19:59:59","0.00000","0","0.00","0.00000"
"all-available","Asia/Taipei","BTCUSDT","BTC-260628-65000-P","2026-06-28","65000","PUT","1h","2026-06-27 12:00:00","2026-06-27 20:00:00","5000.000","5000.000","5000.000","5000.000","0.00","2026-06-27 12:59:59","2026-06-27 20:59:59","0.00000","0","0.00","0.00000"
"all-available","Asia/Taipei","BTCUSDT","BTC-260628-65000-P","2026-06-28","65000","PUT","1h","2026-06-27 13:00:00","2026-06-27 21:00:00","5000.000","5000.000","5000.000","5000.000","0.00","2026-06-27 13:59:59","2026-06-27 21:59:59","0.00000","0","0.00","0.00000"
"all-available","Asia/Taipei","BTCUSDT","BTC-260628-65000-P","2026-06-28","65000","PUT","1h","2026-06-27 14:00:00","2026-06-27 22:00:00","5000.000","5000.000","5000.000","5000.000","0.00","2026-06-27 14:59:59","2026-06-27 22:59:59","0.00000","0","0.00","0.00000"
"all-available","Asia/Taipei","BTCUSDT","BTC-260628-65000-P","2026-06-28","65000","PUT","1h","2026-06-27 15:00:00","2026-06-27 23:00:00","5000.000","5000.000","5000.000","5000.000","0.00","2026-06-27 15:59:59","2026-06-27 23:59:59","0.00000","0","0.00","0.00000"
"all-available","Asia/Taipei","BTCUSDT","BTC-260628-65000-P","2026-06-28","65000","PUT","1h","2026-06-27 16:00:00","2026-06-28 00:00:00","5000.000","5000.000","5000.000","5000.000","0.00","2026-06-27 16:59:59","2026-06-28 00:59:59","0.00000","0","0.00","0.00000"
"all-available","Asia/Taipei","BTCUSDT","BTC-260628-65000-P","2026-06-28","65000","PUT","1h","2026-06-27 17:00:00","2026-06-28 01:00:00","5000.000","5000.000","5000.000","5000.000","0.00","2026-06-27 17:59:59","2026-06-28 01:59:59","0.00000","0","0.00","0.00000"
"all-available","Asia/Taipei","BTCUSDT","BTC-260628-65000-P","2026-06-28","65000","PUT","1h","2026-06-27 18:00:00","2026-06-28 02:00:00","5000.000","5000.000","5000.000","5000.000","0.00","2026-06-27 18:59:59","2026-06-28 02:59:59","0.00000","0","0.00","0.00000"
"all-available","Asia/Taipei","BTCUSDT","BTC-260628-65000-P","2026-06-28","65000","PUT","1h","2026-06-27 19:00:00","2026-06-28 03:00:00","5000.000","5000.000","5000.000","5000.000","0.00","2026-06-27 19:59:59","2026-06-28 03:59:59","0.00000","0","0.00","0.00000"
"all-available","Asia/Taipei","BTCUSDT","BTC-260628-65000-P","2026-06-28","65000","PUT","1h","2026-06-27 20:00:00","2026-06-28 04:00:00","5000.000","5000.000","5000.000","5000.000","0.00","2026-06-27 20:59:59","2026-06-28 04:59:59","0.00000","0","0.00","0.00000"
"all-available","Asia/Taipei","BTCUSDT","BTC-260628-65000-P","2026-06-28","65000","PUT","1h","2026-06-27 21:00:00","2026-06-28 05:00:00","5000.000","5000.000","5000.000","5000.000","0.00","2026-06-27 21:59:59","2026-06-28 05:59:59","0.00000","0","0.00","0.00000"
"all-available","Asia/Taipei","BTCUSDT","BTC-260628-65000-P","2026-06-28","65000","PUT","1h","2026-06-27 22:00:00","2026-06-28 06:00:00","5000.000","5000.000","5000.000","5000.000","0.00","2026-06-27 22:59:59","2026-06-28 06:59:59","0.00000","0","0.00","0.00000"
"all-available","Asia/Taipei","BTCUSDT","BTC-260628-65000-P","2026-06-28","65000","PUT","1h","2026-06-27 23:00:00","2026-06-28 07:00:00","5000.000","5000.000","5000.000","5000.000","0.00","2026-06-27 23:59:59","2026-06-28 07:59:59","0.00000","0","0.00","0.00000"
"all-available","Asia/Taipei","BTCUSDT","BTC-260628-65000-P","2026-06-28","65000","PUT","1h","2026-06-28 00:00:00","2026-06-28 08:00:00","5000.000","5000.000","5000.000","5000.000","0.00","2026-06-28 00:59:59","2026-06-28 08:59:59","0.00000","0","0.00","0.00000"
"all-available","Asia/Taipei","BTCUSDT","BTC-260628-65000-P","2026-06-28","65000","PUT","1h","2026-06-28 01:00:00","2026-06-28 09:00:00","5000.000","5000.000","5000.000","5000.000","0.00","2026-06-28 01:59:59","2026-06-28 09:59:59","0.00000","0","0.00","0.00000"
"all-available","Asia/Taipei","BTCUSDT","BTC-260628-65000-P","2026-06-28","65000","PUT","1h","2026-06-28 02:00:00","2026-06-28 10:00:00","5000.000","5000.000","5000.000","5000.000","0.00","2026-06-28 02:59:59","2026-06-28 10:59:59","0.00000","0","0.00","0.00000"
"all-available","Asia/Taipei","BTCUSDT","BTC-260628-65000-P","2026-06-28","65000","PUT","1h","2026-06-28 03:00:00","2026-06-28 11:00:00","5000.000","5000.000","5000.000","5000.000","0.00","2026-06-28 03:59:59","2026-06-28 11:59:59","0.00000","0","0.00","0.00000"
"all-available","Asia/Taipei","BTCUSDT","BTC-260628-65000-P","2026-06-28","65000","PUT","1h","2026-06-28 04:00:00","2026-06-28 12:00:00","5000.000","5000.000","5000.000","5000.000","0.00","2026-06-28 04:59:59","2026-06-28 12:59:59","0.00000","0","0.00","0.00000"
"all-available","Asia/Taipei","BTCUSDT","BTC-260628-65000-P","2026-06-28","65000","PUT","1h","2026-06-28 05:00:00","2026-06-28 13:00:00","5000.000","5000.000","5000.000","5000.000","0.00","2026-06-28 05:59:59","2026-06-28 13:59:59","0.00000","0","0.00","0.00000"
"all-available","Asia/Taipei","BTCUSDT","BTC-260628-65000-P","2026-06-28","65000","PUT","1h","2026-06-28 06:00:00","2026-06-28 14:00:00","5000.000","5000.000","5000.000","5000.000","0.00","2026-06-28 06:59:59","2026-06-28 14:59:59","0.00000","0","0.00","0.00000"
"all-available","Asia/Taipei","BTCUSDT","BTC-260628-65000-P","2026-06-28","65000","PUT","1h","2026-06-28 07:00:00","2026-06-28 15:00:00","5000.000","5000.000","5000.000","5000.000","0.00","2026-06-28 07:59:59","2026-06-28 15:59:59","0.00000","0","0.00","0.00000"
"all-available","Asia/Taipei","BTCUSDT","BTC-260628-66000-C","2026-06-28","66000","CALL","1h","2026-06-25 10:00:00","2026-06-25 18:00:00","25.000","25.000","25.000","25.000","0.93","2026-06-25 10:59:59","2026-06-25 18:59:59","23.25000","1","0.00","0.00000"
"all-available","Asia/Taipei","BTCUSDT","BTC-260628-66000-C","2026-06-28","66000","CALL","1h","2026-06-25 11:00:00","2026-06-25 19:00:00","30.000","30.000","30.000","30.000","3.82","2026-06-25 11:59:59","2026-06-25 19:59:59","114.60000","11","0.00","0.00000"
"all-available","Asia/Taipei","BTCUSDT","BTC-260628-66000-C","2026-06-28","66000","CALL","1h","2026-06-25 12:00:00","2026-06-25 20:00:00","30.000","30.000","30.000","30.000","0.02","2026-06-25 12:59:59","2026-06-25 20:59:59","0.60000","1","0.00","0.00000"
"all-available","Asia/Taipei","BTCUSDT","BTC-260628-66000-C","2026-06-28","66000","CALL","1h","2026-06-25 13:00:00","2026-06-25 21:00:00","30.000","30.000","30.000","30.000","0.09","2026-06-25 13:59:59","2026-06-25 21:59:59","2.70000","1","0.09","2.70000"
"all-available","Asia/Taipei","BTCUSDT","BTC-260628-66000-C","2026-06-28","66000","CALL","1h","2026-06-25 14:00:00","2026-06-25 22:00:00","15.000","15.000","15.000","15.000","1.16","2026-06-25 14:59:59","2026-06-25 22:59:59","17.40000","1","0.00","0.00000"
"all-available","Asia/Taipei","BTCUSDT","BTC-260628-66000-C","2026-06-28","66000","CALL","1h","2026-06-25 15:00:00","2026-06-25 23:00:00","15.000","20.000","15.000","20.000","10.26","2026-06-25 15:59:59","2026-06-25 23:59:59","167.65000","3","10.26","167.65000"
"all-available","Asia/Taipei","BTCUSDT","BTC-260628-66000-C","2026-06-28","66000","CALL","1h","2026-06-25 16:00:00","2026-06-26 00:00:00","20.000","20.000","20.000","20.000","0.00","2026-06-25 16:59:59","2026-06-26 00:59:59","0.00000","0","0.00","0.00000"
"all-available","Asia/Taipei","BTCUSDT","BTC-260628-66000-C","2026-06-28","66000","CALL","1h","2026-06-25 17:00:00","2026-06-26 01:00:00","20.000","20.000","20.000","20.000","0.00","2026-06-25 17:59:59","2026-06-26 01:59:59","0.00000","0","0.00","0.00000"
"all-available","Asia/Taipei","BTCUSDT","BTC-260628-66000-C","2026-06-28","66000","CALL","1h","2026-06-25 18:00:00","2026-06-26 02:00:00","20.000","20.000","20.000","20.000","0.00","2026-06-25 18:59:59","2026-06-26 02:59:59","0.00000","0","0.00","0.00000"
"all-available","Asia/Taipei","BTCUSDT","BTC-260628-66000-C","2026-06-28","66000","CALL","1h","2026-06-25 19:00:00","2026-06-26 03:00:00","20.000","20.000","20.000","20.000","3.11","2026-06-25 19:59:59","2026-06-26 03:59:59","62.20000","1","3.11","62.20000"
"all-available","Asia/Taipei","BTCUSDT","BTC-260628-66000-C","2026-06-28","66000","CALL","1h","2026-06-25 20:00:00","2026-06-26 04:00:00","20.000","20.000","20.000","20.000","0.00","2026-06-25 20:59:59","2026-06-26 04:59:59","0.00000","0","0.00","0.00000"
"all-available","Asia/Taipei","BTCUSDT","BTC-260628-66000-C","2026-06-28","66000","CALL","1h","2026-06-25 21:00:00","2026-06-26 05:00:00","20.000","20.000","20.000","20.000","0.09","2026-06-25 21:59:59","2026-06-26 05:59:59","1.80000","1","0.00","0.00000"
"all-available","Asia/Taipei","BTCUSDT","BTC-260628-66000-C","2026-06-28","66000","CALL","1h","2026-06-25 22:00:00","2026-06-26 06:00:00","20.000","20.000","20.000","20.000","0.00","2026-06-25 22:59:59","2026-06-26 06:59:59","0.00000","0","0.00","0.00000"
"all-available","Asia/Taipei","BTCUSDT","BTC-260628-66000-C","2026-06-28","66000","CALL","1h","2026-06-25 23:00:00","2026-06-26 07:00:00","20.000","20.000","20.000","20.000","0.00","2026-06-25 23:59:59","2026-06-26 07:59:59","0.00000","0","0.00","0.00000"
"all-available","Asia/Taipei","BTCUSDT","BTC-260628-66000-C","2026-06-28","66000","CALL","1h","2026-06-26 00:00:00","2026-06-26 08:00:00","20.000","20.000","20.000","20.000","0.05","2026-06-26 00:59:59","2026-06-26 08:59:59","1.00000","2","0.00","0.00000"
"all-available","Asia/Taipei","BTCUSDT","BTC-260628-66000-C","2026-06-28","66000","CALL","1h","2026-06-26 01:00:00","2026-06-26 09:00:00","20.000","20.000","20.000","20.000","0.00","2026-06-26 01:59:59","2026-06-26 09:59:59","0.00000","0","0.00","0.00000"
"all-available","Asia/Taipei","BTCUSDT","BTC-260628-66000-C","2026-06-28","66000","CALL","1h","2026-06-26 02:00:00","2026-06-26 10:00:00","20.000","20.000","20.000","20.000","0.00","2026-06-26 02:59:59","2026-06-26 10:59:59","0.00000","0","0.00","0.00000"
"all-available","Asia/Taipei","BTCUSDT","BTC-260628-66000-C","2026-06-28","66000","CALL","1h","2026-06-26 03:00:00","2026-06-26 11:00:00","20.000","20.000","15.000","15.000","4.79","2026-06-26 03:59:59","2026-06-26 11:59:59","71.90000","2","4.79","71.90000"
"all-available","Asia/Taipei","BTCUSDT","BTC-260628-66000-C","2026-06-28","66000","CALL","1h","2026-06-26 04:00:00","2026-06-26 12:00:00","15.000","15.000","15.000","15.000","0.00","2026-06-26 04:59:59","2026-06-26 12:59:59","0.00000","0","0.00","0.00000"
"all-available","Asia/Taipei","BTCUSDT","BTC-260628-66000-C","2026-06-28","66000","CALL","1h","2026-06-26 05:00:00","2026-06-26 13:00:00","15.000","15.000","15.000","15.000","0.00","2026-06-26 05:59:59","2026-06-26 13:59:59","0.00000","0","0.00","0.00000"
"all-available","Asia/Taipei","BTCUSDT","BTC-260628-66000-C","2026-06-28","66000","CALL","1h","2026-06-26 06:00:00","2026-06-26 14:00:00","20.000","20.000","20.000","20.000","3.15","2026-06-26 06:59:59","2026-06-26 14:59:59","63.00000","1","0.00","0.00000"
"all-available","Asia/Taipei","BTCUSDT","BTC-260628-66000-C","2026-06-28","66000","CALL","1h","2026-06-26 07:00:00","2026-06-26 15:00:00","20.000","20.000","20.000","20.000","0.00","2026-06-26 07:59:59","2026-06-26 15:59:59","0.00000","0","0.00","0.00000"
"all-available","Asia/Taipei","BTCUSDT","BTC-260628-66000-C","2026-06-28","66000","CALL","1h","2026-06-26 08:00:00","2026-06-26 16:00:00","10.000","10.000","10.000","10.000","15.08","2026-06-26 08:59:59","2026-06-26 16:59:59","150.80000","2","0.00","0.00000"
"all-available","Asia/Taipei","BTCUSDT","BTC-260628-66000-C","2026-06-28","66000","CALL","1h","2026-06-26 09:00:00","2026-06-26 17:00:00","10.000","10.000","10.000","10.000","0.00","2026-06-26 09:59:59","2026-06-26 17:59:59","0.00000","0","0.00","0.00000"
"all-available","Asia/Taipei","BTCUSDT","BTC-260628-66000-C","2026-06-28","66000","CALL","1h","2026-06-26 10:00:00","2026-06-26 18:00:00","10.000","10.000","10.000","10.000","0.00","2026-06-26 10:59:59","2026-06-26 18:59:59","0.00000","0","0.00","0.00000"
"all-available","Asia/Taipei","BTCUSDT","BTC-260628-66000-C","2026-06-28","66000","CALL","1h","2026-06-26 11:00:00","2026-06-26 19:00:00","10.000","10.000","10.000","10.000","0.00","2026-06-26 11:59:59","2026-06-26 19:59:59","0.00000","0","0.00","0.00000"
"all-available","Asia/Taipei","BTCUSDT","BTC-260628-66000-C","2026-06-28","66000","CALL","1h","2026-06-26 12:00:00","2026-06-26 20:00:00","5.000","5.000","5.000","5.000","8.94","2026-06-26 12:59:59","2026-06-26 20:59:59","44.70000","4","0.00","0.00000"
"all-available","Asia/Taipei","BTCUSDT","BTC-260628-66000-C","2026-06-28","66000","CALL","1h","2026-06-26 13:00:00","2026-06-26 21:00:00","5.000","5.000","5.000","5.000","1.27","2026-06-26 13:59:59","2026-06-26 21:59:59","6.35000","2","0.00","0.00000"
"all-available","Asia/Taipei","BTCUSDT","BTC-260628-66000-C","2026-06-28","66000","CALL","1h","2026-06-26 14:00:00","2026-06-26 22:00:00","5.000","5.000","5.000","5.000","0.00","2026-06-26 14:59:59","2026-06-26 22:59:59","0.00000","0","0.00","0.00000"
"all-available","Asia/Taipei","BTCUSDT","BTC-260628-66000-C","2026-06-28","66000","CALL","1h","2026-06-26 15:00:00","2026-06-26 23:00:00","5.000","5.000","5.000","5.000","0.00","2026-06-26 15:59:59","2026-06-26 23:59:59","0.00000","0","0.00","0.00000"
"all-available","Asia/Taipei","BTCUSDT","BTC-260628-66000-C","2026-06-28","66000","CALL","1h","2026-06-26 16:00:00","2026-06-27 00:00:00","5.000","5.000","5.000","5.000","0.00","2026-06-26 16:59:59","2026-06-27 00:59:59","0.00000","0","0.00","0.00000"
"all-available","Asia/Taipei","BTCUSDT","BTC-260628-66000-C","2026-06-28","66000","CALL","1h","2026-06-26 17:00:00","2026-06-27 01:00:00","5.000","5.000","5.000","5.000","0.00","2026-06-26 17:59:59","2026-06-27 01:59:59","0.00000","0","0.00","0.00000"
"all-available","Asia/Taipei","BTCUSDT","BTC-260628-66000-C","2026-06-28","66000","CALL","1h","2026-06-26 18:00:00","2026-06-27 02:00:00","5.000","5.000","5.000","5.000","0.00","2026-06-26 18:59:59","2026-06-27 02:59:59","0.00000","0","0.00","0.00000"
"all-available","Asia/Taipei","BTCUSDT","BTC-260628-66000-C","2026-06-28","66000","CALL","1h","2026-06-26 19:00:00","2026-06-27 03:00:00","5.000","5.000","5.000","5.000","0.00","2026-06-26 19:59:59","2026-06-27 03:59:59","0.00000","0","0.00","0.00000"
"all-available","Asia/Taipei","BTCUSDT","BTC-260628-66000-C","2026-06-28","66000","CALL","1h","2026-06-26 20:00:00","2026-06-27 04:00:00","5.000","5.000","5.000","5.000","0.14","2026-06-26 20:59:59","2026-06-27 04:59:59","0.70000","1","0.14","0.70000"
"all-available","Asia/Taipei","BTCUSDT","BTC-260628-66000-C","2026-06-28","66000","CALL","1h","2026-06-26 21:00:00","2026-06-27 05:00:00","5.000","5.000","5.000","5.000","0.00","2026-06-26 21:59:59","2026-06-27 05:59:59","0.00000","0","0.00","0.00000"
"all-available","Asia/Taipei","BTCUSDT","BTC-260628-66000-C","2026-06-28","66000","CALL","1h","2026-06-26 22:00:00","2026-06-27 06:00:00","5.000","5.000","5.000","5.000","0.00","2026-06-26 22:59:59","2026-06-27 06:59:59","0.00000","0","0.00","0.00000"
"all-available","Asia/Taipei","BTCUSDT","BTC-260628-66000-C","2026-06-28","66000","CALL","1h","2026-06-26 23:00:00","2026-06-27 07:00:00","5.000","5.000","5.000","5.000","0.00","2026-06-26 23:59:59","2026-06-27 07:59:59","0.00000","0","0.00","0.00000"
"all-available","Asia/Taipei","BTCUSDT","BTC-260628-66000-C","2026-06-28","66000","CALL","1h","2026-06-27 00:00:00","2026-06-27 08:00:00","5.000","5.000","5.000","5.000","0.00","2026-06-27 00:59:59","2026-06-27 08:59:59","0.00000","0","0.00","0.00000"
"all-available","Asia/Taipei","BTCUSDT","BTC-260628-66000-C","2026-06-28","66000","CALL","1h","2026-06-27 01:00:00","2026-06-27 09:00:00","5.000","5.000","5.000","5.000","0.00","2026-06-27 01:59:59","2026-06-27 09:59:59","0.00000","0","0.00","0.00000"
"all-available","Asia/Taipei","BTCUSDT","BTC-260628-66000-C","2026-06-28","66000","CALL","1h","2026-06-27 02:00:00","2026-06-27 10:00:00","5.000","5.000","5.000","5.000","0.00","2026-06-27 02:59:59","2026-06-27 10:59:59","0.00000","0","0.00","0.00000"
"all-available","Asia/Taipei","BTCUSDT","BTC-260628-66000-C","2026-06-28","66000","CALL","1h","2026-06-27 03:00:00","2026-06-27 11:00:00","5.000","5.000","5.000","5.000","0.00","2026-06-27 03:59:59","2026-06-27 11:59:59","0.00000","0","0.00","0.00000"
"all-available","Asia/Taipei","BTCUSDT","BTC-260628-66000-C","2026-06-28","66000","CALL","1h","2026-06-27 04:00:00","2026-06-27 12:00:00","5.000","5.000","5.000","5.000","1.00","2026-06-27 04:59:59","2026-06-27 12:59:59","5.00000","1","1.00","5.00000"
"all-available","Asia/Taipei","BTCUSDT","BTC-260628-66000-C","2026-06-28","66000","CALL","1h","2026-06-27 05:00:00","2026-06-27 13:00:00","5.000","5.000","5.000","5.000","0.00","2026-06-27 05:59:59","2026-06-27 13:59:59","0.00000","0","0.00","0.00000"
"all-available","Asia/Taipei","BTCUSDT","BTC-260628-66000-C","2026-06-28","66000","CALL","1h","2026-06-27 06:00:00","2026-06-27 14:00:00","5.000","5.000","5.000","5.000","1.09","2026-06-27 06:59:59","2026-06-27 14:59:59","5.45000","1","1.09","5.45000"
"all-available","Asia/Taipei","BTCUSDT","BTC-260628-66000-C","2026-06-28","66000","CALL","1h","2026-06-27 07:00:00","2026-06-27 15:00:00","5.000","5.000","5.000","5.000","0.00","2026-06-27 07:59:59","2026-06-27 15:59:59","0.00000","0","0.00","0.00000"
"all-available","Asia/Taipei","BTCUSDT","BTC-260628-66000-C","2026-06-28","66000","CALL","1h","2026-06-27 08:00:00","2026-06-27 16:00:00","5.000","5.000","5.000","5.000","0.00","2026-06-27 08:59:59","2026-06-27 16:59:59","0.00000","0","0.00","0.00000"
"all-available","Asia/Taipei","BTCUSDT","BTC-260628-66000-C","2026-06-28","66000","CALL","1h","2026-06-27 09:00:00","2026-06-27 17:00:00","5.000","5.000","5.000","5.000","0.00","2026-06-27 09:59:59","2026-06-27 17:59:59","0.00000","0","0.00","0.00000"
"all-available","Asia/Taipei","BTCUSDT","BTC-260628-66000-C","2026-06-28","66000","CALL","1h","2026-06-27 10:00:00","2026-06-27 18:00:00","5.000","5.000","5.000","5.000","0.00","2026-06-27 10:59:59","2026-06-27 18:59:59","0.00000","0","0.00","0.00000"
"all-available","Asia/Taipei","BTCUSDT","BTC-260628-66000-C","2026-06-28","66000","CALL","1h","2026-06-27 11:00:00","2026-06-27 19:00:00","5.000","5.000","5.000","5.000","0.00","2026-06-27 11:59:59","2026-06-27 19:59:59","0.00000","0","0.00","0.00000"
"all-available","Asia/Taipei","BTCUSDT","BTC-260628-66000-C","2026-06-28","66000","CALL","1h","2026-06-27 12:00:00","2026-06-27 20:00:00","5.000","5.000","5.000","5.000","0.00","2026-06-27 12:59:59","2026-06-27 20:59:59","0.00000","0","0.00","0.00000"
"all-available","Asia/Taipei","BTCUSDT","BTC-260628-66000-C","2026-06-28","66000","CALL","1h","2026-06-27 13:00:00","2026-06-27 21:00:00","5.000","5.000","5.000","5.000","0.00","2026-06-27 13:59:59","2026-06-27 21:59:59","0.00000","0","0.00","0.00000"
"all-available","Asia/Taipei","BTCUSDT","BTC-260628-66000-C","2026-06-28","66000","CALL","1h","2026-06-27 14:00:00","2026-06-27 22:00:00","5.000","5.000","5.000","5.000","0.00","2026-06-27 14:59:59","2026-06-27 22:59:59","0.00000","0","0.00","0.00000"
"all-available","Asia/Taipei","BTCUSDT","BTC-260628-66000-C","2026-06-28","66000","CALL","1h","2026-06-27 15:00:00","2026-06-27 23:00:00","5.000","5.000","5.000","5.000","0.00","2026-06-27 15:59:59","2026-06-27 23:59:59","0.00000","0","0.00","0.00000"
"all-available","Asia/Taipei","BTCUSDT","BTC-260628-66000-C","2026-06-28","66000","CALL","1h","2026-06-27 16:00:00","2026-06-28 00:00:00","5.000","5.000","5.000","5.000","0.00","2026-06-27 16:59:59","2026-06-28 00:59:59","0.00000","0","0.00","0.00000"
"all-available","Asia/Taipei","BTCUSDT","BTC-260628-66000-C","2026-06-28","66000","CALL","1h","2026-06-27 17:00:00","2026-06-28 01:00:00","5.000","5.000","5.000","5.000","0.00","2026-06-27 17:59:59","2026-06-28 01:59:59","0.00000","0","0.00","0.00000"
"all-available","Asia/Taipei","BTCUSDT","BTC-260628-66000-C","2026-06-28","66000","CALL","1h","2026-06-27 18:00:00","2026-06-28 02:00:00","5.000","5.000","5.000","5.000","0.04","2026-06-27 18:59:59","2026-06-28 02:59:59","0.20000","2","0.04","0.20000"
"all-available","Asia/Taipei","BTCUSDT","BTC-260628-66000-C","2026-06-28","66000","CALL","1h","2026-06-27 19:00:00","2026-06-28 03:00:00","5.000","5.000","5.000","5.000","0.00","2026-06-27 19:59:59","2026-06-28 03:59:59","0.00000","0","0.00","0.00000"
"all-available","Asia/Taipei","BTCUSDT","BTC-260628-66000-C","2026-06-28","66000","CALL","1h","2026-06-27 20:00:00","2026-06-28 04:00:00","5.000","5.000","5.000","5.000","0.00","2026-06-27 20:59:59","2026-06-28 04:59:59","0.00000","0","0.00","0.00000"
"all-available","Asia/Taipei","BTCUSDT","BTC-260628-66000-C","2026-06-28","66000","CALL","1h","2026-06-27 21:00:00","2026-06-28 05:00:00","5.000","5.000","5.000","5.000","0.00","2026-06-27 21:59:59","2026-06-28 05:59:59","0.00000","0","0.00","0.00000"
"all-available","Asia/Taipei","BTCUSDT","BTC-260628-66000-C","2026-06-28","66000","CALL","1h","2026-06-27 22:00:00","2026-06-28 06:00:00","5.000","5.000","5.000","5.000","0.05","2026-06-27 22:59:59","2026-06-28 06:59:59","0.25000","1","0.05","0.25000"
"all-available","Asia/Taipei","BTCUSDT","BTC-260628-66000-C","2026-06-28","66000","CALL","1h","2026-06-27 23:00:00","2026-06-28 07:00:00","5.000","5.000","5.000","5.000","0.00","2026-06-27 23:59:59","2026-06-28 07:59:59","0.00000","0","0.00","0.00000"
"all-available","Asia/Taipei","BTCUSDT","BTC-260628-66000-C","2026-06-28","66000","CALL","1h","2026-06-28 00:00:00","2026-06-28 08:00:00","5.000","5.000","5.000","5.000","0.00","2026-06-28 00:59:59","2026-06-28 08:59:59","0.00000","0","0.00","0.00000"
"all-available","Asia/Taipei","BTCUSDT","BTC-260628-66000-C","2026-06-28","66000","CALL","1h","2026-06-28 01:00:00","2026-06-28 09:00:00","5.000","5.000","5.000","5.000","0.00","2026-06-28 01:59:59","2026-06-28 09:59:59","0.00000","0","0.00","0.00000"
"all-available","Asia/Taipei","BTCUSDT","BTC-260628-66000-C","2026-06-28","66000","CALL","1h","2026-06-28 02:00:00","2026-06-28 10:00:00","5.000","5.000","5.000","5.000","0.00","2026-06-28 02:59:59","2026-06-28 10:59:59","0.00000","0","0.00","0.00000"
"all-available","Asia/Taipei","BTCUSDT","BTC-260628-66000-C","2026-06-28","66000","CALL","1h","2026-06-28 03:00:00","2026-06-28 11:00:00","5.000","5.000","5.000","5.000","0.00","2026-06-28 03:59:59","2026-06-28 11:59:59","0.00000","0","0.00","0.00000"
"all-available","Asia/Taipei","BTCUSDT","BTC-260628-66000-C","2026-06-28","66000","CALL","1h","2026-06-28 04:00:00","2026-06-28 12:00:00","5.000","5.000","5.000","5.000","0.00","2026-06-28 04:59:59","2026-06-28 12:59:59","0.00000","0","0.00","0.00000"
"all-available","Asia/Taipei","BTCUSDT","BTC-260628-66000-C","2026-06-28","66000","CALL","1h","2026-06-28 05:00:00","2026-06-28 13:00:00","5.000","5.000","5.000","5.000","0.00","2026-06-28 05:59:59","2026-06-28 13:59:59","0.00000","0","0.00","0.00000"
"all-available","Asia/Taipei","BTCUSDT","BTC-260628-66000-C","2026-06-28","66000","CALL","1h","2026-06-28 06:00:00","2026-06-28 14:00:00","5.000","5.000","5.000","5.000","0.00","2026-06-28 06:59:59","2026-06-28 14:59:59","0.00000","0","0.00","0.00000"
"all-available","Asia/Taipei","BTCUSDT","BTC-260628-66000-C","2026-06-28","66000","CALL","1h","2026-06-28 07:00:00","2026-06-28 15:00:00","5.000","5.000","5.000","5.000","0.00","2026-06-28 07:59:59","2026-06-28 15:59:59","0.00000","0","0.00","0.00000"
