"queryDate","timeZone","underlying","symbol","expiryDate","strikePrice","side","interval","openTimeUtc","openTimeLocal","open","high","low","close","volume","closeTimeUtc","closeTimeLocal","quoteVolume","numberOfTrades","takerBuyVolume","takerBuyQuoteVolume"
"all-available","Asia/Taipei","BTCUSDT","BTC-260902-74000-P","2026-09-02","74000","PUT","1h","2026-08-30 08:00:00","2026-08-30 16:00:00","45.000","45.000","35.000","35.000","1.47","2026-08-30 08:59:59","2026-08-30 16:59:59","57.15000","4","1.47","57.15000"
"all-available","Asia/Taipei","BTCUSDT","BTC-260902-74000-P","2026-09-02","74000","PUT","1h","2026-08-30 09:00:00","2026-08-30 17:00:00","35.000","35.000","35.000","35.000","0.02","2026-08-30 09:59:59","2026-08-30 17:59:59","0.70000","1","0.00","0.00000"
"all-available","Asia/Taipei","BTCUSDT","BTC-260902-74000-P","2026-09-02","74000","PUT","1h","2026-08-30 10:00:00","2026-08-30 18:00:00","35.000","35.000","35.000","35.000","0.00","2026-08-30 10:59:59","2026-08-30 18:59:59","0.00000","0","0.00","0.00000"
"all-available","Asia/Taipei","BTCUSDT","BTC-260902-74000-P","2026-09-02","74000","PUT","1h","2026-08-30 11:00:00","2026-08-30 19:00:00","40.000","40.000","40.000","40.000","0.11","2026-08-30 11:59:59","2026-08-30 19:59:59","4.40000","1","0.11","4.40000"
"all-available","Asia/Taipei","BTCUSDT","BTC-260902-74000-P","2026-09-02","74000","PUT","1h","2026-08-30 12:00:00","2026-08-30 20:00:00","35.000","40.000","35.000","40.000","8.77","2026-08-30 12:59:59","2026-08-30 20:59:59","309.15000","10","1.57","57.15000"
"all-available","Asia/Taipei","BTCUSDT","BTC-260902-74000-P","2026-09-02","74000","PUT","1h","2026-08-30 13:00:00","2026-08-30 21:00:00","40.000","40.000","40.000","40.000","0.00","2026-08-30 13:59:59","2026-08-30 21:59:59","0.00000","0","0.00","0.00000"
"all-available","Asia/Taipei","BTCUSDT","BTC-260902-74000-P","2026-09-02","74000","PUT","1h","2026-08-30 14:00:00","2026-08-30 22:00:00","40.000","40.000","40.000","40.000","0.00","2026-08-30 14:59:59","2026-08-30 22:59:59","0.00000","0","0.00","0.00000"
"all-available","Asia/Taipei","BTCUSDT","BTC-260902-74000-P","2026-09-02","74000","PUT","1h","2026-08-30 15:00:00","2026-08-30 23:00:00","40.000","40.000","40.000","40.000","0.00","2026-08-30 15:59:59","2026-08-30 23:59:59","0.00000","0","0.00","0.00000"
"all-available","Asia/Taipei","BTCUSDT","BTC-260902-74000-P","2026-09-02","74000","PUT","1h","2026-08-30 16:00:00","2026-08-31 00:00:00","30.000","30.000","20.000","20.000","0.71","2026-08-30 16:59:59","2026-08-31 00:59:59","19.85000","3","0.70","19.65000"
"all-available","Asia/Taipei","BTCUSDT","BTC-260902-74000-P","2026-09-02","74000","PUT","1h","2026-08-30 17:00:00","2026-08-31 01:00:00","25.000","25.000","25.000","25.000","1.00","2026-08-30 17:59:59","2026-08-31 01:59:59","25.00000","1","1.00","25.00000"
"all-available","Asia/Taipei","BTCUSDT","BTC-260902-74000-P","2026-09-02","74000","PUT","1h","2026-08-30 18:00:00","2026-08-31 02:00:00","25.000","25.000","25.000","25.000","0.61","2026-08-30 18:59:59","2026-08-31 02:59:59","15.25000","1","0.61","15.25000"
"all-available","Asia/Taipei","BTCUSDT","BTC-260902-74000-P","2026-09-02","74000","PUT","1h","2026-08-30 19:00:00","2026-08-31 03:00:00","25.000","25.000","25.000","25.000","0.00","2026-08-30 19:59:59","2026-08-31 03:59:59","0.00000","0","0.00","0.00000"
"all-available","Asia/Taipei","BTCUSDT","BTC-260902-74000-P","2026-09-02","74000","PUT","1h","2026-08-30 20:00:00","2026-08-31 04:00:00","25.000","25.000","25.000","25.000","0.00","2026-08-30 20:59:59","2026-08-31 04:59:59","0.00000","0","0.00","0.00000"
"all-available","Asia/Taipei","BTCUSDT","BTC-260902-74000-P","2026-09-02","74000","PUT","1h","2026-08-30 21:00:00","2026-08-31 05:00:00","25.000","25.000","25.000","25.000","0.00","2026-08-30 21:59:59","2026-08-31 05:59:59","0.00000","0","0.00","0.00000"
"all-available","Asia/Taipei","BTCUSDT","BTC-260902-74000-P","2026-09-02","74000","PUT","1h","2026-08-30 22:00:00","2026-08-31 06:00:00","30.000","40.000","30.000","40.000","1.07","2026-08-30 22:59:59","2026-08-31 06:59:59","42.10000","3","1.07","42.10000"
"all-available","Asia/Taipei","BTCUSDT","BTC-260902-74000-P","2026-09-02","74000","PUT","1h","2026-08-30 23:00:00","2026-08-31 07:00:00","40.000","115.000","40.000","80.000","101.46","2026-08-30 23:59:59","2026-08-31 07:59:59","7725.20000","24","55.00","2909.60000"
"all-available","Asia/Taipei","BTCUSDT","BTC-260902-74000-P","2026-09-02","74000","PUT","1h","2026-08-31 00:00:00","2026-08-31 08:00:00","65.000","65.000","65.000","65.000","1.48","2026-08-31 00:59:59","2026-08-31 08:59:59","96.20000","5","0.00","0.00000"
"all-available","Asia/Taipei","BTCUSDT","BTC-260902-74000-P","2026-09-02","74000","PUT","1h","2026-08-31 01:00:00","2026-08-31 09:00:00","60.000","60.000","60.000","60.000","0.11","2026-08-31 01:59:59","2026-08-31 09:59:59","6.60000","1","0.00","0.00000"
"all-available","Asia/Taipei","BTCUSDT","BTC-260902-74000-P","2026-09-02","74000","PUT","1h","2026-08-31 02:00:00","2026-08-31 10:00:00","60.000","60.000","60.000","60.000","0.00","2026-08-31 02:59:59","2026-08-31 10:59:59","0.00000","0","0.00","0.00000"
"all-available","Asia/Taipei","BTCUSDT","BTC-260902-74000-P","2026-09-02","74000","PUT","1h","2026-08-31 03:00:00","2026-08-31 11:00:00","65.000","65.000","50.000","50.000","7.30","2026-08-31 03:59:59","2026-08-31 11:59:59","450.35000","3","5.79","374.85000"
"all-available","Asia/Taipei","BTCUSDT","BTC-260902-74000-P","2026-09-02","74000","PUT","1h","2026-08-31 04:00:00","2026-08-31 12:00:00","55.000","60.000","55.000","60.000","27.00","2026-08-31 04:59:59","2026-08-31 12:59:59","1560.00000","5","27.00","1560.00000"
"all-available","Asia/Taipei","BTCUSDT","BTC-260902-74000-P","2026-09-02","74000","PUT","1h","2026-08-31 05:00:00","2026-08-31 13:00:00","50.000","50.000","45.000","50.000","4.06","2026-08-31 05:59:59","2026-08-31 13:59:59","197.40000","10","3.99","193.90000"
"all-available","Asia/Taipei","BTCUSDT","BTC-260902-74000-P","2026-09-02","74000","PUT","1h","2026-08-31 06:00:00","2026-08-31 14:00:00","40.000","40.000","40.000","40.000","0.11","2026-08-31 06:59:59","2026-08-31 14:59:59","4.40000","1","0.11","4.40000"
"all-available","Asia/Taipei","BTCUSDT","BTC-260902-74000-P","2026-09-02","74000","PUT","1h","2026-08-31 07:00:00","2026-08-31 15:00:00","35.000","35.000","30.000","30.000","4.52","2026-08-31 07:59:59","2026-08-31 15:59:59","151.40000","4","4.52","151.40000"
"all-available","Asia/Taipei","BTCUSDT","BTC-260902-74000-P","2026-09-02","74000","PUT","1h","2026-08-31 08:00:00","2026-08-31 16:00:00","30.000","30.000","15.000","15.000","19.58","2026-08-31 08:59:59","2026-08-31 16:59:59","348.85000","33","3.43","102.90000"
"all-available","Asia/Taipei","BTCUSDT","BTC-260902-74000-P","2026-09-02","74000","PUT","1h","2026-08-31 09:00:00","2026-08-31 17:00:00","15.000","15.000","15.000","15.000","9.83","2026-08-31 09:59:59","2026-08-31 17:59:59","147.45000","21","0.00","0.00000"
"all-available","Asia/Taipei","BTCUSDT","BTC-260902-74000-P","2026-09-02","74000","PUT","1h","2026-08-31 10:00:00","2026-08-31 18:00:00","15.000","15.000","15.000","15.000","0.31","2026-08-31 10:59:59","2026-08-31 18:59:59","4.65000","3","0.02","0.30000"
"all-available","Asia/Taipei","BTCUSDT","BTC-260902-74000-P","2026-09-02","74000","PUT","1h","2026-08-31 11:00:00","2026-08-31 19:00:00","20.000","25.000","20.000","25.000","1.07","2026-08-31 11:59:59","2026-08-31 19:59:59","26.40000","3","1.00","25.00000"
"all-available","Asia/Taipei","BTCUSDT","BTC-260902-74000-P","2026-09-02","74000","PUT","1h","2026-08-31 12:00:00","2026-08-31 20:00:00","25.000","35.000","20.000","35.000","1.90","2026-08-31 12:59:59","2026-08-31 20:59:59","43.60000","20","0.04","1.05000"
"all-available","Asia/Taipei","BTCUSDT","BTC-260902-74000-P","2026-09-02","74000","PUT","1h","2026-08-31 13:00:00","2026-08-31 21:00:00","30.000","35.000","30.000","35.000","0.53","2026-08-31 13:59:59","2026-08-31 21:59:59","16.65000","11","0.12","4.10000"
"all-available","Asia/Taipei","BTCUSDT","BTC-260902-74000-P","2026-09-02","74000","PUT","1h","2026-08-31 14:00:00","2026-08-31 22:00:00","35.000","40.000","30.000","30.000","2.76","2026-08-31 14:59:59","2026-08-31 22:59:59","97.95000","14","2.52","90.25000"
"all-available","Asia/Taipei","BTCUSDT","BTC-260902-74000-P","2026-09-02","74000","PUT","1h","2026-08-31 15:00:00","2026-08-31 23:00:00","30.000","30.000","30.000","30.000","0.00","2026-08-31 15:59:59","2026-08-31 23:59:59","0.00000","0","0.00","0.00000"
"all-available","Asia/Taipei","BTCUSDT","BTC-260902-74000-P","2026-09-02","74000","PUT","1h","2026-08-31 16:00:00","2026-09-01 00:00:00","15.000","15.000","10.000","10.000","2.67","2026-08-31 16:59:59","2026-09-01 00:59:59","34.55000","10","1.57","23.55000"
"all-available","Asia/Taipei","BTCUSDT","BTC-260902-74000-P","2026-09-02","74000","PUT","1h","2026-08-31 17:00:00","2026-09-01 01:00:00","5.000","5.000","5.000","5.000","0.89","2026-08-31 17:59:59","2026-09-01 01:59:59","4.45000","4","0.00","0.00000"
"all-available","Asia/Taipei","BTCUSDT","BTC-260902-74000-P","2026-09-02","74000","PUT","1h","2026-08-31 18:00:00","2026-09-01 02:00:00","5.000","5.000","5.000","5.000","2.40","2026-08-31 18:59:59","2026-09-01 02:59:59","12.00000","1","2.40","12.00000"
"all-available","Asia/Taipei","BTCUSDT","BTC-260902-74000-P","2026-09-02","74000","PUT","1h","2026-08-31 19:00:00","2026-09-01 03:00:00","5.000","5.000","5.000","5.000","0.00","2026-08-31 19:59:59","2026-09-01 03:59:59","0.00000","0","0.00","0.00000"
"all-available","Asia/Taipei","BTCUSDT","BTC-260902-74000-P","2026-09-02","74000","PUT","1h","2026-08-31 20:00:00","2026-09-01 04:00:00","5.000","10.000","5.000","10.000","5.03","2026-08-31 20:59:59","2026-09-01 04:59:59","35.15000","5","5.03","35.15000"
"all-available","Asia/Taipei","BTCUSDT","BTC-260902-74000-P","2026-09-02","74000","PUT","1h","2026-08-31 21:00:00","2026-09-01 05:00:00","10.000","10.000","10.000","10.000","0.00","2026-08-31 21:59:59","2026-09-01 05:59:59","0.00000","0","0.00","0.00000"
"all-available","Asia/Taipei","BTCUSDT","BTC-260902-74000-P","2026-09-02","74000","PUT","1h","2026-08-31 22:00:00","2026-09-01 06:00:00","10.000","10.000","10.000","10.000","0.00","2026-08-31 22:59:59","2026-09-01 06:59:59","0.00000","0","0.00","0.00000"
"all-available","Asia/Taipei","BTCUSDT","BTC-260902-74000-P","2026-09-02","74000","PUT","1h","2026-08-31 23:00:00","2026-09-01 07:00:00","15.000","15.000","15.000","15.000","14.37","2026-08-31 23:59:59","2026-09-01 07:59:59","215.55000","57","14.37","215.55000"
"all-available","Asia/Taipei","BTCUSDT","BTC-260902-74000-P","2026-09-02","74000","PUT","1h","2026-09-01 00:00:00","2026-09-01 08:00:00","15.000","15.000","10.000","10.000","7.55","2026-09-01 00:59:59","2026-09-01 08:59:59","80.35000","6","7.55","80.35000"
"all-available","Asia/Taipei","BTCUSDT","BTC-260902-74000-P","2026-09-02","74000","PUT","1h","2026-09-01 01:00:00","2026-09-01 09:00:00","10.000","10.000","10.000","10.000","1.00","2026-09-01 01:59:59","2026-09-01 09:59:59","10.00000","6","0.00","0.00000"
"all-available","Asia/Taipei","BTCUSDT","BTC-260902-74000-P","2026-09-02","74000","PUT","1h","2026-09-01 02:00:00","2026-09-01 10:00:00","15.000","15.000","15.000","15.000","0.57","2026-09-01 02:59:59","2026-09-01 10:59:59","8.55000","1","0.00","0.00000"
"all-available","Asia/Taipei","BTCUSDT","BTC-260902-74000-P","2026-09-02","74000","PUT","1h","2026-09-01 03:00:00","2026-09-01 11:00:00","15.000","15.000","15.000","15.000","0.00","2026-09-01 03:59:59","2026-09-01 11:59:59","0.00000","0","0.00","0.00000"
"all-available","Asia/Taipei","BTCUSDT","BTC-260902-74000-P","2026-09-02","74000","PUT","1h","2026-09-01 04:00:00","2026-09-01 12:00:00","15.000","15.000","15.000","15.000","0.00","2026-09-01 04:59:59","2026-09-01 12:59:59","0.00000","0","0.00","0.00000"
"all-available","Asia/Taipei","BTCUSDT","BTC-260902-74000-P","2026-09-02","74000","PUT","1h","2026-09-01 05:00:00","2026-09-01 13:00:00","15.000","15.000","15.000","15.000","0.00","2026-09-01 05:59:59","2026-09-01 13:59:59","0.00000","0","0.00","0.00000"
"all-available","Asia/Taipei","BTCUSDT","BTC-260902-74000-P","2026-09-02","74000","PUT","1h","2026-09-01 06:00:00","2026-09-01 14:00:00","15.000","15.000","15.000","15.000","0.00","2026-09-01 06:59:59","2026-09-01 14:59:59","0.00000","0","0.00","0.00000"
"all-available","Asia/Taipei","BTCUSDT","BTC-260902-74000-P","2026-09-02","74000","PUT","1h","2026-09-01 07:00:00","2026-09-01 15:00:00","10.000","10.000","10.000","10.000","5.12","2026-09-01 07:59:59","2026-09-01 15:59:59","51.20000","2","0.00","0.00000"
"all-available","Asia/Taipei","BTCUSDT","BTC-260902-74000-P","2026-09-02","74000","PUT","1h","2026-09-01 08:00:00","2026-09-01 16:00:00","10.000","15.000","10.000","10.000","213.35","2026-09-01 08:59:59","2026-09-01 16:59:59","2140.50000","58","7.57","82.70000"
"all-available","Asia/Taipei","BTCUSDT","BTC-260902-74000-P","2026-09-02","74000","PUT","1h","2026-09-01 09:00:00","2026-09-01 17:00:00","10.000","15.000","10.000","15.000","2.02","2026-09-01 09:59:59","2026-09-01 17:59:59","27.20000","15","1.40","21.00000"
"all-available","Asia/Taipei","BTCUSDT","BTC-260902-74000-P","2026-09-02","74000","PUT","1h","2026-09-01 10:00:00","2026-09-01 18:00:00","10.000","15.000","5.000","5.000","12.62","2026-09-01 10:59:59","2026-09-01 18:59:59","86.60000","21","2.18","22.70000"
"all-available","Asia/Taipei","BTCUSDT","BTC-260902-74000-P","2026-09-02","74000","PUT","1h","2026-09-01 11:00:00","2026-09-01 19:00:00","10.000","10.000","5.000","5.000","4.93","2026-09-01 11:59:59","2026-09-01 19:59:59","25.05000","8","2.63","13.55000"
"all-available","Asia/Taipei","BTCUSDT","BTC-260902-74000-P","2026-09-02","74000","PUT","1h","2026-09-01 12:00:00","2026-09-01 20:00:00","5.000","5.000","5.000","5.000","6.31","2026-09-01 12:59:59","2026-09-01 20:59:59","31.55000","6","6.31","31.55000"
"all-available","Asia/Taipei","BTCUSDT","BTC-260902-74000-P","2026-09-02","74000","PUT","1h","2026-09-01 13:00:00","2026-09-01 21:00:00","5.000","10.000","5.000","5.000","26.61","2026-09-01 13:59:59","2026-09-01 21:59:59","157.40000","25","26.61","157.40000"
"all-available","Asia/Taipei","BTCUSDT","BTC-260902-74000-P","2026-09-02","74000","PUT","1h","2026-09-01 14:00:00","2026-09-01 22:00:00","5.000","5.000","5.000","5.000","1.58","2026-09-01 14:59:59","2026-09-01 22:59:59","7.90000","4","1.58","7.90000"
"all-available","Asia/Taipei","BTCUSDT","BTC-260902-74000-P","2026-09-02","74000","PUT","1h","2026-09-01 15:00:00","2026-09-01 23:00:00","10.000","10.000","10.000","10.000","1.34","2026-09-01 15:59:59","2026-09-01 23:59:59","13.40000","6","0.24","2.40000"
"all-available","Asia/Taipei","BTCUSDT","BTC-260902-74000-P","2026-09-02","74000","PUT","1h","2026-09-01 16:00:00","2026-09-02 00:00:00","10.000","15.000","10.000","15.000","50.35","2026-09-01 16:59:59","2026-09-02 00:59:59","691.20000","24","50.00","687.70000"
"all-available","Asia/Taipei","BTCUSDT","BTC-260902-74000-P","2026-09-02","74000","PUT","1h","2026-09-01 17:00:00","2026-09-02 01:00:00","10.000","10.000","10.000","10.000","12.17","2026-09-01 17:59:59","2026-09-02 01:59:59","121.70000","11","10.32","103.20000"
"all-available","Asia/Taipei","BTCUSDT","BTC-260902-74000-P","2026-09-02","74000","PUT","1h","2026-09-01 18:00:00","2026-09-02 02:00:00","10.000","30.000","10.000","15.000","41.56","2026-09-01 18:59:59","2026-09-02 02:59:59","807.20000","58","3.31","80.45000"
"all-available","Asia/Taipei","BTCUSDT","BTC-260902-74000-P","2026-09-02","74000","PUT","1h","2026-09-01 19:00:00","2026-09-02 03:00:00","10.000","10.000","10.000","10.000","0.10","2026-09-01 19:59:59","2026-09-02 03:59:59","1.00000","2","0.00","0.00000"
"all-available","Asia/Taipei","BTCUSDT","BTC-260902-74000-P","2026-09-02","74000","PUT","1h","2026-09-01 20:00:00","2026-09-02 04:00:00","10.000","10.000","10.000","10.000","4.10","2026-09-01 20:59:59","2026-09-02 04:59:59","41.00000","2","4.10","41.00000"
"all-available","Asia/Taipei","BTCUSDT","BTC-260902-74000-P","2026-09-02","74000","PUT","1h","2026-09-01 21:00:00","2026-09-02 05:00:00","10.000","15.000","10.000","15.000","2.52","2026-09-01 21:59:59","2026-09-02 05:59:59","27.70000","10","1.51","17.60000"
"all-available","Asia/Taipei","BTCUSDT","BTC-260902-74000-P","2026-09-02","74000","PUT","1h","2026-09-01 22:00:00","2026-09-02 06:00:00","10.000","10.000","5.000","5.000","2.86","2026-09-01 22:59:59","2026-09-02 06:59:59","14.50000","3","0.04","0.40000"
"all-available","Asia/Taipei","BTCUSDT","BTC-260902-74000-P","2026-09-02","74000","PUT","1h","2026-09-01 23:00:00","2026-09-02 07:00:00","5.000","5.000","5.000","5.000","19.76","2026-09-01 23:59:59","2026-09-02 07:59:59","98.80000","10","0.00","0.00000"
"all-available","Asia/Taipei","BTCUSDT","BTC-260902-74000-P","2026-09-02","74000","PUT","1h","2026-09-02 00:00:00","2026-09-02 08:00:00","5.000","5.000","5.000","5.000","0.00","2026-09-02 00:59:59","2026-09-02 08:59:59","0.00000","0","0.00","0.00000"
"all-available","Asia/Taipei","BTCUSDT","BTC-260902-74000-P","2026-09-02","74000","PUT","1h","2026-09-02 01:00:00","2026-09-02 09:00:00","5.000","5.000","5.000","5.000","6.00","2026-09-02 01:59:59","2026-09-02 09:59:59","30.00000","1","6.00","30.00000"
"all-available","Asia/Taipei","BTCUSDT","BTC-260902-74000-P","2026-09-02","74000","PUT","1h","2026-09-02 02:00:00","2026-09-02 10:00:00","5.000","5.000","5.000","5.000","0.90","2026-09-02 02:59:59","2026-09-02 10:59:59","4.50000","5","0.90","4.50000"
"all-available","Asia/Taipei","BTCUSDT","BTC-260902-74000-P","2026-09-02","74000","PUT","1h","2026-09-02 03:00:00","2026-09-02 11:00:00","5.000","5.000","5.000","5.000","0.00","2026-09-02 03:59:59","2026-09-02 11:59:59","0.00000","0","0.00","0.00000"
"all-available","Asia/Taipei","BTCUSDT","BTC-260902-74000-P","2026-09-02","74000","PUT","1h","2026-09-02 04:00:00","2026-09-02 12:00:00","5.000","5.000","5.000","5.000","0.00","2026-09-02 04:59:59","2026-09-02 12:59:59","0.00000","0","0.00","0.00000"
"all-available","Asia/Taipei","BTCUSDT","BTC-260902-74000-P","2026-09-02","74000","PUT","1h","2026-09-02 05:00:00","2026-09-02 13:00:00","5.000","5.000","5.000","5.000","0.00","2026-09-02 05:59:59","2026-09-02 13:59:59","0.00000","0","0.00","0.00000"
"all-available","Asia/Taipei","BTCUSDT","BTC-260902-74000-P","2026-09-02","74000","PUT","1h","2026-09-02 06:00:00","2026-09-02 14:00:00","5.000","5.000","5.000","5.000","0.00","2026-09-02 06:59:59","2026-09-02 14:59:59","0.00000","0","0.00","0.00000"
"all-available","Asia/Taipei","BTCUSDT","BTC-260902-74000-P","2026-09-02","74000","PUT","1h","2026-09-02 07:00:00","2026-09-02 15:00:00","5.000","5.000","5.000","5.000","0.00","2026-09-02 07:59:59","2026-09-02 15:59:59","0.00000","0","0.00","0.00000"
"all-available","Asia/Taipei","BTCUSDT","BTC-260902-75500-C","2026-09-02","75500","CALL","1h","2026-08-31 04:00:00","2026-08-31 12:00:00","2315.000","2315.000","2315.000","2315.000","0.01","2026-08-31 04:59:59","2026-08-31 12:59:59","23.15000","1","0.00","0.00000"
"all-available","Asia/Taipei","BTCUSDT","BTC-260902-75500-C","2026-09-02","75500","CALL","1h","2026-08-31 05:00:00","2026-08-31 13:00:00","2380.000","2380.000","2380.000","2380.000","0.01","2026-08-31 05:59:59","2026-08-31 13:59:59","23.80000","1","0.00","0.00000"
"all-available","Asia/Taipei","BTCUSDT","BTC-260902-75500-C","2026-09-02","75500","CALL","1h","2026-08-31 06:00:00","2026-08-31 14:00:00","2380.000","2380.000","2380.000","2380.000","0.00","2026-08-31 06:59:59","2026-08-31 14:59:59","0.00000","0","0.00","0.00000"
"all-available","Asia/Taipei","BTCUSDT","BTC-260902-75500-C","2026-09-02","75500","CALL","1h","2026-08-31 07:00:00","2026-08-31 15:00:00","2380.000","2380.000","2380.000","2380.000","0.00","2026-08-31 07:59:59","2026-08-31 15:59:59","0.00000","0","0.00","0.00000"
"all-available","Asia/Taipei","BTCUSDT","BTC-260902-75500-C","2026-09-02","75500","CALL","1h","2026-08-31 08:00:00","2026-08-31 16:00:00","2935.000","2935.000","2935.000","2935.000","0.43","2026-08-31 08:59:59","2026-08-31 16:59:59","1262.05000","2","0.00","0.00000"
"all-available","Asia/Taipei","BTCUSDT","BTC-260902-75500-C","2026-09-02","75500","CALL","1h","2026-08-31 09:00:00","2026-08-31 17:00:00","2935.000","2935.000","2935.000","2935.000","0.00","2026-08-31 09:59:59","2026-08-31 17:59:59","0.00000","0","0.00","0.00000"
"all-available","Asia/Taipei","BTCUSDT","BTC-260902-75500-C","2026-09-02","75500","CALL","1h","2026-08-31 10:00:00","2026-08-31 18:00:00","2935.000","2935.000","2935.000","2935.000","0.00","2026-08-31 10:59:59","2026-08-31 18:59:59","0.00000","0","0.00","0.00000"
"all-available","Asia/Taipei","BTCUSDT","BTC-260902-75500-C","2026-09-02","75500","CALL","1h","2026-08-31 11:00:00","2026-08-31 19:00:00","2935.000","2935.000","2935.000","2935.000","0.00","2026-08-31 11:59:59","2026-08-31 19:59:59","0.00000","0","0.00","0.00000"
"all-available","Asia/Taipei","BTCUSDT","BTC-260902-75500-C","2026-09-02","75500","CALL","1h","2026-08-31 12:00:00","2026-08-31 20:00:00","2935.000","2935.000","2935.000","2935.000","0.00","2026-08-31 12:59:59","2026-08-31 20:59:59","0.00000","0","0.00","0.00000"
"all-available","Asia/Taipei","BTCUSDT","BTC-260902-75500-C","2026-09-02","75500","CALL","1h","2026-08-31 13:00:00","2026-08-31 21:00:00","2935.000","2935.000","2935.000","2935.000","0.00","2026-08-31 13:59:59","2026-08-31 21:59:59","0.00000","0","0.00","0.00000"
"all-available","Asia/Taipei","BTCUSDT","BTC-260902-75500-C","2026-09-02","75500","CALL","1h","2026-08-31 14:00:00","2026-08-31 22:00:00","2935.000","2935.000","2935.000","2935.000","0.00","2026-08-31 14:59:59","2026-08-31 22:59:59","0.00000","0","0.00","0.00000"
"all-available","Asia/Taipei","BTCUSDT","BTC-260902-75500-C","2026-09-02","75500","CALL","1h","2026-08-31 15:00:00","2026-08-31 23:00:00","2935.000","2935.000","2935.000","2935.000","0.00","2026-08-31 15:59:59","2026-08-31 23:59:59","0.00000","0","0.00","0.00000"
"all-available","Asia/Taipei","BTCUSDT","BTC-260902-75500-C","2026-09-02","75500","CALL","1h","2026-08-31 16:00:00","2026-09-01 00:00:00","2935.000","2935.000","2935.000","2935.000","0.00","2026-08-31 16:59:59","2026-09-01 00:59:59","0.00000","0","0.00","0.00000"
"all-available","Asia/Taipei","BTCUSDT","BTC-260902-75500-C","2026-09-02","75500","CALL","1h","2026-08-31 17:00:00","2026-09-01 01:00:00","2935.000","2935.000","2935.000","2935.000","0.00","2026-08-31 17:59:59","2026-09-01 01:59:59","0.00000","0","0.00","0.00000"
"all-available","Asia/Taipei","BTCUSDT","BTC-260902-75500-C","2026-09-02","75500","CALL","1h","2026-08-31 18:00:00","2026-09-01 02:00:00","2935.000","2935.000","2935.000","2935.000","0.00","2026-08-31 18:59:59","2026-09-01 02:59:59","0.00000","0","0.00","0.00000"
"all-available","Asia/Taipei","BTCUSDT","BTC-260902-75500-C","2026-09-02","75500","CALL","1h","2026-08-31 19:00:00","2026-09-01 03:00:00","2935.000","2935.000","2935.000","2935.000","0.00","2026-08-31 19:59:59","2026-09-01 03:59:59","0.00000","0","0.00","0.00000"
"all-available","Asia/Taipei","BTCUSDT","BTC-260902-75500-C","2026-09-02","75500","CALL","1h","2026-08-31 20:00:00","2026-09-01 04:00:00","2935.000","2935.000","2935.000","2935.000","0.00","2026-08-31 20:59:59","2026-09-01 04:59:59","0.00000","0","0.00","0.00000"
"all-available","Asia/Taipei","BTCUSDT","BTC-260902-75500-C","2026-09-02","75500","CALL","1h","2026-08-31 21:00:00","2026-09-01 05:00:00","2935.000","2935.000","2935.000","2935.000","0.00","2026-08-31 21:59:59","2026-09-01 05:59:59","0.00000","0","0.00","0.00000"
"all-available","Asia/Taipei","BTCUSDT","BTC-260902-75500-C","2026-09-02","75500","CALL","1h","2026-08-31 22:00:00","2026-09-01 06:00:00","2935.000","2935.000","2935.000","2935.000","0.00","2026-08-31 22:59:59","2026-09-01 06:59:59","0.00000","0","0.00","0.00000"
"all-available","Asia/Taipei","BTCUSDT","BTC-260902-75500-C","2026-09-02","75500","CALL","1h","2026-08-31 23:00:00","2026-09-01 07:00:00","2935.000","2935.000","2935.000","2935.000","0.00","2026-08-31 23:59:59","2026-09-01 07:59:59","0.00000","0","0.00","0.00000"
"all-available","Asia/Taipei","BTCUSDT","BTC-260902-75500-C","2026-09-02","75500","CALL","1h","2026-09-01 00:00:00","2026-09-01 08:00:00","2935.000","2935.000","2935.000","2935.000","0.00","2026-09-01 00:59:59","2026-09-01 08:59:59","0.00000","0","0.00","0.00000"
"all-available","Asia/Taipei","BTCUSDT","BTC-260902-75500-C","2026-09-02","75500","CALL","1h","2026-09-01 01:00:00","2026-09-01 09:00:00","2935.000","2935.000","2935.000","2935.000","0.00","2026-09-01 01:59:59","2026-09-01 09:59:59","0.00000","0","0.00","0.00000"
"all-available","Asia/Taipei","BTCUSDT","BTC-260902-75500-C","2026-09-02","75500","CALL","1h","2026-09-01 02:00:00","2026-09-01 10:00:00","2935.000","2935.000","2935.000","2935.000","0.00","2026-09-01 02:59:59","2026-09-01 10:59:59","0.00000","0","0.00","0.00000"
"all-available","Asia/Taipei","BTCUSDT","BTC-260902-75500-C","2026-09-02","75500","CALL","1h","2026-09-01 03:00:00","2026-09-01 11:00:00","2935.000","2935.000","2935.000","2935.000","0.00","2026-09-01 03:59:59","2026-09-01 11:59:59","0.00000","0","0.00","0.00000"
"all-available","Asia/Taipei","BTCUSDT","BTC-260902-75500-C","2026-09-02","75500","CALL","1h","2026-09-01 04:00:00","2026-09-01 12:00:00","2935.000","2935.000","2935.000","2935.000","0.00","2026-09-01 04:59:59","2026-09-01 12:59:59","0.00000","0","0.00","0.00000"
"all-available","Asia/Taipei","BTCUSDT","BTC-260902-75500-C","2026-09-02","75500","CALL","1h","2026-09-01 05:00:00","2026-09-01 13:00:00","2935.000","2935.000","2935.000","2935.000","0.00","2026-09-01 05:59:59","2026-09-01 13:59:59","0.00000","0","0.00","0.00000"
"all-available","Asia/Taipei","BTCUSDT","BTC-260902-75500-C","2026-09-02","75500","CALL","1h","2026-09-01 06:00:00","2026-09-01 14:00:00","2935.000","2935.000","2935.000","2935.000","0.00","2026-09-01 06:59:59","2026-09-01 14:59:59","0.00000","0","0.00","0.00000"
"all-available","Asia/Taipei","BTCUSDT","BTC-260902-75500-C","2026-09-02","75500","CALL","1h","2026-09-01 07:00:00","2026-09-01 15:00:00","3100.000","3100.000","3100.000","3100.000","0.43","2026-09-01 07:59:59","2026-09-01 15:59:59","1333.00000","4","0.43","1333.00000"
"all-available","Asia/Taipei","BTCUSDT","BTC-260902-75500-C","2026-09-02","75500","CALL","1h","2026-09-01 08:00:00","2026-09-01 16:00:00","3100.000","3100.000","3100.000","3100.000","0.00","2026-09-01 08:59:59","2026-09-01 16:59:59","0.00000","0","0.00","0.00000"
"all-available","Asia/Taipei","BTCUSDT","BTC-260902-75500-C","2026-09-02","75500","CALL","1h","2026-09-01 09:00:00","2026-09-01 17:00:00","3100.000","3100.000","3100.000","3100.000","0.00","2026-09-01 09:59:59","2026-09-01 17:59:59","0.00000","0","0.00","0.00000"
"all-available","Asia/Taipei","BTCUSDT","BTC-260902-75500-C","2026-09-02","75500","CALL","1h","2026-09-01 10:00:00","2026-09-01 18:00:00","3100.000","3100.000","3100.000","3100.000","0.00","2026-09-01 10:59:59","2026-09-01 18:59:59","0.00000","0","0.00","0.00000"
"all-available","Asia/Taipei","BTCUSDT","BTC-260902-75500-C","2026-09-02","75500","CALL","1h","2026-09-01 11:00:00","2026-09-01 19:00:00","3100.000","3100.000","3100.000","3100.000","0.00","2026-09-01 11:59:59","2026-09-01 19:59:59","0.00000","0","0.00","0.00000"
"all-available","Asia/Taipei","BTCUSDT","BTC-260902-75500-C","2026-09-02","75500","CALL","1h","2026-09-01 12:00:00","2026-09-01 20:00:00","3100.000","3100.000","3100.000","3100.000","0.00","2026-09-01 12:59:59","2026-09-01 20:59:59","0.00000","0","0.00","0.00000"
"all-available","Asia/Taipei","BTCUSDT","BTC-260902-75500-C","2026-09-02","75500","CALL","1h","2026-09-01 13:00:00","2026-09-01 21:00:00","3100.000","3100.000","3100.000","3100.000","0.00","2026-09-01 13:59:59","2026-09-01 21:59:59","0.00000","0","0.00","0.00000"
"all-available","Asia/Taipei","BTCUSDT","BTC-260902-75500-C","2026-09-02","75500","CALL","1h","2026-09-01 14:00:00","2026-09-01 22:00:00","3100.000","3100.000","3100.000","3100.000","0.00","2026-09-01 14:59:59","2026-09-01 22:59:59","0.00000","0","0.00","0.00000"
"all-available","Asia/Taipei","BTCUSDT","BTC-260902-75500-C","2026-09-02","75500","CALL","1h","2026-09-01 15:00:00","2026-09-01 23:00:00","3100.000","3100.000","3100.000","3100.000","0.00","2026-09-01 15:59:59","2026-09-01 23:59:59","0.00000","0","0.00","0.00000"
"all-available","Asia/Taipei","BTCUSDT","BTC-260902-75500-C","2026-09-02","75500","CALL","1h","2026-09-01 16:00:00","2026-09-02 00:00:00","3100.000","3100.000","3100.000","3100.000","0.00","2026-09-01 16:59:59","2026-09-02 00:59:59","0.00000","0","0.00","0.00000"
"all-available","Asia/Taipei","BTCUSDT","BTC-260902-75500-C","2026-09-02","75500","CALL","1h","2026-09-01 17:00:00","2026-09-02 01:00:00","3100.000","3100.000","3100.000","3100.000","0.00","2026-09-01 17:59:59","2026-09-02 01:59:59","0.00000","0","0.00","0.00000"
"all-available","Asia/Taipei","BTCUSDT","BTC-260902-75500-C","2026-09-02","75500","CALL","1h","2026-09-01 18:00:00","2026-09-02 02:00:00","3100.000","3100.000","3100.000","3100.000","0.00","2026-09-01 18:59:59","2026-09-02 02:59:59","0.00000","0","0.00","0.00000"
"all-available","Asia/Taipei","BTCUSDT","BTC-260902-75500-C","2026-09-02","75500","CALL","1h","2026-09-01 19:00:00","2026-09-02 03:00:00","3100.000","3100.000","3100.000","3100.000","0.00","2026-09-01 19:59:59","2026-09-02 03:59:59","0.00000","0","0.00","0.00000"
"all-available","Asia/Taipei","BTCUSDT","BTC-260902-75500-C","2026-09-02","75500","CALL","1h","2026-09-01 20:00:00","2026-09-02 04:00:00","3100.000","3100.000","3100.000","3100.000","0.00","2026-09-01 20:59:59","2026-09-02 04:59:59","0.00000","0","0.00","0.00000"
"all-available","Asia/Taipei","BTCUSDT","BTC-260902-75500-C","2026-09-02","75500","CALL","1h","2026-09-01 21:00:00","2026-09-02 05:00:00","3100.000","3100.000","3100.000","3100.000","0.00","2026-09-01 21:59:59","2026-09-02 05:59:59","0.00000","0","0.00","0.00000"
"all-available","Asia/Taipei","BTCUSDT","BTC-260902-75500-C","2026-09-02","75500","CALL","1h","2026-09-01 22:00:00","2026-09-02 06:00:00","3100.000","3100.000","3100.000","3100.000","0.00","2026-09-01 22:59:59","2026-09-02 06:59:59","0.00000","0","0.00","0.00000"
"all-available","Asia/Taipei","BTCUSDT","BTC-260902-75500-C","2026-09-02","75500","CALL","1h","2026-09-01 23:00:00","2026-09-02 07:00:00","3100.000","3100.000","3100.000","3100.000","0.00","2026-09-01 23:59:59","2026-09-02 07:59:59","0.00000","0","0.00","0.00000"
"all-available","Asia/Taipei","BTCUSDT","BTC-260902-75500-C","2026-09-02","75500","CALL","1h","2026-09-02 00:00:00","2026-09-02 08:00:00","3100.000","3100.000","3100.000","3100.000","0.00","2026-09-02 00:59:59","2026-09-02 08:59:59","0.00000","0","0.00","0.00000"
"all-available","Asia/Taipei","BTCUSDT","BTC-260902-75500-C","2026-09-02","75500","CALL","1h","2026-09-02 01:00:00","2026-09-02 09:00:00","3100.000","3100.000","3100.000","3100.000","0.00","2026-09-02 01:59:59","2026-09-02 09:59:59","0.00000","0","0.00","0.00000"
"all-available","Asia/Taipei","BTCUSDT","BTC-260902-75500-C","2026-09-02","75500","CALL","1h","2026-09-02 02:00:00","2026-09-02 10:00:00","3100.000","3100.000","3100.000","3100.000","0.00","2026-09-02 02:59:59","2026-09-02 10:59:59","0.00000","0","0.00","0.00000"
"all-available","Asia/Taipei","BTCUSDT","BTC-260902-75500-C","2026-09-02","75500","CALL","1h","2026-09-02 03:00:00","2026-09-02 11:00:00","3100.000","3100.000","3100.000","3100.000","0.00","2026-09-02 03:59:59","2026-09-02 11:59:59","0.00000","0","0.00","0.00000"
"all-available","Asia/Taipei","BTCUSDT","BTC-260902-75500-C","2026-09-02","75500","CALL","1h","2026-09-02 04:00:00","2026-09-02 12:00:00","3100.000","3100.000","3100.000","3100.000","0.00","2026-09-02 04:59:59","2026-09-02 12:59:59","0.00000","0","0.00","0.00000"
"all-available","Asia/Taipei","BTCUSDT","BTC-260902-75500-C","2026-09-02","75500","CALL","1h","2026-09-02 05:00:00","2026-09-02 13:00:00","3100.000","3100.000","3100.000","3100.000","0.00","2026-09-02 05:59:59","2026-09-02 13:59:59","0.00000","0","0.00","0.00000"
"all-available","Asia/Taipei","BTCUSDT","BTC-260902-75500-C","2026-09-02","75500","CALL","1h","2026-09-02 06:00:00","2026-09-02 14:00:00","3100.000","3100.000","3100.000","3100.000","0.00","2026-09-02 06:59:59","2026-09-02 14:59:59","0.00000","0","0.00","0.00000"
"all-available","Asia/Taipei","BTCUSDT","BTC-260902-75500-C","2026-09-02","75500","CALL","1h","2026-09-02 07:00:00","2026-09-02 15:00:00","3100.000","3100.000","3100.000","3100.000","0.00","2026-09-02 07:59:59","2026-09-02 15:59:59","0.00000","0","0.00","0.00000"
"all-available","Asia/Taipei","BTCUSDT","BTC-260902-75500-P","2026-09-02","75500","PUT","1h","2026-08-30 08:00:00","2026-08-30 16:00:00","110.000","135.000","110.000","135.000","1.13","2026-08-30 08:59:59","2026-08-30 16:59:59","142.25000","6","0.70","94.50000"
"all-available","Asia/Taipei","BTCUSDT","BTC-260902-75500-P","2026-09-02","75500","PUT","1h","2026-08-30 09:00:00","2026-08-30 17:00:00","135.000","135.000","135.000","135.000","0.00","2026-08-30 09:59:59","2026-08-30 17:59:59","0.00000","0","0.00","0.00000"
"all-available","Asia/Taipei","BTCUSDT","BTC-260902-75500-P","2026-09-02","75500","PUT","1h","2026-08-30 10:00:00","2026-08-30 18:00:00","120.000","120.000","120.000","120.000","0.71","2026-08-30 10:59:59","2026-08-30 18:59:59","85.20000","1","0.00","0.00000"
"all-available","Asia/Taipei","BTCUSDT","BTC-260902-75500-P","2026-09-02","75500","PUT","1h","2026-08-30 11:00:00","2026-08-30 19:00:00","105.000","105.000","105.000","105.000","0.01","2026-08-30 11:59:59","2026-08-30 19:59:59","1.05000","1","0.00","0.00000"
"all-available","Asia/Taipei","BTCUSDT","BTC-260902-75500-P","2026-09-02","75500","PUT","1h","2026-08-30 12:00:00","2026-08-30 20:00:00","95.000","95.000","90.000","90.000","4.76","2026-08-30 12:59:59","2026-08-30 20:59:59","438.90000","9","2.64","248.10000"
"all-available","Asia/Taipei","BTCUSDT","BTC-260902-75500-P","2026-09-02","75500","PUT","1h","2026-08-30 13:00:00","2026-08-30 21:00:00","90.000","90.000","90.000","90.000","0.00","2026-08-30 13:59:59","2026-08-30 21:59:59","0.00000","0","0.00","0.00000"
"all-available","Asia/Taipei","BTCUSDT","BTC-260902-75500-P","2026-09-02","75500","PUT","1h","2026-08-30 14:00:00","2026-08-30 22:00:00","75.000","75.000","75.000","75.000","1.30","2026-08-30 14:59:59","2026-08-30 22:59:59","97.50000","2","1.30","97.50000"
"all-available","Asia/Taipei","BTCUSDT","BTC-260902-75500-P","2026-09-02","75500","PUT","1h","2026-08-30 15:00:00","2026-08-30 23:00:00","75.000","75.000","75.000","75.000","0.00","2026-08-30 15:59:59","2026-08-30 23:59:59","0.00000","0","0.00","0.00000"
"all-available","Asia/Taipei","BTCUSDT","BTC-260902-75500-P","2026-09-02","75500","PUT","1h","2026-08-30 16:00:00","2026-08-31 00:00:00","55.000","55.000","55.000","55.000","0.66","2026-08-30 16:59:59","2026-08-31 00:59:59","36.30000","4","0.66","36.30000"
"all-available","Asia/Taipei","BTCUSDT","BTC-260902-75500-P","2026-09-02","75500","PUT","1h","2026-08-30 17:00:00","2026-08-31 01:00:00","55.000","55.000","55.000","55.000","0.00","2026-08-30 17:59:59","2026-08-31 01:59:59","0.00000","0","0.00","0.00000"
"all-available","Asia/Taipei","BTCUSDT","BTC-260902-75500-P","2026-09-02","75500","PUT","1h","2026-08-30 18:00:00","2026-08-31 02:00:00","55.000","55.000","55.000","55.000","0.00","2026-08-30 18:59:59","2026-08-31 02:59:59","0.00000","0","0.00","0.00000"
"all-available","Asia/Taipei","BTCUSDT","BTC-260902-75500-P","2026-09-02","75500","PUT","1h","2026-08-30 19:00:00","2026-08-31 03:00:00","70.000","70.000","70.000","70.000","0.20","2026-08-30 19:59:59","2026-08-31 03:59:59","14.00000","1","0.20","14.00000"
"all-available","Asia/Taipei","BTCUSDT","BTC-260902-75500-P","2026-09-02","75500","PUT","1h","2026-08-30 20:00:00","2026-08-31 04:00:00","80.000","80.000","80.000","80.000","0.20","2026-08-30 20:59:59","2026-08-31 04:59:59","16.00000","1","0.00","0.00000"
"all-available","Asia/Taipei","BTCUSDT","BTC-260902-75500-P","2026-09-02","75500","PUT","1h","2026-08-30 21:00:00","2026-08-31 05:00:00","80.000","80.000","80.000","80.000","0.00","2026-08-30 21:59:59","2026-08-31 05:59:59","0.00000","0","0.00","0.00000"
"all-available","Asia/Taipei","BTCUSDT","BTC-260902-75500-P","2026-09-02","75500","PUT","1h","2026-08-30 22:00:00","2026-08-31 06:00:00","80.000","80.000","80.000","80.000","0.00","2026-08-30 22:59:59","2026-08-31 06:59:59","0.00000","0","0.00","0.00000"
"all-available","Asia/Taipei","BTCUSDT","BTC-260902-75500-P","2026-09-02","75500","PUT","1h","2026-08-30 23:00:00","2026-08-31 07:00:00","90.000","325.000","90.000","255.000","3.09","2026-08-30 23:59:59","2026-08-31 07:59:59","848.00000","10","0.07","6.30000"
"all-available","Asia/Taipei","BTCUSDT","BTC-260902-75500-P","2026-09-02","75500","PUT","1h","2026-08-31 00:00:00","2026-08-31 08:00:00","165.000","165.000","165.000","165.000","0.01","2026-08-31 00:59:59","2026-08-31 08:59:59","1.65000","1","0.01","1.65000"
"all-available","Asia/Taipei","BTCUSDT","BTC-260902-75500-P","2026-09-02","75500","PUT","1h","2026-08-31 01:00:00","2026-08-31 09:00:00","165.000","165.000","165.000","165.000","0.00","2026-08-31 01:59:59","2026-08-31 09:59:59","0.00000","0","0.00","0.00000"
"all-available","Asia/Taipei","BTCUSDT","BTC-260902-75500-P","2026-09-02","75500","PUT","1h","2026-08-31 02:00:00","2026-08-31 10:00:00","165.000","165.000","165.000","165.000","0.00","2026-08-31 02:59:59","2026-08-31 10:59:59","0.00000","0","0.00","0.00000"
"all-available","Asia/Taipei","BTCUSDT","BTC-260902-75500-P","2026-09-02","75500","PUT","1h","2026-08-31 03:00:00","2026-08-31 11:00:00","175.000","175.000","175.000","175.000","0.54","2026-08-31 03:59:59","2026-08-31 11:59:59","94.50000","1","0.00","0.00000"
"all-available","Asia/Taipei","BTCUSDT","BTC-260902-75500-P","2026-09-02","75500","PUT","1h","2026-08-31 04:00:00","2026-08-31 12:00:00","175.000","175.000","175.000","175.000","0.00","2026-08-31 04:59:59","2026-08-31 12:59:59","0.00000","0","0.00","0.00000"
"all-available","Asia/Taipei","BTCUSDT","BTC-260902-75500-P","2026-09-02","75500","PUT","1h","2026-08-31 05:00:00","2026-08-31 13:00:00","120.000","120.000","120.000","120.000","1.15","2026-08-31 05:59:59","2026-08-31 13:59:59","138.00000","3","1.15","138.00000"
"all-available","Asia/Taipei","BTCUSDT","BTC-260902-75500-P","2026-09-02","75500","PUT","1h","2026-08-31 06:00:00","2026-08-31 14:00:00","115.000","115.000","100.000","100.000","2.16","2026-08-31 06:59:59","2026-08-31 14:59:59","216.80000","3","0.06","6.80000"
"all-available","Asia/Taipei","BTCUSDT","BTC-260902-75500-P","2026-09-02","75500","PUT","1h","2026-08-31 07:00:00","2026-08-31 15:00:00","80.000","80.000","80.000","80.000","0.01","2026-08-31 07:59:59","2026-08-31 15:59:59","0.80000","1","0.00","0.00000"
"all-available","Asia/Taipei","BTCUSDT","BTC-260902-75500-P","2026-09-02","75500","PUT","1h","2026-08-31 08:00:00","2026-08-31 16:00:00","80.000","80.000","80.000","80.000","0.45","2026-08-31 08:59:59","2026-08-31 16:59:59","36.00000","3","0.45","36.00000"
"all-available","Asia/Taipei","BTCUSDT","BTC-260902-75500-P","2026-09-02","75500","PUT","1h","2026-08-31 09:00:00","2026-08-31 17:00:00","80.000","80.000","80.000","80.000","0.00","2026-08-31 09:59:59","2026-08-31 17:59:59","0.00000","0","0.00","0.00000"
"all-available","Asia/Taipei","BTCUSDT","BTC-260902-75500-P","2026-09-02","75500","PUT","1h","2026-08-31 10:00:00","2026-08-31 18:00:00","80.000","80.000","80.000","80.000","0.00","2026-08-31 10:59:59","2026-08-31 18:59:59","0.00000","0","0.00","0.00000"
"all-available","Asia/Taipei","BTCUSDT","BTC-260902-75500-P","2026-09-02","75500","PUT","1h","2026-08-31 11:00:00","2026-08-31 19:00:00","80.000","80.000","80.000","80.000","0.00","2026-08-31 11:59:59","2026-08-31 19:59:59","0.00000","0","0.00","0.00000"
"all-available","Asia/Taipei","BTCUSDT","BTC-260902-75500-P","2026-09-02","75500","PUT","1h","2026-08-31 12:00:00","2026-08-31 20:00:00","115.000","115.000","110.000","110.000","0.34","2026-08-31 12:59:59","2026-08-31 20:59:59","37.95000","2","0.34","37.95000"
"all-available","Asia/Taipei","BTCUSDT","BTC-260902-75500-P","2026-09-02","75500","PUT","1h","2026-08-31 13:00:00","2026-08-31 21:00:00","100.000","100.000","80.000","80.000","3.43","2026-08-31 13:59:59","2026-08-31 21:59:59","274.60000","3","0.00","0.00000"
"all-available","Asia/Taipei","BTCUSDT","BTC-260902-75500-P","2026-09-02","75500","PUT","1h","2026-08-31 14:00:00","2026-08-31 22:00:00","95.000","95.000","50.000","55.000","20.51","2026-08-31 14:59:59","2026-08-31 22:59:59","1227.55000","13","0.98","93.10000"
"all-available","Asia/Taipei","BTCUSDT","BTC-260902-75500-P","2026-09-02","75500","PUT","1h","2026-08-31 15:00:00","2026-08-31 23:00:00","60.000","60.000","60.000","60.000","0.91","2026-08-31 15:59:59","2026-08-31 23:59:59","54.60000","1","0.00","0.00000"
"all-available","Asia/Taipei","BTCUSDT","BTC-260902-75500-P","2026-09-02","75500","PUT","1h","2026-08-31 16:00:00","2026-09-01 00:00:00","35.000","35.000","25.000","25.000","0.52","2026-08-31 16:59:59","2026-09-01 00:59:59","18.00000","4","0.52","18.00000"
"all-available","Asia/Taipei","BTCUSDT","BTC-260902-75500-P","2026-09-02","75500","PUT","1h","2026-08-31 17:00:00","2026-09-01 01:00:00","25.000","25.000","25.000","25.000","0.00","2026-08-31 17:59:59","2026-09-01 01:59:59","0.00000","0","0.00","0.00000"
"all-available","Asia/Taipei","BTCUSDT","BTC-260902-75500-P","2026-09-02","75500","PUT","1h","2026-08-31 18:00:00","2026-09-01 02:00:00","15.000","20.000","15.000","20.000","0.44","2026-08-31 18:59:59","2026-09-01 02:59:59","8.75000","5","0.44","8.75000"
"all-available","Asia/Taipei","BTCUSDT","BTC-260902-75500-P","2026-09-02","75500","PUT","1h","2026-08-31 19:00:00","2026-09-01 03:00:00","10.000","20.000","10.000","20.000","1.31","2026-08-31 19:59:59","2026-09-01 03:59:59","21.10000","8","0.81","16.10000"
"all-available","Asia/Taipei","BTCUSDT","BTC-260902-75500-P","2026-09-02","75500","PUT","1h","2026-08-31 20:00:00","2026-09-01 04:00:00","20.000","25.000","20.000","25.000","1.62","2026-08-31 20:59:59","2026-09-01 04:59:59","34.40000","6","1.62","34.40000"
"all-available","Asia/Taipei","BTCUSDT","BTC-260902-75500-P","2026-09-02","75500","PUT","1h","2026-08-31 21:00:00","2026-09-01 05:00:00","25.000","25.000","25.000","25.000","0.00","2026-08-31 21:59:59","2026-09-01 05:59:59","0.00000","0","0.00","0.00000"
"all-available","Asia/Taipei","BTCUSDT","BTC-260902-75500-P","2026-09-02","75500","PUT","1h","2026-08-31 22:00:00","2026-09-01 06:00:00","25.000","25.000","25.000","25.000","1.01","2026-08-31 22:59:59","2026-09-01 06:59:59","25.25000","2","1.01","25.25000"
"all-available","Asia/Taipei","BTCUSDT","BTC-260902-75500-P","2026-09-02","75500","PUT","1h","2026-08-31 23:00:00","2026-09-01 07:00:00","35.000","45.000","35.000","40.000","1.12","2026-08-31 23:59:59","2026-09-01 07:59:59","41.20000","7","0.88","31.60000"
"all-available","Asia/Taipei","BTCUSDT","BTC-260902-75500-P","2026-09-02","75500","PUT","1h","2026-09-01 00:00:00","2026-09-01 08:00:00","30.000","30.000","30.000","30.000","4.93","2026-09-01 00:59:59","2026-09-01 08:59:59","147.90000","14","4.92","147.60000"
"all-available","Asia/Taipei","BTCUSDT","BTC-260902-75500-P","2026-09-02","75500","PUT","1h","2026-09-01 01:00:00","2026-09-01 09:00:00","35.000","40.000","35.000","40.000","1.08","2026-09-01 01:59:59","2026-09-01 09:59:59","43.15000","3","0.06","2.40000"
"all-available","Asia/Taipei","BTCUSDT","BTC-260902-75500-P","2026-09-02","75500","PUT","1h","2026-09-01 02:00:00","2026-09-01 10:00:00","45.000","45.000","45.000","45.000","0.82","2026-09-01 02:59:59","2026-09-01 10:59:59","36.90000","3","0.82","36.90000"
"all-available","Asia/Taipei","BTCUSDT","BTC-260902-75500-P","2026-09-02","75500","PUT","1h","2026-09-01 03:00:00","2026-09-01 11:00:00","30.000","30.000","30.000","30.000","0.01","2026-09-01 03:59:59","2026-09-01 11:59:59","0.30000","1","0.01","0.30000"
"all-available","Asia/Taipei","BTCUSDT","BTC-260902-75500-P","2026-09-02","75500","PUT","1h","2026-09-01 04:00:00","2026-09-01 12:00:00","30.000","35.000","30.000","35.000","4.92","2026-09-01 04:59:59","2026-09-01 12:59:59","172.05000","25","4.90","171.45000"
"all-available","Asia/Taipei","BTCUSDT","BTC-260902-75500-P","2026-09-02","75500","PUT","1h","2026-09-01 05:00:00","2026-09-01 13:00:00","25.000","25.000","25.000","25.000","0.43","2026-09-01 05:59:59","2026-09-01 13:59:59","10.75000","4","0.00","0.00000"
"all-available","Asia/Taipei","BTCUSDT","BTC-260902-75500-P","2026-09-02","75500","PUT","1h","2026-09-01 06:00:00","2026-09-01 14:00:00","25.000","25.000","25.000","25.000","1.95","2026-09-01 06:59:59","2026-09-01 14:59:59","48.75000","1","1.95","48.75000"
"all-available","Asia/Taipei","BTCUSDT","BTC-260902-75500-P","2026-09-02","75500","PUT","1h","2026-09-01 07:00:00","2026-09-01 15:00:00","20.000","20.000","20.000","20.000","2.05","2026-09-01 07:59:59","2026-09-01 15:59:59","41.00000","4","2.05","41.00000"
"all-available","Asia/Taipei","BTCUSDT","BTC-260902-75500-P","2026-09-02","75500","PUT","1h","2026-09-01 08:00:00","2026-09-01 16:00:00","20.000","50.000","20.000","45.000","33.11","2026-09-01 08:59:59","2026-09-01 16:59:59","1193.70000","22","28.58","1003.75000"
"all-available","Asia/Taipei","BTCUSDT","BTC-260902-75500-P","2026-09-02","75500","PUT","1h","2026-09-01 09:00:00","2026-09-01 17:00:00","45.000","50.000","35.000","35.000","25.80","2026-09-01 09:59:59","2026-09-01 17:59:59","956.35000","31","2.58","103.20000"
"all-available","Asia/Taipei","BTCUSDT","BTC-260902-75500-P","2026-09-02","75500","PUT","1h","2026-09-01 10:00:00","2026-09-01 18:00:00","35.000","40.000","25.000","30.000","41.18","2026-09-01 10:59:59","2026-09-01 18:59:59","1158.55000","29","2.10","73.00000"
"all-available","Asia/Taipei","BTCUSDT","BTC-260902-75500-P","2026-09-02","75500","PUT","1h","2026-09-01 11:00:00","2026-09-01 19:00:00","30.000","30.000","20.000","20.000","0.22","2026-09-01 11:59:59","2026-09-01 19:59:59","5.95000","6","0.14","4.20000"
"all-available","Asia/Taipei","BTCUSDT","BTC-260902-75500-P","2026-09-02","75500","PUT","1h","2026-09-01 12:00:00","2026-09-01 20:00:00","25.000","30.000","25.000","25.000","34.67","2026-09-01 12:59:59","2026-09-01 20:59:59","951.60000","40","4.75","118.75000"
"all-available","Asia/Taipei","BTCUSDT","BTC-260902-75500-P","2026-09-02","75500","PUT","1h","2026-09-01 13:00:00","2026-09-01 21:00:00","30.000","35.000","15.000","15.000","12.94","2026-09-01 13:59:59","2026-09-01 21:59:59","394.85000","45","8.26","248.60000"
"all-available","Asia/Taipei","BTCUSDT","BTC-260902-75500-P","2026-09-02","75500","PUT","1h","2026-09-01 14:00:00","2026-09-01 22:00:00","15.000","20.000","15.000","15.000","5.95","2026-09-01 14:59:59","2026-09-01 22:59:59","91.45000","13","1.51","24.85000"
"all-available","Asia/Taipei","BTCUSDT","BTC-260902-75500-P","2026-09-02","75500","PUT","1h","2026-09-01 15:00:00","2026-09-01 23:00:00","30.000","30.000","15.000","15.000","0.26","2026-09-01 15:59:59","2026-09-01 23:59:59","6.35000","5","0.10","3.00000"
"all-available","Asia/Taipei","BTCUSDT","BTC-260902-75500-P","2026-09-02","75500","PUT","1h","2026-09-01 16:00:00","2026-09-02 00:00:00","20.000","40.000","20.000","35.000","9.66","2026-09-01 16:59:59","2026-09-02 00:59:59","305.55000","20","5.01","136.95000"
"all-available","Asia/Taipei","BTCUSDT","BTC-260902-75500-P","2026-09-02","75500","PUT","1h","2026-09-01 17:00:00","2026-09-02 01:00:00","25.000","40.000","20.000","40.000","3.71","2026-09-01 17:59:59","2026-09-02 01:59:59","107.65000","35","1.56","50.55000"
"all-available","Asia/Taipei","BTCUSDT","BTC-260902-75500-P","2026-09-02","75500","PUT","1h","2026-09-01 18:00:00","2026-09-02 02:00:00","40.000","115.000","40.000","50.000","17.86","2026-09-01 18:59:59","2026-09-02 02:59:59","1226.80000","57","4.73","340.00000"
"all-available","Asia/Taipei","BTCUSDT","BTC-260902-75500-P","2026-09-02","75500","PUT","1h","2026-09-01 19:00:00","2026-09-02 03:00:00","40.000","40.000","40.000","40.000","0.03","2026-09-01 19:59:59","2026-09-02 03:59:59","1.20000","1","0.03","1.20000"
"all-available","Asia/Taipei","BTCUSDT","BTC-260902-75500-P","2026-09-02","75500","PUT","1h","2026-09-01 20:00:00","2026-09-02 04:00:00","35.000","35.000","35.000","35.000","1.58","2026-09-01 20:59:59","2026-09-02 04:59:59","55.30000","4","0.00","0.00000"
"all-available","Asia/Taipei","BTCUSDT","BTC-260902-75500-P","2026-09-02","75500","PUT","1h","2026-09-01 21:00:00","2026-09-02 05:00:00","50.000","50.000","35.000","35.000","2.91","2026-09-01 21:59:59","2026-09-02 05:59:59","140.55000","17","0.45","19.75000"
"all-available","Asia/Taipei","BTCUSDT","BTC-260902-75500-P","2026-09-02","75500","PUT","1h","2026-09-01 22:00:00","2026-09-02 06:00:00","30.000","40.000","25.000","25.000","5.51","2026-09-01 22:59:59","2026-09-02 06:59:59","158.35000","21","2.03","68.35000"
"all-available","Asia/Taipei","BTCUSDT","BTC-260902-75500-P","2026-09-02","75500","PUT","1h","2026-09-01 23:00:00","2026-09-02 07:00:00","20.000","20.000","10.000","10.000","9.30","2026-09-01 23:59:59","2026-09-02 07:59:59","128.25000","49","9.05","123.25000"
"all-available","Asia/Taipei","BTCUSDT","BTC-260902-75500-P","2026-09-02","75500","PUT","1h","2026-09-02 00:00:00","2026-09-02 08:00:00","15.000","15.000","10.000","10.000","27.50","2026-09-02 00:59:59","2026-09-02 08:59:59","275.35000","14","0.19","2.25000"
"all-available","Asia/Taipei","BTCUSDT","BTC-260902-75500-P","2026-09-02","75500","PUT","1h","2026-09-02 01:00:00","2026-09-02 09:00:00","15.000","20.000","10.000","15.000","23.61","2026-09-02 01:59:59","2026-09-02 09:59:59","349.15000","25","22.40","336.00000"
"all-available","Asia/Taipei","BTCUSDT","BTC-260902-75500-P","2026-09-02","75500","PUT","1h","2026-09-02 02:00:00","2026-09-02 10:00:00","10.000","10.000","5.000","5.000","45.01","2026-09-02 02:59:59","2026-09-02 10:59:59","229.55000","17","1.70","11.00000"
"all-available","Asia/Taipei","BTCUSDT","BTC-260902-75500-P","2026-09-02","75500","PUT","1h","2026-09-02 03:00:00","2026-09-02 11:00:00","5.000","5.000","5.000","5.000","0.00","2026-09-02 03:59:59","2026-09-02 11:59:59","0.00000","0","0.00","0.00000"
"all-available","Asia/Taipei","BTCUSDT","BTC-260902-75500-P","2026-09-02","75500","PUT","1h","2026-09-02 04:00:00","2026-09-02 12:00:00","5.000","5.000","5.000","5.000","0.00","2026-09-02 04:59:59","2026-09-02 12:59:59","0.00000","0","0.00","0.00000"
"all-available","Asia/Taipei","BTCUSDT","BTC-260902-75500-P","2026-09-02","75500","PUT","1h","2026-09-02 05:00:00","2026-09-02 13:00:00","5.000","5.000","5.000","5.000","0.00","2026-09-02 05:59:59","2026-09-02 13:59:59","0.00000","0","0.00","0.00000"
"all-available","Asia/Taipei","BTCUSDT","BTC-260902-75500-P","2026-09-02","75500","PUT","1h","2026-09-02 06:00:00","2026-09-02 14:00:00","5.000","5.000","5.000","5.000","0.00","2026-09-02 06:59:59","2026-09-02 14:59:59","0.00000","0","0.00","0.00000"
"all-available","Asia/Taipei","BTCUSDT","BTC-260902-75500-P","2026-09-02","75500","PUT","1h","2026-09-02 07:00:00","2026-09-02 15:00:00","5.000","5.000","5.000","5.000","0.00","2026-09-02 07:59:59","2026-09-02 15:59:59","0.00000","0","0.00","0.00000"
"all-available","Asia/Taipei","BTCUSDT","BTC-260902-76000-C","2026-09-02","76000","CALL","1h","2026-08-31 05:00:00","2026-08-31 13:00:00","2235.000","2235.000","2235.000","2235.000","0.01","2026-08-31 05:59:59","2026-08-31 13:59:59","22.35000","1","0.00","0.00000"
"all-available","Asia/Taipei","BTCUSDT","BTC-260902-76000-C","2026-09-02","76000","CALL","1h","2026-08-31 06:00:00","2026-08-31 14:00:00","2235.000","2235.000","2235.000","2235.000","0.00","2026-08-31 06:59:59","2026-08-31 14:59:59","0.00000","0","0.00","0.00000"
"all-available","Asia/Taipei","BTCUSDT","BTC-260902-76000-C","2026-09-02","76000","CALL","1h","2026-08-31 07:00:00","2026-08-31 15:00:00","2235.000","2235.000","2235.000","2235.000","0.00","2026-08-31 07:59:59","2026-08-31 15:59:59","0.00000","0","0.00","0.00000"
"all-available","Asia/Taipei","BTCUSDT","BTC-260902-76000-C","2026-09-02","76000","CALL","1h","2026-08-31 08:00:00","2026-08-31 16:00:00","2235.000","2235.000","2235.000","2235.000","0.00","2026-08-31 08:59:59","2026-08-31 16:59:59","0.00000","0","0.00","0.00000"
"all-available","Asia/Taipei","BTCUSDT","BTC-260902-76000-C","2026-09-02","76000","CALL","1h","2026-08-31 09:00:00","2026-08-31 17:00:00","2235.000","2235.000","2235.000","2235.000","0.00","2026-08-31 09:59:59","2026-08-31 17:59:59","0.00000","0","0.00","0.00000"
"all-available","Asia/Taipei","BTCUSDT","BTC-260902-76000-C","2026-09-02","76000","CALL","1h","2026-08-31 10:00:00","2026-08-31 18:00:00","2235.000","2235.000","2235.000","2235.000","0.00","2026-08-31 10:59:59","2026-08-31 18:59:59","0.00000","0","0.00","0.00000"
"all-available","Asia/Taipei","BTCUSDT","BTC-260902-76000-C","2026-09-02","76000","CALL","1h","2026-08-31 11:00:00","2026-08-31 19:00:00","2235.000","2235.000","2235.000","2235.000","0.00","2026-08-31 11:59:59","2026-08-31 19:59:59","0.00000","0","0.00","0.00000"
"all-available","Asia/Taipei","BTCUSDT","BTC-260902-76000-C","2026-09-02","76000","CALL","1h","2026-08-31 12:00:00","2026-08-31 20:00:00","2235.000","2235.000","2235.000","2235.000","0.00","2026-08-31 12:59:59","2026-08-31 20:59:59","0.00000","0","0.00","0.00000"
"all-available","Asia/Taipei","BTCUSDT","BTC-260902-76000-C","2026-09-02","76000","CALL","1h","2026-08-31 13:00:00","2026-08-31 21:00:00","2235.000","2235.000","2235.000","2235.000","0.00","2026-08-31 13:59:59","2026-08-31 21:59:59","0.00000","0","0.00","0.00000"
"all-available","Asia/Taipei","BTCUSDT","BTC-260902-76000-C","2026-09-02","76000","CALL","1h","2026-08-31 14:00:00","2026-08-31 22:00:00","2235.000","2235.000","2235.000","2235.000","0.00","2026-08-31 14:59:59","2026-08-31 22:59:59","0.00000","0","0.00","0.00000"
"all-available","Asia/Taipei","BTCUSDT","BTC-260902-76000-C","2026-09-02","76000","CALL","1h","2026-08-31 15:00:00","2026-08-31 23:00:00","2235.000","2235.000","2235.000","2235.000","0.00","2026-08-31 15:59:59","2026-08-31 23:59:59","0.00000","0","0.00","0.00000"
"all-available","Asia/Taipei","BTCUSDT","BTC-260902-76000-C","2026-09-02","76000","CALL","1h","2026-08-31 16:00:00","2026-09-01 00:00:00","2810.000","2810.000","2810.000","2810.000","0.01","2026-08-31 16:59:59","2026-09-01 00:59:59","28.10000","1","0.01","28.10000"
"all-available","Asia/Taipei","BTCUSDT","BTC-260902-76000-C","2026-09-02","76000","CALL","1h","2026-08-31 17:00:00","2026-09-01 01:00:00","2810.000","2810.000","2810.000","2810.000","0.00","2026-08-31 17:59:59","2026-09-01 01:59:59","0.00000","0","0.00","0.00000"
"all-available","Asia/Taipei","BTCUSDT","BTC-260902-76000-C","2026-09-02","76000","CALL","1h","2026-08-31 18:00:00","2026-09-01 02:00:00","2810.000","2810.000","2810.000","2810.000","0.00","2026-08-31 18:59:59","2026-09-01 02:59:59","0.00000","0","0.00","0.00000"
"all-available","Asia/Taipei","BTCUSDT","BTC-260902-76000-C","2026-09-02","76000","CALL","1h","2026-08-31 19:00:00","2026-09-01 03:00:00","2810.000","2810.000","2810.000","2810.000","0.00","2026-08-31 19:59:59","2026-09-01 03:59:59","0.00000","0","0.00","0.00000"
"all-available","Asia/Taipei","BTCUSDT","BTC-260902-76000-C","2026-09-02","76000","CALL","1h","2026-08-31 20:00:00","2026-09-01 04:00:00","2810.000","2810.000","2810.000","2810.000","0.00","2026-08-31 20:59:59","2026-09-01 04:59:59","0.00000","0","0.00","0.00000"
"all-available","Asia/Taipei","BTCUSDT","BTC-260902-76000-C","2026-09-02","76000","CALL","1h","2026-08-31 21:00:00","2026-09-01 05:00:00","2810.000","2810.000","2810.000","2810.000","0.00","2026-08-31 21:59:59","2026-09-01 05:59:59","0.00000","0","0.00","0.00000"
"all-available","Asia/Taipei","BTCUSDT","BTC-260902-76000-C","2026-09-02","76000","CALL","1h","2026-08-31 22:00:00","2026-09-01 06:00:00","2810.000","2810.000","2810.000","2810.000","0.00","2026-08-31 22:59:59","2026-09-01 06:59:59","0.00000","0","0.00","0.00000"
"all-available","Asia/Taipei","BTCUSDT","BTC-260902-76000-C","2026-09-02","76000","CALL","1h","2026-08-31 23:00:00","2026-09-01 07:00:00","2810.000","2810.000","2810.000","2810.000","0.00","2026-08-31 23:59:59","2026-09-01 07:59:59","0.00000","0","0.00","0.00000"
"all-available","Asia/Taipei","BTCUSDT","BTC-260902-76000-C","2026-09-02","76000","CALL","1h","2026-09-01 00:00:00","2026-09-01 08:00:00","2810.000","2810.000","2810.000","2810.000","0.00","2026-09-01 00:59:59","2026-09-01 08:59:59","0.00000","0","0.00","0.00000"
"all-available","Asia/Taipei","BTCUSDT","BTC-260902-76000-C","2026-09-02","76000","CALL","1h","2026-09-01 01:00:00","2026-09-01 09:00:00","2810.000","2810.000","2810.000","2810.000","0.00","2026-09-01 01:59:59","2026-09-01 09:59:59","0.00000","0","0.00","0.00000"
"all-available","Asia/Taipei","BTCUSDT","BTC-260902-76000-C","2026-09-02","76000","CALL","1h","2026-09-01 02:00:00","2026-09-01 10:00:00","2600.000","2600.000","2600.000","2600.000","0.01","2026-09-01 02:59:59","2026-09-01 10:59:59","26.00000","1","0.01","26.00000"
"all-available","Asia/Taipei","BTCUSDT","BTC-260902-76000-C","2026-09-02","76000","CALL","1h","2026-09-01 03:00:00","2026-09-01 11:00:00","2600.000","2600.000","2600.000","2600.000","0.00","2026-09-01 03:59:59","2026-09-01 11:59:59","0.00000","0","0.00","0.00000"
"all-available","Asia/Taipei","BTCUSDT","BTC-260902-76000-C","2026-09-02","76000","CALL","1h","2026-09-01 04:00:00","2026-09-01 12:00:00","2570.000","2570.000","2570.000","2570.000","0.01","2026-09-01 04:59:59","2026-09-01 12:59:59","25.70000","1","0.00","0.00000"
"all-available","Asia/Taipei","BTCUSDT","BTC-260902-76000-C","2026-09-02","76000","CALL","1h","2026-09-01 05:00:00","2026-09-01 13:00:00","2570.000","2570.000","2570.000","2570.000","0.00","2026-09-01 05:59:59","2026-09-01 13:59:59","0.00000","0","0.00","0.00000"
"all-available","Asia/Taipei","BTCUSDT","BTC-260902-76000-C","2026-09-02","76000","CALL","1h","2026-09-01 06:00:00","2026-09-01 14:00:00","2570.000","2570.000","2570.000","2570.000","0.00","2026-09-01 06:59:59","2026-09-01 14:59:59","0.00000","0","0.00","0.00000"
"all-available","Asia/Taipei","BTCUSDT","BTC-260902-76000-C","2026-09-02","76000","CALL","1h","2026-09-01 07:00:00","2026-09-01 15:00:00","2570.000","2570.000","2570.000","2570.000","0.00","2026-09-01 07:59:59","2026-09-01 15:59:59","0.00000","0","0.00","0.00000"
"all-available","Asia/Taipei","BTCUSDT","BTC-260902-76000-C","2026-09-02","76000","CALL","1h","2026-09-01 08:00:00","2026-09-01 16:00:00","2570.000","2570.000","2570.000","2570.000","0.00","2026-09-01 08:59:59","2026-09-01 16:59:59","0.00000","0","0.00","0.00000"
"all-available","Asia/Taipei","BTCUSDT","BTC-260902-76000-C","2026-09-02","76000","CALL","1h","2026-09-01 09:00:00","2026-09-01 17:00:00","2570.000","2570.000","2570.000","2570.000","0.00","2026-09-01 09:59:59","2026-09-01 17:59:59","0.00000","0","0.00","0.00000"
"all-available","Asia/Taipei","BTCUSDT","BTC-260902-76000-C","2026-09-02","76000","CALL","1h","2026-09-01 10:00:00","2026-09-01 18:00:00","2570.000","2570.000","2570.000","2570.000","0.00","2026-09-01 10:59:59","2026-09-01 18:59:59","0.00000","0","0.00","0.00000"
"all-available","Asia/Taipei","BTCUSDT","BTC-260902-76000-C","2026-09-02","76000","CALL","1h","2026-09-01 11:00:00","2026-09-01 19:00:00","2570.000","2570.000","2570.000","2570.000","0.00","2026-09-01 11:59:59","2026-09-01 19:59:59","0.00000","0","0.00","0.00000"
"all-available","Asia/Taipei","BTCUSDT","BTC-260902-76000-C","2026-09-02","76000","CALL","1h","2026-09-01 12:00:00","2026-09-01 20:00:00","2570.000","2570.000","2570.000","2570.000","0.00","2026-09-01 12:59:59","2026-09-01 20:59:59","0.00000","0","0.00","0.00000"
"all-available","Asia/Taipei","BTCUSDT","BTC-260902-76000-C","2026-09-02","76000","CALL","1h","2026-09-01 13:00:00","2026-09-01 21:00:00","2570.000","2570.000","2570.000","2570.000","0.00","2026-09-01 13:59:59","2026-09-01 21:59:59","0.00000","0","0.00","0.00000"
"all-available","Asia/Taipei","BTCUSDT","BTC-260902-76000-C","2026-09-02","76000","CALL","1h","2026-09-01 14:00:00","2026-09-01 22:00:00","2570.000","2570.000","2570.000","2570.000","0.00","2026-09-01 14:59:59","2026-09-01 22:59:59","0.00000","0","0.00","0.00000"
"all-available","Asia/Taipei","BTCUSDT","BTC-260902-76000-C","2026-09-02","76000","CALL","1h","2026-09-01 15:00:00","2026-09-01 23:00:00","2570.000","2570.000","2570.000","2570.000","0.00","2026-09-01 15:59:59","2026-09-01 23:59:59","0.00000","0","0.00","0.00000"
"all-available","Asia/Taipei","BTCUSDT","BTC-260902-76000-C","2026-09-02","76000","CALL","1h","2026-09-01 16:00:00","2026-09-02 00:00:00","2570.000","2570.000","2570.000","2570.000","0.00","2026-09-01 16:59:59","2026-09-02 00:59:59","0.00000","0","0.00","0.00000"
"all-available","Asia/Taipei","BTCUSDT","BTC-260902-76000-C","2026-09-02","76000","CALL","1h","2026-09-01 17:00:00","2026-09-02 01:00:00","2570.000","2570.000","2570.000","2570.000","0.00","2026-09-01 17:59:59","2026-09-02 01:59:59","0.00000","0","0.00","0.00000"
"all-available","Asia/Taipei","BTCUSDT","BTC-260902-76000-C","2026-09-02","76000","CALL","1h","2026-09-01 18:00:00","2026-09-02 02:00:00","2570.000","2570.000","2570.000","2570.000","0.00","2026-09-01 18:59:59","2026-09-02 02:59:59","0.00000","0","0.00","0.00000"
"all-available","Asia/Taipei","BTCUSDT","BTC-260902-76000-C","2026-09-02","76000","CALL","1h","2026-09-01 19:00:00","2026-09-02 03:00:00","2570.000","2570.000","2570.000","2570.000","0.00","2026-09-01 19:59:59","2026-09-02 03:59:59","0.00000","0","0.00","0.00000"
"all-available","Asia/Taipei","BTCUSDT","BTC-260902-76000-C","2026-09-02","76000","CALL","1h","2026-09-01 20:00:00","2026-09-02 04:00:00","2570.000","2570.000","2570.000","2570.000","0.00","2026-09-01 20:59:59","2026-09-02 04:59:59","0.00000","0","0.00","0.00000"
"all-available","Asia/Taipei","BTCUSDT","BTC-260902-76000-C","2026-09-02","76000","CALL","1h","2026-09-01 21:00:00","2026-09-02 05:00:00","1260.000","1260.000","1260.000","1260.000","0.05","2026-09-01 21:59:59","2026-09-02 05:59:59","63.00000","1","0.00","0.00000"
"all-available","Asia/Taipei","BTCUSDT","BTC-260902-76000-C","2026-09-02","76000","CALL","1h","2026-09-01 22:00:00","2026-09-02 06:00:00","1260.000","1260.000","1260.000","1260.000","0.00","2026-09-01 22:59:59","2026-09-02 06:59:59","0.00000","0","0.00","0.00000"
"all-available","Asia/Taipei","BTCUSDT","BTC-260902-76000-C","2026-09-02","76000","CALL","1h","2026-09-01 23:00:00","2026-09-02 07:00:00","1260.000","1260.000","1260.000","1260.000","0.00","2026-09-01 23:59:59","2026-09-02 07:59:59","0.00000","0","0.00","0.00000"
"all-available","Asia/Taipei","BTCUSDT","BTC-260902-76000-C","2026-09-02","76000","CALL","1h","2026-09-02 00:00:00","2026-09-02 08:00:00","1260.000","1260.000","1260.000","1260.000","0.00","2026-09-02 00:59:59","2026-09-02 08:59:59","0.00000","0","0.00","0.00000"
"all-available","Asia/Taipei","BTCUSDT","BTC-260902-76000-C","2026-09-02","76000","CALL","1h","2026-09-02 01:00:00","2026-09-02 09:00:00","1260.000","1260.000","1260.000","1260.000","0.00","2026-09-02 01:59:59","2026-09-02 09:59:59","0.00000","0","0.00","0.00000"
"all-available","Asia/Taipei","BTCUSDT","BTC-260902-76000-C","2026-09-02","76000","CALL","1h","2026-09-02 02:00:00","2026-09-02 10:00:00","1260.000","1260.000","1260.000","1260.000","0.00","2026-09-02 02:59:59","2026-09-02 10:59:59","0.00000","0","0.00","0.00000"
"all-available","Asia/Taipei","BTCUSDT","BTC-260902-76000-C","2026-09-02","76000","CALL","1h","2026-09-02 03:00:00","2026-09-02 11:00:00","1260.000","1260.000","1260.000","1260.000","0.00","2026-09-02 03:59:59","2026-09-02 11:59:59","0.00000","0","0.00","0.00000"
"all-available","Asia/Taipei","BTCUSDT","BTC-260902-76000-C","2026-09-02","76000","CALL","1h","2026-09-02 04:00:00","2026-09-02 12:00:00","1260.000","1260.000","1260.000","1260.000","0.00","2026-09-02 04:59:59","2026-09-02 12:59:59","0.00000","0","0.00","0.00000"
"all-available","Asia/Taipei","BTCUSDT","BTC-260902-76000-C","2026-09-02","76000","CALL","1h","2026-09-02 05:00:00","2026-09-02 13:00:00","1260.000","1260.000","1260.000","1260.000","0.00","2026-09-02 05:59:59","2026-09-02 13:59:59","0.00000","0","0.00","0.00000"
"all-available","Asia/Taipei","BTCUSDT","BTC-260902-76000-C","2026-09-02","76000","CALL","1h","2026-09-02 06:00:00","2026-09-02 14:00:00","1260.000","1260.000","1260.000","1260.000","0.00","2026-09-02 06:59:59","2026-09-02 14:59:59","0.00000","0","0.00","0.00000"
"all-available","Asia/Taipei","BTCUSDT","BTC-260902-76000-C","2026-09-02","76000","CALL","1h","2026-09-02 07:00:00","2026-09-02 15:00:00","1260.000","1260.000","1260.000","1260.000","0.00","2026-09-02 07:59:59","2026-09-02 15:59:59","0.00000","0","0.00","0.00000"
"all-available","Asia/Taipei","BTCUSDT","BTC-260902-76000-P","2026-09-02","76000","PUT","1h","2026-08-30 08:00:00","2026-08-30 16:00:00","190.000","205.000","185.000","205.000","0.91","2026-08-30 08:59:59","2026-08-30 16:59:59","175.85000","5","0.00","0.00000"
"all-available","Asia/Taipei","BTCUSDT","BTC-260902-76000-P","2026-09-02","76000","PUT","1h","2026-08-30 09:00:00","2026-08-30 17:00:00","205.000","205.000","205.000","205.000","0.00","2026-08-30 09:59:59","2026-08-30 17:59:59","0.00000","0","0.00","0.00000"
"all-available","Asia/Taipei","BTCUSDT","BTC-260902-76000-P","2026-09-02","76000","PUT","1h","2026-08-30 10:00:00","2026-08-30 18:00:00","190.000","190.000","190.000","190.000","10.15","2026-08-30 10:59:59","2026-08-30 18:59:59","1928.50000","2","10.15","1928.50000"
"all-available","Asia/Taipei","BTCUSDT","BTC-260902-76000-P","2026-09-02","76000","PUT","1h","2026-08-30 11:00:00","2026-08-30 19:00:00","190.000","190.000","190.000","190.000","0.00","2026-08-30 11:59:59","2026-08-30 19:59:59","0.00000","0","0.00","0.00000"
"all-available","Asia/Taipei","BTCUSDT","BTC-260902-76000-P","2026-09-02","76000","PUT","1h","2026-08-30 12:00:00","2026-08-30 20:00:00","115.000","130.000","115.000","130.000","4.77","2026-08-30 12:59:59","2026-08-30 20:59:59","594.10000","5","4.37","548.10000"
"all-available","Asia/Taipei","BTCUSDT","BTC-260902-76000-P","2026-09-02","76000","PUT","1h","2026-08-30 13:00:00","2026-08-30 21:00:00","110.000","110.000","110.000","110.000","0.02","2026-08-30 13:59:59","2026-08-30 21:59:59","2.20000","1","0.02","2.20000"
"all-available","Asia/Taipei","BTCUSDT","BTC-260902-76000-P","2026-09-02","76000","PUT","1h","2026-08-30 14:00:00","2026-08-30 22:00:00","110.000","110.000","110.000","110.000","0.00","2026-08-30 14:59:59","2026-08-30 22:59:59","0.00000","0","0.00","0.00000"
"all-available","Asia/Taipei","BTCUSDT","BTC-260902-76000-P","2026-09-02","76000","PUT","1h","2026-08-30 15:00:00","2026-08-30 23:00:00","110.000","110.000","110.000","110.000","0.00","2026-08-30 15:59:59","2026-08-30 23:59:59","0.00000","0","0.00","0.00000"
"all-available","Asia/Taipei","BTCUSDT","BTC-260902-76000-P","2026-09-02","76000","PUT","1h","2026-08-30 16:00:00","2026-08-31 00:00:00","90.000","90.000","65.000","65.000","10.19","2026-08-30 16:59:59","2026-08-31 00:59:59","662.85000","2","0.02","1.80000"
"all-available","Asia/Taipei","BTCUSDT","BTC-260902-76000-P","2026-09-02","76000","PUT","1h","2026-08-30 17:00:00","2026-08-31 01:00:00","65.000","65.000","65.000","65.000","0.00","2026-08-30 17:59:59","2026-08-31 01:59:59","0.00000","0","0.00","0.00000"
"all-available","Asia/Taipei","BTCUSDT","BTC-260902-76000-P","2026-09-02","76000","PUT","1h","2026-08-30 18:00:00","2026-08-31 02:00:00","80.000","80.000","80.000","80.000","0.04","2026-08-30 18:59:59","2026-08-31 02:59:59","3.20000","1","0.00","0.00000"
"all-available","Asia/Taipei","BTCUSDT","BTC-260902-76000-P","2026-09-02","76000","PUT","1h","2026-08-30 19:00:00","2026-08-31 03:00:00","80.000","80.000","80.000","80.000","0.00","2026-08-30 19:59:59","2026-08-31 03:59:59","0.00000","0","0.00","0.00000"
"all-available","Asia/Taipei","BTCUSDT","BTC-260902-76000-P","2026-09-02","76000","PUT","1h","2026-08-30 20:00:00","2026-08-31 04:00:00","80.000","80.000","80.000","80.000","0.00","2026-08-30 20:59:59","2026-08-31 04:59:59","0.00000","0","0.00","0.00000"
"all-available","Asia/Taipei","BTCUSDT","BTC-260902-76000-P","2026-09-02","76000","PUT","1h","2026-08-30 21:00:00","2026-08-31 05:00:00","80.000","80.000","80.000","80.000","0.00","2026-08-30 21:59:59","2026-08-31 05:59:59","0.00000","0","0.00","0.00000"
"all-available","Asia/Taipei","BTCUSDT","BTC-260902-76000-P","2026-09-02","76000","PUT","1h","2026-08-30 22:00:00","2026-08-31 06:00:00","80.000","80.000","80.000","80.000","0.00","2026-08-30 22:59:59","2026-08-31 06:59:59","0.00000","0","0.00","0.00000"
"all-available","Asia/Taipei","BTCUSDT","BTC-260902-76000-P","2026-09-02","76000","PUT","1h","2026-08-30 23:00:00","2026-08-31 07:00:00","240.000","390.000","240.000","355.000","0.61","2026-08-30 23:59:59","2026-08-31 07:59:59","225.15000","4","0.02","7.40000"
"all-available","Asia/Taipei","BTCUSDT","BTC-260902-76000-P","2026-09-02","76000","PUT","1h","2026-08-31 00:00:00","2026-08-31 08:00:00","275.000","275.000","275.000","275.000","3.00","2026-08-31 00:59:59","2026-08-31 08:59:59","825.00000","1","3.00","825.00000"
"all-available","Asia/Taipei","BTCUSDT","BTC-260902-76000-P","2026-09-02","76000","PUT","1h","2026-08-31 01:00:00","2026-08-31 09:00:00","230.000","230.000","230.000","230.000","0.20","2026-08-31 01:59:59","2026-08-31 09:59:59","46.00000","1","0.20","46.00000"
"all-available","Asia/Taipei","BTCUSDT","BTC-260902-76000-P","2026-09-02","76000","PUT","1h","2026-08-31 02:00:00","2026-08-31 10:00:00","200.000","250.000","200.000","250.000","0.47","2026-08-31 02:59:59","2026-08-31 10:59:59","100.50000","4","0.47","100.50000"
"all-available","Asia/Taipei","BTCUSDT","BTC-260902-76000-P","2026-09-02","76000","PUT","1h","2026-08-31 03:00:00","2026-08-31 11:00:00","265.000","265.000","265.000","265.000","0.37","2026-08-31 03:59:59","2026-08-31 11:59:59","98.05000","1","0.00","0.00000"
"all-available","Asia/Taipei","BTCUSDT","BTC-260902-76000-P","2026-09-02","76000","PUT","1h","2026-08-31 04:00:00","2026-08-31 12:00:00","255.000","265.000","255.000","265.000","3.67","2026-08-31 04:59:59","2026-08-31 12:59:59","944.85000","3","3.67","944.85000"
"all-available","Asia/Taipei","BTCUSDT","BTC-260902-76000-P","2026-09-02","76000","PUT","1h","2026-08-31 05:00:00","2026-08-31 13:00:00","230.000","230.000","180.000","180.000","3.53","2026-08-31 05:59:59","2026-08-31 13:59:59","781.40000","17","0.61","109.80000"
"all-available","Asia/Taipei","BTCUSDT","BTC-260902-76000-P","2026-09-02","76000","PUT","1h","2026-08-31 06:00:00","2026-08-31 14:00:00","165.000","165.000","165.000","165.000","0.90","2026-08-31 06:59:59","2026-08-31 14:59:59","148.50000","1","0.00","0.00000"
"all-available","Asia/Taipei","BTCUSDT","BTC-260902-76000-P","2026-09-02","76000","PUT","1h","2026-08-31 07:00:00","2026-08-31 15:00:00","165.000","165.000","165.000","165.000","0.00","2026-08-31 07:59:59","2026-08-31 15:59:59","0.00000","0","0.00","0.00000"
"all-available","Asia/Taipei","BTCUSDT","BTC-260902-76000-P","2026-09-02","76000","PUT","1h","2026-08-31 08:00:00","2026-08-31 16:00:00","140.000","140.000","120.000","120.000","5.84","2026-08-31 08:59:59","2026-08-31 16:59:59","722.80000","5","5.84","722.80000"
"all-available","Asia/Taipei","BTCUSDT","BTC-260902-76000-P","2026-09-02","76000","PUT","1h","2026-08-31 09:00:00","2026-08-31 17:00:00","65.000","65.000","60.000","65.000","47.06","2026-08-31 09:59:59","2026-08-31 17:59:59","3012.95000","34","8.42","547.30000"
"all-available","Asia/Taipei","BTCUSDT","BTC-260902-76000-P","2026-09-02","76000","PUT","1h","2026-08-31 10:00:00","2026-08-31 18:00:00","90.000","90.000","80.000","80.000","1.01","2026-08-31 10:59:59","2026-08-31 18:59:59","90.80000","6","1.00","90.00000"
"all-available","Asia/Taipei","BTCUSDT","BTC-260902-76000-P","2026-09-02","76000","PUT","1h","2026-08-31 11:00:00","2026-08-31 19:00:00","80.000","80.000","80.000","80.000","0.00","2026-08-31 11:59:59","2026-08-31 19:59:59","0.00000","0","0.00","0.00000"
"all-available","Asia/Taipei","BTCUSDT","BTC-260902-76000-P","2026-09-02","76000","PUT","1h","2026-08-31 12:00:00","2026-08-31 20:00:00","175.000","175.000","175.000","175.000","0.16","2026-08-31 12:59:59","2026-08-31 20:59:59","28.00000","3","0.16","28.00000"
"all-available","Asia/Taipei","BTCUSDT","BTC-260902-76000-P","2026-09-02","76000","PUT","1h","2026-08-31 13:00:00","2026-08-31 21:00:00","175.000","175.000","175.000","175.000","0.00","2026-08-31 13:59:59","2026-08-31 21:59:59","0.00000","0","0.00","0.00000"
"all-available","Asia/Taipei","BTCUSDT","BTC-260902-76000-P","2026-09-02","76000","PUT","1h","2026-08-31 14:00:00","2026-08-31 22:00:00","155.000","155.000","75.000","80.000","4.24","2026-08-31 14:59:59","2026-08-31 22:59:59","445.10000","8","2.82","227.10000"
"all-available","Asia/Taipei","BTCUSDT","BTC-260902-76000-P","2026-09-02","76000","PUT","1h","2026-08-31 15:00:00","2026-08-31 23:00:00","85.000","85.000","85.000","85.000","1.00","2026-08-31 15:59:59","2026-08-31 23:59:59","85.00000","1","0.00","0.00000"
"all-available","Asia/Taipei","BTCUSDT","BTC-260902-76000-P","2026-09-02","76000","PUT","1h","2026-08-31 16:00:00","2026-09-01 00:00:00","50.000","50.000","50.000","50.000","0.04","2026-08-31 16:59:59","2026-09-01 00:59:59","2.00000","1","0.00","0.00000"
"all-available","Asia/Taipei","BTCUSDT","BTC-260902-76000-P","2026-09-02","76000","PUT","1h","2026-08-31 17:00:00","2026-09-01 01:00:00","45.000","45.000","45.000","45.000","0.02","2026-08-31 17:59:59","2026-09-01 01:59:59","0.90000","1","0.02","0.90000"
"all-available","Asia/Taipei","BTCUSDT","BTC-260902-76000-P","2026-09-02","76000","PUT","1h","2026-08-31 18:00:00","2026-09-01 02:00:00","30.000","30.000","30.000","30.000","0.39","2026-08-31 18:59:59","2026-09-01 02:59:59","11.70000","3","0.39","11.70000"
"all-available","Asia/Taipei","BTCUSDT","BTC-260902-76000-P","2026-09-02","76000","PUT","1h","2026-08-31 19:00:00","2026-09-01 03:00:00","25.000","35.000","25.000","35.000","1.02","2026-08-31 19:59:59","2026-09-01 03:59:59","31.50000","4","1.02","31.50000"
"all-available","Asia/Taipei","BTCUSDT","BTC-260902-76000-P","2026-09-02","76000","PUT","1h","2026-08-31 20:00:00","2026-09-01 04:00:00","35.000","35.000","35.000","35.000","0.00","2026-08-31 20:59:59","2026-09-01 04:59:59","0.00000","0","0.00","0.00000"
"all-available","Asia/Taipei","BTCUSDT","BTC-260902-76000-P","2026-09-02","76000","PUT","1h","2026-08-31 21:00:00","2026-09-01 05:00:00","35.000","35.000","35.000","35.000","0.00","2026-08-31 21:59:59","2026-09-01 05:59:59","0.00000","0","0.00","0.00000"
"all-available","Asia/Taipei","BTCUSDT","BTC-260902-76000-P","2026-09-02","76000","PUT","1h","2026-08-31 22:00:00","2026-09-01 06:00:00","35.000","35.000","35.000","35.000","0.00","2026-08-31 22:59:59","2026-09-01 06:59:59","0.00000","0","0.00","0.00000"
"all-available","Asia/Taipei","BTCUSDT","BTC-260902-76000-P","2026-09-02","76000","PUT","1h","2026-08-31 23:00:00","2026-09-01 07:00:00","35.000","35.000","35.000","35.000","0.00","2026-08-31 23:59:59","2026-09-01 07:59:59","0.00000","0","0.00","0.00000"
"all-available","Asia/Taipei","BTCUSDT","BTC-260902-76000-P","2026-09-02","76000","PUT","1h","2026-09-01 00:00:00","2026-09-01 08:00:00","35.000","35.000","35.000","35.000","0.00","2026-09-01 00:59:59","2026-09-01 08:59:59","0.00000","0","0.00","0.00000"
"all-available","Asia/Taipei","BTCUSDT","BTC-260902-76000-P","2026-09-02","76000","PUT","1h","2026-09-01 01:00:00","2026-09-01 09:00:00","50.000","50.000","50.000","50.000","0.40","2026-09-01 01:59:59","2026-09-01 09:59:59","20.00000","2","0.40","20.00000"
"all-available","Asia/Taipei","BTCUSDT","BTC-260902-76000-P","2026-09-02","76000","PUT","1h","2026-09-01 02:00:00","2026-09-01 10:00:00","65.000","70.000","65.000","70.000","1.01","2026-09-01 02:59:59","2026-09-01 10:59:59","65.70000","4","1.01","65.70000"
"all-available","Asia/Taipei","BTCUSDT","BTC-260902-76000-P","2026-09-02","76000","PUT","1h","2026-09-01 03:00:00","2026-09-01 11:00:00","70.000","70.000","70.000","70.000","0.00","2026-09-01 03:59:59","2026-09-01 11:59:59","0.00000","0","0.00","0.00000"
"all-available","Asia/Taipei","BTCUSDT","BTC-260902-76000-P","2026-09-02","76000","PUT","1h","2026-09-01 04:00:00","2026-09-01 12:00:00","50.000","50.000","50.000","50.000","127.67","2026-09-01 04:59:59","2026-09-01 12:59:59","6383.50000","24","127.67","6383.50000"
"all-available","Asia/Taipei","BTCUSDT","BTC-260902-76000-P","2026-09-02","76000","PUT","1h","2026-09-01 05:00:00","2026-09-01 13:00:00","40.000","40.000","40.000","40.000","34.09","2026-09-01 05:59:59","2026-09-01 13:59:59","1363.60000","4","34.09","1363.60000"
"all-available","Asia/Taipei","BTCUSDT","BTC-260902-76000-P","2026-09-02","76000","PUT","1h","2026-09-01 06:00:00","2026-09-01 14:00:00","35.000","35.000","35.000","35.000","26.86","2026-09-01 06:59:59","2026-09-01 14:59:59","940.10000","3","25.97","908.95000"
"all-available","Asia/Taipei","BTCUSDT","BTC-260902-76000-P","2026-09-02","76000","PUT","1h","2026-09-01 07:00:00","2026-09-01 15:00:00","35.000","35.000","25.000","25.000","71.24","2026-09-01 07:59:59","2026-09-01 15:59:59","2256.15000","17","56.52","1826.65000"
"all-available","Asia/Taipei","BTCUSDT","BTC-260902-76000-P","2026-09-02","76000","PUT","1h","2026-09-01 08:00:00","2026-09-01 16:00:00","30.000","65.000","30.000","60.000","62.33","2026-09-01 08:59:59","2026-09-01 16:59:59","3489.55000","29","58.47","3306.95000"
"all-available","Asia/Taipei","BTCUSDT","BTC-260902-76000-P","2026-09-02","76000","PUT","1h","2026-09-01 09:00:00","2026-09-01 17:00:00","65.000","75.000","60.000","60.000","60.13","2026-09-01 09:59:59","2026-09-01 17:59:59","4093.75000","26","7.59","535.40000"
"all-available","Asia/Taipei","BTCUSDT","BTC-260902-76000-P","2026-09-02","76000","PUT","1h","2026-09-01 10:00:00","2026-09-01 18:00:00","60.000","65.000","45.000","45.000","22.03","2026-09-01 10:59:59","2026-09-01 18:59:59","1000.00000","24","21.30","962.40000"
"all-available","Asia/Taipei","BTCUSDT","BTC-260902-76000-P","2026-09-02","76000","PUT","1h","2026-09-01 11:00:00","2026-09-01 19:00:00","50.000","50.000","35.000","35.000","13.32","2026-09-01 11:59:59","2026-09-01 19:59:59","665.55000","21","5.45","272.35000"
"all-available","Asia/Taipei","BTCUSDT","BTC-260902-76000-P","2026-09-02","76000","PUT","1h","2026-09-01 12:00:00","2026-09-01 20:00:00","40.000","55.000","35.000","40.000","9.43","2026-09-01 12:59:59","2026-09-01 20:59:59","398.55000","33","5.02","209.55000"
"all-available","Asia/Taipei","BTCUSDT","BTC-260902-76000-P","2026-09-02","76000","PUT","1h","2026-09-01 13:00:00","2026-09-01 21:00:00","40.000","75.000","30.000","35.000","24.73","2026-09-01 13:59:59","2026-09-01 21:59:59","1370.70000","33","19.18","1111.00000"
"all-available","Asia/Taipei","BTCUSDT","BTC-260902-76000-P","2026-09-02","76000","PUT","1h","2026-09-01 14:00:00","2026-09-01 22:00:00","35.000","35.000","25.000","30.000","50.32","2026-09-01 14:59:59","2026-09-01 22:59:59","1429.30000","59","36.25","1069.50000"
"all-available","Asia/Taipei","BTCUSDT","BTC-260902-76000-P","2026-09-02","76000","PUT","1h","2026-09-01 15:00:00","2026-09-01 23:00:00","40.000","55.000","25.000","25.000","9.30","2026-09-01 15:59:59","2026-09-01 23:59:59","433.05000","36","3.42","185.70000"
"all-available","Asia/Taipei","BTCUSDT","BTC-260902-76000-P","2026-09-02","76000","PUT","1h","2026-09-01 16:00:00","2026-09-02 00:00:00","30.000","65.000","30.000","50.000","18.34","2026-09-01 16:59:59","2026-09-02 00:59:59","950.50000","38","3.96","190.20000"
"all-available","Asia/Taipei","BTCUSDT","BTC-260902-76000-P","2026-09-02","76000","PUT","1h","2026-09-01 17:00:00","2026-09-02 01:00:00","40.000","70.000","40.000","70.000","9.15","2026-09-01 17:59:59","2026-09-02 01:59:59","437.25000","38","3.76","203.45000"
"all-available","Asia/Taipei","BTCUSDT","BTC-260902-76000-P","2026-09-02","76000","PUT","1h","2026-09-01 18:00:00","2026-09-02 02:00:00","65.000","260.000","65.000","100.000","142.14","2026-09-01 18:59:59","2026-09-02 02:59:59","22996.60000","95","16.05","2273.45000"
"all-available","Asia/Taipei","BTCUSDT","BTC-260902-76000-P","2026-09-02","76000","PUT","1h","2026-09-01 19:00:00","2026-09-02 03:00:00","75.000","85.000","50.000","60.000","15.15","2026-09-01 19:59:59","2026-09-02 03:59:59","996.25000","27","13.84","917.10000"
"all-available","Asia/Taipei","BTCUSDT","BTC-260902-76000-P","2026-09-02","76000","PUT","1h","2026-09-01 20:00:00","2026-09-02 04:00:00","55.000","60.000","50.000","50.000","1.30","2026-09-01 20:59:59","2026-09-02 04:59:59","75.50000","7","1.00","60.00000"
"all-available","Asia/Taipei","BTCUSDT","BTC-260902-76000-P","2026-09-02","76000","PUT","1h","2026-09-01 21:00:00","2026-09-02 05:00:00","50.000","85.000","50.000","65.000","5.50","2026-09-01 21:59:59","2026-09-02 05:59:59","399.00000","25","1.40","106.20000"
"all-available","Asia/Taipei","BTCUSDT","BTC-260902-76000-P","2026-09-02","76000","PUT","1h","2026-09-01 22:00:00","2026-09-02 06:00:00","55.000","75.000","55.000","55.000","1.52","2026-09-01 22:59:59","2026-09-02 06:59:59","97.95000","9","0.62","37.65000"
"all-available","Asia/Taipei","BTCUSDT","BTC-260902-76000-P","2026-09-02","76000","PUT","1h","2026-09-01 23:00:00","2026-09-02 07:00:00","35.000","35.000","15.000","20.000","8.32","2026-09-01 23:59:59","2026-09-02 07:59:59","160.10000","22","4.85","93.25000"
"all-available","Asia/Taipei","BTCUSDT","BTC-260902-76000-P","2026-09-02","76000","PUT","1h","2026-09-02 00:00:00","2026-09-02 08:00:00","20.000","25.000","15.000","20.000","5.48","2026-09-02 00:59:59","2026-09-02 08:59:59","110.55000","18","4.27","85.40000"
"all-available","Asia/Taipei","BTCUSDT","BTC-260902-76000-P","2026-09-02","76000","PUT","1h","2026-09-02 01:00:00","2026-09-02 09:00:00","20.000","60.000","15.000","30.000","23.80","2026-09-02 01:59:59","2026-09-02 09:59:59","733.95000","64","16.35","478.20000"
"all-available","Asia/Taipei","BTCUSDT","BTC-260902-76000-P","2026-09-02","76000","PUT","1h","2026-09-02 02:00:00","2026-09-02 10:00:00","30.000","30.000","10.000","10.000","5.91","2026-09-02 02:59:59","2026-09-02 10:59:59","89.60000","18","1.90","49.50000"
"all-available","Asia/Taipei","BTCUSDT","BTC-260902-76000-P","2026-09-02","76000","PUT","1h","2026-09-02 03:00:00","2026-09-02 11:00:00","5.000","10.000","5.000","5.000","56.10","2026-09-02 03:59:59","2026-09-02 11:59:59","294.75000","17","2.99","29.20000"
"all-available","Asia/Taipei","BTCUSDT","BTC-260902-76000-P","2026-09-02","76000","PUT","1h","2026-09-02 04:00:00","2026-09-02 12:00:00","5.000","5.000","5.000","5.000","0.00","2026-09-02 04:59:59","2026-09-02 12:59:59","0.00000","0","0.00","0.00000"
"all-available","Asia/Taipei","BTCUSDT","BTC-260902-76000-P","2026-09-02","76000","PUT","1h","2026-09-02 05:00:00","2026-09-02 13:00:00","5.000","5.000","5.000","5.000","0.01","2026-09-02 05:59:59","2026-09-02 13:59:59","0.05000","1","0.01","0.05000"
"all-available","Asia/Taipei","BTCUSDT","BTC-260902-76000-P","2026-09-02","76000","PUT","1h","2026-09-02 06:00:00","2026-09-02 14:00:00","5.000","5.000","5.000","5.000","0.03","2026-09-02 06:59:59","2026-09-02 14:59:59","0.15000","3","0.03","0.15000"
"all-available","Asia/Taipei","BTCUSDT","BTC-260902-76000-P","2026-09-02","76000","PUT","1h","2026-09-02 07:00:00","2026-09-02 15:00:00","5.000","5.000","5.000","5.000","0.00","2026-09-02 07:59:59","2026-09-02 15:59:59","0.00000","0","0.00","0.00000"
"all-available","Asia/Taipei","BTCUSDT","BTC-260902-76500-C","2026-09-02","76500","CALL","1h","2026-09-01 18:00:00","2026-09-02 02:00:00","535.000","625.000","430.000","625.000","8.07","2026-09-01 18:59:59","2026-09-02 02:59:59","3916.80000","6","8.03","3892.90000"
"all-available","Asia/Taipei","BTCUSDT","BTC-260902-76500-C","2026-09-02","76500","CALL","1h","2026-09-01 19:00:00","2026-09-02 03:00:00","625.000","625.000","625.000","625.000","0.00","2026-09-01 19:59:59","2026-09-02 03:59:59","0.00000","0","0.00","0.00000"
"all-available","Asia/Taipei","BTCUSDT","BTC-260902-76500-C","2026-09-02","76500","CALL","1h","2026-09-01 20:00:00","2026-09-02 04:00:00","625.000","625.000","625.000","625.000","0.00","2026-09-01 20:59:59","2026-09-02 04:59:59","0.00000","0","0.00","0.00000"
"all-available","Asia/Taipei","BTCUSDT","BTC-260902-76500-C","2026-09-02","76500","CALL","1h","2026-09-01 21:00:00","2026-09-02 05:00:00","625.000","625.000","625.000","625.000","0.00","2026-09-01 21:59:59","2026-09-02 05:59:59","0.00000","0","0.00","0.00000"
"all-available","Asia/Taipei","BTCUSDT","BTC-260902-76500-C","2026-09-02","76500","CALL","1h","2026-09-01 22:00:00","2026-09-02 06:00:00","625.000","625.000","625.000","625.000","0.00","2026-09-01 22:59:59","2026-09-02 06:59:59","0.00000","0","0.00","0.00000"
"all-available","Asia/Taipei","BTCUSDT","BTC-260902-76500-C","2026-09-02","76500","CALL","1h","2026-09-01 23:00:00","2026-09-02 07:00:00","625.000","625.000","625.000","625.000","0.00","2026-09-01 23:59:59","2026-09-02 07:59:59","0.00000","0","0.00","0.00000"
"all-available","Asia/Taipei","BTCUSDT","BTC-260902-76500-C","2026-09-02","76500","CALL","1h","2026-09-02 00:00:00","2026-09-02 08:00:00","980.000","980.000","980.000","980.000","0.01","2026-09-02 00:59:59","2026-09-02 08:59:59","9.80000","1","0.00","0.00000"
"all-available","Asia/Taipei","BTCUSDT","BTC-260902-76500-C","2026-09-02","76500","CALL","1h","2026-09-02 01:00:00","2026-09-02 09:00:00","980.000","980.000","980.000","980.000","0.00","2026-09-02 01:59:59","2026-09-02 09:59:59","0.00000","0","0.00","0.00000"
"all-available","Asia/Taipei","BTCUSDT","BTC-260902-76500-C","2026-09-02","76500","CALL","1h","2026-09-02 02:00:00","2026-09-02 10:00:00","980.000","980.000","980.000","980.000","0.00","2026-09-02 02:59:59","2026-09-02 10:59:59","0.00000","0","0.00","0.00000"
"all-available","Asia/Taipei","BTCUSDT","BTC-260902-76500-C","2026-09-02","76500","CALL","1h","2026-09-02 03:00:00","2026-09-02 11:00:00","980.000","980.000","980.000","980.000","0.00","2026-09-02 03:59:59","2026-09-02 11:59:59","0.00000","0","0.00","0.00000"
"all-available","Asia/Taipei","BTCUSDT","BTC-260902-76500-C","2026-09-02","76500","CALL","1h","2026-09-02 04:00:00","2026-09-02 12:00:00","980.000","980.000","980.000","980.000","0.00","2026-09-02 04:59:59","2026-09-02 12:59:59","0.00000","0","0.00","0.00000"
"all-available","Asia/Taipei","BTCUSDT","BTC-260902-76500-C","2026-09-02","76500","CALL","1h","2026-09-02 05:00:00","2026-09-02 13:00:00","980.000","980.000","980.000","980.000","0.00","2026-09-02 05:59:59","2026-09-02 13:59:59","0.00000","0","0.00","0.00000"
"all-available","Asia/Taipei","BTCUSDT","BTC-260902-76500-C","2026-09-02","76500","CALL","1h","2026-09-02 06:00:00","2026-09-02 14:00:00","980.000","980.000","980.000","980.000","0.00","2026-09-02 06:59:59","2026-09-02 14:59:59","0.00000","0","0.00","0.00000"
"all-available","Asia/Taipei","BTCUSDT","BTC-260902-76500-C","2026-09-02","76500","CALL","1h","2026-09-02 07:00:00","2026-09-02 15:00:00","980.000","980.000","980.000","980.000","0.00","2026-09-02 07:59:59","2026-09-02 15:59:59","0.00000","0","0.00","0.00000"
"all-available","Asia/Taipei","BTCUSDT","BTC-260902-76500-P","2026-09-02","76500","PUT","1h","2026-08-31 11:00:00","2026-08-31 19:00:00","125.000","135.000","125.000","135.000","0.60","2026-08-31 11:59:59","2026-08-31 19:59:59","75.20000","2","0.60","75.20000"
"all-available","Asia/Taipei","BTCUSDT","BTC-260902-76500-P","2026-09-02","76500","PUT","1h","2026-08-31 12:00:00","2026-08-31 20:00:00","250.000","250.000","250.000","250.000","0.56","2026-08-31 12:59:59","2026-08-31 20:59:59","140.00000","1","0.00","0.00000"
"all-available","Asia/Taipei","BTCUSDT","BTC-260902-76500-P","2026-09-02","76500","PUT","1h","2026-08-31 13:00:00","2026-08-31 21:00:00","225.000","240.000","225.000","240.000","1.27","2026-08-31 13:59:59","2026-08-31 21:59:59","287.25000","2","1.27","287.25000"
"all-available","Asia/Taipei","BTCUSDT","BTC-260902-76500-P","2026-09-02","76500","PUT","1h","2026-08-31 14:00:00","2026-08-31 22:00:00","240.000","240.000","240.000","240.000","0.09","2026-08-31 14:59:59","2026-08-31 22:59:59","21.60000","1","0.00","0.00000"
"all-available","Asia/Taipei","BTCUSDT","BTC-260902-76500-P","2026-09-02","76500","PUT","1h","2026-08-31 15:00:00","2026-08-31 23:00:00","100.000","100.000","100.000","100.000","0.10","2026-08-31 15:59:59","2026-08-31 23:59:59","10.00000","1","0.10","10.00000"
"all-available","Asia/Taipei","BTCUSDT","BTC-260902-76500-P","2026-09-02","76500","PUT","1h","2026-08-31 16:00:00","2026-09-01 00:00:00","100.000","100.000","100.000","100.000","0.00","2026-08-31 16:59:59","2026-09-01 00:59:59","0.00000","0","0.00","0.00000"
"all-available","Asia/Taipei","BTCUSDT","BTC-260902-76500-P","2026-09-02","76500","PUT","1h","2026-08-31 17:00:00","2026-09-01 01:00:00","100.000","100.000","100.000","100.000","0.00","2026-08-31 17:59:59","2026-09-01 01:59:59","0.00000","0","0.00","0.00000"
"all-available","Asia/Taipei","BTCUSDT","BTC-260902-76500-P","2026-09-02","76500","PUT","1h","2026-08-31 18:00:00","2026-09-01 02:00:00","100.000","100.000","100.000","100.000","0.00","2026-08-31 18:59:59","2026-09-01 02:59:59","0.00000","0","0.00","0.00000"
"all-available","Asia/Taipei","BTCUSDT","BTC-260902-76500-P","2026-09-02","76500","PUT","1h","2026-08-31 19:00:00","2026-09-01 03:00:00","40.000","40.000","40.000","40.000","0.73","2026-08-31 19:59:59","2026-09-01 03:59:59","29.20000","1","0.73","29.20000"
"all-available","Asia/Taipei","BTCUSDT","BTC-260902-76500-P","2026-09-02","76500","PUT","1h","2026-08-31 20:00:00","2026-09-01 04:00:00","40.000","40.000","40.000","40.000","0.00","2026-08-31 20:59:59","2026-09-01 04:59:59","0.00000","0","0.00","0.00000"
"all-available","Asia/Taipei","BTCUSDT","BTC-260902-76500-P","2026-09-02","76500","PUT","1h","2026-08-31 21:00:00","2026-09-01 05:00:00","55.000","55.000","55.000","55.000","0.22","2026-08-31 21:59:59","2026-09-01 05:59:59","12.10000","2","0.00","0.00000"
"all-available","Asia/Taipei","BTCUSDT","BTC-260902-76500-P","2026-09-02","76500","PUT","1h","2026-08-31 22:00:00","2026-09-01 06:00:00","55.000","55.000","55.000","55.000","0.00","2026-08-31 22:59:59","2026-09-01 06:59:59","0.00000","0","0.00","0.00000"
"all-available","Asia/Taipei","BTCUSDT","BTC-260902-76500-P","2026-09-02","76500","PUT","1h","2026-08-31 23:00:00","2026-09-01 07:00:00","95.000","105.000","95.000","105.000","1.34","2026-08-31 23:59:59","2026-09-01 07:59:59","130.70000","2","0.00","0.00000"
"all-available","Asia/Taipei","BTCUSDT","BTC-260902-76500-P","2026-09-02","76500","PUT","1h","2026-09-01 00:00:00","2026-09-01 08:00:00","105.000","105.000","105.000","105.000","0.00","2026-09-01 00:59:59","2026-09-01 08:59:59","0.00000","0","0.00","0.00000"
"all-available","Asia/Taipei","BTCUSDT","BTC-260902-76500-P","2026-09-02","76500","PUT","1h","2026-09-01 01:00:00","2026-09-01 09:00:00","85.000","85.000","85.000","85.000","0.41","2026-09-01 01:59:59","2026-09-01 09:59:59","34.85000","1","0.00","0.00000"
"all-available","Asia/Taipei","BTCUSDT","BTC-260902-76500-P","2026-09-02","76500","PUT","1h","2026-09-01 02:00:00","2026-09-01 10:00:00","125.000","125.000","125.000","125.000","0.65","2026-09-01 02:59:59","2026-09-01 10:59:59","81.25000","1","0.00","0.00000"
"all-available","Asia/Taipei","BTCUSDT","BTC-260902-76500-P","2026-09-02","76500","PUT","1h","2026-09-01 03:00:00","2026-09-01 11:00:00","80.000","80.000","65.000","65.000","1.91","2026-09-01 03:59:59","2026-09-01 11:59:59","144.10000","7","0.00","0.00000"
"all-available","Asia/Taipei","BTCUSDT","BTC-260902-76500-P","2026-09-02","76500","PUT","1h","2026-09-01 04:00:00","2026-09-01 12:00:00","70.000","70.000","70.000","70.000","2.63","2026-09-01 04:59:59","2026-09-01 12:59:59","184.10000","2","0.00","0.00000"
"all-available","Asia/Taipei","BTCUSDT","BTC-260902-76500-P","2026-09-02","76500","PUT","1h","2026-09-01 05:00:00","2026-09-01 13:00:00","55.000","55.000","55.000","55.000","0.26","2026-09-01 05:59:59","2026-09-01 13:59:59","14.30000","2","0.00","0.00000"
"all-available","Asia/Taipei","BTCUSDT","BTC-260902-76500-P","2026-09-02","76500","PUT","1h","2026-09-01 06:00:00","2026-09-01 14:00:00","50.000","60.000","50.000","60.000","1.06","2026-09-01 06:59:59","2026-09-01 14:59:59","58.10000","8","1.06","58.10000"
"all-available","Asia/Taipei","BTCUSDT","BTC-260902-76500-P","2026-09-02","76500","PUT","1h","2026-09-01 07:00:00","2026-09-01 15:00:00","50.000","50.000","45.000","45.000","24.00","2026-09-01 07:59:59","2026-09-01 15:59:59","1094.90000","15","4.68","225.50000"
"all-available","Asia/Taipei","BTCUSDT","BTC-260902-76500-P","2026-09-02","76500","PUT","1h","2026-09-01 08:00:00","2026-09-01 16:00:00","45.000","120.000","45.000","115.000","29.85","2026-09-01 08:59:59","2026-09-01 16:59:59","2487.45000","55","22.65","1804.65000"
"all-available","Asia/Taipei","BTCUSDT","BTC-260902-76500-P","2026-09-02","76500","PUT","1h","2026-09-01 09:00:00","2026-09-01 17:00:00","130.000","130.000","95.000","100.000","10.34","2026-09-01 09:59:59","2026-09-01 17:59:59","1146.05000","13","7.52","779.90000"
"all-available","Asia/Taipei","BTCUSDT","BTC-260902-76500-P","2026-09-02","76500","PUT","1h","2026-09-01 10:00:00","2026-09-01 18:00:00","100.000","105.000","70.000","75.000","1.37","2026-09-01 10:59:59","2026-09-01 18:59:59","133.85000","8","0.89","86.15000"
"all-available","Asia/Taipei","BTCUSDT","BTC-260902-76500-P","2026-09-02","76500","PUT","1h","2026-09-01 11:00:00","2026-09-01 19:00:00","90.000","90.000","60.000","65.000","2.29","2026-09-01 11:59:59","2026-09-01 19:59:59","149.50000","6","2.28","148.90000"
"all-available","Asia/Taipei","BTCUSDT","BTC-260902-76500-P","2026-09-02","76500","PUT","1h","2026-09-01 12:00:00","2026-09-01 20:00:00","70.000","95.000","65.000","95.000","2.13","2026-09-01 12:59:59","2026-09-01 20:59:59","181.70000","10","0.81","57.90000"
"all-available","Asia/Taipei","BTCUSDT","BTC-260902-76500-P","2026-09-02","76500","PUT","1h","2026-09-01 13:00:00","2026-09-01 21:00:00","75.000","135.000","60.000","65.000","23.67","2026-09-01 13:59:59","2026-09-01 21:59:59","2391.00000","45","11.59","1102.00000"
"all-available","Asia/Taipei","BTCUSDT","BTC-260902-76500-P","2026-09-02","76500","PUT","1h","2026-09-01 14:00:00","2026-09-01 22:00:00","60.000","65.000","45.000","50.000","115.70","2026-09-01 14:59:59","2026-09-01 22:59:59","5737.80000","53","99.85","4947.75000"
"all-available","Asia/Taipei","BTCUSDT","BTC-260902-76500-P","2026-09-02","76500","PUT","1h","2026-09-01 15:00:00","2026-09-01 23:00:00","65.000","85.000","45.000","45.000","24.16","2026-09-01 15:59:59","2026-09-01 23:59:59","1391.00000","15","18.07","924.75000"
"all-available","Asia/Taipei","BTCUSDT","BTC-260902-76500-P","2026-09-02","76500","PUT","1h","2026-09-01 16:00:00","2026-09-02 00:00:00","55.000","120.000","55.000","90.000","9.96","2026-09-01 16:59:59","2026-09-02 00:59:59","989.85000","19","1.08","113.40000"
"all-available","Asia/Taipei","BTCUSDT","BTC-260902-76500-P","2026-09-02","76500","PUT","1h","2026-09-01 17:00:00","2026-09-02 01:00:00","80.000","100.000","70.000","70.000","5.46","2026-09-01 17:59:59","2026-09-02 01:59:59","428.80000","9","2.77","238.00000"
"all-available","Asia/Taipei","BTCUSDT","BTC-260902-76500-P","2026-09-02","76500","PUT","1h","2026-09-01 18:00:00","2026-09-02 02:00:00","155.000","460.000","155.000","245.000","38.30","2026-09-01 18:59:59","2026-09-02 02:59:59","11155.65000","63","23.13","6874.90000"
"all-available","Asia/Taipei","BTCUSDT","BTC-260902-76500-P","2026-09-02","76500","PUT","1h","2026-09-01 19:00:00","2026-09-02 03:00:00","150.000","150.000","110.000","115.000","3.16","2026-09-01 19:59:59","2026-09-02 03:59:59","419.35000","8","3.16","419.35000"
"all-available","Asia/Taipei","BTCUSDT","BTC-260902-76500-P","2026-09-02","76500","PUT","1h","2026-09-01 20:00:00","2026-09-02 04:00:00","125.000","130.000","100.000","105.000","1.14","2026-09-01 20:59:59","2026-09-02 04:59:59","121.30000","6","0.60","66.30000"
"all-available","Asia/Taipei","BTCUSDT","BTC-260902-76500-P","2026-09-02","76500","PUT","1h","2026-09-01 21:00:00","2026-09-02 05:00:00","120.000","205.000","120.000","130.000","0.40","2026-09-01 21:59:59","2026-09-02 05:59:59","49.65000","5","0.36","44.05000"
"all-available","Asia/Taipei","BTCUSDT","BTC-260902-76500-P","2026-09-02","76500","PUT","1h","2026-09-01 22:00:00","2026-09-02 06:00:00","110.000","140.000","85.000","90.000","6.78","2026-09-01 22:59:59","2026-09-02 06:59:59","714.10000","19","2.48","267.20000"
"all-available","Asia/Taipei","BTCUSDT","BTC-260902-76500-P","2026-09-02","76500","PUT","1h","2026-09-01 23:00:00","2026-09-02 07:00:00","85.000","85.000","35.000","45.000","9.46","2026-09-01 23:59:59","2026-09-02 07:59:59","551.00000","36","3.82","149.70000"
"all-available","Asia/Taipei","BTCUSDT","BTC-260902-76500-P","2026-09-02","76500","PUT","1h","2026-09-02 00:00:00","2026-09-02 08:00:00","40.000","55.000","40.000","55.000","3.17","2026-09-02 00:59:59","2026-09-02 08:59:59","157.50000","11","2.17","102.50000"
"all-available","Asia/Taipei","BTCUSDT","BTC-260902-76500-P","2026-09-02","76500","PUT","1h","2026-09-02 01:00:00","2026-09-02 09:00:00","65.000","150.000","35.000","95.000","10.21","2026-09-02 01:59:59","2026-09-02 09:59:59","684.50000","38","5.29","315.20000"
"all-available","Asia/Taipei","BTCUSDT","BTC-260902-76500-P","2026-09-02","76500","PUT","1h","2026-09-02 02:00:00","2026-09-02 10:00:00","85.000","85.000","35.000","35.000","6.18","2026-09-02 02:59:59","2026-09-02 10:59:59","317.95000","15","4.30","234.15000"
"all-available","Asia/Taipei","BTCUSDT","BTC-260902-76500-P","2026-09-02","76500","PUT","1h","2026-09-02 03:00:00","2026-09-02 11:00:00","20.000","20.000","5.000","10.000","47.42","2026-09-02 03:59:59","2026-09-02 11:59:59","492.10000","29","1.93","29.65000"
"all-available","Asia/Taipei","BTCUSDT","BTC-260902-76500-P","2026-09-02","76500","PUT","1h","2026-09-02 04:00:00","2026-09-02 12:00:00","10.000","15.000","5.000","5.000","76.95","2026-09-02 04:59:59","2026-09-02 12:59:59","645.65000","22","5.87","59.35000"
"all-available","Asia/Taipei","BTCUSDT","BTC-260902-76500-P","2026-09-02","76500","PUT","1h","2026-09-02 05:00:00","2026-09-02 13:00:00","5.000","5.000","5.000","5.000","0.52","2026-09-02 05:59:59","2026-09-02 13:59:59","2.60000","2","0.52","2.60000"
"all-available","Asia/Taipei","BTCUSDT","BTC-260902-76500-P","2026-09-02","76500","PUT","1h","2026-09-02 06:00:00","2026-09-02 14:00:00","5.000","5.000","5.000","5.000","0.01","2026-09-02 06:59:59","2026-09-02 14:59:59","0.05000","1","0.01","0.05000"
"all-available","Asia/Taipei","BTCUSDT","BTC-260902-76500-P","2026-09-02","76500","PUT","1h","2026-09-02 07:00:00","2026-09-02 15:00:00","5.000","5.000","5.000","5.000","0.00","2026-09-02 07:59:59","2026-09-02 15:59:59","0.00000","0","0.00","0.00000"
"all-available","Asia/Taipei","BTCUSDT","BTC-260902-77000-C","2026-09-02","77000","CALL","1h","2026-08-30 23:00:00","2026-08-31 07:00:00","1140.000","1140.000","1140.000","1140.000","0.01","2026-08-30 23:59:59","2026-08-31 07:59:59","11.40000","1","0.01","11.40000"
"all-available","Asia/Taipei","BTCUSDT","BTC-260902-77000-C","2026-09-02","77000","CALL","1h","2026-08-31 00:00:00","2026-08-31 08:00:00","1450.000","1450.000","1450.000","1450.000","0.01","2026-08-31 00:59:59","2026-08-31 08:59:59","14.50000","1","0.01","14.50000"
"all-available","Asia/Taipei","BTCUSDT","BTC-260902-77000-C","2026-09-02","77000","CALL","1h","2026-08-31 01:00:00","2026-08-31 09:00:00","1450.000","1450.000","1450.000","1450.000","0.00","2026-08-31 01:59:59","2026-08-31 09:59:59","0.00000","0","0.00","0.00000"
"all-available","Asia/Taipei","BTCUSDT","BTC-260902-77000-C","2026-09-02","77000","CALL","1h","2026-08-31 02:00:00","2026-08-31 10:00:00","1450.000","1450.000","1450.000","1450.000","0.00","2026-08-31 02:59:59","2026-08-31 10:59:59","0.00000","0","0.00","0.00000"
"all-available","Asia/Taipei","BTCUSDT","BTC-260902-77000-C","2026-09-02","77000","CALL","1h","2026-08-31 03:00:00","2026-08-31 11:00:00","1450.000","1450.000","1450.000","1450.000","0.00","2026-08-31 03:59:59","2026-08-31 11:59:59","0.00000","0","0.00","0.00000"
"all-available","Asia/Taipei","BTCUSDT","BTC-260902-77000-C","2026-09-02","77000","CALL","1h","2026-08-31 04:00:00","2026-08-31 12:00:00","1450.000","1450.000","1450.000","1450.000","0.00","2026-08-31 04:59:59","2026-08-31 12:59:59","0.00000","0","0.00","0.00000"
"all-available","Asia/Taipei","BTCUSDT","BTC-260902-77000-C","2026-09-02","77000","CALL","1h","2026-08-31 05:00:00","2026-08-31 13:00:00","1450.000","1450.000","1450.000","1450.000","0.00","2026-08-31 05:59:59","2026-08-31 13:59:59","0.00000","0","0.00","0.00000"
"all-available","Asia/Taipei","BTCUSDT","BTC-260902-77000-C","2026-09-02","77000","CALL","1h","2026-08-31 06:00:00","2026-08-31 14:00:00","1450.000","1450.000","1450.000","1450.000","0.00","2026-08-31 06:59:59","2026-08-31 14:59:59","0.00000","0","0.00","0.00000"
"all-available","Asia/Taipei","BTCUSDT","BTC-260902-77000-C","2026-09-02","77000","CALL","1h","2026-08-31 07:00:00","2026-08-31 15:00:00","1450.000","1450.000","1450.000","1450.000","0.00","2026-08-31 07:59:59","2026-08-31 15:59:59","0.00000","0","0.00","0.00000"
"all-available","Asia/Taipei","BTCUSDT","BTC-260902-77000-C","2026-09-02","77000","CALL","1h","2026-08-31 08:00:00","2026-08-31 16:00:00","1450.000","1450.000","1450.000","1450.000","0.00","2026-08-31 08:59:59","2026-08-31 16:59:59","0.00000","0","0.00","0.00000"
"all-available","Asia/Taipei","BTCUSDT","BTC-260902-77000-C","2026-09-02","77000","CALL","1h","2026-08-31 09:00:00","2026-08-31 17:00:00","1450.000","1450.000","1450.000","1450.000","0.00","2026-08-31 09:59:59","2026-08-31 17:59:59","0.00000","0","0.00","0.00000"
"all-available","Asia/Taipei","BTCUSDT","BTC-260902-77000-C","2026-09-02","77000","CALL","1h","2026-08-31 10:00:00","2026-08-31 18:00:00","1450.000","1450.000","1450.000","1450.000","0.00","2026-08-31 10:59:59","2026-08-31 18:59:59","0.00000","0","0.00","0.00000"
"all-available","Asia/Taipei","BTCUSDT","BTC-260902-77000-C","2026-09-02","77000","CALL","1h","2026-08-31 11:00:00","2026-08-31 19:00:00","1450.000","1450.000","1450.000","1450.000","0.00","2026-08-31 11:59:59","2026-08-31 19:59:59","0.00000","0","0.00","0.00000"
"all-available","Asia/Taipei","BTCUSDT","BTC-260902-77000-C","2026-09-02","77000","CALL","1h","2026-08-31 12:00:00","2026-08-31 20:00:00","1450.000","1450.000","1450.000","1450.000","0.00","2026-08-31 12:59:59","2026-08-31 20:59:59","0.00000","0","0.00","0.00000"
"all-available","Asia/Taipei","BTCUSDT","BTC-260902-77000-C","2026-09-02","77000","CALL","1h","2026-08-31 13:00:00","2026-08-31 21:00:00","1450.000","1450.000","1450.000","1450.000","0.00","2026-08-31 13:59:59","2026-08-31 21:59:59","0.00000","0","0.00","0.00000"
"all-available","Asia/Taipei","BTCUSDT","BTC-260902-77000-C","2026-09-02","77000","CALL","1h","2026-08-31 14:00:00","2026-08-31 22:00:00","1450.000","1450.000","1450.000","1450.000","0.00","2026-08-31 14:59:59","2026-08-31 22:59:59","0.00000","0","0.00","0.00000"
"all-available","Asia/Taipei","BTCUSDT","BTC-260902-77000-C","2026-09-02","77000","CALL","1h","2026-08-31 15:00:00","2026-08-31 23:00:00","1450.000","1450.000","1450.000","1450.000","0.00","2026-08-31 15:59:59","2026-08-31 23:59:59","0.00000","0","0.00","0.00000"
"all-available","Asia/Taipei","BTCUSDT","BTC-260902-77000-C","2026-09-02","77000","CALL","1h","2026-08-31 16:00:00","2026-09-01 00:00:00","1450.000","1450.000","1450.000","1450.000","0.00","2026-08-31 16:59:59","2026-09-01 00:59:59","0.00000","0","0.00","0.00000"
"all-available","Asia/Taipei","BTCUSDT","BTC-260902-77000-C","2026-09-02","77000","CALL","1h","2026-08-31 17:00:00","2026-09-01 01:00:00","1450.000","1450.000","1450.000","1450.000","0.00","2026-08-31 17:59:59","2026-09-01 01:59:59","0.00000","0","0.00","0.00000"
"all-available","Asia/Taipei","BTCUSDT","BTC-260902-77000-C","2026-09-02","77000","CALL","1h","2026-08-31 18:00:00","2026-09-01 02:00:00","1450.000","1450.000","1450.000","1450.000","0.00","2026-08-31 18:59:59","2026-09-01 02:59:59","0.00000","0","0.00","0.00000"
"all-available","Asia/Taipei","BTCUSDT","BTC-260902-77000-C","2026-09-02","77000","CALL","1h","2026-08-31 19:00:00","2026-09-01 03:00:00","1450.000","1450.000","1450.000","1450.000","0.00","2026-08-31 19:59:59","2026-09-01 03:59:59","0.00000","0","0.00","0.00000"
"all-available","Asia/Taipei","BTCUSDT","BTC-260902-77000-C","2026-09-02","77000","CALL","1h","2026-08-31 20:00:00","2026-09-01 04:00:00","1450.000","1450.000","1450.000","1450.000","0.00","2026-08-31 20:59:59","2026-09-01 04:59:59","0.00000","0","0.00","0.00000"
"all-available","Asia/Taipei","BTCUSDT","BTC-260902-77000-C","2026-09-02","77000","CALL","1h","2026-08-31 21:00:00","2026-09-01 05:00:00","1450.000","1450.000","1450.000","1450.000","0.00","2026-08-31 21:59:59","2026-09-01 05:59:59","0.00000","0","0.00","0.00000"
"all-available","Asia/Taipei","BTCUSDT","BTC-260902-77000-C","2026-09-02","77000","CALL","1h","2026-08-31 22:00:00","2026-09-01 06:00:00","1450.000","1450.000","1450.000","1450.000","0.00","2026-08-31 22:59:59","2026-09-01 06:59:59","0.00000","0","0.00","0.00000"
"all-available","Asia/Taipei","BTCUSDT","BTC-260902-77000-C","2026-09-02","77000","CALL","1h","2026-08-31 23:00:00","2026-09-01 07:00:00","1450.000","1450.000","1450.000","1450.000","0.00","2026-08-31 23:59:59","2026-09-01 07:59:59","0.00000","0","0.00","0.00000"
"all-available","Asia/Taipei","BTCUSDT","BTC-260902-77000-C","2026-09-02","77000","CALL","1h","2026-09-01 00:00:00","2026-09-01 08:00:00","1450.000","1450.000","1450.000","1450.000","0.00","2026-09-01 00:59:59","2026-09-01 08:59:59","0.00000","0","0.00","0.00000"
"all-available","Asia/Taipei","BTCUSDT","BTC-260902-77000-C","2026-09-02","77000","CALL","1h","2026-09-01 01:00:00","2026-09-01 09:00:00","1450.000","1450.000","1450.000","1450.000","0.00","2026-09-01 01:59:59","2026-09-01 09:59:59","0.00000","0","0.00","0.00000"
"all-available","Asia/Taipei","BTCUSDT","BTC-260902-77000-C","2026-09-02","77000","CALL","1h","2026-09-01 02:00:00","2026-09-01 10:00:00","1450.000","1450.000","1450.000","1450.000","0.00","2026-09-01 02:59:59","2026-09-01 10:59:59","0.00000","0","0.00","0.00000"
"all-available","Asia/Taipei","BTCUSDT","BTC-260902-77000-C","2026-09-02","77000","CALL","1h","2026-09-01 03:00:00","2026-09-01 11:00:00","1450.000","1450.000","1450.000","1450.000","0.00","2026-09-01 03:59:59","2026-09-01 11:59:59","0.00000","0","0.00","0.00000"
"all-available","Asia/Taipei","BTCUSDT","BTC-260902-77000-C","2026-09-02","77000","CALL","1h","2026-09-01 04:00:00","2026-09-01 12:00:00","1450.000","1450.000","1450.000","1450.000","0.00","2026-09-01 04:59:59","2026-09-01 12:59:59","0.00000","0","0.00","0.00000"
"all-available","Asia/Taipei","BTCUSDT","BTC-260902-77000-C","2026-09-02","77000","CALL","1h","2026-09-01 05:00:00","2026-09-01 13:00:00","1450.000","1450.000","1450.000","1450.000","0.00","2026-09-01 05:59:59","2026-09-01 13:59:59","0.00000","0","0.00","0.00000"
"all-available","Asia/Taipei","BTCUSDT","BTC-260902-77000-C","2026-09-02","77000","CALL","1h","2026-09-01 06:00:00","2026-09-01 14:00:00","1450.000","1450.000","1450.000","1450.000","0.00","2026-09-01 06:59:59","2026-09-01 14:59:59","0.00000","0","0.00","0.00000"
"all-available","Asia/Taipei","BTCUSDT","BTC-260902-77000-C","2026-09-02","77000","CALL","1h","2026-09-01 07:00:00","2026-09-01 15:00:00","1450.000","1450.000","1450.000","1450.000","0.00","2026-09-01 07:59:59","2026-09-01 15:59:59","0.00000","0","0.00","0.00000"
"all-available","Asia/Taipei","BTCUSDT","BTC-260902-77000-C","2026-09-02","77000","CALL","1h","2026-09-01 08:00:00","2026-09-01 16:00:00","1450.000","1450.000","1450.000","1450.000","0.00","2026-09-01 08:59:59","2026-09-01 16:59:59","0.00000","0","0.00","0.00000"
"all-available","Asia/Taipei","BTCUSDT","BTC-260902-77000-C","2026-09-02","77000","CALL","1h","2026-09-01 09:00:00","2026-09-01 17:00:00","1450.000","1450.000","1450.000","1450.000","0.00","2026-09-01 09:59:59","2026-09-01 17:59:59","0.00000","0","0.00","0.00000"
"all-available","Asia/Taipei","BTCUSDT","BTC-260902-77000-C","2026-09-02","77000","CALL","1h","2026-09-01 10:00:00","2026-09-01 18:00:00","1450.000","1450.000","1450.000","1450.000","0.00","2026-09-01 10:59:59","2026-09-01 18:59:59","0.00000","0","0.00","0.00000"
"all-available","Asia/Taipei","BTCUSDT","BTC-260902-77000-C","2026-09-02","77000","CALL","1h","2026-09-01 11:00:00","2026-09-01 19:00:00","1450.000","1450.000","1450.000","1450.000","0.00","2026-09-01 11:59:59","2026-09-01 19:59:59","0.00000","0","0.00","0.00000"
"all-available","Asia/Taipei","BTCUSDT","BTC-260902-77000-C","2026-09-02","77000","CALL","1h","2026-09-01 12:00:00","2026-09-01 20:00:00","1450.000","1450.000","1450.000","1450.000","0.00","2026-09-01 12:59:59","2026-09-01 20:59:59","0.00000","0","0.00","0.00000"
"all-available","Asia/Taipei","BTCUSDT","BTC-260902-77000-C","2026-09-02","77000","CALL","1h","2026-09-01 13:00:00","2026-09-01 21:00:00","1450.000","1450.000","1450.000","1450.000","0.00","2026-09-01 13:59:59","2026-09-01 21:59:59","0.00000","0","0.00","0.00000"
"all-available","Asia/Taipei","BTCUSDT","BTC-260902-77000-C","2026-09-02","77000","CALL","1h","2026-09-01 14:00:00","2026-09-01 22:00:00","1450.000","1450.000","1450.000","1450.000","0.00","2026-09-01 14:59:59","2026-09-01 22:59:59","0.00000","0","0.00","0.00000"
"all-available","Asia/Taipei","BTCUSDT","BTC-260902-77000-C","2026-09-02","77000","CALL","1h","2026-09-01 15:00:00","2026-09-01 23:00:00","1450.000","1450.000","1450.000","1450.000","0.00","2026-09-01 15:59:59","2026-09-01 23:59:59","0.00000","0","0.00","0.00000"
"all-available","Asia/Taipei","BTCUSDT","BTC-260902-77000-C","2026-09-02","77000","CALL","1h","2026-09-01 16:00:00","2026-09-02 00:00:00","745.000","745.000","745.000","745.000","0.16","2026-09-01 16:59:59","2026-09-02 00:59:59","119.20000","1","0.00","0.00000"
"all-available","Asia/Taipei","BTCUSDT","BTC-260902-77000-C","2026-09-02","77000","CALL","1h","2026-09-01 17:00:00","2026-09-02 01:00:00","535.000","535.000","535.000","535.000","0.01","2026-09-01 17:59:59","2026-09-02 01:59:59","5.35000","1","0.00","0.00000"
"all-available","Asia/Taipei","BTCUSDT","BTC-260902-77000-C","2026-09-02","77000","CALL","1h","2026-09-01 18:00:00","2026-09-02 02:00:00","450.000","450.000","270.000","445.000","8.10","2026-09-01 18:59:59","2026-09-02 02:59:59","3074.75000","18","3.80","1397.25000"
"all-available","Asia/Taipei","BTCUSDT","BTC-260902-77000-C","2026-09-02","77000","CALL","1h","2026-09-01 19:00:00","2026-09-02 03:00:00","500.000","555.000","240.000","540.000","3.44","2026-09-01 19:59:59","2026-09-02 03:59:59","1813.40000","7","1.04","518.20000"
"all-available","Asia/Taipei","BTCUSDT","BTC-260902-77000-C","2026-09-02","77000","CALL","1h","2026-09-01 20:00:00","2026-09-02 04:00:00","540.000","540.000","540.000","540.000","0.00","2026-09-01 20:59:59","2026-09-02 04:59:59","0.00000","0","0.00","0.00000"
"all-available","Asia/Taipei","BTCUSDT","BTC-260902-77000-C","2026-09-02","77000","CALL","1h","2026-09-01 21:00:00","2026-09-02 05:00:00","545.000","545.000","390.000","430.000","1.42","2026-09-01 21:59:59","2026-09-02 05:59:59","611.35000","3","1.41","605.90000"
"all-available","Asia/Taipei","BTCUSDT","BTC-260902-77000-C","2026-09-02","77000","CALL","1h","2026-09-01 22:00:00","2026-09-02 06:00:00","390.000","390.000","200.000","200.000","0.22","2026-09-01 22:59:59","2026-09-02 06:59:59","83.90000","3","0.18","70.20000"
"all-available","Asia/Taipei","BTCUSDT","BTC-260902-77000-C","2026-09-02","77000","CALL","1h","2026-09-01 23:00:00","2026-09-02 07:00:00","200.000","200.000","200.000","200.000","0.00","2026-09-01 23:59:59","2026-09-02 07:59:59","0.00000","0","0.00","0.00000"
"all-available","Asia/Taipei","BTCUSDT","BTC-260902-77000-C","2026-09-02","77000","CALL","1h","2026-09-02 00:00:00","2026-09-02 08:00:00","400.000","400.000","395.000","395.000","0.02","2026-09-02 00:59:59","2026-09-02 08:59:59","7.95000","2","0.01","3.95000"
"all-available","Asia/Taipei","BTCUSDT","BTC-260902-77000-C","2026-09-02","77000","CALL","1h","2026-09-02 01:00:00","2026-09-02 09:00:00","385.000","385.000","145.000","280.000","6.33","2026-09-02 01:59:59","2026-09-02 09:59:59","1118.55000","23","6.15","1082.00000"
"all-available","Asia/Taipei","BTCUSDT","BTC-260902-77000-C","2026-09-02","77000","CALL","1h","2026-09-02 02:00:00","2026-09-02 10:00:00","275.000","355.000","275.000","355.000","0.11","2026-09-02 02:59:59","2026-09-02 10:59:59","38.25000","3","0.11","38.25000"
"all-available","Asia/Taipei","BTCUSDT","BTC-260902-77000-C","2026-09-02","77000","CALL","1h","2026-09-02 03:00:00","2026-09-02 11:00:00","500.000","785.000","500.000","545.000","0.63","2026-09-02 03:59:59","2026-09-02 11:59:59","375.70000","11","0.37","236.90000"
"all-available","Asia/Taipei","BTCUSDT","BTC-260902-77000-C","2026-09-02","77000","CALL","1h","2026-09-02 04:00:00","2026-09-02 12:00:00","490.000","505.000","490.000","500.000","0.68","2026-09-02 04:59:59","2026-09-02 12:59:59","339.80000","13","0.18","90.25000"
"all-available","Asia/Taipei","BTCUSDT","BTC-260902-77000-C","2026-09-02","77000","CALL","1h","2026-09-02 05:00:00","2026-09-02 13:00:00","510.000","510.000","510.000","510.000","0.03","2026-09-02 05:59:59","2026-09-02 13:59:59","15.30000","1","0.03","15.30000"
"all-available","Asia/Taipei","BTCUSDT","BTC-260902-77000-C","2026-09-02","77000","CALL","1h","2026-09-02 06:00:00","2026-09-02 14:00:00","640.000","640.000","500.000","500.000","0.11","2026-09-02 06:59:59","2026-09-02 14:59:59","56.40000","2","0.11","56.40000"
"all-available","Asia/Taipei","BTCUSDT","BTC-260902-77000-C","2026-09-02","77000","CALL","1h","2026-09-02 07:00:00","2026-09-02 15:00:00","500.000","500.000","500.000","500.000","0.00","2026-09-02 07:59:59","2026-09-02 15:59:59","0.00000","0","0.00","0.00000"
"all-available","Asia/Taipei","BTCUSDT","BTC-260902-77000-P","2026-09-02","77000","PUT","1h","2026-08-30 08:00:00","2026-08-30 16:00:00","400.000","435.000","400.000","435.000","0.47","2026-08-30 08:59:59","2026-08-30 16:59:59","189.20000","5","0.02","8.70000"
"all-available","Asia/Taipei","BTCUSDT","BTC-260902-77000-P","2026-09-02","77000","PUT","1h","2026-08-30 09:00:00","2026-08-30 17:00:00","435.000","435.000","435.000","435.000","0.00","2026-08-30 09:59:59","2026-08-30 17:59:59","0.00000","0","0.00","0.00000"
"all-available","Asia/Taipei","BTCUSDT","BTC-260902-77000-P","2026-09-02","77000","PUT","1h","2026-08-30 10:00:00","2026-08-30 18:00:00","430.000","430.000","430.000","430.000","0.02","2026-08-30 10:59:59","2026-08-30 18:59:59","8.60000","1","0.00","0.00000"
"all-available","Asia/Taipei","BTCUSDT","BTC-260902-77000-P","2026-09-02","77000","PUT","1h","2026-08-30 11:00:00","2026-08-30 19:00:00","370.000","370.000","370.000","370.000","0.26","2026-08-30 11:59:59","2026-08-30 19:59:59","96.20000","1","0.26","96.20000"
"all-available","Asia/Taipei","BTCUSDT","BTC-260902-77000-P","2026-09-02","77000","PUT","1h","2026-08-30 12:00:00","2026-08-30 20:00:00","360.000","360.000","270.000","275.000","2.13","2026-08-30 12:59:59","2026-08-30 20:59:59","677.00000","13","0.58","162.50000"
"all-available","Asia/Taipei","BTCUSDT","BTC-260902-77000-P","2026-09-02","77000","PUT","1h","2026-08-30 13:00:00","2026-08-30 21:00:00","275.000","275.000","275.000","275.000","0.00","2026-08-30 13:59:59","2026-08-30 21:59:59","0.00000","0","0.00","0.00000"
"all-available","Asia/Taipei","BTCUSDT","BTC-260902-77000-P","2026-09-02","77000","PUT","1h","2026-08-30 14:00:00","2026-08-30 22:00:00","230.000","235.000","220.000","230.000","11.09","2026-08-30 14:59:59","2026-08-30 22:59:59","2553.00000","7","0.57","133.60000"
"all-available","Asia/Taipei","BTCUSDT","BTC-260902-77000-P","2026-09-02","77000","PUT","1h","2026-08-30 15:00:00","2026-08-30 23:00:00","245.000","245.000","245.000","245.000","0.56","2026-08-30 15:59:59","2026-08-30 23:59:59","137.20000","1","0.56","137.20000"
"all-available","Asia/Taipei","BTCUSDT","BTC-260902-77000-P","2026-09-02","77000","PUT","1h","2026-08-30 16:00:00","2026-08-31 00:00:00","210.000","210.000","170.000","170.000","1.14","2026-08-30 16:59:59","2026-08-31 00:59:59","224.15000","5","1.12","219.95000"
"all-available","Asia/Taipei","BTCUSDT","BTC-260902-77000-P","2026-09-02","77000","PUT","1h","2026-08-30 17:00:00","2026-08-31 01:00:00","170.000","170.000","170.000","170.000","0.00","2026-08-30 17:59:59","2026-08-31 01:59:59","0.00000","0","0.00","0.00000"
"all-available","Asia/Taipei","BTCUSDT","BTC-260902-77000-P","2026-09-02","77000","PUT","1h","2026-08-30 18:00:00","2026-08-31 02:00:00","170.000","170.000","170.000","170.000","0.00","2026-08-30 18:59:59","2026-08-31 02:59:59","0.00000","0","0.00","0.00000"
"all-available","Asia/Taipei","BTCUSDT","BTC-260902-77000-P","2026-09-02","77000","PUT","1h","2026-08-30 19:00:00","2026-08-31 03:00:00","170.000","170.000","170.000","170.000","0.00","2026-08-30 19:59:59","2026-08-31 03:59:59","0.00000","0","0.00","0.00000"
"all-available","Asia/Taipei","BTCUSDT","BTC-260902-77000-P","2026-09-02","77000","PUT","1h","2026-08-30 20:00:00","2026-08-31 04:00:00","295.000","295.000","295.000","295.000","0.42","2026-08-30 20:59:59","2026-08-31 04:59:59","123.90000","1","0.00","0.00000"
"all-available","Asia/Taipei","BTCUSDT","BTC-260902-77000-P","2026-09-02","77000","PUT","1h","2026-08-30 21:00:00","2026-08-31 05:00:00","310.000","320.000","310.000","320.000","0.52","2026-08-30 21:59:59","2026-08-31 05:59:59","164.20000","2","0.52","164.20000"
"all-available","Asia/Taipei","BTCUSDT","BTC-260902-77000-P","2026-09-02","77000","PUT","1h","2026-08-30 22:00:00","2026-08-31 06:00:00","320.000","320.000","320.000","320.000","0.00","2026-08-30 22:59:59","2026-08-31 06:59:59","0.00000","0","0.00","0.00000"
"all-available","Asia/Taipei","BTCUSDT","BTC-260902-77000-P","2026-09-02","77000","PUT","1h","2026-08-30 23:00:00","2026-08-31 07:00:00","315.000","695.000","315.000","615.000","3.46","2026-08-30 23:59:59","2026-08-31 07:59:59","1756.70000","9","0.72","353.15000"
"all-available","Asia/Taipei","BTCUSDT","BTC-260902-77000-P","2026-09-02","77000","PUT","1h","2026-08-31 00:00:00","2026-08-31 08:00:00","425.000","425.000","425.000","425.000","0.07","2026-08-31 00:59:59","2026-08-31 08:59:59","29.75000","1","0.00","0.00000"
"all-available","Asia/Taipei","BTCUSDT","BTC-260902-77000-P","2026-09-02","77000","PUT","1h","2026-08-31 01:00:00","2026-08-31 09:00:00","505.000","505.000","505.000","505.000","0.03","2026-08-31 01:59:59","2026-08-31 09:59:59","15.15000","1","0.03","15.15000"
"all-available","Asia/Taipei","BTCUSDT","BTC-260902-77000-P","2026-09-02","77000","PUT","1h","2026-08-31 02:00:00","2026-08-31 10:00:00","545.000","625.000","490.000","625.000","2.64","2026-08-31 02:59:59","2026-08-31 10:59:59","1564.10000","11","2.63","1559.20000"
"all-available","Asia/Taipei","BTCUSDT","BTC-260902-77000-P","2026-09-02","77000","PUT","1h","2026-08-31 03:00:00","2026-08-31 11:00:00","565.000","565.000","450.000","450.000","0.52","2026-08-31 03:59:59","2026-08-31 11:59:59","258.15000","2","0.00","0.00000"
"all-available","Asia/Taipei","BTCUSDT","BTC-260902-77000-P","2026-09-02","77000","PUT","1h","2026-08-31 04:00:00","2026-08-31 12:00:00","515.000","515.000","505.000","505.000","0.35","2026-08-31 04:59:59","2026-08-31 12:59:59","177.25000","2","0.05","25.75000"
"all-available","Asia/Taipei","BTCUSDT","BTC-260902-77000-P","2026-09-02","77000","PUT","1h","2026-08-31 05:00:00","2026-08-31 13:00:00","460.000","460.000","390.000","400.000","1.95","2026-08-31 05:59:59","2026-08-31 13:59:59","781.25000","6","0.30","117.55000"
"all-available","Asia/Taipei","BTCUSDT","BTC-260902-77000-P","2026-09-02","77000","PUT","1h","2026-08-31 06:00:00","2026-08-31 14:00:00","400.000","400.000","400.000","400.000","0.00","2026-08-31 06:59:59","2026-08-31 14:59:59","0.00000","0","0.00","0.00000"
"all-available","Asia/Taipei","BTCUSDT","BTC-260902-77000-P","2026-09-02","77000","PUT","1h","2026-08-31 07:00:00","2026-08-31 15:00:00","400.000","400.000","400.000","400.000","0.00","2026-08-31 07:59:59","2026-08-31 15:59:59","0.00000","0","0.00","0.00000"
"all-available","Asia/Taipei","BTCUSDT","BTC-260902-77000-P","2026-09-02","77000","PUT","1h","2026-08-31 08:00:00","2026-08-31 16:00:00","330.000","330.000","295.000","305.000","1.87","2026-08-31 08:59:59","2026-08-31 16:59:59","600.00000","7","1.40","459.00000"
"all-available","Asia/Taipei","BTCUSDT","BTC-260902-77000-P","2026-09-02","77000","PUT","1h","2026-08-31 09:00:00","2026-08-31 17:00:00","205.000","205.000","205.000","205.000","0.71","2026-08-31 09:59:59","2026-08-31 17:59:59","145.55000","1","0.71","145.55000"
"all-available","Asia/Taipei","BTCUSDT","BTC-260902-77000-P","2026-09-02","77000","PUT","1h","2026-08-31 10:00:00","2026-08-31 18:00:00","205.000","205.000","205.000","205.000","0.00","2026-08-31 10:59:59","2026-08-31 18:59:59","0.00000","0","0.00","0.00000"
"all-available","Asia/Taipei","BTCUSDT","BTC-260902-77000-P","2026-09-02","77000","PUT","1h","2026-08-31 11:00:00","2026-08-31 19:00:00","205.000","205.000","205.000","205.000","0.00","2026-08-31 11:59:59","2026-08-31 19:59:59","0.00000","0","0.00","0.00000"
"all-available","Asia/Taipei","BTCUSDT","BTC-260902-77000-P","2026-09-02","77000","PUT","1h","2026-08-31 12:00:00","2026-08-31 20:00:00","230.000","405.000","210.000","405.000","2.43","2026-08-31 12:59:59","2026-08-31 20:59:59","655.50000","8","1.00","294.45000"
"all-available","Asia/Taipei","BTCUSDT","BTC-260902-77000-P","2026-09-02","77000","PUT","1h","2026-08-31 13:00:00","2026-08-31 21:00:00","350.000","350.000","315.000","315.000","0.51","2026-08-31 13:59:59","2026-08-31 21:59:59","178.15000","3","0.00","0.00000"
"all-available","Asia/Taipei","BTCUSDT","BTC-260902-77000-P","2026-09-02","77000","PUT","1h","2026-08-31 14:00:00","2026-08-31 22:00:00","375.000","375.000","375.000","375.000","4.73","2026-08-31 14:59:59","2026-08-31 22:59:59","1773.75000","2","0.00","0.00000"
"all-available","Asia/Taipei","BTCUSDT","BTC-260902-77000-P","2026-09-02","77000","PUT","1h","2026-08-31 15:00:00","2026-08-31 23:00:00","375.000","375.000","375.000","375.000","0.00","2026-08-31 15:59:59","2026-08-31 23:59:59","0.00000","0","0.00","0.00000"
"all-available","Asia/Taipei","BTCUSDT","BTC-260902-77000-P","2026-09-02","77000","PUT","1h","2026-08-31 16:00:00","2026-09-01 00:00:00","375.000","375.000","375.000","375.000","0.00","2026-08-31 16:59:59","2026-09-01 00:59:59","0.00000","0","0.00","0.00000"
"all-available","Asia/Taipei","BTCUSDT","BTC-260902-77000-P","2026-09-02","77000","PUT","1h","2026-08-31 17:00:00","2026-09-01 01:00:00","140.000","140.000","140.000","140.000","0.01","2026-08-31 17:59:59","2026-09-01 01:59:59","1.40000","1","0.01","1.40000"
"all-available","Asia/Taipei","BTCUSDT","BTC-260902-77000-P","2026-09-02","77000","PUT","1h","2026-08-31 18:00:00","2026-09-01 02:00:00","90.000","90.000","70.000","70.000","5.15","2026-08-31 18:59:59","2026-09-01 02:59:59","461.50000","4","5.09","457.30000"
"all-available","Asia/Taipei","BTCUSDT","BTC-260902-77000-P","2026-09-02","77000","PUT","1h","2026-08-31 19:00:00","2026-09-01 03:00:00","65.000","75.000","65.000","75.000","0.15","2026-08-31 19:59:59","2026-09-01 03:59:59","11.05000","2","0.13","9.75000"
"all-available","Asia/Taipei","BTCUSDT","BTC-260902-77000-P","2026-09-02","77000","PUT","1h","2026-08-31 20:00:00","2026-09-01 04:00:00","95.000","95.000","95.000","95.000","0.71","2026-08-31 20:59:59","2026-09-01 04:59:59","67.45000","1","0.71","67.45000"
"all-available","Asia/Taipei","BTCUSDT","BTC-260902-77000-P","2026-09-02","77000","PUT","1h","2026-08-31 21:00:00","2026-09-01 05:00:00","90.000","90.000","90.000","90.000","0.10","2026-08-31 21:59:59","2026-09-01 05:59:59","9.00000","1","0.00","0.00000"
"all-available","Asia/Taipei","BTCUSDT","BTC-260902-77000-P","2026-09-02","77000","PUT","1h","2026-08-31 22:00:00","2026-09-01 06:00:00","90.000","90.000","90.000","90.000","0.00","2026-08-31 22:59:59","2026-09-01 06:59:59","0.00000","0","0.00","0.00000"
"all-available","Asia/Taipei","BTCUSDT","BTC-260902-77000-P","2026-09-02","77000","PUT","1h","2026-08-31 23:00:00","2026-09-01 07:00:00","185.000","185.000","185.000","185.000","1.22","2026-08-31 23:59:59","2026-09-01 07:59:59","225.70000","2","0.00","0.00000"
"all-available","Asia/Taipei","BTCUSDT","BTC-260902-77000-P","2026-09-02","77000","PUT","1h","2026-09-01 00:00:00","2026-09-01 08:00:00","120.000","125.000","115.000","125.000","0.95","2026-09-01 00:59:59","2026-09-01 08:59:59","113.90000","4","0.08","10.00000"
"all-available","Asia/Taipei","BTCUSDT","BTC-260902-77000-P","2026-09-02","77000","PUT","1h","2026-09-01 01:00:00","2026-09-01 09:00:00","130.000","130.000","130.000","130.000","0.23","2026-09-01 01:59:59","2026-09-01 09:59:59","29.90000","1","0.00","0.00000"
"all-available","Asia/Taipei","BTCUSDT","BTC-260902-77000-P","2026-09-02","77000","PUT","1h","2026-09-01 02:00:00","2026-09-01 10:00:00","190.000","195.000","170.000","170.000","11.07","2026-09-01 02:59:59","2026-09-01 10:59:59","2053.55000","7","5.82","1106.55000"
"all-available","Asia/Taipei","BTCUSDT","BTC-260902-77000-P","2026-09-02","77000","PUT","1h","2026-09-01 03:00:00","2026-09-01 11:00:00","135.000","135.000","130.000","130.000","0.23","2026-09-01 03:59:59","2026-09-01 11:59:59","30.35000","2","0.00","0.00000"
"all-available","Asia/Taipei","BTCUSDT","BTC-260902-77000-P","2026-09-02","77000","PUT","1h","2026-09-01 04:00:00","2026-09-01 12:00:00","130.000","130.000","130.000","130.000","0.00","2026-09-01 04:59:59","2026-09-01 12:59:59","0.00000","0","0.00","0.00000"
"all-available","Asia/Taipei","BTCUSDT","BTC-260902-77000-P","2026-09-02","77000","PUT","1h","2026-09-01 05:00:00","2026-09-01 13:00:00","95.000","100.000","80.000","80.000","101.62","2026-09-01 05:59:59","2026-09-01 13:59:59","9823.10000","24","100.52","9724.10000"
"all-available","Asia/Taipei","BTCUSDT","BTC-260902-77000-P","2026-09-02","77000","PUT","1h","2026-09-01 06:00:00","2026-09-01 14:00:00","85.000","90.000","85.000","90.000","51.00","2026-09-01 06:59:59","2026-09-01 14:59:59","4338.35000","11","51.00","4338.35000"
"all-available","Asia/Taipei","BTCUSDT","BTC-260902-77000-P","2026-09-02","77000","PUT","1h","2026-09-01 07:00:00","2026-09-01 15:00:00","75.000","85.000","75.000","80.000","3.48","2026-09-01 07:59:59","2026-09-01 15:59:59","277.70000","14","1.10","87.30000"
"all-available","Asia/Taipei","BTCUSDT","BTC-260902-77000-P","2026-09-02","77000","PUT","1h","2026-09-01 08:00:00","2026-09-01 16:00:00","75.000","210.000","75.000","195.000","91.88","2026-09-01 08:59:59","2026-09-01 16:59:59","14439.50000","46","84.23","13116.75000"
"all-available","Asia/Taipei","BTCUSDT","BTC-260902-77000-P","2026-09-02","77000","PUT","1h","2026-09-01 09:00:00","2026-09-01 17:00:00","200.000","235.000","165.000","175.000","10.10","2026-09-01 09:59:59","2026-09-01 17:59:59","2034.80000","20","6.39","1259.50000"
"all-available","Asia/Taipei","BTCUSDT","BTC-260902-77000-P","2026-09-02","77000","PUT","1h","2026-09-01 10:00:00","2026-09-01 18:00:00","150.000","150.000","145.000","150.000","0.16","2026-09-01 10:59:59","2026-09-01 18:59:59","23.95000","3","0.15","22.50000"
"all-available","Asia/Taipei","BTCUSDT","BTC-260902-77000-P","2026-09-02","77000","PUT","1h","2026-09-01 11:00:00","2026-09-01 19:00:00","155.000","165.000","115.000","115.000","15.01","2026-09-01 11:59:59","2026-09-01 19:59:59","2131.50000","28","4.44","651.70000"
"all-available","Asia/Taipei","BTCUSDT","BTC-260902-77000-P","2026-09-02","77000","PUT","1h","2026-09-01 12:00:00","2026-09-01 20:00:00","135.000","190.000","115.000","125.000","14.63","2026-09-01 12:59:59","2026-09-01 20:59:59","2306.45000","24","6.12","811.35000"
"all-available","Asia/Taipei","BTCUSDT","BTC-260902-77000-P","2026-09-02","77000","PUT","1h","2026-09-01 13:00:00","2026-09-01 21:00:00","135.000","250.000","105.000","125.000","6.79","2026-09-01 13:59:59","2026-09-01 21:59:59","1303.35000","27","4.74","880.45000"
"all-available","Asia/Taipei","BTCUSDT","BTC-260902-77000-P","2026-09-02","77000","PUT","1h","2026-09-01 14:00:00","2026-09-01 22:00:00","120.000","120.000","75.000","95.000","42.17","2026-09-01 14:59:59","2026-09-01 22:59:59","3516.35000","40","40.86","3393.65000"
"all-available","Asia/Taipei","BTCUSDT","BTC-260902-77000-P","2026-09-02","77000","PUT","1h","2026-09-01 15:00:00","2026-09-01 23:00:00","125.000","160.000","95.000","95.000","10.09","2026-09-01 15:59:59","2026-09-01 23:59:59","1420.75000","20","5.01","776.25000"
"all-available","Asia/Taipei","BTCUSDT","BTC-260902-77000-P","2026-09-02","77000","PUT","1h","2026-09-01 16:00:00","2026-09-02 00:00:00","105.000","245.000","105.000","165.000","6.02","2026-09-01 16:59:59","2026-09-02 00:59:59","1276.75000","13","2.50","551.70000"
"all-available","Asia/Taipei","BTCUSDT","BTC-260902-77000-P","2026-09-02","77000","PUT","1h","2026-09-01 17:00:00","2026-09-02 01:00:00","145.000","270.000","145.000","270.000","25.86","2026-09-01 17:59:59","2026-09-02 01:59:59","4518.15000","19","18.55","3284.05000"
"all-available","Asia/Taipei","BTCUSDT","BTC-260902-77000-P","2026-09-02","77000","PUT","1h","2026-09-01 18:00:00","2026-09-02 02:00:00","260.000","685.000","260.000","365.000","63.78","2026-09-01 18:59:59","2026-09-02 02:59:59","31515.95000","59","53.98","27227.55000"
"all-available","Asia/Taipei","BTCUSDT","BTC-260902-77000-P","2026-09-02","77000","PUT","1h","2026-09-01 19:00:00","2026-09-02 03:00:00","310.000","310.000","190.000","230.000","3.86","2026-09-01 19:59:59","2026-09-02 03:59:59","946.60000","17","2.40","540.40000"
"all-available","Asia/Taipei","BTCUSDT","BTC-260902-77000-P","2026-09-02","77000","PUT","1h","2026-09-01 20:00:00","2026-09-02 04:00:00","205.000","205.000","190.000","190.000","0.11","2026-09-01 20:59:59","2026-09-02 04:59:59","21.05000","2","0.10","19.00000"
"all-available","Asia/Taipei","BTCUSDT","BTC-260902-77000-P","2026-09-02","77000","PUT","1h","2026-09-01 21:00:00","2026-09-02 05:00:00","305.000","315.000","240.000","240.000","1.13","2026-09-01 21:59:59","2026-09-02 05:59:59","280.00000","6","0.00","0.00000"
"all-available","Asia/Taipei","BTCUSDT","BTC-260902-77000-P","2026-09-02","77000","PUT","1h","2026-09-01 22:00:00","2026-09-02 06:00:00","220.000","305.000","190.000","190.000","1.10","2026-09-01 22:59:59","2026-09-02 06:59:59","292.55000","14","0.32","92.35000"
"all-available","Asia/Taipei","BTCUSDT","BTC-260902-77000-P","2026-09-02","77000","PUT","1h","2026-09-01 23:00:00","2026-09-02 07:00:00","185.000","185.000","90.000","105.000","7.53","2026-09-01 23:59:59","2026-09-02 07:59:59","799.85000","44","3.09","280.10000"
"all-available","Asia/Taipei","BTCUSDT","BTC-260902-77000-P","2026-09-02","77000","PUT","1h","2026-09-02 00:00:00","2026-09-02 08:00:00","115.000","185.000","115.000","165.000","1.79","2026-09-02 00:59:59","2026-09-02 08:59:59","273.65000","16","1.77","270.35000"
"all-available","Asia/Taipei","BTCUSDT","BTC-260902-77000-P","2026-09-02","77000","PUT","1h","2026-09-02 01:00:00","2026-09-02 09:00:00","160.000","395.000","130.000","290.000","4.93","2026-09-02 01:59:59","2026-09-02 09:59:59","1136.45000","43","3.47","740.55000"
"all-available","Asia/Taipei","BTCUSDT","BTC-260902-77000-P","2026-09-02","77000","PUT","1h","2026-09-02 02:00:00","2026-09-02 10:00:00","130.000","145.000","95.000","95.000","11.60","2026-09-02 02:59:59","2026-09-02 10:59:59","1263.95000","14","11.27","1226.05000"
"all-available","Asia/Taipei","BTCUSDT","BTC-260902-77000-P","2026-09-02","77000","PUT","1h","2026-09-02 03:00:00","2026-09-02 11:00:00","90.000","90.000","25.000","40.000","60.88","2026-09-02 03:59:59","2026-09-02 11:59:59","2557.50000","66","34.16","1321.85000"
"all-available","Asia/Taipei","BTCUSDT","BTC-260902-77000-P","2026-09-02","77000","PUT","1h","2026-09-02 04:00:00","2026-09-02 12:00:00","45.000","70.000","15.000","25.000","7.00","2026-09-02 04:59:59","2026-09-02 12:59:59","319.75000","35","4.22","156.00000"
"all-available","Asia/Taipei","BTCUSDT","BTC-260902-77000-P","2026-09-02","77000","PUT","1h","2026-09-02 05:00:00","2026-09-02 13:00:00","25.000","30.000","5.000","5.000","17.77","2026-09-02 05:59:59","2026-09-02 13:59:59","173.15000","28","2.27","32.50000"
"all-available","Asia/Taipei","BTCUSDT","BTC-260902-77000-P","2026-09-02","77000","PUT","1h","2026-09-02 06:00:00","2026-09-02 14:00:00","5.000","5.000","5.000","5.000","159.06","2026-09-02 06:59:59","2026-09-02 14:59:59","795.30000","11","0.02","0.10000"
"all-available","Asia/Taipei","BTCUSDT","BTC-260902-77000-P","2026-09-02","77000","PUT","1h","2026-09-02 07:00:00","2026-09-02 15:00:00","5.000","5.000","5.000","5.000","0.00","2026-09-02 07:59:59","2026-09-02 15:59:59","0.00000","0","0.00","0.00000"
"all-available","Asia/Taipei","BTCUSDT","BTC-260902-77250-C","2026-09-02","77250","CALL","1h","2026-09-01 16:00:00","2026-09-02 00:00:00","450.000","505.000","450.000","505.000","1.07","2026-09-01 16:59:59","2026-09-02 00:59:59","482.05000","2","1.06","477.00000"
"all-available","Asia/Taipei","BTCUSDT","BTC-260902-77250-C","2026-09-02","77250","CALL","1h","2026-09-01 17:00:00","2026-09-02 01:00:00","420.000","420.000","420.000","420.000","0.08","2026-09-01 17:59:59","2026-09-02 01:59:59","33.60000","1","0.08","33.60000"
"all-available","Asia/Taipei","BTCUSDT","BTC-260902-77250-C","2026-09-02","77250","CALL","1h","2026-09-01 18:00:00","2026-09-02 02:00:00","385.000","390.000","160.000","305.000","8.49","2026-09-01 18:59:59","2026-09-02 02:59:59","2860.85000","19","4.26","1223.15000"
"all-available","Asia/Taipei","BTCUSDT","BTC-260902-77250-C","2026-09-02","77250","CALL","1h","2026-09-01 19:00:00","2026-09-02 03:00:00","330.000","445.000","330.000","445.000","0.19","2026-09-01 19:59:59","2026-09-02 03:59:59","75.55000","6","0.01","3.75000"
"all-available","Asia/Taipei","BTCUSDT","BTC-260902-77250-C","2026-09-02","77250","CALL","1h","2026-09-01 20:00:00","2026-09-02 04:00:00","440.000","475.000","440.000","450.000","0.52","2026-09-01 20:59:59","2026-09-02 04:59:59","240.50000","6","0.03","13.50000"
"all-available","Asia/Taipei","BTCUSDT","BTC-260902-77250-C","2026-09-02","77250","CALL","1h","2026-09-01 21:00:00","2026-09-02 05:00:00","290.000","300.000","230.000","280.000","0.93","2026-09-01 21:59:59","2026-09-02 05:59:59","242.55000","10","0.93","242.55000"
"all-available","Asia/Taipei","BTCUSDT","BTC-260902-77250-C","2026-09-02","77250","CALL","1h","2026-09-01 22:00:00","2026-09-02 06:00:00","280.000","375.000","280.000","365.000","0.44","2026-09-01 22:59:59","2026-09-02 06:59:59","160.05000","4","0.00","0.00000"
"all-available","Asia/Taipei","BTCUSDT","BTC-260902-77250-C","2026-09-02","77250","CALL","1h","2026-09-01 23:00:00","2026-09-02 07:00:00","315.000","400.000","310.000","400.000","0.89","2026-09-01 23:59:59","2026-09-02 07:59:59","330.85000","25","0.14","44.10000"
"all-available","Asia/Taipei","BTCUSDT","BTC-260902-77250-C","2026-09-02","77250","CALL","1h","2026-09-02 00:00:00","2026-09-02 08:00:00","365.000","365.000","225.000","225.000","1.22","2026-09-02 00:59:59","2026-09-02 08:59:59","276.90000","3","0.00","0.00000"
"all-available","Asia/Taipei","BTCUSDT","BTC-260902-77250-C","2026-09-02","77250","CALL","1h","2026-09-02 01:00:00","2026-09-02 09:00:00","185.000","185.000","80.000","120.000","3.44","2026-09-02 01:59:59","2026-09-02 09:59:59","302.05000","29","3.14","272.85000"
"all-available","Asia/Taipei","BTCUSDT","BTC-260902-77250-C","2026-09-02","77250","CALL","1h","2026-09-02 02:00:00","2026-09-02 10:00:00","145.000","220.000","145.000","195.000","1.66","2026-09-02 02:59:59","2026-09-02 10:59:59","327.95000","20","1.33","256.95000"
"all-available","Asia/Taipei","BTCUSDT","BTC-260902-77250-C","2026-09-02","77250","CALL","1h","2026-09-02 03:00:00","2026-09-02 11:00:00","325.000","440.000","320.000","420.000","1.35","2026-09-02 03:59:59","2026-09-02 11:59:59","448.10000","4","0.10","44.00000"
"all-available","Asia/Taipei","BTCUSDT","BTC-260902-77250-C","2026-09-02","77250","CALL","1h","2026-09-02 04:00:00","2026-09-02 12:00:00","420.000","420.000","420.000","420.000","0.00","2026-09-02 04:59:59","2026-09-02 12:59:59","0.00000","0","0.00","0.00000"
"all-available","Asia/Taipei","BTCUSDT","BTC-260902-77250-C","2026-09-02","77250","CALL","1h","2026-09-02 05:00:00","2026-09-02 13:00:00","275.000","510.000","275.000","425.000","0.25","2026-09-02 05:59:59","2026-09-02 13:59:59","115.25000","4","0.21","98.25000"
"all-available","Asia/Taipei","BTCUSDT","BTC-260902-77250-C","2026-09-02","77250","CALL","1h","2026-09-02 06:00:00","2026-09-02 14:00:00","340.000","340.000","340.000","340.000","0.01","2026-09-02 06:59:59","2026-09-02 14:59:59","3.40000","1","0.01","3.40000"
"all-available","Asia/Taipei","BTCUSDT","BTC-260902-77250-C","2026-09-02","77250","CALL","1h","2026-09-02 07:00:00","2026-09-02 15:00:00","360.000","400.000","340.000","340.000","0.21","2026-09-02 07:59:59","2026-09-02 15:59:59","77.60000","4","0.11","37.60000"
"all-available","Asia/Taipei","BTCUSDT","BTC-260902-77250-P","2026-09-02","77250","PUT","1h","2026-08-31 08:00:00","2026-08-31 16:00:00","360.000","360.000","360.000","360.000","0.58","2026-08-31 08:59:59","2026-08-31 16:59:59","208.80000","2","0.00","0.00000"
"all-available","Asia/Taipei","BTCUSDT","BTC-260902-77250-P","2026-09-02","77250","PUT","1h","2026-08-31 09:00:00","2026-08-31 17:00:00","360.000","360.000","360.000","360.000","0.00","2026-08-31 09:59:59","2026-08-31 17:59:59","0.00000","0","0.00","0.00000"
"all-available","Asia/Taipei","BTCUSDT","BTC-260902-77250-P","2026-09-02","77250","PUT","1h","2026-08-31 10:00:00","2026-08-31 18:00:00","360.000","360.000","360.000","360.000","0.00","2026-08-31 10:59:59","2026-08-31 18:59:59","0.00000","0","0.00","0.00000"
"all-available","Asia/Taipei","BTCUSDT","BTC-260902-77250-P","2026-09-02","77250","PUT","1h","2026-08-31 11:00:00","2026-08-31 19:00:00","360.000","360.000","360.000","360.000","0.00","2026-08-31 11:59:59","2026-08-31 19:59:59","0.00000","0","0.00","0.00000"
"all-available","Asia/Taipei","BTCUSDT","BTC-260902-77250-P","2026-09-02","77250","PUT","1h","2026-08-31 12:00:00","2026-08-31 20:00:00","505.000","505.000","485.000","485.000","1.24","2026-08-31 12:59:59","2026-08-31 20:59:59","613.80000","6","0.31","156.55000"
"all-available","Asia/Taipei","BTCUSDT","BTC-260902-77250-P","2026-09-02","77250","PUT","1h","2026-08-31 13:00:00","2026-08-31 21:00:00","485.000","485.000","485.000","485.000","0.00","2026-08-31 13:59:59","2026-08-31 21:59:59","0.00000","0","0.00","0.00000"
"all-available","Asia/Taipei","BTCUSDT","BTC-260902-77250-P","2026-09-02","77250","PUT","1h","2026-08-31 14:00:00","2026-08-31 22:00:00","485.000","485.000","485.000","485.000","0.00","2026-08-31 14:59:59","2026-08-31 22:59:59","0.00000","0","0.00","0.00000"
"all-available","Asia/Taipei","BTCUSDT","BTC-260902-77250-P","2026-09-02","77250","PUT","1h","2026-08-31 15:00:00","2026-08-31 23:00:00","205.000","205.000","205.000","205.000","0.01","2026-08-31 15:59:59","2026-08-31 23:59:59","2.05000","1","0.01","2.05000"
"all-available","Asia/Taipei","BTCUSDT","BTC-260902-77250-P","2026-09-02","77250","PUT","1h","2026-08-31 16:00:00","2026-09-01 00:00:00","205.000","205.000","205.000","205.000","0.00","2026-08-31 16:59:59","2026-09-01 00:59:59","0.00000","0","0.00","0.00000"
"all-available","Asia/Taipei","BTCUSDT","BTC-260902-77250-P","2026-09-02","77250","PUT","1h","2026-08-31 17:00:00","2026-09-01 01:00:00","205.000","205.000","205.000","205.000","0.00","2026-08-31 17:59:59","2026-09-01 01:59:59","0.00000","0","0.00","0.00000"
"all-available","Asia/Taipei","BTCUSDT","BTC-260902-77250-P","2026-09-02","77250","PUT","1h","2026-08-31 18:00:00","2026-09-01 02:00:00","105.000","105.000","105.000","105.000","4.20","2026-08-31 18:59:59","2026-09-01 02:59:59","441.00000","1","4.20","441.00000"
"all-available","Asia/Taipei","BTCUSDT","BTC-260902-77250-P","2026-09-02","77250","PUT","1h","2026-08-31 19:00:00","2026-09-01 03:00:00","95.000","95.000","95.000","95.000","0.30","2026-08-31 19:59:59","2026-09-01 03:59:59","28.50000","2","0.30","28.50000"
"all-available","Asia/Taipei","BTCUSDT","BTC-260902-77250-P","2026-09-02","77250","PUT","1h","2026-08-31 20:00:00","2026-09-01 04:00:00","95.000","95.000","95.000","95.000","0.00","2026-08-31 20:59:59","2026-09-01 04:59:59","0.00000","0","0.00","0.00000"
"all-available","Asia/Taipei","BTCUSDT","BTC-260902-77250-P","2026-09-02","77250","PUT","1h","2026-08-31 21:00:00","2026-09-01 05:00:00","95.000","95.000","95.000","95.000","0.00","2026-08-31 21:59:59","2026-09-01 05:59:59","0.00000","0","0.00","0.00000"
"all-available","Asia/Taipei","BTCUSDT","BTC-260902-77250-P","2026-09-02","77250","PUT","1h","2026-08-31 22:00:00","2026-09-01 06:00:00","95.000","95.000","95.000","95.000","0.00","2026-08-31 22:59:59","2026-09-01 06:59:59","0.00000","0","0.00","0.00000"
"all-available","Asia/Taipei","BTCUSDT","BTC-260902-77250-P","2026-09-02","77250","PUT","1h","2026-08-31 23:00:00","2026-09-01 07:00:00","95.000","95.000","95.000","95.000","0.00","2026-08-31 23:59:59","2026-09-01 07:59:59","0.00000","0","0.00","0.00000"
"all-available","Asia/Taipei","BTCUSDT","BTC-260902-77250-P","2026-09-02","77250","PUT","1h","2026-09-01 00:00:00","2026-09-01 08:00:00","160.000","160.000","160.000","160.000","0.15","2026-09-01 00:59:59","2026-09-01 08:59:59","24.00000","1","0.00","0.00000"
"all-available","Asia/Taipei","BTCUSDT","BTC-260902-77250-P","2026-09-02","77250","PUT","1h","2026-09-01 01:00:00","2026-09-01 09:00:00","160.000","160.000","160.000","160.000","0.00","2026-09-01 01:59:59","2026-09-01 09:59:59","0.00000","0","0.00","0.00000"
"all-available","Asia/Taipei","BTCUSDT","BTC-260902-77250-P","2026-09-02","77250","PUT","1h","2026-09-01 02:00:00","2026-09-01 10:00:00","235.000","235.000","235.000","235.000","0.05","2026-09-01 02:59:59","2026-09-01 10:59:59","11.75000","1","0.05","11.75000"
"all-available","Asia/Taipei","BTCUSDT","BTC-260902-77250-P","2026-09-02","77250","PUT","1h","2026-09-01 03:00:00","2026-09-01 11:00:00","175.000","175.000","175.000","175.000","0.28","2026-09-01 03:59:59","2026-09-01 11:59:59","49.00000","3","0.00","0.00000"
"all-available","Asia/Taipei","BTCUSDT","BTC-260902-77250-P","2026-09-02","77250","PUT","1h","2026-09-01 04:00:00","2026-09-01 12:00:00","175.000","175.000","175.000","175.000","0.00","2026-09-01 04:59:59","2026-09-01 12:59:59","0.00000","0","0.00","0.00000"
"all-available","Asia/Taipei","BTCUSDT","BTC-260902-77250-P","2026-09-02","77250","PUT","1h","2026-09-01 05:00:00","2026-09-01 13:00:00","105.000","105.000","105.000","105.000","0.14","2026-09-01 05:59:59","2026-09-01 13:59:59","14.70000","1","0.00","0.00000"
"all-available","Asia/Taipei","BTCUSDT","BTC-260902-77250-P","2026-09-02","77250","PUT","1h","2026-09-01 06:00:00","2026-09-01 14:00:00","110.000","110.000","110.000","110.000","1.00","2026-09-01 06:59:59","2026-09-01 14:59:59","110.00000","1","1.00","110.00000"
"all-available","Asia/Taipei","BTCUSDT","BTC-260902-77250-P","2026-09-02","77250","PUT","1h","2026-09-01 07:00:00","2026-09-01 15:00:00","100.000","100.000","100.000","100.000","0.50","2026-09-01 07:59:59","2026-09-01 15:59:59","50.00000","1","0.50","50.00000"
"all-available","Asia/Taipei","BTCUSDT","BTC-260902-77250-P","2026-09-02","77250","PUT","1h","2026-09-01 08:00:00","2026-09-01 16:00:00","145.000","245.000","140.000","240.000","47.14","2026-09-01 08:59:59","2026-09-01 16:59:59","9830.15000","13","47.09","9820.15000"
"all-available","Asia/Taipei","BTCUSDT","BTC-260902-77250-P","2026-09-02","77250","PUT","1h","2026-09-01 09:00:00","2026-09-01 17:00:00","305.000","305.000","225.000","245.000","0.09","2026-09-01 09:59:59","2026-09-01 17:59:59","23.50000","4","0.08","21.25000"
"all-available","Asia/Taipei","BTCUSDT","BTC-260902-77250-P","2026-09-02","77250","PUT","1h","2026-09-01 10:00:00","2026-09-01 18:00:00","240.000","240.000","225.000","225.000","0.06","2026-09-01 10:59:59","2026-09-01 18:59:59","14.00000","4","0.00","0.00000"
"all-available","Asia/Taipei","BTCUSDT","BTC-260902-77250-P","2026-09-02","77250","PUT","1h","2026-09-01 11:00:00","2026-09-01 19:00:00","205.000","205.000","205.000","205.000","0.26","2026-09-01 11:59:59","2026-09-01 19:59:59","53.30000","2","0.04","8.20000"
"all-available","Asia/Taipei","BTCUSDT","BTC-260902-77250-P","2026-09-02","77250","PUT","1h","2026-09-01 12:00:00","2026-09-01 20:00:00","160.000","240.000","155.000","225.000","4.83","2026-09-01 12:59:59","2026-09-01 20:59:59","1003.45000","9","2.52","456.70000"
"all-available","Asia/Taipei","BTCUSDT","BTC-260902-77250-P","2026-09-02","77250","PUT","1h","2026-09-01 13:00:00","2026-09-01 21:00:00","340.000","340.000","155.000","155.000","2.43","2026-09-01 13:59:59","2026-09-01 21:59:59","650.55000","8","1.62","442.50000"
"all-available","Asia/Taipei","BTCUSDT","BTC-260902-77250-P","2026-09-02","77250","PUT","1h","2026-09-01 14:00:00","2026-09-01 22:00:00","135.000","135.000","100.000","100.000","2.03","2026-09-01 14:59:59","2026-09-01 22:59:59","245.20000","20","1.33","156.70000"
"all-available","Asia/Taipei","BTCUSDT","BTC-260902-77250-P","2026-09-02","77250","PUT","1h","2026-09-01 15:00:00","2026-09-01 23:00:00","170.000","220.000","170.000","200.000","2.57","2026-09-01 15:59:59","2026-09-01 23:59:59","515.25000","7","2.53","506.45000"
"all-available","Asia/Taipei","BTCUSDT","BTC-260902-77250-P","2026-09-02","77250","PUT","1h","2026-09-01 16:00:00","2026-09-02 00:00:00","230.000","360.000","230.000","245.000","7.30","2026-09-01 16:59:59","2026-09-02 00:59:59","1977.35000","6","2.35","789.25000"
"all-available","Asia/Taipei","BTCUSDT","BTC-260902-77250-P","2026-09-02","77250","PUT","1h","2026-09-01 17:00:00","2026-09-02 01:00:00","225.000","355.000","225.000","355.000","0.99","2026-09-01 17:59:59","2026-09-02 01:59:59","321.00000","7","0.85","275.50000"
"all-available","Asia/Taipei","BTCUSDT","BTC-260902-77250-P","2026-09-02","77250","PUT","1h","2026-09-01 18:00:00","2026-09-02 02:00:00","415.000","950.000","415.000","440.000","4.84","2026-09-01 18:59:59","2026-09-02 02:59:59","2418.00000","30","2.65","1421.70000"
"all-available","Asia/Taipei","BTCUSDT","BTC-260902-77250-P","2026-09-02","77250","PUT","1h","2026-09-01 19:00:00","2026-09-02 03:00:00","395.000","410.000","310.000","310.000","0.48","2026-09-01 19:59:59","2026-09-02 03:59:59","157.40000","8","0.01","3.95000"
"all-available","Asia/Taipei","BTCUSDT","BTC-260902-77250-P","2026-09-02","77250","PUT","1h","2026-09-01 20:00:00","2026-09-02 04:00:00","285.000","290.000","275.000","275.000","0.84","2026-09-01 20:59:59","2026-09-02 04:59:59","238.85000","9","0.00","0.00000"
"all-available","Asia/Taipei","BTCUSDT","BTC-260902-77250-P","2026-09-02","77250","PUT","1h","2026-09-01 21:00:00","2026-09-02 05:00:00","265.000","545.000","245.000","465.000","4.96","2026-09-01 21:59:59","2026-09-02 05:59:59","1856.90000","14","0.09","41.85000"
"all-available","Asia/Taipei","BTCUSDT","BTC-260902-77250-P","2026-09-02","77250","PUT","1h","2026-09-01 22:00:00","2026-09-02 06:00:00","365.000","425.000","270.000","270.000","0.57","2026-09-01 22:59:59","2026-09-02 06:59:59","175.55000","9","0.20","75.60000"
"all-available","Asia/Taipei","BTCUSDT","BTC-260902-77250-P","2026-09-02","77250","PUT","1h","2026-09-01 23:00:00","2026-09-02 07:00:00","315.000","315.000","145.000","150.000","2.36","2026-09-01 23:59:59","2026-09-02 07:59:59","383.85000","18","1.89","278.80000"
"all-available","Asia/Taipei","BTCUSDT","BTC-260902-77250-P","2026-09-02","77250","PUT","1h","2026-09-02 00:00:00","2026-09-02 08:00:00","190.000","295.000","175.000","245.000","2.51","2026-09-02 00:59:59","2026-09-02 08:59:59","534.65000","25","0.84","239.40000"
"all-available","Asia/Taipei","BTCUSDT","BTC-260902-77250-P","2026-09-02","77250","PUT","1h","2026-09-02 01:00:00","2026-09-02 09:00:00","270.000","500.000","225.000","500.000","2.22","2026-09-02 01:59:59","2026-09-02 09:59:59","690.25000","36","1.87","583.25000"
"all-available","Asia/Taipei","BTCUSDT","BTC-260902-77250-P","2026-09-02","77250","PUT","1h","2026-09-02 02:00:00","2026-09-02 10:00:00","285.000","285.000","175.000","175.000","3.53","2026-09-02 02:59:59","2026-09-02 10:59:59","741.25000","8","0.03","7.35000"
"all-available","Asia/Taipei","BTCUSDT","BTC-260902-77250-P","2026-09-02","77250","PUT","1h","2026-09-02 03:00:00","2026-09-02 11:00:00","85.000","90.000","55.000","85.000","4.93","2026-09-02 03:59:59","2026-09-02 11:59:59","368.85000","17","4.25","318.20000"
"all-available","Asia/Taipei","BTCUSDT","BTC-260902-77250-P","2026-09-02","77250","PUT","1h","2026-09-02 04:00:00","2026-09-02 12:00:00","110.000","110.000","50.000","55.000","3.73","2026-09-02 04:59:59","2026-09-02 12:59:59","208.35000","31","1.45","77.00000"
"all-available","Asia/Taipei","BTCUSDT","BTC-260902-77250-P","2026-09-02","77250","PUT","1h","2026-09-02 05:00:00","2026-09-02 13:00:00","40.000","40.000","20.000","20.000","2.78","2026-09-02 05:59:59","2026-09-02 13:59:59","64.95000","19","2.74","63.35000"
"all-available","Asia/Taipei","BTCUSDT","BTC-260902-77250-P","2026-09-02","77250","PUT","1h","2026-09-02 06:00:00","2026-09-02 14:00:00","15.000","20.000","10.000","20.000","6.99","2026-09-02 06:59:59","2026-09-02 14:59:59","110.90000","11","2.01","30.20000"
"all-available","Asia/Taipei","BTCUSDT","BTC-260902-77250-P","2026-09-02","77250","PUT","1h","2026-09-02 07:00:00","2026-09-02 15:00:00","5.000","5.000","5.000","5.000","150.50","2026-09-02 07:59:59","2026-09-02 15:59:59","752.50000","6","0.00","0.00000"
"all-available","Asia/Taipei","BTCUSDT","BTC-260902-77500-C","2026-09-02","77500","CALL","1h","2026-08-31 12:00:00","2026-08-31 20:00:00","940.000","940.000","940.000","940.000","0.09","2026-08-31 12:59:59","2026-08-31 20:59:59","84.60000","1","0.09","84.60000"
"all-available","Asia/Taipei","BTCUSDT","BTC-260902-77500-C","2026-09-02","77500","CALL","1h","2026-08-31 13:00:00","2026-08-31 21:00:00","930.000","930.000","930.000","930.000","2.00","2026-08-31 13:59:59","2026-08-31 21:59:59","1860.00000","1","0.00","0.00000"
"all-available","Asia/Taipei","BTCUSDT","BTC-260902-77500-C","2026-09-02","77500","CALL","1h","2026-08-31 14:00:00","2026-08-31 22:00:00","925.000","925.000","925.000","925.000","0.43","2026-08-31 14:59:59","2026-08-31 22:59:59","397.75000","1","0.43","397.75000"
"all-available","Asia/Taipei","BTCUSDT","BTC-260902-77500-C","2026-09-02","77500","CALL","1h","2026-08-31 15:00:00","2026-08-31 23:00:00","925.000","925.000","925.000","925.000","0.00","2026-08-31 15:59:59","2026-08-31 23:59:59","0.00000","0","0.00","0.00000"
"all-available","Asia/Taipei","BTCUSDT","BTC-260902-77500-C","2026-09-02","77500","CALL","1h","2026-08-31 16:00:00","2026-09-01 00:00:00","925.000","925.000","925.000","925.000","0.00","2026-08-31 16:59:59","2026-09-01 00:59:59","0.00000","0","0.00","0.00000"
"all-available","Asia/Taipei","BTCUSDT","BTC-260902-77500-C","2026-09-02","77500","CALL","1h","2026-08-31 17:00:00","2026-09-01 01:00:00","925.000","925.000","925.000","925.000","0.00","2026-08-31 17:59:59","2026-09-01 01:59:59","0.00000","0","0.00","0.00000"
"all-available","Asia/Taipei","BTCUSDT","BTC-260902-77500-C","2026-09-02","77500","CALL","1h","2026-08-31 18:00:00","2026-09-01 02:00:00","925.000","925.000","925.000","925.000","0.00","2026-08-31 18:59:59","2026-09-01 02:59:59","0.00000","0","0.00","0.00000"
"all-available","Asia/Taipei","BTCUSDT","BTC-260902-77500-C","2026-09-02","77500","CALL","1h","2026-08-31 19:00:00","2026-09-01 03:00:00","925.000","925.000","925.000","925.000","0.00","2026-08-31 19:59:59","2026-09-01 03:59:59","0.00000","0","0.00","0.00000"
"all-available","Asia/Taipei","BTCUSDT","BTC-260902-77500-C","2026-09-02","77500","CALL","1h","2026-08-31 20:00:00","2026-09-01 04:00:00","925.000","925.000","925.000","925.000","0.00","2026-08-31 20:59:59","2026-09-01 04:59:59","0.00000","0","0.00","0.00000"
"all-available","Asia/Taipei","BTCUSDT","BTC-260902-77500-C","2026-09-02","77500","CALL","1h","2026-08-31 21:00:00","2026-09-01 05:00:00","925.000","925.000","925.000","925.000","0.00","2026-08-31 21:59:59","2026-09-01 05:59:59","0.00000","0","0.00","0.00000"
"all-available","Asia/Taipei","BTCUSDT","BTC-260902-77500-C","2026-09-02","77500","CALL","1h","2026-08-31 22:00:00","2026-09-01 06:00:00","925.000","925.000","925.000","925.000","0.00","2026-08-31 22:59:59","2026-09-01 06:59:59","0.00000","0","0.00","0.00000"
"all-available","Asia/Taipei","BTCUSDT","BTC-260902-77500-C","2026-09-02","77500","CALL","1h","2026-08-31 23:00:00","2026-09-01 07:00:00","925.000","925.000","925.000","925.000","0.00","2026-08-31 23:59:59","2026-09-01 07:59:59","0.00000","0","0.00","0.00000"
"all-available","Asia/Taipei","BTCUSDT","BTC-260902-77500-C","2026-09-02","77500","CALL","1h","2026-09-01 00:00:00","2026-09-01 08:00:00","925.000","925.000","925.000","925.000","0.00","2026-09-01 00:59:59","2026-09-01 08:59:59","0.00000","0","0.00","0.00000"
"all-available","Asia/Taipei","BTCUSDT","BTC-260902-77500-C","2026-09-02","77500","CALL","1h","2026-09-01 01:00:00","2026-09-01 09:00:00","925.000","925.000","925.000","925.000","0.00","2026-09-01 01:59:59","2026-09-01 09:59:59","0.00000","0","0.00","0.00000"
"all-available","Asia/Taipei","BTCUSDT","BTC-260902-77500-C","2026-09-02","77500","CALL","1h","2026-09-01 02:00:00","2026-09-01 10:00:00","925.000","925.000","925.000","925.000","0.00","2026-09-01 02:59:59","2026-09-01 10:59:59","0.00000","0","0.00","0.00000"
"all-available","Asia/Taipei","BTCUSDT","BTC-260902-77500-C","2026-09-02","77500","CALL","1h","2026-09-01 03:00:00","2026-09-01 11:00:00","925.000","925.000","925.000","925.000","0.00","2026-09-01 03:59:59","2026-09-01 11:59:59","0.00000","0","0.00","0.00000"
"all-available","Asia/Taipei","BTCUSDT","BTC-260902-77500-C","2026-09-02","77500","CALL","1h","2026-09-01 04:00:00","2026-09-01 12:00:00","925.000","925.000","925.000","925.000","0.00","2026-09-01 04:59:59","2026-09-01 12:59:59","0.00000","0","0.00","0.00000"
"all-available","Asia/Taipei","BTCUSDT","BTC-260902-77500-C","2026-09-02","77500","CALL","1h","2026-09-01 05:00:00","2026-09-01 13:00:00","925.000","925.000","925.000","925.000","0.00","2026-09-01 05:59:59","2026-09-01 13:59:59","0.00000","0","0.00","0.00000"
"all-available","Asia/Taipei","BTCUSDT","BTC-260902-77500-C","2026-09-02","77500","CALL","1h","2026-09-01 06:00:00","2026-09-01 14:00:00","925.000","925.000","925.000","925.000","0.00","2026-09-01 06:59:59","2026-09-01 14:59:59","0.00000","0","0.00","0.00000"
"all-available","Asia/Taipei","BTCUSDT","BTC-260902-77500-C","2026-09-02","77500","CALL","1h","2026-09-01 07:00:00","2026-09-01 15:00:00","925.000","925.000","925.000","925.000","0.00","2026-09-01 07:59:59","2026-09-01 15:59:59","0.00000","0","0.00","0.00000"
"all-available","Asia/Taipei","BTCUSDT","BTC-260902-77500-C","2026-09-02","77500","CALL","1h","2026-09-01 08:00:00","2026-09-01 16:00:00","1000.000","1000.000","1000.000","1000.000","0.01","2026-09-01 08:59:59","2026-09-01 16:59:59","10.00000","1","0.00","0.00000"
"all-available","Asia/Taipei","BTCUSDT","BTC-260902-77500-C","2026-09-02","77500","CALL","1h","2026-09-01 09:00:00","2026-09-01 17:00:00","1000.000","1000.000","1000.000","1000.000","0.00","2026-09-01 09:59:59","2026-09-01 17:59:59","0.00000","0","0.00","0.00000"
"all-available","Asia/Taipei","BTCUSDT","BTC-260902-77500-C","2026-09-02","77500","CALL","1h","2026-09-01 10:00:00","2026-09-01 18:00:00","1000.000","1000.000","1000.000","1000.000","0.00","2026-09-01 10:59:59","2026-09-01 18:59:59","0.00000","0","0.00","0.00000"
"all-available","Asia/Taipei","BTCUSDT","BTC-260902-77500-C","2026-09-02","77500","CALL","1h","2026-09-01 11:00:00","2026-09-01 19:00:00","775.000","775.000","775.000","775.000","0.20","2026-09-01 11:59:59","2026-09-01 19:59:59","155.00000","1","0.20","155.00000"
"all-available","Asia/Taipei","BTCUSDT","BTC-260902-77500-C","2026-09-02","77500","CALL","1h","2026-09-01 12:00:00","2026-09-01 20:00:00","700.000","700.000","700.000","700.000","0.01","2026-09-01 12:59:59","2026-09-01 20:59:59","7.00000","1","0.00","0.00000"
"all-available","Asia/Taipei","BTCUSDT","BTC-260902-77500-C","2026-09-02","77500","CALL","1h","2026-09-01 13:00:00","2026-09-01 21:00:00","670.000","720.000","520.000","720.000","6.13","2026-09-01 13:59:59","2026-09-01 21:59:59","3603.60000","4","4.20","2214.00000"
"all-available","Asia/Taipei","BTCUSDT","BTC-260902-77500-C","2026-09-02","77500","CALL","1h","2026-09-01 14:00:00","2026-09-01 22:00:00","720.000","720.000","720.000","720.000","0.00","2026-09-01 14:59:59","2026-09-01 22:59:59","0.00000","0","0.00","0.00000"
"all-available","Asia/Taipei","BTCUSDT","BTC-260902-77500-C","2026-09-02","77500","CALL","1h","2026-09-01 15:00:00","2026-09-01 23:00:00","720.000","720.000","720.000","720.000","0.00","2026-09-01 15:59:59","2026-09-01 23:59:59","0.00000","0","0.00","0.00000"
"all-available","Asia/Taipei","BTCUSDT","BTC-260902-77500-C","2026-09-02","77500","CALL","1h","2026-09-01 16:00:00","2026-09-02 00:00:00","400.000","410.000","360.000","360.000","5.08","2026-09-01 16:59:59","2026-09-02 00:59:59","2058.00000","10","4.98","2018.00000"
"all-available","Asia/Taipei","BTCUSDT","BTC-260902-77500-C","2026-09-02","77500","CALL","1h","2026-09-01 17:00:00","2026-09-02 01:00:00","395.000","395.000","300.000","300.000","0.83","2026-09-01 17:59:59","2026-09-02 01:59:59","287.90000","6","0.37","111.00000"
"all-available","Asia/Taipei","BTCUSDT","BTC-260902-77500-C","2026-09-02","77500","CALL","1h","2026-09-01 18:00:00","2026-09-02 02:00:00","285.000","285.000","105.000","195.000","19.96","2026-09-01 18:59:59","2026-09-02 02:59:59","4222.25000","34","9.05","1841.40000"
"all-available","Asia/Taipei","BTCUSDT","BTC-260902-77500-C","2026-09-02","77500","CALL","1h","2026-09-01 19:00:00","2026-09-02 03:00:00","220.000","315.000","220.000","265.000","13.20","2026-09-01 19:59:59","2026-09-02 03:59:59","3800.50000","17","2.01","610.50000"
"all-available","Asia/Taipei","BTCUSDT","BTC-260902-77500-C","2026-09-02","77500","CALL","1h","2026-09-01 20:00:00","2026-09-02 04:00:00","265.000","340.000","265.000","285.000","0.57","2026-09-01 20:59:59","2026-09-02 04:59:59","178.35000","10","0.05","15.45000"
"all-available","Asia/Taipei","BTCUSDT","BTC-260902-77500-C","2026-09-02","77500","CALL","1h","2026-09-01 21:00:00","2026-09-02 05:00:00","330.000","330.000","195.000","200.000","2.90","2026-09-01 21:59:59","2026-09-02 05:59:59","645.00000","4","1.40","273.50000"
"all-available","Asia/Taipei","BTCUSDT","BTC-260902-77500-C","2026-09-02","77500","CALL","1h","2026-09-01 22:00:00","2026-09-02 06:00:00","160.000","235.000","160.000","230.000","0.47","2026-09-01 22:59:59","2026-09-02 06:59:59","109.60000","3","0.47","109.60000"
"all-available","Asia/Taipei","BTCUSDT","BTC-260902-77500-C","2026-09-02","77500","CALL","1h","2026-09-01 23:00:00","2026-09-02 07:00:00","195.000","310.000","185.000","295.000","1.24","2026-09-01 23:59:59","2026-09-02 07:59:59","310.05000","11","0.64","190.30000"
"all-available","Asia/Taipei","BTCUSDT","BTC-260902-77500-C","2026-09-02","77500","CALL","1h","2026-09-02 00:00:00","2026-09-02 08:00:00","180.000","180.000","125.000","145.000","1.33","2026-09-02 00:59:59","2026-09-02 08:59:59","176.40000","10","0.33","51.40000"
"all-available","Asia/Taipei","BTCUSDT","BTC-260902-77500-C","2026-09-02","77500","CALL","1h","2026-09-02 01:00:00","2026-09-02 09:00:00","125.000","170.000","45.000","65.000","7.80","2026-09-02 01:59:59","2026-09-02 09:59:59","545.40000","27","7.22","455.00000"
"all-available","Asia/Taipei","BTCUSDT","BTC-260902-77500-C","2026-09-02","77500","CALL","1h","2026-09-02 02:00:00","2026-09-02 10:00:00","75.000","120.000","70.000","120.000","1.49","2026-09-02 02:59:59","2026-09-02 10:59:59","116.25000","14","1.35","106.45000"
"all-available","Asia/Taipei","BTCUSDT","BTC-260902-77500-C","2026-09-02","77500","CALL","1h","2026-09-02 03:00:00","2026-09-02 11:00:00","155.000","340.000","155.000","200.000","7.63","2026-09-02 03:59:59","2026-09-02 11:59:59","1961.90000","25","0.99","203.75000"
"all-available","Asia/Taipei","BTCUSDT","BTC-260902-77500-C","2026-09-02","77500","CALL","1h","2026-09-02 04:00:00","2026-09-02 12:00:00","115.000","215.000","115.000","205.000","10.98","2026-09-02 04:59:59","2026-09-02 12:59:59","1511.40000","67","6.07","738.45000"
"all-available","Asia/Taipei","BTCUSDT","BTC-260902-77500-C","2026-09-02","77500","CALL","1h","2026-09-02 05:00:00","2026-09-02 13:00:00","190.000","270.000","190.000","200.000","1.11","2026-09-02 05:59:59","2026-09-02 13:59:59","228.90000","3","0.11","28.90000"
"all-available","Asia/Taipei","BTCUSDT","BTC-260902-77500-C","2026-09-02","77500","CALL","1h","2026-09-02 06:00:00","2026-09-02 14:00:00","140.000","140.000","80.000","100.000","6.77","2026-09-02 06:59:59","2026-09-02 14:59:59","814.30000","13","1.59","218.70000"
"all-available","Asia/Taipei","BTCUSDT","BTC-260902-77500-C","2026-09-02","77500","CALL","1h","2026-09-02 07:00:00","2026-09-02 15:00:00","200.000","230.000","165.000","165.000","2.40","2026-09-02 07:59:59","2026-09-02 15:59:59","414.70000","4","2.40","414.70000"
"all-available","Asia/Taipei","BTCUSDT","BTC-260902-77500-P","2026-09-02","77500","PUT","1h","2026-08-31 12:00:00","2026-08-31 20:00:00","380.000","610.000","380.000","590.000","3.68","2026-08-31 12:59:59","2026-08-31 20:59:59","1922.10000","7","3.13","1593.50000"
"all-available","Asia/Taipei","BTCUSDT","BTC-260902-77500-P","2026-09-02","77500","PUT","1h","2026-08-31 13:00:00","2026-08-31 21:00:00","530.000","530.000","445.000","445.000","0.41","2026-08-31 13:59:59","2026-08-31 21:59:59","207.10000","2","0.00","0.00000"
"all-available","Asia/Taipei","BTCUSDT","BTC-260902-77500-P","2026-09-02","77500","PUT","1h","2026-08-31 14:00:00","2026-08-31 22:00:00","540.000","540.000","450.000","480.000","0.46","2026-08-31 14:59:59","2026-08-31 22:59:59","212.40000","4","0.00","0.00000"
"all-available","Asia/Taipei","BTCUSDT","BTC-260902-77500-P","2026-09-02","77500","PUT","1h","2026-08-31 15:00:00","2026-08-31 23:00:00","480.000","480.000","480.000","480.000","0.00","2026-08-31 15:59:59","2026-08-31 23:59:59","0.00000","0","0.00","0.00000"
"all-available","Asia/Taipei","BTCUSDT","BTC-260902-77500-P","2026-09-02","77500","PUT","1h","2026-08-31 16:00:00","2026-09-01 00:00:00","255.000","255.000","255.000","255.000","0.13","2026-08-31 16:59:59","2026-09-01 00:59:59","33.15000","1","0.00","0.00000"
"all-available","Asia/Taipei","BTCUSDT","BTC-260902-77500-P","2026-09-02","77500","PUT","1h","2026-08-31 17:00:00","2026-09-01 01:00:00","255.000","255.000","255.000","255.000","0.00","2026-08-31 17:59:59","2026-09-01 01:59:59","0.00000","0","0.00","0.00000"
"all-available","Asia/Taipei","BTCUSDT","BTC-260902-77500-P","2026-09-02","77500","PUT","1h","2026-08-31 18:00:00","2026-09-01 02:00:00","165.000","165.000","165.000","165.000","16.53","2026-08-31 18:59:59","2026-09-01 02:59:59","2727.45000","4","16.53","2727.45000"
"all-available","Asia/Taipei","BTCUSDT","BTC-260902-77500-P","2026-09-02","77500","PUT","1h","2026-08-31 19:00:00","2026-09-01 03:00:00","115.000","115.000","115.000","115.000","26.53","2026-08-31 19:59:59","2026-09-01 03:59:59","3050.95000","5","10.00","1150.00000"
"all-available","Asia/Taipei","BTCUSDT","BTC-260902-77500-P","2026-09-02","77500","PUT","1h","2026-08-31 20:00:00","2026-09-01 04:00:00","115.000","115.000","115.000","115.000","0.00","2026-08-31 20:59:59","2026-09-01 04:59:59","0.00000","0","0.00","0.00000"
"all-available","Asia/Taipei","BTCUSDT","BTC-260902-77500-P","2026-09-02","77500","PUT","1h","2026-08-31 21:00:00","2026-09-01 05:00:00","115.000","115.000","115.000","115.000","0.00","2026-08-31 21:59:59","2026-09-01 05:59:59","0.00000","0","0.00","0.00000"
"all-available","Asia/Taipei","BTCUSDT","BTC-260902-77500-P","2026-09-02","77500","PUT","1h","2026-08-31 22:00:00","2026-09-01 06:00:00","200.000","200.000","200.000","200.000","10.00","2026-08-31 22:59:59","2026-09-01 06:59:59","2000.00000","2","0.00","0.00000"
"all-available","Asia/Taipei","BTCUSDT","BTC-260902-77500-P","2026-09-02","77500","PUT","1h","2026-08-31 23:00:00","2026-09-01 07:00:00","200.000","200.000","200.000","200.000","0.00","2026-08-31 23:59:59","2026-09-01 07:59:59","0.00000","0","0.00","0.00000"
"all-available","Asia/Taipei","BTCUSDT","BTC-260902-77500-P","2026-09-02","77500","PUT","1h","2026-09-01 00:00:00","2026-09-01 08:00:00","195.000","195.000","195.000","195.000","0.03","2026-09-01 00:59:59","2026-09-01 08:59:59","5.85000","1","0.00","0.00000"
"all-available","Asia/Taipei","BTCUSDT","BTC-260902-77500-P","2026-09-02","77500","PUT","1h","2026-09-01 01:00:00","2026-09-01 09:00:00","195.000","195.000","195.000","195.000","0.00","2026-09-01 01:59:59","2026-09-01 09:59:59","0.00000","0","0.00","0.00000"
"all-available","Asia/Taipei","BTCUSDT","BTC-260902-77500-P","2026-09-02","77500","PUT","1h","2026-09-01 02:00:00","2026-09-01 10:00:00","345.000","345.000","345.000","345.000","0.20","2026-09-01 02:59:59","2026-09-01 10:59:59","69.00000","1","0.00","0.00000"
"all-available","Asia/Taipei","BTCUSDT","BTC-260902-77500-P","2026-09-02","77500","PUT","1h","2026-09-01 03:00:00","2026-09-01 11:00:00","190.000","190.000","190.000","190.000","0.19","2026-09-01 03:59:59","2026-09-01 11:59:59","36.10000","3","0.00","0.00000"
"all-available","Asia/Taipei","BTCUSDT","BTC-260902-77500-P","2026-09-02","77500","PUT","1h","2026-09-01 04:00:00","2026-09-01 12:00:00","170.000","170.000","170.000","170.000","0.47","2026-09-01 04:59:59","2026-09-01 12:59:59","79.90000","1","0.47","79.90000"
"all-available","Asia/Taipei","BTCUSDT","BTC-260902-77500-P","2026-09-02","77500","PUT","1h","2026-09-01 05:00:00","2026-09-01 13:00:00","150.000","150.000","150.000","150.000","0.98","2026-09-01 05:59:59","2026-09-01 13:59:59","147.00000","2","0.00","0.00000"
"all-available","Asia/Taipei","BTCUSDT","BTC-260902-77500-P","2026-09-02","77500","PUT","1h","2026-09-01 06:00:00","2026-09-01 14:00:00","150.000","150.000","150.000","150.000","0.00","2026-09-01 06:59:59","2026-09-01 14:59:59","0.00000","0","0.00","0.00000"
"all-available","Asia/Taipei","BTCUSDT","BTC-260902-77500-P","2026-09-02","77500","PUT","1h","2026-09-01 07:00:00","2026-09-01 15:00:00","135.000","135.000","130.000","130.000","2.57","2026-09-01 07:59:59","2026-09-01 15:59:59","345.85000","8","0.71","94.80000"
"all-available","Asia/Taipei","BTCUSDT","BTC-260902-77500-P","2026-09-02","77500","PUT","1h","2026-09-01 08:00:00","2026-09-01 16:00:00","135.000","355.000","135.000","325.000","26.79","2026-09-01 08:59:59","2026-09-01 16:59:59","7742.40000","44","22.43","6507.15000"
"all-available","Asia/Taipei","BTCUSDT","BTC-260902-77500-P","2026-09-02","77500","PUT","1h","2026-09-01 09:00:00","2026-09-01 17:00:00","370.000","380.000","295.000","315.000","7.17","2026-09-01 09:59:59","2026-09-01 17:59:59","2343.70000","12","4.53","1508.75000"
"all-available","Asia/Taipei","BTCUSDT","BTC-260902-77500-P","2026-09-02","77500","PUT","1h","2026-09-01 10:00:00","2026-09-01 18:00:00","325.000","370.000","225.000","275.000","1.56","2026-09-01 10:59:59","2026-09-01 18:59:59","478.30000","12","0.14","38.55000"
"all-available","Asia/Taipei","BTCUSDT","BTC-260902-77500-P","2026-09-02","77500","PUT","1h","2026-09-01 11:00:00","2026-09-01 19:00:00","285.000","310.000","205.000","205.000","2.94","2026-09-01 11:59:59","2026-09-01 19:59:59","867.15000","9","1.01","282.90000"
"all-available","Asia/Taipei","BTCUSDT","BTC-260902-77500-P","2026-09-02","77500","PUT","1h","2026-09-01 12:00:00","2026-09-01 20:00:00","255.000","320.000","235.000","235.000","8.26","2026-09-01 12:59:59","2026-09-01 20:59:59","2577.55000","15","4.02","1285.20000"
"all-available","Asia/Taipei","BTCUSDT","BTC-260902-77500-P","2026-09-02","77500","PUT","1h","2026-09-01 13:00:00","2026-09-01 21:00:00","305.000","525.000","220.000","240.000","22.83","2026-09-01 13:59:59","2026-09-01 21:59:59","8876.50000","21","10.05","4130.95000"
"all-available","Asia/Taipei","BTCUSDT","BTC-260902-77500-P","2026-09-02","77500","PUT","1h","2026-09-01 14:00:00","2026-09-01 22:00:00","190.000","210.000","130.000","135.000","7.47","2026-09-01 14:59:59","2026-09-01 22:59:59","1171.70000","22","1.91","280.30000"
"all-available","Asia/Taipei","BTCUSDT","BTC-260902-77500-P","2026-09-02","77500","PUT","1h","2026-09-01 15:00:00","2026-09-01 23:00:00","240.000","305.000","180.000","185.000","21.12","2026-09-01 15:59:59","2026-09-01 23:59:59","5498.20000","16","7.41","2069.35000"
"all-available","Asia/Taipei","BTCUSDT","BTC-260902-77500-P","2026-09-02","77500","PUT","1h","2026-09-01 16:00:00","2026-09-02 00:00:00","255.000","480.000","255.000","315.000","4.90","2026-09-01 16:59:59","2026-09-02 00:59:59","1736.65000","20","1.98","639.75000"
"all-available","Asia/Taipei","BTCUSDT","BTC-260902-77500-P","2026-09-02","77500","PUT","1h","2026-09-01 17:00:00","2026-09-02 01:00:00","360.000","490.000","290.000","490.000","0.48","2026-09-01 17:59:59","2026-09-02 01:59:59","178.80000","6","0.19","87.05000"
"all-available","Asia/Taipei","BTCUSDT","BTC-260902-77500-P","2026-09-02","77500","PUT","1h","2026-09-01 18:00:00","2026-09-02 02:00:00","545.000","1020.000","535.000","585.000","5.99","2026-09-01 18:59:59","2026-09-02 02:59:59","3634.95000","19","2.28","1441.80000"
"all-available","Asia/Taipei","BTCUSDT","BTC-260902-77500-P","2026-09-02","77500","PUT","1h","2026-09-01 19:00:00","2026-09-02 03:00:00","585.000","585.000","585.000","585.000","0.00","2026-09-01 19:59:59","2026-09-02 03:59:59","0.00000","0","0.00","0.00000"
"all-available","Asia/Taipei","BTCUSDT","BTC-260902-77500-P","2026-09-02","77500","PUT","1h","2026-09-01 20:00:00","2026-09-02 04:00:00","380.000","430.000","380.000","430.000","0.79","2026-09-01 20:59:59","2026-09-02 04:59:59","322.15000","4","0.79","322.15000"
"all-available","Asia/Taipei","BTCUSDT","BTC-260902-77500-P","2026-09-02","77500","PUT","1h","2026-09-01 21:00:00","2026-09-02 05:00:00","370.000","660.000","355.000","515.000","2.82","2026-09-01 21:59:59","2026-09-02 05:59:59","1400.30000","9","2.82","1400.30000"
"all-available","Asia/Taipei","BTCUSDT","BTC-260902-77500-P","2026-09-02","77500","PUT","1h","2026-09-01 22:00:00","2026-09-02 06:00:00","515.000","515.000","515.000","515.000","0.00","2026-09-01 22:59:59","2026-09-02 06:59:59","0.00000","0","0.00","0.00000"
"all-available","Asia/Taipei","BTCUSDT","BTC-260902-77500-P","2026-09-02","77500","PUT","1h","2026-09-01 23:00:00","2026-09-02 07:00:00","370.000","370.000","215.000","275.000","0.57","2026-09-01 23:59:59","2026-09-02 07:59:59","146.85000","8","0.30","73.50000"
"all-available","Asia/Taipei","BTCUSDT","BTC-260902-77500-P","2026-09-02","77500","PUT","1h","2026-09-02 00:00:00","2026-09-02 08:00:00","275.000","310.000","275.000","310.000","0.11","2026-09-02 00:59:59","2026-09-02 08:59:59","31.85000","4","0.11","31.85000"
"all-available","Asia/Taipei","BTCUSDT","BTC-260902-77500-P","2026-09-02","77500","PUT","1h","2026-09-02 01:00:00","2026-09-02 09:00:00","355.000","775.000","355.000","720.000","0.76","2026-09-02 01:59:59","2026-09-02 09:59:59","390.95000","14","0.59","316.15000"
"all-available","Asia/Taipei","BTCUSDT","BTC-260902-77500-P","2026-09-02","77500","PUT","1h","2026-09-02 02:00:00","2026-09-02 10:00:00","720.000","720.000","720.000","720.000","0.00","2026-09-02 02:59:59","2026-09-02 10:59:59","0.00000","0","0.00","0.00000"
"all-available","Asia/Taipei","BTCUSDT","BTC-260902-77500-P","2026-09-02","77500","PUT","1h","2026-09-02 03:00:00","2026-09-02 11:00:00","245.000","245.000","125.000","155.000","2.22","2026-09-02 03:59:59","2026-09-02 11:59:59","409.70000","11","1.20","220.70000"
"all-available","Asia/Taipei","BTCUSDT","BTC-260902-77500-P","2026-09-02","77500","PUT","1h","2026-09-02 04:00:00","2026-09-02 12:00:00","220.000","235.000","115.000","125.000","0.12","2026-09-02 04:59:59","2026-09-02 12:59:59","21.05000","7","0.01","2.35000"
"all-available","Asia/Taipei","BTCUSDT","BTC-260902-77500-P","2026-09-02","77500","PUT","1h","2026-09-02 05:00:00","2026-09-02 13:00:00","110.000","110.000","45.000","70.000","11.53","2026-09-02 05:59:59","2026-09-02 13:59:59","762.10000","169","6.36","337.60000"
"all-available","Asia/Taipei","BTCUSDT","BTC-260902-77500-P","2026-09-02","77500","PUT","1h","2026-09-02 06:00:00","2026-09-02 14:00:00","55.000","65.000","50.000","50.000","3.81","2026-09-02 06:59:59","2026-09-02 14:59:59","204.20000","9","2.51","125.60000"
"all-available","Asia/Taipei","BTCUSDT","BTC-260902-77500-P","2026-09-02","77500","PUT","1h","2026-09-02 07:00:00","2026-09-02 15:00:00","30.000","35.000","5.000","5.000","9.17","2026-09-02 07:59:59","2026-09-02 15:59:59","123.45000","83","1.80","20.70000"
"all-available","Asia/Taipei","BTCUSDT","BTC-260902-77750-C","2026-09-02","77750","CALL","1h","2026-08-31 14:00:00","2026-08-31 22:00:00","845.000","845.000","845.000","845.000","2.00","2026-08-31 14:59:59","2026-08-31 22:59:59","1690.00000","1","0.00","0.00000"
"all-available","Asia/Taipei","BTCUSDT","BTC-260902-77750-C","2026-09-02","77750","CALL","1h","2026-08-31 15:00:00","2026-08-31 23:00:00","845.000","845.000","845.000","845.000","0.00","2026-08-31 15:59:59","2026-08-31 23:59:59","0.00000","0","0.00","0.00000"
"all-available","Asia/Taipei","BTCUSDT","BTC-260902-77750-C","2026-09-02","77750","CALL","1h","2026-08-31 16:00:00","2026-09-01 00:00:00","845.000","845.000","845.000","845.000","0.00","2026-08-31 16:59:59","2026-09-01 00:59:59","0.00000","0","0.00","0.00000"
"all-available","Asia/Taipei","BTCUSDT","BTC-260902-77750-C","2026-09-02","77750","CALL","1h","2026-08-31 17:00:00","2026-09-01 01:00:00","845.000","845.000","845.000","845.000","0.00","2026-08-31 17:59:59","2026-09-01 01:59:59","0.00000","0","0.00","0.00000"
"all-available","Asia/Taipei","BTCUSDT","BTC-260902-77750-C","2026-09-02","77750","CALL","1h","2026-08-31 18:00:00","2026-09-01 02:00:00","845.000","845.000","845.000","845.000","0.00","2026-08-31 18:59:59","2026-09-01 02:59:59","0.00000","0","0.00","0.00000"
"all-available","Asia/Taipei","BTCUSDT","BTC-260902-77750-C","2026-09-02","77750","CALL","1h","2026-08-31 19:00:00","2026-09-01 03:00:00","845.000","845.000","845.000","845.000","0.00","2026-08-31 19:59:59","2026-09-01 03:59:59","0.00000","0","0.00","0.00000"
"all-available","Asia/Taipei","BTCUSDT","BTC-260902-77750-C","2026-09-02","77750","CALL","1h","2026-08-31 20:00:00","2026-09-01 04:00:00","845.000","845.000","845.000","845.000","0.00","2026-08-31 20:59:59","2026-09-01 04:59:59","0.00000","0","0.00","0.00000"
"all-available","Asia/Taipei","BTCUSDT","BTC-260902-77750-C","2026-09-02","77750","CALL","1h","2026-08-31 21:00:00","2026-09-01 05:00:00","845.000","845.000","845.000","845.000","0.00","2026-08-31 21:59:59","2026-09-01 05:59:59","0.00000","0","0.00","0.00000"
"all-available","Asia/Taipei","BTCUSDT","BTC-260902-77750-C","2026-09-02","77750","CALL","1h","2026-08-31 22:00:00","2026-09-01 06:00:00","845.000","845.000","845.000","845.000","0.00","2026-08-31 22:59:59","2026-09-01 06:59:59","0.00000","0","0.00","0.00000"
"all-available","Asia/Taipei","BTCUSDT","BTC-260902-77750-C","2026-09-02","77750","CALL","1h","2026-08-31 23:00:00","2026-09-01 07:00:00","845.000","845.000","845.000","845.000","0.00","2026-08-31 23:59:59","2026-09-01 07:59:59","0.00000","0","0.00","0.00000"
"all-available","Asia/Taipei","BTCUSDT","BTC-260902-77750-C","2026-09-02","77750","CALL","1h","2026-09-01 00:00:00","2026-09-01 08:00:00","845.000","845.000","845.000","845.000","0.00","2026-09-01 00:59:59","2026-09-01 08:59:59","0.00000","0","0.00","0.00000"
"all-available","Asia/Taipei","BTCUSDT","BTC-260902-77750-C","2026-09-02","77750","CALL","1h","2026-09-01 01:00:00","2026-09-01 09:00:00","845.000","845.000","845.000","845.000","0.00","2026-09-01 01:59:59","2026-09-01 09:59:59","0.00000","0","0.00","0.00000"
"all-available","Asia/Taipei","BTCUSDT","BTC-260902-77750-C","2026-09-02","77750","CALL","1h","2026-09-01 02:00:00","2026-09-01 10:00:00","845.000","845.000","845.000","845.000","0.00","2026-09-01 02:59:59","2026-09-01 10:59:59","0.00000","0","0.00","0.00000"
"all-available","Asia/Taipei","BTCUSDT","BTC-260902-77750-C","2026-09-02","77750","CALL","1h","2026-09-01 03:00:00","2026-09-01 11:00:00","845.000","845.000","845.000","845.000","0.00","2026-09-01 03:59:59","2026-09-01 11:59:59","0.00000","0","0.00","0.00000"
"all-available","Asia/Taipei","BTCUSDT","BTC-260902-77750-C","2026-09-02","77750","CALL","1h","2026-09-01 04:00:00","2026-09-01 12:00:00","845.000","845.000","845.000","845.000","0.00","2026-09-01 04:59:59","2026-09-01 12:59:59","0.00000","0","0.00","0.00000"
"all-available","Asia/Taipei","BTCUSDT","BTC-260902-77750-C","2026-09-02","77750","CALL","1h","2026-09-01 05:00:00","2026-09-01 13:00:00","845.000","845.000","845.000","845.000","0.00","2026-09-01 05:59:59","2026-09-01 13:59:59","0.00000","0","0.00","0.00000"
"all-available","Asia/Taipei","BTCUSDT","BTC-260902-77750-C","2026-09-02","77750","CALL","1h","2026-09-01 06:00:00","2026-09-01 14:00:00","845.000","845.000","845.000","845.000","0.00","2026-09-01 06:59:59","2026-09-01 14:59:59","0.00000","0","0.00","0.00000"
"all-available","Asia/Taipei","BTCUSDT","BTC-260902-77750-C","2026-09-02","77750","CALL","1h","2026-09-01 07:00:00","2026-09-01 15:00:00","845.000","845.000","845.000","845.000","0.00","2026-09-01 07:59:59","2026-09-01 15:59:59","0.00000","0","0.00","0.00000"
"all-available","Asia/Taipei","BTCUSDT","BTC-260902-77750-C","2026-09-02","77750","CALL","1h","2026-09-01 08:00:00","2026-09-01 16:00:00","670.000","670.000","560.000","575.000","23.03","2026-09-01 08:59:59","2026-09-01 16:59:59","13254.95000","16","18.83","10800.95000"
"all-available","Asia/Taipei","BTCUSDT","BTC-260902-77750-C","2026-09-02","77750","CALL","1h","2026-09-01 09:00:00","2026-09-01 17:00:00","605.000","605.000","605.000","605.000","0.05","2026-09-01 09:59:59","2026-09-01 17:59:59","30.25000","1","0.05","30.25000"
"all-available","Asia/Taipei","BTCUSDT","BTC-260902-77750-C","2026-09-02","77750","CALL","1h","2026-09-01 10:00:00","2026-09-01 18:00:00","575.000","695.000","575.000","695.000","2.47","2026-09-01 10:59:59","2026-09-01 18:59:59","1426.25000","5","0.00","0.00000"
"all-available","Asia/Taipei","BTCUSDT","BTC-260902-77750-C","2026-09-02","77750","CALL","1h","2026-09-01 11:00:00","2026-09-01 19:00:00","640.000","640.000","640.000","640.000","0.05","2026-09-01 11:59:59","2026-09-01 19:59:59","32.00000","1","0.05","32.00000"
"all-available","Asia/Taipei","BTCUSDT","BTC-260902-77750-C","2026-09-02","77750","CALL","1h","2026-09-01 12:00:00","2026-09-01 20:00:00","505.000","510.000","500.000","500.000","0.45","2026-09-01 12:59:59","2026-09-01 20:59:59","228.00000","4","0.40","203.00000"
"all-available","Asia/Taipei","BTCUSDT","BTC-260902-77750-C","2026-09-02","77750","CALL","1h","2026-09-01 13:00:00","2026-09-01 21:00:00","400.000","565.000","400.000","565.000","19.03","2026-09-01 13:59:59","2026-09-01 21:59:59","8623.55000","15","1.33","597.85000"
"all-available","Asia/Taipei","BTCUSDT","BTC-260902-77750-C","2026-09-02","77750","CALL","1h","2026-09-01 14:00:00","2026-09-01 22:00:00","685.000","815.000","685.000","815.000","2.21","2026-09-01 14:59:59","2026-09-01 22:59:59","1515.15000","3","2.21","1515.15000"
"all-available","Asia/Taipei","BTCUSDT","BTC-260902-77750-C","2026-09-02","77750","CALL","1h","2026-09-01 15:00:00","2026-09-01 23:00:00","435.000","500.000","435.000","500.000","2.29","2026-09-01 15:59:59","2026-09-01 23:59:59","997.85000","4","2.29","997.85000"
"all-available","Asia/Taipei","BTCUSDT","BTC-260902-77750-C","2026-09-02","77750","CALL","1h","2026-09-01 16:00:00","2026-09-02 00:00:00","440.000","440.000","280.000","280.000","0.97","2026-09-01 16:59:59","2026-09-02 00:59:59","385.50000","7","0.83","338.60000"
"all-available","Asia/Taipei","BTCUSDT","BTC-260902-77750-C","2026-09-02","77750","CALL","1h","2026-09-01 17:00:00","2026-09-02 01:00:00","280.000","280.000","280.000","280.000","0.00","2026-09-01 17:59:59","2026-09-02 01:59:59","0.00000","0","0.00","0.00000"
"all-available","Asia/Taipei","BTCUSDT","BTC-260902-77750-C","2026-09-02","77750","CALL","1h","2026-09-01 18:00:00","2026-09-02 02:00:00","195.000","195.000","75.000","145.000","5.34","2026-09-01 18:59:59","2026-09-02 02:59:59","656.35000","10","3.52","501.35000"
"all-available","Asia/Taipei","BTCUSDT","BTC-260902-77750-C","2026-09-02","77750","CALL","1h","2026-09-01 19:00:00","2026-09-02 03:00:00","175.000","210.000","175.000","190.000","5.13","2026-09-01 19:59:59","2026-09-02 03:59:59","1000.00000","11","3.44","678.50000"
"all-available","Asia/Taipei","BTCUSDT","BTC-260902-77750-C","2026-09-02","77750","CALL","1h","2026-09-01 20:00:00","2026-09-02 04:00:00","220.000","220.000","220.000","220.000","0.11","2026-09-01 20:59:59","2026-09-02 04:59:59","24.20000","1","0.11","24.20000"
"all-available","Asia/Taipei","BTCUSDT","BTC-260902-77750-C","2026-09-02","77750","CALL","1h","2026-09-01 21:00:00","2026-09-02 05:00:00","130.000","130.000","130.000","130.000","0.02","2026-09-01 21:59:59","2026-09-02 05:59:59","2.60000","2","0.02","2.60000"
"all-available","Asia/Taipei","BTCUSDT","BTC-260902-77750-C","2026-09-02","77750","CALL","1h","2026-09-01 22:00:00","2026-09-02 06:00:00","110.000","150.000","105.000","150.000","4.09","2026-09-01 22:59:59","2026-09-02 06:59:59","523.60000","5","4.09","523.60000"
"all-available","Asia/Taipei","BTCUSDT","BTC-260902-77750-C","2026-09-02","77750","CALL","1h","2026-09-01 23:00:00","2026-09-02 07:00:00","115.000","180.000","115.000","180.000","2.48","2026-09-01 23:59:59","2026-09-02 07:59:59","339.85000","7","1.39","176.35000"
"all-available","Asia/Taipei","BTCUSDT","BTC-260902-77750-C","2026-09-02","77750","CALL","1h","2026-09-02 00:00:00","2026-09-02 08:00:00","110.000","110.000","60.000","60.000","9.49","2026-09-02 00:59:59","2026-09-02 08:59:59","907.30000","16","9.29","893.80000"
"all-available","Asia/Taipei","BTCUSDT","BTC-260902-77750-C","2026-09-02","77750","CALL","1h","2026-09-02 01:00:00","2026-09-02 09:00:00","45.000","80.000","20.000","25.000","11.71","2026-09-02 01:59:59","2026-09-02 09:59:59","336.50000","25","10.57","257.85000"
"all-available","Asia/Taipei","BTCUSDT","BTC-260902-77750-C","2026-09-02","77750","CALL","1h","2026-09-02 02:00:00","2026-09-02 10:00:00","35.000","45.000","30.000","45.000","7.39","2026-09-02 02:59:59","2026-09-02 10:59:59","299.75000","20","1.17","52.65000"
"all-available","Asia/Taipei","BTCUSDT","BTC-260902-77750-C","2026-09-02","77750","CALL","1h","2026-09-02 03:00:00","2026-09-02 11:00:00","50.000","205.000","50.000","125.000","8.14","2026-09-02 03:59:59","2026-09-02 11:59:59","949.65000","18","2.32","250.45000"
"all-available","Asia/Taipei","BTCUSDT","BTC-260902-77750-C","2026-09-02","77750","CALL","1h","2026-09-02 04:00:00","2026-09-02 12:00:00","65.000","85.000","40.000","85.000","17.42","2026-09-02 04:59:59","2026-09-02 12:59:59","843.80000","20","3.53","169.25000"
"all-available","Asia/Taipei","BTCUSDT","BTC-260902-77750-C","2026-09-02","77750","CALL","1h","2026-09-02 05:00:00","2026-09-02 13:00:00","105.000","120.000","105.000","105.000","0.26","2026-09-02 05:59:59","2026-09-02 13:59:59","28.05000","3","0.05","5.25000"
"all-available","Asia/Taipei","BTCUSDT","BTC-260902-77750-C","2026-09-02","77750","CALL","1h","2026-09-02 06:00:00","2026-09-02 14:00:00","90.000","90.000","25.000","25.000","2.70","2026-09-02 06:59:59","2026-09-02 14:59:59","138.05000","16","1.59","81.35000"
"all-available","Asia/Taipei","BTCUSDT","BTC-260902-77750-C","2026-09-02","77750","CALL","1h","2026-09-02 07:00:00","2026-09-02 15:00:00","65.000","65.000","5.000","5.000","150.97","2026-09-02 07:59:59","2026-09-02 15:59:59","786.85000","20","0.37","5.55000"
"all-available","Asia/Taipei","BTCUSDT","BTC-260902-77750-P","2026-09-02","77750","PUT","1h","2026-08-31 10:00:00","2026-08-31 18:00:00","420.000","420.000","390.000","390.000","0.50","2026-08-31 10:59:59","2026-08-31 18:59:59","202.50000","2","0.25","105.00000"
"all-available","Asia/Taipei","BTCUSDT","BTC-260902-77750-P","2026-09-02","77750","PUT","1h","2026-08-31 11:00:00","2026-08-31 19:00:00","445.000","445.000","445.000","445.000","0.49","2026-08-31 11:59:59","2026-08-31 19:59:59","218.05000","2","0.49","218.05000"
"all-available","Asia/Taipei","BTCUSDT","BTC-260902-77750-P","2026-09-02","77750","PUT","1h","2026-08-31 12:00:00","2026-08-31 20:00:00","430.000","700.000","430.000","690.000","2.60","2026-08-31 12:59:59","2026-08-31 20:59:59","1616.60000","5","2.60","1616.60000"
"all-available","Asia/Taipei","BTCUSDT","BTC-260902-77750-P","2026-09-02","77750","PUT","1h","2026-08-31 13:00:00","2026-08-31 21:00:00","615.000","615.000","515.000","515.000","1.24","2026-08-31 13:59:59","2026-08-31 21:59:59","709.40000","5","0.00","0.00000"
"all-available","Asia/Taipei","BTCUSDT","BTC-260902-77750-P","2026-09-02","77750","PUT","1h","2026-08-31 14:00:00","2026-08-31 22:00:00","545.000","545.000","545.000","545.000","0.27","2026-08-31 14:59:59","2026-08-31 22:59:59","147.15000","1","0.00","0.00000"
"all-available","Asia/Taipei","BTCUSDT","BTC-260902-77750-P","2026-09-02","77750","PUT","1h","2026-08-31 15:00:00","2026-08-31 23:00:00","315.000","315.000","315.000","315.000","0.03","2026-08-31 15:59:59","2026-08-31 23:59:59","9.45000","1","0.00","0.00000"
"all-available","Asia/Taipei","BTCUSDT","BTC-260902-77750-P","2026-09-02","77750","PUT","1h","2026-08-31 16:00:00","2026-09-01 00:00:00","315.000","315.000","315.000","315.000","0.00","2026-08-31 16:59:59","2026-09-01 00:59:59","0.00000","0","0.00","0.00000"
"all-available","Asia/Taipei","BTCUSDT","BTC-260902-77750-P","2026-09-02","77750","PUT","1h","2026-08-31 17:00:00","2026-09-01 01:00:00","315.000","315.000","315.000","315.000","0.00","2026-08-31 17:59:59","2026-09-01 01:59:59","0.00000","0","0.00","0.00000"
"all-available","Asia/Taipei","BTCUSDT","BTC-260902-77750-P","2026-09-02","77750","PUT","1h","2026-08-31 18:00:00","2026-09-01 02:00:00","180.000","180.000","160.000","160.000","0.02","2026-08-31 18:59:59","2026-09-01 02:59:59","3.40000","2","0.01","1.60000"
"all-available","Asia/Taipei","BTCUSDT","BTC-260902-77750-P","2026-09-02","77750","PUT","1h","2026-08-31 19:00:00","2026-09-01 03:00:00","160.000","160.000","160.000","160.000","0.00","2026-08-31 19:59:59","2026-09-01 03:59:59","0.00000","0","0.00","0.00000"
"all-available","Asia/Taipei","BTCUSDT","BTC-260902-77750-P","2026-09-02","77750","PUT","1h","2026-08-31 20:00:00","2026-09-01 04:00:00","160.000","160.000","160.000","160.000","0.00","2026-08-31 20:59:59","2026-09-01 04:59:59","0.00000","0","0.00","0.00000"
"all-available","Asia/Taipei","BTCUSDT","BTC-260902-77750-P","2026-09-02","77750","PUT","1h","2026-08-31 21:00:00","2026-09-01 05:00:00","160.000","160.000","160.000","160.000","0.00","2026-08-31 21:59:59","2026-09-01 05:59:59","0.00000","0","0.00","0.00000"
"all-available","Asia/Taipei","BTCUSDT","BTC-260902-77750-P","2026-09-02","77750","PUT","1h","2026-08-31 22:00:00","2026-09-01 06:00:00","260.000","315.000","260.000","315.000","0.31","2026-08-31 22:59:59","2026-09-01 06:59:59","96.05000","5","0.02","5.80000"
"all-available","Asia/Taipei","BTCUSDT","BTC-260902-77750-P","2026-09-02","77750","PUT","1h","2026-08-31 23:00:00","2026-09-01 07:00:00","315.000","315.000","315.000","315.000","0.00","2026-08-31 23:59:59","2026-09-01 07:59:59","0.00000","0","0.00","0.00000"
"all-available","Asia/Taipei","BTCUSDT","BTC-260902-77750-P","2026-09-02","77750","PUT","1h","2026-09-01 00:00:00","2026-09-01 08:00:00","240.000","240.000","240.000","240.000","0.10","2026-09-01 00:59:59","2026-09-01 08:59:59","24.00000","2","0.00","0.00000"
"all-available","Asia/Taipei","BTCUSDT","BTC-260902-77750-P","2026-09-02","77750","PUT","1h","2026-09-01 01:00:00","2026-09-01 09:00:00","240.000","240.000","240.000","240.000","0.00","2026-09-01 01:59:59","2026-09-01 09:59:59","0.00000","0","0.00","0.00000"
"all-available","Asia/Taipei","BTCUSDT","BTC-260902-77750-P","2026-09-02","77750","PUT","1h","2026-09-01 02:00:00","2026-09-01 10:00:00","370.000","370.000","370.000","370.000","1.15","2026-09-01 02:59:59","2026-09-01 10:59:59","425.50000","1","1.15","425.50000"
"all-available","Asia/Taipei","BTCUSDT","BTC-260902-77750-P","2026-09-02","77750","PUT","1h","2026-09-01 03:00:00","2026-09-01 11:00:00","240.000","245.000","240.000","245.000","1.22","2026-09-01 03:59:59","2026-09-01 11:59:59","298.55000","3","0.00","0.00000"
"all-available","Asia/Taipei","BTCUSDT","BTC-260902-77750-P","2026-09-02","77750","PUT","1h","2026-09-01 04:00:00","2026-09-01 12:00:00","245.000","245.000","245.000","245.000","0.00","2026-09-01 04:59:59","2026-09-01 12:59:59","0.00000","0","0.00","0.00000"
"all-available","Asia/Taipei","BTCUSDT","BTC-260902-77750-P","2026-09-02","77750","PUT","1h","2026-09-01 05:00:00","2026-09-01 13:00:00","245.000","245.000","245.000","245.000","0.00","2026-09-01 05:59:59","2026-09-01 13:59:59","0.00000","0","0.00","0.00000"
"all-available","Asia/Taipei","BTCUSDT","BTC-260902-77750-P","2026-09-02","77750","PUT","1h","2026-09-01 06:00:00","2026-09-01 14:00:00","180.000","180.000","180.000","180.000","0.18","2026-09-01 06:59:59","2026-09-01 14:59:59","32.40000","1","0.18","32.40000"
"all-available","Asia/Taipei","BTCUSDT","BTC-260902-77750-P","2026-09-02","77750","PUT","1h","2026-09-01 07:00:00","2026-09-01 15:00:00","210.000","210.000","210.000","210.000","1.20","2026-09-01 07:59:59","2026-09-01 15:59:59","252.00000","1","0.00","0.00000"
"all-available","Asia/Taipei","BTCUSDT","BTC-260902-77750-P","2026-09-02","77750","PUT","1h","2026-09-01 08:00:00","2026-09-01 16:00:00","255.000","465.000","255.000","440.000","40.80","2026-09-01 08:59:59","2026-09-01 16:59:59","14846.95000","27","23.69","8360.05000"
"all-available","Asia/Taipei","BTCUSDT","BTC-260902-77750-P","2026-09-02","77750","PUT","1h","2026-09-01 09:00:00","2026-09-01 17:00:00","490.000","490.000","375.000","375.000","0.58","2026-09-01 09:59:59","2026-09-01 17:59:59","266.75000","5","0.37","166.50000"
"all-available","Asia/Taipei","BTCUSDT","BTC-260902-77750-P","2026-09-02","77750","PUT","1h","2026-09-01 10:00:00","2026-09-01 18:00:00","405.000","440.000","365.000","365.000","1.26","2026-09-01 10:59:59","2026-09-01 18:59:59","475.00000","5","1.26","475.00000"
"all-available","Asia/Taipei","BTCUSDT","BTC-260902-77750-P","2026-09-02","77750","PUT","1h","2026-09-01 11:00:00","2026-09-01 19:00:00","370.000","370.000","270.000","300.000","0.33","2026-09-01 11:59:59","2026-09-01 19:59:59","99.40000","4","0.28","83.70000"
"all-available","Asia/Taipei","BTCUSDT","BTC-260902-77750-P","2026-09-02","77750","PUT","1h","2026-09-01 12:00:00","2026-09-01 20:00:00","350.000","365.000","320.000","320.000","1.51","2026-09-01 12:59:59","2026-09-01 20:59:59","484.05000","5","1.49","477.55000"
"all-available","Asia/Taipei","BTCUSDT","BTC-260902-77750-P","2026-09-02","77750","PUT","1h","2026-09-01 13:00:00","2026-09-01 21:00:00","415.000","530.000","370.000","380.000","6.63","2026-09-01 13:59:59","2026-09-01 21:59:59","3200.70000","11","3.84","1803.00000"
"all-available","Asia/Taipei","BTCUSDT","BTC-260902-77750-P","2026-09-02","77750","PUT","1h","2026-09-01 14:00:00","2026-09-01 22:00:00","220.000","240.000","205.000","240.000","0.34","2026-09-01 14:59:59","2026-09-01 22:59:59","75.25000","5","0.32","70.80000"
"all-available","Asia/Taipei","BTCUSDT","BTC-260902-77750-P","2026-09-02","77750","PUT","1h","2026-09-01 15:00:00","2026-09-01 23:00:00","410.000","430.000","245.000","310.000","11.54","2026-09-01 15:59:59","2026-09-01 23:59:59","4611.75000","16","7.35","2936.65000"
"all-available","Asia/Taipei","BTCUSDT","BTC-260902-77750-P","2026-09-02","77750","PUT","1h","2026-09-01 16:00:00","2026-09-02 00:00:00","405.000","570.000","405.000","460.000","2.14","2026-09-01 16:59:59","2026-09-02 00:59:59","982.85000","11","0.66","293.25000"
"all-available","Asia/Taipei","BTCUSDT","BTC-260902-77750-P","2026-09-02","77750","PUT","1h","2026-09-01 17:00:00","2026-09-02 01:00:00","530.000","650.000","530.000","650.000","1.11","2026-09-01 17:59:59","2026-09-02 01:59:59","702.50000","7","0.91","591.00000"
"all-available","Asia/Taipei","BTCUSDT","BTC-260902-77750-P","2026-09-02","77750","PUT","1h","2026-09-01 18:00:00","2026-09-02 02:00:00","1000.000","1350.000","1000.000","1350.000","0.41","2026-09-01 18:59:59","2026-09-02 02:59:59","433.50000","4","0.40","420.00000"
"all-available","Asia/Taipei","BTCUSDT","BTC-260902-77750-P","2026-09-02","77750","PUT","1h","2026-09-01 19:00:00","2026-09-02 03:00:00","1350.000","1350.000","1350.000","1350.000","0.00","2026-09-01 19:59:59","2026-09-02 03:59:59","0.00000","0","0.00","0.00000"
"all-available","Asia/Taipei","BTCUSDT","BTC-260902-77750-P","2026-09-02","77750","PUT","1h","2026-09-01 20:00:00","2026-09-02 04:00:00","1350.000","1350.000","1350.000","1350.000","0.00","2026-09-01 20:59:59","2026-09-02 04:59:59","0.00000","0","0.00","0.00000"
"all-available","Asia/Taipei","BTCUSDT","BTC-260902-77750-P","2026-09-02","77750","PUT","1h","2026-09-01 21:00:00","2026-09-02 05:00:00","465.000","505.000","465.000","505.000","3.64","2026-09-01 21:59:59","2026-09-02 05:59:59","1816.10000","4","3.64","1816.10000"
"all-available","Asia/Taipei","BTCUSDT","BTC-260902-77750-P","2026-09-02","77750","PUT","1h","2026-09-01 22:00:00","2026-09-02 06:00:00","505.000","505.000","505.000","505.000","0.00","2026-09-01 22:59:59","2026-09-02 06:59:59","0.00000","0","0.00","0.00000"
"all-available","Asia/Taipei","BTCUSDT","BTC-260902-77750-P","2026-09-02","77750","PUT","1h","2026-09-01 23:00:00","2026-09-02 07:00:00","395.000","395.000","395.000","395.000","0.30","2026-09-01 23:59:59","2026-09-02 07:59:59","118.50000","2","0.30","118.50000"
"all-available","Asia/Taipei","BTCUSDT","BTC-260902-77750-P","2026-09-02","77750","PUT","1h","2026-09-02 00:00:00","2026-09-02 08:00:00","460.000","475.000","460.000","475.000","0.31","2026-09-02 00:59:59","2026-09-02 08:59:59","147.10000","13","0.31","147.10000"
"all-available","Asia/Taipei","BTCUSDT","BTC-260902-77750-P","2026-09-02","77750","PUT","1h","2026-09-02 01:00:00","2026-09-02 09:00:00","630.000","1010.000","630.000","1010.000","0.02","2026-09-02 01:59:59","2026-09-02 09:59:59","16.40000","2","0.01","10.10000"
"all-available","Asia/Taipei","BTCUSDT","BTC-260902-77750-P","2026-09-02","77750","PUT","1h","2026-09-02 02:00:00","2026-09-02 10:00:00","1010.000","1010.000","1010.000","1010.000","0.00","2026-09-02 02:59:59","2026-09-02 10:59:59","0.00000","0","0.00","0.00000"
"all-available","Asia/Taipei","BTCUSDT","BTC-260902-77750-P","2026-09-02","77750","PUT","1h","2026-09-02 03:00:00","2026-09-02 11:00:00","280.000","280.000","270.000","280.000","1.40","2026-09-02 03:59:59","2026-09-02 11:59:59","388.50000","15","1.40","388.50000"
"all-available","Asia/Taipei","BTCUSDT","BTC-260902-77750-P","2026-09-02","77750","PUT","1h","2026-09-02 04:00:00","2026-09-02 12:00:00","280.000","280.000","280.000","280.000","0.00","2026-09-02 04:59:59","2026-09-02 12:59:59","0.00000","0","0.00","0.00000"
"all-available","Asia/Taipei","BTCUSDT","BTC-260902-77750-P","2026-09-02","77750","PUT","1h","2026-09-02 05:00:00","2026-09-02 13:00:00","335.000","335.000","155.000","155.000","0.16","2026-09-02 05:59:59","2026-09-02 13:59:59","32.55000","3","0.16","32.55000"
"all-available","Asia/Taipei","BTCUSDT","BTC-260902-77750-P","2026-09-02","77750","PUT","1h","2026-09-02 06:00:00","2026-09-02 14:00:00","145.000","195.000","145.000","195.000","0.79","2026-09-02 06:59:59","2026-09-02 14:59:59","116.55000","4","0.01","1.95000"
"all-available","Asia/Taipei","BTCUSDT","BTC-260902-77750-P","2026-09-02","77750","PUT","1h","2026-09-02 07:00:00","2026-09-02 15:00:00","195.000","195.000","195.000","195.000","0.00","2026-09-02 07:59:59","2026-09-02 15:59:59","0.00000","0","0.00","0.00000"
"all-available","Asia/Taipei","BTCUSDT","BTC-260902-78000-C","2026-09-02","78000","CALL","1h","2026-08-31 00:00:00","2026-08-31 08:00:00","805.000","830.000","805.000","830.000","1.00","2026-08-31 00:59:59","2026-08-31 08:59:59","817.50000","2","1.00","817.50000"
"all-available","Asia/Taipei","BTCUSDT","BTC-260902-78000-C","2026-09-02","78000","CALL","1h","2026-08-31 01:00:00","2026-08-31 09:00:00","830.000","830.000","830.000","830.000","0.00","2026-08-31 01:59:59","2026-08-31 09:59:59","0.00000","0","0.00","0.00000"
"all-available","Asia/Taipei","BTCUSDT","BTC-260902-78000-C","2026-09-02","78000","CALL","1h","2026-08-31 02:00:00","2026-08-31 10:00:00","745.000","745.000","570.000","570.000","0.09","2026-08-31 02:59:59","2026-08-31 10:59:59","53.05000","2","0.09","53.05000"
"all-available","Asia/Taipei","BTCUSDT","BTC-260902-78000-C","2026-09-02","78000","CALL","1h","2026-08-31 03:00:00","2026-08-31 11:00:00","570.000","570.000","570.000","570.000","0.00","2026-08-31 03:59:59","2026-08-31 11:59:59","0.00000","0","0.00","0.00000"
"all-available","Asia/Taipei","BTCUSDT","BTC-260902-78000-C","2026-09-02","78000","CALL","1h","2026-08-31 04:00:00","2026-08-31 12:00:00","570.000","570.000","570.000","570.000","0.00","2026-08-31 04:59:59","2026-08-31 12:59:59","0.00000","0","0.00","0.00000"
"all-available","Asia/Taipei","BTCUSDT","BTC-260902-78000-C","2026-09-02","78000","CALL","1h","2026-08-31 05:00:00","2026-08-31 13:00:00","570.000","570.000","570.000","570.000","0.00","2026-08-31 05:59:59","2026-08-31 13:59:59","0.00000","0","0.00","0.00000"
"all-available","Asia/Taipei","BTCUSDT","BTC-260902-78000-C","2026-09-02","78000","CALL","1h","2026-08-31 06:00:00","2026-08-31 14:00:00","765.000","765.000","765.000","765.000","0.36","2026-08-31 06:59:59","2026-08-31 14:59:59","275.40000","1","0.36","275.40000"
"all-available","Asia/Taipei","BTCUSDT","BTC-260902-78000-C","2026-09-02","78000","CALL","1h","2026-08-31 07:00:00","2026-08-31 15:00:00","880.000","910.000","880.000","910.000","3.04","2026-08-31 07:59:59","2026-08-31 15:59:59","2676.40000","3","3.04","2676.40000"
"all-available","Asia/Taipei","BTCUSDT","BTC-260902-78000-C","2026-09-02","78000","CALL","1h","2026-08-31 08:00:00","2026-08-31 16:00:00","860.000","860.000","740.000","740.000","0.50","2026-08-31 08:59:59","2026-08-31 16:59:59","373.60000","2","0.47","347.80000"
"all-available","Asia/Taipei","BTCUSDT","BTC-260902-78000-C","2026-09-02","78000","CALL","1h","2026-08-31 09:00:00","2026-08-31 17:00:00","740.000","740.000","740.000","740.000","0.00","2026-08-31 09:59:59","2026-08-31 17:59:59","0.00000","0","0.00","0.00000"
"all-available","Asia/Taipei","BTCUSDT","BTC-260902-78000-C","2026-09-02","78000","CALL","1h","2026-08-31 10:00:00","2026-08-31 18:00:00","740.000","740.000","740.000","740.000","0.00","2026-08-31 10:59:59","2026-08-31 18:59:59","0.00000","0","0.00","0.00000"
"all-available","Asia/Taipei","BTCUSDT","BTC-260902-78000-C","2026-09-02","78000","CALL","1h","2026-08-31 11:00:00","2026-08-31 19:00:00","740.000","740.000","740.000","740.000","0.00","2026-08-31 11:59:59","2026-08-31 19:59:59","0.00000","0","0.00","0.00000"
"all-available","Asia/Taipei","BTCUSDT","BTC-260902-78000-C","2026-09-02","78000","CALL","1h","2026-08-31 12:00:00","2026-08-31 20:00:00","705.000","705.000","705.000","705.000","1.99","2026-08-31 12:59:59","2026-08-31 20:59:59","1402.95000","2","0.25","176.25000"
"all-available","Asia/Taipei","BTCUSDT","BTC-260902-78000-C","2026-09-02","78000","CALL","1h","2026-08-31 13:00:00","2026-08-31 21:00:00","840.000","840.000","705.000","705.000","4.55","2026-08-31 13:59:59","2026-08-31 21:59:59","3477.75000","5","0.00","0.00000"
"all-available","Asia/Taipei","BTCUSDT","BTC-260902-78000-C","2026-09-02","78000","CALL","1h","2026-08-31 14:00:00","2026-08-31 22:00:00","720.000","885.000","720.000","885.000","4.46","2026-08-31 14:59:59","2026-08-31 22:59:59","3558.75000","7","4.00","3210.00000"
"all-available","Asia/Taipei","BTCUSDT","BTC-260902-78000-C","2026-09-02","78000","CALL","1h","2026-08-31 15:00:00","2026-08-31 23:00:00","885.000","885.000","885.000","885.000","0.00","2026-08-31 15:59:59","2026-08-31 23:59:59","0.00000","0","0.00","0.00000"
"all-available","Asia/Taipei","BTCUSDT","BTC-260902-78000-C","2026-09-02","78000","CALL","1h","2026-08-31 16:00:00","2026-09-01 00:00:00","885.000","885.000","885.000","885.000","0.00","2026-08-31 16:59:59","2026-09-01 00:59:59","0.00000","0","0.00","0.00000"
"all-available","Asia/Taipei","BTCUSDT","BTC-260902-78000-C","2026-09-02","78000","CALL","1h","2026-08-31 17:00:00","2026-09-01 01:00:00","1100.000","1200.000","1100.000","1200.000","0.12","2026-08-31 17:59:59","2026-09-01 01:59:59","142.00000","2","0.10","120.00000"
"all-available","Asia/Taipei","BTCUSDT","BTC-260902-78000-C","2026-09-02","78000","CALL","1h","2026-08-31 18:00:00","2026-09-01 02:00:00","1200.000","1200.000","1200.000","1200.000","0.00","2026-08-31 18:59:59","2026-09-01 02:59:59","0.00000","0","0.00","0.00000"
"all-available","Asia/Taipei","BTCUSDT","BTC-260902-78000-C","2026-09-02","78000","CALL","1h","2026-08-31 19:00:00","2026-09-01 03:00:00","1200.000","1200.000","1200.000","1200.000","0.00","2026-08-31 19:59:59","2026-09-01 03:59:59","0.00000","0","0.00","0.00000"
"all-available","Asia/Taipei","BTCUSDT","BTC-260902-78000-C","2026-09-02","78000","CALL","1h","2026-08-31 20:00:00","2026-09-01 04:00:00","1200.000","1200.000","1200.000","1200.000","0.00","2026-08-31 20:59:59","2026-09-01 04:59:59","0.00000","0","0.00","0.00000"
"all-available","Asia/Taipei","BTCUSDT","BTC-260902-78000-C","2026-09-02","78000","CALL","1h","2026-08-31 21:00:00","2026-09-01 05:00:00","1200.000","1200.000","1200.000","1200.000","0.00","2026-08-31 21:59:59","2026-09-01 05:59:59","0.00000","0","0.00","0.00000"
"all-available","Asia/Taipei","BTCUSDT","BTC-260902-78000-C","2026-09-02","78000","CALL","1h","2026-08-31 22:00:00","2026-09-01 06:00:00","1200.000","1200.000","1200.000","1200.000","0.00","2026-08-31 22:59:59","2026-09-01 06:59:59","0.00000","0","0.00","0.00000"
"all-available","Asia/Taipei","BTCUSDT","BTC-260902-78000-C","2026-09-02","78000","CALL","1h","2026-08-31 23:00:00","2026-09-01 07:00:00","1200.000","1200.000","1200.000","1200.000","0.00","2026-08-31 23:59:59","2026-09-01 07:59:59","0.00000","0","0.00","0.00000"
"all-available","Asia/Taipei","BTCUSDT","BTC-260902-78000-C","2026-09-02","78000","CALL","1h","2026-09-01 00:00:00","2026-09-01 08:00:00","1200.000","1200.000","1200.000","1200.000","0.00","2026-09-01 00:59:59","2026-09-01 08:59:59","0.00000","0","0.00","0.00000"
"all-available","Asia/Taipei","BTCUSDT","BTC-260902-78000-C","2026-09-02","78000","CALL","1h","2026-09-01 01:00:00","2026-09-01 09:00:00","1200.000","1200.000","1200.000","1200.000","0.00","2026-09-01 01:59:59","2026-09-01 09:59:59","0.00000","0","0.00","0.00000"
"all-available","Asia/Taipei","BTCUSDT","BTC-260902-78000-C","2026-09-02","78000","CALL","1h","2026-09-01 02:00:00","2026-09-01 10:00:00","765.000","765.000","765.000","765.000","0.99","2026-09-01 02:59:59","2026-09-01 10:59:59","757.35000","1","0.00","0.00000"
"all-available","Asia/Taipei","BTCUSDT","BTC-260902-78000-C","2026-09-02","78000","CALL","1h","2026-09-01 03:00:00","2026-09-01 11:00:00","860.000","860.000","860.000","860.000","0.20","2026-09-01 03:59:59","2026-09-01 11:59:59","172.00000","1","0.00","0.00000"
"all-available","Asia/Taipei","BTCUSDT","BTC-260902-78000-C","2026-09-02","78000","CALL","1h","2026-09-01 04:00:00","2026-09-01 12:00:00","860.000","860.000","860.000","860.000","0.00","2026-09-01 04:59:59","2026-09-01 12:59:59","0.00000","0","0.00","0.00000"
"all-available","Asia/Taipei","BTCUSDT","BTC-260902-78000-C","2026-09-02","78000","CALL","1h","2026-09-01 05:00:00","2026-09-01 13:00:00","860.000","860.000","860.000","860.000","0.00","2026-09-01 05:59:59","2026-09-01 13:59:59","0.00000","0","0.00","0.00000"
"all-available","Asia/Taipei","BTCUSDT","BTC-260902-78000-C","2026-09-02","78000","CALL","1h","2026-09-01 06:00:00","2026-09-01 14:00:00","860.000","860.000","860.000","860.000","0.00","2026-09-01 06:59:59","2026-09-01 14:59:59","0.00000","0","0.00","0.00000"
"all-available","Asia/Taipei","BTCUSDT","BTC-260902-78000-C","2026-09-02","78000","CALL","1h","2026-09-01 07:00:00","2026-09-01 15:00:00","860.000","860.000","860.000","860.000","0.00","2026-09-01 07:59:59","2026-09-01 15:59:59","0.00000","0","0.00","0.00000"
"all-available","Asia/Taipei","BTCUSDT","BTC-260902-78000-C","2026-09-02","78000","CALL","1h","2026-09-01 08:00:00","2026-09-01 16:00:00","565.000","565.000","425.000","430.000","20.19","2026-09-01 08:59:59","2026-09-01 16:59:59","9402.35000","37","6.86","2983.90000"
"all-available","Asia/Taipei","BTCUSDT","BTC-260902-78000-C","2026-09-02","78000","CALL","1h","2026-09-01 09:00:00","2026-09-01 17:00:00","465.000","505.000","445.000","465.000","0.63","2026-09-01 09:59:59","2026-09-01 17:59:59","291.80000","8","0.26","122.65000"
"all-available","Asia/Taipei","BTCUSDT","BTC-260902-78000-C","2026-09-02","78000","CALL","1h","2026-09-01 10:00:00","2026-09-01 18:00:00","425.000","555.000","395.000","555.000","3.38","2026-09-01 10:59:59","2026-09-01 18:59:59","1826.05000","10","0.27","142.00000"
"all-available","Asia/Taipei","BTCUSDT","BTC-260902-78000-C","2026-09-02","78000","CALL","1h","2026-09-01 11:00:00","2026-09-01 19:00:00","465.000","560.000","465.000","555.000","0.19","2026-09-01 11:59:59","2026-09-01 19:59:59","92.80000","6","0.07","35.75000"
"all-available","Asia/Taipei","BTCUSDT","BTC-260902-78000-C","2026-09-02","78000","CALL","1h","2026-09-01 12:00:00","2026-09-01 20:00:00","455.000","495.000","360.000","450.000","0.26","2026-09-01 12:59:59","2026-09-01 20:59:59","116.40000","5","0.21","94.50000"
"all-available","Asia/Taipei","BTCUSDT","BTC-260902-78000-C","2026-09-02","78000","CALL","1h","2026-09-01 13:00:00","2026-09-01 21:00:00","455.000","455.000","315.000","315.000","9.18","2026-09-01 13:59:59","2026-09-01 21:59:59","4121.95000","17","0.82","325.95000"
"all-available","Asia/Taipei","BTCUSDT","BTC-260902-78000-C","2026-09-02","78000","CALL","1h","2026-09-01 14:00:00","2026-09-01 22:00:00","595.000","680.000","560.000","680.000","0.28","2026-09-01 14:59:59","2026-09-01 22:59:59","175.15000","4","0.18","107.15000"
"all-available","Asia/Taipei","BTCUSDT","BTC-260902-78000-C","2026-09-02","78000","CALL","1h","2026-09-01 15:00:00","2026-09-01 23:00:00","385.000","405.000","325.000","405.000","8.35","2026-09-01 15:59:59","2026-09-01 23:59:59","2992.60000","13","3.33","1204.70000"
"all-available","Asia/Taipei","BTCUSDT","BTC-260902-78000-C","2026-09-02","78000","CALL","1h","2026-09-01 16:00:00","2026-09-02 00:00:00","315.000","315.000","160.000","220.000","8.32","2026-09-01 16:59:59","2026-09-02 00:59:59","1808.60000","17","4.68","1044.55000"
"all-available","Asia/Taipei","BTCUSDT","BTC-260902-78000-C","2026-09-02","78000","CALL","1h","2026-09-01 17:00:00","2026-09-02 01:00:00","195.000","200.000","140.000","140.000","24.91","2026-09-01 17:59:59","2026-09-02 01:59:59","4128.10000","11","24.91","4128.10000"
"all-available","Asia/Taipei","BTCUSDT","BTC-260902-78000-C","2026-09-02","78000","CALL","1h","2026-09-01 18:00:00","2026-09-02 02:00:00","140.000","140.000","50.000","95.000","29.58","2026-09-01 18:59:59","2026-09-02 02:59:59","1926.95000","33","28.30","1837.00000"
"all-available","Asia/Taipei","BTCUSDT","BTC-260902-78000-C","2026-09-02","78000","CALL","1h","2026-09-01 19:00:00","2026-09-02 03:00:00","100.000","130.000","100.000","130.000","7.96","2026-09-01 19:59:59","2026-09-02 03:59:59","893.10000","18","4.44","478.35000"
"all-available","Asia/Taipei","BTCUSDT","BTC-260902-78000-C","2026-09-02","78000","CALL","1h","2026-09-01 20:00:00","2026-09-02 04:00:00","130.000","130.000","130.000","130.000","0.00","2026-09-01 20:59:59","2026-09-02 04:59:59","0.00000","0","0.00","0.00000"
"all-available","Asia/Taipei","BTCUSDT","BTC-260902-78000-C","2026-09-02","78000","CALL","1h","2026-09-01 21:00:00","2026-09-02 05:00:00","105.000","105.000","80.000","95.000","0.74","2026-09-01 21:59:59","2026-09-02 05:59:59","66.90000","4","0.73","65.85000"
"all-available","Asia/Taipei","BTCUSDT","BTC-260902-78000-C","2026-09-02","78000","CALL","1h","2026-09-01 22:00:00","2026-09-02 06:00:00","95.000","95.000","60.000","80.000","5.72","2026-09-01 22:59:59","2026-09-02 06:59:59","442.70000","6","2.83","268.85000"
"all-available","Asia/Taipei","BTCUSDT","BTC-260902-78000-C","2026-09-02","78000","CALL","1h","2026-09-01 23:00:00","2026-09-02 07:00:00","75.000","100.000","60.000","80.000","69.43","2026-09-01 23:59:59","2026-09-02 07:59:59","5013.45000","43","14.55","1232.10000"
"all-available","Asia/Taipei","BTCUSDT","BTC-260902-78000-C","2026-09-02","78000","CALL","1h","2026-09-02 00:00:00","2026-09-02 08:00:00","70.000","80.000","25.000","30.000","59.35","2026-09-02 00:59:59","2026-09-02 08:59:59","1684.40000","44","5.86","336.75000"
"all-available","Asia/Taipei","BTCUSDT","BTC-260902-78000-C","2026-09-02","78000","CALL","1h","2026-09-02 01:00:00","2026-09-02 09:00:00","25.000","30.000","10.000","10.000","1.79","2026-09-02 01:59:59","2026-09-02 09:59:59","30.10000","17","1.46","22.95000"
"all-available","Asia/Taipei","BTCUSDT","BTC-260902-78000-C","2026-09-02","78000","CALL","1h","2026-09-02 02:00:00","2026-09-02 10:00:00","20.000","25.000","20.000","25.000","19.82","2026-09-02 02:59:59","2026-09-02 10:59:59","486.40000","20","7.34","174.45000"
"all-available","Asia/Taipei","BTCUSDT","BTC-260902-78000-C","2026-09-02","78000","CALL","1h","2026-09-02 03:00:00","2026-09-02 11:00:00","25.000","95.000","25.000","45.000","9.84","2026-09-02 03:59:59","2026-09-02 11:59:59","597.75000","26","4.81","205.25000"
"all-available","Asia/Taipei","BTCUSDT","BTC-260902-78000-C","2026-09-02","78000","CALL","1h","2026-09-02 04:00:00","2026-09-02 12:00:00","30.000","30.000","15.000","25.000","1.97","2026-09-02 04:59:59","2026-09-02 12:59:59","45.80000","8","1.87","43.80000"
"all-available","Asia/Taipei","BTCUSDT","BTC-260902-78000-C","2026-09-02","78000","CALL","1h","2026-09-02 05:00:00","2026-09-02 13:00:00","20.000","50.000","15.000","25.000","6.36","2026-09-02 05:59:59","2026-09-02 13:59:59","224.40000","28","3.51","127.35000"
"all-available","Asia/Taipei","BTCUSDT","BTC-260902-78000-C","2026-09-02","78000","CALL","1h","2026-09-02 06:00:00","2026-09-02 14:00:00","25.000","25.000","5.000","5.000","204.92","2026-09-02 06:59:59","2026-09-02 14:59:59","1610.30000","26","33.91","357.45000"
"all-available","Asia/Taipei","BTCUSDT","BTC-260902-78000-C","2026-09-02","78000","CALL","1h","2026-09-02 07:00:00","2026-09-02 15:00:00","5.000","5.000","5.000","5.000","70.74","2026-09-02 07:59:59","2026-09-02 15:59:59","353.70000","4","70.74","353.70000"
"all-available","Asia/Taipei","BTCUSDT","BTC-260902-78000-P","2026-09-02","78000","PUT","1h","2026-08-30 08:00:00","2026-08-30 16:00:00","780.000","790.000","780.000","790.000","2.83","2026-08-30 08:59:59","2026-08-30 16:59:59","2234.70000","3","2.63","2077.70000"
"all-available","Asia/Taipei","BTCUSDT","BTC-260902-78000-P","2026-09-02","78000","PUT","1h","2026-08-30 09:00:00","2026-08-30 17:00:00","790.000","790.000","790.000","790.000","0.00","2026-08-30 09:59:59","2026-08-30 17:59:59","0.00000","0","0.00","0.00000"
"all-available","Asia/Taipei","BTCUSDT","BTC-260902-78000-P","2026-09-02","78000","PUT","1h","2026-08-30 10:00:00","2026-08-30 18:00:00","835.000","835.000","835.000","835.000","0.07","2026-08-30 10:59:59","2026-08-30 18:59:59","58.45000","1","0.07","58.45000"
"all-available","Asia/Taipei","BTCUSDT","BTC-260902-78000-P","2026-09-02","78000","PUT","1h","2026-08-30 11:00:00","2026-08-30 19:00:00","755.000","755.000","750.000","750.000","0.04","2026-08-30 11:59:59","2026-08-30 19:59:59","30.05000","3","0.04","30.05000"
"all-available","Asia/Taipei","BTCUSDT","BTC-260902-78000-P","2026-09-02","78000","PUT","1h","2026-08-30 12:00:00","2026-08-30 20:00:00","730.000","730.000","545.000","545.000","3.17","2026-08-30 12:59:59","2026-08-30 20:59:59","1797.90000","5","0.52","283.40000"
"all-available","Asia/Taipei","BTCUSDT","BTC-260902-78000-P","2026-09-02","78000","PUT","1h","2026-08-30 13:00:00","2026-08-30 21:00:00","530.000","530.000","530.000","530.000","1.12","2026-08-30 13:59:59","2026-08-30 21:59:59","593.60000","1","1.12","593.60000"
"all-available","Asia/Taipei","BTCUSDT","BTC-260902-78000-P","2026-09-02","78000","PUT","1h","2026-08-30 14:00:00","2026-08-30 22:00:00","495.000","525.000","495.000","525.000","0.17","2026-08-30 14:59:59","2026-08-30 22:59:59","85.05000","3","0.17","85.05000"
"all-available","Asia/Taipei","BTCUSDT","BTC-260902-78000-P","2026-09-02","78000","PUT","1h","2026-08-30 15:00:00","2026-08-30 23:00:00","485.000","485.000","485.000","485.000","0.01","2026-08-30 15:59:59","2026-08-30 23:59:59","4.85000","1","0.00","0.00000"
"all-available","Asia/Taipei","BTCUSDT","BTC-260902-78000-P","2026-09-02","78000","PUT","1h","2026-08-30 16:00:00","2026-08-31 00:00:00","335.000","335.000","335.000","335.000","0.36","2026-08-30 16:59:59","2026-08-31 00:59:59","120.60000","1","0.00","0.00000"
"all-available","Asia/Taipei","BTCUSDT","BTC-260902-78000-P","2026-09-02","78000","PUT","1h","2026-08-30 17:00:00","2026-08-31 01:00:00","380.000","380.000","380.000","380.000","1.71","2026-08-30 17:59:59","2026-08-31 01:59:59","649.80000","2","1.71","649.80000"
"all-available","Asia/Taipei","BTCUSDT","BTC-260902-78000-P","2026-09-02","78000","PUT","1h","2026-08-30 18:00:00","2026-08-31 02:00:00","380.000","380.000","380.000","380.000","0.00","2026-08-30 18:59:59","2026-08-31 02:59:59","0.00000","0","0.00","0.00000"
"all-available","Asia/Taipei","BTCUSDT","BTC-260902-78000-P","2026-09-02","78000","PUT","1h","2026-08-30 19:00:00","2026-08-31 03:00:00","380.000","380.000","380.000","380.000","0.00","2026-08-30 19:59:59","2026-08-31 03:59:59","0.00000","0","0.00","0.00000"
"all-available","Asia/Taipei","BTCUSDT","BTC-260902-78000-P","2026-09-02","78000","PUT","1h","2026-08-30 20:00:00","2026-08-31 04:00:00","545.000","545.000","545.000","545.000","0.09","2026-08-30 20:59:59","2026-08-31 04:59:59","49.05000","1","0.09","49.05000"
"all-available","Asia/Taipei","BTCUSDT","BTC-260902-78000-P","2026-09-02","78000","PUT","1h","2026-08-30 21:00:00","2026-08-31 05:00:00","545.000","545.000","545.000","545.000","0.00","2026-08-30 21:59:59","2026-08-31 05:59:59","0.00000","0","0.00","0.00000"
"all-available","Asia/Taipei","BTCUSDT","BTC-260902-78000-P","2026-09-02","78000","PUT","1h","2026-08-30 22:00:00","2026-08-31 06:00:00","545.000","545.000","545.000","545.000","0.00","2026-08-30 22:59:59","2026-08-31 06:59:59","0.00000","0","0.00","0.00000"
"all-available","Asia/Taipei","BTCUSDT","BTC-260902-78000-P","2026-09-02","78000","PUT","1h","2026-08-30 23:00:00","2026-08-31 07:00:00","810.000","1290.000","810.000","1290.000","4.06","2026-08-30 23:59:59","2026-08-31 07:59:59","3347.75000","4","4.06","3347.75000"
"all-available","Asia/Taipei","BTCUSDT","BTC-260902-78000-P","2026-09-02","78000","PUT","1h","2026-08-31 00:00:00","2026-08-31 08:00:00","960.000","960.000","845.000","845.000","1.00","2026-08-31 00:59:59","2026-08-31 08:59:59","902.50000","4","0.00","0.00000"
"all-available","Asia/Taipei","BTCUSDT","BTC-260902-78000-P","2026-09-02","78000","PUT","1h","2026-08-31 01:00:00","2026-08-31 09:00:00","970.000","970.000","970.000","970.000","0.06","2026-08-31 01:59:59","2026-08-31 09:59:59","58.20000","1","0.06","58.20000"
"all-available","Asia/Taipei","BTCUSDT","BTC-260902-78000-P","2026-09-02","78000","PUT","1h","2026-08-31 02:00:00","2026-08-31 10:00:00","1015.000","1015.000","880.000","895.000","0.73","2026-08-31 02:59:59","2026-08-31 10:59:59","673.60000","6","0.72","664.80000"
"all-available","Asia/Taipei","BTCUSDT","BTC-260902-78000-P","2026-09-02","78000","PUT","1h","2026-08-31 03:00:00","2026-08-31 11:00:00","895.000","895.000","895.000","895.000","0.00","2026-08-31 03:59:59","2026-08-31 11:59:59","0.00000","0","0.00","0.00000"
"all-available","Asia/Taipei","BTCUSDT","BTC-260902-78000-P","2026-09-02","78000","PUT","1h","2026-08-31 04:00:00","2026-08-31 12:00:00","895.000","895.000","895.000","895.000","0.00","2026-08-31 04:59:59","2026-08-31 12:59:59","0.00000","0","0.00","0.00000"
"all-available","Asia/Taipei","BTCUSDT","BTC-260902-78000-P","2026-09-02","78000","PUT","1h","2026-08-31 05:00:00","2026-08-31 13:00:00","775.000","775.000","775.000","775.000","0.12","2026-08-31 05:59:59","2026-08-31 13:59:59","93.00000","1","0.12","93.00000"
"all-available","Asia/Taipei","BTCUSDT","BTC-260902-78000-P","2026-09-02","78000","PUT","1h","2026-08-31 06:00:00","2026-08-31 14:00:00","735.000","735.000","735.000","735.000","0.19","2026-08-31 06:59:59","2026-08-31 14:59:59","139.65000","1","0.19","139.65000"
"all-available","Asia/Taipei","BTCUSDT","BTC-260902-78000-P","2026-09-02","78000","PUT","1h","2026-08-31 07:00:00","2026-08-31 15:00:00","735.000","735.000","735.000","735.000","0.00","2026-08-31 07:59:59","2026-08-31 15:59:59","0.00000","0","0.00","0.00000"
"all-available","Asia/Taipei","BTCUSDT","BTC-260902-78000-P","2026-09-02","78000","PUT","1h","2026-08-31 08:00:00","2026-08-31 16:00:00","650.000","650.000","540.000","540.000","0.33","2026-08-31 08:59:59","2026-08-31 16:59:59","182.90000","3","0.01","5.70000"
"all-available","Asia/Taipei","BTCUSDT","BTC-260902-78000-P","2026-09-02","78000","PUT","1h","2026-08-31 09:00:00","2026-08-31 17:00:00","465.000","465.000","465.000","465.000","0.99","2026-08-31 09:59:59","2026-08-31 17:59:59","460.35000","1","0.99","460.35000"
"all-available","Asia/Taipei","BTCUSDT","BTC-260902-78000-P","2026-09-02","78000","PUT","1h","2026-08-31 10:00:00","2026-08-31 18:00:00","465.000","465.000","465.000","465.000","0.00","2026-08-31 10:59:59","2026-08-31 18:59:59","0.00000","0","0.00","0.00000"
"all-available","Asia/Taipei","BTCUSDT","BTC-260902-78000-P","2026-09-02","78000","PUT","1h","2026-08-31 11:00:00","2026-08-31 19:00:00","465.000","465.000","465.000","465.000","0.00","2026-08-31 11:59:59","2026-08-31 19:59:59","0.00000","0","0.00","0.00000"
"all-available","Asia/Taipei","BTCUSDT","BTC-260902-78000-P","2026-09-02","78000","PUT","1h","2026-08-31 12:00:00","2026-08-31 20:00:00","575.000","865.000","575.000","800.000","3.47","2026-08-31 12:59:59","2026-08-31 20:59:59","2973.65000","10","3.43","2940.65000"
"all-available","Asia/Taipei","BTCUSDT","BTC-260902-78000-P","2026-09-02","78000","PUT","1h","2026-08-31 13:00:00","2026-08-31 21:00:00","690.000","730.000","660.000","730.000","2.08","2026-08-31 13:59:59","2026-08-31 21:59:59","1453.70000","9","0.00","0.00000"
"all-available","Asia/Taipei","BTCUSDT","BTC-260902-78000-P","2026-09-02","78000","PUT","1h","2026-08-31 14:00:00","2026-08-31 22:00:00","740.000","780.000","435.000","435.000","3.72","2026-08-31 14:59:59","2026-08-31 22:59:59","2713.95000","7","3.29","2482.05000"
"all-available","Asia/Taipei","BTCUSDT","BTC-260902-78000-P","2026-09-02","78000","PUT","1h","2026-08-31 15:00:00","2026-08-31 23:00:00","420.000","420.000","390.000","390.000","0.04","2026-08-31 15:59:59","2026-08-31 23:59:59","16.20000","2","0.02","7.80000"
"all-available","Asia/Taipei","BTCUSDT","BTC-260902-78000-P","2026-09-02","78000","PUT","1h","2026-08-31 16:00:00","2026-09-01 00:00:00","415.000","415.000","390.000","390.000","0.12","2026-08-31 16:59:59","2026-09-01 00:59:59","47.30000","2","0.12","47.30000"
"all-available","Asia/Taipei","BTCUSDT","BTC-260902-78000-P","2026-09-02","78000","PUT","1h","2026-08-31 17:00:00","2026-09-01 01:00:00","345.000","345.000","345.000","345.000","0.50","2026-08-31 17:59:59","2026-09-01 01:59:59","172.50000","1","0.50","172.50000"
"all-available","Asia/Taipei","BTCUSDT","BTC-260902-78000-P","2026-09-02","78000","PUT","1h","2026-08-31 18:00:00","2026-09-01 02:00:00","235.000","240.000","235.000","240.000","4.57","2026-08-31 18:59:59","2026-09-01 02:59:59","1095.70000","4","4.35","1044.00000"
"all-available","Asia/Taipei","BTCUSDT","BTC-260902-78000-P","2026-09-02","78000","PUT","1h","2026-08-31 19:00:00","2026-09-01 03:00:00","200.000","200.000","200.000","200.000","4.35","2026-08-31 19:59:59","2026-09-01 03:59:59","870.00000","2","0.00","0.00000"
"all-available","Asia/Taipei","BTCUSDT","BTC-260902-78000-P","2026-09-02","78000","PUT","1h","2026-08-31 20:00:00","2026-09-01 04:00:00","270.000","270.000","270.000","270.000","0.09","2026-08-31 20:59:59","2026-09-01 04:59:59","24.30000","1","0.00","0.00000"
"all-available","Asia/Taipei","BTCUSDT","BTC-260902-78000-P","2026-09-02","78000","PUT","1h","2026-08-31 21:00:00","2026-09-01 05:00:00","270.000","270.000","270.000","270.000","0.00","2026-08-31 21:59:59","2026-09-01 05:59:59","0.00000","0","0.00","0.00000"
"all-available","Asia/Taipei","BTCUSDT","BTC-260902-78000-P","2026-09-02","78000","PUT","1h","2026-08-31 22:00:00","2026-09-01 06:00:00","280.000","355.000","280.000","355.000","0.52","2026-08-31 22:59:59","2026-09-01 06:59:59","156.85000","3","0.34","95.20000"
"all-available","Asia/Taipei","BTCUSDT","BTC-260902-78000-P","2026-09-02","78000","PUT","1h","2026-08-31 23:00:00","2026-09-01 07:00:00","355.000","355.000","355.000","355.000","0.00","2026-08-31 23:59:59","2026-09-01 07:59:59","0.00000","0","0.00","0.00000"
"all-available","Asia/Taipei","BTCUSDT","BTC-260902-78000-P","2026-09-02","78000","PUT","1h","2026-09-01 00:00:00","2026-09-01 08:00:00","340.000","340.000","305.000","340.000","0.13","2026-09-01 00:59:59","2026-09-01 08:59:59","43.50000","3","0.00","0.00000"
"all-available","Asia/Taipei","BTCUSDT","BTC-260902-78000-P","2026-09-02","78000","PUT","1h","2026-09-01 01:00:00","2026-09-01 09:00:00","340.000","340.000","340.000","340.000","0.00","2026-09-01 01:59:59","2026-09-01 09:59:59","0.00000","0","0.00","0.00000"
"all-available","Asia/Taipei","BTCUSDT","BTC-260902-78000-P","2026-09-02","78000","PUT","1h","2026-09-01 02:00:00","2026-09-01 10:00:00","525.000","535.000","505.000","535.000","0.18","2026-09-01 02:59:59","2026-09-01 10:59:59","94.50000","3","0.01","5.05000"
"all-available","Asia/Taipei","BTCUSDT","BTC-260902-78000-P","2026-09-02","78000","PUT","1h","2026-09-01 03:00:00","2026-09-01 11:00:00","290.000","290.000","290.000","290.000","2.86","2026-09-01 03:59:59","2026-09-01 11:59:59","829.40000","2","2.86","829.40000"
"all-available","Asia/Taipei","BTCUSDT","BTC-260902-78000-P","2026-09-02","78000","PUT","1h","2026-09-01 04:00:00","2026-09-01 12:00:00","320.000","340.000","320.000","320.000","1.32","2026-09-01 04:59:59","2026-09-01 12:59:59","425.00000","5","1.31","421.80000"
"all-available","Asia/Taipei","BTCUSDT","BTC-260902-78000-P","2026-09-02","78000","PUT","1h","2026-09-01 05:00:00","2026-09-01 13:00:00","250.000","250.000","195.000","195.000","0.13","2026-09-01 05:59:59","2026-09-01 13:59:59","31.40000","2","0.11","27.50000"
"all-available","Asia/Taipei","BTCUSDT","BTC-260902-78000-P","2026-09-02","78000","PUT","1h","2026-09-01 06:00:00","2026-09-01 14:00:00","195.000","245.000","195.000","245.000","0.71","2026-09-01 06:59:59","2026-09-01 14:59:59","156.80000","6","0.71","156.80000"
"all-available","Asia/Taipei","BTCUSDT","BTC-260902-78000-P","2026-09-02","78000","PUT","1h","2026-09-01 07:00:00","2026-09-01 15:00:00","270.000","270.000","245.000","245.000","1.24","2026-09-01 07:59:59","2026-09-01 15:59:59","306.20000","17","1.03","252.60000"
"all-available","Asia/Taipei","BTCUSDT","BTC-260902-78000-P","2026-09-02","78000","PUT","1h","2026-09-01 08:00:00","2026-09-01 16:00:00","245.000","545.000","245.000","545.000","47.54","2026-09-01 08:59:59","2026-09-01 16:59:59","20540.45000","41","37.72","16455.65000"
"all-available","Asia/Taipei","BTCUSDT","BTC-260902-78000-P","2026-09-02","78000","PUT","1h","2026-09-01 09:00:00","2026-09-01 17:00:00","600.000","600.000","515.000","520.000","0.37","2026-09-01 09:59:59","2026-09-01 17:59:59","201.75000","7","0.26","144.65000"
"all-available","Asia/Taipei","BTCUSDT","BTC-260902-78000-P","2026-09-02","78000","PUT","1h","2026-09-01 10:00:00","2026-09-01 18:00:00","560.000","560.000","400.000","455.000","2.46","2026-09-01 10:59:59","2026-09-01 18:59:59","1185.45000","9","1.43","769.70000"
"all-available","Asia/Taipei","BTCUSDT","BTC-260902-78000-P","2026-09-02","78000","PUT","1h","2026-09-01 11:00:00","2026-09-01 19:00:00","505.000","505.000","360.000","400.000","0.33","2026-09-01 11:59:59","2026-09-01 19:59:59","145.65000","9","0.19","81.65000"
"all-available","Asia/Taipei","BTCUSDT","BTC-260902-78000-P","2026-09-02","78000","PUT","1h","2026-09-01 12:00:00","2026-09-01 20:00:00","445.000","580.000","415.000","475.000","2.41","2026-09-01 12:59:59","2026-09-01 20:59:59","1297.85000","8","0.36","205.65000"
"all-available","Asia/Taipei","BTCUSDT","BTC-260902-78000-P","2026-09-02","78000","PUT","1h","2026-09-01 13:00:00","2026-09-01 21:00:00","550.000","730.000","420.000","455.000","6.01","2026-09-01 13:59:59","2026-09-01 21:59:59","3393.70000","19","2.08","1216.30000"
"all-available","Asia/Taipei","BTCUSDT","BTC-260902-78000-P","2026-09-02","78000","PUT","1h","2026-09-01 14:00:00","2026-09-01 22:00:00","360.000","360.000","280.000","345.000","10.38","2026-09-01 14:59:59","2026-09-01 22:59:59","3510.60000","26","2.81","905.80000"
"all-available","Asia/Taipei","BTCUSDT","BTC-260902-78000-P","2026-09-02","78000","PUT","1h","2026-09-01 15:00:00","2026-09-01 23:00:00","340.000","520.000","340.000","345.000","2.18","2026-09-01 15:59:59","2026-09-01 23:59:59","800.20000","17","1.26","465.30000"
"all-available","Asia/Taipei","BTCUSDT","BTC-260902-78000-P","2026-09-02","78000","PUT","1h","2026-09-01 16:00:00","2026-09-02 00:00:00","640.000","700.000","590.000","590.000","1.32","2026-09-01 16:59:59","2026-09-02 00:59:59","883.10000","11","1.29","865.40000"
"all-available","Asia/Taipei","BTCUSDT","BTC-260902-78000-P","2026-09-02","78000","PUT","1h","2026-09-01 17:00:00","2026-09-02 01:00:00","800.000","800.000","800.000","800.000","1.32","2026-09-01 17:59:59","2026-09-02 01:59:59","1056.00000","1","1.32","1056.00000"
"all-available","Asia/Taipei","BTCUSDT","BTC-260902-78000-P","2026-09-02","78000","PUT","1h","2026-09-01 18:00:00","2026-09-02 02:00:00","885.000","1600.000","885.000","1600.000","1.29","2026-09-01 18:59:59","2026-09-02 02:59:59","1980.85000","5","1.29","1980.85000"
"all-available","Asia/Taipei","BTCUSDT","BTC-260902-78000-P","2026-09-02","78000","PUT","1h","2026-09-01 19:00:00","2026-09-02 03:00:00","800.000","800.000","800.000","800.000","0.97","2026-09-01 19:59:59","2026-09-02 03:59:59","776.00000","1","0.97","776.00000"
"all-available","Asia/Taipei","BTCUSDT","BTC-260902-78000-P","2026-09-02","78000","PUT","1h","2026-09-01 20:00:00","2026-09-02 04:00:00","800.000","800.000","800.000","800.000","0.00","2026-09-01 20:59:59","2026-09-02 04:59:59","0.00000","0","0.00","0.00000"
"all-available","Asia/Taipei","BTCUSDT","BTC-260902-78000-P","2026-09-02","78000","PUT","1h","2026-09-01 21:00:00","2026-09-02 05:00:00","1000.000","1000.000","1000.000","1000.000","0.02","2026-09-01 21:59:59","2026-09-02 05:59:59","20.00000","1","0.02","20.00000"
"all-available","Asia/Taipei","BTCUSDT","BTC-260902-78000-P","2026-09-02","78000","PUT","1h","2026-09-01 22:00:00","2026-09-02 06:00:00","1000.000","1000.000","1000.000","1000.000","0.00","2026-09-01 22:59:59","2026-09-02 06:59:59","0.00000","0","0.00","0.00000"
"all-available","Asia/Taipei","BTCUSDT","BTC-260902-78000-P","2026-09-02","78000","PUT","1h","2026-09-01 23:00:00","2026-09-02 07:00:00","775.000","775.000","500.000","500.000","2.97","2026-09-01 23:59:59","2026-09-02 07:59:59","2274.25000","10","2.97","2274.25000"
"all-available","Asia/Taipei","BTCUSDT","BTC-260902-78000-P","2026-09-02","78000","PUT","1h","2026-09-02 00:00:00","2026-09-02 08:00:00","650.000","785.000","650.000","785.000","0.02","2026-09-02 00:59:59","2026-09-02 08:59:59","14.35000","2","0.02","14.35000"
"all-available","Asia/Taipei","BTCUSDT","BTC-260902-78000-P","2026-09-02","78000","PUT","1h","2026-09-02 01:00:00","2026-09-02 09:00:00","785.000","785.000","785.000","785.000","0.00","2026-09-02 01:59:59","2026-09-02 09:59:59","0.00000","0","0.00","0.00000"
"all-available","Asia/Taipei","BTCUSDT","BTC-260902-78000-P","2026-09-02","78000","PUT","1h","2026-09-02 02:00:00","2026-09-02 10:00:00","785.000","785.000","785.000","785.000","0.00","2026-09-02 02:59:59","2026-09-02 10:59:59","0.00000","0","0.00","0.00000"
"all-available","Asia/Taipei","BTCUSDT","BTC-260902-78000-P","2026-09-02","78000","PUT","1h","2026-09-02 03:00:00","2026-09-02 11:00:00","785.000","785.000","785.000","785.000","0.00","2026-09-02 03:59:59","2026-09-02 11:59:59","0.00000","0","0.00","0.00000"
"all-available","Asia/Taipei","BTCUSDT","BTC-260902-78000-P","2026-09-02","78000","PUT","1h","2026-09-02 04:00:00","2026-09-02 12:00:00","785.000","785.000","785.000","785.000","0.00","2026-09-02 04:59:59","2026-09-02 12:59:59","0.00000","0","0.00","0.00000"
"all-available","Asia/Taipei","BTCUSDT","BTC-260902-78000-P","2026-09-02","78000","PUT","1h","2026-09-02 05:00:00","2026-09-02 13:00:00","490.000","490.000","490.000","490.000","0.01","2026-09-02 05:59:59","2026-09-02 13:59:59","4.90000","1","0.01","4.90000"
"all-available","Asia/Taipei","BTCUSDT","BTC-260902-78000-P","2026-09-02","78000","PUT","1h","2026-09-02 06:00:00","2026-09-02 14:00:00","490.000","490.000","490.000","490.000","0.09","2026-09-02 06:59:59","2026-09-02 14:59:59","44.10000","3","0.09","44.10000"
"all-available","Asia/Taipei","BTCUSDT","BTC-260902-78000-P","2026-09-02","78000","PUT","1h","2026-09-02 07:00:00","2026-09-02 15:00:00","490.000","490.000","490.000","490.000","0.00","2026-09-02 07:59:59","2026-09-02 15:59:59","0.00000","0","0.00","0.00000"
"all-available","Asia/Taipei","BTCUSDT","BTC-260902-78250-C","2026-09-02","78250","CALL","1h","2026-08-31 10:00:00","2026-08-31 18:00:00","760.000","760.000","760.000","760.000","0.47","2026-08-31 10:59:59","2026-08-31 18:59:59","357.20000","1","0.47","357.20000"
"all-available","Asia/Taipei","BTCUSDT","BTC-260902-78250-C","2026-09-02","78250","CALL","1h","2026-08-31 11:00:00","2026-08-31 19:00:00","785.000","785.000","785.000","785.000","0.01","2026-08-31 11:59:59","2026-08-31 19:59:59","7.85000","1","0.01","7.85000"
"all-available","Asia/Taipei","BTCUSDT","BTC-260902-78250-C","2026-09-02","78250","CALL","1h","2026-08-31 12:00:00","2026-08-31 20:00:00","785.000","785.000","785.000","785.000","0.00","2026-08-31 12:59:59","2026-08-31 20:59:59","0.00000","0","0.00","0.00000"
"all-available","Asia/Taipei","BTCUSDT","BTC-260902-78250-C","2026-09-02","78250","CALL","1h","2026-08-31 13:00:00","2026-08-31 21:00:00","595.000","695.000","550.000","580.000","0.84","2026-08-31 13:59:59","2026-08-31 21:59:59","481.45000","5","0.83","474.50000"
"all-available","Asia/Taipei","BTCUSDT","BTC-260902-78250-C","2026-09-02","78250","CALL","1h","2026-08-31 14:00:00","2026-08-31 22:00:00","570.000","790.000","570.000","790.000","4.88","2026-08-31 14:59:59","2026-08-31 22:59:59","3037.60000","5","4.40","2746.00000"
"all-available","Asia/Taipei","BTCUSDT","BTC-260902-78250-C","2026-09-02","78250","CALL","1h","2026-08-31 15:00:00","2026-08-31 23:00:00","790.000","790.000","790.000","790.000","0.00","2026-08-31 15:59:59","2026-08-31 23:59:59","0.00000","0","0.00","0.00000"
"all-available","Asia/Taipei","BTCUSDT","BTC-260902-78250-C","2026-09-02","78250","CALL","1h","2026-08-31 16:00:00","2026-09-01 00:00:00","790.000","790.000","790.000","790.000","0.00","2026-08-31 16:59:59","2026-09-01 00:59:59","0.00000","0","0.00","0.00000"
"all-available","Asia/Taipei","BTCUSDT","BTC-260902-78250-C","2026-09-02","78250","CALL","1h","2026-08-31 17:00:00","2026-09-01 01:00:00","790.000","790.000","790.000","790.000","0.00","2026-08-31 17:59:59","2026-09-01 01:59:59","0.00000","0","0.00","0.00000"
"all-available","Asia/Taipei","BTCUSDT","BTC-260902-78250-C","2026-09-02","78250","CALL","1h","2026-08-31 18:00:00","2026-09-01 02:00:00","790.000","790.000","790.000","790.000","0.00","2026-08-31 18:59:59","2026-09-01 02:59:59","0.00000","0","0.00","0.00000"
"all-available","Asia/Taipei","BTCUSDT","BTC-260902-78250-C","2026-09-02","78250","CALL","1h","2026-08-31 19:00:00","2026-09-01 03:00:00","790.000","790.000","790.000","790.000","0.00","2026-08-31 19:59:59","2026-09-01 03:59:59","0.00000","0","0.00","0.00000"
"all-available","Asia/Taipei","BTCUSDT","BTC-260902-78250-C","2026-09-02","78250","CALL","1h","2026-08-31 20:00:00","2026-09-01 04:00:00","790.000","790.000","790.000","790.000","0.00","2026-08-31 20:59:59","2026-09-01 04:59:59","0.00000","0","0.00","0.00000"
"all-available","Asia/Taipei","BTCUSDT","BTC-260902-78250-C","2026-09-02","78250","CALL","1h","2026-08-31 21:00:00","2026-09-01 05:00:00","790.000","790.000","790.000","790.000","0.00","2026-08-31 21:59:59","2026-09-01 05:59:59","0.00000","0","0.00","0.00000"
"all-available","Asia/Taipei","BTCUSDT","BTC-260902-78250-C","2026-09-02","78250","CALL","1h","2026-08-31 22:00:00","2026-09-01 06:00:00","790.000","790.000","790.000","790.000","0.00","2026-08-31 22:59:59","2026-09-01 06:59:59","0.00000","0","0.00","0.00000"
"all-available","Asia/Taipei","BTCUSDT","BTC-260902-78250-C","2026-09-02","78250","CALL","1h","2026-08-31 23:00:00","2026-09-01 07:00:00","790.000","790.000","790.000","790.000","0.00","2026-08-31 23:59:59","2026-09-01 07:59:59","0.00000","0","0.00","0.00000"
"all-available","Asia/Taipei","BTCUSDT","BTC-260902-78250-C","2026-09-02","78250","CALL","1h","2026-09-01 00:00:00","2026-09-01 08:00:00","790.000","790.000","790.000","790.000","0.00","2026-09-01 00:59:59","2026-09-01 08:59:59","0.00000","0","0.00","0.00000"
"all-available","Asia/Taipei","BTCUSDT","BTC-260902-78250-C","2026-09-02","78250","CALL","1h","2026-09-01 01:00:00","2026-09-01 09:00:00","790.000","790.000","790.000","790.000","0.00","2026-09-01 01:59:59","2026-09-01 09:59:59","0.00000","0","0.00","0.00000"
"all-available","Asia/Taipei","BTCUSDT","BTC-260902-78250-C","2026-09-02","78250","CALL","1h","2026-09-01 02:00:00","2026-09-01 10:00:00","630.000","650.000","630.000","650.000","0.67","2026-09-01 02:59:59","2026-09-01 10:59:59","424.30000","3","0.67","424.30000"
"all-available","Asia/Taipei","BTCUSDT","BTC-260902-78250-C","2026-09-02","78250","CALL","1h","2026-09-01 03:00:00","2026-09-01 11:00:00","650.000","650.000","650.000","650.000","0.00","2026-09-01 03:59:59","2026-09-01 11:59:59","0.00000","0","0.00","0.00000"
"all-available","Asia/Taipei","BTCUSDT","BTC-260902-78250-C","2026-09-02","78250","CALL","1h","2026-09-01 04:00:00","2026-09-01 12:00:00","650.000","650.000","650.000","650.000","0.00","2026-09-01 04:59:59","2026-09-01 12:59:59","0.00000","0","0.00","0.00000"
"all-available","Asia/Taipei","BTCUSDT","BTC-260902-78250-C","2026-09-02","78250","CALL","1h","2026-09-01 05:00:00","2026-09-01 13:00:00","650.000","650.000","650.000","650.000","0.00","2026-09-01 05:59:59","2026-09-01 13:59:59","0.00000","0","0.00","0.00000"
"all-available","Asia/Taipei","BTCUSDT","BTC-260902-78250-C","2026-09-02","78250","CALL","1h","2026-09-01 06:00:00","2026-09-01 14:00:00","650.000","650.000","650.000","650.000","0.00","2026-09-01 06:59:59","2026-09-01 14:59:59","0.00000","0","0.00","0.00000"
"all-available","Asia/Taipei","BTCUSDT","BTC-260902-78250-C","2026-09-02","78250","CALL","1h","2026-09-01 07:00:00","2026-09-01 15:00:00","720.000","720.000","720.000","720.000","3.00","2026-09-01 07:59:59","2026-09-01 15:59:59","2160.00000","3","0.00","0.00000"
"all-available","Asia/Taipei","BTCUSDT","BTC-260902-78250-C","2026-09-02","78250","CALL","1h","2026-09-01 08:00:00","2026-09-01 16:00:00","680.000","680.000","330.000","330.000","13.53","2026-09-01 08:59:59","2026-09-01 16:59:59","6433.80000","23","7.03","3908.70000"
"all-available","Asia/Taipei","BTCUSDT","BTC-260902-78250-C","2026-09-02","78250","CALL","1h","2026-09-01 09:00:00","2026-09-01 17:00:00","335.000","370.000","335.000","365.000","1.33","2026-09-01 09:59:59","2026-09-01 17:59:59","449.55000","4","0.32","110.90000"
"all-available","Asia/Taipei","BTCUSDT","BTC-260902-78250-C","2026-09-02","78250","CALL","1h","2026-09-01 10:00:00","2026-09-01 18:00:00","365.000","450.000","340.000","440.000","0.52","2026-09-01 10:59:59","2026-09-01 18:59:59","194.40000","7","0.38","139.30000"
"all-available","Asia/Taipei","BTCUSDT","BTC-260902-78250-C","2026-09-02","78250","CALL","1h","2026-09-01 11:00:00","2026-09-01 19:00:00","370.000","370.000","345.000","365.000","1.70","2026-09-01 11:59:59","2026-09-01 19:59:59","596.95000","5","1.33","461.60000"
"all-available","Asia/Taipei","BTCUSDT","BTC-260902-78250-C","2026-09-02","78250","CALL","1h","2026-09-01 12:00:00","2026-09-01 20:00:00","345.000","360.000","325.000","360.000","0.13","2026-09-01 12:59:59","2026-09-01 20:59:59","45.10000","6","0.13","45.10000"
"all-available","Asia/Taipei","BTCUSDT","BTC-260902-78250-C","2026-09-02","78250","CALL","1h","2026-09-01 13:00:00","2026-09-01 21:00:00","305.000","390.000","250.000","350.000","6.25","2026-09-01 13:59:59","2026-09-01 21:59:59","1617.95000","13","5.98","1548.25000"
"all-available","Asia/Taipei","BTCUSDT","BTC-260902-78250-C","2026-09-02","78250","CALL","1h","2026-09-01 14:00:00","2026-09-01 22:00:00","435.000","500.000","410.000","490.000","10.32","2026-09-01 14:59:59","2026-09-01 22:59:59","4729.90000","13","8.03","3787.45000"
"all-available","Asia/Taipei","BTCUSDT","BTC-260902-78250-C","2026-09-02","78250","CALL","1h","2026-09-01 15:00:00","2026-09-01 23:00:00","330.000","330.000","230.000","295.000","6.92","2026-09-01 15:59:59","2026-09-01 23:59:59","1767.20000","17","4.53","1157.55000"
"all-available","Asia/Taipei","BTCUSDT","BTC-260902-78250-C","2026-09-02","78250","CALL","1h","2026-09-01 16:00:00","2026-09-02 00:00:00","235.000","235.000","135.000","140.000","0.59","2026-09-01 16:59:59","2026-09-02 00:59:59","113.60000","7","0.02","2.70000"
"all-available","Asia/Taipei","BTCUSDT","BTC-260902-78250-C","2026-09-02","78250","CALL","1h","2026-09-01 17:00:00","2026-09-02 01:00:00","125.000","140.000","125.000","140.000","2.19","2026-09-01 17:59:59","2026-09-02 01:59:59","288.75000","3","1.19","148.75000"
"all-available","Asia/Taipei","BTCUSDT","BTC-260902-78250-C","2026-09-02","78250","CALL","1h","2026-09-01 18:00:00","2026-09-02 02:00:00","85.000","85.000","35.000","55.000","23.18","2026-09-01 18:59:59","2026-09-02 02:59:59","1327.45000","22","22.44","1285.80000"
"all-available","Asia/Taipei","BTCUSDT","BTC-260902-78250-C","2026-09-02","78250","CALL","1h","2026-09-01 19:00:00","2026-09-02 03:00:00","60.000","80.000","60.000","75.000","9.42","2026-09-01 19:59:59","2026-09-02 03:59:59","742.60000","7","1.00","75.00000"
"all-available","Asia/Taipei","BTCUSDT","BTC-260902-78250-C","2026-09-02","78250","CALL","1h","2026-09-01 20:00:00","2026-09-02 04:00:00","90.000","90.000","90.000","90.000","1.00","2026-09-01 20:59:59","2026-09-02 04:59:59","90.00000","1","1.00","90.00000"
"all-available","Asia/Taipei","BTCUSDT","BTC-260902-78250-C","2026-09-02","78250","CALL","1h","2026-09-01 21:00:00","2026-09-02 05:00:00","55.000","55.000","55.000","55.000","0.02","2026-09-01 21:59:59","2026-09-02 05:59:59","1.10000","1","0.02","1.10000"
"all-available","Asia/Taipei","BTCUSDT","BTC-260902-78250-C","2026-09-02","78250","CALL","1h","2026-09-01 22:00:00","2026-09-02 06:00:00","45.000","45.000","40.000","40.000","14.09","2026-09-01 22:59:59","2026-09-02 06:59:59","566.00000","12","13.21","528.40000"
"all-available","Asia/Taipei","BTCUSDT","BTC-260902-78250-C","2026-09-02","78250","CALL","1h","2026-09-01 23:00:00","2026-09-02 07:00:00","45.000","55.000","35.000","55.000","6.04","2026-09-01 23:59:59","2026-09-02 07:59:59","270.25000","17","5.48","250.65000"
"all-available","Asia/Taipei","BTCUSDT","BTC-260902-78250-C","2026-09-02","78250","CALL","1h","2026-09-02 00:00:00","2026-09-02 08:00:00","40.000","40.000","10.000","10.000","35.15","2026-09-02 00:59:59","2026-09-02 08:59:59","673.80000","44","22.39","530.95000"
"all-available","Asia/Taipei","BTCUSDT","BTC-260902-78250-C","2026-09-02","78250","CALL","1h","2026-09-02 01:00:00","2026-09-02 09:00:00","15.000","15.000","5.000","5.000","4.99","2026-09-02 01:59:59","2026-09-02 09:59:59","58.40000","15","3.99","53.40000"
"all-available","Asia/Taipei","BTCUSDT","BTC-260902-78250-C","2026-09-02","78250","CALL","1h","2026-09-02 02:00:00","2026-09-02 10:00:00","10.000","15.000","10.000","15.000","10.67","2026-09-02 02:59:59","2026-09-02 10:59:59","108.20000","9","10.67","108.20000"
"all-available","Asia/Taipei","BTCUSDT","BTC-260902-78250-C","2026-09-02","78250","CALL","1h","2026-09-02 03:00:00","2026-09-02 11:00:00","10.000","45.000","10.000","30.000","16.47","2026-09-02 03:59:59","2026-09-02 11:59:59","491.80000","17","2.88","73.80000"
"all-available","Asia/Taipei","BTCUSDT","BTC-260902-78250-C","2026-09-02","78250","CALL","1h","2026-09-02 04:00:00","2026-09-02 12:00:00","5.000","5.000","5.000","5.000","47.65","2026-09-02 04:59:59","2026-09-02 12:59:59","238.25000","33","42.01","210.05000"
"all-available","Asia/Taipei","BTCUSDT","BTC-260902-78250-C","2026-09-02","78250","CALL","1h","2026-09-02 05:00:00","2026-09-02 13:00:00","5.000","10.000","5.000","10.000","18.47","2026-09-02 05:59:59","2026-09-02 13:59:59","102.85000","14","17.47","92.85000"
"all-available","Asia/Taipei","BTCUSDT","BTC-260902-78250-C","2026-09-02","78250","CALL","1h","2026-09-02 06:00:00","2026-09-02 14:00:00","5.000","5.000","5.000","5.000","7.25","2026-09-02 06:59:59","2026-09-02 14:59:59","36.25000","8","0.02","0.10000"
"all-available","Asia/Taipei","BTCUSDT","BTC-260902-78250-C","2026-09-02","78250","CALL","1h","2026-09-02 07:00:00","2026-09-02 15:00:00","5.000","5.000","5.000","5.000","5.59","2026-09-02 07:59:59","2026-09-02 15:59:59","27.95000","7","5.59","27.95000"
"all-available","Asia/Taipei","BTCUSDT","BTC-260902-78250-P","2026-09-02","78250","PUT","1h","2026-08-31 10:00:00","2026-08-31 18:00:00","515.000","515.000","515.000","515.000","1.33","2026-08-31 10:59:59","2026-08-31 18:59:59","684.95000","1","0.00","0.00000"
"all-available","Asia/Taipei","BTCUSDT","BTC-260902-78250-P","2026-09-02","78250","PUT","1h","2026-08-31 11:00:00","2026-08-31 19:00:00","515.000","515.000","515.000","515.000","0.00","2026-08-31 11:59:59","2026-08-31 19:59:59","0.00000","0","0.00","0.00000"
"all-available","Asia/Taipei","BTCUSDT","BTC-260902-78250-P","2026-09-02","78250","PUT","1h","2026-08-31 12:00:00","2026-08-31 20:00:00","625.000","625.000","625.000","625.000","0.01","2026-08-31 12:59:59","2026-08-31 20:59:59","6.25000","1","0.00","0.00000"
"all-available","Asia/Taipei","BTCUSDT","BTC-260902-78250-P","2026-09-02","78250","PUT","1h","2026-08-31 13:00:00","2026-08-31 21:00:00","855.000","855.000","745.000","745.000","0.38","2026-08-31 13:59:59","2026-08-31 21:59:59","289.70000","2","0.06","51.30000"
"all-available","Asia/Taipei","BTCUSDT","BTC-260902-78250-P","2026-09-02","78250","PUT","1h","2026-08-31 14:00:00","2026-08-31 22:00:00","650.000","650.000","650.000","650.000","0.42","2026-08-31 14:59:59","2026-08-31 22:59:59","273.00000","1","0.00","0.00000"
"all-available","Asia/Taipei","BTCUSDT","BTC-260902-78250-P","2026-09-02","78250","PUT","1h","2026-08-31 15:00:00","2026-08-31 23:00:00","560.000","560.000","520.000","520.000","0.55","2026-08-31 15:59:59","2026-08-31 23:59:59","296.80000","2","0.00","0.00000"
"all-available","Asia/Taipei","BTCUSDT","BTC-260902-78250-P","2026-09-02","78250","PUT","1h","2026-08-31 16:00:00","2026-09-01 00:00:00","520.000","520.000","520.000","520.000","0.00","2026-08-31 16:59:59","2026-09-01 00:59:59","0.00000","0","0.00","0.00000"
"all-available","Asia/Taipei","BTCUSDT","BTC-260902-78250-P","2026-09-02","78250","PUT","1h","2026-08-31 17:00:00","2026-09-01 01:00:00","520.000","520.000","520.000","520.000","0.00","2026-08-31 17:59:59","2026-09-01 01:59:59","0.00000","0","0.00","0.00000"
"all-available","Asia/Taipei","BTCUSDT","BTC-260902-78250-P","2026-09-02","78250","PUT","1h","2026-08-31 18:00:00","2026-09-01 02:00:00","320.000","320.000","320.000","320.000","0.92","2026-08-31 18:59:59","2026-09-01 02:59:59","294.40000","2","0.92","294.40000"
"all-available","Asia/Taipei","BTCUSDT","BTC-260902-78250-P","2026-09-02","78250","PUT","1h","2026-08-31 19:00:00","2026-09-01 03:00:00","320.000","320.000","320.000","320.000","0.00","2026-08-31 19:59:59","2026-09-01 03:59:59","0.00000","0","0.00","0.00000"
"all-available","Asia/Taipei","BTCUSDT","BTC-260902-78250-P","2026-09-02","78250","PUT","1h","2026-08-31 20:00:00","2026-09-01 04:00:00","375.000","375.000","375.000","375.000","3.20","2026-08-31 20:59:59","2026-09-01 04:59:59","1200.00000","1","0.00","0.00000"
"all-available","Asia/Taipei","BTCUSDT","BTC-260902-78250-P","2026-09-02","78250","PUT","1h","2026-08-31 21:00:00","2026-09-01 05:00:00","375.000","375.000","375.000","375.000","0.00","2026-08-31 21:59:59","2026-09-01 05:59:59","0.00000","0","0.00","0.00000"
"all-available","Asia/Taipei","BTCUSDT","BTC-260902-78250-P","2026-09-02","78250","PUT","1h","2026-08-31 22:00:00","2026-09-01 06:00:00","370.000","370.000","370.000","370.000","0.18","2026-08-31 22:59:59","2026-09-01 06:59:59","66.60000","1","0.00","0.00000"
"all-available","Asia/Taipei","BTCUSDT","BTC-260902-78250-P","2026-09-02","78250","PUT","1h","2026-08-31 23:00:00","2026-09-01 07:00:00","370.000","370.000","370.000","370.000","0.00","2026-08-31 23:59:59","2026-09-01 07:59:59","0.00000","0","0.00","0.00000"
"all-available","Asia/Taipei","BTCUSDT","BTC-260902-78250-P","2026-09-02","78250","PUT","1h","2026-09-01 00:00:00","2026-09-01 08:00:00","385.000","385.000","385.000","385.000","0.18","2026-09-01 00:59:59","2026-09-01 08:59:59","69.30000","2","0.00","0.00000"
"all-available","Asia/Taipei","BTCUSDT","BTC-260902-78250-P","2026-09-02","78250","PUT","1h","2026-09-01 01:00:00","2026-09-01 09:00:00","530.000","530.000","530.000","530.000","0.26","2026-09-01 01:59:59","2026-09-01 09:59:59","137.80000","2","0.26","137.80000"
"all-available","Asia/Taipei","BTCUSDT","BTC-260902-78250-P","2026-09-02","78250","PUT","1h","2026-09-01 02:00:00","2026-09-01 10:00:00","600.000","610.000","580.000","580.000","0.13","2026-09-01 02:59:59","2026-09-01 10:59:59","76.10000","3","0.13","76.10000"
"all-available","Asia/Taipei","BTCUSDT","BTC-260902-78250-P","2026-09-02","78250","PUT","1h","2026-09-01 03:00:00","2026-09-01 11:00:00","530.000","530.000","375.000","375.000","0.88","2026-09-01 03:59:59","2026-09-01 11:59:59","452.10000","6","0.62","318.25000"
"all-available","Asia/Taipei","BTCUSDT","BTC-260902-78250-P","2026-09-02","78250","PUT","1h","2026-09-01 04:00:00","2026-09-01 12:00:00","375.000","375.000","375.000","375.000","0.00","2026-09-01 04:59:59","2026-09-01 12:59:59","0.00000","0","0.00","0.00000"
"all-available","Asia/Taipei","BTCUSDT","BTC-260902-78250-P","2026-09-02","78250","PUT","1h","2026-09-01 05:00:00","2026-09-01 13:00:00","335.000","345.000","310.000","310.000","0.78","2026-09-01 05:59:59","2026-09-01 13:59:59","242.75000","6","0.03","10.25000"
"all-available","Asia/Taipei","BTCUSDT","BTC-260902-78250-P","2026-09-02","78250","PUT","1h","2026-09-01 06:00:00","2026-09-01 14:00:00","250.000","320.000","250.000","320.000","0.47","2026-09-01 06:59:59","2026-09-01 14:59:59","133.80000","6","0.47","133.80000"
"all-available","Asia/Taipei","BTCUSDT","BTC-260902-78250-P","2026-09-02","78250","PUT","1h","2026-09-01 07:00:00","2026-09-01 15:00:00","360.000","360.000","320.000","325.000","0.74","2026-09-01 07:59:59","2026-09-01 15:59:59","244.05000","8","0.47","152.25000"
"all-available","Asia/Taipei","BTCUSDT","BTC-260902-78250-P","2026-09-02","78250","PUT","1h","2026-09-01 08:00:00","2026-09-01 16:00:00","410.000","725.000","410.000","690.000","16.09","2026-09-01 08:59:59","2026-09-01 16:59:59","8818.10000","14","9.07","4210.20000"
"all-available","Asia/Taipei","BTCUSDT","BTC-260902-78250-P","2026-09-02","78250","PUT","1h","2026-09-01 09:00:00","2026-09-01 17:00:00","700.000","780.000","700.000","780.000","3.28","2026-09-01 09:59:59","2026-09-01 17:59:59","2331.50000","11","3.23","2292.50000"
"all-available","Asia/Taipei","BTCUSDT","BTC-260902-78250-P","2026-09-02","78250","PUT","1h","2026-09-01 10:00:00","2026-09-01 18:00:00","650.000","650.000","560.000","560.000","1.21","2026-09-01 10:59:59","2026-09-01 18:59:59","678.50000","2","1.20","672.00000"
"all-available","Asia/Taipei","BTCUSDT","BTC-260902-78250-P","2026-09-02","78250","PUT","1h","2026-09-01 11:00:00","2026-09-01 19:00:00","615.000","615.000","600.000","600.000","0.09","2026-09-01 11:59:59","2026-09-01 19:59:59","55.20000","2","0.01","6.00000"
"all-available","Asia/Taipei","BTCUSDT","BTC-260902-78250-P","2026-09-02","78250","PUT","1h","2026-09-01 12:00:00","2026-09-01 20:00:00","720.000","720.000","700.000","700.000","6.68","2026-09-01 12:59:59","2026-09-01 20:59:59","4716.40000","4","0.00","0.00000"
"all-available","Asia/Taipei","BTCUSDT","BTC-260902-78250-P","2026-09-02","78250","PUT","1h","2026-09-01 13:00:00","2026-09-01 21:00:00","730.000","755.000","710.000","710.000","0.23","2026-09-01 13:59:59","2026-09-01 21:59:59","170.70000","3","0.13","97.70000"
"all-available","Asia/Taipei","BTCUSDT","BTC-260902-78250-P","2026-09-02","78250","PUT","1h","2026-09-01 14:00:00","2026-09-01 22:00:00","500.000","500.000","370.000","375.000","1.35","2026-09-01 14:59:59","2026-09-01 22:59:59","671.10000","9","1.34","667.00000"
"all-available","Asia/Taipei","BTCUSDT","BTC-260902-78250-P","2026-09-02","78250","PUT","1h","2026-09-01 15:00:00","2026-09-01 23:00:00","685.000","685.000","685.000","685.000","1.00","2026-09-01 15:59:59","2026-09-01 23:59:59","685.00000","1","1.00","685.00000"
"all-available","Asia/Taipei","BTCUSDT","BTC-260902-78250-P","2026-09-02","78250","PUT","1h","2026-09-01 16:00:00","2026-09-02 00:00:00","880.000","880.000","275.000","275.000","1.06","2026-09-01 16:59:59","2026-09-02 00:59:59","327.80000","6","0.99","308.55000"
"all-available","Asia/Taipei","BTCUSDT","BTC-260902-78250-P","2026-09-02","78250","PUT","1h","2026-09-01 17:00:00","2026-09-02 01:00:00","1050.000","1050.000","1050.000","1050.000","0.01","2026-09-01 17:59:59","2026-09-02 01:59:59","10.50000","1","0.01","10.50000"
"all-available","Asia/Taipei","BTCUSDT","BTC-260902-78250-P","2026-09-02","78250","PUT","1h","2026-09-01 18:00:00","2026-09-02 02:00:00","1050.000","1050.000","1050.000","1050.000","0.00","2026-09-01 18:59:59","2026-09-02 02:59:59","0.00000","0","0.00","0.00000"
"all-available","Asia/Taipei","BTCUSDT","BTC-260902-78250-P","2026-09-02","78250","PUT","1h","2026-09-01 19:00:00","2026-09-02 03:00:00","1050.000","1050.000","1050.000","1050.000","0.00","2026-09-01 19:59:59","2026-09-02 03:59:59","0.00000","0","0.00","0.00000"
"all-available","Asia/Taipei","BTCUSDT","BTC-260902-78250-P","2026-09-02","78250","PUT","1h","2026-09-01 20:00:00","2026-09-02 04:00:00","1050.000","1050.000","1050.000","1050.000","0.00","2026-09-01 20:59:59","2026-09-02 04:59:59","0.00000","0","0.00","0.00000"
"all-available","Asia/Taipei","BTCUSDT","BTC-260902-78250-P","2026-09-02","78250","PUT","1h","2026-09-01 21:00:00","2026-09-02 05:00:00","1050.000","1050.000","1050.000","1050.000","0.00","2026-09-01 21:59:59","2026-09-02 05:59:59","0.00000","0","0.00","0.00000"
"all-available","Asia/Taipei","BTCUSDT","BTC-260902-78250-P","2026-09-02","78250","PUT","1h","2026-09-01 22:00:00","2026-09-02 06:00:00","1050.000","1050.000","1050.000","1050.000","0.00","2026-09-01 22:59:59","2026-09-02 06:59:59","0.00000","0","0.00","0.00000"
"all-available","Asia/Taipei","BTCUSDT","BTC-260902-78250-P","2026-09-02","78250","PUT","1h","2026-09-01 23:00:00","2026-09-02 07:00:00","1000.000","1000.000","1000.000","1000.000","0.92","2026-09-01 23:59:59","2026-09-02 07:59:59","920.00000","2","0.92","920.00000"
"all-available","Asia/Taipei","BTCUSDT","BTC-260902-78250-P","2026-09-02","78250","PUT","1h","2026-09-02 00:00:00","2026-09-02 08:00:00","1000.000","1000.000","1000.000","1000.000","0.00","2026-09-02 00:59:59","2026-09-02 08:59:59","0.00000","0","0.00","0.00000"
"all-available","Asia/Taipei","BTCUSDT","BTC-260902-78250-P","2026-09-02","78250","PUT","1h","2026-09-02 01:00:00","2026-09-02 09:00:00","1000.000","1000.000","1000.000","1000.000","0.00","2026-09-02 01:59:59","2026-09-02 09:59:59","0.00000","0","0.00","0.00000"
"all-available","Asia/Taipei","BTCUSDT","BTC-260902-78250-P","2026-09-02","78250","PUT","1h","2026-09-02 02:00:00","2026-09-02 10:00:00","1000.000","1000.000","1000.000","1000.000","0.00","2026-09-02 02:59:59","2026-09-02 10:59:59","0.00000","0","0.00","0.00000"
"all-available","Asia/Taipei","BTCUSDT","BTC-260902-78250-P","2026-09-02","78250","PUT","1h","2026-09-02 03:00:00","2026-09-02 11:00:00","1000.000","1000.000","1000.000","1000.000","0.00","2026-09-02 03:59:59","2026-09-02 11:59:59","0.00000","0","0.00","0.00000"
"all-available","Asia/Taipei","BTCUSDT","BTC-260902-78250-P","2026-09-02","78250","PUT","1h","2026-09-02 04:00:00","2026-09-02 12:00:00","855.000","855.000","855.000","855.000","0.02","2026-09-02 04:59:59","2026-09-02 12:59:59","17.10000","2","0.02","17.10000"
"all-available","Asia/Taipei","BTCUSDT","BTC-260902-78250-P","2026-09-02","78250","PUT","1h","2026-09-02 05:00:00","2026-09-02 13:00:00","855.000","855.000","855.000","855.000","0.00","2026-09-02 05:59:59","2026-09-02 13:59:59","0.00000","0","0.00","0.00000"
"all-available","Asia/Taipei","BTCUSDT","BTC-260902-78250-P","2026-09-02","78250","PUT","1h","2026-09-02 06:00:00","2026-09-02 14:00:00","855.000","855.000","855.000","855.000","0.00","2026-09-02 06:59:59","2026-09-02 14:59:59","0.00000","0","0.00","0.00000"
"all-available","Asia/Taipei","BTCUSDT","BTC-260902-78250-P","2026-09-02","78250","PUT","1h","2026-09-02 07:00:00","2026-09-02 15:00:00","855.000","855.000","855.000","855.000","0.00","2026-09-02 07:59:59","2026-09-02 15:59:59","0.00000","0","0.00","0.00000"
"all-available","Asia/Taipei","BTCUSDT","BTC-260902-78500-C","2026-09-02","78500","CALL","1h","2026-08-30 09:00:00","2026-08-30 17:00:00","645.000","645.000","645.000","645.000","0.03","2026-08-30 09:59:59","2026-08-30 17:59:59","19.35000","1","0.03","19.35000"
"all-available","Asia/Taipei","BTCUSDT","BTC-260902-78500-C","2026-09-02","78500","CALL","1h","2026-08-30 10:00:00","2026-08-30 18:00:00","645.000","645.000","645.000","645.000","0.00","2026-08-30 10:59:59","2026-08-30 18:59:59","0.00000","0","0.00","0.00000"
"all-available","Asia/Taipei","BTCUSDT","BTC-260902-78500-C","2026-09-02","78500","CALL","1h","2026-08-30 11:00:00","2026-08-30 19:00:00","700.000","705.000","700.000","705.000","0.40","2026-08-30 11:59:59","2026-08-30 19:59:59","280.05000","2","0.40","280.05000"
"all-available","Asia/Taipei","BTCUSDT","BTC-260902-78500-C","2026-09-02","78500","CALL","1h","2026-08-30 12:00:00","2026-08-30 20:00:00","705.000","705.000","705.000","705.000","0.00","2026-08-30 12:59:59","2026-08-30 20:59:59","0.00000","0","0.00","0.00000"
"all-available","Asia/Taipei","BTCUSDT","BTC-260902-78500-C","2026-09-02","78500","CALL","1h","2026-08-30 13:00:00","2026-08-30 21:00:00","705.000","705.000","705.000","705.000","0.00","2026-08-30 13:59:59","2026-08-30 21:59:59","0.00000","0","0.00","0.00000"
"all-available","Asia/Taipei","BTCUSDT","BTC-260902-78500-C","2026-09-02","78500","CALL","1h","2026-08-30 14:00:00","2026-08-30 22:00:00","705.000","705.000","705.000","705.000","0.00","2026-08-30 14:59:59","2026-08-30 22:59:59","0.00000","0","0.00","0.00000"
"all-available","Asia/Taipei","BTCUSDT","BTC-260902-78500-C","2026-09-02","78500","CALL","1h","2026-08-30 15:00:00","2026-08-30 23:00:00","705.000","705.000","705.000","705.000","0.00","2026-08-30 15:59:59","2026-08-30 23:59:59","0.00000","0","0.00","0.00000"
"all-available","Asia/Taipei","BTCUSDT","BTC-260902-78500-C","2026-09-02","78500","CALL","1h","2026-08-30 16:00:00","2026-08-31 00:00:00","705.000","705.000","705.000","705.000","0.00","2026-08-30 16:59:59","2026-08-31 00:59:59","0.00000","0","0.00","0.00000"
"all-available","Asia/Taipei","BTCUSDT","BTC-260902-78500-C","2026-09-02","78500","CALL","1h","2026-08-30 17:00:00","2026-08-31 01:00:00","705.000","705.000","705.000","705.000","0.00","2026-08-30 17:59:59","2026-08-31 01:59:59","0.00000","0","0.00","0.00000"
"all-available","Asia/Taipei","BTCUSDT","BTC-260902-78500-C","2026-09-02","78500","CALL","1h","2026-08-30 18:00:00","2026-08-31 02:00:00","705.000","705.000","705.000","705.000","0.00","2026-08-30 18:59:59","2026-08-31 02:59:59","0.00000","0","0.00","0.00000"
"all-available","Asia/Taipei","BTCUSDT","BTC-260902-78500-C","2026-09-02","78500","CALL","1h","2026-08-30 19:00:00","2026-08-31 03:00:00","705.000","705.000","705.000","705.000","0.00","2026-08-30 19:59:59","2026-08-31 03:59:59","0.00000","0","0.00","0.00000"
"all-available","Asia/Taipei","BTCUSDT","BTC-260902-78500-C","2026-09-02","78500","CALL","1h","2026-08-30 20:00:00","2026-08-31 04:00:00","705.000","705.000","705.000","705.000","0.00","2026-08-30 20:59:59","2026-08-31 04:59:59","0.00000","0","0.00","0.00000"
"all-available","Asia/Taipei","BTCUSDT","BTC-260902-78500-C","2026-09-02","78500","CALL","1h","2026-08-30 21:00:00","2026-08-31 05:00:00","705.000","705.000","705.000","705.000","0.00","2026-08-30 21:59:59","2026-08-31 05:59:59","0.00000","0","0.00","0.00000"
"all-available","Asia/Taipei","BTCUSDT","BTC-260902-78500-C","2026-09-02","78500","CALL","1h","2026-08-30 22:00:00","2026-08-31 06:00:00","705.000","705.000","705.000","705.000","0.00","2026-08-30 22:59:59","2026-08-31 06:59:59","0.00000","0","0.00","0.00000"
"all-available","Asia/Taipei","BTCUSDT","BTC-260902-78500-C","2026-09-02","78500","CALL","1h","2026-08-30 23:00:00","2026-08-31 07:00:00","500.000","540.000","410.000","540.000","1.60","2026-08-30 23:59:59","2026-08-31 07:59:59","803.75000","7","1.30","646.00000"
"all-available","Asia/Taipei","BTCUSDT","BTC-260902-78500-C","2026-09-02","78500","CALL","1h","2026-08-31 00:00:00","2026-08-31 08:00:00","570.000","605.000","570.000","605.000","1.00","2026-08-31 00:59:59","2026-08-31 08:59:59","587.50000","2","0.50","285.00000"
"all-available","Asia/Taipei","BTCUSDT","BTC-260902-78500-C","2026-09-02","78500","CALL","1h","2026-08-31 01:00:00","2026-08-31 09:00:00","510.000","510.000","510.000","510.000","0.01","2026-08-31 01:59:59","2026-08-31 09:59:59","5.10000","1","0.00","0.00000"
"all-available","Asia/Taipei","BTCUSDT","BTC-260902-78500-C","2026-09-02","78500","CALL","1h","2026-08-31 02:00:00","2026-08-31 10:00:00","405.000","405.000","405.000","405.000","0.07","2026-08-31 02:59:59","2026-08-31 10:59:59","28.35000","1","0.07","28.35000"
"all-available","Asia/Taipei","BTCUSDT","BTC-260902-78500-C","2026-09-02","78500","CALL","1h","2026-08-31 03:00:00","2026-08-31 11:00:00","405.000","405.000","405.000","405.000","0.00","2026-08-31 03:59:59","2026-08-31 11:59:59","0.00000","0","0.00","0.00000"
"all-available","Asia/Taipei","BTCUSDT","BTC-260902-78500-C","2026-09-02","78500","CALL","1h","2026-08-31 04:00:00","2026-08-31 12:00:00","405.000","405.000","405.000","405.000","0.00","2026-08-31 04:59:59","2026-08-31 12:59:59","0.00000","0","0.00","0.00000"
"all-available","Asia/Taipei","BTCUSDT","BTC-260902-78500-C","2026-09-02","78500","CALL","1h","2026-08-31 05:00:00","2026-08-31 13:00:00","635.000","635.000","635.000","635.000","3.00","2026-08-31 05:59:59","2026-08-31 13:59:59","1905.00000","2","0.00","0.00000"
"all-available","Asia/Taipei","BTCUSDT","BTC-260902-78500-C","2026-09-02","78500","CALL","1h","2026-08-31 06:00:00","2026-08-31 14:00:00","620.000","620.000","620.000","620.000","0.16","2026-08-31 06:59:59","2026-08-31 14:59:59","99.20000","1","0.00","0.00000"
"all-available","Asia/Taipei","BTCUSDT","BTC-260902-78500-C","2026-09-02","78500","CALL","1h","2026-08-31 07:00:00","2026-08-31 15:00:00","645.000","645.000","645.000","645.000","3.00","2026-08-31 07:59:59","2026-08-31 15:59:59","1935.00000","1","3.00","1935.00000"
"all-available","Asia/Taipei","BTCUSDT","BTC-260902-78500-C","2026-09-02","78500","CALL","1h","2026-08-31 08:00:00","2026-08-31 16:00:00","605.000","605.000","525.000","575.000","1.87","2026-08-31 08:59:59","2026-08-31 16:59:59","1061.65000","4","1.84","1043.50000"
"all-available","Asia/Taipei","BTCUSDT","BTC-260902-78500-C","2026-09-02","78500","CALL","1h","2026-08-31 09:00:00","2026-08-31 17:00:00","700.000","750.000","695.000","750.000","2.20","2026-08-31 09:59:59","2026-08-31 17:59:59","1647.90000","4","2.18","1634.00000"
"all-available","Asia/Taipei","BTCUSDT","BTC-260902-78500-C","2026-09-02","78500","CALL","1h","2026-08-31 10:00:00","2026-08-31 18:00:00","750.000","750.000","750.000","750.000","0.00","2026-08-31 10:59:59","2026-08-31 18:59:59","0.00000","0","0.00","0.00000"
"all-available","Asia/Taipei","BTCUSDT","BTC-260902-78500-C","2026-09-02","78500","CALL","1h","2026-08-31 11:00:00","2026-08-31 19:00:00","680.000","680.000","650.000","650.000","0.40","2026-08-31 11:59:59","2026-08-31 19:59:59","271.40000","2","0.38","258.40000"
"all-available","Asia/Taipei","BTCUSDT","BTC-260902-78500-C","2026-09-02","78500","CALL","1h","2026-08-31 12:00:00","2026-08-31 20:00:00","680.000","695.000","530.000","530.000","2.58","2026-08-31 12:59:59","2026-08-31 20:59:59","1705.90000","5","0.57","309.10000"
"all-available","Asia/Taipei","BTCUSDT","BTC-260902-78500-C","2026-09-02","78500","CALL","1h","2026-08-31 13:00:00","2026-08-31 21:00:00","565.000","620.000","475.000","475.000","5.61","2026-08-31 13:59:59","2026-08-31 21:59:59","3124.70000","12","0.09","50.55000"
"all-available","Asia/Taipei","BTCUSDT","BTC-260902-78500-C","2026-09-02","78500","CALL","1h","2026-08-31 14:00:00","2026-08-31 22:00:00","535.000","765.000","535.000","765.000","5.99","2026-08-31 14:59:59","2026-08-31 22:59:59","3720.25000","5","5.98","3712.60000"
"all-available","Asia/Taipei","BTCUSDT","BTC-260902-78500-C","2026-09-02","78500","CALL","1h","2026-08-31 15:00:00","2026-08-31 23:00:00","775.000","775.000","775.000","775.000","2.98","2026-08-31 15:59:59","2026-08-31 23:59:59","2309.50000","1","2.98","2309.50000"
"all-available","Asia/Taipei","BTCUSDT","BTC-260902-78500-C","2026-09-02","78500","CALL","1h","2026-08-31 16:00:00","2026-09-01 00:00:00","715.000","830.000","715.000","820.000","3.43","2026-08-31 16:59:59","2026-09-01 00:59:59","2839.45000","3","3.00","2490.00000"
"all-available","Asia/Taipei","BTCUSDT","BTC-260902-78500-C","2026-09-02","78500","CALL","1h","2026-08-31 17:00:00","2026-09-01 01:00:00","650.000","930.000","650.000","930.000","3.02","2026-08-31 17:59:59","2026-09-01 01:59:59","2670.80000","3","3.02","2670.80000"
"all-available","Asia/Taipei","BTCUSDT","BTC-260902-78500-C","2026-09-02","78500","CALL","1h","2026-08-31 18:00:00","2026-09-01 02:00:00","970.000","970.000","940.000","940.000","1.93","2026-08-31 18:59:59","2026-09-01 02:59:59","1844.20000","2","0.00","0.00000"
"all-available","Asia/Taipei","BTCUSDT","BTC-260902-78500-C","2026-09-02","78500","CALL","1h","2026-08-31 19:00:00","2026-09-01 03:00:00","940.000","940.000","940.000","940.000","0.00","2026-08-31 19:59:59","2026-09-01 03:59:59","0.00000","0","0.00","0.00000"
"all-available","Asia/Taipei","BTCUSDT","BTC-260902-78500-C","2026-09-02","78500","CALL","1h","2026-08-31 20:00:00","2026-09-01 04:00:00","940.000","940.000","940.000","940.000","0.00","2026-08-31 20:59:59","2026-09-01 04:59:59","0.00000","0","0.00","0.00000"
"all-available","Asia/Taipei","BTCUSDT","BTC-260902-78500-C","2026-09-02","78500","CALL","1h","2026-08-31 21:00:00","2026-09-01 05:00:00","940.000","940.000","940.000","940.000","0.00","2026-08-31 21:59:59","2026-09-01 05:59:59","0.00000","0","0.00","0.00000"
"all-available","Asia/Taipei","BTCUSDT","BTC-260902-78500-C","2026-09-02","78500","CALL","1h","2026-08-31 22:00:00","2026-09-01 06:00:00","940.000","940.000","940.000","940.000","0.00","2026-08-31 22:59:59","2026-09-01 06:59:59","0.00000","0","0.00","0.00000"
"all-available","Asia/Taipei","BTCUSDT","BTC-260902-78500-C","2026-09-02","78500","CALL","1h","2026-08-31 23:00:00","2026-09-01 07:00:00","940.000","940.000","940.000","940.000","0.00","2026-08-31 23:59:59","2026-09-01 07:59:59","0.00000","0","0.00","0.00000"
"all-available","Asia/Taipei","BTCUSDT","BTC-260902-78500-C","2026-09-02","78500","CALL","1h","2026-09-01 00:00:00","2026-09-01 08:00:00","685.000","685.000","685.000","685.000","0.03","2026-09-01 00:59:59","2026-09-01 08:59:59","20.55000","1","0.00","0.00000"
"all-available","Asia/Taipei","BTCUSDT","BTC-260902-78500-C","2026-09-02","78500","CALL","1h","2026-09-01 01:00:00","2026-09-01 09:00:00","690.000","690.000","690.000","690.000","0.20","2026-09-01 01:59:59","2026-09-01 09:59:59","138.00000","1","0.20","138.00000"
"all-available","Asia/Taipei","BTCUSDT","BTC-260902-78500-C","2026-09-02","78500","CALL","1h","2026-09-01 02:00:00","2026-09-01 10:00:00","555.000","565.000","505.000","565.000","0.42","2026-09-01 02:59:59","2026-09-01 10:59:59","218.90000","4","0.29","153.25000"
"all-available","Asia/Taipei","BTCUSDT","BTC-260902-78500-C","2026-09-02","78500","CALL","1h","2026-09-01 03:00:00","2026-09-01 11:00:00","600.000","600.000","600.000","600.000","2.22","2026-09-01 03:59:59","2026-09-01 11:59:59","1332.00000","2","2.00","1200.00000"
"all-available","Asia/Taipei","BTCUSDT","BTC-260902-78500-C","2026-09-02","78500","CALL","1h","2026-09-01 04:00:00","2026-09-01 12:00:00","720.000","720.000","720.000","720.000","0.01","2026-09-01 04:59:59","2026-09-01 12:59:59","7.20000","1","0.00","0.00000"
"all-available","Asia/Taipei","BTCUSDT","BTC-260902-78500-C","2026-09-02","78500","CALL","1h","2026-09-01 05:00:00","2026-09-01 13:00:00","1000.000","1000.000","1000.000","1000.000","0.01","2026-09-01 05:59:59","2026-09-01 13:59:59","10.00000","1","0.00","0.00000"
"all-available","Asia/Taipei","BTCUSDT","BTC-260902-78500-C","2026-09-02","78500","CALL","1h","2026-09-01 06:00:00","2026-09-01 14:00:00","795.000","795.000","795.000","795.000","3.26","2026-09-01 06:59:59","2026-09-01 14:59:59","2591.70000","4","0.00","0.00000"
"all-available","Asia/Taipei","BTCUSDT","BTC-260902-78500-C","2026-09-02","78500","CALL","1h","2026-09-01 07:00:00","2026-09-01 15:00:00","725.000","725.000","510.000","510.000","3.28","2026-09-01 07:59:59","2026-09-01 15:59:59","2079.35000","21","0.56","349.65000"
"all-available","Asia/Taipei","BTCUSDT","BTC-260902-78500-C","2026-09-02","78500","CALL","1h","2026-09-01 08:00:00","2026-09-01 16:00:00","500.000","500.000","245.000","245.000","15.37","2026-09-01 08:59:59","2026-09-01 16:59:59","4661.60000","36","9.37","2659.50000"
"all-available","Asia/Taipei","BTCUSDT","BTC-260902-78500-C","2026-09-02","78500","CALL","1h","2026-09-01 09:00:00","2026-09-01 17:00:00","270.000","285.000","255.000","285.000","1.22","2026-09-01 09:59:59","2026-09-01 17:59:59","331.55000","14","0.94","251.75000"
"all-available","Asia/Taipei","BTCUSDT","BTC-260902-78500-C","2026-09-02","78500","CALL","1h","2026-09-01 10:00:00","2026-09-01 18:00:00","280.000","345.000","250.000","335.000","4.09","2026-09-01 10:59:59","2026-09-01 18:59:59","1279.10000","13","2.83","867.50000"
"all-available","Asia/Taipei","BTCUSDT","BTC-260902-78500-C","2026-09-02","78500","CALL","1h","2026-09-01 11:00:00","2026-09-01 19:00:00","280.000","320.000","260.000","305.000","0.43","2026-09-01 11:59:59","2026-09-01 19:59:59","129.00000","5","0.36","109.50000"
"all-available","Asia/Taipei","BTCUSDT","BTC-260902-78500-C","2026-09-02","78500","CALL","1h","2026-09-01 12:00:00","2026-09-01 20:00:00","280.000","280.000","255.000","275.000","9.61","2026-09-01 12:59:59","2026-09-01 20:59:59","2626.05000","4","9.57","2615.35000"
"all-available","Asia/Taipei","BTCUSDT","BTC-260902-78500-C","2026-09-02","78500","CALL","1h","2026-09-01 13:00:00","2026-09-01 21:00:00","190.000","265.000","165.000","265.000","1.75","2026-09-01 13:59:59","2026-09-01 21:59:59","314.25000","6","1.74","312.05000"
"all-available","Asia/Taipei","BTCUSDT","BTC-260902-78500-C","2026-09-02","78500","CALL","1h","2026-09-01 14:00:00","2026-09-01 22:00:00","290.000","415.000","290.000","335.000","9.34","2026-09-01 14:59:59","2026-09-01 22:59:59","3523.25000","17","7.23","2810.45000"
"all-available","Asia/Taipei","BTCUSDT","BTC-260902-78500-C","2026-09-02","78500","CALL","1h","2026-09-01 15:00:00","2026-09-01 23:00:00","180.000","190.000","170.000","190.000","2.40","2026-09-01 15:59:59","2026-09-01 23:59:59","431.85000","11","2.36","424.45000"
"all-available","Asia/Taipei","BTCUSDT","BTC-260902-78500-C","2026-09-02","78500","CALL","1h","2026-09-01 16:00:00","2026-09-02 00:00:00","165.000","170.000","90.000","90.000","2.49","2026-09-01 16:59:59","2026-09-02 00:59:59","272.95000","14","2.40","263.45000"
"all-available","Asia/Taipei","BTCUSDT","BTC-260902-78500-C","2026-09-02","78500","CALL","1h","2026-09-01 17:00:00","2026-09-02 01:00:00","85.000","85.000","70.000","70.000","2.47","2026-09-01 17:59:59","2026-09-02 01:59:59","189.00000","8","2.12","164.50000"
"all-available","Asia/Taipei","BTCUSDT","BTC-260902-78500-C","2026-09-02","78500","CALL","1h","2026-09-01 18:00:00","2026-09-02 02:00:00","60.000","60.000","25.000","40.000","16.52","2026-09-01 18:59:59","2026-09-02 02:59:59","707.00000","43","5.58","236.70000"
"all-available","Asia/Taipei","BTCUSDT","BTC-260902-78500-C","2026-09-02","78500","CALL","1h","2026-09-01 19:00:00","2026-09-02 03:00:00","45.000","60.000","45.000","45.000","1.97","2026-09-01 19:59:59","2026-09-02 03:59:59","107.90000","12","0.10","6.00000"
"all-available","Asia/Taipei","BTCUSDT","BTC-260902-78500-C","2026-09-02","78500","CALL","1h","2026-09-01 20:00:00","2026-09-02 04:00:00","55.000","55.000","55.000","55.000","0.10","2026-09-01 20:59:59","2026-09-02 04:59:59","5.50000","1","0.10","5.50000"
"all-available","Asia/Taipei","BTCUSDT","BTC-260902-78500-C","2026-09-02","78500","CALL","1h","2026-09-01 21:00:00","2026-09-02 05:00:00","55.000","55.000","55.000","55.000","0.00","2026-09-01 21:59:59","2026-09-02 05:59:59","0.00000","0","0.00","0.00000"
"all-available","Asia/Taipei","BTCUSDT","BTC-260902-78500-C","2026-09-02","78500","CALL","1h","2026-09-01 22:00:00","2026-09-02 06:00:00","30.000","30.000","25.000","25.000","0.78","2026-09-01 22:59:59","2026-09-02 06:59:59","20.20000","8","0.00","0.00000"
"all-available","Asia/Taipei","BTCUSDT","BTC-260902-78500-C","2026-09-02","78500","CALL","1h","2026-09-01 23:00:00","2026-09-02 07:00:00","20.000","20.000","20.000","20.000","1.51","2026-09-01 23:59:59","2026-09-02 07:59:59","30.20000","5","1.51","30.20000"
"all-available","Asia/Taipei","BTCUSDT","BTC-260902-78500-C","2026-09-02","78500","CALL","1h","2026-09-02 00:00:00","2026-09-02 08:00:00","20.000","20.000","5.000","5.000","2.14","2026-09-02 00:59:59","2026-09-02 08:59:59","12.80000","7","0.14","2.80000"
"all-available","Asia/Taipei","BTCUSDT","BTC-260902-78500-C","2026-09-02","78500","CALL","1h","2026-09-02 01:00:00","2026-09-02 09:00:00","5.000","10.000","5.000","5.000","24.22","2026-09-02 01:59:59","2026-09-02 09:59:59","130.15000","17","3.82","28.15000"
"all-available","Asia/Taipei","BTCUSDT","BTC-260902-78500-C","2026-09-02","78500","CALL","1h","2026-09-02 02:00:00","2026-09-02 10:00:00","5.000","5.000","5.000","5.000","0.96","2026-09-02 02:59:59","2026-09-02 10:59:59","4.80000","4","0.96","4.80000"
"all-available","Asia/Taipei","BTCUSDT","BTC-260902-78500-C","2026-09-02","78500","CALL","1h","2026-09-02 03:00:00","2026-09-02 11:00:00","5.000","15.000","5.000","5.000","52.15","2026-09-02 03:59:59","2026-09-02 11:59:59","341.20000","25","44.37","301.80000"
"all-available","Asia/Taipei","BTCUSDT","BTC-260902-78500-C","2026-09-02","78500","CALL","1h","2026-09-02 04:00:00","2026-09-02 12:00:00","5.000","5.000","5.000","5.000","0.80","2026-09-02 04:59:59","2026-09-02 12:59:59","4.00000","1","0.80","4.00000"
"all-available","Asia/Taipei","BTCUSDT","BTC-260902-78500-C","2026-09-02","78500","CALL","1h","2026-09-02 05:00:00","2026-09-02 13:00:00","5.000","5.000","5.000","5.000","0.34","2026-09-02 05:59:59","2026-09-02 13:59:59","1.70000","5","0.34","1.70000"
"all-available","Asia/Taipei","BTCUSDT","BTC-260902-78500-C","2026-09-02","78500","CALL","1h","2026-09-02 06:00:00","2026-09-02 14:00:00","5.000","5.000","5.000","5.000","0.50","2026-09-02 06:59:59","2026-09-02 14:59:59","2.50000","1","0.50","2.50000"
"all-available","Asia/Taipei","BTCUSDT","BTC-260902-78500-C","2026-09-02","78500","CALL","1h","2026-09-02 07:00:00","2026-09-02 15:00:00","5.000","5.000","5.000","5.000","0.00","2026-09-02 07:59:59","2026-09-02 15:59:59","0.00000","0","0.00","0.00000"
"all-available","Asia/Taipei","BTCUSDT","BTC-260902-78500-P","2026-09-02","78500","PUT","1h","2026-08-30 16:00:00","2026-08-31 00:00:00","670.000","670.000","670.000","670.000","0.86","2026-08-30 16:59:59","2026-08-31 00:59:59","576.20000","2","0.86","576.20000"
"all-available","Asia/Taipei","BTCUSDT","BTC-260902-78500-P","2026-09-02","78500","PUT","1h","2026-08-30 17:00:00","2026-08-31 01:00:00","610.000","610.000","610.000","610.000","0.22","2026-08-30 17:59:59","2026-08-31 01:59:59","134.20000","1","0.22","134.20000"
"all-available","Asia/Taipei","BTCUSDT","BTC-260902-78500-P","2026-09-02","78500","PUT","1h","2026-08-30 18:00:00","2026-08-31 02:00:00","660.000","660.000","660.000","660.000","0.03","2026-08-30 18:59:59","2026-08-31 02:59:59","19.80000","1","0.03","19.80000"
"all-available","Asia/Taipei","BTCUSDT","BTC-260902-78500-P","2026-09-02","78500","PUT","1h","2026-08-30 19:00:00","2026-08-31 03:00:00","630.000","630.000","630.000","630.000","2.20","2026-08-30 19:59:59","2026-08-31 03:59:59","1386.00000","1","2.20","1386.00000"
"all-available","Asia/Taipei","BTCUSDT","BTC-260902-78500-P","2026-09-02","78500","PUT","1h","2026-08-30 20:00:00","2026-08-31 04:00:00","760.000","760.000","760.000","760.000","0.50","2026-08-30 20:59:59","2026-08-31 04:59:59","380.00000","1","0.00","0.00000"
"all-available","Asia/Taipei","BTCUSDT","BTC-260902-78500-P","2026-09-02","78500","PUT","1h","2026-08-30 21:00:00","2026-08-31 05:00:00","760.000","760.000","760.000","760.000","0.00","2026-08-30 21:59:59","2026-08-31 05:59:59","0.00000","0","0.00","0.00000"
"all-available","Asia/Taipei","BTCUSDT","BTC-260902-78500-P","2026-09-02","78500","PUT","1h","2026-08-30 22:00:00","2026-08-31 06:00:00","860.000","860.000","860.000","860.000","0.18","2026-08-30 22:59:59","2026-08-31 06:59:59","154.80000","1","0.18","154.80000"
"all-available","Asia/Taipei","BTCUSDT","BTC-260902-78500-P","2026-09-02","78500","PUT","1h","2026-08-30 23:00:00","2026-08-31 07:00:00","860.000","860.000","860.000","860.000","0.00","2026-08-30 23:59:59","2026-08-31 07:59:59","0.00000","0","0.00","0.00000"
"all-available","Asia/Taipei","BTCUSDT","BTC-260902-78500-P","2026-09-02","78500","PUT","1h","2026-08-31 00:00:00","2026-08-31 08:00:00","860.000","860.000","860.000","860.000","0.00","2026-08-31 00:59:59","2026-08-31 08:59:59","0.00000","0","0.00","0.00000"
"all-available","Asia/Taipei","BTCUSDT","BTC-260902-78500-P","2026-09-02","78500","PUT","1h","2026-08-31 01:00:00","2026-08-31 09:00:00","1135.000","1135.000","1135.000","1135.000","0.02","2026-08-31 01:59:59","2026-08-31 09:59:59","22.70000","1","0.02","22.70000"
"all-available","Asia/Taipei","BTCUSDT","BTC-260902-78500-P","2026-09-02","78500","PUT","1h","2026-08-31 02:00:00","2026-08-31 10:00:00","1135.000","1135.000","1135.000","1135.000","0.00","2026-08-31 02:59:59","2026-08-31 10:59:59","0.00000","0","0.00","0.00000"
"all-available","Asia/Taipei","BTCUSDT","BTC-260902-78500-P","2026-09-02","78500","PUT","1h","2026-08-31 03:00:00","2026-08-31 11:00:00","1340.000","1340.000","1340.000","1340.000","0.02","2026-08-31 03:59:59","2026-08-31 11:59:59","26.80000","1","0.02","26.80000"
"all-available","Asia/Taipei","BTCUSDT","BTC-260902-78500-P","2026-09-02","78500","PUT","1h","2026-08-31 04:00:00","2026-08-31 12:00:00","1365.000","1365.000","1365.000","1365.000","0.02","2026-08-31 04:59:59","2026-08-31 12:59:59","27.30000","2","0.00","0.00000"
"all-available","Asia/Taipei","BTCUSDT","BTC-260902-78500-P","2026-09-02","78500","PUT","1h","2026-08-31 05:00:00","2026-08-31 13:00:00","1365.000","1365.000","1365.000","1365.000","0.00","2026-08-31 05:59:59","2026-08-31 13:59:59","0.00000","0","0.00","0.00000"
"all-available","Asia/Taipei","BTCUSDT","BTC-260902-78500-P","2026-09-02","78500","PUT","1h","2026-08-31 06:00:00","2026-08-31 14:00:00","1365.000","1365.000","1365.000","1365.000","0.00","2026-08-31 06:59:59","2026-08-31 14:59:59","0.00000","0","0.00","0.00000"
"all-available","Asia/Taipei","BTCUSDT","BTC-260902-78500-P","2026-09-02","78500","PUT","1h","2026-08-31 07:00:00","2026-08-31 15:00:00","910.000","910.000","910.000","910.000","0.01","2026-08-31 07:59:59","2026-08-31 15:59:59","9.10000","1","0.00","0.00000"
"all-available","Asia/Taipei","BTCUSDT","BTC-260902-78500-P","2026-09-02","78500","PUT","1h","2026-08-31 08:00:00","2026-08-31 16:00:00","910.000","910.000","910.000","910.000","0.00","2026-08-31 08:59:59","2026-08-31 16:59:59","0.00000","0","0.00","0.00000"
"all-available","Asia/Taipei","BTCUSDT","BTC-260902-78500-P","2026-09-02","78500","PUT","1h","2026-08-31 09:00:00","2026-08-31 17:00:00","665.000","665.000","590.000","630.000","3.20","2026-08-31 09:59:59","2026-08-31 17:59:59","2036.60000","6","2.72","1717.40000"
"all-available","Asia/Taipei","BTCUSDT","BTC-260902-78500-P","2026-09-02","78500","PUT","1h","2026-08-31 10:00:00","2026-08-31 18:00:00","710.000","710.000","710.000","710.000","0.11","2026-08-31 10:59:59","2026-08-31 18:59:59","78.10000","1","0.11","78.10000"
"all-available","Asia/Taipei","BTCUSDT","BTC-260902-78500-P","2026-09-02","78500","PUT","1h","2026-08-31 11:00:00","2026-08-31 19:00:00","710.000","710.000","710.000","710.000","0.00","2026-08-31 11:59:59","2026-08-31 19:59:59","0.00000","0","0.00","0.00000"
"all-available","Asia/Taipei","BTCUSDT","BTC-260902-78500-P","2026-09-02","78500","PUT","1h","2026-08-31 12:00:00","2026-08-31 20:00:00","710.000","710.000","710.000","710.000","0.00","2026-08-31 12:59:59","2026-08-31 20:59:59","0.00000","0","0.00","0.00000"
"all-available","Asia/Taipei","BTCUSDT","BTC-260902-78500-P","2026-09-02","78500","PUT","1h","2026-08-31 13:00:00","2026-08-31 21:00:00","940.000","940.000","940.000","940.000","3.00","2026-08-31 13:59:59","2026-08-31 21:59:59","2820.00000","1","0.00","0.00000"
"all-available","Asia/Taipei","BTCUSDT","BTC-260902-78500-P","2026-09-02","78500","PUT","1h","2026-08-31 14:00:00","2026-08-31 22:00:00","940.000","940.000","940.000","940.000","0.00","2026-08-31 14:59:59","2026-08-31 22:59:59","0.00000","0","0.00","0.00000"
"all-available","Asia/Taipei","BTCUSDT","BTC-260902-78500-P","2026-09-02","78500","PUT","1h","2026-08-31 15:00:00","2026-08-31 23:00:00","825.000","825.000","600.000","600.000","0.07","2026-08-31 15:59:59","2026-08-31 23:59:59","55.50000","2","0.00","0.00000"
"all-available","Asia/Taipei","BTCUSDT","BTC-260902-78500-P","2026-09-02","78500","PUT","1h","2026-08-31 16:00:00","2026-09-01 00:00:00","645.000","645.000","545.000","605.000","0.31","2026-08-31 16:59:59","2026-09-01 00:59:59","185.15000","3","0.00","0.00000"
"all-available","Asia/Taipei","BTCUSDT","BTC-260902-78500-P","2026-09-02","78500","PUT","1h","2026-08-31 17:00:00","2026-09-01 01:00:00","605.000","605.000","605.000","605.000","0.00","2026-08-31 17:59:59","2026-09-01 01:59:59","0.00000","0","0.00","0.00000"
"all-available","Asia/Taipei","BTCUSDT","BTC-260902-78500-P","2026-09-02","78500","PUT","1h","2026-08-31 18:00:00","2026-09-01 02:00:00","405.000","405.000","395.000","395.000","2.25","2026-08-31 18:59:59","2026-09-01 02:59:59","891.85000","2","1.94","766.30000"
"all-available","Asia/Taipei","BTCUSDT","BTC-260902-78500-P","2026-09-02","78500","PUT","1h","2026-08-31 19:00:00","2026-09-01 03:00:00","395.000","395.000","395.000","395.000","0.00","2026-08-31 19:59:59","2026-09-01 03:59:59","0.00000","0","0.00","0.00000"
"all-available","Asia/Taipei","BTCUSDT","BTC-260902-78500-P","2026-09-02","78500","PUT","1h","2026-08-31 20:00:00","2026-09-01 04:00:00","415.000","455.000","415.000","455.000","0.40","2026-08-31 20:59:59","2026-09-01 04:59:59","174.00000","3","0.40","174.00000"
"all-available","Asia/Taipei","BTCUSDT","BTC-260902-78500-P","2026-09-02","78500","PUT","1h","2026-08-31 21:00:00","2026-09-01 05:00:00","455.000","455.000","455.000","455.000","0.00","2026-08-31 21:59:59","2026-09-01 05:59:59","0.00000","0","0.00","0.00000"
"all-available","Asia/Taipei","BTCUSDT","BTC-260902-78500-P","2026-09-02","78500","PUT","1h","2026-08-31 22:00:00","2026-09-01 06:00:00","460.000","460.000","460.000","460.000","0.20","2026-08-31 22:59:59","2026-09-01 06:59:59","92.00000","2","0.00","0.00000"
"all-available","Asia/Taipei","BTCUSDT","BTC-260902-78500-P","2026-09-02","78500","PUT","1h","2026-08-31 23:00:00","2026-09-01 07:00:00","460.000","460.000","460.000","460.000","0.00","2026-08-31 23:59:59","2026-09-01 07:59:59","0.00000","0","0.00","0.00000"
"all-available","Asia/Taipei","BTCUSDT","BTC-260902-78500-P","2026-09-02","78500","PUT","1h","2026-09-01 00:00:00","2026-09-01 08:00:00","610.000","610.000","485.000","485.000","2.88","2026-09-01 00:59:59","2026-09-01 08:59:59","1413.50000","6","2.66","1298.20000"
"all-available","Asia/Taipei","BTCUSDT","BTC-260902-78500-P","2026-09-02","78500","PUT","1h","2026-09-01 01:00:00","2026-09-01 09:00:00","655.000","655.000","655.000","655.000","0.22","2026-09-01 01:59:59","2026-09-01 09:59:59","144.10000","2","0.22","144.10000"
"all-available","Asia/Taipei","BTCUSDT","BTC-260902-78500-P","2026-09-02","78500","PUT","1h","2026-09-01 02:00:00","2026-09-01 10:00:00","665.000","665.000","665.000","665.000","0.01","2026-09-01 02:59:59","2026-09-01 10:59:59","6.65000","1","0.00","0.00000"
"all-available","Asia/Taipei","BTCUSDT","BTC-260902-78500-P","2026-09-02","78500","PUT","1h","2026-09-01 03:00:00","2026-09-01 11:00:00","655.000","655.000","555.000","555.000","0.12","2026-09-01 03:59:59","2026-09-01 11:59:59","67.60000","2","0.00","0.00000"
"all-available","Asia/Taipei","BTCUSDT","BTC-260902-78500-P","2026-09-02","78500","PUT","1h","2026-09-01 04:00:00","2026-09-01 12:00:00","555.000","555.000","555.000","555.000","0.00","2026-09-01 04:59:59","2026-09-01 12:59:59","0.00000","0","0.00","0.00000"
"all-available","Asia/Taipei","BTCUSDT","BTC-260902-78500-P","2026-09-02","78500","PUT","1h","2026-09-01 05:00:00","2026-09-01 13:00:00","365.000","365.000","365.000","365.000","0.02","2026-09-01 05:59:59","2026-09-01 13:59:59","7.30000","1","0.00","0.00000"
"all-available","Asia/Taipei","BTCUSDT","BTC-260902-78500-P","2026-09-02","78500","PUT","1h","2026-09-01 06:00:00","2026-09-01 14:00:00","340.000","400.000","340.000","400.000","0.91","2026-09-01 06:59:59","2026-09-01 14:59:59","334.75000","7","0.91","334.75000"
"all-available","Asia/Taipei","BTCUSDT","BTC-260902-78500-P","2026-09-02","78500","PUT","1h","2026-09-01 07:00:00","2026-09-01 15:00:00","460.000","460.000","405.000","415.000","7.98","2026-09-01 07:59:59","2026-09-01 15:59:59","3319.65000","28","5.01","2048.05000"
"all-available","Asia/Taipei","BTCUSDT","BTC-260902-78500-P","2026-09-02","78500","PUT","1h","2026-09-01 08:00:00","2026-09-01 16:00:00","455.000","585.000","455.000","580.000","1.34","2026-09-01 08:59:59","2026-09-01 16:59:59","646.65000","7","0.29","162.65000"
"all-available","Asia/Taipei","BTCUSDT","BTC-260902-78500-P","2026-09-02","78500","PUT","1h","2026-09-01 09:00:00","2026-09-01 17:00:00","580.000","580.000","580.000","580.000","0.00","2026-09-01 09:59:59","2026-09-01 17:59:59","0.00000","0","0.00","0.00000"
"all-available","Asia/Taipei","BTCUSDT","BTC-260902-78500-P","2026-09-02","78500","PUT","1h","2026-09-01 10:00:00","2026-09-01 18:00:00","580.000","580.000","580.000","580.000","0.00","2026-09-01 10:59:59","2026-09-01 18:59:59","0.00000","0","0.00","0.00000"
"all-available","Asia/Taipei","BTCUSDT","BTC-260902-78500-P","2026-09-02","78500","PUT","1h","2026-09-01 11:00:00","2026-09-01 19:00:00","580.000","580.000","580.000","580.000","0.00","2026-09-01 11:59:59","2026-09-01 19:59:59","0.00000","0","0.00","0.00000"
"all-available","Asia/Taipei","BTCUSDT","BTC-260902-78500-P","2026-09-02","78500","PUT","1h","2026-09-01 12:00:00","2026-09-01 20:00:00","580.000","580.000","580.000","580.000","0.00","2026-09-01 12:59:59","2026-09-01 20:59:59","0.00000","0","0.00","0.00000"
"all-available","Asia/Taipei","BTCUSDT","BTC-260902-78500-P","2026-09-02","78500","PUT","1h","2026-09-01 13:00:00","2026-09-01 21:00:00","980.000","980.000","740.000","740.000","1.55","2026-09-01 13:59:59","2026-09-01 21:59:59","1190.20000","4","0.18","176.40000"
"all-available","Asia/Taipei","BTCUSDT","BTC-260902-78500-P","2026-09-02","78500","PUT","1h","2026-09-01 14:00:00","2026-09-01 22:00:00","510.000","565.000","505.000","505.000","4.02","2026-09-01 14:59:59","2026-09-01 22:59:59","2041.30000","3","0.02","11.30000"
"all-available","Asia/Taipei","BTCUSDT","BTC-260902-78500-P","2026-09-02","78500","PUT","1h","2026-09-01 15:00:00","2026-09-01 23:00:00","505.000","505.000","505.000","505.000","0.00","2026-09-01 15:59:59","2026-09-01 23:59:59","0.00000","0","0.00","0.00000"
"all-available","Asia/Taipei","BTCUSDT","BTC-260902-78500-P","2026-09-02","78500","PUT","1h","2026-09-01 16:00:00","2026-09-02 00:00:00","505.000","505.000","505.000","505.000","0.00","2026-09-01 16:59:59","2026-09-02 00:59:59","0.00000","0","0.00","0.00000"
"all-available","Asia/Taipei","BTCUSDT","BTC-260902-78500-P","2026-09-02","78500","PUT","1h","2026-09-01 17:00:00","2026-09-02 01:00:00","505.000","505.000","505.000","505.000","0.00","2026-09-01 17:59:59","2026-09-02 01:59:59","0.00000","0","0.00","0.00000"
"all-available","Asia/Taipei","BTCUSDT","BTC-260902-78500-P","2026-09-02","78500","PUT","1h","2026-09-01 18:00:00","2026-09-02 02:00:00","1265.000","1980.000","1265.000","1980.000","0.09","2026-09-01 18:59:59","2026-09-02 02:59:59","147.20000","4","0.08","134.55000"
"all-available","Asia/Taipei","BTCUSDT","BTC-260902-78500-P","2026-09-02","78500","PUT","1h","2026-09-01 19:00:00","2026-09-02 03:00:00","1980.000","1980.000","1980.000","1980.000","0.00","2026-09-01 19:59:59","2026-09-02 03:59:59","0.00000","0","0.00","0.00000"
"all-available","Asia/Taipei","BTCUSDT","BTC-260902-78500-P","2026-09-02","78500","PUT","1h","2026-09-01 20:00:00","2026-09-02 04:00:00","1980.000","1980.000","1980.000","1980.000","0.00","2026-09-01 20:59:59","2026-09-02 04:59:59","0.00000","0","0.00","0.00000"
"all-available","Asia/Taipei","BTCUSDT","BTC-260902-78500-P","2026-09-02","78500","PUT","1h","2026-09-01 21:00:00","2026-09-02 05:00:00","1980.000","1980.000","1980.000","1980.000","0.00","2026-09-01 21:59:59","2026-09-02 05:59:59","0.00000","0","0.00","0.00000"
"all-available","Asia/Taipei","BTCUSDT","BTC-260902-78500-P","2026-09-02","78500","PUT","1h","2026-09-01 22:00:00","2026-09-02 06:00:00","1980.000","1980.000","1980.000","1980.000","0.00","2026-09-01 22:59:59","2026-09-02 06:59:59","0.00000","0","0.00","0.00000"
"all-available","Asia/Taipei","BTCUSDT","BTC-260902-78500-P","2026-09-02","78500","PUT","1h","2026-09-01 23:00:00","2026-09-02 07:00:00","1235.000","1235.000","1235.000","1235.000","1.94","2026-09-01 23:59:59","2026-09-02 07:59:59","2395.90000","7","1.94","2395.90000"
"all-available","Asia/Taipei","BTCUSDT","BTC-260902-78500-P","2026-09-02","78500","PUT","1h","2026-09-02 00:00:00","2026-09-02 08:00:00","1235.000","1235.000","1235.000","1235.000","0.00","2026-09-02 00:59:59","2026-09-02 08:59:59","0.00000","0","0.00","0.00000"
"all-available","Asia/Taipei","BTCUSDT","BTC-260902-78500-P","2026-09-02","78500","PUT","1h","2026-09-02 01:00:00","2026-09-02 09:00:00","1235.000","1235.000","1235.000","1235.000","0.00","2026-09-02 01:59:59","2026-09-02 09:59:59","0.00000","0","0.00","0.00000"
"all-available","Asia/Taipei","BTCUSDT","BTC-260902-78500-P","2026-09-02","78500","PUT","1h","2026-09-02 02:00:00","2026-09-02 10:00:00","1235.000","1235.000","1235.000","1235.000","0.00","2026-09-02 02:59:59","2026-09-02 10:59:59","0.00000","0","0.00","0.00000"
"all-available","Asia/Taipei","BTCUSDT","BTC-260902-78500-P","2026-09-02","78500","PUT","1h","2026-09-02 03:00:00","2026-09-02 11:00:00","1235.000","1235.000","1235.000","1235.000","0.00","2026-09-02 03:59:59","2026-09-02 11:59:59","0.00000","0","0.00","0.00000"
"all-available","Asia/Taipei","BTCUSDT","BTC-260902-78500-P","2026-09-02","78500","PUT","1h","2026-09-02 04:00:00","2026-09-02 12:00:00","1235.000","1235.000","1235.000","1235.000","0.00","2026-09-02 04:59:59","2026-09-02 12:59:59","0.00000","0","0.00","0.00000"
"all-available","Asia/Taipei","BTCUSDT","BTC-260902-78500-P","2026-09-02","78500","PUT","1h","2026-09-02 05:00:00","2026-09-02 13:00:00","1235.000","1235.000","1235.000","1235.000","0.00","2026-09-02 05:59:59","2026-09-02 13:59:59","0.00000","0","0.00","0.00000"
"all-available","Asia/Taipei","BTCUSDT","BTC-260902-78500-P","2026-09-02","78500","PUT","1h","2026-09-02 06:00:00","2026-09-02 14:00:00","1055.000","1055.000","970.000","970.000","0.05","2026-09-02 06:59:59","2026-09-02 14:59:59","49.35000","2","0.01","10.55000"
"all-available","Asia/Taipei","BTCUSDT","BTC-260902-78500-P","2026-09-02","78500","PUT","1h","2026-09-02 07:00:00","2026-09-02 15:00:00","970.000","970.000","970.000","970.000","0.00","2026-09-02 07:59:59","2026-09-02 15:59:59","0.00000","0","0.00","0.00000"
"all-available","Asia/Taipei","BTCUSDT","BTC-260902-78750-C","2026-09-02","78750","CALL","1h","2026-08-31 08:00:00","2026-08-31 16:00:00","555.000","555.000","555.000","555.000","0.28","2026-08-31 08:59:59","2026-08-31 16:59:59","155.40000","1","0.28","155.40000"
"all-available","Asia/Taipei","BTCUSDT","BTC-260902-78750-C","2026-09-02","78750","CALL","1h","2026-08-31 09:00:00","2026-08-31 17:00:00","600.000","625.000","600.000","625.000","0.73","2026-08-31 09:59:59","2026-08-31 17:59:59","450.00000","3","0.73","450.00000"
"all-available","Asia/Taipei","BTCUSDT","BTC-260902-78750-C","2026-09-02","78750","CALL","1h","2026-08-31 10:00:00","2026-08-31 18:00:00","625.000","625.000","625.000","625.000","0.00","2026-08-31 10:59:59","2026-08-31 18:59:59","0.00000","0","0.00","0.00000"
"all-available","Asia/Taipei","BTCUSDT","BTC-260902-78750-C","2026-09-02","78750","CALL","1h","2026-08-31 11:00:00","2026-08-31 19:00:00","660.000","660.000","660.000","660.000","0.02","2026-08-31 11:59:59","2026-08-31 19:59:59","13.20000","1","0.02","13.20000"
"all-available","Asia/Taipei","BTCUSDT","BTC-260902-78750-C","2026-09-02","78750","CALL","1h","2026-08-31 12:00:00","2026-08-31 20:00:00","465.000","465.000","405.000","405.000","0.75","2026-08-31 12:59:59","2026-08-31 20:59:59","334.45000","4","0.75","334.45000"
"all-available","Asia/Taipei","BTCUSDT","BTC-260902-78750-C","2026-09-02","78750","CALL","1h","2026-08-31 13:00:00","2026-08-31 21:00:00","515.000","525.000","395.000","395.000","4.83","2026-08-31 13:59:59","2026-08-31 21:59:59","2493.15000","5","0.15","59.25000"
"all-available","Asia/Taipei","BTCUSDT","BTC-260902-78750-C","2026-09-02","78750","CALL","1h","2026-08-31 14:00:00","2026-08-31 22:00:00","530.000","530.000","530.000","530.000","0.29","2026-08-31 14:59:59","2026-08-31 22:59:59","153.70000","1","0.29","153.70000"
"all-available","Asia/Taipei","BTCUSDT","BTC-260902-78750-C","2026-09-02","78750","CALL","1h","2026-08-31 15:00:00","2026-08-31 23:00:00","680.000","680.000","530.000","530.000","0.02","2026-08-31 15:59:59","2026-08-31 23:59:59","12.10000","2","0.00","0.00000"
"all-available","Asia/Taipei","BTCUSDT","BTC-260902-78750-C","2026-09-02","78750","CALL","1h","2026-08-31 16:00:00","2026-09-01 00:00:00","615.000","695.000","615.000","695.000","0.06","2026-08-31 16:59:59","2026-09-01 00:59:59","40.55000","3","0.05","33.95000"
"all-available","Asia/Taipei","BTCUSDT","BTC-260902-78750-C","2026-09-02","78750","CALL","1h","2026-08-31 17:00:00","2026-09-01 01:00:00","615.000","615.000","615.000","615.000","0.04","2026-08-31 17:59:59","2026-09-01 01:59:59","24.60000","1","0.04","24.60000"
"all-available","Asia/Taipei","BTCUSDT","BTC-260902-78750-C","2026-09-02","78750","CALL","1h","2026-08-31 18:00:00","2026-09-01 02:00:00","755.000","755.000","755.000","755.000","0.39","2026-08-31 18:59:59","2026-09-01 02:59:59","294.45000","1","0.39","294.45000"
"all-available","Asia/Taipei","BTCUSDT","BTC-260902-78750-C","2026-09-02","78750","CALL","1h","2026-08-31 19:00:00","2026-09-01 03:00:00","755.000","755.000","755.000","755.000","0.00","2026-08-31 19:59:59","2026-09-01 03:59:59","0.00000","0","0.00","0.00000"
"all-available","Asia/Taipei","BTCUSDT","BTC-260902-78750-C","2026-09-02","78750","CALL","1h","2026-08-31 20:00:00","2026-09-01 04:00:00","755.000","755.000","755.000","755.000","0.00","2026-08-31 20:59:59","2026-09-01 04:59:59","0.00000","0","0.00","0.00000"
"all-available","Asia/Taipei","BTCUSDT","BTC-260902-78750-C","2026-09-02","78750","CALL","1h","2026-08-31 21:00:00","2026-09-01 05:00:00","805.000","805.000","805.000","805.000","0.16","2026-08-31 21:59:59","2026-09-01 05:59:59","128.80000","1","0.00","0.00000"
"all-available","Asia/Taipei","BTCUSDT","BTC-260902-78750-C","2026-09-02","78750","CALL","1h","2026-08-31 22:00:00","2026-09-01 06:00:00","805.000","805.000","805.000","805.000","0.00","2026-08-31 22:59:59","2026-09-01 06:59:59","0.00000","0","0.00","0.00000"
"all-available","Asia/Taipei","BTCUSDT","BTC-260902-78750-C","2026-09-02","78750","CALL","1h","2026-08-31 23:00:00","2026-09-01 07:00:00","575.000","575.000","575.000","575.000","0.25","2026-08-31 23:59:59","2026-09-01 07:59:59","143.75000","2","0.00","0.00000"
"all-available","Asia/Taipei","BTCUSDT","BTC-260902-78750-C","2026-09-02","78750","CALL","1h","2026-09-01 00:00:00","2026-09-01 08:00:00","575.000","575.000","575.000","575.000","0.00","2026-09-01 00:59:59","2026-09-01 08:59:59","0.00000","0","0.00","0.00000"
"all-available","Asia/Taipei","BTCUSDT","BTC-260902-78750-C","2026-09-02","78750","CALL","1h","2026-09-01 01:00:00","2026-09-01 09:00:00","575.000","575.000","575.000","575.000","0.00","2026-09-01 01:59:59","2026-09-01 09:59:59","0.00000","0","0.00","0.00000"
"all-available","Asia/Taipei","BTCUSDT","BTC-260902-78750-C","2026-09-02","78750","CALL","1h","2026-09-01 02:00:00","2026-09-01 10:00:00","450.000","450.000","420.000","420.000","0.05","2026-09-01 02:59:59","2026-09-01 10:59:59","21.30000","2","0.04","16.80000"
"all-available","Asia/Taipei","BTCUSDT","BTC-260902-78750-C","2026-09-02","78750","CALL","1h","2026-09-01 03:00:00","2026-09-01 11:00:00","490.000","490.000","490.000","490.000","0.02","2026-09-01 03:59:59","2026-09-01 11:59:59","9.80000","1","0.02","9.80000"
"all-available","Asia/Taipei","BTCUSDT","BTC-260902-78750-C","2026-09-02","78750","CALL","1h","2026-09-01 04:00:00","2026-09-01 12:00:00","605.000","605.000","605.000","605.000","0.02","2026-09-01 04:59:59","2026-09-01 12:59:59","12.10000","2","0.01","6.05000"
"all-available","Asia/Taipei","BTCUSDT","BTC-260902-78750-C","2026-09-02","78750","CALL","1h","2026-09-01 05:00:00","2026-09-01 13:00:00","605.000","605.000","605.000","605.000","0.00","2026-09-01 05:59:59","2026-09-01 13:59:59","0.00000","0","0.00","0.00000"
"all-available","Asia/Taipei","BTCUSDT","BTC-260902-78750-C","2026-09-02","78750","CALL","1h","2026-09-01 06:00:00","2026-09-01 14:00:00","725.000","725.000","660.000","660.000","0.74","2026-09-01 06:59:59","2026-09-01 14:59:59","500.05000","3","0.00","0.00000"
"all-available","Asia/Taipei","BTCUSDT","BTC-260902-78750-C","2026-09-02","78750","CALL","1h","2026-09-01 07:00:00","2026-09-01 15:00:00","565.000","565.000","435.000","435.000","4.80","2026-09-01 07:59:59","2026-09-01 15:59:59","2537.70000","25","2.18","1208.30000"
"all-available","Asia/Taipei","BTCUSDT","BTC-260902-78750-C","2026-09-02","78750","CALL","1h","2026-09-01 08:00:00","2026-09-01 16:00:00","455.000","455.000","180.000","180.000","12.52","2026-09-01 08:59:59","2026-09-01 16:59:59","4213.30000","13","1.28","256.75000"
"all-available","Asia/Taipei","BTCUSDT","BTC-260902-78750-C","2026-09-02","78750","CALL","1h","2026-09-01 09:00:00","2026-09-01 17:00:00","190.000","200.000","190.000","200.000","3.09","2026-09-01 09:59:59","2026-09-01 17:59:59","588.00000","2","0.09","18.00000"
"all-available","Asia/Taipei","BTCUSDT","BTC-260902-78750-C","2026-09-02","78750","CALL","1h","2026-09-01 10:00:00","2026-09-01 18:00:00","230.000","230.000","230.000","230.000","0.01","2026-09-01 10:59:59","2026-09-01 18:59:59","2.30000","1","0.01","2.30000"
"all-available","Asia/Taipei","BTCUSDT","BTC-260902-78750-C","2026-09-02","78750","CALL","1h","2026-09-01 11:00:00","2026-09-01 19:00:00","200.000","215.000","200.000","215.000","2.31","2026-09-01 11:59:59","2026-09-01 19:59:59","495.15000","4","2.20","473.00000"
"all-available","Asia/Taipei","BTCUSDT","BTC-260902-78750-C","2026-09-02","78750","CALL","1h","2026-09-01 12:00:00","2026-09-01 20:00:00","215.000","215.000","215.000","215.000","0.00","2026-09-01 12:59:59","2026-09-01 20:59:59","0.00000","0","0.00","0.00000"
"all-available","Asia/Taipei","BTCUSDT","BTC-260902-78750-C","2026-09-02","78750","CALL","1h","2026-09-01 13:00:00","2026-09-01 21:00:00","145.000","200.000","145.000","200.000","0.64","2026-09-01 13:59:59","2026-09-01 21:59:59","118.25000","6","0.24","47.25000"
"all-available","Asia/Taipei","BTCUSDT","BTC-260902-78750-C","2026-09-02","78750","CALL","1h","2026-09-01 14:00:00","2026-09-01 22:00:00","220.000","315.000","220.000","255.000","9.00","2026-09-01 14:59:59","2026-09-01 22:59:59","2545.80000","18","2.53","796.95000"
"all-available","Asia/Taipei","BTCUSDT","BTC-260902-78750-C","2026-09-02","78750","CALL","1h","2026-09-01 15:00:00","2026-09-01 23:00:00","165.000","165.000","140.000","145.000","0.07","2026-09-01 15:59:59","2026-09-01 23:59:59","10.50000","3","0.06","9.10000"
"all-available","Asia/Taipei","BTCUSDT","BTC-260902-78750-C","2026-09-02","78750","CALL","1h","2026-09-01 16:00:00","2026-09-02 00:00:00","100.000","100.000","60.000","60.000","1.03","2026-09-01 16:59:59","2026-09-02 00:59:59","62.40000","6","1.00","60.00000"
"all-available","Asia/Taipei","BTCUSDT","BTC-260902-78750-C","2026-09-02","78750","CALL","1h","2026-09-01 17:00:00","2026-09-02 01:00:00","50.000","50.000","50.000","50.000","1.00","2026-09-01 17:59:59","2026-09-02 01:59:59","50.00000","1","0.00","0.00000"
"all-available","Asia/Taipei","BTCUSDT","BTC-260902-78750-C","2026-09-02","78750","CALL","1h","2026-09-01 18:00:00","2026-09-02 02:00:00","35.000","35.000","25.000","30.000","4.16","2026-09-01 18:59:59","2026-09-02 02:59:59","119.60000","16","3.16","94.60000"
"all-available","Asia/Taipei","BTCUSDT","BTC-260902-78750-C","2026-09-02","78750","CALL","1h","2026-09-01 19:00:00","2026-09-02 03:00:00","30.000","40.000","30.000","40.000","2.07","2026-09-01 19:59:59","2026-09-02 03:59:59","72.10000","8","2.07","72.10000"
"all-available","Asia/Taipei","BTCUSDT","BTC-260902-78750-C","2026-09-02","78750","CALL","1h","2026-09-01 20:00:00","2026-09-02 04:00:00","35.000","40.000","35.000","40.000","4.00","2026-09-01 20:59:59","2026-09-02 04:59:59","150.00000","3","4.00","150.00000"
"all-available","Asia/Taipei","BTCUSDT","BTC-260902-78750-C","2026-09-02","78750","CALL","1h","2026-09-01 21:00:00","2026-09-02 05:00:00","20.000","20.000","20.000","20.000","0.04","2026-09-01 21:59:59","2026-09-02 05:59:59","0.80000","1","0.04","0.80000"
"all-available","Asia/Taipei","BTCUSDT","BTC-260902-78750-C","2026-09-02","78750","CALL","1h","2026-09-01 22:00:00","2026-09-02 06:00:00","20.000","20.000","20.000","20.000","2.06","2026-09-01 22:59:59","2026-09-02 06:59:59","41.20000","5","1.06","21.20000"
"all-available","Asia/Taipei","BTCUSDT","BTC-260902-78750-C","2026-09-02","78750","CALL","1h","2026-09-01 23:00:00","2026-09-02 07:00:00","15.000","15.000","15.000","15.000","1.00","2026-09-01 23:59:59","2026-09-02 07:59:59","15.00000","1","0.00","0.00000"
"all-available","Asia/Taipei","BTCUSDT","BTC-260902-78750-C","2026-09-02","78750","CALL","1h","2026-09-02 00:00:00","2026-09-02 08:00:00","15.000","15.000","5.000","5.000","21.22","2026-09-02 00:59:59","2026-09-02 08:59:59","146.15000","20","0.00","0.00000"
"all-available","Asia/Taipei","BTCUSDT","BTC-260902-78750-C","2026-09-02","78750","CALL","1h","2026-09-02 01:00:00","2026-09-02 09:00:00","5.000","5.000","5.000","5.000","0.99","2026-09-02 01:59:59","2026-09-02 09:59:59","4.95000","3","0.99","4.95000"
"all-available","Asia/Taipei","BTCUSDT","BTC-260902-78750-C","2026-09-02","78750","CALL","1h","2026-09-02 02:00:00","2026-09-02 10:00:00","5.000","5.000","5.000","5.000","0.00","2026-09-02 02:59:59","2026-09-02 10:59:59","0.00000","0","0.00","0.00000"
"all-available","Asia/Taipei","BTCUSDT","BTC-260902-78750-C","2026-09-02","78750","CALL","1h","2026-09-02 03:00:00","2026-09-02 11:00:00","5.000","5.000","5.000","5.000","0.20","2026-09-02 03:59:59","2026-09-02 11:59:59","1.00000","3","0.20","1.00000"
"all-available","Asia/Taipei","BTCUSDT","BTC-260902-78750-C","2026-09-02","78750","CALL","1h","2026-09-02 04:00:00","2026-09-02 12:00:00","5.000","5.000","5.000","5.000","0.00","2026-09-02 04:59:59","2026-09-02 12:59:59","0.00000","0","0.00","0.00000"
"all-available","Asia/Taipei","BTCUSDT","BTC-260902-78750-C","2026-09-02","78750","CALL","1h","2026-09-02 05:00:00","2026-09-02 13:00:00","5.000","5.000","5.000","5.000","0.00","2026-09-02 05:59:59","2026-09-02 13:59:59","0.00000","0","0.00","0.00000"
"all-available","Asia/Taipei","BTCUSDT","BTC-260902-78750-C","2026-09-02","78750","CALL","1h","2026-09-02 06:00:00","2026-09-02 14:00:00","5.000","5.000","5.000","5.000","0.00","2026-09-02 06:59:59","2026-09-02 14:59:59","0.00000","0","0.00","0.00000"
"all-available","Asia/Taipei","BTCUSDT","BTC-260902-78750-C","2026-09-02","78750","CALL","1h","2026-09-02 07:00:00","2026-09-02 15:00:00","5.000","5.000","5.000","5.000","0.00","2026-09-02 07:59:59","2026-09-02 15:59:59","0.00000","0","0.00","0.00000"
"all-available","Asia/Taipei","BTCUSDT","BTC-260902-78750-P","2026-09-02","78750","PUT","1h","2026-08-31 15:00:00","2026-08-31 23:00:00","800.000","800.000","710.000","710.000","0.83","2026-08-31 15:59:59","2026-08-31 23:59:59","627.10000","2","0.00","0.00000"
"all-available","Asia/Taipei","BTCUSDT","BTC-260902-78750-P","2026-09-02","78750","PUT","1h","2026-08-31 16:00:00","2026-09-01 00:00:00","710.000","710.000","710.000","710.000","0.00","2026-08-31 16:59:59","2026-09-01 00:59:59","0.00000","0","0.00","0.00000"
"all-available","Asia/Taipei","BTCUSDT","BTC-260902-78750-P","2026-09-02","78750","PUT","1h","2026-08-31 17:00:00","2026-09-01 01:00:00","575.000","575.000","565.000","565.000","0.50","2026-08-31 17:59:59","2026-09-01 01:59:59","285.00000","4","0.50","285.00000"
"all-available","Asia/Taipei","BTCUSDT","BTC-260902-78750-P","2026-09-02","78750","PUT","1h","2026-08-31 18:00:00","2026-09-01 02:00:00","510.000","510.000","450.000","450.000","0.27","2026-08-31 18:59:59","2026-09-01 02:59:59","137.10000","2","0.00","0.00000"
"all-available","Asia/Taipei","BTCUSDT","BTC-260902-78750-P","2026-09-02","78750","PUT","1h","2026-08-31 19:00:00","2026-09-01 03:00:00","450.000","450.000","450.000","450.000","0.00","2026-08-31 19:59:59","2026-09-01 03:59:59","0.00000","0","0.00","0.00000"
"all-available","Asia/Taipei","BTCUSDT","BTC-260902-78750-P","2026-09-02","78750","PUT","1h","2026-08-31 20:00:00","2026-09-01 04:00:00","450.000","450.000","450.000","450.000","0.00","2026-08-31 20:59:59","2026-09-01 04:59:59","0.00000","0","0.00","0.00000"
"all-available","Asia/Taipei","BTCUSDT","BTC-260902-78750-P","2026-09-02","78750","PUT","1h","2026-08-31 21:00:00","2026-09-01 05:00:00","620.000","625.000","620.000","625.000","4.00","2026-08-31 21:59:59","2026-09-01 05:59:59","2499.00000","4","4.00","2499.00000"
"all-available","Asia/Taipei","BTCUSDT","BTC-260902-78750-P","2026-09-02","78750","PUT","1h","2026-08-31 22:00:00","2026-09-01 06:00:00","625.000","625.000","625.000","625.000","0.00","2026-08-31 22:59:59","2026-09-01 06:59:59","0.00000","0","0.00","0.00000"
"all-available","Asia/Taipei","BTCUSDT","BTC-260902-78750-P","2026-09-02","78750","PUT","1h","2026-08-31 23:00:00","2026-09-01 07:00:00","780.000","780.000","780.000","780.000","2.00","2026-08-31 23:59:59","2026-09-01 07:59:59","1560.00000","1","2.00","1560.00000"
"all-available","Asia/Taipei","BTCUSDT","BTC-260902-78750-P","2026-09-02","78750","PUT","1h","2026-09-01 00:00:00","2026-09-01 08:00:00","780.000","780.000","780.000","780.000","0.00","2026-09-01 00:59:59","2026-09-01 08:59:59","0.00000","0","0.00","0.00000"
"all-available","Asia/Taipei","BTCUSDT","BTC-260902-78750-P","2026-09-02","78750","PUT","1h","2026-09-01 01:00:00","2026-09-01 09:00:00","780.000","780.000","780.000","780.000","0.00","2026-09-01 01:59:59","2026-09-01 09:59:59","0.00000","0","0.00","0.00000"
"all-available","Asia/Taipei","BTCUSDT","BTC-260902-78750-P","2026-09-02","78750","PUT","1h","2026-09-01 02:00:00","2026-09-01 10:00:00","780.000","780.000","780.000","780.000","0.00","2026-09-01 02:59:59","2026-09-01 10:59:59","0.00000","0","0.00","0.00000"
"all-available","Asia/Taipei","BTCUSDT","BTC-260902-78750-P","2026-09-02","78750","PUT","1h","2026-09-01 03:00:00","2026-09-01 11:00:00","780.000","780.000","780.000","780.000","0.00","2026-09-01 03:59:59","2026-09-01 11:59:59","0.00000","0","0.00","0.00000"
"all-available","Asia/Taipei","BTCUSDT","BTC-260902-78750-P","2026-09-02","78750","PUT","1h","2026-09-01 04:00:00","2026-09-01 12:00:00","780.000","780.000","780.000","780.000","0.00","2026-09-01 04:59:59","2026-09-01 12:59:59","0.00000","0","0.00","0.00000"
"all-available","Asia/Taipei","BTCUSDT","BTC-260902-78750-P","2026-09-02","78750","PUT","1h","2026-09-01 05:00:00","2026-09-01 13:00:00","780.000","780.000","780.000","780.000","0.00","2026-09-01 05:59:59","2026-09-01 13:59:59","0.00000","0","0.00","0.00000"
"all-available","Asia/Taipei","BTCUSDT","BTC-260902-78750-P","2026-09-02","78750","PUT","1h","2026-09-01 06:00:00","2026-09-01 14:00:00","505.000","515.000","505.000","515.000","0.22","2026-09-01 06:59:59","2026-09-01 14:59:59","111.30000","2","0.22","111.30000"
"all-available","Asia/Taipei","BTCUSDT","BTC-260902-78750-P","2026-09-02","78750","PUT","1h","2026-09-01 07:00:00","2026-09-01 15:00:00","560.000","565.000","520.000","555.000","8.78","2026-09-01 07:59:59","2026-09-01 15:59:59","4769.95000","9","4.00","2102.40000"
"all-available","Asia/Taipei","BTCUSDT","BTC-260902-78750-P","2026-09-02","78750","PUT","1h","2026-09-01 08:00:00","2026-09-01 16:00:00","585.000","1000.000","585.000","1000.000","0.41","2026-09-01 08:59:59","2026-09-01 16:59:59","293.80000","3","0.41","293.80000"
"all-available","Asia/Taipei","BTCUSDT","BTC-260902-78750-P","2026-09-02","78750","PUT","1h","2026-09-01 09:00:00","2026-09-01 17:00:00","1000.000","1000.000","1000.000","1000.000","0.00","2026-09-01 09:59:59","2026-09-01 17:59:59","0.00000","0","0.00","0.00000"
"all-available","Asia/Taipei","BTCUSDT","BTC-260902-78750-P","2026-09-02","78750","PUT","1h","2026-09-01 10:00:00","2026-09-01 18:00:00","1000.000","1000.000","1000.000","1000.000","0.00","2026-09-01 10:59:59","2026-09-01 18:59:59","0.00000","0","0.00","0.00000"
"all-available","Asia/Taipei","BTCUSDT","BTC-260902-78750-P","2026-09-02","78750","PUT","1h","2026-09-01 11:00:00","2026-09-01 19:00:00","1000.000","1000.000","1000.000","1000.000","0.00","2026-09-01 11:59:59","2026-09-01 19:59:59","0.00000","0","0.00","0.00000"
"all-available","Asia/Taipei","BTCUSDT","BTC-260902-78750-P","2026-09-02","78750","PUT","1h","2026-09-01 12:00:00","2026-09-01 20:00:00","1000.000","1000.000","1000.000","1000.000","0.00","2026-09-01 12:59:59","2026-09-01 20:59:59","0.00000","0","0.00","0.00000"
"all-available","Asia/Taipei","BTCUSDT","BTC-260902-78750-P","2026-09-02","78750","PUT","1h","2026-09-01 13:00:00","2026-09-01 21:00:00","1185.000","1185.000","1185.000","1185.000","0.07","2026-09-01 13:59:59","2026-09-01 21:59:59","82.95000","1","0.07","82.95000"
"all-available","Asia/Taipei","BTCUSDT","BTC-260902-78750-P","2026-09-02","78750","PUT","1h","2026-09-01 14:00:00","2026-09-01 22:00:00","695.000","695.000","695.000","695.000","0.20","2026-09-01 14:59:59","2026-09-01 22:59:59","139.00000","2","0.00","0.00000"
"all-available","Asia/Taipei","BTCUSDT","BTC-260902-78750-P","2026-09-02","78750","PUT","1h","2026-09-01 15:00:00","2026-09-01 23:00:00","695.000","695.000","695.000","695.000","0.00","2026-09-01 15:59:59","2026-09-01 23:59:59","0.00000","0","0.00","0.00000"
"all-available","Asia/Taipei","BTCUSDT","BTC-260902-78750-P","2026-09-02","78750","PUT","1h","2026-09-01 16:00:00","2026-09-02 00:00:00","1400.000","1400.000","1400.000","1400.000","0.15","2026-09-01 16:59:59","2026-09-02 00:59:59","210.00000","1","0.15","210.00000"
"all-available","Asia/Taipei","BTCUSDT","BTC-260902-78750-P","2026-09-02","78750","PUT","1h","2026-09-01 17:00:00","2026-09-02 01:00:00","1400.000","1400.000","1400.000","1400.000","0.00","2026-09-01 17:59:59","2026-09-02 01:59:59","0.00000","0","0.00","0.00000"
"all-available","Asia/Taipei","BTCUSDT","BTC-260902-78750-P","2026-09-02","78750","PUT","1h","2026-09-01 18:00:00","2026-09-02 02:00:00","1790.000","2000.000","1790.000","2000.000","0.29","2026-09-01 18:59:59","2026-09-02 02:59:59","541.60000","3","0.29","541.60000"
"all-available","Asia/Taipei","BTCUSDT","BTC-260902-78750-P","2026-09-02","78750","PUT","1h","2026-09-01 19:00:00","2026-09-02 03:00:00","1420.000","1420.000","1420.000","1420.000","0.01","2026-09-01 19:59:59","2026-09-02 03:59:59","14.20000","1","0.01","14.20000"
"all-available","Asia/Taipei","BTCUSDT","BTC-260902-78750-P","2026-09-02","78750","PUT","1h","2026-09-01 20:00:00","2026-09-02 04:00:00","1420.000","1420.000","1420.000","1420.000","0.00","2026-09-01 20:59:59","2026-09-02 04:59:59","0.00000","0","0.00","0.00000"
"all-available","Asia/Taipei","BTCUSDT","BTC-260902-78750-P","2026-09-02","78750","PUT","1h","2026-09-01 21:00:00","2026-09-02 05:00:00","1420.000","1420.000","1420.000","1420.000","0.00","2026-09-01 21:59:59","2026-09-02 05:59:59","0.00000","0","0.00","0.00000"
"all-available","Asia/Taipei","BTCUSDT","BTC-260902-78750-P","2026-09-02","78750","PUT","1h","2026-09-01 22:00:00","2026-09-02 06:00:00","1420.000","1420.000","1420.000","1420.000","0.00","2026-09-01 22:59:59","2026-09-02 06:59:59","0.00000","0","0.00","0.00000"
"all-available","Asia/Taipei","BTCUSDT","BTC-260902-78750-P","2026-09-02","78750","PUT","1h","2026-09-01 23:00:00","2026-09-02 07:00:00","1420.000","1420.000","1420.000","1420.000","0.00","2026-09-01 23:59:59","2026-09-02 07:59:59","0.00000","0","0.00","0.00000"
"all-available","Asia/Taipei","BTCUSDT","BTC-260902-78750-P","2026-09-02","78750","PUT","1h","2026-09-02 00:00:00","2026-09-02 08:00:00","1420.000","1420.000","1420.000","1420.000","0.00","2026-09-02 00:59:59","2026-09-02 08:59:59","0.00000","0","0.00","0.00000"
"all-available","Asia/Taipei","BTCUSDT","BTC-260902-78750-P","2026-09-02","78750","PUT","1h","2026-09-02 01:00:00","2026-09-02 09:00:00","1420.000","1420.000","1420.000","1420.000","0.00","2026-09-02 01:59:59","2026-09-02 09:59:59","0.00000","0","0.00","0.00000"
"all-available","Asia/Taipei","BTCUSDT","BTC-260902-78750-P","2026-09-02","78750","PUT","1h","2026-09-02 02:00:00","2026-09-02 10:00:00","1420.000","1420.000","1420.000","1420.000","0.00","2026-09-02 02:59:59","2026-09-02 10:59:59","0.00000","0","0.00","0.00000"
"all-available","Asia/Taipei","BTCUSDT","BTC-260902-78750-P","2026-09-02","78750","PUT","1h","2026-09-02 03:00:00","2026-09-02 11:00:00","1420.000","1420.000","1420.000","1420.000","0.00","2026-09-02 03:59:59","2026-09-02 11:59:59","0.00000","0","0.00","0.00000"
"all-available","Asia/Taipei","BTCUSDT","BTC-260902-78750-P","2026-09-02","78750","PUT","1h","2026-09-02 04:00:00","2026-09-02 12:00:00","1420.000","1420.000","1420.000","1420.000","0.00","2026-09-02 04:59:59","2026-09-02 12:59:59","0.00000","0","0.00","0.00000"
"all-available","Asia/Taipei","BTCUSDT","BTC-260902-78750-P","2026-09-02","78750","PUT","1h","2026-09-02 05:00:00","2026-09-02 13:00:00","1420.000","1420.000","1420.000","1420.000","0.00","2026-09-02 05:59:59","2026-09-02 13:59:59","0.00000","0","0.00","0.00000"
"all-available","Asia/Taipei","BTCUSDT","BTC-260902-78750-P","2026-09-02","78750","PUT","1h","2026-09-02 06:00:00","2026-09-02 14:00:00","1420.000","1420.000","1420.000","1420.000","0.00","2026-09-02 06:59:59","2026-09-02 14:59:59","0.00000","0","0.00","0.00000"
"all-available","Asia/Taipei","BTCUSDT","BTC-260902-78750-P","2026-09-02","78750","PUT","1h","2026-09-02 07:00:00","2026-09-02 15:00:00","1420.000","1420.000","1420.000","1420.000","0.00","2026-09-02 07:59:59","2026-09-02 15:59:59","0.00000","0","0.00","0.00000"
"all-available","Asia/Taipei","BTCUSDT","BTC-260902-79000-C","2026-09-02","79000","CALL","1h","2026-08-30 09:00:00","2026-08-30 17:00:00","520.000","520.000","520.000","520.000","0.01","2026-08-30 09:59:59","2026-08-30 17:59:59","5.20000","1","0.00","0.00000"
"all-available","Asia/Taipei","BTCUSDT","BTC-260902-79000-C","2026-09-02","79000","CALL","1h","2026-08-30 10:00:00","2026-08-30 18:00:00","520.000","520.000","520.000","520.000","0.00","2026-08-30 10:59:59","2026-08-30 18:59:59","0.00000","0","0.00","0.00000"
"all-available","Asia/Taipei","BTCUSDT","BTC-260902-79000-C","2026-09-02","79000","CALL","1h","2026-08-30 11:00:00","2026-08-30 19:00:00","515.000","540.000","515.000","530.000","1.14","2026-08-30 11:59:59","2026-08-30 19:59:59","589.25000","4","1.03","530.95000"
"all-available","Asia/Taipei","BTCUSDT","BTC-260902-79000-C","2026-09-02","79000","CALL","1h","2026-08-30 12:00:00","2026-08-30 20:00:00","715.000","715.000","665.000","665.000","0.51","2026-08-30 12:59:59","2026-08-30 20:59:59","339.65000","2","0.51","339.65000"
"all-available","Asia/Taipei","BTCUSDT","BTC-260902-79000-C","2026-09-02","79000","CALL","1h","2026-08-30 13:00:00","2026-08-30 21:00:00","740.000","740.000","720.000","720.000","0.94","2026-08-30 13:59:59","2026-08-30 21:59:59","682.80000","2","0.30","222.00000"
"all-available","Asia/Taipei","BTCUSDT","BTC-260902-79000-C","2026-09-02","79000","CALL","1h","2026-08-30 14:00:00","2026-08-30 22:00:00","830.000","830.000","765.000","765.000","2.62","2026-08-30 14:59:59","2026-08-30 22:59:59","2034.85000","5","2.62","2034.85000"
"all-available","Asia/Taipei","BTCUSDT","BTC-260902-79000-C","2026-09-02","79000","CALL","1h","2026-08-30 15:00:00","2026-08-30 23:00:00","765.000","765.000","765.000","765.000","0.00","2026-08-30 15:59:59","2026-08-30 23:59:59","0.00000","0","0.00","0.00000"
"all-available","Asia/Taipei","BTCUSDT","BTC-260902-79000-C","2026-09-02","79000","CALL","1h","2026-08-30 16:00:00","2026-08-31 00:00:00","760.000","955.000","760.000","955.000","0.09","2026-08-30 16:59:59","2026-08-31 00:59:59","79.60000","3","0.00","0.00000"
"all-available","Asia/Taipei","BTCUSDT","BTC-260902-79000-C","2026-09-02","79000","CALL","1h","2026-08-30 17:00:00","2026-08-31 01:00:00","955.000","955.000","955.000","955.000","0.30","2026-08-30 17:59:59","2026-08-31 01:59:59","286.50000","2","0.30","286.50000"
"all-available","Asia/Taipei","BTCUSDT","BTC-260902-79000-C","2026-09-02","79000","CALL","1h","2026-08-30 18:00:00","2026-08-31 02:00:00","955.000","955.000","955.000","955.000","0.00","2026-08-30 18:59:59","2026-08-31 02:59:59","0.00000","0","0.00","0.00000"
"all-available","Asia/Taipei","BTCUSDT","BTC-260902-79000-C","2026-09-02","79000","CALL","1h","2026-08-30 19:00:00","2026-08-31 03:00:00","955.000","955.000","955.000","955.000","0.00","2026-08-30 19:59:59","2026-08-31 03:59:59","0.00000","0","0.00","0.00000"
"all-available","Asia/Taipei","BTCUSDT","BTC-260902-79000-C","2026-09-02","79000","CALL","1h","2026-08-30 20:00:00","2026-08-31 04:00:00","805.000","805.000","695.000","695.000","0.31","2026-08-30 20:59:59","2026-08-31 04:59:59","224.55000","4","0.21","145.95000"
"all-available","Asia/Taipei","BTCUSDT","BTC-260902-79000-C","2026-09-02","79000","CALL","1h","2026-08-30 21:00:00","2026-08-31 05:00:00","695.000","695.000","695.000","695.000","0.00","2026-08-30 21:59:59","2026-08-31 05:59:59","0.00000","0","0.00","0.00000"
"all-available","Asia/Taipei","BTCUSDT","BTC-260902-79000-C","2026-09-02","79000","CALL","1h","2026-08-30 22:00:00","2026-08-31 06:00:00","695.000","695.000","695.000","695.000","0.00","2026-08-30 22:59:59","2026-08-31 06:59:59","0.00000","0","0.00","0.00000"
"all-available","Asia/Taipei","BTCUSDT","BTC-260902-79000-C","2026-09-02","79000","CALL","1h","2026-08-30 23:00:00","2026-08-31 07:00:00","520.000","520.000","355.000","355.000","1.49","2026-08-30 23:59:59","2026-08-31 07:59:59","539.55000","5","1.00","355.00000"
"all-available","Asia/Taipei","BTCUSDT","BTC-260902-79000-C","2026-09-02","79000","CALL","1h","2026-08-31 00:00:00","2026-08-31 08:00:00","355.000","355.000","355.000","355.000","0.00","2026-08-31 00:59:59","2026-08-31 08:59:59","0.00000","0","0.00","0.00000"
"all-available","Asia/Taipei","BTCUSDT","BTC-260902-79000-C","2026-09-02","79000","CALL","1h","2026-08-31 01:00:00","2026-08-31 09:00:00","360.000","360.000","360.000","360.000","0.10","2026-08-31 01:59:59","2026-08-31 09:59:59","36.00000","1","0.00","0.00000"
"all-available","Asia/Taipei","BTCUSDT","BTC-260902-79000-C","2026-09-02","79000","CALL","1h","2026-08-31 02:00:00","2026-08-31 10:00:00","350.000","350.000","350.000","350.000","0.02","2026-08-31 02:59:59","2026-08-31 10:59:59","7.00000","1","0.02","7.00000"
"all-available","Asia/Taipei","BTCUSDT","BTC-260902-79000-C","2026-09-02","79000","CALL","1h","2026-08-31 03:00:00","2026-08-31 11:00:00","350.000","350.000","350.000","350.000","0.00","2026-08-31 03:59:59","2026-08-31 11:59:59","0.00000","0","0.00","0.00000"
"all-available","Asia/Taipei","BTCUSDT","BTC-260902-79000-C","2026-09-02","79000","CALL","1h","2026-08-31 04:00:00","2026-08-31 12:00:00","350.000","350.000","350.000","350.000","0.00","2026-08-31 04:59:59","2026-08-31 12:59:59","0.00000","0","0.00","0.00000"
"all-available","Asia/Taipei","BTCUSDT","BTC-260902-79000-C","2026-09-02","79000","CALL","1h","2026-08-31 05:00:00","2026-08-31 13:00:00","460.000","460.000","460.000","460.000","0.47","2026-08-31 05:59:59","2026-08-31 13:59:59","216.20000","1","0.00","0.00000"
"all-available","Asia/Taipei","BTCUSDT","BTC-260902-79000-C","2026-09-02","79000","CALL","1h","2026-08-31 06:00:00","2026-08-31 14:00:00","450.000","450.000","435.000","435.000","0.16","2026-08-31 06:59:59","2026-08-31 14:59:59","71.10000","3","0.16","71.10000"
"all-available","Asia/Taipei","BTCUSDT","BTC-260902-79000-C","2026-09-02","79000","CALL","1h","2026-08-31 07:00:00","2026-08-31 15:00:00","435.000","435.000","435.000","435.000","0.00","2026-08-31 07:59:59","2026-08-31 15:59:59","0.00000","0","0.00","0.00000"
"all-available","Asia/Taipei","BTCUSDT","BTC-260902-79000-C","2026-09-02","79000","CALL","1h","2026-08-31 08:00:00","2026-08-31 16:00:00","385.000","470.000","385.000","470.000","0.93","2026-08-31 08:59:59","2026-08-31 16:59:59","394.70000","6","0.32","148.80000"
"all-available","Asia/Taipei","BTCUSDT","BTC-260902-79000-C","2026-09-02","79000","CALL","1h","2026-08-31 09:00:00","2026-08-31 17:00:00","525.000","605.000","525.000","595.000","0.71","2026-08-31 09:59:59","2026-08-31 17:59:59","406.65000","3","0.33","176.75000"
"all-available","Asia/Taipei","BTCUSDT","BTC-260902-79000-C","2026-09-02","79000","CALL","1h","2026-08-31 10:00:00","2026-08-31 18:00:00","490.000","525.000","490.000","525.000","0.11","2026-08-31 10:59:59","2026-08-31 18:59:59","54.25000","2","0.00","0.00000"
"all-available","Asia/Taipei","BTCUSDT","BTC-260902-79000-C","2026-09-02","79000","CALL","1h","2026-08-31 11:00:00","2026-08-31 19:00:00","525.000","525.000","525.000","525.000","0.00","2026-08-31 11:59:59","2026-08-31 19:59:59","0.00000","0","0.00","0.00000"
"all-available","Asia/Taipei","BTCUSDT","BTC-260902-79000-C","2026-09-02","79000","CALL","1h","2026-08-31 12:00:00","2026-08-31 20:00:00","455.000","455.000","385.000","390.000","0.94","2026-08-31 12:59:59","2026-08-31 20:59:59","391.10000","4","0.94","391.10000"
"all-available","Asia/Taipei","BTCUSDT","BTC-260902-79000-C","2026-09-02","79000","CALL","1h","2026-08-31 13:00:00","2026-08-31 21:00:00","385.000","385.000","325.000","325.000","3.02","2026-08-31 13:59:59","2026-08-31 21:59:59","982.70000","5","3.00","975.00000"
"all-available","Asia/Taipei","BTCUSDT","BTC-260902-79000-C","2026-09-02","79000","CALL","1h","2026-08-31 14:00:00","2026-08-31 22:00:00","350.000","500.000","350.000","500.000","0.22","2026-08-31 14:59:59","2026-08-31 22:59:59","87.50000","3","0.02","10.00000"
"all-available","Asia/Taipei","BTCUSDT","BTC-260902-79000-C","2026-09-02","79000","CALL","1h","2026-08-31 15:00:00","2026-08-31 23:00:00","550.000","550.000","510.000","520.000","9.09","2026-08-31 15:59:59","2026-08-31 23:59:59","4815.10000","6","3.09","1695.10000"
"all-available","Asia/Taipei","BTCUSDT","BTC-260902-79000-C","2026-09-02","79000","CALL","1h","2026-08-31 16:00:00","2026-09-01 00:00:00","510.000","610.000","510.000","610.000","0.20","2026-08-31 16:59:59","2026-09-01 00:59:59","121.00000","2","0.00","0.00000"
"all-available","Asia/Taipei","BTCUSDT","BTC-260902-79000-C","2026-09-02","79000","CALL","1h","2026-08-31 17:00:00","2026-09-01 01:00:00","610.000","625.000","610.000","625.000","0.52","2026-08-31 17:59:59","2026-09-01 01:59:59","320.95000","3","0.52","320.95000"
"all-available","Asia/Taipei","BTCUSDT","BTC-260902-79000-C","2026-09-02","79000","CALL","1h","2026-08-31 18:00:00","2026-09-01 02:00:00","625.000","645.000","625.000","645.000","0.12","2026-08-31 18:59:59","2026-09-01 02:59:59","75.40000","3","0.12","75.40000"
"all-available","Asia/Taipei","BTCUSDT","BTC-260902-79000-C","2026-09-02","79000","CALL","1h","2026-08-31 19:00:00","2026-09-01 03:00:00","645.000","645.000","645.000","645.000","0.00","2026-08-31 19:59:59","2026-09-01 03:59:59","0.00000","0","0.00","0.00000"
"all-available","Asia/Taipei","BTCUSDT","BTC-260902-79000-C","2026-09-02","79000","CALL","1h","2026-08-31 20:00:00","2026-09-01 04:00:00","645.000","645.000","645.000","645.000","0.00","2026-08-31 20:59:59","2026-09-01 04:59:59","0.00000","0","0.00","0.00000"
"all-available","Asia/Taipei","BTCUSDT","BTC-260902-79000-C","2026-09-02","79000","CALL","1h","2026-08-31 21:00:00","2026-09-01 05:00:00","600.000","675.000","600.000","675.000","1.35","2026-08-31 21:59:59","2026-09-01 05:59:59","840.75000","3","0.00","0.00000"
"all-available","Asia/Taipei","BTCUSDT","BTC-260902-79000-C","2026-09-02","79000","CALL","1h","2026-08-31 22:00:00","2026-09-01 06:00:00","495.000","495.000","495.000","495.000","0.02","2026-08-31 22:59:59","2026-09-01 06:59:59","9.90000","2","0.00","0.00000"
"all-available","Asia/Taipei","BTCUSDT","BTC-260902-79000-C","2026-09-02","79000","CALL","1h","2026-08-31 23:00:00","2026-09-01 07:00:00","475.000","475.000","475.000","475.000","0.14","2026-08-31 23:59:59","2026-09-01 07:59:59","66.50000","1","0.14","66.50000"
"all-available","Asia/Taipei","BTCUSDT","BTC-260902-79000-C","2026-09-02","79000","CALL","1h","2026-09-01 00:00:00","2026-09-01 08:00:00","475.000","475.000","475.000","475.000","0.00","2026-09-01 00:59:59","2026-09-01 08:59:59","0.00000","0","0.00","0.00000"
"all-available","Asia/Taipei","BTCUSDT","BTC-260902-79000-C","2026-09-02","79000","CALL","1h","2026-09-01 01:00:00","2026-09-01 09:00:00","475.000","475.000","475.000","475.000","0.00","2026-09-01 01:59:59","2026-09-01 09:59:59","0.00000","0","0.00","0.00000"
"all-available","Asia/Taipei","BTCUSDT","BTC-260902-79000-C","2026-09-02","79000","CALL","1h","2026-09-01 02:00:00","2026-09-01 10:00:00","475.000","475.000","475.000","475.000","0.00","2026-09-01 02:59:59","2026-09-01 10:59:59","0.00000","0","0.00","0.00000"
"all-available","Asia/Taipei","BTCUSDT","BTC-260902-79000-C","2026-09-02","79000","CALL","1h","2026-09-01 03:00:00","2026-09-01 11:00:00","480.000","565.000","480.000","535.000","1.88","2026-09-01 03:59:59","2026-09-01 11:59:59","959.90000","4","1.87","954.55000"
"all-available","Asia/Taipei","BTCUSDT","BTC-260902-79000-C","2026-09-02","79000","CALL","1h","2026-09-01 04:00:00","2026-09-01 12:00:00","525.000","565.000","480.000","480.000","1.30","2026-09-01 04:59:59","2026-09-01 12:59:59","728.70000","5","1.29","723.85000"
"all-available","Asia/Taipei","BTCUSDT","BTC-260902-79000-C","2026-09-02","79000","CALL","1h","2026-09-01 05:00:00","2026-09-01 13:00:00","580.000","675.000","580.000","675.000","1.35","2026-09-01 05:59:59","2026-09-01 13:59:59","863.75000","2","1.35","863.75000"
"all-available","Asia/Taipei","BTCUSDT","BTC-260902-79000-C","2026-09-02","79000","CALL","1h","2026-09-01 06:00:00","2026-09-01 14:00:00","615.000","615.000","490.000","490.000","3.45","2026-09-01 06:59:59","2026-09-01 14:59:59","2015.60000","7","3.08","1817.30000"
"all-available","Asia/Taipei","BTCUSDT","BTC-260902-79000-C","2026-09-02","79000","CALL","1h","2026-09-01 07:00:00","2026-09-01 15:00:00","410.000","410.000","320.000","360.000","6.76","2026-09-01 07:59:59","2026-09-01 15:59:59","2369.70000","29","4.93","1644.30000"
"all-available","Asia/Taipei","BTCUSDT","BTC-260902-79000-C","2026-09-02","79000","CALL","1h","2026-09-01 08:00:00","2026-09-01 16:00:00","360.000","360.000","140.000","155.000","9.28","2026-09-01 08:59:59","2026-09-01 16:59:59","1742.50000","24","6.22","1274.85000"
"all-available","Asia/Taipei","BTCUSDT","BTC-260902-79000-C","2026-09-02","79000","CALL","1h","2026-09-01 09:00:00","2026-09-01 17:00:00","140.000","150.000","140.000","150.000","7.04","2026-09-01 09:59:59","2026-09-01 17:59:59","1022.60000","10","1.99","290.20000"
"all-available","Asia/Taipei","BTCUSDT","BTC-260902-79000-C","2026-09-02","79000","CALL","1h","2026-09-01 10:00:00","2026-09-01 18:00:00","150.000","185.000","145.000","180.000","4.68","2026-09-01 10:59:59","2026-09-01 18:59:59","744.70000","14","1.31","203.10000"
"all-available","Asia/Taipei","BTCUSDT","BTC-260902-79000-C","2026-09-02","79000","CALL","1h","2026-09-01 11:00:00","2026-09-01 19:00:00","155.000","170.000","145.000","170.000","5.49","2026-09-01 11:59:59","2026-09-01 19:59:59","848.75000","10","4.60","712.95000"
"all-available","Asia/Taipei","BTCUSDT","BTC-260902-79000-C","2026-09-02","79000","CALL","1h","2026-09-01 12:00:00","2026-09-01 20:00:00","140.000","150.000","120.000","150.000","6.71","2026-09-01 12:59:59","2026-09-01 20:59:59","997.25000","8","6.41","960.95000"
"all-available","Asia/Taipei","BTCUSDT","BTC-260902-79000-C","2026-09-02","79000","CALL","1h","2026-09-01 13:00:00","2026-09-01 21:00:00","145.000","185.000","90.000","180.000","10.53","2026-09-01 13:59:59","2026-09-01 21:59:59","1263.05000","21","8.51","1011.00000"
"all-available","Asia/Taipei","BTCUSDT","BTC-260902-79000-C","2026-09-02","79000","CALL","1h","2026-09-01 14:00:00","2026-09-01 22:00:00","160.000","230.000","155.000","160.000","9.23","2026-09-01 14:59:59","2026-09-01 22:59:59","1801.00000","35","2.76","604.70000"
"all-available","Asia/Taipei","BTCUSDT","BTC-260902-79000-C","2026-09-02","79000","CALL","1h","2026-09-01 15:00:00","2026-09-01 23:00:00","90.000","105.000","90.000","105.000","3.68","2026-09-01 15:59:59","2026-09-01 23:59:59","361.70000","9","3.10","309.50000"
"all-available","Asia/Taipei","BTCUSDT","BTC-260902-79000-C","2026-09-02","79000","CALL","1h","2026-09-01 16:00:00","2026-09-02 00:00:00","90.000","90.000","35.000","45.000","7.20","2026-09-01 16:59:59","2026-09-02 00:59:59","339.75000","36","1.20","54.00000"
"all-available","Asia/Taipei","BTCUSDT","BTC-260902-79000-C","2026-09-02","79000","CALL","1h","2026-09-01 17:00:00","2026-09-02 01:00:00","40.000","40.000","30.000","30.000","1.50","2026-09-01 17:59:59","2026-09-02 01:59:59","56.75000","19","0.14","4.30000"
"all-available","Asia/Taipei","BTCUSDT","BTC-260902-79000-C","2026-09-02","79000","CALL","1h","2026-09-01 18:00:00","2026-09-02 02:00:00","30.000","30.000","15.000","20.000","21.98","2026-09-01 18:59:59","2026-09-02 02:59:59","450.65000","37","16.34","337.85000"
"all-available","Asia/Taipei","BTCUSDT","BTC-260902-79000-C","2026-09-02","79000","CALL","1h","2026-09-01 19:00:00","2026-09-02 03:00:00","25.000","25.000","25.000","25.000","1.00","2026-09-01 19:59:59","2026-09-02 03:59:59","25.00000","2","1.00","25.00000"
"all-available","Asia/Taipei","BTCUSDT","BTC-260902-79000-C","2026-09-02","79000","CALL","1h","2026-09-01 20:00:00","2026-09-02 04:00:00","20.000","20.000","20.000","20.000","0.06","2026-09-01 20:59:59","2026-09-02 04:59:59","1.20000","2","0.06","1.20000"
"all-available","Asia/Taipei","BTCUSDT","BTC-260902-79000-C","2026-09-02","79000","CALL","1h","2026-09-01 21:00:00","2026-09-02 05:00:00","20.000","20.000","15.000","15.000","0.78","2026-09-01 21:59:59","2026-09-02 05:59:59","14.20000","2","0.00","0.00000"
"all-available","Asia/Taipei","BTCUSDT","BTC-260902-79000-C","2026-09-02","79000","CALL","1h","2026-09-01 22:00:00","2026-09-02 06:00:00","15.000","15.000","15.000","15.000","0.00","2026-09-01 22:59:59","2026-09-02 06:59:59","0.00000","0","0.00","0.00000"
"all-available","Asia/Taipei","BTCUSDT","BTC-260902-79000-C","2026-09-02","79000","CALL","1h","2026-09-01 23:00:00","2026-09-02 07:00:00","10.000","10.000","10.000","10.000","1.51","2026-09-01 23:59:59","2026-09-02 07:59:59","15.10000","4","0.30","3.00000"
"all-available","Asia/Taipei","BTCUSDT","BTC-260902-79000-C","2026-09-02","79000","CALL","1h","2026-09-02 00:00:00","2026-09-02 08:00:00","5.000","5.000","5.000","5.000","6.48","2026-09-02 00:59:59","2026-09-02 08:59:59","32.40000","7","6.02","30.10000"
"all-available","Asia/Taipei","BTCUSDT","BTC-260902-79000-C","2026-09-02","79000","CALL","1h","2026-09-02 01:00:00","2026-09-02 09:00:00","5.000","5.000","5.000","5.000","1.00","2026-09-02 01:59:59","2026-09-02 09:59:59","5.00000","1","1.00","5.00000"
"all-available","Asia/Taipei","BTCUSDT","BTC-260902-79000-C","2026-09-02","79000","CALL","1h","2026-09-02 02:00:00","2026-09-02 10:00:00","5.000","5.000","5.000","5.000","0.00","2026-09-02 02:59:59","2026-09-02 10:59:59","0.00000","0","0.00","0.00000"
"all-available","Asia/Taipei","BTCUSDT","BTC-260902-79000-C","2026-09-02","79000","CALL","1h","2026-09-02 03:00:00","2026-09-02 11:00:00","5.000","5.000","5.000","5.000","0.15","2026-09-02 03:59:59","2026-09-02 11:59:59","0.75000","1","0.15","0.75000"
"all-available","Asia/Taipei","BTCUSDT","BTC-260902-79000-C","2026-09-02","79000","CALL","1h","2026-09-02 04:00:00","2026-09-02 12:00:00","5.000","5.000","5.000","5.000","0.00","2026-09-02 04:59:59","2026-09-02 12:59:59","0.00000","0","0.00","0.00000"
"all-available","Asia/Taipei","BTCUSDT","BTC-260902-79000-C","2026-09-02","79000","CALL","1h","2026-09-02 05:00:00","2026-09-02 13:00:00","5.000","5.000","5.000","5.000","0.00","2026-09-02 05:59:59","2026-09-02 13:59:59","0.00000","0","0.00","0.00000"
"all-available","Asia/Taipei","BTCUSDT","BTC-260902-79000-C","2026-09-02","79000","CALL","1h","2026-09-02 06:00:00","2026-09-02 14:00:00","5.000","5.000","5.000","5.000","0.00","2026-09-02 06:59:59","2026-09-02 14:59:59","0.00000","0","0.00","0.00000"
"all-available","Asia/Taipei","BTCUSDT","BTC-260902-79000-C","2026-09-02","79000","CALL","1h","2026-09-02 07:00:00","2026-09-02 15:00:00","5.000","5.000","5.000","5.000","7.62","2026-09-02 07:59:59","2026-09-02 15:59:59","38.10000","9","0.00","0.00000"
"all-available","Asia/Taipei","BTCUSDT","BTC-260902-79000-P","2026-09-02","79000","PUT","1h","2026-08-30 16:00:00","2026-08-31 00:00:00","905.000","905.000","765.000","765.000","0.31","2026-08-30 16:59:59","2026-08-31 00:59:59","241.35000","3","0.03","27.15000"
"all-available","Asia/Taipei","BTCUSDT","BTC-260902-79000-P","2026-09-02","79000","PUT","1h","2026-08-30 17:00:00","2026-08-31 01:00:00","765.000","765.000","765.000","765.000","0.00","2026-08-30 17:59:59","2026-08-31 01:59:59","0.00000","0","0.00","0.00000"
"all-available","Asia/Taipei","BTCUSDT","BTC-260902-79000-P","2026-09-02","79000","PUT","1h","2026-08-30 18:00:00","2026-08-31 02:00:00","765.000","765.000","765.000","765.000","0.00","2026-08-30 18:59:59","2026-08-31 02:59:59","0.00000","0","0.00","0.00000"
"all-available","Asia/Taipei","BTCUSDT","BTC-260902-79000-P","2026-09-02","79000","PUT","1h","2026-08-30 19:00:00","2026-08-31 03:00:00","765.000","765.000","765.000","765.000","0.00","2026-08-30 19:59:59","2026-08-31 03:59:59","0.00000","0","0.00","0.00000"
"all-available","Asia/Taipei","BTCUSDT","BTC-260902-79000-P","2026-09-02","79000","PUT","1h","2026-08-30 20:00:00","2026-08-31 04:00:00","765.000","765.000","765.000","765.000","0.00","2026-08-30 20:59:59","2026-08-31 04:59:59","0.00000","0","0.00","0.00000"
"all-available","Asia/Taipei","BTCUSDT","BTC-260902-79000-P","2026-09-02","79000","PUT","1h","2026-08-30 21:00:00","2026-08-31 05:00:00","1040.000","1040.000","1035.000","1035.000","0.51","2026-08-30 21:59:59","2026-08-31 05:59:59","530.35000","2","0.00","0.00000"
"all-available","Asia/Taipei","BTCUSDT","BTC-260902-79000-P","2026-09-02","79000","PUT","1h","2026-08-30 22:00:00","2026-08-31 06:00:00","1035.000","1035.000","1035.000","1035.000","0.00","2026-08-30 22:59:59","2026-08-31 06:59:59","0.00000","0","0.00","0.00000"
"all-available","Asia/Taipei","BTCUSDT","BTC-260902-79000-P","2026-09-02","79000","PUT","1h","2026-08-30 23:00:00","2026-08-31 07:00:00","1035.000","1035.000","1035.000","1035.000","0.00","2026-08-30 23:59:59","2026-08-31 07:59:59","0.00000","0","0.00","0.00000"
"all-available","Asia/Taipei","BTCUSDT","BTC-260902-79000-P","2026-09-02","79000","PUT","1h","2026-08-31 00:00:00","2026-08-31 08:00:00","1800.000","1800.000","1800.000","1800.000","0.01","2026-08-31 00:59:59","2026-08-31 08:59:59","18.00000","1","0.01","18.00000"
"all-available","Asia/Taipei","BTCUSDT","BTC-260902-79000-P","2026-09-02","79000","PUT","1h","2026-08-31 01:00:00","2026-08-31 09:00:00","1800.000","1800.000","1800.000","1800.000","0.00","2026-08-31 01:59:59","2026-08-31 09:59:59","0.00000","0","0.00","0.00000"
"all-available","Asia/Taipei","BTCUSDT","BTC-260902-79000-P","2026-09-02","79000","PUT","1h","2026-08-31 02:00:00","2026-08-31 10:00:00","1800.000","1800.000","1800.000","1800.000","0.00","2026-08-31 02:59:59","2026-08-31 10:59:59","0.00000","0","0.00","0.00000"
"all-available","Asia/Taipei","BTCUSDT","BTC-260902-79000-P","2026-09-02","79000","PUT","1h","2026-08-31 03:00:00","2026-08-31 11:00:00","1800.000","1800.000","1800.000","1800.000","0.00","2026-08-31 03:59:59","2026-08-31 11:59:59","0.00000","0","0.00","0.00000"
"all-available","Asia/Taipei","BTCUSDT","BTC-260902-79000-P","2026-09-02","79000","PUT","1h","2026-08-31 04:00:00","2026-08-31 12:00:00","1800.000","1800.000","1800.000","1800.000","0.00","2026-08-31 04:59:59","2026-08-31 12:59:59","0.00000","0","0.00","0.00000"
"all-available","Asia/Taipei","BTCUSDT","BTC-260902-79000-P","2026-09-02","79000","PUT","1h","2026-08-31 05:00:00","2026-08-31 13:00:00","1800.000","1800.000","1800.000","1800.000","0.00","2026-08-31 05:59:59","2026-08-31 13:59:59","0.00000","0","0.00","0.00000"
"all-available","Asia/Taipei","BTCUSDT","BTC-260902-79000-P","2026-09-02","79000","PUT","1h","2026-08-31 06:00:00","2026-08-31 14:00:00","1800.000","1800.000","1800.000","1800.000","0.00","2026-08-31 06:59:59","2026-08-31 14:59:59","0.00000","0","0.00","0.00000"
"all-available","Asia/Taipei","BTCUSDT","BTC-260902-79000-P","2026-09-02","79000","PUT","1h","2026-08-31 07:00:00","2026-08-31 15:00:00","1800.000","1800.000","1800.000","1800.000","0.00","2026-08-31 07:59:59","2026-08-31 15:59:59","0.00000","0","0.00","0.00000"
"all-available","Asia/Taipei","BTCUSDT","BTC-260902-79000-P","2026-09-02","79000","PUT","1h","2026-08-31 08:00:00","2026-08-31 16:00:00","1800.000","1800.000","1800.000","1800.000","0.00","2026-08-31 08:59:59","2026-08-31 16:59:59","0.00000","0","0.00","0.00000"
"all-available","Asia/Taipei","BTCUSDT","BTC-260902-79000-P","2026-09-02","79000","PUT","1h","2026-08-31 09:00:00","2026-08-31 17:00:00","1800.000","1800.000","1800.000","1800.000","0.00","2026-08-31 09:59:59","2026-08-31 17:59:59","0.00000","0","0.00","0.00000"
"all-available","Asia/Taipei","BTCUSDT","BTC-260902-79000-P","2026-09-02","79000","PUT","1h","2026-08-31 10:00:00","2026-08-31 18:00:00","900.000","900.000","900.000","900.000","0.46","2026-08-31 10:59:59","2026-08-31 18:59:59","414.00000","2","0.00","0.00000"
"all-available","Asia/Taipei","BTCUSDT","BTC-260902-79000-P","2026-09-02","79000","PUT","1h","2026-08-31 11:00:00","2026-08-31 19:00:00","900.000","900.000","900.000","900.000","0.00","2026-08-31 11:59:59","2026-08-31 19:59:59","0.00000","0","0.00","0.00000"
"all-available","Asia/Taipei","BTCUSDT","BTC-260902-79000-P","2026-09-02","79000","PUT","1h","2026-08-31 12:00:00","2026-08-31 20:00:00","900.000","900.000","900.000","900.000","0.00","2026-08-31 12:59:59","2026-08-31 20:59:59","0.00000","0","0.00","0.00000"
"all-available","Asia/Taipei","BTCUSDT","BTC-260902-79000-P","2026-09-02","79000","PUT","1h","2026-08-31 13:00:00","2026-08-31 21:00:00","900.000","900.000","900.000","900.000","0.00","2026-08-31 13:59:59","2026-08-31 21:59:59","0.00000","0","0.00","0.00000"
"all-available","Asia/Taipei","BTCUSDT","BTC-260902-79000-P","2026-09-02","79000","PUT","1h","2026-08-31 14:00:00","2026-08-31 22:00:00","900.000","900.000","900.000","900.000","0.00","2026-08-31 14:59:59","2026-08-31 22:59:59","0.00000","0","0.00","0.00000"
"all-available","Asia/Taipei","BTCUSDT","BTC-260902-79000-P","2026-09-02","79000","PUT","1h","2026-08-31 15:00:00","2026-08-31 23:00:00","935.000","935.000","905.000","905.000","0.60","2026-08-31 15:59:59","2026-08-31 23:59:59","554.00000","3","0.00","0.00000"
"all-available","Asia/Taipei","BTCUSDT","BTC-260902-79000-P","2026-09-02","79000","PUT","1h","2026-08-31 16:00:00","2026-09-01 00:00:00","905.000","905.000","905.000","905.000","0.00","2026-08-31 16:59:59","2026-09-01 00:59:59","0.00000","0","0.00","0.00000"
"all-available","Asia/Taipei","BTCUSDT","BTC-260902-79000-P","2026-09-02","79000","PUT","1h","2026-08-31 17:00:00","2026-09-01 01:00:00","905.000","905.000","905.000","905.000","0.00","2026-08-31 17:59:59","2026-09-01 01:59:59","0.00000","0","0.00","0.00000"
"all-available","Asia/Taipei","BTCUSDT","BTC-260902-79000-P","2026-09-02","79000","PUT","1h","2026-08-31 18:00:00","2026-09-01 02:00:00","905.000","905.000","905.000","905.000","0.00","2026-08-31 18:59:59","2026-09-01 02:59:59","0.00000","0","0.00","0.00000"
"all-available","Asia/Taipei","BTCUSDT","BTC-260902-79000-P","2026-09-02","79000","PUT","1h","2026-08-31 19:00:00","2026-09-01 03:00:00","905.000","905.000","905.000","905.000","0.00","2026-08-31 19:59:59","2026-09-01 03:59:59","0.00000","0","0.00","0.00000"
"all-available","Asia/Taipei","BTCUSDT","BTC-260902-79000-P","2026-09-02","79000","PUT","1h","2026-08-31 20:00:00","2026-09-01 04:00:00","685.000","695.000","685.000","695.000","1.10","2026-08-31 20:59:59","2026-09-01 04:59:59","763.50000","3","1.10","763.50000"
"all-available","Asia/Taipei","BTCUSDT","BTC-260902-79000-P","2026-09-02","79000","PUT","1h","2026-08-31 21:00:00","2026-09-01 05:00:00","695.000","695.000","695.000","695.000","0.00","2026-08-31 21:59:59","2026-09-01 05:59:59","0.00000","0","0.00","0.00000"
"all-available","Asia/Taipei","BTCUSDT","BTC-260902-79000-P","2026-09-02","79000","PUT","1h","2026-08-31 22:00:00","2026-09-01 06:00:00","695.000","695.000","695.000","695.000","0.00","2026-08-31 22:59:59","2026-09-01 06:59:59","0.00000","0","0.00","0.00000"
"all-available","Asia/Taipei","BTCUSDT","BTC-260902-79000-P","2026-09-02","79000","PUT","1h","2026-08-31 23:00:00","2026-09-01 07:00:00","695.000","695.000","695.000","695.000","0.00","2026-08-31 23:59:59","2026-09-01 07:59:59","0.00000","0","0.00","0.00000"
"all-available","Asia/Taipei","BTCUSDT","BTC-260902-79000-P","2026-09-02","79000","PUT","1h","2026-09-01 00:00:00","2026-09-01 08:00:00","825.000","825.000","825.000","825.000","0.89","2026-09-01 00:59:59","2026-09-01 08:59:59","734.25000","1","0.89","734.25000"
"all-available","Asia/Taipei","BTCUSDT","BTC-260902-79000-P","2026-09-02","79000","PUT","1h","2026-09-01 01:00:00","2026-09-01 09:00:00","825.000","825.000","825.000","825.000","0.00","2026-09-01 01:59:59","2026-09-01 09:59:59","0.00000","0","0.00","0.00000"
"all-available","Asia/Taipei","BTCUSDT","BTC-260902-79000-P","2026-09-02","79000","PUT","1h","2026-09-01 02:00:00","2026-09-01 10:00:00","825.000","825.000","825.000","825.000","0.00","2026-09-01 02:59:59","2026-09-01 10:59:59","0.00000","0","0.00","0.00000"
"all-available","Asia/Taipei","BTCUSDT","BTC-260902-79000-P","2026-09-02","79000","PUT","1h","2026-09-01 03:00:00","2026-09-01 11:00:00","825.000","825.000","825.000","825.000","0.00","2026-09-01 03:59:59","2026-09-01 11:59:59","0.00000","0","0.00","0.00000"
"all-available","Asia/Taipei","BTCUSDT","BTC-260902-79000-P","2026-09-02","79000","PUT","1h","2026-09-01 04:00:00","2026-09-01 12:00:00","825.000","825.000","825.000","825.000","0.00","2026-09-01 04:59:59","2026-09-01 12:59:59","0.00000","0","0.00","0.00000"
"all-available","Asia/Taipei","BTCUSDT","BTC-260902-79000-P","2026-09-02","79000","PUT","1h","2026-09-01 05:00:00","2026-09-01 13:00:00","600.000","600.000","530.000","530.000","0.06","2026-09-01 05:59:59","2026-09-01 13:59:59","35.30000","2","0.00","0.00000"
"all-available","Asia/Taipei","BTCUSDT","BTC-260902-79000-P","2026-09-02","79000","PUT","1h","2026-09-01 06:00:00","2026-09-01 14:00:00","540.000","680.000","540.000","680.000","7.34","2026-09-01 06:59:59","2026-09-01 14:59:59","4526.80000","17","4.28","2538.75000"
"all-available","Asia/Taipei","BTCUSDT","BTC-260902-79000-P","2026-09-02","79000","PUT","1h","2026-09-01 07:00:00","2026-09-01 15:00:00","680.000","680.000","680.000","680.000","0.00","2026-09-01 07:59:59","2026-09-01 15:59:59","0.00000","0","0.00","0.00000"
"all-available","Asia/Taipei","BTCUSDT","BTC-260902-79000-P","2026-09-02","79000","PUT","1h","2026-09-01 08:00:00","2026-09-01 16:00:00","715.000","715.000","715.000","715.000","0.01","2026-09-01 08:59:59","2026-09-01 16:59:59","7.15000","1","0.01","7.15000"
"all-available","Asia/Taipei","BTCUSDT","BTC-260902-79000-P","2026-09-02","79000","PUT","1h","2026-09-01 09:00:00","2026-09-01 17:00:00","715.000","715.000","715.000","715.000","0.00","2026-09-01 09:59:59","2026-09-01 17:59:59","0.00000","0","0.00","0.00000"
"all-available","Asia/Taipei","BTCUSDT","BTC-260902-79000-P","2026-09-02","79000","PUT","1h","2026-09-01 10:00:00","2026-09-01 18:00:00","715.000","715.000","715.000","715.000","0.00","2026-09-01 10:59:59","2026-09-01 18:59:59","0.00000","0","0.00","0.00000"
"all-available","Asia/Taipei","BTCUSDT","BTC-260902-79000-P","2026-09-02","79000","PUT","1h","2026-09-01 11:00:00","2026-09-01 19:00:00","715.000","715.000","715.000","715.000","0.00","2026-09-01 11:59:59","2026-09-01 19:59:59","0.00000","0","0.00","0.00000"
"all-available","Asia/Taipei","BTCUSDT","BTC-260902-79000-P","2026-09-02","79000","PUT","1h","2026-09-01 12:00:00","2026-09-01 20:00:00","715.000","715.000","715.000","715.000","0.00","2026-09-01 12:59:59","2026-09-01 20:59:59","0.00000","0","0.00","0.00000"
"all-available","Asia/Taipei","BTCUSDT","BTC-260902-79000-P","2026-09-02","79000","PUT","1h","2026-09-01 13:00:00","2026-09-01 21:00:00","1290.000","1290.000","1290.000","1290.000","0.01","2026-09-01 13:59:59","2026-09-01 21:59:59","12.90000","1","0.01","12.90000"
"all-available","Asia/Taipei","BTCUSDT","BTC-260902-79000-P","2026-09-02","79000","PUT","1h","2026-09-01 14:00:00","2026-09-01 22:00:00","1290.000","1290.000","1290.000","1290.000","0.00","2026-09-01 14:59:59","2026-09-01 22:59:59","0.00000","0","0.00","0.00000"
"all-available","Asia/Taipei","BTCUSDT","BTC-260902-79000-P","2026-09-02","79000","PUT","1h","2026-09-01 15:00:00","2026-09-01 23:00:00","1290.000","1290.000","1290.000","1290.000","0.00","2026-09-01 15:59:59","2026-09-01 23:59:59","0.00000","0","0.00","0.00000"
"all-available","Asia/Taipei","BTCUSDT","BTC-260902-79000-P","2026-09-02","79000","PUT","1h","2026-09-01 16:00:00","2026-09-02 00:00:00","1290.000","1290.000","1290.000","1290.000","0.00","2026-09-01 16:59:59","2026-09-02 00:59:59","0.00000","0","0.00","0.00000"
"all-available","Asia/Taipei","BTCUSDT","BTC-260902-79000-P","2026-09-02","79000","PUT","1h","2026-09-01 17:00:00","2026-09-02 01:00:00","1290.000","1290.000","1290.000","1290.000","0.00","2026-09-01 17:59:59","2026-09-02 01:59:59","0.00000","0","0.00","0.00000"
"all-available","Asia/Taipei","BTCUSDT","BTC-260902-79000-P","2026-09-02","79000","PUT","1h","2026-09-01 18:00:00","2026-09-02 02:00:00","2015.000","2015.000","2015.000","2015.000","1.10","2026-09-01 18:59:59","2026-09-02 02:59:59","2216.50000","1","1.10","2216.50000"
"all-available","Asia/Taipei","BTCUSDT","BTC-260902-79000-P","2026-09-02","79000","PUT","1h","2026-09-01 19:00:00","2026-09-02 03:00:00","2015.000","2015.000","2015.000","2015.000","0.00","2026-09-01 19:59:59","2026-09-02 03:59:59","0.00000","0","0.00","0.00000"
"all-available","Asia/Taipei","BTCUSDT","BTC-260902-79000-P","2026-09-02","79000","PUT","1h","2026-09-01 20:00:00","2026-09-02 04:00:00","2015.000","2015.000","2015.000","2015.000","0.00","2026-09-01 20:59:59","2026-09-02 04:59:59","0.00000","0","0.00","0.00000"
"all-available","Asia/Taipei","BTCUSDT","BTC-260902-79000-P","2026-09-02","79000","PUT","1h","2026-09-01 21:00:00","2026-09-02 05:00:00","2015.000","2015.000","2015.000","2015.000","0.00","2026-09-01 21:59:59","2026-09-02 05:59:59","0.00000","0","0.00","0.00000"
"all-available","Asia/Taipei","BTCUSDT","BTC-260902-79000-P","2026-09-02","79000","PUT","1h","2026-09-01 22:00:00","2026-09-02 06:00:00","2015.000","2015.000","2015.000","2015.000","0.00","2026-09-01 22:59:59","2026-09-02 06:59:59","0.00000","0","0.00","0.00000"
"all-available","Asia/Taipei","BTCUSDT","BTC-260902-79000-P","2026-09-02","79000","PUT","1h","2026-09-01 23:00:00","2026-09-02 07:00:00","2015.000","2015.000","2015.000","2015.000","0.00","2026-09-01 23:59:59","2026-09-02 07:59:59","0.00000","0","0.00","0.00000"
"all-available","Asia/Taipei","BTCUSDT","BTC-260902-79000-P","2026-09-02","79000","PUT","1h","2026-09-02 00:00:00","2026-09-02 08:00:00","2015.000","2015.000","2015.000","2015.000","0.00","2026-09-02 00:59:59","2026-09-02 08:59:59","0.00000","0","0.00","0.00000"
"all-available","Asia/Taipei","BTCUSDT","BTC-260902-79000-P","2026-09-02","79000","PUT","1h","2026-09-02 01:00:00","2026-09-02 09:00:00","2015.000","2015.000","2015.000","2015.000","0.00","2026-09-02 01:59:59","2026-09-02 09:59:59","0.00000","0","0.00","0.00000"
"all-available","Asia/Taipei","BTCUSDT","BTC-260902-79000-P","2026-09-02","79000","PUT","1h","2026-09-02 02:00:00","2026-09-02 10:00:00","2015.000","2015.000","2015.000","2015.000","0.00","2026-09-02 02:59:59","2026-09-02 10:59:59","0.00000","0","0.00","0.00000"
"all-available","Asia/Taipei","BTCUSDT","BTC-260902-79000-P","2026-09-02","79000","PUT","1h","2026-09-02 03:00:00","2026-09-02 11:00:00","2015.000","2015.000","2015.000","2015.000","0.00","2026-09-02 03:59:59","2026-09-02 11:59:59","0.00000","0","0.00","0.00000"
"all-available","Asia/Taipei","BTCUSDT","BTC-260902-79000-P","2026-09-02","79000","PUT","1h","2026-09-02 04:00:00","2026-09-02 12:00:00","1580.000","1580.000","1580.000","1580.000","0.01","2026-09-02 04:59:59","2026-09-02 12:59:59","15.80000","1","0.00","0.00000"
"all-available","Asia/Taipei","BTCUSDT","BTC-260902-79000-P","2026-09-02","79000","PUT","1h","2026-09-02 05:00:00","2026-09-02 13:00:00","1580.000","1580.000","1580.000","1580.000","0.00","2026-09-02 05:59:59","2026-09-02 13:59:59","0.00000","0","0.00","0.00000"
"all-available","Asia/Taipei","BTCUSDT","BTC-260902-79000-P","2026-09-02","79000","PUT","1h","2026-09-02 06:00:00","2026-09-02 14:00:00","1580.000","1580.000","1580.000","1580.000","0.00","2026-09-02 06:59:59","2026-09-02 14:59:59","0.00000","0","0.00","0.00000"
"all-available","Asia/Taipei","BTCUSDT","BTC-260902-79000-P","2026-09-02","79000","PUT","1h","2026-09-02 07:00:00","2026-09-02 15:00:00","1580.000","1580.000","1580.000","1580.000","0.00","2026-09-02 07:59:59","2026-09-02 15:59:59","0.00000","0","0.00","0.00000"
"all-available","Asia/Taipei","BTCUSDT","BTC-260902-79250-C","2026-09-02","79250","CALL","1h","2026-08-31 08:00:00","2026-08-31 16:00:00","385.000","385.000","385.000","385.000","0.36","2026-08-31 08:59:59","2026-08-31 16:59:59","138.60000","1","0.36","138.60000"
"all-available","Asia/Taipei","BTCUSDT","BTC-260902-79250-C","2026-09-02","79250","CALL","1h","2026-08-31 09:00:00","2026-08-31 17:00:00","435.000","490.000","435.000","490.000","0.34","2026-08-31 09:59:59","2026-08-31 17:59:59","148.45000","2","0.34","148.45000"
"all-available","Asia/Taipei","BTCUSDT","BTC-260902-79250-C","2026-09-02","79250","CALL","1h","2026-08-31 10:00:00","2026-08-31 18:00:00","490.000","490.000","490.000","490.000","0.00","2026-08-31 10:59:59","2026-08-31 18:59:59","0.00000","0","0.00","0.00000"
"all-available","Asia/Taipei","BTCUSDT","BTC-260902-79250-C","2026-09-02","79250","CALL","1h","2026-08-31 11:00:00","2026-08-31 19:00:00","490.000","490.000","490.000","490.000","0.00","2026-08-31 11:59:59","2026-08-31 19:59:59","0.00000","0","0.00","0.00000"
"all-available","Asia/Taipei","BTCUSDT","BTC-260902-79250-C","2026-09-02","79250","CALL","1h","2026-08-31 12:00:00","2026-08-31 20:00:00","285.000","285.000","285.000","285.000","0.11","2026-08-31 12:59:59","2026-08-31 20:59:59","31.35000","2","0.01","2.85000"
"all-available","Asia/Taipei","BTCUSDT","BTC-260902-79250-C","2026-09-02","79250","CALL","1h","2026-08-31 13:00:00","2026-08-31 21:00:00","285.000","285.000","285.000","285.000","0.00","2026-08-31 13:59:59","2026-08-31 21:59:59","0.00000","0","0.00","0.00000"
"all-available","Asia/Taipei","BTCUSDT","BTC-260902-79250-C","2026-09-02","79250","CALL","1h","2026-08-31 14:00:00","2026-08-31 22:00:00","290.000","460.000","290.000","460.000","0.26","2026-08-31 14:59:59","2026-08-31 22:59:59","109.40000","5","0.20","92.00000"
"all-available","Asia/Taipei","BTCUSDT","BTC-260902-79250-C","2026-09-02","79250","CALL","1h","2026-08-31 15:00:00","2026-08-31 23:00:00","460.000","460.000","460.000","460.000","0.00","2026-08-31 15:59:59","2026-08-31 23:59:59","0.00000","0","0.00","0.00000"
"all-available","Asia/Taipei","BTCUSDT","BTC-260902-79250-C","2026-09-02","79250","CALL","1h","2026-08-31 16:00:00","2026-09-01 00:00:00","460.000","460.000","460.000","460.000","0.00","2026-08-31 16:59:59","2026-09-01 00:59:59","0.00000","0","0.00","0.00000"
"all-available","Asia/Taipei","BTCUSDT","BTC-260902-79250-C","2026-09-02","79250","CALL","1h","2026-08-31 17:00:00","2026-09-01 01:00:00","460.000","460.000","460.000","460.000","0.00","2026-08-31 17:59:59","2026-09-01 01:59:59","0.00000","0","0.00","0.00000"
"all-available","Asia/Taipei","BTCUSDT","BTC-260902-79250-C","2026-09-02","79250","CALL","1h","2026-08-31 18:00:00","2026-09-01 02:00:00","545.000","550.000","545.000","550.000","0.31","2026-08-31 18:59:59","2026-09-01 02:59:59","169.20000","2","0.31","169.20000"
"all-available","Asia/Taipei","BTCUSDT","BTC-260902-79250-C","2026-09-02","79250","CALL","1h","2026-08-31 19:00:00","2026-09-01 03:00:00","550.000","550.000","550.000","550.000","0.00","2026-08-31 19:59:59","2026-09-01 03:59:59","0.00000","0","0.00","0.00000"
"all-available","Asia/Taipei","BTCUSDT","BTC-260902-79250-C","2026-09-02","79250","CALL","1h","2026-08-31 20:00:00","2026-09-01 04:00:00","550.000","550.000","550.000","550.000","0.00","2026-08-31 20:59:59","2026-09-01 04:59:59","0.00000","0","0.00","0.00000"
"all-available","Asia/Taipei","BTCUSDT","BTC-260902-79250-C","2026-09-02","79250","CALL","1h","2026-08-31 21:00:00","2026-09-01 05:00:00","575.000","575.000","565.000","565.000","1.19","2026-08-31 21:59:59","2026-09-01 05:59:59","679.95000","4","0.00","0.00000"
"all-available","Asia/Taipei","BTCUSDT","BTC-260902-79250-C","2026-09-02","79250","CALL","1h","2026-08-31 22:00:00","2026-09-01 06:00:00","565.000","565.000","565.000","565.000","0.00","2026-08-31 22:59:59","2026-09-01 06:59:59","0.00000","0","0.00","0.00000"
"all-available","Asia/Taipei","BTCUSDT","BTC-260902-79250-C","2026-09-02","79250","CALL","1h","2026-08-31 23:00:00","2026-09-01 07:00:00","395.000","395.000","395.000","395.000","0.04","2026-08-31 23:59:59","2026-09-01 07:59:59","15.80000","1","0.00","0.00000"
"all-available","Asia/Taipei","BTCUSDT","BTC-260902-79250-C","2026-09-02","79250","CALL","1h","2026-09-01 00:00:00","2026-09-01 08:00:00","395.000","395.000","395.000","395.000","0.00","2026-09-01 00:59:59","2026-09-01 08:59:59","0.00000","0","0.00","0.00000"
"all-available","Asia/Taipei","BTCUSDT","BTC-260902-79250-C","2026-09-02","79250","CALL","1h","2026-09-01 01:00:00","2026-09-01 09:00:00","395.000","395.000","395.000","395.000","0.00","2026-09-01 01:59:59","2026-09-01 09:59:59","0.00000","0","0.00","0.00000"
"all-available","Asia/Taipei","BTCUSDT","BTC-260902-79250-C","2026-09-02","79250","CALL","1h","2026-09-01 02:00:00","2026-09-01 10:00:00","395.000","395.000","395.000","395.000","0.00","2026-09-01 02:59:59","2026-09-01 10:59:59","0.00000","0","0.00","0.00000"
"all-available","Asia/Taipei","BTCUSDT","BTC-260902-79250-C","2026-09-02","79250","CALL","1h","2026-09-01 03:00:00","2026-09-01 11:00:00","445.000","445.000","445.000","445.000","0.01","2026-09-01 03:59:59","2026-09-01 11:59:59","4.45000","1","0.00","0.00000"
"all-available","Asia/Taipei","BTCUSDT","BTC-260902-79250-C","2026-09-02","79250","CALL","1h","2026-09-01 04:00:00","2026-09-01 12:00:00","405.000","445.000","405.000","445.000","0.06","2026-09-01 04:59:59","2026-09-01 12:59:59","24.70000","2","0.06","24.70000"
"all-available","Asia/Taipei","BTCUSDT","BTC-260902-79250-C","2026-09-02","79250","CALL","1h","2026-09-01 05:00:00","2026-09-01 13:00:00","560.000","560.000","560.000","560.000","0.04","2026-09-01 05:59:59","2026-09-01 13:59:59","22.40000","1","0.00","0.00000"
"all-available","Asia/Taipei","BTCUSDT","BTC-260902-79250-C","2026-09-02","79250","CALL","1h","2026-09-01 06:00:00","2026-09-01 14:00:00","545.000","545.000","390.000","390.000","5.76","2026-09-01 06:59:59","2026-09-01 14:59:59","2723.85000","11","3.98","2003.40000"
"all-available","Asia/Taipei","BTCUSDT","BTC-260902-79250-C","2026-09-02","79250","CALL","1h","2026-09-01 07:00:00","2026-09-01 15:00:00","360.000","360.000","270.000","270.000","2.31","2026-09-01 07:59:59","2026-09-01 15:59:59","821.70000","4","2.20","792.00000"
"all-available","Asia/Taipei","BTCUSDT","BTC-260902-79250-C","2026-09-02","79250","CALL","1h","2026-09-01 08:00:00","2026-09-01 16:00:00","235.000","235.000","115.000","115.000","7.71","2026-09-01 08:59:59","2026-09-01 16:59:59","1403.15000","13","3.45","419.00000"
"all-available","Asia/Taipei","BTCUSDT","BTC-260902-79250-C","2026-09-02","79250","CALL","1h","2026-09-01 09:00:00","2026-09-01 17:00:00","110.000","110.000","110.000","110.000","2.00","2026-09-01 09:59:59","2026-09-01 17:59:59","220.00000","2","0.00","0.00000"
"all-available","Asia/Taipei","BTCUSDT","BTC-260902-79250-C","2026-09-02","79250","CALL","1h","2026-09-01 10:00:00","2026-09-01 18:00:00","110.000","110.000","110.000","110.000","0.00","2026-09-01 10:59:59","2026-09-01 18:59:59","0.00000","0","0.00","0.00000"
"all-available","Asia/Taipei","BTCUSDT","BTC-260902-79250-C","2026-09-02","79250","CALL","1h","2026-09-01 11:00:00","2026-09-01 19:00:00","115.000","115.000","115.000","115.000","0.55","2026-09-01 11:59:59","2026-09-01 19:59:59","63.25000","1","0.55","63.25000"
"all-available","Asia/Taipei","BTCUSDT","BTC-260902-79250-C","2026-09-02","79250","CALL","1h","2026-09-01 12:00:00","2026-09-01 20:00:00","110.000","115.000","110.000","115.000","6.00","2026-09-01 12:59:59","2026-09-01 20:59:59","685.00000","6","6.00","685.00000"
"all-available","Asia/Taipei","BTCUSDT","BTC-260902-79250-C","2026-09-02","79250","CALL","1h","2026-09-01 13:00:00","2026-09-01 21:00:00","95.000","95.000","90.000","90.000","1.02","2026-09-01 13:59:59","2026-09-01 21:59:59","91.85000","3","1.02","91.85000"
"all-available","Asia/Taipei","BTCUSDT","BTC-260902-79250-C","2026-09-02","79250","CALL","1h","2026-09-01 14:00:00","2026-09-01 22:00:00","125.000","170.000","120.000","160.000","3.62","2026-09-01 14:59:59","2026-09-01 22:59:59","555.95000","14","0.22","27.95000"
"all-available","Asia/Taipei","BTCUSDT","BTC-260902-79250-C","2026-09-02","79250","CALL","1h","2026-09-01 15:00:00","2026-09-01 23:00:00","70.000","70.000","70.000","70.000","3.35","2026-09-01 15:59:59","2026-09-01 23:59:59","234.50000","2","3.35","234.50000"
"all-available","Asia/Taipei","BTCUSDT","BTC-260902-79250-C","2026-09-02","79250","CALL","1h","2026-09-01 16:00:00","2026-09-02 00:00:00","30.000","30.000","30.000","30.000","1.20","2026-09-01 16:59:59","2026-09-02 00:59:59","36.00000","10","0.00","0.00000"
"all-available","Asia/Taipei","BTCUSDT","BTC-260902-79250-C","2026-09-02","79250","CALL","1h","2026-09-01 17:00:00","2026-09-02 01:00:00","25.000","25.000","25.000","25.000","6.22","2026-09-01 17:59:59","2026-09-02 01:59:59","155.50000","5","6.11","152.75000"
"all-available","Asia/Taipei","BTCUSDT","BTC-260902-79250-C","2026-09-02","79250","CALL","1h","2026-09-01 18:00:00","2026-09-02 02:00:00","15.000","15.000","10.000","15.000","23.85","2026-09-01 18:59:59","2026-09-02 02:59:59","349.50000","27","18.64","277.00000"
"all-available","Asia/Taipei","BTCUSDT","BTC-260902-79250-C","2026-09-02","79250","CALL","1h","2026-09-01 19:00:00","2026-09-02 03:00:00","15.000","15.000","15.000","15.000","0.40","2026-09-01 19:59:59","2026-09-02 03:59:59","6.00000","3","0.00","0.00000"
"all-available","Asia/Taipei","BTCUSDT","BTC-260902-79250-C","2026-09-02","79250","CALL","1h","2026-09-01 20:00:00","2026-09-02 04:00:00","15.000","15.000","15.000","15.000","0.00","2026-09-01 20:59:59","2026-09-02 04:59:59","0.00000","0","0.00","0.00000"
"all-available","Asia/Taipei","BTCUSDT","BTC-260902-79250-C","2026-09-02","79250","CALL","1h","2026-09-01 21:00:00","2026-09-02 05:00:00","15.000","15.000","15.000","15.000","1.00","2026-09-01 21:59:59","2026-09-02 05:59:59","15.00000","3","0.00","0.00000"
"all-available","Asia/Taipei","BTCUSDT","BTC-260902-79250-C","2026-09-02","79250","CALL","1h","2026-09-01 22:00:00","2026-09-02 06:00:00","15.000","15.000","15.000","15.000","0.00","2026-09-01 22:59:59","2026-09-02 06:59:59","0.00000","0","0.00","0.00000"
"all-available","Asia/Taipei","BTCUSDT","BTC-260902-79250-C","2026-09-02","79250","CALL","1h","2026-09-01 23:00:00","2026-09-02 07:00:00","10.000","10.000","5.000","5.000","9.63","2026-09-01 23:59:59","2026-09-02 07:59:59","96.20000","8","0.00","0.00000"
"all-available","Asia/Taipei","BTCUSDT","BTC-260902-79250-C","2026-09-02","79250","CALL","1h","2026-09-02 00:00:00","2026-09-02 08:00:00","5.000","5.000","5.000","5.000","16.56","2026-09-02 00:59:59","2026-09-02 08:59:59","82.80000","5","0.02","0.10000"
"all-available","Asia/Taipei","BTCUSDT","BTC-260902-79250-C","2026-09-02","79250","CALL","1h","2026-09-02 01:00:00","2026-09-02 09:00:00","5.000","5.000","5.000","5.000","0.00","2026-09-02 01:59:59","2026-09-02 09:59:59","0.00000","0","0.00","0.00000"
"all-available","Asia/Taipei","BTCUSDT","BTC-260902-79250-C","2026-09-02","79250","CALL","1h","2026-09-02 02:00:00","2026-09-02 10:00:00","5.000","5.000","5.000","5.000","0.00","2026-09-02 02:59:59","2026-09-02 10:59:59","0.00000","0","0.00","0.00000"
"all-available","Asia/Taipei","BTCUSDT","BTC-260902-79250-C","2026-09-02","79250","CALL","1h","2026-09-02 03:00:00","2026-09-02 11:00:00","5.000","5.000","5.000","5.000","0.00","2026-09-02 03:59:59","2026-09-02 11:59:59","0.00000","0","0.00","0.00000"
"all-available","Asia/Taipei","BTCUSDT","BTC-260902-79250-C","2026-09-02","79250","CALL","1h","2026-09-02 04:00:00","2026-09-02 12:00:00","5.000","5.000","5.000","5.000","0.00","2026-09-02 04:59:59","2026-09-02 12:59:59","0.00000","0","0.00","0.00000"
"all-available","Asia/Taipei","BTCUSDT","BTC-260902-79250-C","2026-09-02","79250","CALL","1h","2026-09-02 05:00:00","2026-09-02 13:00:00","5.000","5.000","5.000","5.000","0.00","2026-09-02 05:59:59","2026-09-02 13:59:59","0.00000","0","0.00","0.00000"
"all-available","Asia/Taipei","BTCUSDT","BTC-260902-79250-C","2026-09-02","79250","CALL","1h","2026-09-02 06:00:00","2026-09-02 14:00:00","5.000","5.000","5.000","5.000","0.02","2026-09-02 06:59:59","2026-09-02 14:59:59","0.10000","2","0.02","0.10000"
"all-available","Asia/Taipei","BTCUSDT","BTC-260902-79250-C","2026-09-02","79250","CALL","1h","2026-09-02 07:00:00","2026-09-02 15:00:00","5.000","5.000","5.000","5.000","1.00","2026-09-02 07:59:59","2026-09-02 15:59:59","5.00000","1","1.00","5.00000"
"all-available","Asia/Taipei","BTCUSDT","BTC-260902-79250-P","2026-09-02","79250","PUT","1h","2026-08-31 18:00:00","2026-09-01 02:00:00","820.000","820.000","820.000","820.000","0.39","2026-08-31 18:59:59","2026-09-01 02:59:59","319.80000","1","0.00","0.00000"
"all-available","Asia/Taipei","BTCUSDT","BTC-260902-79250-P","2026-09-02","79250","PUT","1h","2026-08-31 19:00:00","2026-09-01 03:00:00","820.000","820.000","820.000","820.000","0.00","2026-08-31 19:59:59","2026-09-01 03:59:59","0.00000","0","0.00","0.00000"
"all-available","Asia/Taipei","BTCUSDT","BTC-260902-79250-P","2026-09-02","79250","PUT","1h","2026-08-31 20:00:00","2026-09-01 04:00:00","820.000","820.000","820.000","820.000","0.00","2026-08-31 20:59:59","2026-09-01 04:59:59","0.00000","0","0.00","0.00000"
"all-available","Asia/Taipei","BTCUSDT","BTC-260902-79250-P","2026-09-02","79250","PUT","1h","2026-08-31 21:00:00","2026-09-01 05:00:00","820.000","820.000","820.000","820.000","0.00","2026-08-31 21:59:59","2026-09-01 05:59:59","0.00000","0","0.00","0.00000"
"all-available","Asia/Taipei","BTCUSDT","BTC-260902-79250-P","2026-09-02","79250","PUT","1h","2026-08-31 22:00:00","2026-09-01 06:00:00","820.000","820.000","820.000","820.000","0.00","2026-08-31 22:59:59","2026-09-01 06:59:59","0.00000","0","0.00","0.00000"
"all-available","Asia/Taipei","BTCUSDT","BTC-260902-79250-P","2026-09-02","79250","PUT","1h","2026-08-31 23:00:00","2026-09-01 07:00:00","820.000","820.000","820.000","820.000","0.00","2026-08-31 23:59:59","2026-09-01 07:59:59","0.00000","0","0.00","0.00000"
"all-available","Asia/Taipei","BTCUSDT","BTC-260902-79250-P","2026-09-02","79250","PUT","1h","2026-09-01 00:00:00","2026-09-01 08:00:00","820.000","820.000","820.000","820.000","0.00","2026-09-01 00:59:59","2026-09-01 08:59:59","0.00000","0","0.00","0.00000"
"all-available","Asia/Taipei","BTCUSDT","BTC-260902-79250-P","2026-09-02","79250","PUT","1h","2026-09-01 01:00:00","2026-09-01 09:00:00","820.000","820.000","820.000","820.000","0.00","2026-09-01 01:59:59","2026-09-01 09:59:59","0.00000","0","0.00","0.00000"
"all-available","Asia/Taipei","BTCUSDT","BTC-260902-79250-P","2026-09-02","79250","PUT","1h","2026-09-01 02:00:00","2026-09-01 10:00:00","820.000","820.000","820.000","820.000","0.00","2026-09-01 02:59:59","2026-09-01 10:59:59","0.00000","0","0.00","0.00000"
"all-available","Asia/Taipei","BTCUSDT","BTC-260902-79250-P","2026-09-02","79250","PUT","1h","2026-09-01 03:00:00","2026-09-01 11:00:00","820.000","820.000","820.000","820.000","0.00","2026-09-01 03:59:59","2026-09-01 11:59:59","0.00000","0","0.00","0.00000"
"all-available","Asia/Taipei","BTCUSDT","BTC-260902-79250-P","2026-09-02","79250","PUT","1h","2026-09-01 04:00:00","2026-09-01 12:00:00","820.000","820.000","820.000","820.000","0.00","2026-09-01 04:59:59","2026-09-01 12:59:59","0.00000","0","0.00","0.00000"
"all-available","Asia/Taipei","BTCUSDT","BTC-260902-79250-P","2026-09-02","79250","PUT","1h","2026-09-01 05:00:00","2026-09-01 13:00:00","820.000","820.000","820.000","820.000","0.00","2026-09-01 05:59:59","2026-09-01 13:59:59","0.00000","0","0.00","0.00000"
"all-available","Asia/Taipei","BTCUSDT","BTC-260902-79250-P","2026-09-02","79250","PUT","1h","2026-09-01 06:00:00","2026-09-01 14:00:00","670.000","790.000","670.000","790.000","4.33","2026-09-01 06:59:59","2026-09-01 14:59:59","3129.25000","8","4.33","3129.25000"
"all-available","Asia/Taipei","BTCUSDT","BTC-260902-79250-P","2026-09-02","79250","PUT","1h","2026-09-01 07:00:00","2026-09-01 15:00:00","790.000","790.000","790.000","790.000","0.00","2026-09-01 07:59:59","2026-09-01 15:59:59","0.00000","0","0.00","0.00000"
"all-available","Asia/Taipei","BTCUSDT","BTC-260902-79250-P","2026-09-02","79250","PUT","1h","2026-09-01 08:00:00","2026-09-01 16:00:00","790.000","790.000","790.000","790.000","0.00","2026-09-01 08:59:59","2026-09-01 16:59:59","0.00000","0","0.00","0.00000"
"all-available","Asia/Taipei","BTCUSDT","BTC-260902-79250-P","2026-09-02","79250","PUT","1h","2026-09-01 09:00:00","2026-09-01 17:00:00","790.000","790.000","790.000","790.000","0.00","2026-09-01 09:59:59","2026-09-01 17:59:59","0.00000","0","0.00","0.00000"
"all-available","Asia/Taipei","BTCUSDT","BTC-260902-79250-P","2026-09-02","79250","PUT","1h","2026-09-01 10:00:00","2026-09-01 18:00:00","790.000","790.000","790.000","790.000","0.00","2026-09-01 10:59:59","2026-09-01 18:59:59","0.00000","0","0.00","0.00000"
"all-available","Asia/Taipei","BTCUSDT","BTC-260902-79250-P","2026-09-02","79250","PUT","1h","2026-09-01 11:00:00","2026-09-01 19:00:00","790.000","790.000","790.000","790.000","0.00","2026-09-01 11:59:59","2026-09-01 19:59:59","0.00000","0","0.00","0.00000"
"all-available","Asia/Taipei","BTCUSDT","BTC-260902-79250-P","2026-09-02","79250","PUT","1h","2026-09-01 12:00:00","2026-09-01 20:00:00","790.000","790.000","790.000","790.000","0.00","2026-09-01 12:59:59","2026-09-01 20:59:59","0.00000","0","0.00","0.00000"
"all-available","Asia/Taipei","BTCUSDT","BTC-260902-79250-P","2026-09-02","79250","PUT","1h","2026-09-01 13:00:00","2026-09-01 21:00:00","790.000","790.000","790.000","790.000","0.00","2026-09-01 13:59:59","2026-09-01 21:59:59","0.00000","0","0.00","0.00000"
"all-available","Asia/Taipei","BTCUSDT","BTC-260902-79250-P","2026-09-02","79250","PUT","1h","2026-09-01 14:00:00","2026-09-01 22:00:00","790.000","790.000","790.000","790.000","0.00","2026-09-01 14:59:59","2026-09-01 22:59:59","0.00000","0","0.00","0.00000"
"all-available","Asia/Taipei","BTCUSDT","BTC-260902-79250-P","2026-09-02","79250","PUT","1h","2026-09-01 15:00:00","2026-09-01 23:00:00","790.000","790.000","790.000","790.000","0.00","2026-09-01 15:59:59","2026-09-01 23:59:59","0.00000","0","0.00","0.00000"
"all-available","Asia/Taipei","BTCUSDT","BTC-260902-79250-P","2026-09-02","79250","PUT","1h","2026-09-01 16:00:00","2026-09-02 00:00:00","790.000","790.000","790.000","790.000","0.00","2026-09-01 16:59:59","2026-09-02 00:59:59","0.00000","0","0.00","0.00000"
"all-available","Asia/Taipei","BTCUSDT","BTC-260902-79250-P","2026-09-02","79250","PUT","1h","2026-09-01 17:00:00","2026-09-02 01:00:00","790.000","790.000","790.000","790.000","0.00","2026-09-01 17:59:59","2026-09-02 01:59:59","0.00000","0","0.00","0.00000"
"all-available","Asia/Taipei","BTCUSDT","BTC-260902-79250-P","2026-09-02","79250","PUT","1h","2026-09-01 18:00:00","2026-09-02 02:00:00","790.000","790.000","790.000","790.000","0.00","2026-09-01 18:59:59","2026-09-02 02:59:59","0.00000","0","0.00","0.00000"
"all-available","Asia/Taipei","BTCUSDT","BTC-260902-79250-P","2026-09-02","79250","PUT","1h","2026-09-01 19:00:00","2026-09-02 03:00:00","790.000","790.000","790.000","790.000","0.00","2026-09-01 19:59:59","2026-09-02 03:59:59","0.00000","0","0.00","0.00000"
"all-available","Asia/Taipei","BTCUSDT","BTC-260902-79250-P","2026-09-02","79250","PUT","1h","2026-09-01 20:00:00","2026-09-02 04:00:00","790.000","790.000","790.000","790.000","0.00","2026-09-01 20:59:59","2026-09-02 04:59:59","0.00000","0","0.00","0.00000"
"all-available","Asia/Taipei","BTCUSDT","BTC-260902-79250-P","2026-09-02","79250","PUT","1h","2026-09-01 21:00:00","2026-09-02 05:00:00","790.000","790.000","790.000","790.000","0.00","2026-09-01 21:59:59","2026-09-02 05:59:59","0.00000","0","0.00","0.00000"
"all-available","Asia/Taipei","BTCUSDT","BTC-260902-79250-P","2026-09-02","79250","PUT","1h","2026-09-01 22:00:00","2026-09-02 06:00:00","790.000","790.000","790.000","790.000","0.00","2026-09-01 22:59:59","2026-09-02 06:59:59","0.00000","0","0.00","0.00000"
"all-available","Asia/Taipei","BTCUSDT","BTC-260902-79250-P","2026-09-02","79250","PUT","1h","2026-09-01 23:00:00","2026-09-02 07:00:00","790.000","790.000","790.000","790.000","0.00","2026-09-01 23:59:59","2026-09-02 07:59:59","0.00000","0","0.00","0.00000"
"all-available","Asia/Taipei","BTCUSDT","BTC-260902-79250-P","2026-09-02","79250","PUT","1h","2026-09-02 00:00:00","2026-09-02 08:00:00","790.000","790.000","790.000","790.000","0.00","2026-09-02 00:59:59","2026-09-02 08:59:59","0.00000","0","0.00","0.00000"
"all-available","Asia/Taipei","BTCUSDT","BTC-260902-79250-P","2026-09-02","79250","PUT","1h","2026-09-02 01:00:00","2026-09-02 09:00:00","790.000","790.000","790.000","790.000","0.00","2026-09-02 01:59:59","2026-09-02 09:59:59","0.00000","0","0.00","0.00000"
"all-available","Asia/Taipei","BTCUSDT","BTC-260902-79250-P","2026-09-02","79250","PUT","1h","2026-09-02 02:00:00","2026-09-02 10:00:00","790.000","790.000","790.000","790.000","0.00","2026-09-02 02:59:59","2026-09-02 10:59:59","0.00000","0","0.00","0.00000"
"all-available","Asia/Taipei","BTCUSDT","BTC-260902-79250-P","2026-09-02","79250","PUT","1h","2026-09-02 03:00:00","2026-09-02 11:00:00","790.000","790.000","790.000","790.000","0.00","2026-09-02 03:59:59","2026-09-02 11:59:59","0.00000","0","0.00","0.00000"
"all-available","Asia/Taipei","BTCUSDT","BTC-260902-79250-P","2026-09-02","79250","PUT","1h","2026-09-02 04:00:00","2026-09-02 12:00:00","790.000","790.000","790.000","790.000","0.00","2026-09-02 04:59:59","2026-09-02 12:59:59","0.00000","0","0.00","0.00000"
"all-available","Asia/Taipei","BTCUSDT","BTC-260902-79250-P","2026-09-02","79250","PUT","1h","2026-09-02 05:00:00","2026-09-02 13:00:00","790.000","790.000","790.000","790.000","0.00","2026-09-02 05:59:59","2026-09-02 13:59:59","0.00000","0","0.00","0.00000"
"all-available","Asia/Taipei","BTCUSDT","BTC-260902-79250-P","2026-09-02","79250","PUT","1h","2026-09-02 06:00:00","2026-09-02 14:00:00","790.000","790.000","790.000","790.000","0.00","2026-09-02 06:59:59","2026-09-02 14:59:59","0.00000","0","0.00","0.00000"
"all-available","Asia/Taipei","BTCUSDT","BTC-260902-79250-P","2026-09-02","79250","PUT","1h","2026-09-02 07:00:00","2026-09-02 15:00:00","790.000","790.000","790.000","790.000","0.00","2026-09-02 07:59:59","2026-09-02 15:59:59","0.00000","0","0.00","0.00000"
"all-available","Asia/Taipei","BTCUSDT","BTC-260902-79500-C","2026-09-02","79500","CALL","1h","2026-08-30 08:00:00","2026-08-30 16:00:00","425.000","425.000","425.000","425.000","0.01","2026-08-30 08:59:59","2026-08-30 16:59:59","4.25000","1","0.01","4.25000"
"all-available","Asia/Taipei","BTCUSDT","BTC-260902-79500-C","2026-09-02","79500","CALL","1h","2026-08-30 09:00:00","2026-08-30 17:00:00","425.000","425.000","425.000","425.000","0.00","2026-08-30 09:59:59","2026-08-30 17:59:59","0.00000","0","0.00","0.00000"
"all-available","Asia/Taipei","BTCUSDT","BTC-260902-79500-C","2026-09-02","79500","CALL","1h","2026-08-30 10:00:00","2026-08-30 18:00:00","370.000","370.000","370.000","370.000","0.02","2026-08-30 10:59:59","2026-08-30 18:59:59","7.40000","1","0.02","7.40000"
"all-available","Asia/Taipei","BTCUSDT","BTC-260902-79500-C","2026-09-02","79500","CALL","1h","2026-08-30 11:00:00","2026-08-30 19:00:00","370.000","370.000","370.000","370.000","0.00","2026-08-30 11:59:59","2026-08-30 19:59:59","0.00000","0","0.00","0.00000"
"all-available","Asia/Taipei","BTCUSDT","BTC-260902-79500-C","2026-09-02","79500","CALL","1h","2026-08-30 12:00:00","2026-08-30 20:00:00","505.000","505.000","505.000","505.000","0.05","2026-08-30 12:59:59","2026-08-30 20:59:59","25.25000","1","0.05","25.25000"
"all-available","Asia/Taipei","BTCUSDT","BTC-260902-79500-C","2026-09-02","79500","CALL","1h","2026-08-30 13:00:00","2026-08-30 21:00:00","570.000","570.000","570.000","570.000","0.07","2026-08-30 13:59:59","2026-08-30 21:59:59","39.90000","1","0.07","39.90000"
"all-available","Asia/Taipei","BTCUSDT","BTC-260902-79500-C","2026-09-02","79500","CALL","1h","2026-08-30 14:00:00","2026-08-30 22:00:00","590.000","590.000","565.000","565.000","1.23","2026-08-30 14:59:59","2026-08-30 22:59:59","713.20000","5","1.23","713.20000"
"all-available","Asia/Taipei","BTCUSDT","BTC-260902-79500-C","2026-09-02","79500","CALL","1h","2026-08-30 15:00:00","2026-08-30 23:00:00","565.000","565.000","565.000","565.000","0.00","2026-08-30 15:59:59","2026-08-30 23:59:59","0.00000","0","0.00","0.00000"
"all-available","Asia/Taipei","BTCUSDT","BTC-260902-79500-C","2026-09-02","79500","CALL","1h","2026-08-30 16:00:00","2026-08-31 00:00:00","645.000","800.000","645.000","800.000","0.04","2026-08-30 16:59:59","2026-08-31 00:59:59","27.35000","2","0.04","27.35000"
"all-available","Asia/Taipei","BTCUSDT","BTC-260902-79500-C","2026-09-02","79500","CALL","1h","2026-08-30 17:00:00","2026-08-31 01:00:00","670.000","670.000","670.000","670.000","0.22","2026-08-30 17:59:59","2026-08-31 01:59:59","147.40000","1","0.22","147.40000"
"all-available","Asia/Taipei","BTCUSDT","BTC-260902-79500-C","2026-09-02","79500","CALL","1h","2026-08-30 18:00:00","2026-08-31 02:00:00","670.000","670.000","670.000","670.000","0.00","2026-08-30 18:59:59","2026-08-31 02:59:59","0.00000","0","0.00","0.00000"
"all-available","Asia/Taipei","BTCUSDT","BTC-260902-79500-C","2026-09-02","79500","CALL","1h","2026-08-30 19:00:00","2026-08-31 03:00:00","670.000","670.000","670.000","670.000","0.00","2026-08-30 19:59:59","2026-08-31 03:59:59","0.00000","0","0.00","0.00000"
"all-available","Asia/Taipei","BTCUSDT","BTC-260902-79500-C","2026-09-02","79500","CALL","1h","2026-08-30 20:00:00","2026-08-31 04:00:00","670.000","670.000","670.000","670.000","0.00","2026-08-30 20:59:59","2026-08-31 04:59:59","0.00000","0","0.00","0.00000"
"all-available","Asia/Taipei","BTCUSDT","BTC-260902-79500-C","2026-09-02","79500","CALL","1h","2026-08-30 21:00:00","2026-08-31 05:00:00","670.000","670.000","670.000","670.000","0.00","2026-08-30 21:59:59","2026-08-31 05:59:59","0.00000","0","0.00","0.00000"
"all-available","Asia/Taipei","BTCUSDT","BTC-260902-79500-C","2026-09-02","79500","CALL","1h","2026-08-30 22:00:00","2026-08-31 06:00:00","670.000","670.000","670.000","670.000","0.00","2026-08-30 22:59:59","2026-08-31 06:59:59","0.00000","0","0.00","0.00000"
"all-available","Asia/Taipei","BTCUSDT","BTC-260902-79500-C","2026-09-02","79500","CALL","1h","2026-08-30 23:00:00","2026-08-31 07:00:00","365.000","365.000","280.000","290.000","1.18","2026-08-30 23:59:59","2026-08-31 07:59:59","342.10000","3","1.16","334.80000"
"all-available","Asia/Taipei","BTCUSDT","BTC-260902-79500-C","2026-09-02","79500","CALL","1h","2026-08-31 00:00:00","2026-08-31 08:00:00","295.000","295.000","290.000","290.000","1.49","2026-08-31 00:59:59","2026-08-31 08:59:59","433.40000","2","1.23","356.70000"
"all-available","Asia/Taipei","BTCUSDT","BTC-260902-79500-C","2026-09-02","79500","CALL","1h","2026-08-31 01:00:00","2026-08-31 09:00:00","315.000","315.000","275.000","275.000","0.58","2026-08-31 01:59:59","2026-08-31 09:59:59","162.30000","2","0.51","140.25000"
"all-available","Asia/Taipei","BTCUSDT","BTC-260902-79500-C","2026-09-02","79500","CALL","1h","2026-08-31 02:00:00","2026-08-31 10:00:00","275.000","275.000","275.000","275.000","0.00","2026-08-31 02:59:59","2026-08-31 10:59:59","0.00000","0","0.00","0.00000"
"all-available","Asia/Taipei","BTCUSDT","BTC-260902-79500-C","2026-09-02","79500","CALL","1h","2026-08-31 03:00:00","2026-08-31 11:00:00","275.000","275.000","275.000","275.000","0.00","2026-08-31 03:59:59","2026-08-31 11:59:59","0.00000","0","0.00","0.00000"
"all-available","Asia/Taipei","BTCUSDT","BTC-260902-79500-C","2026-09-02","79500","CALL","1h","2026-08-31 04:00:00","2026-08-31 12:00:00","275.000","275.000","275.000","275.000","0.00","2026-08-31 04:59:59","2026-08-31 12:59:59","0.00000","0","0.00","0.00000"
"all-available","Asia/Taipei","BTCUSDT","BTC-260902-79500-C","2026-09-02","79500","CALL","1h","2026-08-31 05:00:00","2026-08-31 13:00:00","275.000","275.000","275.000","275.000","0.00","2026-08-31 05:59:59","2026-08-31 13:59:59","0.00000","0","0.00","0.00000"
"all-available","Asia/Taipei","BTCUSDT","BTC-260902-79500-C","2026-09-02","79500","CALL","1h","2026-08-31 06:00:00","2026-08-31 14:00:00","275.000","275.000","275.000","275.000","0.00","2026-08-31 06:59:59","2026-08-31 14:59:59","0.00000","0","0.00","0.00000"
"all-available","Asia/Taipei","BTCUSDT","BTC-260902-79500-C","2026-09-02","79500","CALL","1h","2026-08-31 07:00:00","2026-08-31 15:00:00","305.000","330.000","305.000","330.000","0.16","2026-08-31 07:59:59","2026-08-31 15:59:59","50.20000","3","0.04","12.60000"
"all-available","Asia/Taipei","BTCUSDT","BTC-260902-79500-C","2026-09-02","79500","CALL","1h","2026-08-31 08:00:00","2026-08-31 16:00:00","330.000","330.000","330.000","330.000","0.10","2026-08-31 08:59:59","2026-08-31 16:59:59","33.00000","1","0.10","33.00000"
"all-available","Asia/Taipei","BTCUSDT","BTC-260902-79500-C","2026-09-02","79500","CALL","1h","2026-08-31 09:00:00","2026-08-31 17:00:00","420.000","440.000","420.000","435.000","1.42","2026-08-31 09:59:59","2026-08-31 17:59:59","603.55000","5","1.09","458.35000"
"all-available","Asia/Taipei","BTCUSDT","BTC-260902-79500-C","2026-09-02","79500","CALL","1h","2026-08-31 10:00:00","2026-08-31 18:00:00","435.000","435.000","435.000","435.000","0.00","2026-08-31 10:59:59","2026-08-31 18:59:59","0.00000","0","0.00","0.00000"
"all-available","Asia/Taipei","BTCUSDT","BTC-260902-79500-C","2026-09-02","79500","CALL","1h","2026-08-31 11:00:00","2026-08-31 19:00:00","435.000","435.000","435.000","435.000","0.00","2026-08-31 11:59:59","2026-08-31 19:59:59","0.00000","0","0.00","0.00000"
"all-available","Asia/Taipei","BTCUSDT","BTC-260902-79500-C","2026-09-02","79500","CALL","1h","2026-08-31 12:00:00","2026-08-31 20:00:00","345.000","345.000","345.000","345.000","0.02","2026-08-31 12:59:59","2026-08-31 20:59:59","6.90000","1","0.02","6.90000"
"all-available","Asia/Taipei","BTCUSDT","BTC-260902-79500-C","2026-09-02","79500","CALL","1h","2026-08-31 13:00:00","2026-08-31 21:00:00","295.000","295.000","295.000","295.000","0.03","2026-08-31 13:59:59","2026-08-31 21:59:59","8.85000","1","0.00","0.00000"
"all-available","Asia/Taipei","BTCUSDT","BTC-260902-79500-C","2026-09-02","79500","CALL","1h","2026-08-31 14:00:00","2026-08-31 22:00:00","295.000","295.000","295.000","295.000","0.00","2026-08-31 14:59:59","2026-08-31 22:59:59","0.00000","0","0.00","0.00000"
"all-available","Asia/Taipei","BTCUSDT","BTC-260902-79500-C","2026-09-02","79500","CALL","1h","2026-08-31 15:00:00","2026-08-31 23:00:00","400.000","400.000","400.000","400.000","0.02","2026-08-31 15:59:59","2026-08-31 23:59:59","8.00000","1","0.00","0.00000"
"all-available","Asia/Taipei","BTCUSDT","BTC-260902-79500-C","2026-09-02","79500","CALL","1h","2026-08-31 16:00:00","2026-09-01 00:00:00","385.000","405.000","345.000","405.000","2.72","2026-08-31 16:59:59","2026-09-01 00:59:59","1087.70000","5","2.46","996.30000"
"all-available","Asia/Taipei","BTCUSDT","BTC-260902-79500-C","2026-09-02","79500","CALL","1h","2026-08-31 17:00:00","2026-09-01 01:00:00","350.000","435.000","350.000","435.000","1.86","2026-08-31 17:59:59","2026-09-01 01:59:59","766.60000","2","0.50","175.00000"
"all-available","Asia/Taipei","BTCUSDT","BTC-260902-79500-C","2026-09-02","79500","CALL","1h","2026-08-31 18:00:00","2026-09-01 02:00:00","455.000","495.000","455.000","495.000","0.70","2026-08-31 18:59:59","2026-09-01 02:59:59","323.50000","3","0.20","92.00000"
"all-available","Asia/Taipei","BTCUSDT","BTC-260902-79500-C","2026-09-02","79500","CALL","1h","2026-08-31 19:00:00","2026-09-01 03:00:00","495.000","495.000","495.000","495.000","0.11","2026-08-31 19:59:59","2026-09-01 03:59:59","54.45000","1","0.11","54.45000"
"all-available","Asia/Taipei","BTCUSDT","BTC-260902-79500-C","2026-09-02","79500","CALL","1h","2026-08-31 20:00:00","2026-09-01 04:00:00","495.000","495.000","495.000","495.000","0.00","2026-08-31 20:59:59","2026-09-01 04:59:59","0.00000","0","0.00","0.00000"
"all-available","Asia/Taipei","BTCUSDT","BTC-260902-79500-C","2026-09-02","79500","CALL","1h","2026-08-31 21:00:00","2026-09-01 05:00:00","480.000","480.000","480.000","480.000","0.02","2026-08-31 21:59:59","2026-09-01 05:59:59","9.60000","1","0.02","9.60000"
"all-available","Asia/Taipei","BTCUSDT","BTC-260902-79500-C","2026-09-02","79500","CALL","1h","2026-08-31 22:00:00","2026-09-01 06:00:00","340.000","340.000","340.000","340.000","0.35","2026-08-31 22:59:59","2026-09-01 06:59:59","119.00000","1","0.35","119.00000"
"all-available","Asia/Taipei","BTCUSDT","BTC-260902-79500-C","2026-09-02","79500","CALL","1h","2026-08-31 23:00:00","2026-09-01 07:00:00","315.000","315.000","315.000","315.000","0.10","2026-08-31 23:59:59","2026-09-01 07:59:59","31.50000","1","0.00","0.00000"
"all-available","Asia/Taipei","BTCUSDT","BTC-260902-79500-C","2026-09-02","79500","CALL","1h","2026-09-01 00:00:00","2026-09-01 08:00:00","325.000","385.000","325.000","380.000","0.38","2026-09-01 00:59:59","2026-09-01 08:59:59","143.95000","4","0.00","0.00000"
"all-available","Asia/Taipei","BTCUSDT","BTC-260902-79500-C","2026-09-02","79500","CALL","1h","2026-09-01 01:00:00","2026-09-01 09:00:00","305.000","305.000","265.000","265.000","0.36","2026-09-01 01:59:59","2026-09-01 09:59:59","109.40000","4","0.00","0.00000"
"all-available","Asia/Taipei","BTCUSDT","BTC-260902-79500-C","2026-09-02","79500","CALL","1h","2026-09-01 02:00:00","2026-09-01 10:00:00","265.000","265.000","265.000","265.000","0.00","2026-09-01 02:59:59","2026-09-01 10:59:59","0.00000","0","0.00","0.00000"
"all-available","Asia/Taipei","BTCUSDT","BTC-260902-79500-C","2026-09-02","79500","CALL","1h","2026-09-01 03:00:00","2026-09-01 11:00:00","265.000","365.000","265.000","350.000","0.03","2026-09-01 03:59:59","2026-09-01 11:59:59","9.80000","3","0.02","6.30000"
"all-available","Asia/Taipei","BTCUSDT","BTC-260902-79500-C","2026-09-02","79500","CALL","1h","2026-09-01 04:00:00","2026-09-01 12:00:00","360.000","360.000","360.000","360.000","0.01","2026-09-01 04:59:59","2026-09-01 12:59:59","3.60000","1","0.01","3.60000"
"all-available","Asia/Taipei","BTCUSDT","BTC-260902-79500-C","2026-09-02","79500","CALL","1h","2026-09-01 05:00:00","2026-09-01 13:00:00","375.000","470.000","355.000","470.000","3.81","2026-09-01 05:59:59","2026-09-01 13:59:59","1496.60000","9","3.79","1488.10000"
"all-available","Asia/Taipei","BTCUSDT","BTC-260902-79500-C","2026-09-02","79500","CALL","1h","2026-09-01 06:00:00","2026-09-01 14:00:00","340.000","340.000","340.000","340.000","0.29","2026-09-01 06:59:59","2026-09-01 14:59:59","98.60000","2","0.29","98.60000"
"all-available","Asia/Taipei","BTCUSDT","BTC-260902-79500-C","2026-09-02","79500","CALL","1h","2026-09-01 07:00:00","2026-09-01 15:00:00","210.000","215.000","195.000","205.000","1.31","2026-09-01 07:59:59","2026-09-01 15:59:59","269.90000","10","1.29","265.75000"
"all-available","Asia/Taipei","BTCUSDT","BTC-260902-79500-C","2026-09-02","79500","CALL","1h","2026-09-01 08:00:00","2026-09-01 16:00:00","135.000","135.000","85.000","85.000","2.08","2026-09-01 08:59:59","2026-09-01 16:59:59","200.20000","9","0.91","94.15000"
"all-available","Asia/Taipei","BTCUSDT","BTC-260902-79500-C","2026-09-02","79500","CALL","1h","2026-09-01 09:00:00","2026-09-01 17:00:00","85.000","90.000","80.000","80.000","8.11","2026-09-01 09:59:59","2026-09-01 17:59:59","716.25000","12","6.15","552.25000"
"all-available","Asia/Taipei","BTCUSDT","BTC-260902-79500-C","2026-09-02","79500","CALL","1h","2026-09-01 10:00:00","2026-09-01 18:00:00","90.000","95.000","90.000","95.000","3.31","2026-09-01 10:59:59","2026-09-01 18:59:59","306.00000","7","1.69","152.10000"
"all-available","Asia/Taipei","BTCUSDT","BTC-260902-79500-C","2026-09-02","79500","CALL","1h","2026-09-01 11:00:00","2026-09-01 19:00:00","90.000","90.000","85.000","85.000","0.63","2026-09-01 11:59:59","2026-09-01 19:59:59","54.40000","3","0.00","0.00000"
"all-available","Asia/Taipei","BTCUSDT","BTC-260902-79500-C","2026-09-02","79500","CALL","1h","2026-09-01 12:00:00","2026-09-01 20:00:00","80.000","80.000","60.000","75.000","1.74","2026-09-01 12:59:59","2026-09-01 20:59:59","128.20000","7","1.42","104.20000"
"all-available","Asia/Taipei","BTCUSDT","BTC-260902-79500-C","2026-09-02","79500","CALL","1h","2026-09-01 13:00:00","2026-09-01 21:00:00","75.000","100.000","60.000","100.000","3.61","2026-09-01 13:59:59","2026-09-01 21:59:59","265.45000","25","0.98","60.00000"
"all-available","Asia/Taipei","BTCUSDT","BTC-260902-79500-C","2026-09-02","79500","CALL","1h","2026-09-01 14:00:00","2026-09-01 22:00:00","90.000","125.000","85.000","85.000","10.52","2026-09-01 14:59:59","2026-09-01 22:59:59","1108.95000","33","2.55","271.90000"
"all-available","Asia/Taipei","BTCUSDT","BTC-260902-79500-C","2026-09-02","79500","CALL","1h","2026-09-01 15:00:00","2026-09-01 23:00:00","60.000","60.000","40.000","40.000","5.94","2026-09-01 15:59:59","2026-09-01 23:59:59","307.15000","32","1.62","92.00000"
"all-available","Asia/Taipei","BTCUSDT","BTC-260902-79500-C","2026-09-02","79500","CALL","1h","2026-09-01 16:00:00","2026-09-02 00:00:00","40.000","40.000","20.000","20.000","8.62","2026-09-01 16:59:59","2026-09-02 00:59:59","265.80000","30","0.32","9.00000"
"all-available","Asia/Taipei","BTCUSDT","BTC-260902-79500-C","2026-09-02","79500","CALL","1h","2026-09-01 17:00:00","2026-09-02 01:00:00","20.000","20.000","15.000","15.000","1.39","2026-09-01 17:59:59","2026-09-02 01:59:59","25.00000","5","0.83","16.60000"
"all-available","Asia/Taipei","BTCUSDT","BTC-260902-79500-C","2026-09-02","79500","CALL","1h","2026-09-01 18:00:00","2026-09-02 02:00:00","10.000","10.000","10.000","10.000","0.83","2026-09-01 18:59:59","2026-09-02 02:59:59","8.30000","1","0.00","0.00000"
"all-available","Asia/Taipei","BTCUSDT","BTC-260902-79500-C","2026-09-02","79500","CALL","1h","2026-09-01 19:00:00","2026-09-02 03:00:00","10.000","10.000","10.000","10.000","0.00","2026-09-01 19:59:59","2026-09-02 03:59:59","0.00000","0","0.00","0.00000"
"all-available","Asia/Taipei","BTCUSDT","BTC-260902-79500-C","2026-09-02","79500","CALL","1h","2026-09-01 20:00:00","2026-09-02 04:00:00","10.000","15.000","10.000","15.000","10.12","2026-09-01 20:59:59","2026-09-02 04:59:59","151.20000","11","10.12","151.20000"
"all-available","Asia/Taipei","BTCUSDT","BTC-260902-79500-C","2026-09-02","79500","CALL","1h","2026-09-01 21:00:00","2026-09-02 05:00:00","10.000","10.000","10.000","10.000","0.96","2026-09-01 21:59:59","2026-09-02 05:59:59","9.60000","2","0.00","0.00000"
"all-available","Asia/Taipei","BTCUSDT","BTC-260902-79500-C","2026-09-02","79500","CALL","1h","2026-09-01 22:00:00","2026-09-02 06:00:00","10.000","10.000","10.000","10.000","0.00","2026-09-01 22:59:59","2026-09-02 06:59:59","0.00000","0","0.00","0.00000"
"all-available","Asia/Taipei","BTCUSDT","BTC-260902-79500-C","2026-09-02","79500","CALL","1h","2026-09-01 23:00:00","2026-09-02 07:00:00","5.000","5.000","5.000","5.000","35.18","2026-09-01 23:59:59","2026-09-02 07:59:59","175.90000","9","0.00","0.00000"
"all-available","Asia/Taipei","BTCUSDT","BTC-260902-79500-C","2026-09-02","79500","CALL","1h","2026-09-02 00:00:00","2026-09-02 08:00:00","5.000","5.000","5.000","5.000","0.00","2026-09-02 00:59:59","2026-09-02 08:59:59","0.00000","0","0.00","0.00000"
"all-available","Asia/Taipei","BTCUSDT","BTC-260902-79500-C","2026-09-02","79500","CALL","1h","2026-09-02 01:00:00","2026-09-02 09:00:00","5.000","5.000","5.000","5.000","0.00","2026-09-02 01:59:59","2026-09-02 09:59:59","0.00000","0","0.00","0.00000"
"all-available","Asia/Taipei","BTCUSDT","BTC-260902-79500-C","2026-09-02","79500","CALL","1h","2026-09-02 02:00:00","2026-09-02 10:00:00","5.000","5.000","5.000","5.000","0.00","2026-09-02 02:59:59","2026-09-02 10:59:59","0.00000","0","0.00","0.00000"
"all-available","Asia/Taipei","BTCUSDT","BTC-260902-79500-C","2026-09-02","79500","CALL","1h","2026-09-02 03:00:00","2026-09-02 11:00:00","5.000","5.000","5.000","5.000","0.00","2026-09-02 03:59:59","2026-09-02 11:59:59","0.00000","0","0.00","0.00000"
"all-available","Asia/Taipei","BTCUSDT","BTC-260902-79500-C","2026-09-02","79500","CALL","1h","2026-09-02 04:00:00","2026-09-02 12:00:00","5.000","5.000","5.000","5.000","0.00","2026-09-02 04:59:59","2026-09-02 12:59:59","0.00000","0","0.00","0.00000"
"all-available","Asia/Taipei","BTCUSDT","BTC-260902-79500-C","2026-09-02","79500","CALL","1h","2026-09-02 05:00:00","2026-09-02 13:00:00","5.000","5.000","5.000","5.000","0.00","2026-09-02 05:59:59","2026-09-02 13:59:59","0.00000","0","0.00","0.00000"
"all-available","Asia/Taipei","BTCUSDT","BTC-260902-79500-C","2026-09-02","79500","CALL","1h","2026-09-02 06:00:00","2026-09-02 14:00:00","5.000","5.000","5.000","5.000","0.00","2026-09-02 06:59:59","2026-09-02 14:59:59","0.00000","0","0.00","0.00000"
"all-available","Asia/Taipei","BTCUSDT","BTC-260902-79500-C","2026-09-02","79500","CALL","1h","2026-09-02 07:00:00","2026-09-02 15:00:00","5.000","5.000","5.000","5.000","0.00","2026-09-02 07:59:59","2026-09-02 15:59:59","0.00000","0","0.00","0.00000"
"all-available","Asia/Taipei","BTCUSDT","BTC-260902-79500-P","2026-09-02","79500","PUT","1h","2026-08-31 18:00:00","2026-09-01 02:00:00","905.000","905.000","905.000","905.000","0.16","2026-08-31 18:59:59","2026-09-01 02:59:59","144.80000","1","0.00","0.00000"
"all-available","Asia/Taipei","BTCUSDT","BTC-260902-79500-P","2026-09-02","79500","PUT","1h","2026-08-31 19:00:00","2026-09-01 03:00:00","855.000","910.000","855.000","885.000","6.38","2026-08-31 19:59:59","2026-09-01 03:59:59","5565.80000","7","3.00","2565.00000"
"all-available","Asia/Taipei","BTCUSDT","BTC-260902-79500-P","2026-09-02","79500","PUT","1h","2026-08-31 20:00:00","2026-09-01 04:00:00","885.000","885.000","885.000","885.000","0.00","2026-08-31 20:59:59","2026-09-01 04:59:59","0.00000","0","0.00","0.00000"
"all-available","Asia/Taipei","BTCUSDT","BTC-260902-79500-P","2026-09-02","79500","PUT","1h","2026-08-31 21:00:00","2026-09-01 05:00:00","885.000","885.000","885.000","885.000","0.00","2026-08-31 21:59:59","2026-09-01 05:59:59","0.00000","0","0.00","0.00000"
"all-available","Asia/Taipei","BTCUSDT","BTC-260902-79500-P","2026-09-02","79500","PUT","1h","2026-08-31 22:00:00","2026-09-01 06:00:00","885.000","885.000","885.000","885.000","0.00","2026-08-31 22:59:59","2026-09-01 06:59:59","0.00000","0","0.00","0.00000"
"all-available","Asia/Taipei","BTCUSDT","BTC-260902-79500-P","2026-09-02","79500","PUT","1h","2026-08-31 23:00:00","2026-09-01 07:00:00","885.000","885.000","885.000","885.000","0.00","2026-08-31 23:59:59","2026-09-01 07:59:59","0.00000","0","0.00","0.00000"
"all-available","Asia/Taipei","BTCUSDT","BTC-260902-79500-P","2026-09-02","79500","PUT","1h","2026-09-01 00:00:00","2026-09-01 08:00:00","885.000","885.000","885.000","885.000","0.00","2026-09-01 00:59:59","2026-09-01 08:59:59","0.00000","0","0.00","0.00000"
"all-available","Asia/Taipei","BTCUSDT","BTC-260902-79500-P","2026-09-02","79500","PUT","1h","2026-09-01 01:00:00","2026-09-01 09:00:00","885.000","885.000","885.000","885.000","0.00","2026-09-01 01:59:59","2026-09-01 09:59:59","0.00000","0","0.00","0.00000"
"all-available","Asia/Taipei","BTCUSDT","BTC-260902-79500-P","2026-09-02","79500","PUT","1h","2026-09-01 02:00:00","2026-09-01 10:00:00","885.000","885.000","885.000","885.000","0.00","2026-09-01 02:59:59","2026-09-01 10:59:59","0.00000","0","0.00","0.00000"
"all-available","Asia/Taipei","BTCUSDT","BTC-260902-79500-P","2026-09-02","79500","PUT","1h","2026-09-01 03:00:00","2026-09-01 11:00:00","885.000","885.000","885.000","885.000","0.00","2026-09-01 03:59:59","2026-09-01 11:59:59","0.00000","0","0.00","0.00000"
"all-available","Asia/Taipei","BTCUSDT","BTC-260902-79500-P","2026-09-02","79500","PUT","1h","2026-09-01 04:00:00","2026-09-01 12:00:00","885.000","885.000","885.000","885.000","0.00","2026-09-01 04:59:59","2026-09-01 12:59:59","0.00000","0","0.00","0.00000"
"all-available","Asia/Taipei","BTCUSDT","BTC-260902-79500-P","2026-09-02","79500","PUT","1h","2026-09-01 05:00:00","2026-09-01 13:00:00","785.000","785.000","785.000","785.000","4.00","2026-09-01 05:59:59","2026-09-01 13:59:59","3140.00000","1","0.00","0.00000"
"all-available","Asia/Taipei","BTCUSDT","BTC-260902-79500-P","2026-09-02","79500","PUT","1h","2026-09-01 06:00:00","2026-09-01 14:00:00","785.000","785.000","785.000","785.000","0.00","2026-09-01 06:59:59","2026-09-01 14:59:59","0.00000","0","0.00","0.00000"
"all-available","Asia/Taipei","BTCUSDT","BTC-260902-79500-P","2026-09-02","79500","PUT","1h","2026-09-01 07:00:00","2026-09-01 15:00:00","785.000","785.000","785.000","785.000","0.00","2026-09-01 07:59:59","2026-09-01 15:59:59","0.00000","0","0.00","0.00000"
"all-available","Asia/Taipei","BTCUSDT","BTC-260902-79500-P","2026-09-02","79500","PUT","1h","2026-09-01 08:00:00","2026-09-01 16:00:00","785.000","785.000","785.000","785.000","0.00","2026-09-01 08:59:59","2026-09-01 16:59:59","0.00000","0","0.00","0.00000"
"all-available","Asia/Taipei","BTCUSDT","BTC-260902-79500-P","2026-09-02","79500","PUT","1h","2026-09-01 09:00:00","2026-09-01 17:00:00","785.000","785.000","785.000","785.000","0.00","2026-09-01 09:59:59","2026-09-01 17:59:59","0.00000","0","0.00","0.00000"
"all-available","Asia/Taipei","BTCUSDT","BTC-260902-79500-P","2026-09-02","79500","PUT","1h","2026-09-01 10:00:00","2026-09-01 18:00:00","785.000","785.000","785.000","785.000","0.00","2026-09-01 10:59:59","2026-09-01 18:59:59","0.00000","0","0.00","0.00000"
"all-available","Asia/Taipei","BTCUSDT","BTC-260902-79500-P","2026-09-02","79500","PUT","1h","2026-09-01 11:00:00","2026-09-01 19:00:00","785.000","785.000","785.000","785.000","0.00","2026-09-01 11:59:59","2026-09-01 19:59:59","0.00000","0","0.00","0.00000"
"all-available","Asia/Taipei","BTCUSDT","BTC-260902-79500-P","2026-09-02","79500","PUT","1h","2026-09-01 12:00:00","2026-09-01 20:00:00","785.000","785.000","785.000","785.000","0.00","2026-09-01 12:59:59","2026-09-01 20:59:59","0.00000","0","0.00","0.00000"
"all-available","Asia/Taipei","BTCUSDT","BTC-260902-79500-P","2026-09-02","79500","PUT","1h","2026-09-01 13:00:00","2026-09-01 21:00:00","785.000","785.000","785.000","785.000","0.00","2026-09-01 13:59:59","2026-09-01 21:59:59","0.00000","0","0.00","0.00000"
"all-available","Asia/Taipei","BTCUSDT","BTC-260902-79500-P","2026-09-02","79500","PUT","1h","2026-09-01 14:00:00","2026-09-01 22:00:00","785.000","785.000","785.000","785.000","0.00","2026-09-01 14:59:59","2026-09-01 22:59:59","0.00000","0","0.00","0.00000"
"all-available","Asia/Taipei","BTCUSDT","BTC-260902-79500-P","2026-09-02","79500","PUT","1h","2026-09-01 15:00:00","2026-09-01 23:00:00","785.000","785.000","785.000","785.000","0.00","2026-09-01 15:59:59","2026-09-01 23:59:59","0.00000","0","0.00","0.00000"
"all-available","Asia/Taipei","BTCUSDT","BTC-260902-79500-P","2026-09-02","79500","PUT","1h","2026-09-01 16:00:00","2026-09-02 00:00:00","785.000","785.000","785.000","785.000","0.00","2026-09-01 16:59:59","2026-09-02 00:59:59","0.00000","0","0.00","0.00000"
"all-available","Asia/Taipei","BTCUSDT","BTC-260902-79500-P","2026-09-02","79500","PUT","1h","2026-09-01 17:00:00","2026-09-02 01:00:00","785.000","785.000","785.000","785.000","0.00","2026-09-01 17:59:59","2026-09-02 01:59:59","0.00000","0","0.00","0.00000"
"all-available","Asia/Taipei","BTCUSDT","BTC-260902-79500-P","2026-09-02","79500","PUT","1h","2026-09-01 18:00:00","2026-09-02 02:00:00","785.000","785.000","785.000","785.000","0.00","2026-09-01 18:59:59","2026-09-02 02:59:59","0.00000","0","0.00","0.00000"
"all-available","Asia/Taipei","BTCUSDT","BTC-260902-79500-P","2026-09-02","79500","PUT","1h","2026-09-01 19:00:00","2026-09-02 03:00:00","785.000","785.000","785.000","785.000","0.00","2026-09-01 19:59:59","2026-09-02 03:59:59","0.00000","0","0.00","0.00000"
"all-available","Asia/Taipei","BTCUSDT","BTC-260902-79500-P","2026-09-02","79500","PUT","1h","2026-09-01 20:00:00","2026-09-02 04:00:00","785.000","785.000","785.000","785.000","0.00","2026-09-01 20:59:59","2026-09-02 04:59:59","0.00000","0","0.00","0.00000"
"all-available","Asia/Taipei","BTCUSDT","BTC-260902-79500-P","2026-09-02","79500","PUT","1h","2026-09-01 21:00:00","2026-09-02 05:00:00","785.000","785.000","785.000","785.000","0.00","2026-09-01 21:59:59","2026-09-02 05:59:59","0.00000","0","0.00","0.00000"
"all-available","Asia/Taipei","BTCUSDT","BTC-260902-79500-P","2026-09-02","79500","PUT","1h","2026-09-01 22:00:00","2026-09-02 06:00:00","785.000","785.000","785.000","785.000","0.00","2026-09-01 22:59:59","2026-09-02 06:59:59","0.00000","0","0.00","0.00000"
"all-available","Asia/Taipei","BTCUSDT","BTC-260902-79500-P","2026-09-02","79500","PUT","1h","2026-09-01 23:00:00","2026-09-02 07:00:00","785.000","785.000","785.000","785.000","0.00","2026-09-01 23:59:59","2026-09-02 07:59:59","0.00000","0","0.00","0.00000"
"all-available","Asia/Taipei","BTCUSDT","BTC-260902-79500-P","2026-09-02","79500","PUT","1h","2026-09-02 00:00:00","2026-09-02 08:00:00","785.000","785.000","785.000","785.000","0.00","2026-09-02 00:59:59","2026-09-02 08:59:59","0.00000","0","0.00","0.00000"
"all-available","Asia/Taipei","BTCUSDT","BTC-260902-79500-P","2026-09-02","79500","PUT","1h","2026-09-02 01:00:00","2026-09-02 09:00:00","785.000","785.000","785.000","785.000","0.00","2026-09-02 01:59:59","2026-09-02 09:59:59","0.00000","0","0.00","0.00000"
"all-available","Asia/Taipei","BTCUSDT","BTC-260902-79500-P","2026-09-02","79500","PUT","1h","2026-09-02 02:00:00","2026-09-02 10:00:00","785.000","785.000","785.000","785.000","0.00","2026-09-02 02:59:59","2026-09-02 10:59:59","0.00000","0","0.00","0.00000"
"all-available","Asia/Taipei","BTCUSDT","BTC-260902-79500-P","2026-09-02","79500","PUT","1h","2026-09-02 03:00:00","2026-09-02 11:00:00","785.000","785.000","785.000","785.000","0.00","2026-09-02 03:59:59","2026-09-02 11:59:59","0.00000","0","0.00","0.00000"
"all-available","Asia/Taipei","BTCUSDT","BTC-260902-79500-P","2026-09-02","79500","PUT","1h","2026-09-02 04:00:00","2026-09-02 12:00:00","785.000","785.000","785.000","785.000","0.00","2026-09-02 04:59:59","2026-09-02 12:59:59","0.00000","0","0.00","0.00000"
"all-available","Asia/Taipei","BTCUSDT","BTC-260902-79500-P","2026-09-02","79500","PUT","1h","2026-09-02 05:00:00","2026-09-02 13:00:00","785.000","785.000","785.000","785.000","0.00","2026-09-02 05:59:59","2026-09-02 13:59:59","0.00000","0","0.00","0.00000"
"all-available","Asia/Taipei","BTCUSDT","BTC-260902-79500-P","2026-09-02","79500","PUT","1h","2026-09-02 06:00:00","2026-09-02 14:00:00","785.000","785.000","785.000","785.000","0.00","2026-09-02 06:59:59","2026-09-02 14:59:59","0.00000","0","0.00","0.00000"
"all-available","Asia/Taipei","BTCUSDT","BTC-260902-79500-P","2026-09-02","79500","PUT","1h","2026-09-02 07:00:00","2026-09-02 15:00:00","785.000","785.000","785.000","785.000","0.00","2026-09-02 07:59:59","2026-09-02 15:59:59","0.00000","0","0.00","0.00000"
"all-available","Asia/Taipei","BTCUSDT","BTC-260902-80000-C","2026-09-02","80000","CALL","1h","2026-08-30 17:00:00","2026-08-31 01:00:00","545.000","565.000","485.000","485.000","1.34","2026-08-30 17:59:59","2026-08-31 01:59:59","736.05000","5","1.23","682.70000"
"all-available","Asia/Taipei","BTCUSDT","BTC-260902-80000-C","2026-09-02","80000","CALL","1h","2026-08-30 18:00:00","2026-08-31 02:00:00","485.000","485.000","485.000","485.000","0.00","2026-08-30 18:59:59","2026-08-31 02:59:59","0.00000","0","0.00","0.00000"
"all-available","Asia/Taipei","BTCUSDT","BTC-260902-80000-C","2026-09-02","80000","CALL","1h","2026-08-30 19:00:00","2026-08-31 03:00:00","470.000","470.000","470.000","470.000","1.18","2026-08-30 19:59:59","2026-08-31 03:59:59","554.60000","1","0.00","0.00000"
"all-available","Asia/Taipei","BTCUSDT","BTC-260902-80000-C","2026-09-02","80000","CALL","1h","2026-08-30 20:00:00","2026-08-31 04:00:00","470.000","470.000","470.000","470.000","0.00","2026-08-30 20:59:59","2026-08-31 04:59:59","0.00000","0","0.00","0.00000"
"all-available","Asia/Taipei","BTCUSDT","BTC-260902-80000-C","2026-09-02","80000","CALL","1h","2026-08-30 21:00:00","2026-08-31 05:00:00","470.000","470.000","470.000","470.000","0.00","2026-08-30 21:59:59","2026-08-31 05:59:59","0.00000","0","0.00","0.00000"
"all-available","Asia/Taipei","BTCUSDT","BTC-260902-80000-C","2026-09-02","80000","CALL","1h","2026-08-30 22:00:00","2026-08-31 06:00:00","470.000","470.000","470.000","470.000","0.00","2026-08-30 22:59:59","2026-08-31 06:59:59","0.00000","0","0.00","0.00000"
"all-available","Asia/Taipei","BTCUSDT","BTC-260902-80000-C","2026-09-02","80000","CALL","1h","2026-08-30 23:00:00","2026-08-31 07:00:00","180.000","180.000","180.000","180.000","0.20","2026-08-30 23:59:59","2026-08-31 07:59:59","36.00000","1","0.00","0.00000"
"all-available","Asia/Taipei","BTCUSDT","BTC-260902-80000-C","2026-09-02","80000","CALL","1h","2026-08-31 00:00:00","2026-08-31 08:00:00","225.000","225.000","225.000","225.000","1.00","2026-08-31 00:59:59","2026-08-31 08:59:59","225.00000","1","1.00","225.00000"
"all-available","Asia/Taipei","BTCUSDT","BTC-260902-80000-C","2026-09-02","80000","CALL","1h","2026-08-31 01:00:00","2026-08-31 09:00:00","225.000","225.000","225.000","225.000","0.00","2026-08-31 01:59:59","2026-08-31 09:59:59","0.00000","0","0.00","0.00000"
"all-available","Asia/Taipei","BTCUSDT","BTC-260902-80000-C","2026-09-02","80000","CALL","1h","2026-08-31 02:00:00","2026-08-31 10:00:00","185.000","185.000","185.000","185.000","0.02","2026-08-31 02:59:59","2026-08-31 10:59:59","3.70000","1","0.00","0.00000"
"all-available","Asia/Taipei","BTCUSDT","BTC-260902-80000-C","2026-09-02","80000","CALL","1h","2026-08-31 03:00:00","2026-08-31 11:00:00","185.000","185.000","185.000","185.000","0.01","2026-08-31 03:59:59","2026-08-31 11:59:59","1.85000","1","0.01","1.85000"
"all-available","Asia/Taipei","BTCUSDT","BTC-260902-80000-C","2026-09-02","80000","CALL","1h","2026-08-31 04:00:00","2026-08-31 12:00:00","140.000","140.000","140.000","140.000","0.21","2026-08-31 04:59:59","2026-08-31 12:59:59","29.40000","3","0.00","0.00000"
"all-available","Asia/Taipei","BTCUSDT","BTC-260902-80000-C","2026-09-02","80000","CALL","1h","2026-08-31 05:00:00","2026-08-31 13:00:00","200.000","210.000","200.000","210.000","1.05","2026-08-31 05:59:59","2026-08-31 13:59:59","219.50000","2","0.95","199.50000"
"all-available","Asia/Taipei","BTCUSDT","BTC-260902-80000-C","2026-09-02","80000","CALL","1h","2026-08-31 06:00:00","2026-08-31 14:00:00","225.000","235.000","225.000","235.000","2.00","2026-08-31 06:59:59","2026-08-31 14:59:59","460.00000","2","2.00","460.00000"
"all-available","Asia/Taipei","BTCUSDT","BTC-260902-80000-C","2026-09-02","80000","CALL","1h","2026-08-31 07:00:00","2026-08-31 15:00:00","235.000","235.000","235.000","235.000","0.00","2026-08-31 07:59:59","2026-08-31 15:59:59","0.00000","0","0.00","0.00000"
"all-available","Asia/Taipei","BTCUSDT","BTC-260902-80000-C","2026-09-02","80000","CALL","1h","2026-08-31 08:00:00","2026-08-31 16:00:00","200.000","225.000","200.000","205.000","30.58","2026-08-31 08:59:59","2026-08-31 16:59:59","6305.80000","31","0.00","0.00000"
"all-available","Asia/Taipei","BTCUSDT","BTC-260902-80000-C","2026-09-02","80000","CALL","1h","2026-08-31 09:00:00","2026-08-31 17:00:00","205.000","205.000","205.000","205.000","0.00","2026-08-31 09:59:59","2026-08-31 17:59:59","0.00000","0","0.00","0.00000"
"all-available","Asia/Taipei","BTCUSDT","BTC-260902-80000-C","2026-09-02","80000","CALL","1h","2026-08-31 10:00:00","2026-08-31 18:00:00","205.000","205.000","205.000","205.000","0.00","2026-08-31 10:59:59","2026-08-31 18:59:59","0.00000","0","0.00","0.00000"
"all-available","Asia/Taipei","BTCUSDT","BTC-260902-80000-C","2026-09-02","80000","CALL","1h","2026-08-31 11:00:00","2026-08-31 19:00:00","205.000","205.000","205.000","205.000","0.00","2026-08-31 11:59:59","2026-08-31 19:59:59","0.00000","0","0.00","0.00000"
"all-available","Asia/Taipei","BTCUSDT","BTC-260902-80000-C","2026-09-02","80000","CALL","1h","2026-08-31 12:00:00","2026-08-31 20:00:00","225.000","225.000","165.000","165.000","0.15","2026-08-31 12:59:59","2026-08-31 20:59:59","27.75000","3","0.00","0.00000"
"all-available","Asia/Taipei","BTCUSDT","BTC-260902-80000-C","2026-09-02","80000","CALL","1h","2026-08-31 13:00:00","2026-08-31 21:00:00","165.000","165.000","165.000","165.000","0.00","2026-08-31 13:59:59","2026-08-31 21:59:59","0.00000","0","0.00","0.00000"
"all-available","Asia/Taipei","BTCUSDT","BTC-260902-80000-C","2026-09-02","80000","CALL","1h","2026-08-31 14:00:00","2026-08-31 22:00:00","140.000","265.000","140.000","265.000","11.54","2026-08-31 14:59:59","2026-08-31 22:59:59","1883.75000","4","11.37","1854.30000"
"all-available","Asia/Taipei","BTCUSDT","BTC-260902-80000-C","2026-09-02","80000","CALL","1h","2026-08-31 15:00:00","2026-08-31 23:00:00","240.000","240.000","240.000","240.000","0.30","2026-08-31 15:59:59","2026-08-31 23:59:59","72.00000","1","0.30","72.00000"
"all-available","Asia/Taipei","BTCUSDT","BTC-260902-80000-C","2026-09-02","80000","CALL","1h","2026-08-31 16:00:00","2026-09-01 00:00:00","230.000","240.000","230.000","240.000","2.95","2026-08-31 16:59:59","2026-09-01 00:59:59","688.50000","2","0.00","0.00000"
"all-available","Asia/Taipei","BTCUSDT","BTC-260902-80000-C","2026-09-02","80000","CALL","1h","2026-08-31 17:00:00","2026-09-01 01:00:00","245.000","290.000","245.000","290.000","3.01","2026-08-31 17:59:59","2026-09-01 01:59:59","872.45000","3","0.00","0.00000"
"all-available","Asia/Taipei","BTCUSDT","BTC-260902-80000-C","2026-09-02","80000","CALL","1h","2026-08-31 18:00:00","2026-09-01 02:00:00","270.000","340.000","270.000","340.000","0.29","2026-08-31 18:59:59","2026-09-01 02:59:59","86.15000","5","0.21","64.20000"
"all-available","Asia/Taipei","BTCUSDT","BTC-260902-80000-C","2026-09-02","80000","CALL","1h","2026-08-31 19:00:00","2026-09-01 03:00:00","350.000","350.000","305.000","305.000","0.44","2026-08-31 19:59:59","2026-09-01 03:59:59","136.90000","2","0.44","136.90000"
"all-available","Asia/Taipei","BTCUSDT","BTC-260902-80000-C","2026-09-02","80000","CALL","1h","2026-08-31 20:00:00","2026-09-01 04:00:00","305.000","305.000","305.000","305.000","0.00","2026-08-31 20:59:59","2026-09-01 04:59:59","0.00000","0","0.00","0.00000"
"all-available","Asia/Taipei","BTCUSDT","BTC-260902-80000-C","2026-09-02","80000","CALL","1h","2026-08-31 21:00:00","2026-09-01 05:00:00","285.000","320.000","285.000","320.000","0.76","2026-08-31 21:59:59","2026-09-01 05:59:59","217.30000","2","0.74","210.90000"
"all-available","Asia/Taipei","BTCUSDT","BTC-260902-80000-C","2026-09-02","80000","CALL","1h","2026-08-31 22:00:00","2026-09-01 06:00:00","305.000","305.000","225.000","235.000","10.58","2026-08-31 22:59:59","2026-09-01 06:59:59","3212.10000","5","2.51","752.35000"
"all-available","Asia/Taipei","BTCUSDT","BTC-260902-80000-C","2026-09-02","80000","CALL","1h","2026-08-31 23:00:00","2026-09-01 07:00:00","195.000","195.000","195.000","195.000","1.22","2026-08-31 23:59:59","2026-09-01 07:59:59","237.90000","1","0.00","0.00000"
"all-available","Asia/Taipei","BTCUSDT","BTC-260902-80000-C","2026-09-02","80000","CALL","1h","2026-09-01 00:00:00","2026-09-01 08:00:00","270.000","270.000","260.000","260.000","0.96","2026-09-01 00:59:59","2026-09-01 08:59:59","249.70000","2","0.01","2.70000"
"all-available","Asia/Taipei","BTCUSDT","BTC-260902-80000-C","2026-09-02","80000","CALL","1h","2026-09-01 01:00:00","2026-09-01 09:00:00","235.000","235.000","235.000","235.000","0.01","2026-09-01 01:59:59","2026-09-01 09:59:59","2.35000","1","0.00","0.00000"
"all-available","Asia/Taipei","BTCUSDT","BTC-260902-80000-C","2026-09-02","80000","CALL","1h","2026-09-01 02:00:00","2026-09-01 10:00:00","165.000","165.000","165.000","165.000","0.60","2026-09-01 02:59:59","2026-09-01 10:59:59","99.00000","1","0.60","99.00000"
"all-available","Asia/Taipei","BTCUSDT","BTC-260902-80000-C","2026-09-02","80000","CALL","1h","2026-09-01 03:00:00","2026-09-01 11:00:00","170.000","245.000","170.000","205.000","1.13","2026-09-01 03:59:59","2026-09-01 11:59:59","249.30000","6","0.03","6.00000"
"all-available","Asia/Taipei","BTCUSDT","BTC-260902-80000-C","2026-09-02","80000","CALL","1h","2026-09-01 04:00:00","2026-09-01 12:00:00","215.000","215.000","215.000","215.000","0.01","2026-09-01 04:59:59","2026-09-01 12:59:59","2.15000","1","0.00","0.00000"
"all-available","Asia/Taipei","BTCUSDT","BTC-260902-80000-C","2026-09-02","80000","CALL","1h","2026-09-01 05:00:00","2026-09-01 13:00:00","195.000","315.000","195.000","315.000","6.05","2026-09-01 05:59:59","2026-09-01 13:59:59","1681.40000","8","5.97","1658.55000"
"all-available","Asia/Taipei","BTCUSDT","BTC-260902-80000-C","2026-09-02","80000","CALL","1h","2026-09-01 06:00:00","2026-09-01 14:00:00","280.000","280.000","215.000","215.000","2.94","2026-09-01 06:59:59","2026-09-01 14:59:59","640.30000","5","0.13","36.10000"
"all-available","Asia/Taipei","BTCUSDT","BTC-260902-80000-C","2026-09-02","80000","CALL","1h","2026-09-01 07:00:00","2026-09-01 15:00:00","190.000","190.000","120.000","125.000","17.95","2026-09-01 07:59:59","2026-09-01 15:59:59","2887.00000","19","17.81","2866.50000"
"all-available","Asia/Taipei","BTCUSDT","BTC-260902-80000-C","2026-09-02","80000","CALL","1h","2026-09-01 08:00:00","2026-09-01 16:00:00","95.000","95.000","50.000","50.000","21.46","2026-09-01 08:59:59","2026-09-01 16:59:59","1341.75000","32","9.43","567.85000"
"all-available","Asia/Taipei","BTCUSDT","BTC-260902-80000-C","2026-09-02","80000","CALL","1h","2026-09-01 09:00:00","2026-09-01 17:00:00","50.000","55.000","45.000","50.000","6.00","2026-09-01 09:59:59","2026-09-01 17:59:59","305.75000","38","1.60","87.75000"
"all-available","Asia/Taipei","BTCUSDT","BTC-260902-80000-C","2026-09-02","80000","CALL","1h","2026-09-01 10:00:00","2026-09-01 18:00:00","50.000","60.000","50.000","60.000","5.12","2026-09-01 10:59:59","2026-09-01 18:59:59","263.20000","16","2.12","112.80000"
"all-available","Asia/Taipei","BTCUSDT","BTC-260902-80000-C","2026-09-02","80000","CALL","1h","2026-09-01 11:00:00","2026-09-01 19:00:00","50.000","50.000","50.000","50.000","3.91","2026-09-01 11:59:59","2026-09-01 19:59:59","195.50000","20","0.00","0.00000"
"all-available","Asia/Taipei","BTCUSDT","BTC-260902-80000-C","2026-09-02","80000","CALL","1h","2026-09-01 12:00:00","2026-09-01 20:00:00","35.000","40.000","35.000","40.000","0.14","2026-09-01 12:59:59","2026-09-01 20:59:59","5.30000","4","0.12","4.50000"
"all-available","Asia/Taipei","BTCUSDT","BTC-260902-80000-C","2026-09-02","80000","CALL","1h","2026-09-01 13:00:00","2026-09-01 21:00:00","55.000","60.000","35.000","55.000","5.90","2026-09-01 13:59:59","2026-09-01 21:59:59","305.20000","25","4.08","214.20000"
"all-available","Asia/Taipei","BTCUSDT","BTC-260902-80000-C","2026-09-02","80000","CALL","1h","2026-09-01 14:00:00","2026-09-01 22:00:00","55.000","75.000","55.000","70.000","16.86","2026-09-01 14:59:59","2026-09-01 22:59:59","1024.30000","21","15.01","904.10000"
"all-available","Asia/Taipei","BTCUSDT","BTC-260902-80000-C","2026-09-02","80000","CALL","1h","2026-09-01 15:00:00","2026-09-01 23:00:00","35.000","35.000","25.000","25.000","18.29","2026-09-01 15:59:59","2026-09-01 23:59:59","483.65000","26","3.69","111.65000"
"all-available","Asia/Taipei","BTCUSDT","BTC-260902-80000-C","2026-09-02","80000","CALL","1h","2026-09-01 16:00:00","2026-09-02 00:00:00","25.000","25.000","10.000","15.000","8.98","2026-09-01 16:59:59","2026-09-02 00:59:59","119.25000","21","6.09","70.95000"
"all-available","Asia/Taipei","BTCUSDT","BTC-260902-80000-C","2026-09-02","80000","CALL","1h","2026-09-01 17:00:00","2026-09-02 01:00:00","10.000","10.000","10.000","10.000","0.90","2026-09-01 17:59:59","2026-09-02 01:59:59","9.00000","4","0.90","9.00000"
"all-available","Asia/Taipei","BTCUSDT","BTC-260902-80000-C","2026-09-02","80000","CALL","1h","2026-09-01 18:00:00","2026-09-02 02:00:00","10.000","10.000","5.000","5.000","2.94","2026-09-01 18:59:59","2026-09-02 02:59:59","24.35000","13","1.93","19.30000"
"all-available","Asia/Taipei","BTCUSDT","BTC-260902-80000-C","2026-09-02","80000","CALL","1h","2026-09-01 19:00:00","2026-09-02 03:00:00","5.000","5.000","5.000","5.000","0.00","2026-09-01 19:59:59","2026-09-02 03:59:59","0.00000","0","0.00","0.00000"
"all-available","Asia/Taipei","BTCUSDT","BTC-260902-80000-C","2026-09-02","80000","CALL","1h","2026-09-01 20:00:00","2026-09-02 04:00:00","5.000","5.000","5.000","5.000","0.00","2026-09-01 20:59:59","2026-09-02 04:59:59","0.00000","0","0.00","0.00000"
"all-available","Asia/Taipei","BTCUSDT","BTC-260902-80000-C","2026-09-02","80000","CALL","1h","2026-09-01 21:00:00","2026-09-02 05:00:00","5.000","5.000","5.000","5.000","2.16","2026-09-01 21:59:59","2026-09-02 05:59:59","10.80000","2","0.00","0.00000"
"all-available","Asia/Taipei","BTCUSDT","BTC-260902-80000-C","2026-09-02","80000","CALL","1h","2026-09-01 22:00:00","2026-09-02 06:00:00","5.000","5.000","5.000","5.000","1.64","2026-09-01 22:59:59","2026-09-02 06:59:59","8.20000","3","0.00","0.00000"
"all-available","Asia/Taipei","BTCUSDT","BTC-260902-80000-C","2026-09-02","80000","CALL","1h","2026-09-01 23:00:00","2026-09-02 07:00:00","5.000","5.000","5.000","5.000","0.00","2026-09-01 23:59:59","2026-09-02 07:59:59","0.00000","0","0.00","0.00000"
"all-available","Asia/Taipei","BTCUSDT","BTC-260902-80000-C","2026-09-02","80000","CALL","1h","2026-09-02 00:00:00","2026-09-02 08:00:00","5.000","5.000","5.000","5.000","0.00","2026-09-02 00:59:59","2026-09-02 08:59:59","0.00000","0","0.00","0.00000"
"all-available","Asia/Taipei","BTCUSDT","BTC-260902-80000-C","2026-09-02","80000","CALL","1h","2026-09-02 01:00:00","2026-09-02 09:00:00","5.000","5.000","5.000","5.000","0.00","2026-09-02 01:59:59","2026-09-02 09:59:59","0.00000","0","0.00","0.00000"
"all-available","Asia/Taipei","BTCUSDT","BTC-260902-80000-C","2026-09-02","80000","CALL","1h","2026-09-02 02:00:00","2026-09-02 10:00:00","5.000","5.000","5.000","5.000","0.00","2026-09-02 02:59:59","2026-09-02 10:59:59","0.00000","0","0.00","0.00000"
"all-available","Asia/Taipei","BTCUSDT","BTC-260902-80000-C","2026-09-02","80000","CALL","1h","2026-09-02 03:00:00","2026-09-02 11:00:00","5.000","5.000","5.000","5.000","0.00","2026-09-02 03:59:59","2026-09-02 11:59:59","0.00000","0","0.00","0.00000"
"all-available","Asia/Taipei","BTCUSDT","BTC-260902-80000-C","2026-09-02","80000","CALL","1h","2026-09-02 04:00:00","2026-09-02 12:00:00","5.000","5.000","5.000","5.000","0.00","2026-09-02 04:59:59","2026-09-02 12:59:59","0.00000","0","0.00","0.00000"
"all-available","Asia/Taipei","BTCUSDT","BTC-260902-80000-C","2026-09-02","80000","CALL","1h","2026-09-02 05:00:00","2026-09-02 13:00:00","5.000","5.000","5.000","5.000","0.00","2026-09-02 05:59:59","2026-09-02 13:59:59","0.00000","0","0.00","0.00000"
"all-available","Asia/Taipei","BTCUSDT","BTC-260902-80000-C","2026-09-02","80000","CALL","1h","2026-09-02 06:00:00","2026-09-02 14:00:00","5.000","5.000","5.000","5.000","0.00","2026-09-02 06:59:59","2026-09-02 14:59:59","0.00000","0","0.00","0.00000"
"all-available","Asia/Taipei","BTCUSDT","BTC-260902-80000-C","2026-09-02","80000","CALL","1h","2026-09-02 07:00:00","2026-09-02 15:00:00","5.000","5.000","5.000","5.000","0.00","2026-09-02 07:59:59","2026-09-02 15:59:59","0.00000","0","0.00","0.00000"
"all-available","Asia/Taipei","BTCUSDT","BTC-260902-80500-C","2026-09-02","80500","CALL","1h","2026-08-31 12:00:00","2026-08-31 20:00:00","115.000","115.000","115.000","115.000","0.10","2026-08-31 12:59:59","2026-08-31 20:59:59","11.50000","1","0.00","0.00000"
"all-available","Asia/Taipei","BTCUSDT","BTC-260902-80500-C","2026-09-02","80500","CALL","1h","2026-08-31 13:00:00","2026-08-31 21:00:00","115.000","115.000","115.000","115.000","0.00","2026-08-31 13:59:59","2026-08-31 21:59:59","0.00000","0","0.00","0.00000"
"all-available","Asia/Taipei","BTCUSDT","BTC-260902-80500-C","2026-09-02","80500","CALL","1h","2026-08-31 14:00:00","2026-08-31 22:00:00","105.000","105.000","100.000","100.000","1.54","2026-08-31 14:59:59","2026-08-31 22:59:59","161.35000","2","1.47","154.35000"
"all-available","Asia/Taipei","BTCUSDT","BTC-260902-80500-C","2026-09-02","80500","CALL","1h","2026-08-31 15:00:00","2026-08-31 23:00:00","100.000","100.000","100.000","100.000","0.00","2026-08-31 15:59:59","2026-08-31 23:59:59","0.00000","0","0.00","0.00000"
"all-available","Asia/Taipei","BTCUSDT","BTC-260902-80500-C","2026-09-02","80500","CALL","1h","2026-08-31 16:00:00","2026-09-01 00:00:00","100.000","100.000","100.000","100.000","0.00","2026-08-31 16:59:59","2026-09-01 00:59:59","0.00000","0","0.00","0.00000"
"all-available","Asia/Taipei","BTCUSDT","BTC-260902-80500-C","2026-09-02","80500","CALL","1h","2026-08-31 17:00:00","2026-09-01 01:00:00","100.000","100.000","100.000","100.000","0.00","2026-08-31 17:59:59","2026-09-01 01:59:59","0.00000","0","0.00","0.00000"
"all-available","Asia/Taipei","BTCUSDT","BTC-260902-80500-C","2026-09-02","80500","CALL","1h","2026-08-31 18:00:00","2026-09-01 02:00:00","100.000","100.000","100.000","100.000","0.00","2026-08-31 18:59:59","2026-09-01 02:59:59","0.00000","0","0.00","0.00000"
"all-available","Asia/Taipei","BTCUSDT","BTC-260902-80500-C","2026-09-02","80500","CALL","1h","2026-08-31 19:00:00","2026-09-01 03:00:00","100.000","100.000","100.000","100.000","0.00","2026-08-31 19:59:59","2026-09-01 03:59:59","0.00000","0","0.00","0.00000"
"all-available","Asia/Taipei","BTCUSDT","BTC-260902-80500-C","2026-09-02","80500","CALL","1h","2026-08-31 20:00:00","2026-09-01 04:00:00","100.000","100.000","100.000","100.000","0.00","2026-08-31 20:59:59","2026-09-01 04:59:59","0.00000","0","0.00","0.00000"
"all-available","Asia/Taipei","BTCUSDT","BTC-260902-80500-C","2026-09-02","80500","CALL","1h","2026-08-31 21:00:00","2026-09-01 05:00:00","180.000","180.000","180.000","180.000","0.73","2026-08-31 21:59:59","2026-09-01 05:59:59","131.40000","1","0.00","0.00000"
"all-available","Asia/Taipei","BTCUSDT","BTC-260902-80500-C","2026-09-02","80500","CALL","1h","2026-08-31 22:00:00","2026-09-01 06:00:00","180.000","180.000","180.000","180.000","0.00","2026-08-31 22:59:59","2026-09-01 06:59:59","0.00000","0","0.00","0.00000"
"all-available","Asia/Taipei","BTCUSDT","BTC-260902-80500-C","2026-09-02","80500","CALL","1h","2026-08-31 23:00:00","2026-09-01 07:00:00","180.000","180.000","180.000","180.000","0.00","2026-08-31 23:59:59","2026-09-01 07:59:59","0.00000","0","0.00","0.00000"
"all-available","Asia/Taipei","BTCUSDT","BTC-260902-80500-C","2026-09-02","80500","CALL","1h","2026-09-01 00:00:00","2026-09-01 08:00:00","180.000","180.000","180.000","180.000","0.00","2026-09-01 00:59:59","2026-09-01 08:59:59","0.00000","0","0.00","0.00000"
"all-available","Asia/Taipei","BTCUSDT","BTC-260902-80500-C","2026-09-02","80500","CALL","1h","2026-09-01 01:00:00","2026-09-01 09:00:00","180.000","180.000","180.000","180.000","0.00","2026-09-01 01:59:59","2026-09-01 09:59:59","0.00000","0","0.00","0.00000"
"all-available","Asia/Taipei","BTCUSDT","BTC-260902-80500-C","2026-09-02","80500","CALL","1h","2026-09-01 02:00:00","2026-09-01 10:00:00","180.000","180.000","180.000","180.000","0.00","2026-09-01 02:59:59","2026-09-01 10:59:59","0.00000","0","0.00","0.00000"
"all-available","Asia/Taipei","BTCUSDT","BTC-260902-80500-C","2026-09-02","80500","CALL","1h","2026-09-01 03:00:00","2026-09-01 11:00:00","180.000","180.000","180.000","180.000","0.00","2026-09-01 03:59:59","2026-09-01 11:59:59","0.00000","0","0.00","0.00000"
"all-available","Asia/Taipei","BTCUSDT","BTC-260902-80500-C","2026-09-02","80500","CALL","1h","2026-09-01 04:00:00","2026-09-01 12:00:00","135.000","140.000","135.000","140.000","1.01","2026-09-01 04:59:59","2026-09-01 12:59:59","141.35000","2","1.01","141.35000"
"all-available","Asia/Taipei","BTCUSDT","BTC-260902-80500-C","2026-09-02","80500","CALL","1h","2026-09-01 05:00:00","2026-09-01 13:00:00","135.000","195.000","135.000","195.000","0.24","2026-09-01 05:59:59","2026-09-01 13:59:59","41.00000","3","0.24","41.00000"
"all-available","Asia/Taipei","BTCUSDT","BTC-260902-80500-C","2026-09-02","80500","CALL","1h","2026-09-01 06:00:00","2026-09-01 14:00:00","165.000","165.000","120.000","120.000","0.44","2026-09-01 06:59:59","2026-09-01 14:59:59","62.95000","7","0.07","11.55000"
"all-available","Asia/Taipei","BTCUSDT","BTC-260902-80500-C","2026-09-02","80500","CALL","1h","2026-09-01 07:00:00","2026-09-01 15:00:00","105.000","105.000","70.000","75.000","5.17","2026-09-01 07:59:59","2026-09-01 15:59:59","400.15000","6","5.00","385.00000"
"all-available","Asia/Taipei","BTCUSDT","BTC-260902-80500-C","2026-09-02","80500","CALL","1h","2026-09-01 08:00:00","2026-09-01 16:00:00","50.000","50.000","30.000","30.000","13.20","2026-09-01 08:59:59","2026-09-01 16:59:59","635.95000","20","12.73","619.90000"
"all-available","Asia/Taipei","BTCUSDT","BTC-260902-80500-C","2026-09-02","80500","CALL","1h","2026-09-01 09:00:00","2026-09-01 17:00:00","30.000","35.000","30.000","35.000","1.37","2026-09-01 09:59:59","2026-09-01 17:59:59","43.00000","9","0.50","16.90000"
"all-available","Asia/Taipei","BTCUSDT","BTC-260902-80500-C","2026-09-02","80500","CALL","1h","2026-09-01 10:00:00","2026-09-01 18:00:00","35.000","40.000","30.000","40.000","3.64","2026-09-01 10:59:59","2026-09-01 18:59:59","117.90000","15","1.24","43.40000"
"all-available","Asia/Taipei","BTCUSDT","BTC-260902-80500-C","2026-09-02","80500","CALL","1h","2026-09-01 11:00:00","2026-09-01 19:00:00","35.000","40.000","30.000","35.000","7.65","2026-09-01 11:59:59","2026-09-01 19:59:59","271.65000","15","6.93","246.95000"
"all-available","Asia/Taipei","BTCUSDT","BTC-260902-80500-C","2026-09-02","80500","CALL","1h","2026-09-01 12:00:00","2026-09-01 20:00:00","30.000","30.000","25.000","30.000","0.15","2026-09-01 12:59:59","2026-09-01 20:59:59","3.90000","5","0.12","3.00000"
"all-available","Asia/Taipei","BTCUSDT","BTC-260902-80500-C","2026-09-02","80500","CALL","1h","2026-09-01 13:00:00","2026-09-01 21:00:00","30.000","35.000","20.000","35.000","3.69","2026-09-01 13:59:59","2026-09-01 21:59:59","104.30000","17","0.46","11.80000"
"all-available","Asia/Taipei","BTCUSDT","BTC-260902-80500-C","2026-09-02","80500","CALL","1h","2026-09-01 14:00:00","2026-09-01 22:00:00","35.000","50.000","35.000","45.000","16.05","2026-09-01 14:59:59","2026-09-01 22:59:59","584.25000","16","0.24","11.70000"
"all-available","Asia/Taipei","BTCUSDT","BTC-260902-80500-C","2026-09-02","80500","CALL","1h","2026-09-01 15:00:00","2026-09-01 23:00:00","25.000","25.000","15.000","15.000","0.05","2026-09-01 15:59:59","2026-09-01 23:59:59","0.85000","3","0.01","0.25000"
"all-available","Asia/Taipei","BTCUSDT","BTC-260902-80500-C","2026-09-02","80500","CALL","1h","2026-09-01 16:00:00","2026-09-02 00:00:00","15.000","15.000","15.000","15.000","0.00","2026-09-01 16:59:59","2026-09-02 00:59:59","0.00000","0","0.00","0.00000"
"all-available","Asia/Taipei","BTCUSDT","BTC-260902-80500-C","2026-09-02","80500","CALL","1h","2026-09-01 17:00:00","2026-09-02 01:00:00","15.000","15.000","15.000","15.000","0.00","2026-09-01 17:59:59","2026-09-02 01:59:59","0.00000","0","0.00","0.00000"
"all-available","Asia/Taipei","BTCUSDT","BTC-260902-80500-C","2026-09-02","80500","CALL","1h","2026-09-01 18:00:00","2026-09-02 02:00:00","5.000","5.000","5.000","5.000","0.40","2026-09-01 18:59:59","2026-09-02 02:59:59","2.00000","3","0.00","0.00000"
"all-available","Asia/Taipei","BTCUSDT","BTC-260902-80500-C","2026-09-02","80500","CALL","1h","2026-09-01 19:00:00","2026-09-02 03:00:00","5.000","5.000","5.000","5.000","0.00","2026-09-01 19:59:59","2026-09-02 03:59:59","0.00000","0","0.00","0.00000"
"all-available","Asia/Taipei","BTCUSDT","BTC-260902-80500-C","2026-09-02","80500","CALL","1h","2026-09-01 20:00:00","2026-09-02 04:00:00","5.000","5.000","5.000","5.000","0.00","2026-09-01 20:59:59","2026-09-02 04:59:59","0.00000","0","0.00","0.00000"
"all-available","Asia/Taipei","BTCUSDT","BTC-260902-80500-C","2026-09-02","80500","CALL","1h","2026-09-01 21:00:00","2026-09-02 05:00:00","5.000","5.000","5.000","5.000","0.00","2026-09-01 21:59:59","2026-09-02 05:59:59","0.00000","0","0.00","0.00000"
"all-available","Asia/Taipei","BTCUSDT","BTC-260902-80500-C","2026-09-02","80500","CALL","1h","2026-09-01 22:00:00","2026-09-02 06:00:00","5.000","5.000","5.000","5.000","0.00","2026-09-01 22:59:59","2026-09-02 06:59:59","0.00000","0","0.00","0.00000"
"all-available","Asia/Taipei","BTCUSDT","BTC-260902-80500-C","2026-09-02","80500","CALL","1h","2026-09-01 23:00:00","2026-09-02 07:00:00","5.000","5.000","5.000","5.000","0.00","2026-09-01 23:59:59","2026-09-02 07:59:59","0.00000","0","0.00","0.00000"
"all-available","Asia/Taipei","BTCUSDT","BTC-260902-80500-C","2026-09-02","80500","CALL","1h","2026-09-02 00:00:00","2026-09-02 08:00:00","5.000","5.000","5.000","5.000","0.00","2026-09-02 00:59:59","2026-09-02 08:59:59","0.00000","0","0.00","0.00000"
"all-available","Asia/Taipei","BTCUSDT","BTC-260902-80500-C","2026-09-02","80500","CALL","1h","2026-09-02 01:00:00","2026-09-02 09:00:00","5.000","5.000","5.000","5.000","0.00","2026-09-02 01:59:59","2026-09-02 09:59:59","0.00000","0","0.00","0.00000"
"all-available","Asia/Taipei","BTCUSDT","BTC-260902-80500-C","2026-09-02","80500","CALL","1h","2026-09-02 02:00:00","2026-09-02 10:00:00","5.000","5.000","5.000","5.000","0.00","2026-09-02 02:59:59","2026-09-02 10:59:59","0.00000","0","0.00","0.00000"
"all-available","Asia/Taipei","BTCUSDT","BTC-260902-80500-C","2026-09-02","80500","CALL","1h","2026-09-02 03:00:00","2026-09-02 11:00:00","5.000","5.000","5.000","5.000","0.00","2026-09-02 03:59:59","2026-09-02 11:59:59","0.00000","0","0.00","0.00000"
"all-available","Asia/Taipei","BTCUSDT","BTC-260902-80500-C","2026-09-02","80500","CALL","1h","2026-09-02 04:00:00","2026-09-02 12:00:00","5.000","5.000","5.000","5.000","0.00","2026-09-02 04:59:59","2026-09-02 12:59:59","0.00000","0","0.00","0.00000"
"all-available","Asia/Taipei","BTCUSDT","BTC-260902-80500-C","2026-09-02","80500","CALL","1h","2026-09-02 05:00:00","2026-09-02 13:00:00","5.000","5.000","5.000","5.000","0.00","2026-09-02 05:59:59","2026-09-02 13:59:59","0.00000","0","0.00","0.00000"
"all-available","Asia/Taipei","BTCUSDT","BTC-260902-80500-C","2026-09-02","80500","CALL","1h","2026-09-02 06:00:00","2026-09-02 14:00:00","20.000","20.000","20.000","20.000","0.95","2026-09-02 06:59:59","2026-09-02 14:59:59","19.00000","2","0.00","0.00000"
"all-available","Asia/Taipei","BTCUSDT","BTC-260902-80500-C","2026-09-02","80500","CALL","1h","2026-09-02 07:00:00","2026-09-02 15:00:00","20.000","20.000","20.000","20.000","0.00","2026-09-02 07:59:59","2026-09-02 15:59:59","0.00000","0","0.00","0.00000"
"all-available","Asia/Taipei","BTCUSDT","BTC-260902-81000-C","2026-09-02","81000","CALL","1h","2026-08-30 08:00:00","2026-08-30 16:00:00","155.000","170.000","155.000","165.000","1.32","2026-08-30 08:59:59","2026-08-30 16:59:59","216.10000","6","0.01","1.70000"
"all-available","Asia/Taipei","BTCUSDT","BTC-260902-81000-C","2026-09-02","81000","CALL","1h","2026-08-30 09:00:00","2026-08-30 17:00:00","165.000","165.000","165.000","165.000","0.00","2026-08-30 09:59:59","2026-08-30 17:59:59","0.00000","0","0.00","0.00000"
"all-available","Asia/Taipei","BTCUSDT","BTC-260902-81000-C","2026-09-02","81000","CALL","1h","2026-08-30 10:00:00","2026-08-30 18:00:00","165.000","165.000","165.000","165.000","0.00","2026-08-30 10:59:59","2026-08-30 18:59:59","0.00000","0","0.00","0.00000"
"all-available","Asia/Taipei","BTCUSDT","BTC-260902-81000-C","2026-09-02","81000","CALL","1h","2026-08-30 11:00:00","2026-08-30 19:00:00","165.000","165.000","165.000","165.000","0.00","2026-08-30 11:59:59","2026-08-30 19:59:59","0.00000","0","0.00","0.00000"
"all-available","Asia/Taipei","BTCUSDT","BTC-260902-81000-C","2026-09-02","81000","CALL","1h","2026-08-30 12:00:00","2026-08-30 20:00:00","165.000","165.000","165.000","165.000","0.00","2026-08-30 12:59:59","2026-08-30 20:59:59","0.00000","0","0.00","0.00000"
"all-available","Asia/Taipei","BTCUSDT","BTC-260902-81000-C","2026-09-02","81000","CALL","1h","2026-08-30 13:00:00","2026-08-30 21:00:00","245.000","245.000","245.000","245.000","0.50","2026-08-30 13:59:59","2026-08-30 21:59:59","122.50000","1","0.50","122.50000"
"all-available","Asia/Taipei","BTCUSDT","BTC-260902-81000-C","2026-09-02","81000","CALL","1h","2026-08-30 14:00:00","2026-08-30 22:00:00","240.000","240.000","230.000","230.000","0.97","2026-08-30 14:59:59","2026-08-30 22:59:59","228.05000","3","0.22","50.60000"
"all-available","Asia/Taipei","BTCUSDT","BTC-260902-81000-C","2026-09-02","81000","CALL","1h","2026-08-30 15:00:00","2026-08-30 23:00:00","225.000","225.000","225.000","225.000","1.00","2026-08-30 15:59:59","2026-08-30 23:59:59","225.00000","1","1.00","225.00000"
"all-available","Asia/Taipei","BTCUSDT","BTC-260902-81000-C","2026-09-02","81000","CALL","1h","2026-08-30 16:00:00","2026-08-31 00:00:00","220.000","295.000","220.000","295.000","0.15","2026-08-30 16:59:59","2026-08-31 00:59:59","39.45000","3","0.15","39.45000"
"all-available","Asia/Taipei","BTCUSDT","BTC-260902-81000-C","2026-09-02","81000","CALL","1h","2026-08-30 17:00:00","2026-08-31 01:00:00","240.000","270.000","240.000","265.000","1.03","2026-08-30 17:59:59","2026-08-31 01:59:59","248.00000","3","0.01","2.70000"
"all-available","Asia/Taipei","BTCUSDT","BTC-260902-81000-C","2026-09-02","81000","CALL","1h","2026-08-30 18:00:00","2026-08-31 02:00:00","265.000","265.000","265.000","265.000","0.00","2026-08-30 18:59:59","2026-08-31 02:59:59","0.00000","0","0.00","0.00000"
"all-available","Asia/Taipei","BTCUSDT","BTC-260902-81000-C","2026-09-02","81000","CALL","1h","2026-08-30 19:00:00","2026-08-31 03:00:00","265.000","265.000","265.000","265.000","0.00","2026-08-30 19:59:59","2026-08-31 03:59:59","0.00000","0","0.00","0.00000"
"all-available","Asia/Taipei","BTCUSDT","BTC-260902-81000-C","2026-09-02","81000","CALL","1h","2026-08-30 20:00:00","2026-08-31 04:00:00","265.000","265.000","265.000","265.000","0.00","2026-08-30 20:59:59","2026-08-31 04:59:59","0.00000","0","0.00","0.00000"
"all-available","Asia/Taipei","BTCUSDT","BTC-260902-81000-C","2026-09-02","81000","CALL","1h","2026-08-30 21:00:00","2026-08-31 05:00:00","265.000","265.000","265.000","265.000","0.00","2026-08-30 21:59:59","2026-08-31 05:59:59","0.00000","0","0.00","0.00000"
"all-available","Asia/Taipei","BTCUSDT","BTC-260902-81000-C","2026-09-02","81000","CALL","1h","2026-08-30 22:00:00","2026-08-31 06:00:00","265.000","265.000","265.000","265.000","0.00","2026-08-30 22:59:59","2026-08-31 06:59:59","0.00000","0","0.00","0.00000"
"all-available","Asia/Taipei","BTCUSDT","BTC-260902-81000-C","2026-09-02","81000","CALL","1h","2026-08-30 23:00:00","2026-08-31 07:00:00","165.000","165.000","105.000","105.000","0.17","2026-08-30 23:59:59","2026-08-31 07:59:59","25.65000","4","0.00","0.00000"
"all-available","Asia/Taipei","BTCUSDT","BTC-260902-81000-C","2026-09-02","81000","CALL","1h","2026-08-31 00:00:00","2026-08-31 08:00:00","105.000","105.000","105.000","105.000","0.00","2026-08-31 00:59:59","2026-08-31 08:59:59","0.00000","0","0.00","0.00000"
"all-available","Asia/Taipei","BTCUSDT","BTC-260902-81000-C","2026-09-02","81000","CALL","1h","2026-08-31 01:00:00","2026-08-31 09:00:00","95.000","95.000","95.000","95.000","0.80","2026-08-31 01:59:59","2026-08-31 09:59:59","76.00000","1","0.00","0.00000"
"all-available","Asia/Taipei","BTCUSDT","BTC-260902-81000-C","2026-09-02","81000","CALL","1h","2026-08-31 02:00:00","2026-08-31 10:00:00","90.000","90.000","90.000","90.000","0.02","2026-08-31 02:59:59","2026-08-31 10:59:59","1.80000","2","0.02","1.80000"
"all-available","Asia/Taipei","BTCUSDT","BTC-260902-81000-C","2026-09-02","81000","CALL","1h","2026-08-31 03:00:00","2026-08-31 11:00:00","80.000","80.000","80.000","80.000","0.50","2026-08-31 03:59:59","2026-08-31 11:59:59","40.00000","1","0.50","40.00000"
"all-available","Asia/Taipei","BTCUSDT","BTC-260902-81000-C","2026-09-02","81000","CALL","1h","2026-08-31 04:00:00","2026-08-31 12:00:00","80.000","80.000","80.000","80.000","0.00","2026-08-31 04:59:59","2026-08-31 12:59:59","0.00000","0","0.00","0.00000"
"all-available","Asia/Taipei","BTCUSDT","BTC-260902-81000-C","2026-09-02","81000","CALL","1h","2026-08-31 05:00:00","2026-08-31 13:00:00","110.000","110.000","110.000","110.000","0.30","2026-08-31 05:59:59","2026-08-31 13:59:59","33.00000","2","0.00","0.00000"
"all-available","Asia/Taipei","BTCUSDT","BTC-260902-81000-C","2026-09-02","81000","CALL","1h","2026-08-31 06:00:00","2026-08-31 14:00:00","110.000","110.000","110.000","110.000","0.00","2026-08-31 06:59:59","2026-08-31 14:59:59","0.00000","0","0.00","0.00000"
"all-available","Asia/Taipei","BTCUSDT","BTC-260902-81000-C","2026-09-02","81000","CALL","1h","2026-08-31 07:00:00","2026-08-31 15:00:00","110.000","110.000","110.000","110.000","0.00","2026-08-31 07:59:59","2026-08-31 15:59:59","0.00000","0","0.00","0.00000"
"all-available","Asia/Taipei","BTCUSDT","BTC-260902-81000-C","2026-09-02","81000","CALL","1h","2026-08-31 08:00:00","2026-08-31 16:00:00","105.000","105.000","105.000","105.000","0.28","2026-08-31 08:59:59","2026-08-31 16:59:59","29.40000","1","0.28","29.40000"
"all-available","Asia/Taipei","BTCUSDT","BTC-260902-81000-C","2026-09-02","81000","CALL","1h","2026-08-31 09:00:00","2026-08-31 17:00:00","105.000","105.000","105.000","105.000","0.00","2026-08-31 09:59:59","2026-08-31 17:59:59","0.00000","0","0.00","0.00000"
"all-available","Asia/Taipei","BTCUSDT","BTC-260902-81000-C","2026-09-02","81000","CALL","1h","2026-08-31 10:00:00","2026-08-31 18:00:00","105.000","105.000","105.000","105.000","0.00","2026-08-31 10:59:59","2026-08-31 18:59:59","0.00000","0","0.00","0.00000"
"all-available","Asia/Taipei","BTCUSDT","BTC-260902-81000-C","2026-09-02","81000","CALL","1h","2026-08-31 11:00:00","2026-08-31 19:00:00","105.000","105.000","105.000","105.000","0.00","2026-08-31 11:59:59","2026-08-31 19:59:59","0.00000","0","0.00","0.00000"
"all-available","Asia/Taipei","BTCUSDT","BTC-260902-81000-C","2026-09-02","81000","CALL","1h","2026-08-31 12:00:00","2026-08-31 20:00:00","105.000","105.000","105.000","105.000","0.00","2026-08-31 12:59:59","2026-08-31 20:59:59","0.00000","0","0.00","0.00000"
"all-available","Asia/Taipei","BTCUSDT","BTC-260902-81000-C","2026-09-02","81000","CALL","1h","2026-08-31 13:00:00","2026-08-31 21:00:00","95.000","95.000","95.000","95.000","0.01","2026-08-31 13:59:59","2026-08-31 21:59:59","0.95000","1","0.00","0.00000"
"all-available","Asia/Taipei","BTCUSDT","BTC-260902-81000-C","2026-09-02","81000","CALL","1h","2026-08-31 14:00:00","2026-08-31 22:00:00","70.000","70.000","65.000","70.000","2.07","2026-08-31 14:59:59","2026-08-31 22:59:59","143.00000","7","0.00","0.00000"
"all-available","Asia/Taipei","BTCUSDT","BTC-260902-81000-C","2026-09-02","81000","CALL","1h","2026-08-31 15:00:00","2026-08-31 23:00:00","125.000","125.000","95.000","95.000","1.01","2026-08-31 15:59:59","2026-08-31 23:59:59","125.95000","2","1.00","125.00000"
"all-available","Asia/Taipei","BTCUSDT","BTC-260902-81000-C","2026-09-02","81000","CALL","1h","2026-08-31 16:00:00","2026-09-01 00:00:00","95.000","95.000","95.000","95.000","0.00","2026-08-31 16:59:59","2026-09-01 00:59:59","0.00000","0","0.00","0.00000"
"all-available","Asia/Taipei","BTCUSDT","BTC-260902-81000-C","2026-09-02","81000","CALL","1h","2026-08-31 17:00:00","2026-09-01 01:00:00","95.000","95.000","95.000","95.000","0.00","2026-08-31 17:59:59","2026-09-01 01:59:59","0.00000","0","0.00","0.00000"
"all-available","Asia/Taipei","BTCUSDT","BTC-260902-81000-C","2026-09-02","81000","CALL","1h","2026-08-31 18:00:00","2026-09-01 02:00:00","95.000","140.000","95.000","140.000","1.05","2026-08-31 18:59:59","2026-09-01 02:59:59","101.40000","5","0.05","6.40000"
"all-available","Asia/Taipei","BTCUSDT","BTC-260902-81000-C","2026-09-02","81000","CALL","1h","2026-08-31 19:00:00","2026-09-01 03:00:00","140.000","140.000","140.000","140.000","0.00","2026-08-31 19:59:59","2026-09-01 03:59:59","0.00000","0","0.00","0.00000"
"all-available","Asia/Taipei","BTCUSDT","BTC-260902-81000-C","2026-09-02","81000","CALL","1h","2026-08-31 20:00:00","2026-09-01 04:00:00","140.000","140.000","140.000","140.000","0.00","2026-08-31 20:59:59","2026-09-01 04:59:59","0.00000","0","0.00","0.00000"
"all-available","Asia/Taipei","BTCUSDT","BTC-260902-81000-C","2026-09-02","81000","CALL","1h","2026-08-31 21:00:00","2026-09-01 05:00:00","140.000","140.000","140.000","140.000","0.00","2026-08-31 21:59:59","2026-09-01 05:59:59","0.00000","0","0.00","0.00000"
"all-available","Asia/Taipei","BTCUSDT","BTC-260902-81000-C","2026-09-02","81000","CALL","1h","2026-08-31 22:00:00","2026-09-01 06:00:00","105.000","105.000","105.000","105.000","0.05","2026-08-31 22:59:59","2026-09-01 06:59:59","5.25000","1","0.00","0.00000"
"all-available","Asia/Taipei","BTCUSDT","BTC-260902-81000-C","2026-09-02","81000","CALL","1h","2026-08-31 23:00:00","2026-09-01 07:00:00","105.000","105.000","105.000","105.000","0.00","2026-08-31 23:59:59","2026-09-01 07:59:59","0.00000","0","0.00","0.00000"
"all-available","Asia/Taipei","BTCUSDT","BTC-260902-81000-C","2026-09-02","81000","CALL","1h","2026-09-01 00:00:00","2026-09-01 08:00:00","100.000","115.000","100.000","115.000","10.25","2026-09-01 00:59:59","2026-09-01 08:59:59","1176.55000","6","10.20","1171.05000"
"all-available","Asia/Taipei","BTCUSDT","BTC-260902-81000-C","2026-09-02","81000","CALL","1h","2026-09-01 01:00:00","2026-09-01 09:00:00","75.000","75.000","75.000","75.000","0.39","2026-09-01 01:59:59","2026-09-01 09:59:59","29.25000","1","0.00","0.00000"
"all-available","Asia/Taipei","BTCUSDT","BTC-260902-81000-C","2026-09-02","81000","CALL","1h","2026-09-01 02:00:00","2026-09-01 10:00:00","65.000","65.000","65.000","65.000","0.01","2026-09-01 02:59:59","2026-09-01 10:59:59","0.65000","1","0.01","0.65000"
"all-available","Asia/Taipei","BTCUSDT","BTC-260902-81000-C","2026-09-02","81000","CALL","1h","2026-09-01 03:00:00","2026-09-01 11:00:00","75.000","105.000","75.000","105.000","1.50","2026-09-01 03:59:59","2026-09-01 11:59:59","127.50000","3","1.50","127.50000"
"all-available","Asia/Taipei","BTCUSDT","BTC-260902-81000-C","2026-09-02","81000","CALL","1h","2026-09-01 04:00:00","2026-09-01 12:00:00","105.000","105.000","105.000","105.000","0.00","2026-09-01 04:59:59","2026-09-01 12:59:59","0.00000","0","0.00","0.00000"
"all-available","Asia/Taipei","BTCUSDT","BTC-260902-81000-C","2026-09-02","81000","CALL","1h","2026-09-01 05:00:00","2026-09-01 13:00:00","100.000","125.000","100.000","125.000","1.30","2026-09-01 05:59:59","2026-09-01 13:59:59","130.25000","3","1.30","130.25000"
"all-available","Asia/Taipei","BTCUSDT","BTC-260902-81000-C","2026-09-02","81000","CALL","1h","2026-09-01 06:00:00","2026-09-01 14:00:00","100.000","100.000","85.000","85.000","0.95","2026-09-01 06:59:59","2026-09-01 14:59:59","86.40000","7","0.43","42.20000"
"all-available","Asia/Taipei","BTCUSDT","BTC-260902-81000-C","2026-09-02","81000","CALL","1h","2026-09-01 07:00:00","2026-09-01 15:00:00","65.000","65.000","50.000","50.000","3.88","2026-09-01 07:59:59","2026-09-01 15:59:59","210.75000","13","1.10","56.50000"
"all-available","Asia/Taipei","BTCUSDT","BTC-260902-81000-C","2026-09-02","81000","CALL","1h","2026-09-01 08:00:00","2026-09-01 16:00:00","40.000","40.000","20.000","25.000","17.05","2026-09-01 08:59:59","2026-09-01 16:59:59","530.75000","70","11.74","351.50000"
"all-available","Asia/Taipei","BTCUSDT","BTC-260902-81000-C","2026-09-02","81000","CALL","1h","2026-09-01 09:00:00","2026-09-01 17:00:00","20.000","20.000","20.000","20.000","1.80","2026-09-01 09:59:59","2026-09-01 17:59:59","36.00000","6","0.00","0.00000"
"all-available","Asia/Taipei","BTCUSDT","BTC-260902-81000-C","2026-09-02","81000","CALL","1h","2026-09-01 10:00:00","2026-09-01 18:00:00","25.000","30.000","25.000","30.000","1.91","2026-09-01 10:59:59","2026-09-01 18:59:59","48.70000","11","1.11","28.70000"
"all-available","Asia/Taipei","BTCUSDT","BTC-260902-81000-C","2026-09-02","81000","CALL","1h","2026-09-01 11:00:00","2026-09-01 19:00:00","25.000","25.000","25.000","25.000","0.32","2026-09-01 11:59:59","2026-09-01 19:59:59","8.00000","4","0.00","0.00000"
"all-available","Asia/Taipei","BTCUSDT","BTC-260902-81000-C","2026-09-02","81000","CALL","1h","2026-09-01 12:00:00","2026-09-01 20:00:00","20.000","20.000","20.000","20.000","0.43","2026-09-01 12:59:59","2026-09-01 20:59:59","8.60000","3","0.12","2.40000"
"all-available","Asia/Taipei","BTCUSDT","BTC-260902-81000-C","2026-09-02","81000","CALL","1h","2026-09-01 13:00:00","2026-09-01 21:00:00","20.000","25.000","15.000","25.000","1.76","2026-09-01 13:59:59","2026-09-01 21:59:59","34.10000","5","1.27","26.75000"
"all-available","Asia/Taipei","BTCUSDT","BTC-260902-81000-C","2026-09-02","81000","CALL","1h","2026-09-01 14:00:00","2026-09-01 22:00:00","25.000","25.000","25.000","25.000","0.88","2026-09-01 14:59:59","2026-09-01 22:59:59","22.00000","5","0.86","21.50000"
"all-available","Asia/Taipei","BTCUSDT","BTC-260902-81000-C","2026-09-02","81000","CALL","1h","2026-09-01 15:00:00","2026-09-01 23:00:00","15.000","15.000","10.000","10.000","2.09","2026-09-01 15:59:59","2026-09-01 23:59:59","22.50000","6","0.00","0.00000"
"all-available","Asia/Taipei","BTCUSDT","BTC-260902-81000-C","2026-09-02","81000","CALL","1h","2026-09-01 16:00:00","2026-09-02 00:00:00","10.000","10.000","10.000","10.000","0.00","2026-09-01 16:59:59","2026-09-02 00:59:59","0.00000","0","0.00","0.00000"
"all-available","Asia/Taipei","BTCUSDT","BTC-260902-81000-C","2026-09-02","81000","CALL","1h","2026-09-01 17:00:00","2026-09-02 01:00:00","5.000","5.000","5.000","5.000","25.37","2026-09-01 17:59:59","2026-09-02 01:59:59","126.85000","13","24.12","120.60000"
"all-available","Asia/Taipei","BTCUSDT","BTC-260902-81000-C","2026-09-02","81000","CALL","1h","2026-09-01 18:00:00","2026-09-02 02:00:00","5.000","5.000","5.000","5.000","0.00","2026-09-01 18:59:59","2026-09-02 02:59:59","0.00000","0","0.00","0.00000"
"all-available","Asia/Taipei","BTCUSDT","BTC-260902-81000-C","2026-09-02","81000","CALL","1h","2026-09-01 19:00:00","2026-09-02 03:00:00","5.000","5.000","5.000","5.000","0.00","2026-09-01 19:59:59","2026-09-02 03:59:59","0.00000","0","0.00","0.00000"
"all-available","Asia/Taipei","BTCUSDT","BTC-260902-81000-C","2026-09-02","81000","CALL","1h","2026-09-01 20:00:00","2026-09-02 04:00:00","5.000","5.000","5.000","5.000","0.02","2026-09-01 20:59:59","2026-09-02 04:59:59","0.10000","1","0.02","0.10000"
"all-available","Asia/Taipei","BTCUSDT","BTC-260902-81000-C","2026-09-02","81000","CALL","1h","2026-09-01 21:00:00","2026-09-02 05:00:00","5.000","5.000","5.000","5.000","0.00","2026-09-01 21:59:59","2026-09-02 05:59:59","0.00000","0","0.00","0.00000"
"all-available","Asia/Taipei","BTCUSDT","BTC-260902-81000-C","2026-09-02","81000","CALL","1h","2026-09-01 22:00:00","2026-09-02 06:00:00","5.000","5.000","5.000","5.000","0.00","2026-09-01 22:59:59","2026-09-02 06:59:59","0.00000","0","0.00","0.00000"
"all-available","Asia/Taipei","BTCUSDT","BTC-260902-81000-C","2026-09-02","81000","CALL","1h","2026-09-01 23:00:00","2026-09-02 07:00:00","5.000","5.000","5.000","5.000","0.00","2026-09-01 23:59:59","2026-09-02 07:59:59","0.00000","0","0.00","0.00000"
"all-available","Asia/Taipei","BTCUSDT","BTC-260902-81000-C","2026-09-02","81000","CALL","1h","2026-09-02 00:00:00","2026-09-02 08:00:00","5.000","5.000","5.000","5.000","0.00","2026-09-02 00:59:59","2026-09-02 08:59:59","0.00000","0","0.00","0.00000"
"all-available","Asia/Taipei","BTCUSDT","BTC-260902-81000-C","2026-09-02","81000","CALL","1h","2026-09-02 01:00:00","2026-09-02 09:00:00","5.000","5.000","5.000","5.000","0.00","2026-09-02 01:59:59","2026-09-02 09:59:59","0.00000","0","0.00","0.00000"
"all-available","Asia/Taipei","BTCUSDT","BTC-260902-81000-C","2026-09-02","81000","CALL","1h","2026-09-02 02:00:00","2026-09-02 10:00:00","5.000","5.000","5.000","5.000","0.00","2026-09-02 02:59:59","2026-09-02 10:59:59","0.00000","0","0.00","0.00000"
"all-available","Asia/Taipei","BTCUSDT","BTC-260902-81000-C","2026-09-02","81000","CALL","1h","2026-09-02 03:00:00","2026-09-02 11:00:00","5.000","5.000","5.000","5.000","0.00","2026-09-02 03:59:59","2026-09-02 11:59:59","0.00000","0","0.00","0.00000"
"all-available","Asia/Taipei","BTCUSDT","BTC-260902-81000-C","2026-09-02","81000","CALL","1h","2026-09-02 04:00:00","2026-09-02 12:00:00","5.000","5.000","5.000","5.000","0.00","2026-09-02 04:59:59","2026-09-02 12:59:59","0.00000","0","0.00","0.00000"
"all-available","Asia/Taipei","BTCUSDT","BTC-260902-81000-C","2026-09-02","81000","CALL","1h","2026-09-02 05:00:00","2026-09-02 13:00:00","5.000","5.000","5.000","5.000","0.00","2026-09-02 05:59:59","2026-09-02 13:59:59","0.00000","0","0.00","0.00000"
"all-available","Asia/Taipei","BTCUSDT","BTC-260902-81000-C","2026-09-02","81000","CALL","1h","2026-09-02 06:00:00","2026-09-02 14:00:00","5.000","5.000","5.000","5.000","0.00","2026-09-02 06:59:59","2026-09-02 14:59:59","0.00000","0","0.00","0.00000"
"all-available","Asia/Taipei","BTCUSDT","BTC-260902-81000-C","2026-09-02","81000","CALL","1h","2026-09-02 07:00:00","2026-09-02 15:00:00","5.000","5.000","5.000","5.000","597.00","2026-09-02 07:59:59","2026-09-02 15:59:59","2985.00000","7","597.00","2985.00000"
"all-available","Asia/Taipei","BTCUSDT","BTC-260902-82000-C","2026-09-02","82000","CALL","1h","2026-08-30 17:00:00","2026-08-31 01:00:00","155.000","155.000","150.000","150.000","0.32","2026-08-30 17:59:59","2026-08-31 01:59:59","48.65000","3","0.00","0.00000"
"all-available","Asia/Taipei","BTCUSDT","BTC-260902-82000-C","2026-09-02","82000","CALL","1h","2026-08-30 18:00:00","2026-08-31 02:00:00","160.000","160.000","160.000","160.000","0.50","2026-08-30 18:59:59","2026-08-31 02:59:59","80.00000","1","0.00","0.00000"
"all-available","Asia/Taipei","BTCUSDT","BTC-260902-82000-C","2026-09-02","82000","CALL","1h","2026-08-30 19:00:00","2026-08-31 03:00:00","160.000","160.000","160.000","160.000","0.00","2026-08-30 19:59:59","2026-08-31 03:59:59","0.00000","0","0.00","0.00000"
"all-available","Asia/Taipei","BTCUSDT","BTC-260902-82000-C","2026-09-02","82000","CALL","1h","2026-08-30 20:00:00","2026-08-31 04:00:00","125.000","125.000","125.000","125.000","0.47","2026-08-30 20:59:59","2026-08-31 04:59:59","58.75000","1","0.47","58.75000"
"all-available","Asia/Taipei","BTCUSDT","BTC-260902-82000-C","2026-09-02","82000","CALL","1h","2026-08-30 21:00:00","2026-08-31 05:00:00","125.000","125.000","125.000","125.000","0.00","2026-08-30 21:59:59","2026-08-31 05:59:59","0.00000","0","0.00","0.00000"
"all-available","Asia/Taipei","BTCUSDT","BTC-260902-82000-C","2026-09-02","82000","CALL","1h","2026-08-30 22:00:00","2026-08-31 06:00:00","125.000","125.000","125.000","125.000","0.00","2026-08-30 22:59:59","2026-08-31 06:59:59","0.00000","0","0.00","0.00000"
"all-available","Asia/Taipei","BTCUSDT","BTC-260902-82000-C","2026-09-02","82000","CALL","1h","2026-08-30 23:00:00","2026-08-31 07:00:00","60.000","60.000","60.000","60.000","0.84","2026-08-30 23:59:59","2026-08-31 07:59:59","50.40000","1","0.00","0.00000"
"all-available","Asia/Taipei","BTCUSDT","BTC-260902-82000-C","2026-09-02","82000","CALL","1h","2026-08-31 00:00:00","2026-08-31 08:00:00","55.000","65.000","55.000","65.000","2.64","2026-08-31 00:59:59","2026-08-31 08:59:59","155.30000","10","0.00","0.00000"
"all-available","Asia/Taipei","BTCUSDT","BTC-260902-82000-C","2026-09-02","82000","CALL","1h","2026-08-31 01:00:00","2026-08-31 09:00:00","55.000","55.000","55.000","55.000","0.07","2026-08-31 01:59:59","2026-08-31 09:59:59","3.85000","1","0.00","0.00000"
"all-available","Asia/Taipei","BTCUSDT","BTC-260902-82000-C","2026-09-02","82000","CALL","1h","2026-08-31 02:00:00","2026-08-31 10:00:00","50.000","50.000","50.000","50.000","0.28","2026-08-31 02:59:59","2026-08-31 10:59:59","14.00000","1","0.28","14.00000"
"all-available","Asia/Taipei","BTCUSDT","BTC-260902-82000-C","2026-09-02","82000","CALL","1h","2026-08-31 03:00:00","2026-08-31 11:00:00","35.000","40.000","35.000","40.000","2.00","2026-08-31 03:59:59","2026-08-31 11:59:59","75.00000","2","2.00","75.00000"
"all-available","Asia/Taipei","BTCUSDT","BTC-260902-82000-C","2026-09-02","82000","CALL","1h","2026-08-31 04:00:00","2026-08-31 12:00:00","40.000","40.000","40.000","40.000","0.00","2026-08-31 04:59:59","2026-08-31 12:59:59","0.00000","0","0.00","0.00000"
"all-available","Asia/Taipei","BTCUSDT","BTC-260902-82000-C","2026-09-02","82000","CALL","1h","2026-08-31 05:00:00","2026-08-31 13:00:00","40.000","40.000","40.000","40.000","0.00","2026-08-31 05:59:59","2026-08-31 13:59:59","0.00000","0","0.00","0.00000"
"all-available","Asia/Taipei","BTCUSDT","BTC-260902-82000-C","2026-09-02","82000","CALL","1h","2026-08-31 06:00:00","2026-08-31 14:00:00","40.000","40.000","40.000","40.000","0.00","2026-08-31 06:59:59","2026-08-31 14:59:59","0.00000","0","0.00","0.00000"
"all-available","Asia/Taipei","BTCUSDT","BTC-260902-82000-C","2026-09-02","82000","CALL","1h","2026-08-31 07:00:00","2026-08-31 15:00:00","60.000","60.000","60.000","60.000","1.33","2026-08-31 07:59:59","2026-08-31 15:59:59","79.80000","2","1.33","79.80000"
"all-available","Asia/Taipei","BTCUSDT","BTC-260902-82000-C","2026-09-02","82000","CALL","1h","2026-08-31 08:00:00","2026-08-31 16:00:00","60.000","60.000","55.000","55.000","0.85","2026-08-31 08:59:59","2026-08-31 16:59:59","49.25000","2","0.85","49.25000"
"all-available","Asia/Taipei","BTCUSDT","BTC-260902-82000-C","2026-09-02","82000","CALL","1h","2026-08-31 09:00:00","2026-08-31 17:00:00","55.000","75.000","55.000","65.000","2.38","2026-08-31 09:59:59","2026-08-31 17:59:59","154.95000","10","2.02","131.40000"
"all-available","Asia/Taipei","BTCUSDT","BTC-260902-82000-C","2026-09-02","82000","CALL","1h","2026-08-31 10:00:00","2026-08-31 18:00:00","65.000","65.000","65.000","65.000","0.00","2026-08-31 10:59:59","2026-08-31 18:59:59","0.00000","0","0.00","0.00000"
"all-available","Asia/Taipei","BTCUSDT","BTC-260902-82000-C","2026-09-02","82000","CALL","1h","2026-08-31 11:00:00","2026-08-31 19:00:00","75.000","75.000","65.000","65.000","2.26","2026-08-31 11:59:59","2026-08-31 19:59:59","158.20000","3","1.13","84.75000"
"all-available","Asia/Taipei","BTCUSDT","BTC-260902-82000-C","2026-09-02","82000","CALL","1h","2026-08-31 12:00:00","2026-08-31 20:00:00","65.000","65.000","65.000","65.000","0.00","2026-08-31 12:59:59","2026-08-31 20:59:59","0.00000","0","0.00","0.00000"
"all-available","Asia/Taipei","BTCUSDT","BTC-260902-82000-C","2026-09-02","82000","CALL","1h","2026-08-31 13:00:00","2026-08-31 21:00:00","55.000","55.000","55.000","55.000","2.10","2026-08-31 13:59:59","2026-08-31 21:59:59","115.50000","4","2.10","115.50000"
"all-available","Asia/Taipei","BTCUSDT","BTC-260902-82000-C","2026-09-02","82000","CALL","1h","2026-08-31 14:00:00","2026-08-31 22:00:00","55.000","55.000","55.000","55.000","0.00","2026-08-31 14:59:59","2026-08-31 22:59:59","0.00000","0","0.00","0.00000"
"all-available","Asia/Taipei","BTCUSDT","BTC-260902-82000-C","2026-09-02","82000","CALL","1h","2026-08-31 15:00:00","2026-08-31 23:00:00","55.000","55.000","55.000","55.000","0.00","2026-08-31 15:59:59","2026-08-31 23:59:59","0.00000","0","0.00","0.00000"
"all-available","Asia/Taipei","BTCUSDT","BTC-260902-82000-C","2026-09-02","82000","CALL","1h","2026-08-31 16:00:00","2026-09-01 00:00:00","55.000","55.000","55.000","55.000","0.00","2026-08-31 16:59:59","2026-09-01 00:59:59","0.00000","0","0.00","0.00000"
"all-available","Asia/Taipei","BTCUSDT","BTC-260902-82000-C","2026-09-02","82000","CALL","1h","2026-08-31 17:00:00","2026-09-01 01:00:00","55.000","55.000","55.000","55.000","0.00","2026-08-31 17:59:59","2026-09-01 01:59:59","0.00000","0","0.00","0.00000"
"all-available","Asia/Taipei","BTCUSDT","BTC-260902-82000-C","2026-09-02","82000","CALL","1h","2026-08-31 18:00:00","2026-09-01 02:00:00","55.000","60.000","55.000","60.000","1.21","2026-08-31 18:59:59","2026-09-01 02:59:59","67.10000","3","1.21","67.10000"
"all-available","Asia/Taipei","BTCUSDT","BTC-260902-82000-C","2026-09-02","82000","CALL","1h","2026-08-31 19:00:00","2026-09-01 03:00:00","60.000","60.000","60.000","60.000","1.00","2026-08-31 19:59:59","2026-09-01 03:59:59","60.00000","2","1.00","60.00000"
"all-available","Asia/Taipei","BTCUSDT","BTC-260902-82000-C","2026-09-02","82000","CALL","1h","2026-08-31 20:00:00","2026-09-01 04:00:00","65.000","65.000","50.000","50.000","2.28","2026-08-31 20:59:59","2026-09-01 04:59:59","144.00000","5","0.00","0.00000"
"all-available","Asia/Taipei","BTCUSDT","BTC-260902-82000-C","2026-09-02","82000","CALL","1h","2026-08-31 21:00:00","2026-09-01 05:00:00","50.000","50.000","50.000","50.000","0.00","2026-08-31 21:59:59","2026-09-01 05:59:59","0.00000","0","0.00","0.00000"
"all-available","Asia/Taipei","BTCUSDT","BTC-260902-82000-C","2026-09-02","82000","CALL","1h","2026-08-31 22:00:00","2026-09-01 06:00:00","50.000","50.000","50.000","50.000","0.65","2026-08-31 22:59:59","2026-09-01 06:59:59","32.50000","4","0.00","0.00000"
"all-available","Asia/Taipei","BTCUSDT","BTC-260902-82000-C","2026-09-02","82000","CALL","1h","2026-08-31 23:00:00","2026-09-01 07:00:00","50.000","50.000","45.000","45.000","2.10","2026-08-31 23:59:59","2026-09-01 07:59:59","103.50000","7","0.30","13.50000"
"all-available","Asia/Taipei","BTCUSDT","BTC-260902-82000-C","2026-09-02","82000","CALL","1h","2026-09-01 00:00:00","2026-09-01 08:00:00","45.000","45.000","45.000","45.000","0.00","2026-09-01 00:59:59","2026-09-01 08:59:59","0.00000","0","0.00","0.00000"
"all-available","Asia/Taipei","BTCUSDT","BTC-260902-82000-C","2026-09-02","82000","CALL","1h","2026-09-01 01:00:00","2026-09-01 09:00:00","40.000","40.000","40.000","40.000","3.29","2026-09-01 01:59:59","2026-09-01 09:59:59","131.60000","4","0.02","0.80000"
"all-available","Asia/Taipei","BTCUSDT","BTC-260902-82000-C","2026-09-02","82000","CALL","1h","2026-09-01 02:00:00","2026-09-01 10:00:00","30.000","35.000","30.000","35.000","2.19","2026-09-01 02:59:59","2026-09-01 10:59:59","66.60000","7","2.19","66.60000"
"all-available","Asia/Taipei","BTCUSDT","BTC-260902-82000-C","2026-09-02","82000","CALL","1h","2026-09-01 03:00:00","2026-09-01 11:00:00","40.000","40.000","40.000","40.000","2.50","2026-09-01 03:59:59","2026-09-01 11:59:59","100.00000","2","0.50","20.00000"
"all-available","Asia/Taipei","BTCUSDT","BTC-260902-82000-C","2026-09-02","82000","CALL","1h","2026-09-01 04:00:00","2026-09-01 12:00:00","40.000","40.000","35.000","35.000","0.15","2026-09-01 04:59:59","2026-09-01 12:59:59","5.35000","3","0.02","0.80000"
"all-available","Asia/Taipei","BTCUSDT","BTC-260902-82000-C","2026-09-02","82000","CALL","1h","2026-09-01 05:00:00","2026-09-01 13:00:00","45.000","60.000","45.000","60.000","39.65","2026-09-01 05:59:59","2026-09-01 13:59:59","2362.90000","20","39.65","2362.90000"
"all-available","Asia/Taipei","BTCUSDT","BTC-260902-82000-C","2026-09-02","82000","CALL","1h","2026-09-01 06:00:00","2026-09-01 14:00:00","55.000","55.000","35.000","35.000","40.70","2026-09-01 06:59:59","2026-09-01 14:59:59","1873.05000","11","40.33","1854.85000"
"all-available","Asia/Taipei","BTCUSDT","BTC-260902-82000-C","2026-09-02","82000","CALL","1h","2026-09-01 07:00:00","2026-09-01 15:00:00","40.000","40.000","20.000","20.000","6.50","2026-09-01 07:59:59","2026-09-01 15:59:59","155.50000","8","4.05","82.00000"
"all-available","Asia/Taipei","BTCUSDT","BTC-260902-82000-C","2026-09-02","82000","CALL","1h","2026-09-01 08:00:00","2026-09-01 16:00:00","20.000","20.000","10.000","15.000","2.69","2026-09-01 08:59:59","2026-09-01 16:59:59","40.35000","4","2.68","40.25000"
"all-available","Asia/Taipei","BTCUSDT","BTC-260902-82000-C","2026-09-02","82000","CALL","1h","2026-09-01 09:00:00","2026-09-01 17:00:00","15.000","15.000","10.000","10.000","3.80","2026-09-01 09:59:59","2026-09-01 17:59:59","39.65000","7","0.00","0.00000"
"all-available","Asia/Taipei","BTCUSDT","BTC-260902-82000-C","2026-09-02","82000","CALL","1h","2026-09-01 10:00:00","2026-09-01 18:00:00","10.000","10.000","10.000","10.000","0.00","2026-09-01 10:59:59","2026-09-01 18:59:59","0.00000","0","0.00","0.00000"
"all-available","Asia/Taipei","BTCUSDT","BTC-260902-82000-C","2026-09-02","82000","CALL","1h","2026-09-01 11:00:00","2026-09-01 19:00:00","15.000","15.000","10.000","10.000","5.64","2026-09-01 11:59:59","2026-09-01 19:59:59","59.60000","8","0.64","9.60000"
"all-available","Asia/Taipei","BTCUSDT","BTC-260902-82000-C","2026-09-02","82000","CALL","1h","2026-09-01 12:00:00","2026-09-01 20:00:00","10.000","10.000","10.000","10.000","0.04","2026-09-01 12:59:59","2026-09-01 20:59:59","0.40000","1","0.00","0.00000"
"all-available","Asia/Taipei","BTCUSDT","BTC-260902-82000-C","2026-09-02","82000","CALL","1h","2026-09-01 13:00:00","2026-09-01 21:00:00","10.000","10.000","10.000","10.000","6.01","2026-09-01 13:59:59","2026-09-01 21:59:59","60.10000","9","4.81","48.10000"
"all-available","Asia/Taipei","BTCUSDT","BTC-260902-82000-C","2026-09-02","82000","CALL","1h","2026-09-01 14:00:00","2026-09-01 22:00:00","10.000","10.000","10.000","10.000","0.00","2026-09-01 14:59:59","2026-09-01 22:59:59","0.00000","0","0.00","0.00000"
"all-available","Asia/Taipei","BTCUSDT","BTC-260902-82000-C","2026-09-02","82000","CALL","1h","2026-09-01 15:00:00","2026-09-01 23:00:00","5.000","5.000","5.000","5.000","23.38","2026-09-01 15:59:59","2026-09-01 23:59:59","116.90000","9","3.64","18.20000"
"all-available","Asia/Taipei","BTCUSDT","BTC-260902-82000-C","2026-09-02","82000","CALL","1h","2026-09-01 16:00:00","2026-09-02 00:00:00","5.000","5.000","5.000","5.000","0.00","2026-09-01 16:59:59","2026-09-02 00:59:59","0.00000","0","0.00","0.00000"
"all-available","Asia/Taipei","BTCUSDT","BTC-260902-82000-C","2026-09-02","82000","CALL","1h","2026-09-01 17:00:00","2026-09-02 01:00:00","5.000","5.000","5.000","5.000","0.00","2026-09-01 17:59:59","2026-09-02 01:59:59","0.00000","0","0.00","0.00000"
"all-available","Asia/Taipei","BTCUSDT","BTC-260902-82000-C","2026-09-02","82000","CALL","1h","2026-09-01 18:00:00","2026-09-02 02:00:00","5.000","5.000","5.000","5.000","0.00","2026-09-01 18:59:59","2026-09-02 02:59:59","0.00000","0","0.00","0.00000"
"all-available","Asia/Taipei","BTCUSDT","BTC-260902-82000-C","2026-09-02","82000","CALL","1h","2026-09-01 19:00:00","2026-09-02 03:00:00","5.000","5.000","5.000","5.000","0.00","2026-09-01 19:59:59","2026-09-02 03:59:59","0.00000","0","0.00","0.00000"
"all-available","Asia/Taipei","BTCUSDT","BTC-260902-82000-C","2026-09-02","82000","CALL","1h","2026-09-01 20:00:00","2026-09-02 04:00:00","5.000","5.000","5.000","5.000","0.00","2026-09-01 20:59:59","2026-09-02 04:59:59","0.00000","0","0.00","0.00000"
"all-available","Asia/Taipei","BTCUSDT","BTC-260902-82000-C","2026-09-02","82000","CALL","1h","2026-09-01 21:00:00","2026-09-02 05:00:00","5.000","5.000","5.000","5.000","0.00","2026-09-01 21:59:59","2026-09-02 05:59:59","0.00000","0","0.00","0.00000"
"all-available","Asia/Taipei","BTCUSDT","BTC-260902-82000-C","2026-09-02","82000","CALL","1h","2026-09-01 22:00:00","2026-09-02 06:00:00","5.000","5.000","5.000","5.000","0.00","2026-09-01 22:59:59","2026-09-02 06:59:59","0.00000","0","0.00","0.00000"
"all-available","Asia/Taipei","BTCUSDT","BTC-260902-82000-C","2026-09-02","82000","CALL","1h","2026-09-01 23:00:00","2026-09-02 07:00:00","5.000","5.000","5.000","5.000","0.00","2026-09-01 23:59:59","2026-09-02 07:59:59","0.00000","0","0.00","0.00000"
"all-available","Asia/Taipei","BTCUSDT","BTC-260902-82000-C","2026-09-02","82000","CALL","1h","2026-09-02 00:00:00","2026-09-02 08:00:00","5.000","5.000","5.000","5.000","0.00","2026-09-02 00:59:59","2026-09-02 08:59:59","0.00000","0","0.00","0.00000"
"all-available","Asia/Taipei","BTCUSDT","BTC-260902-82000-C","2026-09-02","82000","CALL","1h","2026-09-02 01:00:00","2026-09-02 09:00:00","5.000","5.000","5.000","5.000","0.00","2026-09-02 01:59:59","2026-09-02 09:59:59","0.00000","0","0.00","0.00000"
"all-available","Asia/Taipei","BTCUSDT","BTC-260902-82000-C","2026-09-02","82000","CALL","1h","2026-09-02 02:00:00","2026-09-02 10:00:00","5.000","5.000","5.000","5.000","0.00","2026-09-02 02:59:59","2026-09-02 10:59:59","0.00000","0","0.00","0.00000"
"all-available","Asia/Taipei","BTCUSDT","BTC-260902-82000-C","2026-09-02","82000","CALL","1h","2026-09-02 03:00:00","2026-09-02 11:00:00","5.000","5.000","5.000","5.000","0.00","2026-09-02 03:59:59","2026-09-02 11:59:59","0.00000","0","0.00","0.00000"
"all-available","Asia/Taipei","BTCUSDT","BTC-260902-82000-C","2026-09-02","82000","CALL","1h","2026-09-02 04:00:00","2026-09-02 12:00:00","5.000","5.000","5.000","5.000","0.00","2026-09-02 04:59:59","2026-09-02 12:59:59","0.00000","0","0.00","0.00000"
"all-available","Asia/Taipei","BTCUSDT","BTC-260902-82000-C","2026-09-02","82000","CALL","1h","2026-09-02 05:00:00","2026-09-02 13:00:00","5.000","5.000","5.000","5.000","0.00","2026-09-02 05:59:59","2026-09-02 13:59:59","0.00000","0","0.00","0.00000"
"all-available","Asia/Taipei","BTCUSDT","BTC-260902-82000-C","2026-09-02","82000","CALL","1h","2026-09-02 06:00:00","2026-09-02 14:00:00","5.000","5.000","5.000","5.000","0.00","2026-09-02 06:59:59","2026-09-02 14:59:59","0.00000","0","0.00","0.00000"
"all-available","Asia/Taipei","BTCUSDT","BTC-260902-82000-C","2026-09-02","82000","CALL","1h","2026-09-02 07:00:00","2026-09-02 15:00:00","5.000","5.000","5.000","5.000","0.00","2026-09-02 07:59:59","2026-09-02 15:59:59","0.00000","0","0.00","0.00000"
"all-available","Asia/Taipei","BTCUSDT","BTC-260902-83000-C","2026-09-02","83000","CALL","1h","2026-08-30 08:00:00","2026-08-30 16:00:00","60.000","60.000","60.000","60.000","1.36","2026-08-30 08:59:59","2026-08-30 16:59:59","81.60000","1","1.36","81.60000"
"all-available","Asia/Taipei","BTCUSDT","BTC-260902-83000-C","2026-09-02","83000","CALL","1h","2026-08-30 09:00:00","2026-08-30 17:00:00","60.000","60.000","60.000","60.000","0.00","2026-08-30 09:59:59","2026-08-30 17:59:59","0.00000","0","0.00","0.00000"
"all-available","Asia/Taipei","BTCUSDT","BTC-260902-83000-C","2026-09-02","83000","CALL","1h","2026-08-30 10:00:00","2026-08-30 18:00:00","60.000","60.000","60.000","60.000","0.00","2026-08-30 10:59:59","2026-08-30 18:59:59","0.00000","0","0.00","0.00000"
"all-available","Asia/Taipei","BTCUSDT","BTC-260902-83000-C","2026-09-02","83000","CALL","1h","2026-08-30 11:00:00","2026-08-30 19:00:00","45.000","45.000","45.000","45.000","0.11","2026-08-30 11:59:59","2026-08-30 19:59:59","4.95000","1","0.11","4.95000"
"all-available","Asia/Taipei","BTCUSDT","BTC-260902-83000-C","2026-09-02","83000","CALL","1h","2026-08-30 12:00:00","2026-08-30 20:00:00","60.000","70.000","60.000","70.000","3.38","2026-08-30 12:59:59","2026-08-30 20:59:59","223.60000","10","1.22","84.25000"
"all-available","Asia/Taipei","BTCUSDT","BTC-260902-83000-C","2026-09-02","83000","CALL","1h","2026-08-30 13:00:00","2026-08-30 21:00:00","65.000","65.000","65.000","65.000","0.17","2026-08-30 13:59:59","2026-08-30 21:59:59","11.05000","2","0.17","11.05000"
"all-available","Asia/Taipei","BTCUSDT","BTC-260902-83000-C","2026-09-02","83000","CALL","1h","2026-08-30 14:00:00","2026-08-30 22:00:00","65.000","65.000","65.000","65.000","0.00","2026-08-30 14:59:59","2026-08-30 22:59:59","0.00000","0","0.00","0.00000"
"all-available","Asia/Taipei","BTCUSDT","BTC-260902-83000-C","2026-09-02","83000","CALL","1h","2026-08-30 15:00:00","2026-08-30 23:00:00","65.000","65.000","60.000","60.000","1.10","2026-08-30 15:59:59","2026-08-30 23:59:59","66.50000","2","0.00","0.00000"
"all-available","Asia/Taipei","BTCUSDT","BTC-260902-83000-C","2026-09-02","83000","CALL","1h","2026-08-30 16:00:00","2026-08-31 00:00:00","65.000","100.000","65.000","95.000","13.92","2026-08-30 16:59:59","2026-08-31 00:59:59","1265.60000","12","13.55","1237.45000"
"all-available","Asia/Taipei","BTCUSDT","BTC-260902-83000-C","2026-09-02","83000","CALL","1h","2026-08-30 17:00:00","2026-08-31 01:00:00","95.000","95.000","95.000","95.000","0.00","2026-08-30 17:59:59","2026-08-31 01:59:59","0.00000","0","0.00","0.00000"
"all-available","Asia/Taipei","BTCUSDT","BTC-260902-83000-C","2026-09-02","83000","CALL","1h","2026-08-30 18:00:00","2026-08-31 02:00:00","95.000","95.000","95.000","95.000","0.00","2026-08-30 18:59:59","2026-08-31 02:59:59","0.00000","0","0.00","0.00000"
"all-available","Asia/Taipei","BTCUSDT","BTC-260902-83000-C","2026-09-02","83000","CALL","1h","2026-08-30 19:00:00","2026-08-31 03:00:00","80.000","80.000","80.000","80.000","0.47","2026-08-30 19:59:59","2026-08-31 03:59:59","37.60000","1","0.47","37.60000"
"all-available","Asia/Taipei","BTCUSDT","BTC-260902-83000-C","2026-09-02","83000","CALL","1h","2026-08-30 20:00:00","2026-08-31 04:00:00","80.000","80.000","60.000","65.000","3.50","2026-08-30 20:59:59","2026-08-31 04:59:59","234.75000","5","3.42","229.35000"
"all-available","Asia/Taipei","BTCUSDT","BTC-260902-83000-C","2026-09-02","83000","CALL","1h","2026-08-30 21:00:00","2026-08-31 05:00:00","65.000","65.000","65.000","65.000","0.00","2026-08-30 21:59:59","2026-08-31 05:59:59","0.00000","0","0.00","0.00000"
"all-available","Asia/Taipei","BTCUSDT","BTC-260902-83000-C","2026-09-02","83000","CALL","1h","2026-08-30 22:00:00","2026-08-31 06:00:00","65.000","65.000","55.000","60.000","1.44","2026-08-30 22:59:59","2026-08-31 06:59:59","92.95000","8","0.08","4.55000"
"all-available","Asia/Taipei","BTCUSDT","BTC-260902-83000-C","2026-09-02","83000","CALL","1h","2026-08-30 23:00:00","2026-08-31 07:00:00","60.000","60.000","60.000","60.000","0.00","2026-08-30 23:59:59","2026-08-31 07:59:59","0.00000","0","0.00","0.00000"
"all-available","Asia/Taipei","BTCUSDT","BTC-260902-83000-C","2026-09-02","83000","CALL","1h","2026-08-31 00:00:00","2026-08-31 08:00:00","35.000","35.000","35.000","35.000","15.00","2026-08-31 00:59:59","2026-08-31 08:59:59","525.00000","2","15.00","525.00000"
"all-available","Asia/Taipei","BTCUSDT","BTC-260902-83000-C","2026-09-02","83000","CALL","1h","2026-08-31 01:00:00","2026-08-31 09:00:00","35.000","35.000","35.000","35.000","0.00","2026-08-31 01:59:59","2026-08-31 09:59:59","0.00000","0","0.00","0.00000"
"all-available","Asia/Taipei","BTCUSDT","BTC-260902-83000-C","2026-09-02","83000","CALL","1h","2026-08-31 02:00:00","2026-08-31 10:00:00","25.000","25.000","20.000","20.000","0.24","2026-08-31 02:59:59","2026-08-31 10:59:59","5.40000","2","0.12","3.00000"
"all-available","Asia/Taipei","BTCUSDT","BTC-260902-83000-C","2026-09-02","83000","CALL","1h","2026-08-31 03:00:00","2026-08-31 11:00:00","20.000","25.000","20.000","25.000","7.00","2026-08-31 03:59:59","2026-08-31 11:59:59","156.90000","4","7.00","156.90000"
"all-available","Asia/Taipei","BTCUSDT","BTC-260902-83000-C","2026-09-02","83000","CALL","1h","2026-08-31 04:00:00","2026-08-31 12:00:00","25.000","25.000","25.000","25.000","0.00","2026-08-31 04:59:59","2026-08-31 12:59:59","0.00000","0","0.00","0.00000"
"all-available","Asia/Taipei","BTCUSDT","BTC-260902-83000-C","2026-09-02","83000","CALL","1h","2026-08-31 05:00:00","2026-08-31 13:00:00","35.000","35.000","35.000","35.000","0.20","2026-08-31 05:59:59","2026-08-31 13:59:59","7.00000","1","0.00","0.00000"
"all-available","Asia/Taipei","BTCUSDT","BTC-260902-83000-C","2026-09-02","83000","CALL","1h","2026-08-31 06:00:00","2026-08-31 14:00:00","35.000","35.000","35.000","35.000","0.00","2026-08-31 06:59:59","2026-08-31 14:59:59","0.00000","0","0.00","0.00000"
"all-available","Asia/Taipei","BTCUSDT","BTC-260902-83000-C","2026-09-02","83000","CALL","1h","2026-08-31 07:00:00","2026-08-31 15:00:00","35.000","35.000","30.000","30.000","0.13","2026-08-31 07:59:59","2026-08-31 15:59:59","4.50000","3","0.12","4.20000"
"all-available","Asia/Taipei","BTCUSDT","BTC-260902-83000-C","2026-09-02","83000","CALL","1h","2026-08-31 08:00:00","2026-08-31 16:00:00","30.000","35.000","30.000","30.000","0.37","2026-08-31 08:59:59","2026-08-31 16:59:59","11.20000","4","0.02","0.70000"
"all-available","Asia/Taipei","BTCUSDT","BTC-260902-83000-C","2026-09-02","83000","CALL","1h","2026-08-31 09:00:00","2026-08-31 17:00:00","45.000","45.000","45.000","45.000","2.48","2026-08-31 09:59:59","2026-08-31 17:59:59","111.60000","8","1.58","71.10000"
"all-available","Asia/Taipei","BTCUSDT","BTC-260902-83000-C","2026-09-02","83000","CALL","1h","2026-08-31 10:00:00","2026-08-31 18:00:00","45.000","45.000","45.000","45.000","0.00","2026-08-31 10:59:59","2026-08-31 18:59:59","0.00000","0","0.00","0.00000"
"all-available","Asia/Taipei","BTCUSDT","BTC-260902-83000-C","2026-09-02","83000","CALL","1h","2026-08-31 11:00:00","2026-08-31 19:00:00","45.000","45.000","45.000","45.000","1.01","2026-08-31 11:59:59","2026-08-31 19:59:59","45.45000","3","1.01","45.45000"
"all-available","Asia/Taipei","BTCUSDT","BTC-260902-83000-C","2026-09-02","83000","CALL","1h","2026-08-31 12:00:00","2026-08-31 20:00:00","35.000","35.000","30.000","30.000","2.71","2026-08-31 12:59:59","2026-08-31 20:59:59","94.35000","5","2.61","91.35000"
"all-available","Asia/Taipei","BTCUSDT","BTC-260902-83000-C","2026-09-02","83000","CALL","1h","2026-08-31 13:00:00","2026-08-31 21:00:00","30.000","30.000","30.000","30.000","0.00","2026-08-31 13:59:59","2026-08-31 21:59:59","0.00000","0","0.00","0.00000"
"all-available","Asia/Taipei","BTCUSDT","BTC-260902-83000-C","2026-09-02","83000","CALL","1h","2026-08-31 14:00:00","2026-08-31 22:00:00","25.000","25.000","20.000","20.000","0.84","2026-08-31 14:59:59","2026-08-31 22:59:59","20.50000","4","0.84","20.50000"
"all-available","Asia/Taipei","BTCUSDT","BTC-260902-83000-C","2026-09-02","83000","CALL","1h","2026-08-31 15:00:00","2026-08-31 23:00:00","20.000","20.000","20.000","20.000","0.00","2026-08-31 15:59:59","2026-08-31 23:59:59","0.00000","0","0.00","0.00000"
"all-available","Asia/Taipei","BTCUSDT","BTC-260902-83000-C","2026-09-02","83000","CALL","1h","2026-08-31 16:00:00","2026-09-01 00:00:00","20.000","20.000","20.000","20.000","0.00","2026-08-31 16:59:59","2026-09-01 00:59:59","0.00000","0","0.00","0.00000"
"all-available","Asia/Taipei","BTCUSDT","BTC-260902-83000-C","2026-09-02","83000","CALL","1h","2026-08-31 17:00:00","2026-09-01 01:00:00","25.000","25.000","25.000","25.000","1.00","2026-08-31 17:59:59","2026-09-01 01:59:59","25.00000","1","1.00","25.00000"
"all-available","Asia/Taipei","BTCUSDT","BTC-260902-83000-C","2026-09-02","83000","CALL","1h","2026-08-31 18:00:00","2026-09-01 02:00:00","25.000","25.000","25.000","25.000","0.24","2026-08-31 18:59:59","2026-09-01 02:59:59","6.00000","2","0.24","6.00000"
"all-available","Asia/Taipei","BTCUSDT","BTC-260902-83000-C","2026-09-02","83000","CALL","1h","2026-08-31 19:00:00","2026-09-01 03:00:00","25.000","25.000","25.000","25.000","0.00","2026-08-31 19:59:59","2026-09-01 03:59:59","0.00000","0","0.00","0.00000"
"all-available","Asia/Taipei","BTCUSDT","BTC-260902-83000-C","2026-09-02","83000","CALL","1h","2026-08-31 20:00:00","2026-09-01 04:00:00","30.000","30.000","30.000","30.000","0.20","2026-08-31 20:59:59","2026-09-01 04:59:59","6.00000","1","0.20","6.00000"
"all-available","Asia/Taipei","BTCUSDT","BTC-260902-83000-C","2026-09-02","83000","CALL","1h","2026-08-31 21:00:00","2026-09-01 05:00:00","30.000","30.000","30.000","30.000","0.00","2026-08-31 21:59:59","2026-09-01 05:59:59","0.00000","0","0.00","0.00000"
"all-available","Asia/Taipei","BTCUSDT","BTC-260902-83000-C","2026-09-02","83000","CALL","1h","2026-08-31 22:00:00","2026-09-01 06:00:00","30.000","30.000","30.000","30.000","0.00","2026-08-31 22:59:59","2026-09-01 06:59:59","0.00000","0","0.00","0.00000"
"all-available","Asia/Taipei","BTCUSDT","BTC-260902-83000-C","2026-09-02","83000","CALL","1h","2026-08-31 23:00:00","2026-09-01 07:00:00","20.000","20.000","20.000","20.000","0.02","2026-08-31 23:59:59","2026-09-01 07:59:59","0.40000","1","0.00","0.00000"
"all-available","Asia/Taipei","BTCUSDT","BTC-260902-83000-C","2026-09-02","83000","CALL","1h","2026-09-01 00:00:00","2026-09-01 08:00:00","25.000","25.000","25.000","25.000","1.97","2026-09-01 00:59:59","2026-09-01 08:59:59","49.25000","4","1.97","49.25000"
"all-available","Asia/Taipei","BTCUSDT","BTC-260902-83000-C","2026-09-02","83000","CALL","1h","2026-09-01 01:00:00","2026-09-01 09:00:00","20.000","20.000","20.000","20.000","0.50","2026-09-01 01:59:59","2026-09-01 09:59:59","10.00000","4","0.00","0.00000"
"all-available","Asia/Taipei","BTCUSDT","BTC-260902-83000-C","2026-09-02","83000","CALL","1h","2026-09-01 02:00:00","2026-09-01 10:00:00","15.000","15.000","15.000","15.000","1.61","2026-09-01 02:59:59","2026-09-01 10:59:59","24.15000","2","0.00","0.00000"
"all-available","Asia/Taipei","BTCUSDT","BTC-260902-83000-C","2026-09-02","83000","CALL","1h","2026-09-01 03:00:00","2026-09-01 11:00:00","15.000","15.000","15.000","15.000","0.00","2026-09-01 03:59:59","2026-09-01 11:59:59","0.00000","0","0.00","0.00000"
"all-available","Asia/Taipei","BTCUSDT","BTC-260902-83000-C","2026-09-02","83000","CALL","1h","2026-09-01 04:00:00","2026-09-01 12:00:00","20.000","20.000","20.000","20.000","1.02","2026-09-01 04:59:59","2026-09-01 12:59:59","20.40000","4","0.02","0.40000"
"all-available","Asia/Taipei","BTCUSDT","BTC-260902-83000-C","2026-09-02","83000","CALL","1h","2026-09-01 05:00:00","2026-09-01 13:00:00","20.000","20.000","20.000","20.000","0.02","2026-09-01 05:59:59","2026-09-01 13:59:59","0.40000","2","0.00","0.00000"
"all-available","Asia/Taipei","BTCUSDT","BTC-260902-83000-C","2026-09-02","83000","CALL","1h","2026-09-01 06:00:00","2026-09-01 14:00:00","25.000","25.000","25.000","25.000","0.20","2026-09-01 06:59:59","2026-09-01 14:59:59","5.00000","1","0.00","0.00000"
"all-available","Asia/Taipei","BTCUSDT","BTC-260902-83000-C","2026-09-02","83000","CALL","1h","2026-09-01 07:00:00","2026-09-01 15:00:00","15.000","15.000","10.000","10.000","1.32","2026-09-01 07:59:59","2026-09-01 15:59:59","15.20000","5","0.00","0.00000"
"all-available","Asia/Taipei","BTCUSDT","BTC-260902-83000-C","2026-09-02","83000","CALL","1h","2026-09-01 08:00:00","2026-09-01 16:00:00","5.000","5.000","5.000","5.000","2.58","2026-09-01 08:59:59","2026-09-01 16:59:59","12.90000","4","1.33","6.65000"
"all-available","Asia/Taipei","BTCUSDT","BTC-260902-83000-C","2026-09-02","83000","CALL","1h","2026-09-01 09:00:00","2026-09-01 17:00:00","5.000","5.000","5.000","5.000","2.68","2026-09-01 09:59:59","2026-09-01 17:59:59","13.40000","2","0.00","0.00000"
"all-available","Asia/Taipei","BTCUSDT","BTC-260902-83000-C","2026-09-02","83000","CALL","1h","2026-09-01 10:00:00","2026-09-01 18:00:00","5.000","5.000","5.000","5.000","0.00","2026-09-01 10:59:59","2026-09-01 18:59:59","0.00000","0","0.00","0.00000"
"all-available","Asia/Taipei","BTCUSDT","BTC-260902-83000-C","2026-09-02","83000","CALL","1h","2026-09-01 11:00:00","2026-09-01 19:00:00","5.000","5.000","5.000","5.000","0.00","2026-09-01 11:59:59","2026-09-01 19:59:59","0.00000","0","0.00","0.00000"
"all-available","Asia/Taipei","BTCUSDT","BTC-260902-83000-C","2026-09-02","83000","CALL","1h","2026-09-01 12:00:00","2026-09-01 20:00:00","5.000","5.000","5.000","5.000","0.00","2026-09-01 12:59:59","2026-09-01 20:59:59","0.00000","0","0.00","0.00000"
"all-available","Asia/Taipei","BTCUSDT","BTC-260902-83000-C","2026-09-02","83000","CALL","1h","2026-09-01 13:00:00","2026-09-01 21:00:00","5.000","5.000","5.000","5.000","2.01","2026-09-01 13:59:59","2026-09-01 21:59:59","10.05000","4","2.01","10.05000"
"all-available","Asia/Taipei","BTCUSDT","BTC-260902-83000-C","2026-09-02","83000","CALL","1h","2026-09-01 14:00:00","2026-09-01 22:00:00","5.000","5.000","5.000","5.000","1.80","2026-09-01 14:59:59","2026-09-01 22:59:59","9.00000","1","0.00","0.00000"
"all-available","Asia/Taipei","BTCUSDT","BTC-260902-83000-C","2026-09-02","83000","CALL","1h","2026-09-01 15:00:00","2026-09-01 23:00:00","5.000","5.000","5.000","5.000","1.05","2026-09-01 15:59:59","2026-09-01 23:59:59","5.25000","1","1.05","5.25000"
"all-available","Asia/Taipei","BTCUSDT","BTC-260902-83000-C","2026-09-02","83000","CALL","1h","2026-09-01 16:00:00","2026-09-02 00:00:00","5.000","5.000","5.000","5.000","0.00","2026-09-01 16:59:59","2026-09-02 00:59:59","0.00000","0","0.00","0.00000"
"all-available","Asia/Taipei","BTCUSDT","BTC-260902-83000-C","2026-09-02","83000","CALL","1h","2026-09-01 17:00:00","2026-09-02 01:00:00","5.000","5.000","5.000","5.000","0.00","2026-09-01 17:59:59","2026-09-02 01:59:59","0.00000","0","0.00","0.00000"
"all-available","Asia/Taipei","BTCUSDT","BTC-260902-83000-C","2026-09-02","83000","CALL","1h","2026-09-01 18:00:00","2026-09-02 02:00:00","5.000","5.000","5.000","5.000","0.00","2026-09-01 18:59:59","2026-09-02 02:59:59","0.00000","0","0.00","0.00000"
"all-available","Asia/Taipei","BTCUSDT","BTC-260902-83000-C","2026-09-02","83000","CALL","1h","2026-09-01 19:00:00","2026-09-02 03:00:00","5.000","5.000","5.000","5.000","0.00","2026-09-01 19:59:59","2026-09-02 03:59:59","0.00000","0","0.00","0.00000"
"all-available","Asia/Taipei","BTCUSDT","BTC-260902-83000-C","2026-09-02","83000","CALL","1h","2026-09-01 20:00:00","2026-09-02 04:00:00","5.000","5.000","5.000","5.000","0.00","2026-09-01 20:59:59","2026-09-02 04:59:59","0.00000","0","0.00","0.00000"
"all-available","Asia/Taipei","BTCUSDT","BTC-260902-83000-C","2026-09-02","83000","CALL","1h","2026-09-01 21:00:00","2026-09-02 05:00:00","5.000","5.000","5.000","5.000","0.00","2026-09-01 21:59:59","2026-09-02 05:59:59","0.00000","0","0.00","0.00000"
"all-available","Asia/Taipei","BTCUSDT","BTC-260902-83000-C","2026-09-02","83000","CALL","1h","2026-09-01 22:00:00","2026-09-02 06:00:00","5.000","5.000","5.000","5.000","0.00","2026-09-01 22:59:59","2026-09-02 06:59:59","0.00000","0","0.00","0.00000"
"all-available","Asia/Taipei","BTCUSDT","BTC-260902-83000-C","2026-09-02","83000","CALL","1h","2026-09-01 23:00:00","2026-09-02 07:00:00","5.000","5.000","5.000","5.000","0.00","2026-09-01 23:59:59","2026-09-02 07:59:59","0.00000","0","0.00","0.00000"
"all-available","Asia/Taipei","BTCUSDT","BTC-260902-83000-C","2026-09-02","83000","CALL","1h","2026-09-02 00:00:00","2026-09-02 08:00:00","5.000","5.000","5.000","5.000","0.00","2026-09-02 00:59:59","2026-09-02 08:59:59","0.00000","0","0.00","0.00000"
"all-available","Asia/Taipei","BTCUSDT","BTC-260902-83000-C","2026-09-02","83000","CALL","1h","2026-09-02 01:00:00","2026-09-02 09:00:00","5.000","5.000","5.000","5.000","0.00","2026-09-02 01:59:59","2026-09-02 09:59:59","0.00000","0","0.00","0.00000"
"all-available","Asia/Taipei","BTCUSDT","BTC-260902-83000-C","2026-09-02","83000","CALL","1h","2026-09-02 02:00:00","2026-09-02 10:00:00","5.000","5.000","5.000","5.000","0.00","2026-09-02 02:59:59","2026-09-02 10:59:59","0.00000","0","0.00","0.00000"
"all-available","Asia/Taipei","BTCUSDT","BTC-260902-83000-C","2026-09-02","83000","CALL","1h","2026-09-02 03:00:00","2026-09-02 11:00:00","5.000","5.000","5.000","5.000","0.00","2026-09-02 03:59:59","2026-09-02 11:59:59","0.00000","0","0.00","0.00000"
"all-available","Asia/Taipei","BTCUSDT","BTC-260902-83000-C","2026-09-02","83000","CALL","1h","2026-09-02 04:00:00","2026-09-02 12:00:00","5.000","5.000","5.000","5.000","0.00","2026-09-02 04:59:59","2026-09-02 12:59:59","0.00000","0","0.00","0.00000"
"all-available","Asia/Taipei","BTCUSDT","BTC-260902-83000-C","2026-09-02","83000","CALL","1h","2026-09-02 05:00:00","2026-09-02 13:00:00","5.000","5.000","5.000","5.000","0.00","2026-09-02 05:59:59","2026-09-02 13:59:59","0.00000","0","0.00","0.00000"
"all-available","Asia/Taipei","BTCUSDT","BTC-260902-83000-C","2026-09-02","83000","CALL","1h","2026-09-02 06:00:00","2026-09-02 14:00:00","5.000","5.000","5.000","5.000","0.00","2026-09-02 06:59:59","2026-09-02 14:59:59","0.00000","0","0.00","0.00000"
"all-available","Asia/Taipei","BTCUSDT","BTC-260902-83000-C","2026-09-02","83000","CALL","1h","2026-09-02 07:00:00","2026-09-02 15:00:00","5.000","5.000","5.000","5.000","0.00","2026-09-02 07:59:59","2026-09-02 15:59:59","0.00000","0","0.00","0.00000"
"all-available","Asia/Taipei","BTCUSDT","BTC-260902-84000-C","2026-09-02","84000","CALL","1h","2026-08-31 00:00:00","2026-08-31 08:00:00","20.000","20.000","20.000","20.000","1.22","2026-08-31 00:59:59","2026-08-31 08:59:59","24.40000","2","1.22","24.40000"
"all-available","Asia/Taipei","BTCUSDT","BTC-260902-84000-C","2026-09-02","84000","CALL","1h","2026-08-31 01:00:00","2026-08-31 09:00:00","15.000","15.000","15.000","15.000","11.00","2026-08-31 01:59:59","2026-08-31 09:59:59","165.00000","2","10.00","150.00000"
"all-available","Asia/Taipei","BTCUSDT","BTC-260902-84000-C","2026-09-02","84000","CALL","1h","2026-08-31 02:00:00","2026-08-31 10:00:00","10.000","10.000","10.000","10.000","14.55","2026-08-31 02:59:59","2026-08-31 10:59:59","145.50000","4","4.55","45.50000"
"all-available","Asia/Taipei","BTCUSDT","BTC-260902-84000-C","2026-09-02","84000","CALL","1h","2026-08-31 03:00:00","2026-08-31 11:00:00","10.000","10.000","10.000","10.000","4.55","2026-08-31 03:59:59","2026-08-31 11:59:59","45.50000","1","4.55","45.50000"
"all-available","Asia/Taipei","BTCUSDT","BTC-260902-84000-C","2026-09-02","84000","CALL","1h","2026-08-31 04:00:00","2026-08-31 12:00:00","10.000","10.000","10.000","10.000","9.10","2026-08-31 04:59:59","2026-08-31 12:59:59","91.00000","2","0.00","0.00000"
"all-available","Asia/Taipei","BTCUSDT","BTC-260902-84000-C","2026-09-02","84000","CALL","1h","2026-08-31 05:00:00","2026-08-31 13:00:00","15.000","15.000","15.000","15.000","7.63","2026-08-31 05:59:59","2026-08-31 13:59:59","114.45000","3","7.63","114.45000"
"all-available","Asia/Taipei","BTCUSDT","BTC-260902-84000-C","2026-09-02","84000","CALL","1h","2026-08-31 06:00:00","2026-08-31 14:00:00","15.000","15.000","15.000","15.000","0.00","2026-08-31 06:59:59","2026-08-31 14:59:59","0.00000","0","0.00","0.00000"
"all-available","Asia/Taipei","BTCUSDT","BTC-260902-84000-C","2026-09-02","84000","CALL","1h","2026-08-31 07:00:00","2026-08-31 15:00:00","15.000","15.000","15.000","15.000","0.00","2026-08-31 07:59:59","2026-08-31 15:59:59","0.00000","0","0.00","0.00000"
"all-available","Asia/Taipei","BTCUSDT","BTC-260902-84000-C","2026-09-02","84000","CALL","1h","2026-08-31 08:00:00","2026-08-31 16:00:00","15.000","15.000","15.000","15.000","0.00","2026-08-31 08:59:59","2026-08-31 16:59:59","0.00000","0","0.00","0.00000"
"all-available","Asia/Taipei","BTCUSDT","BTC-260902-84000-C","2026-09-02","84000","CALL","1h","2026-08-31 09:00:00","2026-08-31 17:00:00","25.000","30.000","25.000","30.000","0.55","2026-08-31 09:59:59","2026-08-31 17:59:59","14.00000","2","0.50","12.50000"
"all-available","Asia/Taipei","BTCUSDT","BTC-260902-84000-C","2026-09-02","84000","CALL","1h","2026-08-31 10:00:00","2026-08-31 18:00:00","30.000","30.000","30.000","30.000","0.00","2026-08-31 10:59:59","2026-08-31 18:59:59","0.00000","0","0.00","0.00000"
"all-available","Asia/Taipei","BTCUSDT","BTC-260902-84000-C","2026-09-02","84000","CALL","1h","2026-08-31 11:00:00","2026-08-31 19:00:00","30.000","30.000","30.000","30.000","0.00","2026-08-31 11:59:59","2026-08-31 19:59:59","0.00000","0","0.00","0.00000"
"all-available","Asia/Taipei","BTCUSDT","BTC-260902-84000-C","2026-09-02","84000","CALL","1h","2026-08-31 12:00:00","2026-08-31 20:00:00","30.000","30.000","25.000","25.000","0.02","2026-08-31 12:59:59","2026-08-31 20:59:59","0.55000","2","0.01","0.30000"
"all-available","Asia/Taipei","BTCUSDT","BTC-260902-84000-C","2026-09-02","84000","CALL","1h","2026-08-31 13:00:00","2026-08-31 21:00:00","25.000","25.000","25.000","25.000","0.00","2026-08-31 13:59:59","2026-08-31 21:59:59","0.00000","0","0.00","0.00000"
"all-available","Asia/Taipei","BTCUSDT","BTC-260902-84000-C","2026-09-02","84000","CALL","1h","2026-08-31 14:00:00","2026-08-31 22:00:00","10.000","15.000","10.000","15.000","12.16","2026-08-31 14:59:59","2026-08-31 22:59:59","151.60000","5","12.16","151.60000"
"all-available","Asia/Taipei","BTCUSDT","BTC-260902-84000-C","2026-09-02","84000","CALL","1h","2026-08-31 15:00:00","2026-08-31 23:00:00","15.000","15.000","15.000","15.000","0.00","2026-08-31 15:59:59","2026-08-31 23:59:59","0.00000","0","0.00","0.00000"
"all-available","Asia/Taipei","BTCUSDT","BTC-260902-84000-C","2026-09-02","84000","CALL","1h","2026-08-31 16:00:00","2026-09-01 00:00:00","10.000","10.000","10.000","10.000","1.71","2026-08-31 16:59:59","2026-09-01 00:59:59","17.10000","2","1.71","17.10000"
"all-available","Asia/Taipei","BTCUSDT","BTC-260902-84000-C","2026-09-02","84000","CALL","1h","2026-08-31 17:00:00","2026-09-01 01:00:00","10.000","10.000","10.000","10.000","1.00","2026-08-31 17:59:59","2026-09-01 01:59:59","10.00000","1","1.00","10.00000"
"all-available","Asia/Taipei","BTCUSDT","BTC-260902-84000-C","2026-09-02","84000","CALL","1h","2026-08-31 18:00:00","2026-09-01 02:00:00","15.000","15.000","15.000","15.000","0.06","2026-08-31 18:59:59","2026-09-01 02:59:59","0.90000","1","0.06","0.90000"
"all-available","Asia/Taipei","BTCUSDT","BTC-260902-84000-C","2026-09-02","84000","CALL","1h","2026-08-31 19:00:00","2026-09-01 03:00:00","15.000","15.000","15.000","15.000","0.00","2026-08-31 19:59:59","2026-09-01 03:59:59","0.00000","0","0.00","0.00000"
"all-available","Asia/Taipei","BTCUSDT","BTC-260902-84000-C","2026-09-02","84000","CALL","1h","2026-08-31 20:00:00","2026-09-01 04:00:00","15.000","15.000","15.000","15.000","0.00","2026-08-31 20:59:59","2026-09-01 04:59:59","0.00000","0","0.00","0.00000"
"all-available","Asia/Taipei","BTCUSDT","BTC-260902-84000-C","2026-09-02","84000","CALL","1h","2026-08-31 21:00:00","2026-09-01 05:00:00","15.000","15.000","15.000","15.000","0.00","2026-08-31 21:59:59","2026-09-01 05:59:59","0.00000","0","0.00","0.00000"
"all-available","Asia/Taipei","BTCUSDT","BTC-260902-84000-C","2026-09-02","84000","CALL","1h","2026-08-31 22:00:00","2026-09-01 06:00:00","15.000","15.000","15.000","15.000","0.20","2026-08-31 22:59:59","2026-09-01 06:59:59","3.00000","1","0.00","0.00000"
"all-available","Asia/Taipei","BTCUSDT","BTC-260902-84000-C","2026-09-02","84000","CALL","1h","2026-08-31 23:00:00","2026-09-01 07:00:00","15.000","15.000","15.000","15.000","0.00","2026-08-31 23:59:59","2026-09-01 07:59:59","0.00000","0","0.00","0.00000"
"all-available","Asia/Taipei","BTCUSDT","BTC-260902-84000-C","2026-09-02","84000","CALL","1h","2026-09-01 00:00:00","2026-09-01 08:00:00","15.000","15.000","15.000","15.000","0.00","2026-09-01 00:59:59","2026-09-01 08:59:59","0.00000","0","0.00","0.00000"
"all-available","Asia/Taipei","BTCUSDT","BTC-260902-84000-C","2026-09-02","84000","CALL","1h","2026-09-01 01:00:00","2026-09-01 09:00:00","15.000","15.000","15.000","15.000","0.00","2026-09-01 01:59:59","2026-09-01 09:59:59","0.00000","0","0.00","0.00000"
"all-available","Asia/Taipei","BTCUSDT","BTC-260902-84000-C","2026-09-02","84000","CALL","1h","2026-09-01 02:00:00","2026-09-01 10:00:00","15.000","15.000","15.000","15.000","0.00","2026-09-01 02:59:59","2026-09-01 10:59:59","0.00000","0","0.00","0.00000"
"all-available","Asia/Taipei","BTCUSDT","BTC-260902-84000-C","2026-09-02","84000","CALL","1h","2026-09-01 03:00:00","2026-09-01 11:00:00","15.000","15.000","15.000","15.000","0.00","2026-09-01 03:59:59","2026-09-01 11:59:59","0.00000","0","0.00","0.00000"
"all-available","Asia/Taipei","BTCUSDT","BTC-260902-84000-C","2026-09-02","84000","CALL","1h","2026-09-01 04:00:00","2026-09-01 12:00:00","15.000","15.000","15.000","15.000","0.00","2026-09-01 04:59:59","2026-09-01 12:59:59","0.00000","0","0.00","0.00000"
"all-available","Asia/Taipei","BTCUSDT","BTC-260902-84000-C","2026-09-02","84000","CALL","1h","2026-09-01 05:00:00","2026-09-01 13:00:00","10.000","10.000","10.000","10.000","58.53","2026-09-01 05:59:59","2026-09-01 13:59:59","585.30000","9","4.50","45.00000"
"all-available","Asia/Taipei","BTCUSDT","BTC-260902-84000-C","2026-09-02","84000","CALL","1h","2026-09-01 06:00:00","2026-09-01 14:00:00","10.000","10.000","10.000","10.000","0.15","2026-09-01 06:59:59","2026-09-01 14:59:59","1.50000","1","0.15","1.50000"
"all-available","Asia/Taipei","BTCUSDT","BTC-260902-84000-C","2026-09-02","84000","CALL","1h","2026-09-01 07:00:00","2026-09-01 15:00:00","5.000","5.000","5.000","5.000","0.06","2026-09-01 07:59:59","2026-09-01 15:59:59","0.30000","1","0.06","0.30000"
"all-available","Asia/Taipei","BTCUSDT","BTC-260902-84000-C","2026-09-02","84000","CALL","1h","2026-09-01 08:00:00","2026-09-01 16:00:00","5.000","5.000","5.000","5.000","0.00","2026-09-01 08:59:59","2026-09-01 16:59:59","0.00000","0","0.00","0.00000"
"all-available","Asia/Taipei","BTCUSDT","BTC-260902-84000-C","2026-09-02","84000","CALL","1h","2026-09-01 09:00:00","2026-09-01 17:00:00","5.000","5.000","5.000","5.000","4.03","2026-09-01 09:59:59","2026-09-01 17:59:59","20.15000","5","0.00","0.00000"
"all-available","Asia/Taipei","BTCUSDT","BTC-260902-84000-C","2026-09-02","84000","CALL","1h","2026-09-01 10:00:00","2026-09-01 18:00:00","5.000","5.000","5.000","5.000","0.00","2026-09-01 10:59:59","2026-09-01 18:59:59","0.00000","0","0.00","0.00000"
"all-available","Asia/Taipei","BTCUSDT","BTC-260902-84000-C","2026-09-02","84000","CALL","1h","2026-09-01 11:00:00","2026-09-01 19:00:00","5.000","5.000","5.000","5.000","0.00","2026-09-01 11:59:59","2026-09-01 19:59:59","0.00000","0","0.00","0.00000"
"all-available","Asia/Taipei","BTCUSDT","BTC-260902-84000-C","2026-09-02","84000","CALL","1h","2026-09-01 12:00:00","2026-09-01 20:00:00","5.000","5.000","5.000","5.000","0.00","2026-09-01 12:59:59","2026-09-01 20:59:59","0.00000","0","0.00","0.00000"
"all-available","Asia/Taipei","BTCUSDT","BTC-260902-84000-C","2026-09-02","84000","CALL","1h","2026-09-01 13:00:00","2026-09-01 21:00:00","5.000","5.000","5.000","5.000","1.90","2026-09-01 13:59:59","2026-09-01 21:59:59","9.50000","5","1.90","9.50000"
"all-available","Asia/Taipei","BTCUSDT","BTC-260902-84000-C","2026-09-02","84000","CALL","1h","2026-09-01 14:00:00","2026-09-01 22:00:00","5.000","5.000","5.000","5.000","0.00","2026-09-01 14:59:59","2026-09-01 22:59:59","0.00000","0","0.00","0.00000"
"all-available","Asia/Taipei","BTCUSDT","BTC-260902-84000-C","2026-09-02","84000","CALL","1h","2026-09-01 15:00:00","2026-09-01 23:00:00","5.000","5.000","5.000","5.000","0.00","2026-09-01 15:59:59","2026-09-01 23:59:59","0.00000","0","0.00","0.00000"
"all-available","Asia/Taipei","BTCUSDT","BTC-260902-84000-C","2026-09-02","84000","CALL","1h","2026-09-01 16:00:00","2026-09-02 00:00:00","5.000","5.000","5.000","5.000","0.00","2026-09-01 16:59:59","2026-09-02 00:59:59","0.00000","0","0.00","0.00000"
"all-available","Asia/Taipei","BTCUSDT","BTC-260902-84000-C","2026-09-02","84000","CALL","1h","2026-09-01 17:00:00","2026-09-02 01:00:00","5.000","5.000","5.000","5.000","0.01","2026-09-01 17:59:59","2026-09-02 01:59:59","0.05000","1","0.01","0.05000"
"all-available","Asia/Taipei","BTCUSDT","BTC-260902-84000-C","2026-09-02","84000","CALL","1h","2026-09-01 18:00:00","2026-09-02 02:00:00","5.000","5.000","5.000","5.000","0.00","2026-09-01 18:59:59","2026-09-02 02:59:59","0.00000","0","0.00","0.00000"
"all-available","Asia/Taipei","BTCUSDT","BTC-260902-84000-C","2026-09-02","84000","CALL","1h","2026-09-01 19:00:00","2026-09-02 03:00:00","5.000","5.000","5.000","5.000","0.00","2026-09-01 19:59:59","2026-09-02 03:59:59","0.00000","0","0.00","0.00000"
"all-available","Asia/Taipei","BTCUSDT","BTC-260902-84000-C","2026-09-02","84000","CALL","1h","2026-09-01 20:00:00","2026-09-02 04:00:00","5.000","5.000","5.000","5.000","0.00","2026-09-01 20:59:59","2026-09-02 04:59:59","0.00000","0","0.00","0.00000"
"all-available","Asia/Taipei","BTCUSDT","BTC-260902-84000-C","2026-09-02","84000","CALL","1h","2026-09-01 21:00:00","2026-09-02 05:00:00","5.000","5.000","5.000","5.000","0.00","2026-09-01 21:59:59","2026-09-02 05:59:59","0.00000","0","0.00","0.00000"
"all-available","Asia/Taipei","BTCUSDT","BTC-260902-84000-C","2026-09-02","84000","CALL","1h","2026-09-01 22:00:00","2026-09-02 06:00:00","5.000","5.000","5.000","5.000","0.00","2026-09-01 22:59:59","2026-09-02 06:59:59","0.00000","0","0.00","0.00000"
"all-available","Asia/Taipei","BTCUSDT","BTC-260902-84000-C","2026-09-02","84000","CALL","1h","2026-09-01 23:00:00","2026-09-02 07:00:00","5.000","5.000","5.000","5.000","0.00","2026-09-01 23:59:59","2026-09-02 07:59:59","0.00000","0","0.00","0.00000"
"all-available","Asia/Taipei","BTCUSDT","BTC-260902-84000-C","2026-09-02","84000","CALL","1h","2026-09-02 00:00:00","2026-09-02 08:00:00","5.000","5.000","5.000","5.000","0.00","2026-09-02 00:59:59","2026-09-02 08:59:59","0.00000","0","0.00","0.00000"
"all-available","Asia/Taipei","BTCUSDT","BTC-260902-84000-C","2026-09-02","84000","CALL","1h","2026-09-02 01:00:00","2026-09-02 09:00:00","5.000","5.000","5.000","5.000","0.00","2026-09-02 01:59:59","2026-09-02 09:59:59","0.00000","0","0.00","0.00000"
"all-available","Asia/Taipei","BTCUSDT","BTC-260902-84000-C","2026-09-02","84000","CALL","1h","2026-09-02 02:00:00","2026-09-02 10:00:00","5.000","5.000","5.000","5.000","0.00","2026-09-02 02:59:59","2026-09-02 10:59:59","0.00000","0","0.00","0.00000"
"all-available","Asia/Taipei","BTCUSDT","BTC-260902-84000-C","2026-09-02","84000","CALL","1h","2026-09-02 03:00:00","2026-09-02 11:00:00","5.000","5.000","5.000","5.000","0.00","2026-09-02 03:59:59","2026-09-02 11:59:59","0.00000","0","0.00","0.00000"
"all-available","Asia/Taipei","BTCUSDT","BTC-260902-84000-C","2026-09-02","84000","CALL","1h","2026-09-02 04:00:00","2026-09-02 12:00:00","5.000","5.000","5.000","5.000","0.00","2026-09-02 04:59:59","2026-09-02 12:59:59","0.00000","0","0.00","0.00000"
"all-available","Asia/Taipei","BTCUSDT","BTC-260902-84000-C","2026-09-02","84000","CALL","1h","2026-09-02 05:00:00","2026-09-02 13:00:00","5.000","5.000","5.000","5.000","0.00","2026-09-02 05:59:59","2026-09-02 13:59:59","0.00000","0","0.00","0.00000"
"all-available","Asia/Taipei","BTCUSDT","BTC-260902-84000-C","2026-09-02","84000","CALL","1h","2026-09-02 06:00:00","2026-09-02 14:00:00","5.000","5.000","5.000","5.000","0.00","2026-09-02 06:59:59","2026-09-02 14:59:59","0.00000","0","0.00","0.00000"
"all-available","Asia/Taipei","BTCUSDT","BTC-260902-84000-C","2026-09-02","84000","CALL","1h","2026-09-02 07:00:00","2026-09-02 15:00:00","5.000","5.000","5.000","5.000","0.00","2026-09-02 07:59:59","2026-09-02 15:59:59","0.00000","0","0.00","0.00000"
