"queryDate","timeZone","underlying","symbol","expiryDate","strikePrice","side","interval","openTimeUtc","openTimeLocal","open","high","low","close","volume","closeTimeUtc","closeTimeLocal","quoteVolume","numberOfTrades","takerBuyVolume","takerBuyQuoteVolume"
"all-available","Asia/Taipei","BTCUSDT","BTC-260916-72000-C","2026-09-16","72000","CALL","1h","2026-09-13 10:00:00","2026-09-13 18:00:00","4845.000","4845.000","4845.000","4845.000","0.10","2026-09-13 10:59:59","2026-09-13 18:59:59","484.50000","1","0.00","0.00000"
"all-available","Asia/Taipei","BTCUSDT","BTC-260916-72000-C","2026-09-16","72000","CALL","1h","2026-09-13 11:00:00","2026-09-13 19:00:00","4845.000","4845.000","4845.000","4845.000","0.00","2026-09-13 11:59:59","2026-09-13 19:59:59","0.00000","0","0.00","0.00000"
"all-available","Asia/Taipei","BTCUSDT","BTC-260916-72000-C","2026-09-16","72000","CALL","1h","2026-09-13 12:00:00","2026-09-13 20:00:00","4845.000","4845.000","4845.000","4845.000","0.00","2026-09-13 12:59:59","2026-09-13 20:59:59","0.00000","0","0.00","0.00000"
"all-available","Asia/Taipei","BTCUSDT","BTC-260916-72000-C","2026-09-16","72000","CALL","1h","2026-09-13 13:00:00","2026-09-13 21:00:00","4845.000","4845.000","4845.000","4845.000","0.00","2026-09-13 13:59:59","2026-09-13 21:59:59","0.00000","0","0.00","0.00000"
"all-available","Asia/Taipei","BTCUSDT","BTC-260916-72000-C","2026-09-16","72000","CALL","1h","2026-09-13 14:00:00","2026-09-13 22:00:00","4845.000","4845.000","4845.000","4845.000","0.00","2026-09-13 14:59:59","2026-09-13 22:59:59","0.00000","0","0.00","0.00000"
"all-available","Asia/Taipei","BTCUSDT","BTC-260916-72000-C","2026-09-16","72000","CALL","1h","2026-09-13 15:00:00","2026-09-13 23:00:00","4845.000","4845.000","4845.000","4845.000","0.00","2026-09-13 15:59:59","2026-09-13 23:59:59","0.00000","0","0.00","0.00000"
"all-available","Asia/Taipei","BTCUSDT","BTC-260916-72000-C","2026-09-16","72000","CALL","1h","2026-09-13 16:00:00","2026-09-14 00:00:00","4845.000","4845.000","4845.000","4845.000","0.00","2026-09-13 16:59:59","2026-09-14 00:59:59","0.00000","0","0.00","0.00000"
"all-available","Asia/Taipei","BTCUSDT","BTC-260916-72000-C","2026-09-16","72000","CALL","1h","2026-09-13 17:00:00","2026-09-14 01:00:00","4845.000","4845.000","4845.000","4845.000","0.00","2026-09-13 17:59:59","2026-09-14 01:59:59","0.00000","0","0.00","0.00000"
"all-available","Asia/Taipei","BTCUSDT","BTC-260916-72000-C","2026-09-16","72000","CALL","1h","2026-09-13 18:00:00","2026-09-14 02:00:00","4845.000","4845.000","4845.000","4845.000","0.00","2026-09-13 18:59:59","2026-09-14 02:59:59","0.00000","0","0.00","0.00000"
"all-available","Asia/Taipei","BTCUSDT","BTC-260916-72000-C","2026-09-16","72000","CALL","1h","2026-09-13 19:00:00","2026-09-14 03:00:00","4845.000","4845.000","4845.000","4845.000","0.00","2026-09-13 19:59:59","2026-09-14 03:59:59","0.00000","0","0.00","0.00000"
"all-available","Asia/Taipei","BTCUSDT","BTC-260916-72000-C","2026-09-16","72000","CALL","1h","2026-09-13 20:00:00","2026-09-14 04:00:00","4845.000","4845.000","4845.000","4845.000","0.00","2026-09-13 20:59:59","2026-09-14 04:59:59","0.00000","0","0.00","0.00000"
"all-available","Asia/Taipei","BTCUSDT","BTC-260916-72000-C","2026-09-16","72000","CALL","1h","2026-09-13 21:00:00","2026-09-14 05:00:00","4845.000","4845.000","4845.000","4845.000","0.00","2026-09-13 21:59:59","2026-09-14 05:59:59","0.00000","0","0.00","0.00000"
"all-available","Asia/Taipei","BTCUSDT","BTC-260916-72000-C","2026-09-16","72000","CALL","1h","2026-09-13 22:00:00","2026-09-14 06:00:00","4845.000","4845.000","4845.000","4845.000","0.00","2026-09-13 22:59:59","2026-09-14 06:59:59","0.00000","0","0.00","0.00000"
"all-available","Asia/Taipei","BTCUSDT","BTC-260916-72000-C","2026-09-16","72000","CALL","1h","2026-09-13 23:00:00","2026-09-14 07:00:00","4845.000","4845.000","4845.000","4845.000","0.00","2026-09-13 23:59:59","2026-09-14 07:59:59","0.00000","0","0.00","0.00000"
"all-available","Asia/Taipei","BTCUSDT","BTC-260916-72000-C","2026-09-16","72000","CALL","1h","2026-09-14 00:00:00","2026-09-14 08:00:00","4845.000","4845.000","4845.000","4845.000","0.00","2026-09-14 00:59:59","2026-09-14 08:59:59","0.00000","0","0.00","0.00000"
"all-available","Asia/Taipei","BTCUSDT","BTC-260916-72000-C","2026-09-16","72000","CALL","1h","2026-09-14 01:00:00","2026-09-14 09:00:00","4845.000","4845.000","4845.000","4845.000","0.00","2026-09-14 01:59:59","2026-09-14 09:59:59","0.00000","0","0.00","0.00000"
"all-available","Asia/Taipei","BTCUSDT","BTC-260916-72000-C","2026-09-16","72000","CALL","1h","2026-09-14 02:00:00","2026-09-14 10:00:00","5405.000","5405.000","5405.000","5405.000","0.10","2026-09-14 02:59:59","2026-09-14 10:59:59","540.50000","1","0.10","540.50000"
"all-available","Asia/Taipei","BTCUSDT","BTC-260916-72000-C","2026-09-16","72000","CALL","1h","2026-09-14 03:00:00","2026-09-14 11:00:00","5405.000","5405.000","5405.000","5405.000","0.00","2026-09-14 03:59:59","2026-09-14 11:59:59","0.00000","0","0.00","0.00000"
"all-available","Asia/Taipei","BTCUSDT","BTC-260916-72000-C","2026-09-16","72000","CALL","1h","2026-09-14 04:00:00","2026-09-14 12:00:00","5405.000","5405.000","5405.000","5405.000","0.00","2026-09-14 04:59:59","2026-09-14 12:59:59","0.00000","0","0.00","0.00000"
"all-available","Asia/Taipei","BTCUSDT","BTC-260916-72000-C","2026-09-16","72000","CALL","1h","2026-09-14 05:00:00","2026-09-14 13:00:00","5405.000","5405.000","5405.000","5405.000","0.00","2026-09-14 05:59:59","2026-09-14 13:59:59","0.00000","0","0.00","0.00000"
"all-available","Asia/Taipei","BTCUSDT","BTC-260916-72000-C","2026-09-16","72000","CALL","1h","2026-09-14 06:00:00","2026-09-14 14:00:00","5405.000","5405.000","5405.000","5405.000","0.00","2026-09-14 06:59:59","2026-09-14 14:59:59","0.00000","0","0.00","0.00000"
"all-available","Asia/Taipei","BTCUSDT","BTC-260916-72000-C","2026-09-16","72000","CALL","1h","2026-09-14 07:00:00","2026-09-14 15:00:00","5405.000","5405.000","5405.000","5405.000","0.00","2026-09-14 07:59:59","2026-09-14 15:59:59","0.00000","0","0.00","0.00000"
"all-available","Asia/Taipei","BTCUSDT","BTC-260916-72000-C","2026-09-16","72000","CALL","1h","2026-09-14 08:00:00","2026-09-14 16:00:00","5405.000","5405.000","5405.000","5405.000","0.00","2026-09-14 08:59:59","2026-09-14 16:59:59","0.00000","0","0.00","0.00000"
"all-available","Asia/Taipei","BTCUSDT","BTC-260916-72000-C","2026-09-16","72000","CALL","1h","2026-09-14 09:00:00","2026-09-14 17:00:00","5405.000","5405.000","5405.000","5405.000","0.00","2026-09-14 09:59:59","2026-09-14 17:59:59","0.00000","0","0.00","0.00000"
"all-available","Asia/Taipei","BTCUSDT","BTC-260916-72000-C","2026-09-16","72000","CALL","1h","2026-09-14 10:00:00","2026-09-14 18:00:00","5405.000","5405.000","5405.000","5405.000","0.00","2026-09-14 10:59:59","2026-09-14 18:59:59","0.00000","0","0.00","0.00000"
"all-available","Asia/Taipei","BTCUSDT","BTC-260916-72000-C","2026-09-16","72000","CALL","1h","2026-09-14 11:00:00","2026-09-14 19:00:00","5405.000","5405.000","5405.000","5405.000","0.00","2026-09-14 11:59:59","2026-09-14 19:59:59","0.00000","0","0.00","0.00000"
"all-available","Asia/Taipei","BTCUSDT","BTC-260916-72000-C","2026-09-16","72000","CALL","1h","2026-09-14 12:00:00","2026-09-14 20:00:00","5405.000","5405.000","5405.000","5405.000","0.00","2026-09-14 12:59:59","2026-09-14 20:59:59","0.00000","0","0.00","0.00000"
"all-available","Asia/Taipei","BTCUSDT","BTC-260916-72000-C","2026-09-16","72000","CALL","1h","2026-09-14 13:00:00","2026-09-14 21:00:00","5405.000","5405.000","5405.000","5405.000","0.00","2026-09-14 13:59:59","2026-09-14 21:59:59","0.00000","0","0.00","0.00000"
"all-available","Asia/Taipei","BTCUSDT","BTC-260916-72000-C","2026-09-16","72000","CALL","1h","2026-09-14 14:00:00","2026-09-14 22:00:00","5405.000","5405.000","5405.000","5405.000","0.00","2026-09-14 14:59:59","2026-09-14 22:59:59","0.00000","0","0.00","0.00000"
"all-available","Asia/Taipei","BTCUSDT","BTC-260916-72000-C","2026-09-16","72000","CALL","1h","2026-09-14 15:00:00","2026-09-14 23:00:00","5405.000","5405.000","5405.000","5405.000","0.00","2026-09-14 15:59:59","2026-09-14 23:59:59","0.00000","0","0.00","0.00000"
"all-available","Asia/Taipei","BTCUSDT","BTC-260916-72000-C","2026-09-16","72000","CALL","1h","2026-09-14 16:00:00","2026-09-15 00:00:00","5405.000","5405.000","5405.000","5405.000","0.00","2026-09-14 16:59:59","2026-09-15 00:59:59","0.00000","0","0.00","0.00000"
"all-available","Asia/Taipei","BTCUSDT","BTC-260916-72000-C","2026-09-16","72000","CALL","1h","2026-09-14 17:00:00","2026-09-15 01:00:00","5405.000","5405.000","5405.000","5405.000","0.00","2026-09-14 17:59:59","2026-09-15 01:59:59","0.00000","0","0.00","0.00000"
"all-available","Asia/Taipei","BTCUSDT","BTC-260916-72000-C","2026-09-16","72000","CALL","1h","2026-09-14 18:00:00","2026-09-15 02:00:00","5405.000","5405.000","5405.000","5405.000","0.00","2026-09-14 18:59:59","2026-09-15 02:59:59","0.00000","0","0.00","0.00000"
"all-available","Asia/Taipei","BTCUSDT","BTC-260916-72000-C","2026-09-16","72000","CALL","1h","2026-09-14 19:00:00","2026-09-15 03:00:00","5405.000","5405.000","5405.000","5405.000","0.00","2026-09-14 19:59:59","2026-09-15 03:59:59","0.00000","0","0.00","0.00000"
"all-available","Asia/Taipei","BTCUSDT","BTC-260916-72000-C","2026-09-16","72000","CALL","1h","2026-09-14 20:00:00","2026-09-15 04:00:00","5405.000","5405.000","5405.000","5405.000","0.00","2026-09-14 20:59:59","2026-09-15 04:59:59","0.00000","0","0.00","0.00000"
"all-available","Asia/Taipei","BTCUSDT","BTC-260916-72000-C","2026-09-16","72000","CALL","1h","2026-09-14 21:00:00","2026-09-15 05:00:00","5405.000","5405.000","5405.000","5405.000","0.00","2026-09-14 21:59:59","2026-09-15 05:59:59","0.00000","0","0.00","0.00000"
"all-available","Asia/Taipei","BTCUSDT","BTC-260916-72000-C","2026-09-16","72000","CALL","1h","2026-09-14 22:00:00","2026-09-15 06:00:00","5405.000","5405.000","5405.000","5405.000","0.00","2026-09-14 22:59:59","2026-09-15 06:59:59","0.00000","0","0.00","0.00000"
"all-available","Asia/Taipei","BTCUSDT","BTC-260916-72000-C","2026-09-16","72000","CALL","1h","2026-09-14 23:00:00","2026-09-15 07:00:00","5405.000","5405.000","5405.000","5405.000","0.00","2026-09-14 23:59:59","2026-09-15 07:59:59","0.00000","0","0.00","0.00000"
"all-available","Asia/Taipei","BTCUSDT","BTC-260916-72000-C","2026-09-16","72000","CALL","1h","2026-09-15 00:00:00","2026-09-15 08:00:00","5405.000","5405.000","5405.000","5405.000","0.00","2026-09-15 00:59:59","2026-09-15 08:59:59","0.00000","0","0.00","0.00000"
"all-available","Asia/Taipei","BTCUSDT","BTC-260916-72000-C","2026-09-16","72000","CALL","1h","2026-09-15 01:00:00","2026-09-15 09:00:00","5405.000","5405.000","5405.000","5405.000","0.00","2026-09-15 01:59:59","2026-09-15 09:59:59","0.00000","0","0.00","0.00000"
"all-available","Asia/Taipei","BTCUSDT","BTC-260916-72000-C","2026-09-16","72000","CALL","1h","2026-09-15 02:00:00","2026-09-15 10:00:00","5405.000","5405.000","5405.000","5405.000","0.00","2026-09-15 02:59:59","2026-09-15 10:59:59","0.00000","0","0.00","0.00000"
"all-available","Asia/Taipei","BTCUSDT","BTC-260916-72000-C","2026-09-16","72000","CALL","1h","2026-09-15 03:00:00","2026-09-15 11:00:00","5405.000","5405.000","5405.000","5405.000","0.00","2026-09-15 03:59:59","2026-09-15 11:59:59","0.00000","0","0.00","0.00000"
"all-available","Asia/Taipei","BTCUSDT","BTC-260916-72000-C","2026-09-16","72000","CALL","1h","2026-09-15 04:00:00","2026-09-15 12:00:00","5405.000","5405.000","5405.000","5405.000","0.00","2026-09-15 04:59:59","2026-09-15 12:59:59","0.00000","0","0.00","0.00000"
"all-available","Asia/Taipei","BTCUSDT","BTC-260916-72000-C","2026-09-16","72000","CALL","1h","2026-09-15 05:00:00","2026-09-15 13:00:00","5405.000","5405.000","5405.000","5405.000","0.00","2026-09-15 05:59:59","2026-09-15 13:59:59","0.00000","0","0.00","0.00000"
"all-available","Asia/Taipei","BTCUSDT","BTC-260916-72000-C","2026-09-16","72000","CALL","1h","2026-09-15 06:00:00","2026-09-15 14:00:00","5405.000","5405.000","5405.000","5405.000","0.00","2026-09-15 06:59:59","2026-09-15 14:59:59","0.00000","0","0.00","0.00000"
"all-available","Asia/Taipei","BTCUSDT","BTC-260916-72000-C","2026-09-16","72000","CALL","1h","2026-09-15 07:00:00","2026-09-15 15:00:00","5405.000","5405.000","5405.000","5405.000","0.00","2026-09-15 07:59:59","2026-09-15 15:59:59","0.00000","0","0.00","0.00000"
"all-available","Asia/Taipei","BTCUSDT","BTC-260916-72000-C","2026-09-16","72000","CALL","1h","2026-09-15 08:00:00","2026-09-15 16:00:00","5405.000","5405.000","5405.000","5405.000","0.00","2026-09-15 08:59:59","2026-09-15 16:59:59","0.00000","0","0.00","0.00000"
"all-available","Asia/Taipei","BTCUSDT","BTC-260916-72000-C","2026-09-16","72000","CALL","1h","2026-09-15 09:00:00","2026-09-15 17:00:00","5405.000","5405.000","5405.000","5405.000","0.00","2026-09-15 09:59:59","2026-09-15 17:59:59","0.00000","0","0.00","0.00000"
"all-available","Asia/Taipei","BTCUSDT","BTC-260916-72000-C","2026-09-16","72000","CALL","1h","2026-09-15 10:00:00","2026-09-15 18:00:00","5405.000","5405.000","5405.000","5405.000","0.00","2026-09-15 10:59:59","2026-09-15 18:59:59","0.00000","0","0.00","0.00000"
"all-available","Asia/Taipei","BTCUSDT","BTC-260916-72000-C","2026-09-16","72000","CALL","1h","2026-09-15 11:00:00","2026-09-15 19:00:00","5405.000","5405.000","5405.000","5405.000","0.00","2026-09-15 11:59:59","2026-09-15 19:59:59","0.00000","0","0.00","0.00000"
"all-available","Asia/Taipei","BTCUSDT","BTC-260916-72000-C","2026-09-16","72000","CALL","1h","2026-09-15 12:00:00","2026-09-15 20:00:00","5405.000","5405.000","5405.000","5405.000","0.00","2026-09-15 12:59:59","2026-09-15 20:59:59","0.00000","0","0.00","0.00000"
"all-available","Asia/Taipei","BTCUSDT","BTC-260916-72000-C","2026-09-16","72000","CALL","1h","2026-09-15 13:00:00","2026-09-15 21:00:00","5405.000","5405.000","5405.000","5405.000","0.00","2026-09-15 13:59:59","2026-09-15 21:59:59","0.00000","0","0.00","0.00000"
"all-available","Asia/Taipei","BTCUSDT","BTC-260916-72000-C","2026-09-16","72000","CALL","1h","2026-09-15 14:00:00","2026-09-15 22:00:00","5405.000","5405.000","5405.000","5405.000","0.00","2026-09-15 14:59:59","2026-09-15 22:59:59","0.00000","0","0.00","0.00000"
"all-available","Asia/Taipei","BTCUSDT","BTC-260916-72000-C","2026-09-16","72000","CALL","1h","2026-09-15 15:00:00","2026-09-15 23:00:00","5405.000","5405.000","5405.000","5405.000","0.00","2026-09-15 15:59:59","2026-09-15 23:59:59","0.00000","0","0.00","0.00000"
"all-available","Asia/Taipei","BTCUSDT","BTC-260916-72000-C","2026-09-16","72000","CALL","1h","2026-09-15 16:00:00","2026-09-16 00:00:00","5405.000","5405.000","5405.000","5405.000","0.00","2026-09-15 16:59:59","2026-09-16 00:59:59","0.00000","0","0.00","0.00000"
"all-available","Asia/Taipei","BTCUSDT","BTC-260916-72000-C","2026-09-16","72000","CALL","1h","2026-09-15 17:00:00","2026-09-16 01:00:00","5405.000","5405.000","5405.000","5405.000","0.00","2026-09-15 17:59:59","2026-09-16 01:59:59","0.00000","0","0.00","0.00000"
"all-available","Asia/Taipei","BTCUSDT","BTC-260916-72000-C","2026-09-16","72000","CALL","1h","2026-09-15 18:00:00","2026-09-16 02:00:00","5405.000","5405.000","5405.000","5405.000","0.00","2026-09-15 18:59:59","2026-09-16 02:59:59","0.00000","0","0.00","0.00000"
"all-available","Asia/Taipei","BTCUSDT","BTC-260916-72000-C","2026-09-16","72000","CALL","1h","2026-09-15 19:00:00","2026-09-16 03:00:00","5405.000","5405.000","5405.000","5405.000","0.00","2026-09-15 19:59:59","2026-09-16 03:59:59","0.00000","0","0.00","0.00000"
"all-available","Asia/Taipei","BTCUSDT","BTC-260916-72000-C","2026-09-16","72000","CALL","1h","2026-09-15 20:00:00","2026-09-16 04:00:00","5405.000","5405.000","5405.000","5405.000","0.00","2026-09-15 20:59:59","2026-09-16 04:59:59","0.00000","0","0.00","0.00000"
"all-available","Asia/Taipei","BTCUSDT","BTC-260916-72000-C","2026-09-16","72000","CALL","1h","2026-09-15 21:00:00","2026-09-16 05:00:00","5405.000","5405.000","5405.000","5405.000","0.00","2026-09-15 21:59:59","2026-09-16 05:59:59","0.00000","0","0.00","0.00000"
"all-available","Asia/Taipei","BTCUSDT","BTC-260916-72000-C","2026-09-16","72000","CALL","1h","2026-09-15 22:00:00","2026-09-16 06:00:00","5405.000","5405.000","5405.000","5405.000","0.00","2026-09-15 22:59:59","2026-09-16 06:59:59","0.00000","0","0.00","0.00000"
"all-available","Asia/Taipei","BTCUSDT","BTC-260916-72000-C","2026-09-16","72000","CALL","1h","2026-09-15 23:00:00","2026-09-16 07:00:00","5405.000","5405.000","5405.000","5405.000","0.00","2026-09-15 23:59:59","2026-09-16 07:59:59","0.00000","0","0.00","0.00000"
"all-available","Asia/Taipei","BTCUSDT","BTC-260916-72000-C","2026-09-16","72000","CALL","1h","2026-09-16 00:00:00","2026-09-16 08:00:00","5405.000","5405.000","5405.000","5405.000","0.00","2026-09-16 00:59:59","2026-09-16 08:59:59","0.00000","0","0.00","0.00000"
"all-available","Asia/Taipei","BTCUSDT","BTC-260916-72000-C","2026-09-16","72000","CALL","1h","2026-09-16 01:00:00","2026-09-16 09:00:00","5405.000","5405.000","5405.000","5405.000","0.00","2026-09-16 01:59:59","2026-09-16 09:59:59","0.00000","0","0.00","0.00000"
"all-available","Asia/Taipei","BTCUSDT","BTC-260916-72000-C","2026-09-16","72000","CALL","1h","2026-09-16 02:00:00","2026-09-16 10:00:00","5405.000","5405.000","5405.000","5405.000","0.00","2026-09-16 02:59:59","2026-09-16 10:59:59","0.00000","0","0.00","0.00000"
"all-available","Asia/Taipei","BTCUSDT","BTC-260916-72000-C","2026-09-16","72000","CALL","1h","2026-09-16 03:00:00","2026-09-16 11:00:00","5405.000","5405.000","5405.000","5405.000","0.00","2026-09-16 03:59:59","2026-09-16 11:59:59","0.00000","0","0.00","0.00000"
"all-available","Asia/Taipei","BTCUSDT","BTC-260916-72000-C","2026-09-16","72000","CALL","1h","2026-09-16 04:00:00","2026-09-16 12:00:00","5405.000","5405.000","5405.000","5405.000","0.00","2026-09-16 04:59:59","2026-09-16 12:59:59","0.00000","0","0.00","0.00000"
"all-available","Asia/Taipei","BTCUSDT","BTC-260916-72000-C","2026-09-16","72000","CALL","1h","2026-09-16 05:00:00","2026-09-16 13:00:00","5405.000","5405.000","5405.000","5405.000","0.00","2026-09-16 05:59:59","2026-09-16 13:59:59","0.00000","0","0.00","0.00000"
"all-available","Asia/Taipei","BTCUSDT","BTC-260916-72000-C","2026-09-16","72000","CALL","1h","2026-09-16 06:00:00","2026-09-16 14:00:00","5405.000","5405.000","5405.000","5405.000","0.00","2026-09-16 06:59:59","2026-09-16 14:59:59","0.00000","0","0.00","0.00000"
"all-available","Asia/Taipei","BTCUSDT","BTC-260916-72000-C","2026-09-16","72000","CALL","1h","2026-09-16 07:00:00","2026-09-16 15:00:00","5405.000","5405.000","5405.000","5405.000","0.00","2026-09-16 07:59:59","2026-09-16 15:59:59","0.00000","0","0.00","0.00000"
"all-available","Asia/Taipei","BTCUSDT","BTC-260916-72000-P","2026-09-16","72000","PUT","1h","2026-09-13 08:00:00","2026-09-13 16:00:00","35.000","60.000","30.000","60.000","115.17","2026-09-13 08:59:59","2026-09-13 16:59:59","4855.75000","12","114.49","4824.50000"
"all-available","Asia/Taipei","BTCUSDT","BTC-260916-72000-P","2026-09-16","72000","PUT","1h","2026-09-13 09:00:00","2026-09-13 17:00:00","70.000","75.000","70.000","75.000","5.79","2026-09-13 09:59:59","2026-09-13 17:59:59","405.75000","5","5.73","401.55000"
"all-available","Asia/Taipei","BTCUSDT","BTC-260916-72000-P","2026-09-16","72000","PUT","1h","2026-09-13 10:00:00","2026-09-13 18:00:00","70.000","75.000","70.000","75.000","1.01","2026-09-13 10:59:59","2026-09-13 18:59:59","75.20000","8","0.90","67.50000"
"all-available","Asia/Taipei","BTCUSDT","BTC-260916-72000-P","2026-09-16","72000","PUT","1h","2026-09-13 11:00:00","2026-09-13 19:00:00","75.000","80.000","75.000","80.000","5.52","2026-09-13 11:59:59","2026-09-13 19:59:59","435.60000","25","5.44","429.35000"
"all-available","Asia/Taipei","BTCUSDT","BTC-260916-72000-P","2026-09-16","72000","PUT","1h","2026-09-13 12:00:00","2026-09-13 20:00:00","80.000","80.000","80.000","80.000","0.34","2026-09-13 12:59:59","2026-09-13 20:59:59","27.20000","2","0.34","27.20000"
"all-available","Asia/Taipei","BTCUSDT","BTC-260916-72000-P","2026-09-16","72000","PUT","1h","2026-09-13 13:00:00","2026-09-13 21:00:00","80.000","80.000","80.000","80.000","2.00","2026-09-13 13:59:59","2026-09-13 21:59:59","160.00000","1","2.00","160.00000"
"all-available","Asia/Taipei","BTCUSDT","BTC-260916-72000-P","2026-09-16","72000","PUT","1h","2026-09-13 14:00:00","2026-09-13 22:00:00","60.000","65.000","60.000","65.000","67.48","2026-09-13 14:59:59","2026-09-13 22:59:59","4097.75000","9","67.48","4097.75000"
"all-available","Asia/Taipei","BTCUSDT","BTC-260916-72000-P","2026-09-16","72000","PUT","1h","2026-09-13 15:00:00","2026-09-13 23:00:00","60.000","65.000","60.000","65.000","55.51","2026-09-13 15:59:59","2026-09-13 23:59:59","3448.70000","4","55.51","3448.70000"
"all-available","Asia/Taipei","BTCUSDT","BTC-260916-72000-P","2026-09-16","72000","PUT","1h","2026-09-13 16:00:00","2026-09-14 00:00:00","55.000","55.000","55.000","55.000","1.00","2026-09-13 16:59:59","2026-09-14 00:59:59","55.00000","1","1.00","55.00000"
"all-available","Asia/Taipei","BTCUSDT","BTC-260916-72000-P","2026-09-16","72000","PUT","1h","2026-09-13 17:00:00","2026-09-14 01:00:00","55.000","55.000","55.000","55.000","0.00","2026-09-13 17:59:59","2026-09-14 01:59:59","0.00000","0","0.00","0.00000"
"all-available","Asia/Taipei","BTCUSDT","BTC-260916-72000-P","2026-09-16","72000","PUT","1h","2026-09-13 18:00:00","2026-09-14 02:00:00","40.000","40.000","40.000","40.000","0.10","2026-09-13 18:59:59","2026-09-14 02:59:59","4.00000","1","0.00","0.00000"
"all-available","Asia/Taipei","BTCUSDT","BTC-260916-72000-P","2026-09-16","72000","PUT","1h","2026-09-13 19:00:00","2026-09-14 03:00:00","40.000","40.000","40.000","40.000","0.00","2026-09-13 19:59:59","2026-09-14 03:59:59","0.00000","0","0.00","0.00000"
"all-available","Asia/Taipei","BTCUSDT","BTC-260916-72000-P","2026-09-16","72000","PUT","1h","2026-09-13 20:00:00","2026-09-14 04:00:00","45.000","45.000","45.000","45.000","2.03","2026-09-13 20:59:59","2026-09-14 04:59:59","91.35000","1","2.03","91.35000"
"all-available","Asia/Taipei","BTCUSDT","BTC-260916-72000-P","2026-09-16","72000","PUT","1h","2026-09-13 21:00:00","2026-09-14 05:00:00","45.000","45.000","45.000","45.000","0.00","2026-09-13 21:59:59","2026-09-14 05:59:59","0.00000","0","0.00","0.00000"
"all-available","Asia/Taipei","BTCUSDT","BTC-260916-72000-P","2026-09-16","72000","PUT","1h","2026-09-13 22:00:00","2026-09-14 06:00:00","45.000","45.000","45.000","45.000","0.00","2026-09-13 22:59:59","2026-09-14 06:59:59","0.00000","0","0.00","0.00000"
"all-available","Asia/Taipei","BTCUSDT","BTC-260916-72000-P","2026-09-16","72000","PUT","1h","2026-09-13 23:00:00","2026-09-14 07:00:00","45.000","45.000","45.000","45.000","0.00","2026-09-13 23:59:59","2026-09-14 07:59:59","0.00000","0","0.00","0.00000"
"all-available","Asia/Taipei","BTCUSDT","BTC-260916-72000-P","2026-09-16","72000","PUT","1h","2026-09-14 00:00:00","2026-09-14 08:00:00","60.000","65.000","60.000","65.000","2.11","2026-09-14 00:59:59","2026-09-14 08:59:59","136.60000","2","2.11","136.60000"
"all-available","Asia/Taipei","BTCUSDT","BTC-260916-72000-P","2026-09-16","72000","PUT","1h","2026-09-14 01:00:00","2026-09-14 09:00:00","50.000","50.000","45.000","45.000","0.98","2026-09-14 01:59:59","2026-09-14 09:59:59","45.65000","6","0.31","15.50000"
"all-available","Asia/Taipei","BTCUSDT","BTC-260916-72000-P","2026-09-16","72000","PUT","1h","2026-09-14 02:00:00","2026-09-14 10:00:00","45.000","45.000","45.000","45.000","0.00","2026-09-14 02:59:59","2026-09-14 10:59:59","0.00000","0","0.00","0.00000"
"all-available","Asia/Taipei","BTCUSDT","BTC-260916-72000-P","2026-09-16","72000","PUT","1h","2026-09-14 03:00:00","2026-09-14 11:00:00","30.000","30.000","30.000","30.000","0.10","2026-09-14 03:59:59","2026-09-14 11:59:59","3.00000","1","0.10","3.00000"
"all-available","Asia/Taipei","BTCUSDT","BTC-260916-72000-P","2026-09-16","72000","PUT","1h","2026-09-14 04:00:00","2026-09-14 12:00:00","30.000","30.000","30.000","30.000","0.00","2026-09-14 04:59:59","2026-09-14 12:59:59","0.00000","0","0.00","0.00000"
"all-available","Asia/Taipei","BTCUSDT","BTC-260916-72000-P","2026-09-16","72000","PUT","1h","2026-09-14 05:00:00","2026-09-14 13:00:00","35.000","35.000","30.000","30.000","5.20","2026-09-14 05:59:59","2026-09-14 13:59:59","169.00000","2","2.60","91.00000"
"all-available","Asia/Taipei","BTCUSDT","BTC-260916-72000-P","2026-09-16","72000","PUT","1h","2026-09-14 06:00:00","2026-09-14 14:00:00","30.000","30.000","25.000","25.000","0.08","2026-09-14 06:59:59","2026-09-14 14:59:59","2.35000","2","0.07","2.10000"
"all-available","Asia/Taipei","BTCUSDT","BTC-260916-72000-P","2026-09-16","72000","PUT","1h","2026-09-14 07:00:00","2026-09-14 15:00:00","30.000","30.000","25.000","25.000","1.07","2026-09-14 07:59:59","2026-09-14 15:59:59","29.35000","8","0.52","15.60000"
"all-available","Asia/Taipei","BTCUSDT","BTC-260916-72000-P","2026-09-16","72000","PUT","1h","2026-09-14 08:00:00","2026-09-14 16:00:00","25.000","25.000","20.000","20.000","211.10","2026-09-14 08:59:59","2026-09-14 16:59:59","4857.00000","31","24.04","561.00000"
"all-available","Asia/Taipei","BTCUSDT","BTC-260916-72000-P","2026-09-16","72000","PUT","1h","2026-09-14 09:00:00","2026-09-14 17:00:00","25.000","25.000","25.000","25.000","10.00","2026-09-14 09:59:59","2026-09-14 17:59:59","250.00000","4","10.00","250.00000"
"all-available","Asia/Taipei","BTCUSDT","BTC-260916-72000-P","2026-09-16","72000","PUT","1h","2026-09-14 10:00:00","2026-09-14 18:00:00","15.000","15.000","15.000","15.000","0.20","2026-09-14 10:59:59","2026-09-14 18:59:59","3.00000","1","0.00","0.00000"
"all-available","Asia/Taipei","BTCUSDT","BTC-260916-72000-P","2026-09-16","72000","PUT","1h","2026-09-14 11:00:00","2026-09-14 19:00:00","15.000","20.000","15.000","20.000","31.40","2026-09-14 11:59:59","2026-09-14 19:59:59","623.00000","11","30.40","608.00000"
"all-available","Asia/Taipei","BTCUSDT","BTC-260916-72000-P","2026-09-16","72000","PUT","1h","2026-09-14 12:00:00","2026-09-14 20:00:00","20.000","20.000","20.000","20.000","0.12","2026-09-14 12:59:59","2026-09-14 20:59:59","2.40000","1","0.00","0.00000"
"all-available","Asia/Taipei","BTCUSDT","BTC-260916-72000-P","2026-09-16","72000","PUT","1h","2026-09-14 13:00:00","2026-09-14 21:00:00","25.000","25.000","25.000","25.000","0.01","2026-09-14 13:59:59","2026-09-14 21:59:59","0.25000","1","0.00","0.00000"
"all-available","Asia/Taipei","BTCUSDT","BTC-260916-72000-P","2026-09-16","72000","PUT","1h","2026-09-14 14:00:00","2026-09-14 22:00:00","10.000","15.000","10.000","15.000","8.17","2026-09-14 14:59:59","2026-09-14 22:59:59","102.55000","9","3.77","56.55000"
"all-available","Asia/Taipei","BTCUSDT","BTC-260916-72000-P","2026-09-16","72000","PUT","1h","2026-09-14 15:00:00","2026-09-14 23:00:00","15.000","15.000","15.000","15.000","0.05","2026-09-14 15:59:59","2026-09-14 23:59:59","0.75000","1","0.05","0.75000"
"all-available","Asia/Taipei","BTCUSDT","BTC-260916-72000-P","2026-09-16","72000","PUT","1h","2026-09-14 16:00:00","2026-09-15 00:00:00","15.000","15.000","15.000","15.000","0.00","2026-09-14 16:59:59","2026-09-15 00:59:59","0.00000","0","0.00","0.00000"
"all-available","Asia/Taipei","BTCUSDT","BTC-260916-72000-P","2026-09-16","72000","PUT","1h","2026-09-14 17:00:00","2026-09-15 01:00:00","5.000","5.000","5.000","5.000","1.43","2026-09-14 17:59:59","2026-09-15 01:59:59","7.15000","6","0.43","2.15000"
"all-available","Asia/Taipei","BTCUSDT","BTC-260916-72000-P","2026-09-16","72000","PUT","1h","2026-09-14 18:00:00","2026-09-15 02:00:00","5.000","5.000","5.000","5.000","0.00","2026-09-14 18:59:59","2026-09-15 02:59:59","0.00000","0","0.00","0.00000"
"all-available","Asia/Taipei","BTCUSDT","BTC-260916-72000-P","2026-09-16","72000","PUT","1h","2026-09-14 19:00:00","2026-09-15 03:00:00","10.000","10.000","10.000","10.000","1.84","2026-09-14 19:59:59","2026-09-15 03:59:59","18.40000","2","1.84","18.40000"
"all-available","Asia/Taipei","BTCUSDT","BTC-260916-72000-P","2026-09-16","72000","PUT","1h","2026-09-14 20:00:00","2026-09-15 04:00:00","5.000","10.000","5.000","10.000","22.24","2026-09-14 20:59:59","2026-09-15 04:59:59","182.95000","4","22.24","182.95000"
"all-available","Asia/Taipei","BTCUSDT","BTC-260916-72000-P","2026-09-16","72000","PUT","1h","2026-09-14 21:00:00","2026-09-15 05:00:00","15.000","15.000","15.000","15.000","2.83","2026-09-14 21:59:59","2026-09-15 05:59:59","42.45000","1","0.00","0.00000"
"all-available","Asia/Taipei","BTCUSDT","BTC-260916-72000-P","2026-09-16","72000","PUT","1h","2026-09-14 22:00:00","2026-09-15 06:00:00","15.000","20.000","15.000","20.000","14.43","2026-09-14 22:59:59","2026-09-15 06:59:59","243.60000","9","5.43","108.60000"
"all-available","Asia/Taipei","BTCUSDT","BTC-260916-72000-P","2026-09-16","72000","PUT","1h","2026-09-14 23:00:00","2026-09-15 07:00:00","20.000","20.000","20.000","20.000","0.68","2026-09-14 23:59:59","2026-09-15 07:59:59","13.60000","1","0.68","13.60000"
"all-available","Asia/Taipei","BTCUSDT","BTC-260916-72000-P","2026-09-16","72000","PUT","1h","2026-09-15 00:00:00","2026-09-15 08:00:00","20.000","20.000","20.000","20.000","1.88","2026-09-15 00:59:59","2026-09-15 08:59:59","37.60000","1","1.88","37.60000"
"all-available","Asia/Taipei","BTCUSDT","BTC-260916-72000-P","2026-09-16","72000","PUT","1h","2026-09-15 01:00:00","2026-09-15 09:00:00","20.000","20.000","20.000","20.000","0.00","2026-09-15 01:59:59","2026-09-15 09:59:59","0.00000","0","0.00","0.00000"
"all-available","Asia/Taipei","BTCUSDT","BTC-260916-72000-P","2026-09-16","72000","PUT","1h","2026-09-15 02:00:00","2026-09-15 10:00:00","20.000","20.000","20.000","20.000","0.68","2026-09-15 02:59:59","2026-09-15 10:59:59","13.60000","1","0.68","13.60000"
"all-available","Asia/Taipei","BTCUSDT","BTC-260916-72000-P","2026-09-16","72000","PUT","1h","2026-09-15 03:00:00","2026-09-15 11:00:00","20.000","20.000","15.000","15.000","0.51","2026-09-15 03:59:59","2026-09-15 11:59:59","7.70000","3","0.01","0.20000"
"all-available","Asia/Taipei","BTCUSDT","BTC-260916-72000-P","2026-09-16","72000","PUT","1h","2026-09-15 04:00:00","2026-09-15 12:00:00","15.000","20.000","15.000","20.000","11.70","2026-09-15 04:59:59","2026-09-15 12:59:59","232.95000","9","11.49","229.80000"
"all-available","Asia/Taipei","BTCUSDT","BTC-260916-72000-P","2026-09-16","72000","PUT","1h","2026-09-15 05:00:00","2026-09-15 13:00:00","20.000","20.000","20.000","20.000","0.00","2026-09-15 05:59:59","2026-09-15 13:59:59","0.00000","0","0.00","0.00000"
"all-available","Asia/Taipei","BTCUSDT","BTC-260916-72000-P","2026-09-16","72000","PUT","1h","2026-09-15 06:00:00","2026-09-15 14:00:00","20.000","20.000","15.000","15.000","7.26","2026-09-15 06:59:59","2026-09-15 14:59:59","144.20000","10","6.22","124.40000"
"all-available","Asia/Taipei","BTCUSDT","BTC-260916-72000-P","2026-09-16","72000","PUT","1h","2026-09-15 07:00:00","2026-09-15 15:00:00","20.000","20.000","15.000","15.000","57.07","2026-09-15 07:59:59","2026-09-15 15:59:59","880.55000","13","57.07","880.55000"
"all-available","Asia/Taipei","BTCUSDT","BTC-260916-72000-P","2026-09-16","72000","PUT","1h","2026-09-15 08:00:00","2026-09-15 16:00:00","15.000","25.000","15.000","15.000","162.02","2026-09-15 08:59:59","2026-09-15 16:59:59","3583.80000","56","150.11","3370.70000"
"all-available","Asia/Taipei","BTCUSDT","BTC-260916-72000-P","2026-09-16","72000","PUT","1h","2026-09-15 09:00:00","2026-09-15 17:00:00","20.000","25.000","15.000","25.000","16.22","2026-09-15 09:59:59","2026-09-15 17:59:59","301.90000","21","8.47","184.40000"
"all-available","Asia/Taipei","BTCUSDT","BTC-260916-72000-P","2026-09-16","72000","PUT","1h","2026-09-15 10:00:00","2026-09-15 18:00:00","20.000","25.000","15.000","15.000","37.83","2026-09-15 10:59:59","2026-09-15 18:59:59","757.00000","30","0.45","11.25000"
"all-available","Asia/Taipei","BTCUSDT","BTC-260916-72000-P","2026-09-16","72000","PUT","1h","2026-09-15 11:00:00","2026-09-15 19:00:00","20.000","30.000","20.000","25.000","11.55","2026-09-15 11:59:59","2026-09-15 19:59:59","282.80000","15","10.27","256.90000"
"all-available","Asia/Taipei","BTCUSDT","BTC-260916-72000-P","2026-09-16","72000","PUT","1h","2026-09-15 12:00:00","2026-09-15 20:00:00","30.000","30.000","25.000","25.000","24.02","2026-09-15 12:59:59","2026-09-15 20:59:59","672.55000","20","1.00","30.00000"
"all-available","Asia/Taipei","BTCUSDT","BTC-260916-72000-P","2026-09-16","72000","PUT","1h","2026-09-15 13:00:00","2026-09-15 21:00:00","20.000","30.000","15.000","20.000","43.08","2026-09-15 13:59:59","2026-09-15 21:59:59","988.05000","38","12.46","329.05000"
"all-available","Asia/Taipei","BTCUSDT","BTC-260916-72000-P","2026-09-16","72000","PUT","1h","2026-09-15 14:00:00","2026-09-15 22:00:00","25.000","55.000","25.000","40.000","97.82","2026-09-15 14:59:59","2026-09-15 22:59:59","3614.70000","111","54.89","2273.75000"
"all-available","Asia/Taipei","BTCUSDT","BTC-260916-72000-P","2026-09-16","72000","PUT","1h","2026-09-15 15:00:00","2026-09-15 23:00:00","35.000","35.000","20.000","25.000","54.76","2026-09-15 15:59:59","2026-09-15 23:59:59","1416.65000","36","20.68","713.80000"
"all-available","Asia/Taipei","BTCUSDT","BTC-260916-72000-P","2026-09-16","72000","PUT","1h","2026-09-15 16:00:00","2026-09-16 00:00:00","20.000","20.000","15.000","20.000","33.09","2026-09-15 16:59:59","2026-09-16 00:59:59","654.65000","30","31.66","633.20000"
"all-available","Asia/Taipei","BTCUSDT","BTC-260916-72000-P","2026-09-16","72000","PUT","1h","2026-09-15 17:00:00","2026-09-16 01:00:00","20.000","20.000","10.000","10.000","35.87","2026-09-15 17:59:59","2026-09-16 01:59:59","619.05000","40","21.71","416.55000"
"all-available","Asia/Taipei","BTCUSDT","BTC-260916-72000-P","2026-09-16","72000","PUT","1h","2026-09-15 18:00:00","2026-09-16 02:00:00","10.000","50.000","10.000","20.000","117.94","2026-09-15 18:59:59","2026-09-16 02:59:59","3275.45000","97","44.98","1195.90000"
"all-available","Asia/Taipei","BTCUSDT","BTC-260916-72000-P","2026-09-16","72000","PUT","1h","2026-09-15 19:00:00","2026-09-16 03:00:00","15.000","15.000","5.000","5.000","100.61","2026-09-15 19:59:59","2026-09-16 03:59:59","1037.85000","48","77.97","789.70000"
"all-available","Asia/Taipei","BTCUSDT","BTC-260916-72000-P","2026-09-16","72000","PUT","1h","2026-09-15 20:00:00","2026-09-16 04:00:00","10.000","15.000","10.000","15.000","4.40","2026-09-15 20:59:59","2026-09-16 04:59:59","44.95000","8","0.19","2.85000"
"all-available","Asia/Taipei","BTCUSDT","BTC-260916-72000-P","2026-09-16","72000","PUT","1h","2026-09-15 21:00:00","2026-09-16 05:00:00","10.000","10.000","10.000","10.000","5.01","2026-09-15 21:59:59","2026-09-16 05:59:59","50.10000","2","0.00","0.00000"
"all-available","Asia/Taipei","BTCUSDT","BTC-260916-72000-P","2026-09-16","72000","PUT","1h","2026-09-15 22:00:00","2026-09-16 06:00:00","15.000","15.000","10.000","10.000","14.35","2026-09-15 22:59:59","2026-09-16 06:59:59","200.10000","23","11.05","164.75000"
"all-available","Asia/Taipei","BTCUSDT","BTC-260916-72000-P","2026-09-16","72000","PUT","1h","2026-09-15 23:00:00","2026-09-16 07:00:00","5.000","5.000","5.000","5.000","10.23","2026-09-15 23:59:59","2026-09-16 07:59:59","51.15000","8","0.07","0.35000"
"all-available","Asia/Taipei","BTCUSDT","BTC-260916-72000-P","2026-09-16","72000","PUT","1h","2026-09-16 00:00:00","2026-09-16 08:00:00","5.000","5.000","5.000","5.000","0.00","2026-09-16 00:59:59","2026-09-16 08:59:59","0.00000","0","0.00","0.00000"
"all-available","Asia/Taipei","BTCUSDT","BTC-260916-72000-P","2026-09-16","72000","PUT","1h","2026-09-16 01:00:00","2026-09-16 09:00:00","5.000","5.000","5.000","5.000","0.00","2026-09-16 01:59:59","2026-09-16 09:59:59","0.00000","0","0.00","0.00000"
"all-available","Asia/Taipei","BTCUSDT","BTC-260916-72000-P","2026-09-16","72000","PUT","1h","2026-09-16 02:00:00","2026-09-16 10:00:00","5.000","5.000","5.000","5.000","0.00","2026-09-16 02:59:59","2026-09-16 10:59:59","0.00000","0","0.00","0.00000"
"all-available","Asia/Taipei","BTCUSDT","BTC-260916-72000-P","2026-09-16","72000","PUT","1h","2026-09-16 03:00:00","2026-09-16 11:00:00","5.000","5.000","5.000","5.000","1.15","2026-09-16 03:59:59","2026-09-16 11:59:59","5.75000","3","1.15","5.75000"
"all-available","Asia/Taipei","BTCUSDT","BTC-260916-72000-P","2026-09-16","72000","PUT","1h","2026-09-16 04:00:00","2026-09-16 12:00:00","5.000","5.000","5.000","5.000","0.00","2026-09-16 04:59:59","2026-09-16 12:59:59","0.00000","0","0.00","0.00000"
"all-available","Asia/Taipei","BTCUSDT","BTC-260916-72000-P","2026-09-16","72000","PUT","1h","2026-09-16 05:00:00","2026-09-16 13:00:00","5.000","5.000","5.000","5.000","0.00","2026-09-16 05:59:59","2026-09-16 13:59:59","0.00000","0","0.00","0.00000"
"all-available","Asia/Taipei","BTCUSDT","BTC-260916-72000-P","2026-09-16","72000","PUT","1h","2026-09-16 06:00:00","2026-09-16 14:00:00","5.000","5.000","5.000","5.000","0.00","2026-09-16 06:59:59","2026-09-16 14:59:59","0.00000","0","0.00","0.00000"
"all-available","Asia/Taipei","BTCUSDT","BTC-260916-72000-P","2026-09-16","72000","PUT","1h","2026-09-16 07:00:00","2026-09-16 15:00:00","5.000","5.000","5.000","5.000","0.00","2026-09-16 07:59:59","2026-09-16 15:59:59","0.00000","0","0.00","0.00000"
"all-available","Asia/Taipei","BTCUSDT","BTC-260916-73000-P","2026-09-16","73000","PUT","1h","2026-09-16 00:00:00","2026-09-16 08:00:00","5.000","5.000","5.000","5.000","5.65","2026-09-16 00:59:59","2026-09-16 08:59:59","28.25000","2","5.65","28.25000"
"all-available","Asia/Taipei","BTCUSDT","BTC-260916-73000-P","2026-09-16","73000","PUT","1h","2026-09-16 01:00:00","2026-09-16 09:00:00","5.000","5.000","5.000","5.000","2.00","2026-09-16 01:59:59","2026-09-16 09:59:59","10.00000","7","2.00","10.00000"
"all-available","Asia/Taipei","BTCUSDT","BTC-260916-73000-P","2026-09-16","73000","PUT","1h","2026-09-16 02:00:00","2026-09-16 10:00:00","5.000","5.000","5.000","5.000","0.00","2026-09-16 02:59:59","2026-09-16 10:59:59","0.00000","0","0.00","0.00000"
"all-available","Asia/Taipei","BTCUSDT","BTC-260916-73000-P","2026-09-16","73000","PUT","1h","2026-09-16 03:00:00","2026-09-16 11:00:00","5.000","5.000","5.000","5.000","0.00","2026-09-16 03:59:59","2026-09-16 11:59:59","0.00000","0","0.00","0.00000"
"all-available","Asia/Taipei","BTCUSDT","BTC-260916-73000-P","2026-09-16","73000","PUT","1h","2026-09-16 04:00:00","2026-09-16 12:00:00","5.000","5.000","5.000","5.000","0.00","2026-09-16 04:59:59","2026-09-16 12:59:59","0.00000","0","0.00","0.00000"
"all-available","Asia/Taipei","BTCUSDT","BTC-260916-73000-P","2026-09-16","73000","PUT","1h","2026-09-16 05:00:00","2026-09-16 13:00:00","5.000","5.000","5.000","5.000","0.00","2026-09-16 05:59:59","2026-09-16 13:59:59","0.00000","0","0.00","0.00000"
"all-available","Asia/Taipei","BTCUSDT","BTC-260916-73000-P","2026-09-16","73000","PUT","1h","2026-09-16 06:00:00","2026-09-16 14:00:00","5.000","5.000","5.000","5.000","0.00","2026-09-16 06:59:59","2026-09-16 14:59:59","0.00000","0","0.00","0.00000"
"all-available","Asia/Taipei","BTCUSDT","BTC-260916-73000-P","2026-09-16","73000","PUT","1h","2026-09-16 07:00:00","2026-09-16 15:00:00","5.000","5.000","5.000","5.000","0.00","2026-09-16 07:59:59","2026-09-16 15:59:59","0.00000","0","0.00","0.00000"
"all-available","Asia/Taipei","BTCUSDT","BTC-260916-74000-P","2026-09-16","74000","PUT","1h","2026-09-13 08:00:00","2026-09-13 16:00:00","85.000","110.000","85.000","110.000","65.27","2026-09-13 08:59:59","2026-09-13 16:59:59","6838.55000","11","50.00","5500.00000"
"all-available","Asia/Taipei","BTCUSDT","BTC-260916-74000-P","2026-09-16","74000","PUT","1h","2026-09-13 09:00:00","2026-09-13 17:00:00","110.000","110.000","110.000","110.000","0.00","2026-09-13 09:59:59","2026-09-13 17:59:59","0.00000","0","0.00","0.00000"
"all-available","Asia/Taipei","BTCUSDT","BTC-260916-74000-P","2026-09-16","74000","PUT","1h","2026-09-13 10:00:00","2026-09-13 18:00:00","110.000","110.000","110.000","110.000","0.00","2026-09-13 10:59:59","2026-09-13 18:59:59","0.00000","0","0.00","0.00000"
"all-available","Asia/Taipei","BTCUSDT","BTC-260916-74000-P","2026-09-16","74000","PUT","1h","2026-09-13 11:00:00","2026-09-13 19:00:00","185.000","185.000","175.000","175.000","0.61","2026-09-13 11:59:59","2026-09-13 19:59:59","106.85000","3","0.00","0.00000"
"all-available","Asia/Taipei","BTCUSDT","BTC-260916-74000-P","2026-09-16","74000","PUT","1h","2026-09-13 12:00:00","2026-09-13 20:00:00","180.000","180.000","180.000","180.000","0.04","2026-09-13 12:59:59","2026-09-13 20:59:59","7.20000","1","0.04","7.20000"
"all-available","Asia/Taipei","BTCUSDT","BTC-260916-74000-P","2026-09-16","74000","PUT","1h","2026-09-13 13:00:00","2026-09-13 21:00:00","180.000","180.000","180.000","180.000","0.00","2026-09-13 13:59:59","2026-09-13 21:59:59","0.00000","0","0.00","0.00000"
"all-available","Asia/Taipei","BTCUSDT","BTC-260916-74000-P","2026-09-16","74000","PUT","1h","2026-09-13 14:00:00","2026-09-13 22:00:00","150.000","150.000","145.000","145.000","0.79","2026-09-13 14:59:59","2026-09-13 22:59:59","117.75000","4","0.00","0.00000"
"all-available","Asia/Taipei","BTCUSDT","BTC-260916-74000-P","2026-09-16","74000","PUT","1h","2026-09-13 15:00:00","2026-09-13 23:00:00","145.000","145.000","145.000","145.000","0.00","2026-09-13 15:59:59","2026-09-13 23:59:59","0.00000","0","0.00","0.00000"
"all-available","Asia/Taipei","BTCUSDT","BTC-260916-74000-P","2026-09-16","74000","PUT","1h","2026-09-13 16:00:00","2026-09-14 00:00:00","130.000","130.000","120.000","120.000","0.71","2026-09-13 16:59:59","2026-09-14 00:59:59","86.70000","5","0.00","0.00000"
"all-available","Asia/Taipei","BTCUSDT","BTC-260916-74000-P","2026-09-16","74000","PUT","1h","2026-09-13 17:00:00","2026-09-14 01:00:00","100.000","100.000","100.000","100.000","34.52","2026-09-13 17:59:59","2026-09-14 01:59:59","3452.00000","6","34.52","3452.00000"
"all-available","Asia/Taipei","BTCUSDT","BTC-260916-74000-P","2026-09-16","74000","PUT","1h","2026-09-13 18:00:00","2026-09-14 02:00:00","100.000","100.000","100.000","100.000","0.00","2026-09-13 18:59:59","2026-09-14 02:59:59","0.00000","0","0.00","0.00000"
"all-available","Asia/Taipei","BTCUSDT","BTC-260916-74000-P","2026-09-16","74000","PUT","1h","2026-09-13 19:00:00","2026-09-14 03:00:00","95.000","95.000","95.000","95.000","0.05","2026-09-13 19:59:59","2026-09-14 03:59:59","4.75000","1","0.00","0.00000"
"all-available","Asia/Taipei","BTCUSDT","BTC-260916-74000-P","2026-09-16","74000","PUT","1h","2026-09-13 20:00:00","2026-09-14 04:00:00","95.000","95.000","95.000","95.000","0.00","2026-09-13 20:59:59","2026-09-14 04:59:59","0.00000","0","0.00","0.00000"
"all-available","Asia/Taipei","BTCUSDT","BTC-260916-74000-P","2026-09-16","74000","PUT","1h","2026-09-13 21:00:00","2026-09-14 05:00:00","95.000","95.000","95.000","95.000","0.00","2026-09-13 21:59:59","2026-09-14 05:59:59","0.00000","0","0.00","0.00000"
"all-available","Asia/Taipei","BTCUSDT","BTC-260916-74000-P","2026-09-16","74000","PUT","1h","2026-09-13 22:00:00","2026-09-14 06:00:00","95.000","95.000","95.000","95.000","0.00","2026-09-13 22:59:59","2026-09-14 06:59:59","0.00000","0","0.00","0.00000"
"all-available","Asia/Taipei","BTCUSDT","BTC-260916-74000-P","2026-09-16","74000","PUT","1h","2026-09-13 23:00:00","2026-09-14 07:00:00","95.000","95.000","95.000","95.000","0.00","2026-09-13 23:59:59","2026-09-14 07:59:59","0.00000","0","0.00","0.00000"
"all-available","Asia/Taipei","BTCUSDT","BTC-260916-74000-P","2026-09-16","74000","PUT","1h","2026-09-14 00:00:00","2026-09-14 08:00:00","160.000","160.000","160.000","160.000","0.05","2026-09-14 00:59:59","2026-09-14 08:59:59","8.00000","1","0.05","8.00000"
"all-available","Asia/Taipei","BTCUSDT","BTC-260916-74000-P","2026-09-16","74000","PUT","1h","2026-09-14 01:00:00","2026-09-14 09:00:00","160.000","160.000","160.000","160.000","0.00","2026-09-14 01:59:59","2026-09-14 09:59:59","0.00000","0","0.00","0.00000"
"all-available","Asia/Taipei","BTCUSDT","BTC-260916-74000-P","2026-09-16","74000","PUT","1h","2026-09-14 02:00:00","2026-09-14 10:00:00","70.000","70.000","70.000","70.000","0.09","2026-09-14 02:59:59","2026-09-14 10:59:59","6.30000","1","0.09","6.30000"
"all-available","Asia/Taipei","BTCUSDT","BTC-260916-74000-P","2026-09-16","74000","PUT","1h","2026-09-14 03:00:00","2026-09-14 11:00:00","65.000","65.000","65.000","65.000","53.05","2026-09-14 03:59:59","2026-09-14 11:59:59","3448.25000","6","53.05","3448.25000"
"all-available","Asia/Taipei","BTCUSDT","BTC-260916-74000-P","2026-09-16","74000","PUT","1h","2026-09-14 04:00:00","2026-09-14 12:00:00","65.000","65.000","65.000","65.000","0.00","2026-09-14 04:59:59","2026-09-14 12:59:59","0.00000","0","0.00","0.00000"
"all-available","Asia/Taipei","BTCUSDT","BTC-260916-74000-P","2026-09-16","74000","PUT","1h","2026-09-14 05:00:00","2026-09-14 13:00:00","70.000","70.000","70.000","70.000","2.00","2026-09-14 05:59:59","2026-09-14 13:59:59","140.00000","1","2.00","140.00000"
"all-available","Asia/Taipei","BTCUSDT","BTC-260916-74000-P","2026-09-16","74000","PUT","1h","2026-09-14 06:00:00","2026-09-14 14:00:00","60.000","65.000","60.000","65.000","0.62","2026-09-14 06:59:59","2026-09-14 14:59:59","37.50000","3","0.06","3.90000"
"all-available","Asia/Taipei","BTCUSDT","BTC-260916-74000-P","2026-09-16","74000","PUT","1h","2026-09-14 07:00:00","2026-09-14 15:00:00","60.000","65.000","60.000","60.000","60.53","2026-09-14 07:59:59","2026-09-14 15:59:59","3638.40000","20","60.53","3638.40000"
"all-available","Asia/Taipei","BTCUSDT","BTC-260916-74000-P","2026-09-16","74000","PUT","1h","2026-09-14 08:00:00","2026-09-14 16:00:00","55.000","60.000","55.000","55.000","1.32","2026-09-14 08:59:59","2026-09-14 16:59:59","73.35000","9","0.00","0.00000"
"all-available","Asia/Taipei","BTCUSDT","BTC-260916-74000-P","2026-09-16","74000","PUT","1h","2026-09-14 09:00:00","2026-09-14 17:00:00","50.000","50.000","50.000","50.000","0.45","2026-09-14 09:59:59","2026-09-14 17:59:59","22.50000","1","0.45","22.50000"
"all-available","Asia/Taipei","BTCUSDT","BTC-260916-74000-P","2026-09-16","74000","PUT","1h","2026-09-14 10:00:00","2026-09-14 18:00:00","40.000","45.000","40.000","40.000","3.30","2026-09-14 10:59:59","2026-09-14 18:59:59","132.40000","11","0.85","34.40000"
"all-available","Asia/Taipei","BTCUSDT","BTC-260916-74000-P","2026-09-16","74000","PUT","1h","2026-09-14 11:00:00","2026-09-14 19:00:00","45.000","45.000","45.000","45.000","5.04","2026-09-14 11:59:59","2026-09-14 19:59:59","226.80000","33","5.02","225.90000"
"all-available","Asia/Taipei","BTCUSDT","BTC-260916-74000-P","2026-09-16","74000","PUT","1h","2026-09-14 12:00:00","2026-09-14 20:00:00","45.000","55.000","45.000","55.000","1.58","2026-09-14 12:59:59","2026-09-14 20:59:59","82.20000","7","1.58","82.20000"
"all-available","Asia/Taipei","BTCUSDT","BTC-260916-74000-P","2026-09-16","74000","PUT","1h","2026-09-14 13:00:00","2026-09-14 21:00:00","45.000","45.000","30.000","30.000","0.71","2026-09-14 13:59:59","2026-09-14 21:59:59","22.95000","4","0.11","4.95000"
"all-available","Asia/Taipei","BTCUSDT","BTC-260916-74000-P","2026-09-16","74000","PUT","1h","2026-09-14 14:00:00","2026-09-14 22:00:00","35.000","35.000","35.000","35.000","0.01","2026-09-14 14:59:59","2026-09-14 22:59:59","0.35000","1","0.01","0.35000"
"all-available","Asia/Taipei","BTCUSDT","BTC-260916-74000-P","2026-09-16","74000","PUT","1h","2026-09-14 15:00:00","2026-09-14 23:00:00","25.000","25.000","25.000","25.000","0.03","2026-09-14 15:59:59","2026-09-14 23:59:59","0.75000","1","0.00","0.00000"
"all-available","Asia/Taipei","BTCUSDT","BTC-260916-74000-P","2026-09-16","74000","PUT","1h","2026-09-14 16:00:00","2026-09-15 00:00:00","20.000","20.000","20.000","20.000","0.09","2026-09-14 16:59:59","2026-09-15 00:59:59","1.80000","1","0.00","0.00000"
"all-available","Asia/Taipei","BTCUSDT","BTC-260916-74000-P","2026-09-16","74000","PUT","1h","2026-09-14 17:00:00","2026-09-15 01:00:00","20.000","20.000","20.000","20.000","0.00","2026-09-14 17:59:59","2026-09-15 01:59:59","0.00000","0","0.00","0.00000"
"all-available","Asia/Taipei","BTCUSDT","BTC-260916-74000-P","2026-09-16","74000","PUT","1h","2026-09-14 18:00:00","2026-09-15 02:00:00","20.000","20.000","20.000","20.000","0.00","2026-09-14 18:59:59","2026-09-15 02:59:59","0.00000","0","0.00","0.00000"
"all-available","Asia/Taipei","BTCUSDT","BTC-260916-74000-P","2026-09-16","74000","PUT","1h","2026-09-14 19:00:00","2026-09-15 03:00:00","15.000","15.000","15.000","15.000","0.01","2026-09-14 19:59:59","2026-09-15 03:59:59","0.15000","1","0.00","0.00000"
"all-available","Asia/Taipei","BTCUSDT","BTC-260916-74000-P","2026-09-16","74000","PUT","1h","2026-09-14 20:00:00","2026-09-15 04:00:00","15.000","15.000","15.000","15.000","20.00","2026-09-14 20:59:59","2026-09-15 04:59:59","300.00000","1","20.00","300.00000"
"all-available","Asia/Taipei","BTCUSDT","BTC-260916-74000-P","2026-09-16","74000","PUT","1h","2026-09-14 21:00:00","2026-09-15 05:00:00","20.000","25.000","20.000","25.000","10.00","2026-09-14 21:59:59","2026-09-15 05:59:59","216.05000","2","10.00","216.05000"
"all-available","Asia/Taipei","BTCUSDT","BTC-260916-74000-P","2026-09-16","74000","PUT","1h","2026-09-14 22:00:00","2026-09-15 06:00:00","25.000","25.000","25.000","25.000","0.00","2026-09-14 22:59:59","2026-09-15 06:59:59","0.00000","0","0.00","0.00000"
"all-available","Asia/Taipei","BTCUSDT","BTC-260916-74000-P","2026-09-16","74000","PUT","1h","2026-09-14 23:00:00","2026-09-15 07:00:00","35.000","40.000","35.000","40.000","14.68","2026-09-14 23:59:59","2026-09-15 07:59:59","569.45000","42","13.68","534.45000"
"all-available","Asia/Taipei","BTCUSDT","BTC-260916-74000-P","2026-09-16","74000","PUT","1h","2026-09-15 00:00:00","2026-09-15 08:00:00","40.000","40.000","40.000","40.000","0.00","2026-09-15 00:59:59","2026-09-15 08:59:59","0.00000","0","0.00","0.00000"
"all-available","Asia/Taipei","BTCUSDT","BTC-260916-74000-P","2026-09-16","74000","PUT","1h","2026-09-15 01:00:00","2026-09-15 09:00:00","50.000","50.000","45.000","45.000","3.69","2026-09-15 01:59:59","2026-09-15 09:59:59","173.50000","23","3.69","173.50000"
"all-available","Asia/Taipei","BTCUSDT","BTC-260916-74000-P","2026-09-16","74000","PUT","1h","2026-09-15 02:00:00","2026-09-15 10:00:00","45.000","45.000","45.000","45.000","0.00","2026-09-15 02:59:59","2026-09-15 10:59:59","0.00000","0","0.00","0.00000"
"all-available","Asia/Taipei","BTCUSDT","BTC-260916-74000-P","2026-09-16","74000","PUT","1h","2026-09-15 03:00:00","2026-09-15 11:00:00","35.000","35.000","35.000","35.000","4.54","2026-09-15 03:59:59","2026-09-15 11:59:59","158.90000","28","4.53","158.55000"
"all-available","Asia/Taipei","BTCUSDT","BTC-260916-74000-P","2026-09-16","74000","PUT","1h","2026-09-15 04:00:00","2026-09-15 12:00:00","40.000","40.000","40.000","40.000","1.95","2026-09-15 04:59:59","2026-09-15 12:59:59","78.00000","7","1.95","78.00000"
"all-available","Asia/Taipei","BTCUSDT","BTC-260916-74000-P","2026-09-16","74000","PUT","1h","2026-09-15 05:00:00","2026-09-15 13:00:00","45.000","50.000","45.000","45.000","6.24","2026-09-15 05:59:59","2026-09-15 13:59:59","306.80000","19","6.24","306.80000"
"all-available","Asia/Taipei","BTCUSDT","BTC-260916-74000-P","2026-09-16","74000","PUT","1h","2026-09-15 06:00:00","2026-09-15 14:00:00","35.000","50.000","35.000","50.000","5.67","2026-09-15 06:59:59","2026-09-15 14:59:59","277.20000","10","5.40","267.75000"
"all-available","Asia/Taipei","BTCUSDT","BTC-260916-74000-P","2026-09-16","74000","PUT","1h","2026-09-15 07:00:00","2026-09-15 15:00:00","40.000","40.000","40.000","40.000","0.25","2026-09-15 07:59:59","2026-09-15 15:59:59","10.00000","6","0.25","10.00000"
"all-available","Asia/Taipei","BTCUSDT","BTC-260916-74000-P","2026-09-16","74000","PUT","1h","2026-09-15 08:00:00","2026-09-15 16:00:00","45.000","55.000","40.000","40.000","36.15","2026-09-15 08:59:59","2026-09-15 16:59:59","1659.55000","41","22.69","1023.35000"
"all-available","Asia/Taipei","BTCUSDT","BTC-260916-74000-P","2026-09-16","74000","PUT","1h","2026-09-15 09:00:00","2026-09-15 17:00:00","40.000","50.000","35.000","35.000","57.60","2026-09-15 09:59:59","2026-09-15 17:59:59","2557.00000","44","47.31","2192.10000"
"all-available","Asia/Taipei","BTCUSDT","BTC-260916-74000-P","2026-09-16","74000","PUT","1h","2026-09-15 10:00:00","2026-09-15 18:00:00","40.000","45.000","40.000","40.000","5.13","2026-09-15 10:59:59","2026-09-15 18:59:59","213.90000","28","3.81","157.80000"
"all-available","Asia/Taipei","BTCUSDT","BTC-260916-74000-P","2026-09-16","74000","PUT","1h","2026-09-15 11:00:00","2026-09-15 19:00:00","45.000","85.000","40.000","85.000","9.40","2026-09-15 11:59:59","2026-09-15 19:59:59","478.75000","24","5.58","278.95000"
"all-available","Asia/Taipei","BTCUSDT","BTC-260916-74000-P","2026-09-16","74000","PUT","1h","2026-09-15 12:00:00","2026-09-15 20:00:00","80.000","90.000","60.000","70.000","74.63","2026-09-15 12:59:59","2026-09-15 20:59:59","5824.80000","42","3.80","281.75000"
"all-available","Asia/Taipei","BTCUSDT","BTC-260916-74000-P","2026-09-16","74000","PUT","1h","2026-09-15 13:00:00","2026-09-15 21:00:00","65.000","120.000","60.000","100.000","77.26","2026-09-15 13:59:59","2026-09-15 21:59:59","6101.25000","56","58.35","4117.75000"
"all-available","Asia/Taipei","BTCUSDT","BTC-260916-74000-P","2026-09-16","74000","PUT","1h","2026-09-15 14:00:00","2026-09-15 22:00:00","85.000","195.000","85.000","150.000","75.69","2026-09-15 14:59:59","2026-09-15 22:59:59","11983.40000","77","45.14","7051.25000"
"all-available","Asia/Taipei","BTCUSDT","BTC-260916-74000-P","2026-09-16","74000","PUT","1h","2026-09-15 15:00:00","2026-09-15 23:00:00","140.000","150.000","60.000","65.000","98.75","2026-09-15 15:59:59","2026-09-15 23:59:59","9913.25000","92","4.06","384.25000"
"all-available","Asia/Taipei","BTCUSDT","BTC-260916-74000-P","2026-09-16","74000","PUT","1h","2026-09-15 16:00:00","2026-09-16 00:00:00","65.000","70.000","60.000","70.000","4.43","2026-09-15 16:59:59","2026-09-16 00:59:59","291.00000","18","3.76","247.55000"
"all-available","Asia/Taipei","BTCUSDT","BTC-260916-74000-P","2026-09-16","74000","PUT","1h","2026-09-15 17:00:00","2026-09-16 01:00:00","70.000","70.000","35.000","45.000","131.29","2026-09-15 17:59:59","2026-09-16 01:59:59","6782.55000","57","126.39","6459.50000"
"all-available","Asia/Taipei","BTCUSDT","BTC-260916-74000-P","2026-09-16","74000","PUT","1h","2026-09-15 18:00:00","2026-09-16 02:00:00","50.000","195.000","45.000","65.000","129.77","2026-09-15 18:59:59","2026-09-16 02:59:59","10867.45000","154","69.24","6741.05000"
"all-available","Asia/Taipei","BTCUSDT","BTC-260916-74000-P","2026-09-16","74000","PUT","1h","2026-09-15 19:00:00","2026-09-16 03:00:00","70.000","70.000","25.000","25.000","42.92","2026-09-15 19:59:59","2026-09-16 03:59:59","1829.40000","84","17.29","836.00000"
"all-available","Asia/Taipei","BTCUSDT","BTC-260916-74000-P","2026-09-16","74000","PUT","1h","2026-09-15 20:00:00","2026-09-16 04:00:00","35.000","55.000","30.000","30.000","9.56","2026-09-15 20:59:59","2026-09-16 04:59:59","399.05000","18","9.33","391.55000"
"all-available","Asia/Taipei","BTCUSDT","BTC-260916-74000-P","2026-09-16","74000","PUT","1h","2026-09-15 21:00:00","2026-09-16 05:00:00","40.000","60.000","40.000","60.000","6.76","2026-09-15 21:59:59","2026-09-16 05:59:59","336.90000","22","5.68","273.30000"
"all-available","Asia/Taipei","BTCUSDT","BTC-260916-74000-P","2026-09-16","74000","PUT","1h","2026-09-15 22:00:00","2026-09-16 06:00:00","55.000","80.000","40.000","40.000","11.38","2026-09-15 22:59:59","2026-09-16 06:59:59","587.95000","11","0.10","5.00000"
"all-available","Asia/Taipei","BTCUSDT","BTC-260916-74000-P","2026-09-16","74000","PUT","1h","2026-09-15 23:00:00","2026-09-16 07:00:00","35.000","35.000","25.000","30.000","5.69","2026-09-15 23:59:59","2026-09-16 07:59:59","170.10000","8","1.05","26.50000"
"all-available","Asia/Taipei","BTCUSDT","BTC-260916-74000-P","2026-09-16","74000","PUT","1h","2026-09-16 00:00:00","2026-09-16 08:00:00","15.000","15.000","10.000","10.000","3.00","2026-09-16 00:59:59","2026-09-16 08:59:59","35.00000","9","0.50","5.00000"
"all-available","Asia/Taipei","BTCUSDT","BTC-260916-74000-P","2026-09-16","74000","PUT","1h","2026-09-16 01:00:00","2026-09-16 09:00:00","10.000","15.000","10.000","10.000","6.61","2026-09-16 01:59:59","2026-09-16 09:59:59","96.60000","11","2.01","30.15000"
"all-available","Asia/Taipei","BTCUSDT","BTC-260916-74000-P","2026-09-16","74000","PUT","1h","2026-09-16 02:00:00","2026-09-16 10:00:00","15.000","15.000","5.000","5.000","21.14","2026-09-16 02:59:59","2026-09-16 10:59:59","106.60000","11","6.01","30.05000"
"all-available","Asia/Taipei","BTCUSDT","BTC-260916-74000-P","2026-09-16","74000","PUT","1h","2026-09-16 03:00:00","2026-09-16 11:00:00","5.000","5.000","5.000","5.000","1.97","2026-09-16 03:59:59","2026-09-16 11:59:59","9.85000","3","1.97","9.85000"
"all-available","Asia/Taipei","BTCUSDT","BTC-260916-74000-P","2026-09-16","74000","PUT","1h","2026-09-16 04:00:00","2026-09-16 12:00:00","5.000","5.000","5.000","5.000","2.68","2026-09-16 04:59:59","2026-09-16 12:59:59","13.40000","2","2.68","13.40000"
"all-available","Asia/Taipei","BTCUSDT","BTC-260916-74000-P","2026-09-16","74000","PUT","1h","2026-09-16 05:00:00","2026-09-16 13:00:00","5.000","5.000","5.000","5.000","0.00","2026-09-16 05:59:59","2026-09-16 13:59:59","0.00000","0","0.00","0.00000"
"all-available","Asia/Taipei","BTCUSDT","BTC-260916-74000-P","2026-09-16","74000","PUT","1h","2026-09-16 06:00:00","2026-09-16 14:00:00","5.000","5.000","5.000","5.000","0.00","2026-09-16 06:59:59","2026-09-16 14:59:59","0.00000","0","0.00","0.00000"
"all-available","Asia/Taipei","BTCUSDT","BTC-260916-74000-P","2026-09-16","74000","PUT","1h","2026-09-16 07:00:00","2026-09-16 15:00:00","5.000","5.000","5.000","5.000","0.00","2026-09-16 07:59:59","2026-09-16 15:59:59","0.00000","0","0.00","0.00000"
"all-available","Asia/Taipei","BTCUSDT","BTC-260916-74500-P","2026-09-16","74500","PUT","1h","2026-09-15 22:00:00","2026-09-16 06:00:00","65.000","65.000","65.000","65.000","0.04","2026-09-15 22:59:59","2026-09-16 06:59:59","2.60000","1","0.00","0.00000"
"all-available","Asia/Taipei","BTCUSDT","BTC-260916-74500-P","2026-09-16","74500","PUT","1h","2026-09-15 23:00:00","2026-09-16 07:00:00","65.000","65.000","40.000","60.000","5.53","2026-09-15 23:59:59","2026-09-16 07:59:59","271.95000","19","2.96","169.15000"
"all-available","Asia/Taipei","BTCUSDT","BTC-260916-74500-P","2026-09-16","74500","PUT","1h","2026-09-16 00:00:00","2026-09-16 08:00:00","45.000","45.000","20.000","20.000","6.90","2026-09-16 00:59:59","2026-09-16 08:59:59","191.65000","19","2.54","53.50000"
"all-available","Asia/Taipei","BTCUSDT","BTC-260916-74500-P","2026-09-16","74500","PUT","1h","2026-09-16 01:00:00","2026-09-16 09:00:00","25.000","30.000","25.000","30.000","1.93","2026-09-16 01:59:59","2026-09-16 09:59:59","53.25000","6","1.93","53.25000"
"all-available","Asia/Taipei","BTCUSDT","BTC-260916-74500-P","2026-09-16","74500","PUT","1h","2026-09-16 02:00:00","2026-09-16 10:00:00","25.000","25.000","10.000","10.000","10.10","2026-09-16 02:59:59","2026-09-16 10:59:59","132.25000","19","10.08","132.05000"
"all-available","Asia/Taipei","BTCUSDT","BTC-260916-74500-P","2026-09-16","74500","PUT","1h","2026-09-16 03:00:00","2026-09-16 11:00:00","10.000","10.000","5.000","5.000","6.58","2026-09-16 03:59:59","2026-09-16 11:59:59","37.90000","11","6.08","35.40000"
"all-available","Asia/Taipei","BTCUSDT","BTC-260916-74500-P","2026-09-16","74500","PUT","1h","2026-09-16 04:00:00","2026-09-16 12:00:00","5.000","5.000","5.000","5.000","13.50","2026-09-16 04:59:59","2026-09-16 12:59:59","67.50000","3","13.50","67.50000"
"all-available","Asia/Taipei","BTCUSDT","BTC-260916-74500-P","2026-09-16","74500","PUT","1h","2026-09-16 05:00:00","2026-09-16 13:00:00","5.000","5.000","5.000","5.000","0.00","2026-09-16 05:59:59","2026-09-16 13:59:59","0.00000","0","0.00","0.00000"
"all-available","Asia/Taipei","BTCUSDT","BTC-260916-74500-P","2026-09-16","74500","PUT","1h","2026-09-16 06:00:00","2026-09-16 14:00:00","5.000","5.000","5.000","5.000","0.00","2026-09-16 06:59:59","2026-09-16 14:59:59","0.00000","0","0.00","0.00000"
"all-available","Asia/Taipei","BTCUSDT","BTC-260916-74500-P","2026-09-16","74500","PUT","1h","2026-09-16 07:00:00","2026-09-16 15:00:00","5.000","5.000","5.000","5.000","0.00","2026-09-16 07:59:59","2026-09-16 15:59:59","0.00000","0","0.00","0.00000"
"all-available","Asia/Taipei","BTCUSDT","BTC-260916-75000-C","2026-09-16","75000","CALL","1h","2026-09-13 16:00:00","2026-09-14 00:00:00","2420.000","2420.000","2420.000","2420.000","0.03","2026-09-13 16:59:59","2026-09-14 00:59:59","72.60000","1","0.00","0.00000"
"all-available","Asia/Taipei","BTCUSDT","BTC-260916-75000-C","2026-09-16","75000","CALL","1h","2026-09-13 17:00:00","2026-09-14 01:00:00","2530.000","2530.000","2530.000","2530.000","0.03","2026-09-13 17:59:59","2026-09-14 01:59:59","75.90000","1","0.03","75.90000"
"all-available","Asia/Taipei","BTCUSDT","BTC-260916-75000-C","2026-09-16","75000","CALL","1h","2026-09-13 18:00:00","2026-09-14 02:00:00","2530.000","2530.000","2530.000","2530.000","0.00","2026-09-13 18:59:59","2026-09-14 02:59:59","0.00000","0","0.00","0.00000"
"all-available","Asia/Taipei","BTCUSDT","BTC-260916-75000-C","2026-09-16","75000","CALL","1h","2026-09-13 19:00:00","2026-09-14 03:00:00","2530.000","2530.000","2530.000","2530.000","0.00","2026-09-13 19:59:59","2026-09-14 03:59:59","0.00000","0","0.00","0.00000"
"all-available","Asia/Taipei","BTCUSDT","BTC-260916-75000-C","2026-09-16","75000","CALL","1h","2026-09-13 20:00:00","2026-09-14 04:00:00","2530.000","2530.000","2530.000","2530.000","0.00","2026-09-13 20:59:59","2026-09-14 04:59:59","0.00000","0","0.00","0.00000"
"all-available","Asia/Taipei","BTCUSDT","BTC-260916-75000-C","2026-09-16","75000","CALL","1h","2026-09-13 21:00:00","2026-09-14 05:00:00","2530.000","2530.000","2530.000","2530.000","0.00","2026-09-13 21:59:59","2026-09-14 05:59:59","0.00000","0","0.00","0.00000"
"all-available","Asia/Taipei","BTCUSDT","BTC-260916-75000-C","2026-09-16","75000","CALL","1h","2026-09-13 22:00:00","2026-09-14 06:00:00","2530.000","2530.000","2530.000","2530.000","0.00","2026-09-13 22:59:59","2026-09-14 06:59:59","0.00000","0","0.00","0.00000"
"all-available","Asia/Taipei","BTCUSDT","BTC-260916-75000-C","2026-09-16","75000","CALL","1h","2026-09-13 23:00:00","2026-09-14 07:00:00","2530.000","2530.000","2530.000","2530.000","0.00","2026-09-13 23:59:59","2026-09-14 07:59:59","0.00000","0","0.00","0.00000"
"all-available","Asia/Taipei","BTCUSDT","BTC-260916-75000-C","2026-09-16","75000","CALL","1h","2026-09-14 00:00:00","2026-09-14 08:00:00","2530.000","2530.000","2530.000","2530.000","0.00","2026-09-14 00:59:59","2026-09-14 08:59:59","0.00000","0","0.00","0.00000"
"all-available","Asia/Taipei","BTCUSDT","BTC-260916-75000-C","2026-09-16","75000","CALL","1h","2026-09-14 01:00:00","2026-09-14 09:00:00","2530.000","2530.000","2530.000","2530.000","0.00","2026-09-14 01:59:59","2026-09-14 09:59:59","0.00000","0","0.00","0.00000"
"all-available","Asia/Taipei","BTCUSDT","BTC-260916-75000-C","2026-09-16","75000","CALL","1h","2026-09-14 02:00:00","2026-09-14 10:00:00","2530.000","2530.000","2530.000","2530.000","0.00","2026-09-14 02:59:59","2026-09-14 10:59:59","0.00000","0","0.00","0.00000"
"all-available","Asia/Taipei","BTCUSDT","BTC-260916-75000-C","2026-09-16","75000","CALL","1h","2026-09-14 03:00:00","2026-09-14 11:00:00","2530.000","2530.000","2530.000","2530.000","0.00","2026-09-14 03:59:59","2026-09-14 11:59:59","0.00000","0","0.00","0.00000"
"all-available","Asia/Taipei","BTCUSDT","BTC-260916-75000-C","2026-09-16","75000","CALL","1h","2026-09-14 04:00:00","2026-09-14 12:00:00","2530.000","2530.000","2530.000","2530.000","0.00","2026-09-14 04:59:59","2026-09-14 12:59:59","0.00000","0","0.00","0.00000"
"all-available","Asia/Taipei","BTCUSDT","BTC-260916-75000-C","2026-09-16","75000","CALL","1h","2026-09-14 05:00:00","2026-09-14 13:00:00","2530.000","2530.000","2530.000","2530.000","0.00","2026-09-14 05:59:59","2026-09-14 13:59:59","0.00000","0","0.00","0.00000"
"all-available","Asia/Taipei","BTCUSDT","BTC-260916-75000-C","2026-09-16","75000","CALL","1h","2026-09-14 06:00:00","2026-09-14 14:00:00","2530.000","2530.000","2530.000","2530.000","0.00","2026-09-14 06:59:59","2026-09-14 14:59:59","0.00000","0","0.00","0.00000"
"all-available","Asia/Taipei","BTCUSDT","BTC-260916-75000-C","2026-09-16","75000","CALL","1h","2026-09-14 07:00:00","2026-09-14 15:00:00","2530.000","2530.000","2530.000","2530.000","0.00","2026-09-14 07:59:59","2026-09-14 15:59:59","0.00000","0","0.00","0.00000"
"all-available","Asia/Taipei","BTCUSDT","BTC-260916-75000-C","2026-09-16","75000","CALL","1h","2026-09-14 08:00:00","2026-09-14 16:00:00","2530.000","2530.000","2530.000","2530.000","0.00","2026-09-14 08:59:59","2026-09-14 16:59:59","0.00000","0","0.00","0.00000"
"all-available","Asia/Taipei","BTCUSDT","BTC-260916-75000-C","2026-09-16","75000","CALL","1h","2026-09-14 09:00:00","2026-09-14 17:00:00","2530.000","2530.000","2530.000","2530.000","0.00","2026-09-14 09:59:59","2026-09-14 17:59:59","0.00000","0","0.00","0.00000"
"all-available","Asia/Taipei","BTCUSDT","BTC-260916-75000-C","2026-09-16","75000","CALL","1h","2026-09-14 10:00:00","2026-09-14 18:00:00","2530.000","2530.000","2530.000","2530.000","0.00","2026-09-14 10:59:59","2026-09-14 18:59:59","0.00000","0","0.00","0.00000"
"all-available","Asia/Taipei","BTCUSDT","BTC-260916-75000-C","2026-09-16","75000","CALL","1h","2026-09-14 11:00:00","2026-09-14 19:00:00","2530.000","2530.000","2530.000","2530.000","0.00","2026-09-14 11:59:59","2026-09-14 19:59:59","0.00000","0","0.00","0.00000"
"all-available","Asia/Taipei","BTCUSDT","BTC-260916-75000-C","2026-09-16","75000","CALL","1h","2026-09-14 12:00:00","2026-09-14 20:00:00","2530.000","2530.000","2530.000","2530.000","0.00","2026-09-14 12:59:59","2026-09-14 20:59:59","0.00000","0","0.00","0.00000"
"all-available","Asia/Taipei","BTCUSDT","BTC-260916-75000-C","2026-09-16","75000","CALL","1h","2026-09-14 13:00:00","2026-09-14 21:00:00","2530.000","2530.000","2530.000","2530.000","0.00","2026-09-14 13:59:59","2026-09-14 21:59:59","0.00000","0","0.00","0.00000"
"all-available","Asia/Taipei","BTCUSDT","BTC-260916-75000-C","2026-09-16","75000","CALL","1h","2026-09-14 14:00:00","2026-09-14 22:00:00","2530.000","2530.000","2530.000","2530.000","0.00","2026-09-14 14:59:59","2026-09-14 22:59:59","0.00000","0","0.00","0.00000"
"all-available","Asia/Taipei","BTCUSDT","BTC-260916-75000-C","2026-09-16","75000","CALL","1h","2026-09-14 15:00:00","2026-09-14 23:00:00","2530.000","2530.000","2530.000","2530.000","0.00","2026-09-14 15:59:59","2026-09-14 23:59:59","0.00000","0","0.00","0.00000"
"all-available","Asia/Taipei","BTCUSDT","BTC-260916-75000-C","2026-09-16","75000","CALL","1h","2026-09-14 16:00:00","2026-09-15 00:00:00","2530.000","2530.000","2530.000","2530.000","0.00","2026-09-14 16:59:59","2026-09-15 00:59:59","0.00000","0","0.00","0.00000"
"all-available","Asia/Taipei","BTCUSDT","BTC-260916-75000-C","2026-09-16","75000","CALL","1h","2026-09-14 17:00:00","2026-09-15 01:00:00","2530.000","2530.000","2530.000","2530.000","0.00","2026-09-14 17:59:59","2026-09-15 01:59:59","0.00000","0","0.00","0.00000"
"all-available","Asia/Taipei","BTCUSDT","BTC-260916-75000-C","2026-09-16","75000","CALL","1h","2026-09-14 18:00:00","2026-09-15 02:00:00","2530.000","2530.000","2530.000","2530.000","0.00","2026-09-14 18:59:59","2026-09-15 02:59:59","0.00000","0","0.00","0.00000"
"all-available","Asia/Taipei","BTCUSDT","BTC-260916-75000-C","2026-09-16","75000","CALL","1h","2026-09-14 19:00:00","2026-09-15 03:00:00","2530.000","2530.000","2530.000","2530.000","0.00","2026-09-14 19:59:59","2026-09-15 03:59:59","0.00000","0","0.00","0.00000"
"all-available","Asia/Taipei","BTCUSDT","BTC-260916-75000-C","2026-09-16","75000","CALL","1h","2026-09-14 20:00:00","2026-09-15 04:00:00","2530.000","2530.000","2530.000","2530.000","0.00","2026-09-14 20:59:59","2026-09-15 04:59:59","0.00000","0","0.00","0.00000"
"all-available","Asia/Taipei","BTCUSDT","BTC-260916-75000-C","2026-09-16","75000","CALL","1h","2026-09-14 21:00:00","2026-09-15 05:00:00","2530.000","2530.000","2530.000","2530.000","0.00","2026-09-14 21:59:59","2026-09-15 05:59:59","0.00000","0","0.00","0.00000"
"all-available","Asia/Taipei","BTCUSDT","BTC-260916-75000-C","2026-09-16","75000","CALL","1h","2026-09-14 22:00:00","2026-09-15 06:00:00","2530.000","2530.000","2530.000","2530.000","0.00","2026-09-14 22:59:59","2026-09-15 06:59:59","0.00000","0","0.00","0.00000"
"all-available","Asia/Taipei","BTCUSDT","BTC-260916-75000-C","2026-09-16","75000","CALL","1h","2026-09-14 23:00:00","2026-09-15 07:00:00","2530.000","2530.000","2530.000","2530.000","0.00","2026-09-14 23:59:59","2026-09-15 07:59:59","0.00000","0","0.00","0.00000"
"all-available","Asia/Taipei","BTCUSDT","BTC-260916-75000-C","2026-09-16","75000","CALL","1h","2026-09-15 00:00:00","2026-09-15 08:00:00","2530.000","2530.000","2530.000","2530.000","0.00","2026-09-15 00:59:59","2026-09-15 08:59:59","0.00000","0","0.00","0.00000"
"all-available","Asia/Taipei","BTCUSDT","BTC-260916-75000-C","2026-09-16","75000","CALL","1h","2026-09-15 01:00:00","2026-09-15 09:00:00","2530.000","2530.000","2530.000","2530.000","0.00","2026-09-15 01:59:59","2026-09-15 09:59:59","0.00000","0","0.00","0.00000"
"all-available","Asia/Taipei","BTCUSDT","BTC-260916-75000-C","2026-09-16","75000","CALL","1h","2026-09-15 02:00:00","2026-09-15 10:00:00","2530.000","2530.000","2530.000","2530.000","0.00","2026-09-15 02:59:59","2026-09-15 10:59:59","0.00000","0","0.00","0.00000"
"all-available","Asia/Taipei","BTCUSDT","BTC-260916-75000-C","2026-09-16","75000","CALL","1h","2026-09-15 03:00:00","2026-09-15 11:00:00","2530.000","2530.000","2530.000","2530.000","0.00","2026-09-15 03:59:59","2026-09-15 11:59:59","0.00000","0","0.00","0.00000"
"all-available","Asia/Taipei","BTCUSDT","BTC-260916-75000-C","2026-09-16","75000","CALL","1h","2026-09-15 04:00:00","2026-09-15 12:00:00","2530.000","2530.000","2530.000","2530.000","0.00","2026-09-15 04:59:59","2026-09-15 12:59:59","0.00000","0","0.00","0.00000"
"all-available","Asia/Taipei","BTCUSDT","BTC-260916-75000-C","2026-09-16","75000","CALL","1h","2026-09-15 05:00:00","2026-09-15 13:00:00","2530.000","2530.000","2530.000","2530.000","0.00","2026-09-15 05:59:59","2026-09-15 13:59:59","0.00000","0","0.00","0.00000"
"all-available","Asia/Taipei","BTCUSDT","BTC-260916-75000-C","2026-09-16","75000","CALL","1h","2026-09-15 06:00:00","2026-09-15 14:00:00","2530.000","2530.000","2530.000","2530.000","0.00","2026-09-15 06:59:59","2026-09-15 14:59:59","0.00000","0","0.00","0.00000"
"all-available","Asia/Taipei","BTCUSDT","BTC-260916-75000-C","2026-09-16","75000","CALL","1h","2026-09-15 07:00:00","2026-09-15 15:00:00","2245.000","2245.000","2230.000","2230.000","1.28","2026-09-15 07:59:59","2026-09-15 15:59:59","2864.00000","13","0.00","0.00000"
"all-available","Asia/Taipei","BTCUSDT","BTC-260916-75000-C","2026-09-16","75000","CALL","1h","2026-09-15 08:00:00","2026-09-15 16:00:00","2230.000","2230.000","2230.000","2230.000","0.00","2026-09-15 08:59:59","2026-09-15 16:59:59","0.00000","0","0.00","0.00000"
"all-available","Asia/Taipei","BTCUSDT","BTC-260916-75000-C","2026-09-16","75000","CALL","1h","2026-09-15 09:00:00","2026-09-15 17:00:00","2230.000","2230.000","2230.000","2230.000","0.00","2026-09-15 09:59:59","2026-09-15 17:59:59","0.00000","0","0.00","0.00000"
"all-available","Asia/Taipei","BTCUSDT","BTC-260916-75000-C","2026-09-16","75000","CALL","1h","2026-09-15 10:00:00","2026-09-15 18:00:00","2230.000","2230.000","2230.000","2230.000","0.00","2026-09-15 10:59:59","2026-09-15 18:59:59","0.00000","0","0.00","0.00000"
"all-available","Asia/Taipei","BTCUSDT","BTC-260916-75000-C","2026-09-16","75000","CALL","1h","2026-09-15 11:00:00","2026-09-15 19:00:00","2230.000","2230.000","2230.000","2230.000","0.00","2026-09-15 11:59:59","2026-09-15 19:59:59","0.00000","0","0.00","0.00000"
"all-available","Asia/Taipei","BTCUSDT","BTC-260916-75000-C","2026-09-16","75000","CALL","1h","2026-09-15 12:00:00","2026-09-15 20:00:00","2230.000","2230.000","2230.000","2230.000","0.00","2026-09-15 12:59:59","2026-09-15 20:59:59","0.00000","0","0.00","0.00000"
"all-available","Asia/Taipei","BTCUSDT","BTC-260916-75000-C","2026-09-16","75000","CALL","1h","2026-09-15 13:00:00","2026-09-15 21:00:00","2230.000","2230.000","2230.000","2230.000","0.00","2026-09-15 13:59:59","2026-09-15 21:59:59","0.00000","0","0.00","0.00000"
"all-available","Asia/Taipei","BTCUSDT","BTC-260916-75000-C","2026-09-16","75000","CALL","1h","2026-09-15 14:00:00","2026-09-15 22:00:00","2230.000","2230.000","2230.000","2230.000","0.00","2026-09-15 14:59:59","2026-09-15 22:59:59","0.00000","0","0.00","0.00000"
"all-available","Asia/Taipei","BTCUSDT","BTC-260916-75000-C","2026-09-16","75000","CALL","1h","2026-09-15 15:00:00","2026-09-15 23:00:00","2230.000","2230.000","2230.000","2230.000","0.00","2026-09-15 15:59:59","2026-09-15 23:59:59","0.00000","0","0.00","0.00000"
"all-available","Asia/Taipei","BTCUSDT","BTC-260916-75000-C","2026-09-16","75000","CALL","1h","2026-09-15 16:00:00","2026-09-16 00:00:00","1745.000","1745.000","1745.000","1745.000","0.10","2026-09-15 16:59:59","2026-09-16 00:59:59","174.50000","1","0.10","174.50000"
"all-available","Asia/Taipei","BTCUSDT","BTC-260916-75000-C","2026-09-16","75000","CALL","1h","2026-09-15 17:00:00","2026-09-16 01:00:00","1745.000","1745.000","1745.000","1745.000","0.00","2026-09-15 17:59:59","2026-09-16 01:59:59","0.00000","0","0.00","0.00000"
"all-available","Asia/Taipei","BTCUSDT","BTC-260916-75000-C","2026-09-16","75000","CALL","1h","2026-09-15 18:00:00","2026-09-16 02:00:00","1110.000","1110.000","695.000","695.000","0.11","2026-09-15 18:59:59","2026-09-16 02:59:59","84.65000","4","0.00","0.00000"
"all-available","Asia/Taipei","BTCUSDT","BTC-260916-75000-C","2026-09-16","75000","CALL","1h","2026-09-15 19:00:00","2026-09-16 03:00:00","695.000","695.000","695.000","695.000","0.00","2026-09-15 19:59:59","2026-09-16 03:59:59","0.00000","0","0.00","0.00000"
"all-available","Asia/Taipei","BTCUSDT","BTC-260916-75000-C","2026-09-16","75000","CALL","1h","2026-09-15 20:00:00","2026-09-16 04:00:00","1035.000","1035.000","1035.000","1035.000","0.03","2026-09-15 20:59:59","2026-09-16 04:59:59","31.05000","1","0.03","31.05000"
"all-available","Asia/Taipei","BTCUSDT","BTC-260916-75000-C","2026-09-16","75000","CALL","1h","2026-09-15 21:00:00","2026-09-16 05:00:00","1035.000","1035.000","1035.000","1035.000","0.00","2026-09-15 21:59:59","2026-09-16 05:59:59","0.00000","0","0.00","0.00000"
"all-available","Asia/Taipei","BTCUSDT","BTC-260916-75000-C","2026-09-16","75000","CALL","1h","2026-09-15 22:00:00","2026-09-16 06:00:00","630.000","655.000","535.000","535.000","8.24","2026-09-15 22:59:59","2026-09-16 06:59:59","5069.70000","12","0.21","112.35000"
"all-available","Asia/Taipei","BTCUSDT","BTC-260916-75000-C","2026-09-16","75000","CALL","1h","2026-09-15 23:00:00","2026-09-16 07:00:00","975.000","975.000","975.000","975.000","0.03","2026-09-15 23:59:59","2026-09-16 07:59:59","29.25000","1","0.03","29.25000"
"all-available","Asia/Taipei","BTCUSDT","BTC-260916-75000-C","2026-09-16","75000","CALL","1h","2026-09-16 00:00:00","2026-09-16 08:00:00","975.000","975.000","975.000","975.000","0.00","2026-09-16 00:59:59","2026-09-16 08:59:59","0.00000","0","0.00","0.00000"
"all-available","Asia/Taipei","BTCUSDT","BTC-260916-75000-C","2026-09-16","75000","CALL","1h","2026-09-16 01:00:00","2026-09-16 09:00:00","975.000","975.000","975.000","975.000","0.00","2026-09-16 01:59:59","2026-09-16 09:59:59","0.00000","0","0.00","0.00000"
"all-available","Asia/Taipei","BTCUSDT","BTC-260916-75000-C","2026-09-16","75000","CALL","1h","2026-09-16 02:00:00","2026-09-16 10:00:00","975.000","975.000","975.000","975.000","0.00","2026-09-16 02:59:59","2026-09-16 10:59:59","0.00000","0","0.00","0.00000"
"all-available","Asia/Taipei","BTCUSDT","BTC-260916-75000-C","2026-09-16","75000","CALL","1h","2026-09-16 03:00:00","2026-09-16 11:00:00","975.000","975.000","975.000","975.000","0.00","2026-09-16 03:59:59","2026-09-16 11:59:59","0.00000","0","0.00","0.00000"
"all-available","Asia/Taipei","BTCUSDT","BTC-260916-75000-C","2026-09-16","75000","CALL","1h","2026-09-16 04:00:00","2026-09-16 12:00:00","975.000","975.000","975.000","975.000","0.00","2026-09-16 04:59:59","2026-09-16 12:59:59","0.00000","0","0.00","0.00000"
"all-available","Asia/Taipei","BTCUSDT","BTC-260916-75000-C","2026-09-16","75000","CALL","1h","2026-09-16 05:00:00","2026-09-16 13:00:00","975.000","975.000","975.000","975.000","0.00","2026-09-16 05:59:59","2026-09-16 13:59:59","0.00000","0","0.00","0.00000"
"all-available","Asia/Taipei","BTCUSDT","BTC-260916-75000-C","2026-09-16","75000","CALL","1h","2026-09-16 06:00:00","2026-09-16 14:00:00","975.000","975.000","975.000","975.000","0.00","2026-09-16 06:59:59","2026-09-16 14:59:59","0.00000","0","0.00","0.00000"
"all-available","Asia/Taipei","BTCUSDT","BTC-260916-75000-C","2026-09-16","75000","CALL","1h","2026-09-16 07:00:00","2026-09-16 15:00:00","975.000","975.000","975.000","975.000","0.00","2026-09-16 07:59:59","2026-09-16 15:59:59","0.00000","0","0.00","0.00000"
"all-available","Asia/Taipei","BTCUSDT","BTC-260916-75000-P","2026-09-16","75000","PUT","1h","2026-09-13 08:00:00","2026-09-13 16:00:00","190.000","275.000","190.000","275.000","6.07","2026-09-13 08:59:59","2026-09-13 16:59:59","1186.05000","8","0.05","13.75000"
"all-available","Asia/Taipei","BTCUSDT","BTC-260916-75000-P","2026-09-16","75000","PUT","1h","2026-09-13 09:00:00","2026-09-13 17:00:00","295.000","295.000","295.000","295.000","0.04","2026-09-13 09:59:59","2026-09-13 17:59:59","11.80000","1","0.04","11.80000"
"all-available","Asia/Taipei","BTCUSDT","BTC-260916-75000-P","2026-09-16","75000","PUT","1h","2026-09-13 10:00:00","2026-09-13 18:00:00","300.000","300.000","300.000","300.000","0.01","2026-09-13 10:59:59","2026-09-13 18:59:59","3.00000","1","0.01","3.00000"
"all-available","Asia/Taipei","BTCUSDT","BTC-260916-75000-P","2026-09-16","75000","PUT","1h","2026-09-13 11:00:00","2026-09-13 19:00:00","300.000","300.000","300.000","300.000","0.00","2026-09-13 11:59:59","2026-09-13 19:59:59","0.00000","0","0.00","0.00000"
"all-available","Asia/Taipei","BTCUSDT","BTC-260916-75000-P","2026-09-16","75000","PUT","1h","2026-09-13 12:00:00","2026-09-13 20:00:00","300.000","300.000","300.000","300.000","0.00","2026-09-13 12:59:59","2026-09-13 20:59:59","0.00000","0","0.00","0.00000"
"all-available","Asia/Taipei","BTCUSDT","BTC-260916-75000-P","2026-09-16","75000","PUT","1h","2026-09-13 13:00:00","2026-09-13 21:00:00","320.000","340.000","310.000","310.000","4.30","2026-09-13 13:59:59","2026-09-13 21:59:59","1415.65000","16","0.08","25.60000"
"all-available","Asia/Taipei","BTCUSDT","BTC-260916-75000-P","2026-09-16","75000","PUT","1h","2026-09-13 14:00:00","2026-09-13 22:00:00","280.000","280.000","260.000","260.000","2.82","2026-09-13 14:59:59","2026-09-13 22:59:59","750.35000","13","0.01","2.80000"
"all-available","Asia/Taipei","BTCUSDT","BTC-260916-75000-P","2026-09-16","75000","PUT","1h","2026-09-13 15:00:00","2026-09-13 23:00:00","260.000","260.000","260.000","260.000","0.00","2026-09-13 15:59:59","2026-09-13 23:59:59","0.00000","0","0.00","0.00000"
"all-available","Asia/Taipei","BTCUSDT","BTC-260916-75000-P","2026-09-16","75000","PUT","1h","2026-09-13 16:00:00","2026-09-14 00:00:00","190.000","190.000","190.000","190.000","0.08","2026-09-13 16:59:59","2026-09-14 00:59:59","15.20000","1","0.00","0.00000"
"all-available","Asia/Taipei","BTCUSDT","BTC-260916-75000-P","2026-09-16","75000","PUT","1h","2026-09-13 17:00:00","2026-09-14 01:00:00","165.000","165.000","165.000","165.000","1.00","2026-09-13 17:59:59","2026-09-14 01:59:59","165.00000","1","0.00","0.00000"
"all-available","Asia/Taipei","BTCUSDT","BTC-260916-75000-P","2026-09-16","75000","PUT","1h","2026-09-13 18:00:00","2026-09-14 02:00:00","170.000","170.000","170.000","170.000","0.25","2026-09-13 18:59:59","2026-09-14 02:59:59","42.50000","4","0.00","0.00000"
"all-available","Asia/Taipei","BTCUSDT","BTC-260916-75000-P","2026-09-16","75000","PUT","1h","2026-09-13 19:00:00","2026-09-14 03:00:00","175.000","175.000","175.000","175.000","0.02","2026-09-13 19:59:59","2026-09-14 03:59:59","3.50000","1","0.00","0.00000"
"all-available","Asia/Taipei","BTCUSDT","BTC-260916-75000-P","2026-09-16","75000","PUT","1h","2026-09-13 20:00:00","2026-09-14 04:00:00","175.000","175.000","175.000","175.000","0.00","2026-09-13 20:59:59","2026-09-14 04:59:59","0.00000","0","0.00","0.00000"
"all-available","Asia/Taipei","BTCUSDT","BTC-260916-75000-P","2026-09-16","75000","PUT","1h","2026-09-13 21:00:00","2026-09-14 05:00:00","175.000","175.000","175.000","175.000","0.00","2026-09-13 21:59:59","2026-09-14 05:59:59","0.00000","0","0.00","0.00000"
"all-available","Asia/Taipei","BTCUSDT","BTC-260916-75000-P","2026-09-16","75000","PUT","1h","2026-09-13 22:00:00","2026-09-14 06:00:00","165.000","220.000","165.000","220.000","4.95","2026-09-13 22:59:59","2026-09-14 06:59:59","880.00000","2","4.95","880.00000"
"all-available","Asia/Taipei","BTCUSDT","BTC-260916-75000-P","2026-09-16","75000","PUT","1h","2026-09-13 23:00:00","2026-09-14 07:00:00","220.000","220.000","220.000","220.000","0.00","2026-09-13 23:59:59","2026-09-14 07:59:59","0.00000","0","0.00","0.00000"
"all-available","Asia/Taipei","BTCUSDT","BTC-260916-75000-P","2026-09-16","75000","PUT","1h","2026-09-14 00:00:00","2026-09-14 08:00:00","295.000","335.000","295.000","335.000","1.02","2026-09-14 00:59:59","2026-09-14 08:59:59","340.90000","2","1.02","340.90000"
"all-available","Asia/Taipei","BTCUSDT","BTC-260916-75000-P","2026-09-16","75000","PUT","1h","2026-09-14 01:00:00","2026-09-14 09:00:00","230.000","230.000","215.000","215.000","4.42","2026-09-14 01:59:59","2026-09-14 09:59:59","951.05000","3","0.05","11.50000"
"all-available","Asia/Taipei","BTCUSDT","BTC-260916-75000-P","2026-09-16","75000","PUT","1h","2026-09-14 02:00:00","2026-09-14 10:00:00","125.000","125.000","125.000","125.000","0.05","2026-09-14 02:59:59","2026-09-14 10:59:59","6.25000","1","0.05","6.25000"
"all-available","Asia/Taipei","BTCUSDT","BTC-260916-75000-P","2026-09-16","75000","PUT","1h","2026-09-14 03:00:00","2026-09-14 11:00:00","120.000","120.000","110.000","110.000","0.07","2026-09-14 03:59:59","2026-09-14 11:59:59","8.30000","2","0.00","0.00000"
"all-available","Asia/Taipei","BTCUSDT","BTC-260916-75000-P","2026-09-16","75000","PUT","1h","2026-09-14 04:00:00","2026-09-14 12:00:00","125.000","125.000","125.000","125.000","0.07","2026-09-14 04:59:59","2026-09-14 12:59:59","8.75000","1","0.07","8.75000"
"all-available","Asia/Taipei","BTCUSDT","BTC-260916-75000-P","2026-09-16","75000","PUT","1h","2026-09-14 05:00:00","2026-09-14 13:00:00","125.000","125.000","125.000","125.000","0.01","2026-09-14 05:59:59","2026-09-14 13:59:59","1.25000","1","0.00","0.00000"
"all-available","Asia/Taipei","BTCUSDT","BTC-260916-75000-P","2026-09-16","75000","PUT","1h","2026-09-14 06:00:00","2026-09-14 14:00:00","115.000","140.000","115.000","120.000","0.96","2026-09-14 06:59:59","2026-09-14 14:59:59","114.60000","9","0.91","108.25000"
"all-available","Asia/Taipei","BTCUSDT","BTC-260916-75000-P","2026-09-16","75000","PUT","1h","2026-09-14 07:00:00","2026-09-14 15:00:00","120.000","120.000","120.000","120.000","0.00","2026-09-14 07:59:59","2026-09-14 15:59:59","0.00000","0","0.00","0.00000"
"all-available","Asia/Taipei","BTCUSDT","BTC-260916-75000-P","2026-09-16","75000","PUT","1h","2026-09-14 08:00:00","2026-09-14 16:00:00","100.000","105.000","100.000","105.000","0.19","2026-09-14 08:59:59","2026-09-14 16:59:59","19.75000","4","0.00","0.00000"
"all-available","Asia/Taipei","BTCUSDT","BTC-260916-75000-P","2026-09-16","75000","PUT","1h","2026-09-14 09:00:00","2026-09-14 17:00:00","85.000","85.000","65.000","65.000","0.68","2026-09-14 09:59:59","2026-09-14 17:59:59","57.60000","5","0.67","56.95000"
"all-available","Asia/Taipei","BTCUSDT","BTC-260916-75000-P","2026-09-16","75000","PUT","1h","2026-09-14 10:00:00","2026-09-14 18:00:00","80.000","80.000","75.000","75.000","4.22","2026-09-14 10:59:59","2026-09-14 18:59:59","318.40000","4","0.38","30.40000"
"all-available","Asia/Taipei","BTCUSDT","BTC-260916-75000-P","2026-09-16","75000","PUT","1h","2026-09-14 11:00:00","2026-09-14 19:00:00","85.000","85.000","85.000","85.000","0.07","2026-09-14 11:59:59","2026-09-14 19:59:59","5.95000","2","0.00","0.00000"
"all-available","Asia/Taipei","BTCUSDT","BTC-260916-75000-P","2026-09-16","75000","PUT","1h","2026-09-14 12:00:00","2026-09-14 20:00:00","90.000","90.000","90.000","90.000","0.78","2026-09-14 12:59:59","2026-09-14 20:59:59","70.20000","1","0.78","70.20000"
"all-available","Asia/Taipei","BTCUSDT","BTC-260916-75000-P","2026-09-16","75000","PUT","1h","2026-09-14 13:00:00","2026-09-14 21:00:00","80.000","80.000","70.000","70.000","0.25","2026-09-14 13:59:59","2026-09-14 21:59:59","19.90000","2","0.24","19.20000"
"all-available","Asia/Taipei","BTCUSDT","BTC-260916-75000-P","2026-09-16","75000","PUT","1h","2026-09-14 14:00:00","2026-09-14 22:00:00","45.000","50.000","45.000","45.000","0.66","2026-09-14 14:59:59","2026-09-14 22:59:59","29.75000","6","0.03","1.40000"
"all-available","Asia/Taipei","BTCUSDT","BTC-260916-75000-P","2026-09-16","75000","PUT","1h","2026-09-14 15:00:00","2026-09-14 23:00:00","45.000","45.000","40.000","40.000","0.12","2026-09-14 15:59:59","2026-09-14 23:59:59","4.90000","3","0.02","0.90000"
"all-available","Asia/Taipei","BTCUSDT","BTC-260916-75000-P","2026-09-16","75000","PUT","1h","2026-09-14 16:00:00","2026-09-15 00:00:00","30.000","30.000","30.000","30.000","0.11","2026-09-14 16:59:59","2026-09-15 00:59:59","3.30000","1","0.00","0.00000"
"all-available","Asia/Taipei","BTCUSDT","BTC-260916-75000-P","2026-09-16","75000","PUT","1h","2026-09-14 17:00:00","2026-09-15 01:00:00","30.000","30.000","30.000","30.000","0.00","2026-09-14 17:59:59","2026-09-15 01:59:59","0.00000","0","0.00","0.00000"
"all-available","Asia/Taipei","BTCUSDT","BTC-260916-75000-P","2026-09-16","75000","PUT","1h","2026-09-14 18:00:00","2026-09-15 02:00:00","25.000","25.000","25.000","25.000","0.08","2026-09-14 18:59:59","2026-09-15 02:59:59","2.00000","1","0.00","0.00000"
"all-available","Asia/Taipei","BTCUSDT","BTC-260916-75000-P","2026-09-16","75000","PUT","1h","2026-09-14 19:00:00","2026-09-15 03:00:00","30.000","30.000","30.000","30.000","0.05","2026-09-14 19:59:59","2026-09-15 03:59:59","1.50000","1","0.05","1.50000"
"all-available","Asia/Taipei","BTCUSDT","BTC-260916-75000-P","2026-09-16","75000","PUT","1h","2026-09-14 20:00:00","2026-09-15 04:00:00","25.000","25.000","25.000","25.000","1.93","2026-09-14 20:59:59","2026-09-15 04:59:59","48.25000","2","0.01","0.25000"
"all-available","Asia/Taipei","BTCUSDT","BTC-260916-75000-P","2026-09-16","75000","PUT","1h","2026-09-14 21:00:00","2026-09-15 05:00:00","35.000","40.000","35.000","40.000","8.25","2026-09-14 21:59:59","2026-09-15 05:59:59","306.85000","17","8.25","306.85000"
"all-available","Asia/Taipei","BTCUSDT","BTC-260916-75000-P","2026-09-16","75000","PUT","1h","2026-09-14 22:00:00","2026-09-15 06:00:00","40.000","40.000","40.000","40.000","0.00","2026-09-14 22:59:59","2026-09-15 06:59:59","0.00000","0","0.00","0.00000"
"all-available","Asia/Taipei","BTCUSDT","BTC-260916-75000-P","2026-09-16","75000","PUT","1h","2026-09-14 23:00:00","2026-09-15 07:00:00","45.000","45.000","45.000","45.000","0.83","2026-09-14 23:59:59","2026-09-15 07:59:59","37.35000","5","0.83","37.35000"
"all-available","Asia/Taipei","BTCUSDT","BTC-260916-75000-P","2026-09-16","75000","PUT","1h","2026-09-15 00:00:00","2026-09-15 08:00:00","60.000","60.000","60.000","60.000","0.83","2026-09-15 00:59:59","2026-09-15 08:59:59","49.80000","1","0.00","0.00000"
"all-available","Asia/Taipei","BTCUSDT","BTC-260916-75000-P","2026-09-16","75000","PUT","1h","2026-09-15 01:00:00","2026-09-15 09:00:00","75.000","75.000","75.000","75.000","1.26","2026-09-15 01:59:59","2026-09-15 09:59:59","94.50000","5","0.00","0.00000"
"all-available","Asia/Taipei","BTCUSDT","BTC-260916-75000-P","2026-09-16","75000","PUT","1h","2026-09-15 02:00:00","2026-09-15 10:00:00","60.000","60.000","60.000","60.000","0.10","2026-09-15 02:59:59","2026-09-15 10:59:59","6.00000","1","0.00","0.00000"
"all-available","Asia/Taipei","BTCUSDT","BTC-260916-75000-P","2026-09-16","75000","PUT","1h","2026-09-15 03:00:00","2026-09-15 11:00:00","60.000","60.000","60.000","60.000","0.00","2026-09-15 03:59:59","2026-09-15 11:59:59","0.00000","0","0.00","0.00000"
"all-available","Asia/Taipei","BTCUSDT","BTC-260916-75000-P","2026-09-16","75000","PUT","1h","2026-09-15 04:00:00","2026-09-15 12:00:00","70.000","70.000","70.000","70.000","0.62","2026-09-15 04:59:59","2026-09-15 12:59:59","43.40000","2","0.62","43.40000"
"all-available","Asia/Taipei","BTCUSDT","BTC-260916-75000-P","2026-09-16","75000","PUT","1h","2026-09-15 05:00:00","2026-09-15 13:00:00","90.000","90.000","70.000","70.000","0.08","2026-09-15 05:59:59","2026-09-15 13:59:59","5.80000","2","0.08","5.80000"
"all-available","Asia/Taipei","BTCUSDT","BTC-260916-75000-P","2026-09-16","75000","PUT","1h","2026-09-15 06:00:00","2026-09-15 14:00:00","70.000","80.000","65.000","80.000","2.16","2026-09-15 06:59:59","2026-09-15 14:59:59","163.10000","9","1.06","84.30000"
"all-available","Asia/Taipei","BTCUSDT","BTC-260916-75000-P","2026-09-16","75000","PUT","1h","2026-09-15 07:00:00","2026-09-15 15:00:00","90.000","95.000","85.000","90.000","10.33","2026-09-15 07:59:59","2026-09-15 15:59:59","914.55000","19","7.68","687.40000"
"all-available","Asia/Taipei","BTCUSDT","BTC-260916-75000-P","2026-09-16","75000","PUT","1h","2026-09-15 08:00:00","2026-09-15 16:00:00","85.000","120.000","75.000","80.000","60.79","2026-09-15 08:59:59","2026-09-15 16:59:59","6461.30000","54","34.78","3776.90000"
"all-available","Asia/Taipei","BTCUSDT","BTC-260916-75000-P","2026-09-16","75000","PUT","1h","2026-09-15 09:00:00","2026-09-15 17:00:00","80.000","90.000","75.000","75.000","25.96","2026-09-15 09:59:59","2026-09-15 17:59:59","2006.10000","28","24.51","1894.05000"
"all-available","Asia/Taipei","BTCUSDT","BTC-260916-75000-P","2026-09-16","75000","PUT","1h","2026-09-15 10:00:00","2026-09-15 18:00:00","80.000","85.000","70.000","70.000","28.39","2026-09-15 10:59:59","2026-09-15 18:59:59","2215.95000","35","8.87","701.25000"
"all-available","Asia/Taipei","BTCUSDT","BTC-260916-75000-P","2026-09-16","75000","PUT","1h","2026-09-15 11:00:00","2026-09-15 19:00:00","85.000","160.000","85.000","160.000","13.55","2026-09-15 11:59:59","2026-09-15 19:59:59","1429.05000","26","2.48","287.25000"
"all-available","Asia/Taipei","BTCUSDT","BTC-260916-75000-P","2026-09-16","75000","PUT","1h","2026-09-15 12:00:00","2026-09-15 20:00:00","185.000","190.000","150.000","150.000","21.62","2026-09-15 12:59:59","2026-09-15 20:59:59","3802.85000","25","8.28","1561.30000"
"all-available","Asia/Taipei","BTCUSDT","BTC-260916-75000-P","2026-09-16","75000","PUT","1h","2026-09-15 13:00:00","2026-09-15 21:00:00","150.000","295.000","135.000","225.000","6.52","2026-09-15 13:59:59","2026-09-15 21:59:59","1403.55000","15","1.39","377.55000"
"all-available","Asia/Taipei","BTCUSDT","BTC-260916-75000-P","2026-09-16","75000","PUT","1h","2026-09-15 14:00:00","2026-09-15 22:00:00","205.000","420.000","200.000","340.000","13.41","2026-09-15 14:59:59","2026-09-15 22:59:59","3930.75000","32","7.89","1977.30000"
"all-available","Asia/Taipei","BTCUSDT","BTC-260916-75000-P","2026-09-16","75000","PUT","1h","2026-09-15 15:00:00","2026-09-15 23:00:00","335.000","335.000","155.000","155.000","23.82","2026-09-15 15:59:59","2026-09-15 23:59:59","4341.20000","45","2.13","404.50000"
"all-available","Asia/Taipei","BTCUSDT","BTC-260916-75000-P","2026-09-16","75000","PUT","1h","2026-09-15 16:00:00","2026-09-16 00:00:00","160.000","190.000","155.000","165.000","11.10","2026-09-15 16:59:59","2026-09-16 00:59:59","1792.20000","15","2.76","456.20000"
"all-available","Asia/Taipei","BTCUSDT","BTC-260916-75000-P","2026-09-16","75000","PUT","1h","2026-09-15 17:00:00","2026-09-16 01:00:00","170.000","170.000","70.000","90.000","105.95","2026-09-15 17:59:59","2026-09-16 01:59:59","9685.45000","63","91.64","8136.25000"
"all-available","Asia/Taipei","BTCUSDT","BTC-260916-75000-P","2026-09-16","75000","PUT","1h","2026-09-15 18:00:00","2026-09-16 02:00:00","115.000","575.000","115.000","165.000","42.12","2026-09-15 18:59:59","2026-09-16 02:59:59","11833.00000","70","23.06","7139.45000"
"all-available","Asia/Taipei","BTCUSDT","BTC-260916-75000-P","2026-09-16","75000","PUT","1h","2026-09-15 19:00:00","2026-09-16 03:00:00","150.000","165.000","110.000","125.000","73.20","2026-09-15 19:59:59","2026-09-16 03:59:59","9516.15000","52","49.62","6465.60000"
"all-available","Asia/Taipei","BTCUSDT","BTC-260916-75000-P","2026-09-16","75000","PUT","1h","2026-09-15 20:00:00","2026-09-16 04:00:00","90.000","180.000","85.000","110.000","15.01","2026-09-15 20:59:59","2026-09-16 04:59:59","2082.20000","41","6.35","721.35000"
"all-available","Asia/Taipei","BTCUSDT","BTC-260916-75000-P","2026-09-16","75000","PUT","1h","2026-09-15 21:00:00","2026-09-16 05:00:00","160.000","175.000","160.000","175.000","4.08","2026-09-15 21:59:59","2026-09-16 05:59:59","712.80000","2","4.00","700.00000"
"all-available","Asia/Taipei","BTCUSDT","BTC-260916-75000-P","2026-09-16","75000","PUT","1h","2026-09-15 22:00:00","2026-09-16 06:00:00","230.000","320.000","170.000","170.000","8.87","2026-09-15 22:59:59","2026-09-16 06:59:59","2246.95000","24","6.46","1658.10000"
"all-available","Asia/Taipei","BTCUSDT","BTC-260916-75000-P","2026-09-16","75000","PUT","1h","2026-09-15 23:00:00","2026-09-16 07:00:00","150.000","150.000","105.000","105.000","4.11","2026-09-15 23:59:59","2026-09-16 07:59:59","514.50000","9","2.75","371.70000"
"all-available","Asia/Taipei","BTCUSDT","BTC-260916-75000-P","2026-09-16","75000","PUT","1h","2026-09-16 00:00:00","2026-09-16 08:00:00","105.000","105.000","55.000","60.000","9.62","2026-09-16 00:59:59","2026-09-16 08:59:59","694.45000","42","6.18","389.00000"
"all-available","Asia/Taipei","BTCUSDT","BTC-260916-75000-P","2026-09-16","75000","PUT","1h","2026-09-16 01:00:00","2026-09-16 09:00:00","60.000","85.000","40.000","85.000","26.25","2026-09-16 01:59:59","2026-09-16 09:59:59","1235.10000","58","7.34","391.55000"
"all-available","Asia/Taipei","BTCUSDT","BTC-260916-75000-P","2026-09-16","75000","PUT","1h","2026-09-16 02:00:00","2026-09-16 10:00:00","80.000","80.000","20.000","20.000","7.48","2026-09-16 02:59:59","2026-09-16 10:59:59","250.00000","25","5.43","171.00000"
"all-available","Asia/Taipei","BTCUSDT","BTC-260916-75000-P","2026-09-16","75000","PUT","1h","2026-09-16 03:00:00","2026-09-16 11:00:00","20.000","20.000","5.000","20.000","86.56","2026-09-16 03:59:59","2026-09-16 11:59:59","1100.65000","38","2.28","44.95000"
"all-available","Asia/Taipei","BTCUSDT","BTC-260916-75000-P","2026-09-16","75000","PUT","1h","2026-09-16 04:00:00","2026-09-16 12:00:00","15.000","15.000","5.000","5.000","18.10","2026-09-16 04:59:59","2026-09-16 12:59:59","201.55000","29","18.09","201.45000"
"all-available","Asia/Taipei","BTCUSDT","BTC-260916-75000-P","2026-09-16","75000","PUT","1h","2026-09-16 05:00:00","2026-09-16 13:00:00","5.000","5.000","5.000","5.000","5.03","2026-09-16 05:59:59","2026-09-16 13:59:59","25.15000","9","5.03","25.15000"
"all-available","Asia/Taipei","BTCUSDT","BTC-260916-75000-P","2026-09-16","75000","PUT","1h","2026-09-16 06:00:00","2026-09-16 14:00:00","5.000","5.000","5.000","5.000","5.00","2026-09-16 06:59:59","2026-09-16 14:59:59","25.00000","2","5.00","25.00000"
"all-available","Asia/Taipei","BTCUSDT","BTC-260916-75000-P","2026-09-16","75000","PUT","1h","2026-09-16 07:00:00","2026-09-16 15:00:00","5.000","5.000","5.000","5.000","0.00","2026-09-16 07:59:59","2026-09-16 15:59:59","0.00000","0","0.00","0.00000"
"all-available","Asia/Taipei","BTCUSDT","BTC-260916-75500-C","2026-09-16","75500","CALL","1h","2026-09-15 07:00:00","2026-09-15 15:00:00","1735.000","1735.000","1720.000","1720.000","0.80","2026-09-15 07:59:59","2026-09-15 15:59:59","1382.00000","6","0.00","0.00000"
"all-available","Asia/Taipei","BTCUSDT","BTC-260916-75500-C","2026-09-16","75500","CALL","1h","2026-09-15 08:00:00","2026-09-15 16:00:00","1720.000","1720.000","1720.000","1720.000","0.00","2026-09-15 08:59:59","2026-09-15 16:59:59","0.00000","0","0.00","0.00000"
"all-available","Asia/Taipei","BTCUSDT","BTC-260916-75500-C","2026-09-16","75500","CALL","1h","2026-09-15 09:00:00","2026-09-15 17:00:00","1720.000","1720.000","1720.000","1720.000","0.00","2026-09-15 09:59:59","2026-09-15 17:59:59","0.00000","0","0.00","0.00000"
"all-available","Asia/Taipei","BTCUSDT","BTC-260916-75500-C","2026-09-16","75500","CALL","1h","2026-09-15 10:00:00","2026-09-15 18:00:00","1720.000","1720.000","1720.000","1720.000","0.00","2026-09-15 10:59:59","2026-09-15 18:59:59","0.00000","0","0.00","0.00000"
"all-available","Asia/Taipei","BTCUSDT","BTC-260916-75500-C","2026-09-16","75500","CALL","1h","2026-09-15 11:00:00","2026-09-15 19:00:00","1720.000","1720.000","1720.000","1720.000","0.00","2026-09-15 11:59:59","2026-09-15 19:59:59","0.00000","0","0.00","0.00000"
"all-available","Asia/Taipei","BTCUSDT","BTC-260916-75500-C","2026-09-16","75500","CALL","1h","2026-09-15 12:00:00","2026-09-15 20:00:00","1720.000","1720.000","1720.000","1720.000","0.00","2026-09-15 12:59:59","2026-09-15 20:59:59","0.00000","0","0.00","0.00000"
"all-available","Asia/Taipei","BTCUSDT","BTC-260916-75500-C","2026-09-16","75500","CALL","1h","2026-09-15 13:00:00","2026-09-15 21:00:00","1720.000","1720.000","1720.000","1720.000","0.00","2026-09-15 13:59:59","2026-09-15 21:59:59","0.00000","0","0.00","0.00000"
"all-available","Asia/Taipei","BTCUSDT","BTC-260916-75500-C","2026-09-16","75500","CALL","1h","2026-09-15 14:00:00","2026-09-15 22:00:00","1280.000","1280.000","850.000","850.000","0.29","2026-09-15 14:59:59","2026-09-15 22:59:59","263.70000","2","0.25","212.50000"
"all-available","Asia/Taipei","BTCUSDT","BTC-260916-75500-C","2026-09-16","75500","CALL","1h","2026-09-15 15:00:00","2026-09-15 23:00:00","920.000","1280.000","920.000","1280.000","4.04","2026-09-15 15:59:59","2026-09-15 23:59:59","3960.40000","3","0.03","27.60000"
"all-available","Asia/Taipei","BTCUSDT","BTC-260916-75500-C","2026-09-16","75500","CALL","1h","2026-09-15 16:00:00","2026-09-16 00:00:00","1280.000","1280.000","1280.000","1280.000","0.00","2026-09-15 16:59:59","2026-09-16 00:59:59","0.00000","0","0.00","0.00000"
"all-available","Asia/Taipei","BTCUSDT","BTC-260916-75500-C","2026-09-16","75500","CALL","1h","2026-09-15 17:00:00","2026-09-16 01:00:00","1280.000","1280.000","1280.000","1280.000","0.00","2026-09-15 17:59:59","2026-09-16 01:59:59","0.00000","0","0.00","0.00000"
"all-available","Asia/Taipei","BTCUSDT","BTC-260916-75500-C","2026-09-16","75500","CALL","1h","2026-09-15 18:00:00","2026-09-16 02:00:00","550.000","785.000","360.000","785.000","2.60","2026-09-15 18:59:59","2026-09-16 02:59:59","1243.15000","7","0.75","458.75000"
"all-available","Asia/Taipei","BTCUSDT","BTC-260916-75500-C","2026-09-16","75500","CALL","1h","2026-09-15 19:00:00","2026-09-16 03:00:00","695.000","695.000","685.000","685.000","0.58","2026-09-15 19:59:59","2026-09-16 03:59:59","398.10000","2","0.50","342.50000"
"all-available","Asia/Taipei","BTCUSDT","BTC-260916-75500-C","2026-09-16","75500","CALL","1h","2026-09-15 20:00:00","2026-09-16 04:00:00","690.000","690.000","620.000","620.000","0.70","2026-09-15 20:59:59","2026-09-16 04:59:59","469.00000","2","0.00","0.00000"
"all-available","Asia/Taipei","BTCUSDT","BTC-260916-75500-C","2026-09-16","75500","CALL","1h","2026-09-15 21:00:00","2026-09-16 05:00:00","515.000","520.000","440.000","440.000","6.60","2026-09-15 21:59:59","2026-09-16 05:59:59","3132.00000","7","4.00","1820.00000"
"all-available","Asia/Taipei","BTCUSDT","BTC-260916-75500-C","2026-09-16","75500","CALL","1h","2026-09-15 22:00:00","2026-09-16 06:00:00","370.000","500.000","275.000","495.000","15.14","2026-09-15 22:59:59","2026-09-16 06:59:59","5608.85000","33","2.47","996.00000"
"all-available","Asia/Taipei","BTCUSDT","BTC-260916-75500-C","2026-09-16","75500","CALL","1h","2026-09-15 23:00:00","2026-09-16 07:00:00","600.000","600.000","410.000","435.000","0.07","2026-09-15 23:59:59","2026-09-16 07:59:59","30.85000","3","0.00","0.00000"
"all-available","Asia/Taipei","BTCUSDT","BTC-260916-75500-C","2026-09-16","75500","CALL","1h","2026-09-16 00:00:00","2026-09-16 08:00:00","435.000","435.000","435.000","435.000","0.01","2026-09-16 00:59:59","2026-09-16 08:59:59","4.35000","1","0.01","4.35000"
"all-available","Asia/Taipei","BTCUSDT","BTC-260916-75500-C","2026-09-16","75500","CALL","1h","2026-09-16 01:00:00","2026-09-16 09:00:00","295.000","295.000","230.000","245.000","2.98","2026-09-16 01:59:59","2026-09-16 09:59:59","761.65000","54","2.98","761.65000"
"all-available","Asia/Taipei","BTCUSDT","BTC-260916-75500-C","2026-09-16","75500","CALL","1h","2026-09-16 02:00:00","2026-09-16 10:00:00","245.000","565.000","245.000","565.000","0.10","2026-09-16 02:59:59","2026-09-16 10:59:59","35.00000","4","0.10","35.00000"
"all-available","Asia/Taipei","BTCUSDT","BTC-260916-75500-C","2026-09-16","75500","CALL","1h","2026-09-16 03:00:00","2026-09-16 11:00:00","565.000","565.000","565.000","565.000","0.00","2026-09-16 03:59:59","2026-09-16 11:59:59","0.00000","0","0.00","0.00000"
"all-available","Asia/Taipei","BTCUSDT","BTC-260916-75500-C","2026-09-16","75500","CALL","1h","2026-09-16 04:00:00","2026-09-16 12:00:00","565.000","565.000","565.000","565.000","0.00","2026-09-16 04:59:59","2026-09-16 12:59:59","0.00000","0","0.00","0.00000"
"all-available","Asia/Taipei","BTCUSDT","BTC-260916-75500-C","2026-09-16","75500","CALL","1h","2026-09-16 05:00:00","2026-09-16 13:00:00","235.000","365.000","235.000","365.000","0.02","2026-09-16 05:59:59","2026-09-16 13:59:59","6.00000","2","0.01","3.65000"
"all-available","Asia/Taipei","BTCUSDT","BTC-260916-75500-C","2026-09-16","75500","CALL","1h","2026-09-16 06:00:00","2026-09-16 14:00:00","390.000","390.000","390.000","390.000","0.04","2026-09-16 06:59:59","2026-09-16 14:59:59","15.60000","1","0.04","15.60000"
"all-available","Asia/Taipei","BTCUSDT","BTC-260916-75500-C","2026-09-16","75500","CALL","1h","2026-09-16 07:00:00","2026-09-16 15:00:00","390.000","390.000","390.000","390.000","0.00","2026-09-16 07:59:59","2026-09-16 15:59:59","0.00000","0","0.00","0.00000"
"all-available","Asia/Taipei","BTCUSDT","BTC-260916-75500-P","2026-09-16","75500","PUT","1h","2026-09-13 08:00:00","2026-09-13 16:00:00","280.000","405.000","280.000","405.000","2.55","2026-09-13 08:59:59","2026-09-13 16:59:59","718.60000","6","0.02","8.10000"
"all-available","Asia/Taipei","BTCUSDT","BTC-260916-75500-P","2026-09-16","75500","PUT","1h","2026-09-13 09:00:00","2026-09-13 17:00:00","410.000","465.000","410.000","410.000","1.96","2026-09-13 09:59:59","2026-09-13 17:59:59","838.45000","9","1.04","442.85000"
"all-available","Asia/Taipei","BTCUSDT","BTC-260916-75500-P","2026-09-16","75500","PUT","1h","2026-09-13 10:00:00","2026-09-13 18:00:00","410.000","410.000","410.000","410.000","0.00","2026-09-13 10:59:59","2026-09-13 18:59:59","0.00000","0","0.00","0.00000"
"all-available","Asia/Taipei","BTCUSDT","BTC-260916-75500-P","2026-09-16","75500","PUT","1h","2026-09-13 11:00:00","2026-09-13 19:00:00","420.000","420.000","420.000","420.000","1.00","2026-09-13 11:59:59","2026-09-13 19:59:59","420.00000","2","0.00","0.00000"
"all-available","Asia/Taipei","BTCUSDT","BTC-260916-75500-P","2026-09-16","75500","PUT","1h","2026-09-13 12:00:00","2026-09-13 20:00:00","420.000","420.000","410.000","410.000","0.67","2026-09-13 12:59:59","2026-09-13 20:59:59","276.10000","5","0.00","0.00000"
"all-available","Asia/Taipei","BTCUSDT","BTC-260916-75500-P","2026-09-16","75500","PUT","1h","2026-09-13 13:00:00","2026-09-13 21:00:00","400.000","400.000","400.000","400.000","0.15","2026-09-13 13:59:59","2026-09-13 21:59:59","60.00000","1","0.00","0.00000"
"all-available","Asia/Taipei","BTCUSDT","BTC-260916-75500-P","2026-09-16","75500","PUT","1h","2026-09-13 14:00:00","2026-09-13 22:00:00","335.000","335.000","330.000","330.000","0.11","2026-09-13 14:59:59","2026-09-13 22:59:59","36.80000","2","0.01","3.30000"
"all-available","Asia/Taipei","BTCUSDT","BTC-260916-75500-P","2026-09-16","75500","PUT","1h","2026-09-13 15:00:00","2026-09-13 23:00:00","325.000","340.000","325.000","325.000","1.95","2026-09-13 15:59:59","2026-09-13 23:59:59","662.10000","7","0.05","16.25000"
"all-available","Asia/Taipei","BTCUSDT","BTC-260916-75500-P","2026-09-16","75500","PUT","1h","2026-09-13 16:00:00","2026-09-14 00:00:00","315.000","315.000","270.000","270.000","0.75","2026-09-13 16:59:59","2026-09-14 00:59:59","230.40000","2","0.00","0.00000"
"all-available","Asia/Taipei","BTCUSDT","BTC-260916-75500-P","2026-09-16","75500","PUT","1h","2026-09-13 17:00:00","2026-09-14 01:00:00","260.000","260.000","260.000","260.000","2.71","2026-09-13 17:59:59","2026-09-14 01:59:59","704.60000","12","0.00","0.00000"
"all-available","Asia/Taipei","BTCUSDT","BTC-260916-75500-P","2026-09-16","75500","PUT","1h","2026-09-13 18:00:00","2026-09-14 02:00:00","250.000","250.000","250.000","250.000","0.20","2026-09-13 18:59:59","2026-09-14 02:59:59","50.00000","1","0.20","50.00000"
"all-available","Asia/Taipei","BTCUSDT","BTC-260916-75500-P","2026-09-16","75500","PUT","1h","2026-09-13 19:00:00","2026-09-14 03:00:00","250.000","250.000","250.000","250.000","0.01","2026-09-13 19:59:59","2026-09-14 03:59:59","2.50000","1","0.00","0.00000"
"all-available","Asia/Taipei","BTCUSDT","BTC-260916-75500-P","2026-09-16","75500","PUT","1h","2026-09-13 20:00:00","2026-09-14 04:00:00","250.000","250.000","250.000","250.000","0.00","2026-09-13 20:59:59","2026-09-14 04:59:59","0.00000","0","0.00","0.00000"
"all-available","Asia/Taipei","BTCUSDT","BTC-260916-75500-P","2026-09-16","75500","PUT","1h","2026-09-13 21:00:00","2026-09-14 05:00:00","250.000","250.000","250.000","250.000","0.00","2026-09-13 21:59:59","2026-09-14 05:59:59","0.00000","0","0.00","0.00000"
"all-available","Asia/Taipei","BTCUSDT","BTC-260916-75500-P","2026-09-16","75500","PUT","1h","2026-09-13 22:00:00","2026-09-14 06:00:00","315.000","385.000","315.000","375.000","6.05","2026-09-13 22:59:59","2026-09-14 06:59:59","2261.15000","6","3.31","1242.05000"
"all-available","Asia/Taipei","BTCUSDT","BTC-260916-75500-P","2026-09-16","75500","PUT","1h","2026-09-13 23:00:00","2026-09-14 07:00:00","380.000","390.000","380.000","390.000","0.15","2026-09-13 23:59:59","2026-09-14 07:59:59","57.50000","2","0.15","57.50000"
"all-available","Asia/Taipei","BTCUSDT","BTC-260916-75500-P","2026-09-16","75500","PUT","1h","2026-09-14 00:00:00","2026-09-14 08:00:00","390.000","390.000","390.000","390.000","0.00","2026-09-14 00:59:59","2026-09-14 08:59:59","0.00000","0","0.00","0.00000"
"all-available","Asia/Taipei","BTCUSDT","BTC-260916-75500-P","2026-09-16","75500","PUT","1h","2026-09-14 01:00:00","2026-09-14 09:00:00","390.000","390.000","390.000","390.000","0.00","2026-09-14 01:59:59","2026-09-14 09:59:59","0.00000","0","0.00","0.00000"
"all-available","Asia/Taipei","BTCUSDT","BTC-260916-75500-P","2026-09-16","75500","PUT","1h","2026-09-14 02:00:00","2026-09-14 10:00:00","180.000","180.000","180.000","180.000","2.82","2026-09-14 02:59:59","2026-09-14 10:59:59","507.60000","2","2.82","507.60000"
"all-available","Asia/Taipei","BTCUSDT","BTC-260916-75500-P","2026-09-16","75500","PUT","1h","2026-09-14 03:00:00","2026-09-14 11:00:00","180.000","180.000","180.000","180.000","0.00","2026-09-14 03:59:59","2026-09-14 11:59:59","0.00000","0","0.00","0.00000"
"all-available","Asia/Taipei","BTCUSDT","BTC-260916-75500-P","2026-09-16","75500","PUT","1h","2026-09-14 04:00:00","2026-09-14 12:00:00","180.000","180.000","180.000","180.000","0.00","2026-09-14 04:59:59","2026-09-14 12:59:59","0.00000","0","0.00","0.00000"
"all-available","Asia/Taipei","BTCUSDT","BTC-260916-75500-P","2026-09-16","75500","PUT","1h","2026-09-14 05:00:00","2026-09-14 13:00:00","175.000","175.000","175.000","175.000","0.01","2026-09-14 05:59:59","2026-09-14 13:59:59","1.75000","1","0.00","0.00000"
"all-available","Asia/Taipei","BTCUSDT","BTC-260916-75500-P","2026-09-16","75500","PUT","1h","2026-09-14 06:00:00","2026-09-14 14:00:00","155.000","205.000","155.000","205.000","1.53","2026-09-14 06:59:59","2026-09-14 14:59:59","265.80000","7","0.93","171.30000"
"all-available","Asia/Taipei","BTCUSDT","BTC-260916-75500-P","2026-09-16","75500","PUT","1h","2026-09-14 07:00:00","2026-09-14 15:00:00","155.000","155.000","145.000","145.000","0.14","2026-09-14 07:59:59","2026-09-14 15:59:59","20.40000","4","0.01","1.55000"
"all-available","Asia/Taipei","BTCUSDT","BTC-260916-75500-P","2026-09-16","75500","PUT","1h","2026-09-14 08:00:00","2026-09-14 16:00:00","145.000","155.000","125.000","135.000","6.79","2026-09-14 08:59:59","2026-09-14 16:59:59","926.85000","13","0.00","0.00000"
"all-available","Asia/Taipei","BTCUSDT","BTC-260916-75500-P","2026-09-16","75500","PUT","1h","2026-09-14 09:00:00","2026-09-14 17:00:00","135.000","135.000","135.000","135.000","0.00","2026-09-14 09:59:59","2026-09-14 17:59:59","0.00000","0","0.00","0.00000"
"all-available","Asia/Taipei","BTCUSDT","BTC-260916-75500-P","2026-09-16","75500","PUT","1h","2026-09-14 10:00:00","2026-09-14 18:00:00","100.000","105.000","100.000","105.000","1.63","2026-09-14 10:59:59","2026-09-14 18:59:59","166.15000","2","0.00","0.00000"
"all-available","Asia/Taipei","BTCUSDT","BTC-260916-75500-P","2026-09-16","75500","PUT","1h","2026-09-14 11:00:00","2026-09-14 19:00:00","125.000","125.000","125.000","125.000","0.14","2026-09-14 11:59:59","2026-09-14 19:59:59","17.50000","1","0.00","0.00000"
"all-available","Asia/Taipei","BTCUSDT","BTC-260916-75500-P","2026-09-16","75500","PUT","1h","2026-09-14 12:00:00","2026-09-14 20:00:00","130.000","130.000","130.000","130.000","0.58","2026-09-14 12:59:59","2026-09-14 20:59:59","75.40000","1","0.58","75.40000"
"all-available","Asia/Taipei","BTCUSDT","BTC-260916-75500-P","2026-09-16","75500","PUT","1h","2026-09-14 13:00:00","2026-09-14 21:00:00","145.000","145.000","115.000","115.000","0.28","2026-09-14 13:59:59","2026-09-14 21:59:59","32.50000","2","0.28","32.50000"
"all-available","Asia/Taipei","BTCUSDT","BTC-260916-75500-P","2026-09-16","75500","PUT","1h","2026-09-14 14:00:00","2026-09-14 22:00:00","70.000","70.000","70.000","70.000","0.15","2026-09-14 14:59:59","2026-09-14 22:59:59","10.50000","1","0.00","0.00000"
"all-available","Asia/Taipei","BTCUSDT","BTC-260916-75500-P","2026-09-16","75500","PUT","1h","2026-09-14 15:00:00","2026-09-14 23:00:00","65.000","65.000","65.000","65.000","0.56","2026-09-14 15:59:59","2026-09-14 23:59:59","36.40000","4","0.06","3.90000"
"all-available","Asia/Taipei","BTCUSDT","BTC-260916-75500-P","2026-09-16","75500","PUT","1h","2026-09-14 16:00:00","2026-09-15 00:00:00","50.000","50.000","45.000","45.000","2.48","2026-09-14 16:59:59","2026-09-15 00:59:59","119.00000","19","0.01","0.45000"
"all-available","Asia/Taipei","BTCUSDT","BTC-260916-75500-P","2026-09-16","75500","PUT","1h","2026-09-14 17:00:00","2026-09-15 01:00:00","40.000","45.000","40.000","45.000","81.00","2026-09-14 17:59:59","2026-09-15 01:59:59","3475.00000","23","80.29","3443.05000"
"all-available","Asia/Taipei","BTCUSDT","BTC-260916-75500-P","2026-09-16","75500","PUT","1h","2026-09-14 18:00:00","2026-09-15 02:00:00","40.000","40.000","40.000","40.000","0.18","2026-09-14 18:59:59","2026-09-15 02:59:59","7.20000","2","0.18","7.20000"
"all-available","Asia/Taipei","BTCUSDT","BTC-260916-75500-P","2026-09-16","75500","PUT","1h","2026-09-14 19:00:00","2026-09-15 03:00:00","40.000","40.000","40.000","40.000","1.28","2026-09-14 19:59:59","2026-09-15 03:59:59","51.20000","6","1.28","51.20000"
"all-available","Asia/Taipei","BTCUSDT","BTC-260916-75500-P","2026-09-16","75500","PUT","1h","2026-09-14 20:00:00","2026-09-15 04:00:00","35.000","40.000","35.000","40.000","9.04","2026-09-14 20:59:59","2026-09-15 04:59:59","340.95000","30","9.04","340.95000"
"all-available","Asia/Taipei","BTCUSDT","BTC-260916-75500-P","2026-09-16","75500","PUT","1h","2026-09-14 21:00:00","2026-09-15 05:00:00","40.000","45.000","40.000","45.000","6.78","2026-09-14 21:59:59","2026-09-15 05:59:59","303.50000","9","6.78","303.50000"
"all-available","Asia/Taipei","BTCUSDT","BTC-260916-75500-P","2026-09-16","75500","PUT","1h","2026-09-14 22:00:00","2026-09-15 06:00:00","45.000","45.000","45.000","45.000","0.00","2026-09-14 22:59:59","2026-09-15 06:59:59","0.00000","0","0.00","0.00000"
"all-available","Asia/Taipei","BTCUSDT","BTC-260916-75500-P","2026-09-16","75500","PUT","1h","2026-09-14 23:00:00","2026-09-15 07:00:00","65.000","65.000","65.000","65.000","2.37","2026-09-14 23:59:59","2026-09-15 07:59:59","154.05000","13","0.00","0.00000"
"all-available","Asia/Taipei","BTCUSDT","BTC-260916-75500-P","2026-09-16","75500","PUT","1h","2026-09-15 00:00:00","2026-09-15 08:00:00","85.000","85.000","85.000","85.000","2.72","2026-09-15 00:59:59","2026-09-15 08:59:59","231.20000","1","0.00","0.00000"
"all-available","Asia/Taipei","BTCUSDT","BTC-260916-75500-P","2026-09-16","75500","PUT","1h","2026-09-15 01:00:00","2026-09-15 09:00:00","95.000","95.000","95.000","95.000","1.21","2026-09-15 01:59:59","2026-09-15 09:59:59","114.95000","4","0.00","0.00000"
"all-available","Asia/Taipei","BTCUSDT","BTC-260916-75500-P","2026-09-16","75500","PUT","1h","2026-09-15 02:00:00","2026-09-15 10:00:00","85.000","85.000","85.000","85.000","0.23","2026-09-15 02:59:59","2026-09-15 10:59:59","19.55000","3","0.00","0.00000"
"all-available","Asia/Taipei","BTCUSDT","BTC-260916-75500-P","2026-09-16","75500","PUT","1h","2026-09-15 03:00:00","2026-09-15 11:00:00","85.000","95.000","85.000","95.000","0.90","2026-09-15 03:59:59","2026-09-15 11:59:59","77.50000","5","0.90","77.50000"
"all-available","Asia/Taipei","BTCUSDT","BTC-260916-75500-P","2026-09-16","75500","PUT","1h","2026-09-15 04:00:00","2026-09-15 12:00:00","105.000","105.000","105.000","105.000","0.11","2026-09-15 04:59:59","2026-09-15 12:59:59","11.55000","1","0.11","11.55000"
"all-available","Asia/Taipei","BTCUSDT","BTC-260916-75500-P","2026-09-16","75500","PUT","1h","2026-09-15 05:00:00","2026-09-15 13:00:00","130.000","130.000","130.000","130.000","2.73","2026-09-15 05:59:59","2026-09-15 13:59:59","354.90000","1","2.73","354.90000"
"all-available","Asia/Taipei","BTCUSDT","BTC-260916-75500-P","2026-09-16","75500","PUT","1h","2026-09-15 06:00:00","2026-09-15 14:00:00","140.000","140.000","140.000","140.000","1.67","2026-09-15 06:59:59","2026-09-15 14:59:59","233.80000","2","1.67","233.80000"
"all-available","Asia/Taipei","BTCUSDT","BTC-260916-75500-P","2026-09-16","75500","PUT","1h","2026-09-15 07:00:00","2026-09-15 15:00:00","130.000","150.000","130.000","150.000","4.20","2026-09-15 07:59:59","2026-09-15 15:59:59","559.30000","21","1.53","212.20000"
"all-available","Asia/Taipei","BTCUSDT","BTC-260916-75500-P","2026-09-16","75500","PUT","1h","2026-09-15 08:00:00","2026-09-15 16:00:00","160.000","185.000","145.000","145.000","13.46","2026-09-15 08:59:59","2026-09-15 16:59:59","2386.85000","18","9.53","1714.60000"
"all-available","Asia/Taipei","BTCUSDT","BTC-260916-75500-P","2026-09-16","75500","PUT","1h","2026-09-15 09:00:00","2026-09-15 17:00:00","130.000","140.000","120.000","120.000","2.72","2026-09-15 09:59:59","2026-09-15 17:59:59","353.15000","12","2.05","266.75000"
"all-available","Asia/Taipei","BTCUSDT","BTC-260916-75500-P","2026-09-16","75500","PUT","1h","2026-09-15 10:00:00","2026-09-15 18:00:00","120.000","125.000","110.000","125.000","4.23","2026-09-15 10:59:59","2026-09-15 18:59:59","500.25000","13","0.82","96.30000"
"all-available","Asia/Taipei","BTCUSDT","BTC-260916-75500-P","2026-09-16","75500","PUT","1h","2026-09-15 11:00:00","2026-09-15 19:00:00","125.000","255.000","125.000","255.000","16.83","2026-09-15 11:59:59","2026-09-15 19:59:59","2895.55000","18","16.45","2814.60000"
"all-available","Asia/Taipei","BTCUSDT","BTC-260916-75500-P","2026-09-16","75500","PUT","1h","2026-09-15 12:00:00","2026-09-15 20:00:00","295.000","295.000","220.000","220.000","1.30","2026-09-15 12:59:59","2026-09-15 20:59:59","327.95000","12","0.25","66.00000"
"all-available","Asia/Taipei","BTCUSDT","BTC-260916-75500-P","2026-09-16","75500","PUT","1h","2026-09-15 13:00:00","2026-09-15 21:00:00","235.000","440.000","215.000","390.000","3.02","2026-09-15 13:59:59","2026-09-15 21:59:59","982.35000","15","2.27","707.75000"
"all-available","Asia/Taipei","BTCUSDT","BTC-260916-75500-P","2026-09-16","75500","PUT","1h","2026-09-15 14:00:00","2026-09-15 22:00:00","305.000","675.000","305.000","500.000","27.44","2026-09-15 14:59:59","2026-09-15 22:59:59","15802.10000","50","23.62","13939.85000"
"all-available","Asia/Taipei","BTCUSDT","BTC-260916-75500-P","2026-09-16","75500","PUT","1h","2026-09-15 15:00:00","2026-09-15 23:00:00","535.000","545.000","250.000","265.000","48.75","2026-09-15 15:59:59","2026-09-15 23:59:59","23640.10000","41","1.20","402.45000"
"all-available","Asia/Taipei","BTCUSDT","BTC-260916-75500-P","2026-09-16","75500","PUT","1h","2026-09-15 16:00:00","2026-09-16 00:00:00","265.000","280.000","260.000","280.000","0.18","2026-09-15 16:59:59","2026-09-16 00:59:59","48.25000","4","0.17","45.65000"
"all-available","Asia/Taipei","BTCUSDT","BTC-260916-75500-P","2026-09-16","75500","PUT","1h","2026-09-15 17:00:00","2026-09-16 01:00:00","295.000","315.000","135.000","155.000","12.46","2026-09-15 17:59:59","2026-09-16 01:59:59","2333.70000","24","10.88","2033.30000"
"all-available","Asia/Taipei","BTCUSDT","BTC-260916-75500-P","2026-09-16","75500","PUT","1h","2026-09-15 18:00:00","2026-09-16 02:00:00","165.000","840.000","165.000","285.000","28.11","2026-09-15 18:59:59","2026-09-16 02:59:59","9009.70000","56","13.91","4419.80000"
"all-available","Asia/Taipei","BTCUSDT","BTC-260916-75500-P","2026-09-16","75500","PUT","1h","2026-09-15 19:00:00","2026-09-16 03:00:00","270.000","275.000","175.000","245.000","16.98","2026-09-15 19:59:59","2026-09-16 03:59:59","4111.90000","43","2.86","695.30000"
"all-available","Asia/Taipei","BTCUSDT","BTC-260916-75500-P","2026-09-16","75500","PUT","1h","2026-09-15 20:00:00","2026-09-16 04:00:00","275.000","335.000","220.000","220.000","1.14","2026-09-15 20:59:59","2026-09-16 04:59:59","352.70000","9","0.34","89.30000"
"all-available","Asia/Taipei","BTCUSDT","BTC-260916-75500-P","2026-09-16","75500","PUT","1h","2026-09-15 21:00:00","2026-09-16 05:00:00","290.000","395.000","260.000","390.000","8.96","2026-09-15 21:59:59","2026-09-16 05:59:59","2889.85000","33","4.34","1520.50000"
"all-available","Asia/Taipei","BTCUSDT","BTC-260916-75500-P","2026-09-16","75500","PUT","1h","2026-09-15 22:00:00","2026-09-16 06:00:00","400.000","600.000","270.000","275.000","28.10","2026-09-15 22:59:59","2026-09-16 06:59:59","11974.35000","54","19.00","8473.75000"
"all-available","Asia/Taipei","BTCUSDT","BTC-260916-75500-P","2026-09-16","75500","PUT","1h","2026-09-15 23:00:00","2026-09-16 07:00:00","195.000","245.000","190.000","245.000","0.56","2026-09-15 23:59:59","2026-09-16 07:59:59","126.20000","8","0.05","9.50000"
"all-available","Asia/Taipei","BTCUSDT","BTC-260916-75500-P","2026-09-16","75500","PUT","1h","2026-09-16 00:00:00","2026-09-16 08:00:00","255.000","255.000","150.000","150.000","1.03","2026-09-16 00:59:59","2026-09-16 08:59:59","176.10000","5","0.80","122.50000"
"all-available","Asia/Taipei","BTCUSDT","BTC-260916-75500-P","2026-09-16","75500","PUT","1h","2026-09-16 01:00:00","2026-09-16 09:00:00","145.000","250.000","105.000","220.000","5.89","2026-09-16 01:59:59","2026-09-16 09:59:59","869.95000","31","2.10","388.35000"
"all-available","Asia/Taipei","BTCUSDT","BTC-260916-75500-P","2026-09-16","75500","PUT","1h","2026-09-16 02:00:00","2026-09-16 10:00:00","215.000","215.000","65.000","65.000","3.82","2026-09-16 02:59:59","2026-09-16 10:59:59","330.35000","26","2.05","188.95000"
"all-available","Asia/Taipei","BTCUSDT","BTC-260916-75500-P","2026-09-16","75500","PUT","1h","2026-09-16 03:00:00","2026-09-16 11:00:00","90.000","90.000","40.000","70.000","42.22","2026-09-16 03:59:59","2026-09-16 11:59:59","1822.95000","34","0.23","13.80000"
"all-available","Asia/Taipei","BTCUSDT","BTC-260916-75500-P","2026-09-16","75500","PUT","1h","2026-09-16 04:00:00","2026-09-16 12:00:00","70.000","70.000","30.000","45.000","8.71","2026-09-16 04:59:59","2026-09-16 12:59:59","344.45000","35","1.73","89.25000"
"all-available","Asia/Taipei","BTCUSDT","BTC-260916-75500-P","2026-09-16","75500","PUT","1h","2026-09-16 05:00:00","2026-09-16 13:00:00","45.000","75.000","20.000","20.000","11.90","2026-09-16 05:59:59","2026-09-16 13:59:59","483.45000","46","11.87","482.75000"
"all-available","Asia/Taipei","BTCUSDT","BTC-260916-75500-P","2026-09-16","75500","PUT","1h","2026-09-16 06:00:00","2026-09-16 14:00:00","15.000","15.000","5.000","5.000","354.32","2026-09-16 06:59:59","2026-09-16 14:59:59","1929.05000","45","334.72","1692.15000"
"all-available","Asia/Taipei","BTCUSDT","BTC-260916-75500-P","2026-09-16","75500","PUT","1h","2026-09-16 07:00:00","2026-09-16 15:00:00","5.000","5.000","5.000","5.000","303.56","2026-09-16 07:59:59","2026-09-16 15:59:59","1517.80000","91","303.56","1517.80000"
"all-available","Asia/Taipei","BTCUSDT","BTC-260916-76000-C","2026-09-16","76000","CALL","1h","2026-09-15 07:00:00","2026-09-15 15:00:00","1340.000","1340.000","1325.000","1325.000","2.00","2026-09-15 07:59:59","2026-09-15 15:59:59","2665.00000","14","0.00","0.00000"
"all-available","Asia/Taipei","BTCUSDT","BTC-260916-76000-C","2026-09-16","76000","CALL","1h","2026-09-15 08:00:00","2026-09-15 16:00:00","1100.000","1100.000","1100.000","1100.000","0.04","2026-09-15 08:59:59","2026-09-15 16:59:59","44.00000","1","0.00","0.00000"
"all-available","Asia/Taipei","BTCUSDT","BTC-260916-76000-C","2026-09-16","76000","CALL","1h","2026-09-15 09:00:00","2026-09-15 17:00:00","1100.000","1100.000","1100.000","1100.000","0.00","2026-09-15 09:59:59","2026-09-15 17:59:59","0.00000","0","0.00","0.00000"
"all-available","Asia/Taipei","BTCUSDT","BTC-260916-76000-C","2026-09-16","76000","CALL","1h","2026-09-15 10:00:00","2026-09-15 18:00:00","1100.000","1100.000","1100.000","1100.000","0.00","2026-09-15 10:59:59","2026-09-15 18:59:59","0.00000","0","0.00","0.00000"
"all-available","Asia/Taipei","BTCUSDT","BTC-260916-76000-C","2026-09-16","76000","CALL","1h","2026-09-15 11:00:00","2026-09-15 19:00:00","1100.000","1100.000","1100.000","1100.000","0.00","2026-09-15 11:59:59","2026-09-15 19:59:59","0.00000","0","0.00","0.00000"
"all-available","Asia/Taipei","BTCUSDT","BTC-260916-76000-C","2026-09-16","76000","CALL","1h","2026-09-15 12:00:00","2026-09-15 20:00:00","1100.000","1100.000","1100.000","1100.000","0.00","2026-09-15 12:59:59","2026-09-15 20:59:59","0.00000","0","0.00","0.00000"
"all-available","Asia/Taipei","BTCUSDT","BTC-260916-76000-C","2026-09-16","76000","CALL","1h","2026-09-15 13:00:00","2026-09-15 21:00:00","970.000","970.000","840.000","870.000","0.29","2026-09-15 13:59:59","2026-09-15 21:59:59","255.00000","3","0.26","225.90000"
"all-available","Asia/Taipei","BTCUSDT","BTC-260916-76000-C","2026-09-16","76000","CALL","1h","2026-09-15 14:00:00","2026-09-15 22:00:00","1000.000","1000.000","590.000","720.000","3.60","2026-09-15 14:59:59","2026-09-15 22:59:59","2504.85000","22","3.07","2129.45000"
"all-available","Asia/Taipei","BTCUSDT","BTC-260916-76000-C","2026-09-16","76000","CALL","1h","2026-09-15 15:00:00","2026-09-15 23:00:00","700.000","910.000","680.000","910.000","11.71","2026-09-15 15:59:59","2026-09-15 23:59:59","8547.80000","25","6.65","4966.90000"
"all-available","Asia/Taipei","BTCUSDT","BTC-260916-76000-C","2026-09-16","76000","CALL","1h","2026-09-15 16:00:00","2026-09-16 00:00:00","925.000","925.000","895.000","895.000","0.07","2026-09-15 16:59:59","2026-09-16 00:59:59","63.25000","2","0.05","44.75000"
"all-available","Asia/Taipei","BTCUSDT","BTC-260916-76000-C","2026-09-16","76000","CALL","1h","2026-09-15 17:00:00","2026-09-16 01:00:00","790.000","1090.000","790.000","1090.000","0.07","2026-09-15 17:59:59","2026-09-16 01:59:59","61.30000","2","0.02","21.80000"
"all-available","Asia/Taipei","BTCUSDT","BTC-260916-76000-C","2026-09-16","76000","CALL","1h","2026-09-15 18:00:00","2026-09-16 02:00:00","750.000","910.000","245.000","495.000","8.38","2026-09-15 18:59:59","2026-09-16 02:59:59","4602.90000","21","5.97","3678.10000"
"all-available","Asia/Taipei","BTCUSDT","BTC-260916-76000-C","2026-09-16","76000","CALL","1h","2026-09-15 19:00:00","2026-09-16 03:00:00","635.000","635.000","400.000","470.000","47.06","2026-09-15 19:59:59","2026-09-16 03:59:59","24372.15000","64","13.42","6614.70000"
"all-available","Asia/Taipei","BTCUSDT","BTC-260916-76000-C","2026-09-16","76000","CALL","1h","2026-09-15 20:00:00","2026-09-16 04:00:00","385.000","385.000","305.000","315.000","0.66","2026-09-15 20:59:59","2026-09-16 04:59:59","204.60000","4","0.66","204.60000"
"all-available","Asia/Taipei","BTCUSDT","BTC-260916-76000-C","2026-09-16","76000","CALL","1h","2026-09-15 21:00:00","2026-09-16 05:00:00","360.000","360.000","210.000","210.000","16.87","2026-09-15 21:59:59","2026-09-16 05:59:59","5646.65000","27","1.57","396.10000"
"all-available","Asia/Taipei","BTCUSDT","BTC-260916-76000-C","2026-09-16","76000","CALL","1h","2026-09-15 22:00:00","2026-09-16 06:00:00","190.000","230.000","140.000","230.000","0.53","2026-09-15 22:59:59","2026-09-16 06:59:59","99.75000","14","0.23","40.60000"
"all-available","Asia/Taipei","BTCUSDT","BTC-260916-76000-C","2026-09-16","76000","CALL","1h","2026-09-15 23:00:00","2026-09-16 07:00:00","305.000","305.000","180.000","180.000","2.95","2026-09-15 23:59:59","2026-09-16 07:59:59","745.05000","14","1.37","289.60000"
"all-available","Asia/Taipei","BTCUSDT","BTC-260916-76000-C","2026-09-16","76000","CALL","1h","2026-09-16 00:00:00","2026-09-16 08:00:00","170.000","225.000","165.000","165.000","3.32","2026-09-16 00:59:59","2026-09-16 08:59:59","734.30000","8","3.18","711.15000"
"all-available","Asia/Taipei","BTCUSDT","BTC-260916-76000-C","2026-09-16","76000","CALL","1h","2026-09-16 01:00:00","2026-09-16 09:00:00","165.000","200.000","70.000","70.000","4.53","2026-09-16 01:59:59","2026-09-16 09:59:59","427.60000","22","1.11","99.00000"
"all-available","Asia/Taipei","BTCUSDT","BTC-260916-76000-C","2026-09-16","76000","CALL","1h","2026-09-16 02:00:00","2026-09-16 10:00:00","75.000","245.000","75.000","185.000","2.10","2026-09-16 02:59:59","2026-09-16 10:59:59","368.30000","10","1.99","342.95000"
"all-available","Asia/Taipei","BTCUSDT","BTC-260916-76000-C","2026-09-16","76000","CALL","1h","2026-09-16 03:00:00","2026-09-16 11:00:00","190.000","190.000","110.000","120.000","9.90","2026-09-16 03:59:59","2026-09-16 11:59:59","1534.95000","20","9.01","1371.85000"
"all-available","Asia/Taipei","BTCUSDT","BTC-260916-76000-C","2026-09-16","76000","CALL","1h","2026-09-16 04:00:00","2026-09-16 12:00:00","135.000","160.000","110.000","110.000","0.83","2026-09-16 04:59:59","2026-09-16 12:59:59","112.00000","11","0.04","5.30000"
"all-available","Asia/Taipei","BTCUSDT","BTC-260916-76000-C","2026-09-16","76000","CALL","1h","2026-09-16 05:00:00","2026-09-16 13:00:00","65.000","100.000","65.000","90.000","2.64","2026-09-16 05:59:59","2026-09-16 13:59:59","186.60000","16","0.57","39.00000"
"all-available","Asia/Taipei","BTCUSDT","BTC-260916-76000-C","2026-09-16","76000","CALL","1h","2026-09-16 06:00:00","2026-09-16 14:00:00","115.000","115.000","35.000","60.000","11.82","2026-09-16 06:59:59","2026-09-16 14:59:59","690.80000","32","5.59","303.50000"
"all-available","Asia/Taipei","BTCUSDT","BTC-260916-76000-C","2026-09-16","76000","CALL","1h","2026-09-16 07:00:00","2026-09-16 15:00:00","80.000","80.000","5.000","5.000","817.22","2026-09-16 07:59:59","2026-09-16 15:59:59","4159.15000","71","215.27","1145.95000"
"all-available","Asia/Taipei","BTCUSDT","BTC-260916-76000-P","2026-09-16","76000","PUT","1h","2026-09-14 09:00:00","2026-09-14 17:00:00","125.000","140.000","125.000","140.000","3.25","2026-09-14 09:59:59","2026-09-14 17:59:59","454.85000","2","3.24","453.60000"
"all-available","Asia/Taipei","BTCUSDT","BTC-260916-76000-P","2026-09-16","76000","PUT","1h","2026-09-14 10:00:00","2026-09-14 18:00:00","160.000","160.000","160.000","160.000","2.10","2026-09-14 10:59:59","2026-09-14 18:59:59","336.00000","2","0.00","0.00000"
"all-available","Asia/Taipei","BTCUSDT","BTC-260916-76000-P","2026-09-16","76000","PUT","1h","2026-09-14 11:00:00","2026-09-14 19:00:00","170.000","170.000","170.000","170.000","0.01","2026-09-14 11:59:59","2026-09-14 19:59:59","1.70000","1","0.00","0.00000"
"all-available","Asia/Taipei","BTCUSDT","BTC-260916-76000-P","2026-09-16","76000","PUT","1h","2026-09-14 12:00:00","2026-09-14 20:00:00","195.000","195.000","195.000","195.000","0.34","2026-09-14 12:59:59","2026-09-14 20:59:59","66.30000","2","0.34","66.30000"
"all-available","Asia/Taipei","BTCUSDT","BTC-260916-76000-P","2026-09-16","76000","PUT","1h","2026-09-14 13:00:00","2026-09-14 21:00:00","170.000","170.000","170.000","170.000","0.21","2026-09-14 13:59:59","2026-09-14 21:59:59","35.70000","2","0.21","35.70000"
"all-available","Asia/Taipei","BTCUSDT","BTC-260916-76000-P","2026-09-16","76000","PUT","1h","2026-09-14 14:00:00","2026-09-14 22:00:00","170.000","170.000","170.000","170.000","0.00","2026-09-14 14:59:59","2026-09-14 22:59:59","0.00000","0","0.00","0.00000"
"all-available","Asia/Taipei","BTCUSDT","BTC-260916-76000-P","2026-09-16","76000","PUT","1h","2026-09-14 15:00:00","2026-09-14 23:00:00","100.000","100.000","100.000","100.000","1.84","2026-09-14 15:59:59","2026-09-14 23:59:59","184.00000","6","0.00","0.00000"
"all-available","Asia/Taipei","BTCUSDT","BTC-260916-76000-P","2026-09-16","76000","PUT","1h","2026-09-14 16:00:00","2026-09-15 00:00:00","85.000","85.000","65.000","65.000","2.37","2026-09-14 16:59:59","2026-09-15 00:59:59","174.05000","7","1.00","85.00000"
"all-available","Asia/Taipei","BTCUSDT","BTC-260916-76000-P","2026-09-16","76000","PUT","1h","2026-09-14 17:00:00","2026-09-15 01:00:00","60.000","60.000","60.000","60.000","0.30","2026-09-14 17:59:59","2026-09-15 01:59:59","18.00000","3","0.30","18.00000"
"all-available","Asia/Taipei","BTCUSDT","BTC-260916-76000-P","2026-09-16","76000","PUT","1h","2026-09-14 18:00:00","2026-09-15 02:00:00","60.000","60.000","60.000","60.000","0.62","2026-09-14 18:59:59","2026-09-15 02:59:59","37.20000","8","0.62","37.20000"
"all-available","Asia/Taipei","BTCUSDT","BTC-260916-76000-P","2026-09-16","76000","PUT","1h","2026-09-14 19:00:00","2026-09-15 03:00:00","60.000","60.000","60.000","60.000","0.00","2026-09-14 19:59:59","2026-09-15 03:59:59","0.00000","0","0.00","0.00000"
"all-available","Asia/Taipei","BTCUSDT","BTC-260916-76000-P","2026-09-16","76000","PUT","1h","2026-09-14 20:00:00","2026-09-15 04:00:00","50.000","50.000","50.000","50.000","2.00","2026-09-14 20:59:59","2026-09-15 04:59:59","100.00000","2","0.00","0.00000"
"all-available","Asia/Taipei","BTCUSDT","BTC-260916-76000-P","2026-09-16","76000","PUT","1h","2026-09-14 21:00:00","2026-09-15 05:00:00","65.000","65.000","65.000","65.000","0.74","2026-09-14 21:59:59","2026-09-15 05:59:59","48.10000","1","0.74","48.10000"
"all-available","Asia/Taipei","BTCUSDT","BTC-260916-76000-P","2026-09-16","76000","PUT","1h","2026-09-14 22:00:00","2026-09-15 06:00:00","65.000","65.000","65.000","65.000","0.00","2026-09-14 22:59:59","2026-09-15 06:59:59","0.00000","0","0.00","0.00000"
"all-available","Asia/Taipei","BTCUSDT","BTC-260916-76000-P","2026-09-16","76000","PUT","1h","2026-09-14 23:00:00","2026-09-15 07:00:00","65.000","65.000","65.000","65.000","0.00","2026-09-14 23:59:59","2026-09-15 07:59:59","0.00000","0","0.00","0.00000"
"all-available","Asia/Taipei","BTCUSDT","BTC-260916-76000-P","2026-09-16","76000","PUT","1h","2026-09-15 00:00:00","2026-09-15 08:00:00","110.000","110.000","110.000","110.000","0.27","2026-09-15 00:59:59","2026-09-15 08:59:59","29.70000","1","0.27","29.70000"
"all-available","Asia/Taipei","BTCUSDT","BTC-260916-76000-P","2026-09-16","76000","PUT","1h","2026-09-15 01:00:00","2026-09-15 09:00:00","145.000","145.000","125.000","125.000","1.07","2026-09-15 01:59:59","2026-09-15 09:59:59","153.75000","2","1.07","153.75000"
"all-available","Asia/Taipei","BTCUSDT","BTC-260916-76000-P","2026-09-16","76000","PUT","1h","2026-09-15 02:00:00","2026-09-15 10:00:00","130.000","130.000","130.000","130.000","0.21","2026-09-15 02:59:59","2026-09-15 10:59:59","27.30000","2","0.21","27.30000"
"all-available","Asia/Taipei","BTCUSDT","BTC-260916-76000-P","2026-09-16","76000","PUT","1h","2026-09-15 03:00:00","2026-09-15 11:00:00","125.000","125.000","125.000","125.000","0.11","2026-09-15 03:59:59","2026-09-15 11:59:59","13.75000","1","0.11","13.75000"
"all-available","Asia/Taipei","BTCUSDT","BTC-260916-76000-P","2026-09-16","76000","PUT","1h","2026-09-15 04:00:00","2026-09-15 12:00:00","160.000","160.000","160.000","160.000","0.11","2026-09-15 04:59:59","2026-09-15 12:59:59","17.60000","2","0.11","17.60000"
"all-available","Asia/Taipei","BTCUSDT","BTC-260916-76000-P","2026-09-16","76000","PUT","1h","2026-09-15 05:00:00","2026-09-15 13:00:00","190.000","200.000","190.000","200.000","2.74","2026-09-15 05:59:59","2026-09-15 13:59:59","547.90000","5","2.72","543.90000"
"all-available","Asia/Taipei","BTCUSDT","BTC-260916-76000-P","2026-09-16","76000","PUT","1h","2026-09-15 06:00:00","2026-09-15 14:00:00","155.000","160.000","155.000","160.000","0.27","2026-09-15 06:59:59","2026-09-15 14:59:59","41.90000","3","0.27","41.90000"
"all-available","Asia/Taipei","BTCUSDT","BTC-260916-76000-P","2026-09-16","76000","PUT","1h","2026-09-15 07:00:00","2026-09-15 15:00:00","205.000","265.000","205.000","265.000","9.03","2026-09-15 07:59:59","2026-09-15 15:59:59","2041.40000","15","5.70","1257.50000"
"all-available","Asia/Taipei","BTCUSDT","BTC-260916-76000-P","2026-09-16","76000","PUT","1h","2026-09-15 08:00:00","2026-09-15 16:00:00","280.000","295.000","225.000","225.000","8.07","2026-09-15 08:59:59","2026-09-15 16:59:59","2236.35000","14","1.24","340.40000"
"all-available","Asia/Taipei","BTCUSDT","BTC-260916-76000-P","2026-09-16","76000","PUT","1h","2026-09-15 09:00:00","2026-09-15 17:00:00","225.000","235.000","200.000","200.000","17.63","2026-09-15 09:59:59","2026-09-15 17:59:59","4014.90000","23","13.21","3022.00000"
"all-available","Asia/Taipei","BTCUSDT","BTC-260916-76000-P","2026-09-16","76000","PUT","1h","2026-09-15 10:00:00","2026-09-15 18:00:00","190.000","225.000","190.000","215.000","12.36","2026-09-15 10:59:59","2026-09-15 18:59:59","2488.80000","27","9.98","2005.95000"
"all-available","Asia/Taipei","BTCUSDT","BTC-260916-76000-P","2026-09-16","76000","PUT","1h","2026-09-15 11:00:00","2026-09-15 19:00:00","215.000","400.000","205.000","400.000","7.69","2026-09-15 11:59:59","2026-09-15 19:59:59","2198.15000","15","6.65","1982.30000"
"all-available","Asia/Taipei","BTCUSDT","BTC-260916-76000-P","2026-09-16","76000","PUT","1h","2026-09-15 12:00:00","2026-09-15 20:00:00","415.000","415.000","330.000","365.000","2.08","2026-09-15 12:59:59","2026-09-15 20:59:59","785.80000","14","0.62","244.50000"
"all-available","Asia/Taipei","BTCUSDT","BTC-260916-76000-P","2026-09-16","76000","PUT","1h","2026-09-15 13:00:00","2026-09-15 21:00:00","350.000","675.000","345.000","505.000","30.71","2026-09-15 13:59:59","2026-09-15 21:59:59","16776.70000","36","23.64","12872.50000"
"all-available","Asia/Taipei","BTCUSDT","BTC-260916-76000-P","2026-09-16","76000","PUT","1h","2026-09-15 14:00:00","2026-09-15 22:00:00","460.000","965.000","460.000","730.000","13.47","2026-09-15 14:59:59","2026-09-15 22:59:59","8979.10000","52","4.51","3270.95000"
"all-available","Asia/Taipei","BTCUSDT","BTC-260916-76000-P","2026-09-16","76000","PUT","1h","2026-09-15 15:00:00","2026-09-15 23:00:00","760.000","760.000","405.000","405.000","11.08","2026-09-15 15:59:59","2026-09-15 23:59:59","5943.05000","50","4.21","2396.10000"
"all-available","Asia/Taipei","BTCUSDT","BTC-260916-76000-P","2026-09-16","76000","PUT","1h","2026-09-15 16:00:00","2026-09-16 00:00:00","440.000","475.000","425.000","430.000","2.73","2026-09-15 16:59:59","2026-09-16 00:59:59","1228.25000","19","0.17","79.70000"
"all-available","Asia/Taipei","BTCUSDT","BTC-260916-76000-P","2026-09-16","76000","PUT","1h","2026-09-15 17:00:00","2026-09-16 01:00:00","505.000","530.000","220.000","250.000","7.39","2026-09-15 17:59:59","2026-09-16 01:59:59","2495.70000","31","2.46","725.10000"
"all-available","Asia/Taipei","BTCUSDT","BTC-260916-76000-P","2026-09-16","76000","PUT","1h","2026-09-15 18:00:00","2026-09-16 02:00:00","285.000","1195.000","225.000","480.000","34.18","2026-09-15 18:59:59","2026-09-16 02:59:59","15301.90000","72","21.77","10216.35000"
"all-available","Asia/Taipei","BTCUSDT","BTC-260916-76000-P","2026-09-16","76000","PUT","1h","2026-09-15 19:00:00","2026-09-16 03:00:00","480.000","570.000","325.000","475.000","26.39","2026-09-15 19:59:59","2026-09-16 03:59:59","10885.35000","49","4.05","1780.30000"
"all-available","Asia/Taipei","BTCUSDT","BTC-260916-76000-P","2026-09-16","76000","PUT","1h","2026-09-15 20:00:00","2026-09-16 04:00:00","330.000","605.000","330.000","520.000","2.91","2026-09-15 20:59:59","2026-09-16 04:59:59","1350.15000","26","2.21","986.15000"
"all-available","Asia/Taipei","BTCUSDT","BTC-260916-76000-P","2026-09-16","76000","PUT","1h","2026-09-15 21:00:00","2026-09-16 05:00:00","470.000","695.000","470.000","695.000","3.21","2026-09-15 21:59:59","2026-09-16 05:59:59","1892.50000","17","3.16","1861.50000"
"all-available","Asia/Taipei","BTCUSDT","BTC-260916-76000-P","2026-09-16","76000","PUT","1h","2026-09-15 22:00:00","2026-09-16 06:00:00","725.000","790.000","515.000","555.000","2.00","2026-09-15 22:59:59","2026-09-16 06:59:59","1527.65000","10","1.98","1516.00000"
"all-available","Asia/Taipei","BTCUSDT","BTC-260916-76000-P","2026-09-16","76000","PUT","1h","2026-09-15 23:00:00","2026-09-16 07:00:00","400.000","535.000","400.000","535.000","0.97","2026-09-15 23:59:59","2026-09-16 07:59:59","395.90000","3","0.43","172.00000"
"all-available","Asia/Taipei","BTCUSDT","BTC-260916-76000-P","2026-09-16","76000","PUT","1h","2026-09-16 00:00:00","2026-09-16 08:00:00","350.000","350.000","330.000","345.000","4.97","2026-09-16 00:59:59","2026-09-16 08:59:59","1732.95000","24","4.00","1400.00000"
"all-available","Asia/Taipei","BTCUSDT","BTC-260916-76000-P","2026-09-16","76000","PUT","1h","2026-09-16 01:00:00","2026-09-16 09:00:00","330.000","480.000","330.000","475.000","4.35","2026-09-16 01:59:59","2026-09-16 09:59:59","1487.75000","15","0.25","120.00000"
"all-available","Asia/Taipei","BTCUSDT","BTC-260916-76000-P","2026-09-16","76000","PUT","1h","2026-09-16 02:00:00","2026-09-16 10:00:00","495.000","495.000","190.000","220.000","3.11","2026-09-16 02:59:59","2026-09-16 10:59:59","689.70000","11","0.00","0.00000"
"all-available","Asia/Taipei","BTCUSDT","BTC-260916-76000-P","2026-09-16","76000","PUT","1h","2026-09-16 03:00:00","2026-09-16 11:00:00","240.000","300.000","240.000","300.000","0.96","2026-09-16 03:59:59","2026-09-16 11:59:59","263.85000","14","0.95","261.00000"
"all-available","Asia/Taipei","BTCUSDT","BTC-260916-76000-P","2026-09-16","76000","PUT","1h","2026-09-16 04:00:00","2026-09-16 12:00:00","235.000","265.000","165.000","265.000","0.36","2026-09-16 04:59:59","2026-09-16 12:59:59","78.45000","6","0.15","29.00000"
"all-available","Asia/Taipei","BTCUSDT","BTC-260916-76000-P","2026-09-16","76000","PUT","1h","2026-09-16 05:00:00","2026-09-16 13:00:00","320.000","320.000","165.000","175.000","0.87","2026-09-16 05:59:59","2026-09-16 13:59:59","224.40000","19","0.86","221.60000"
"all-available","Asia/Taipei","BTCUSDT","BTC-260916-76000-P","2026-09-16","76000","PUT","1h","2026-09-16 06:00:00","2026-09-16 14:00:00","125.000","125.000","75.000","75.000","0.45","2026-09-16 06:59:59","2026-09-16 14:59:59","48.00000","6","0.30","33.25000"
"all-available","Asia/Taipei","BTCUSDT","BTC-260916-76000-P","2026-09-16","76000","PUT","1h","2026-09-16 07:00:00","2026-09-16 15:00:00","190.000","190.000","190.000","190.000","0.03","2026-09-16 07:59:59","2026-09-16 15:59:59","5.70000","1","0.00","0.00000"
"all-available","Asia/Taipei","BTCUSDT","BTC-260916-76500-C","2026-09-16","76500","CALL","1h","2026-09-13 09:00:00","2026-09-13 17:00:00","1070.000","1070.000","1060.000","1060.000","1.33","2026-09-13 09:59:59","2026-09-13 17:59:59","1413.80000","2","1.33","1413.80000"
"all-available","Asia/Taipei","BTCUSDT","BTC-260916-76500-C","2026-09-16","76500","CALL","1h","2026-09-13 10:00:00","2026-09-13 18:00:00","1060.000","1060.000","1060.000","1060.000","0.00","2026-09-13 10:59:59","2026-09-13 18:59:59","0.00000","0","0.00","0.00000"
"all-available","Asia/Taipei","BTCUSDT","BTC-260916-76500-C","2026-09-16","76500","CALL","1h","2026-09-13 11:00:00","2026-09-13 19:00:00","1060.000","1060.000","1060.000","1060.000","0.00","2026-09-13 11:59:59","2026-09-13 19:59:59","0.00000","0","0.00","0.00000"
"all-available","Asia/Taipei","BTCUSDT","BTC-260916-76500-C","2026-09-16","76500","CALL","1h","2026-09-13 12:00:00","2026-09-13 20:00:00","1060.000","1060.000","1060.000","1060.000","0.00","2026-09-13 12:59:59","2026-09-13 20:59:59","0.00000","0","0.00","0.00000"
"all-available","Asia/Taipei","BTCUSDT","BTC-260916-76500-C","2026-09-16","76500","CALL","1h","2026-09-13 13:00:00","2026-09-13 21:00:00","1060.000","1060.000","1060.000","1060.000","0.00","2026-09-13 13:59:59","2026-09-13 21:59:59","0.00000","0","0.00","0.00000"
"all-available","Asia/Taipei","BTCUSDT","BTC-260916-76500-C","2026-09-16","76500","CALL","1h","2026-09-13 14:00:00","2026-09-13 22:00:00","1300.000","1300.000","1300.000","1300.000","1.33","2026-09-13 14:59:59","2026-09-13 22:59:59","1729.00000","1","1.33","1729.00000"
"all-available","Asia/Taipei","BTCUSDT","BTC-260916-76500-C","2026-09-16","76500","CALL","1h","2026-09-13 15:00:00","2026-09-13 23:00:00","1300.000","1300.000","1300.000","1300.000","0.00","2026-09-13 15:59:59","2026-09-13 23:59:59","0.00000","0","0.00","0.00000"
"all-available","Asia/Taipei","BTCUSDT","BTC-260916-76500-C","2026-09-16","76500","CALL","1h","2026-09-13 16:00:00","2026-09-14 00:00:00","1300.000","1300.000","1300.000","1300.000","0.00","2026-09-13 16:59:59","2026-09-14 00:59:59","0.00000","0","0.00","0.00000"
"all-available","Asia/Taipei","BTCUSDT","BTC-260916-76500-C","2026-09-16","76500","CALL","1h","2026-09-13 17:00:00","2026-09-14 01:00:00","1300.000","1300.000","1300.000","1300.000","0.00","2026-09-13 17:59:59","2026-09-14 01:59:59","0.00000","0","0.00","0.00000"
"all-available","Asia/Taipei","BTCUSDT","BTC-260916-76500-C","2026-09-16","76500","CALL","1h","2026-09-13 18:00:00","2026-09-14 02:00:00","1300.000","1300.000","1300.000","1300.000","0.00","2026-09-13 18:59:59","2026-09-14 02:59:59","0.00000","0","0.00","0.00000"
"all-available","Asia/Taipei","BTCUSDT","BTC-260916-76500-C","2026-09-16","76500","CALL","1h","2026-09-13 19:00:00","2026-09-14 03:00:00","1300.000","1300.000","1300.000","1300.000","0.00","2026-09-13 19:59:59","2026-09-14 03:59:59","0.00000","0","0.00","0.00000"
"all-available","Asia/Taipei","BTCUSDT","BTC-260916-76500-C","2026-09-16","76500","CALL","1h","2026-09-13 20:00:00","2026-09-14 04:00:00","1300.000","1300.000","1300.000","1300.000","0.00","2026-09-13 20:59:59","2026-09-14 04:59:59","0.00000","0","0.00","0.00000"
"all-available","Asia/Taipei","BTCUSDT","BTC-260916-76500-C","2026-09-16","76500","CALL","1h","2026-09-13 21:00:00","2026-09-14 05:00:00","1300.000","1300.000","1300.000","1300.000","0.00","2026-09-13 21:59:59","2026-09-14 05:59:59","0.00000","0","0.00","0.00000"
"all-available","Asia/Taipei","BTCUSDT","BTC-260916-76500-C","2026-09-16","76500","CALL","1h","2026-09-13 22:00:00","2026-09-14 06:00:00","1125.000","1125.000","1000.000","1040.000","4.07","2026-09-13 22:59:59","2026-09-14 06:59:59","4244.80000","15","1.33","1363.75000"
"all-available","Asia/Taipei","BTCUSDT","BTC-260916-76500-C","2026-09-16","76500","CALL","1h","2026-09-13 23:00:00","2026-09-14 07:00:00","1040.000","1040.000","1040.000","1040.000","0.00","2026-09-13 23:59:59","2026-09-14 07:59:59","0.00000","0","0.00","0.00000"
"all-available","Asia/Taipei","BTCUSDT","BTC-260916-76500-C","2026-09-16","76500","CALL","1h","2026-09-14 00:00:00","2026-09-14 08:00:00","895.000","995.000","880.000","995.000","2.11","2026-09-14 00:59:59","2026-09-14 08:59:59","2084.65000","4","0.00","0.00000"
"all-available","Asia/Taipei","BTCUSDT","BTC-260916-76500-C","2026-09-16","76500","CALL","1h","2026-09-14 01:00:00","2026-09-14 09:00:00","995.000","995.000","995.000","995.000","0.00","2026-09-14 01:59:59","2026-09-14 09:59:59","0.00000","0","0.00","0.00000"
"all-available","Asia/Taipei","BTCUSDT","BTC-260916-76500-C","2026-09-16","76500","CALL","1h","2026-09-14 02:00:00","2026-09-14 10:00:00","1110.000","1110.000","1110.000","1110.000","0.01","2026-09-14 02:59:59","2026-09-14 10:59:59","11.10000","1","0.01","11.10000"
"all-available","Asia/Taipei","BTCUSDT","BTC-260916-76500-C","2026-09-16","76500","CALL","1h","2026-09-14 03:00:00","2026-09-14 11:00:00","1110.000","1110.000","1110.000","1110.000","0.00","2026-09-14 03:59:59","2026-09-14 11:59:59","0.00000","0","0.00","0.00000"
"all-available","Asia/Taipei","BTCUSDT","BTC-260916-76500-C","2026-09-16","76500","CALL","1h","2026-09-14 04:00:00","2026-09-14 12:00:00","1110.000","1110.000","1110.000","1110.000","0.00","2026-09-14 04:59:59","2026-09-14 12:59:59","0.00000","0","0.00","0.00000"
"all-available","Asia/Taipei","BTCUSDT","BTC-260916-76500-C","2026-09-16","76500","CALL","1h","2026-09-14 05:00:00","2026-09-14 13:00:00","1110.000","1110.000","1110.000","1110.000","0.00","2026-09-14 05:59:59","2026-09-14 13:59:59","0.00000","0","0.00","0.00000"
"all-available","Asia/Taipei","BTCUSDT","BTC-260916-76500-C","2026-09-16","76500","CALL","1h","2026-09-14 06:00:00","2026-09-14 14:00:00","1110.000","1110.000","1110.000","1110.000","0.00","2026-09-14 06:59:59","2026-09-14 14:59:59","0.00000","0","0.00","0.00000"
"all-available","Asia/Taipei","BTCUSDT","BTC-260916-76500-C","2026-09-16","76500","CALL","1h","2026-09-14 07:00:00","2026-09-14 15:00:00","1110.000","1110.000","1110.000","1110.000","0.00","2026-09-14 07:59:59","2026-09-14 15:59:59","0.00000","0","0.00","0.00000"
"all-available","Asia/Taipei","BTCUSDT","BTC-260916-76500-C","2026-09-16","76500","CALL","1h","2026-09-14 08:00:00","2026-09-14 16:00:00","1110.000","1110.000","1110.000","1110.000","0.00","2026-09-14 08:59:59","2026-09-14 16:59:59","0.00000","0","0.00","0.00000"
"all-available","Asia/Taipei","BTCUSDT","BTC-260916-76500-C","2026-09-16","76500","CALL","1h","2026-09-14 09:00:00","2026-09-14 17:00:00","1110.000","1110.000","1110.000","1110.000","0.00","2026-09-14 09:59:59","2026-09-14 17:59:59","0.00000","0","0.00","0.00000"
"all-available","Asia/Taipei","BTCUSDT","BTC-260916-76500-C","2026-09-16","76500","CALL","1h","2026-09-14 10:00:00","2026-09-14 18:00:00","1110.000","1110.000","1110.000","1110.000","0.00","2026-09-14 10:59:59","2026-09-14 18:59:59","0.00000","0","0.00","0.00000"
"all-available","Asia/Taipei","BTCUSDT","BTC-260916-76500-C","2026-09-16","76500","CALL","1h","2026-09-14 11:00:00","2026-09-14 19:00:00","1110.000","1110.000","1110.000","1110.000","0.00","2026-09-14 11:59:59","2026-09-14 19:59:59","0.00000","0","0.00","0.00000"
"all-available","Asia/Taipei","BTCUSDT","BTC-260916-76500-C","2026-09-16","76500","CALL","1h","2026-09-14 12:00:00","2026-09-14 20:00:00","1110.000","1110.000","1110.000","1110.000","0.00","2026-09-14 12:59:59","2026-09-14 20:59:59","0.00000","0","0.00","0.00000"
"all-available","Asia/Taipei","BTCUSDT","BTC-260916-76500-C","2026-09-16","76500","CALL","1h","2026-09-14 13:00:00","2026-09-14 21:00:00","1110.000","1110.000","1110.000","1110.000","0.00","2026-09-14 13:59:59","2026-09-14 21:59:59","0.00000","0","0.00","0.00000"
"all-available","Asia/Taipei","BTCUSDT","BTC-260916-76500-C","2026-09-16","76500","CALL","1h","2026-09-14 14:00:00","2026-09-14 22:00:00","1110.000","1110.000","1110.000","1110.000","0.00","2026-09-14 14:59:59","2026-09-14 22:59:59","0.00000","0","0.00","0.00000"
"all-available","Asia/Taipei","BTCUSDT","BTC-260916-76500-C","2026-09-16","76500","CALL","1h","2026-09-14 15:00:00","2026-09-14 23:00:00","1110.000","1110.000","1110.000","1110.000","0.00","2026-09-14 15:59:59","2026-09-14 23:59:59","0.00000","0","0.00","0.00000"
"all-available","Asia/Taipei","BTCUSDT","BTC-260916-76500-C","2026-09-16","76500","CALL","1h","2026-09-14 16:00:00","2026-09-15 00:00:00","1110.000","1110.000","1110.000","1110.000","0.00","2026-09-14 16:59:59","2026-09-15 00:59:59","0.00000","0","0.00","0.00000"
"all-available","Asia/Taipei","BTCUSDT","BTC-260916-76500-C","2026-09-16","76500","CALL","1h","2026-09-14 17:00:00","2026-09-15 01:00:00","1110.000","1110.000","1110.000","1110.000","0.00","2026-09-14 17:59:59","2026-09-15 01:59:59","0.00000","0","0.00","0.00000"
"all-available","Asia/Taipei","BTCUSDT","BTC-260916-76500-C","2026-09-16","76500","CALL","1h","2026-09-14 18:00:00","2026-09-15 02:00:00","1110.000","1110.000","1110.000","1110.000","0.00","2026-09-14 18:59:59","2026-09-15 02:59:59","0.00000","0","0.00","0.00000"
"all-available","Asia/Taipei","BTCUSDT","BTC-260916-76500-C","2026-09-16","76500","CALL","1h","2026-09-14 19:00:00","2026-09-15 03:00:00","1110.000","1110.000","1110.000","1110.000","0.00","2026-09-14 19:59:59","2026-09-15 03:59:59","0.00000","0","0.00","0.00000"
"all-available","Asia/Taipei","BTCUSDT","BTC-260916-76500-C","2026-09-16","76500","CALL","1h","2026-09-14 20:00:00","2026-09-15 04:00:00","1110.000","1110.000","1110.000","1110.000","0.00","2026-09-14 20:59:59","2026-09-15 04:59:59","0.00000","0","0.00","0.00000"
"all-available","Asia/Taipei","BTCUSDT","BTC-260916-76500-C","2026-09-16","76500","CALL","1h","2026-09-14 21:00:00","2026-09-15 05:00:00","1110.000","1110.000","1110.000","1110.000","0.00","2026-09-14 21:59:59","2026-09-15 05:59:59","0.00000","0","0.00","0.00000"
"all-available","Asia/Taipei","BTCUSDT","BTC-260916-76500-C","2026-09-16","76500","CALL","1h","2026-09-14 22:00:00","2026-09-15 06:00:00","1110.000","1110.000","1110.000","1110.000","0.00","2026-09-14 22:59:59","2026-09-15 06:59:59","0.00000","0","0.00","0.00000"
"all-available","Asia/Taipei","BTCUSDT","BTC-260916-76500-C","2026-09-16","76500","CALL","1h","2026-09-14 23:00:00","2026-09-15 07:00:00","1110.000","1110.000","1110.000","1110.000","0.00","2026-09-14 23:59:59","2026-09-15 07:59:59","0.00000","0","0.00","0.00000"
"all-available","Asia/Taipei","BTCUSDT","BTC-260916-76500-C","2026-09-16","76500","CALL","1h","2026-09-15 00:00:00","2026-09-15 08:00:00","1110.000","1110.000","1110.000","1110.000","0.00","2026-09-15 00:59:59","2026-09-15 08:59:59","0.00000","0","0.00","0.00000"
"all-available","Asia/Taipei","BTCUSDT","BTC-260916-76500-C","2026-09-16","76500","CALL","1h","2026-09-15 01:00:00","2026-09-15 09:00:00","1110.000","1110.000","1110.000","1110.000","0.00","2026-09-15 01:59:59","2026-09-15 09:59:59","0.00000","0","0.00","0.00000"
"all-available","Asia/Taipei","BTCUSDT","BTC-260916-76500-C","2026-09-16","76500","CALL","1h","2026-09-15 02:00:00","2026-09-15 10:00:00","1110.000","1110.000","1110.000","1110.000","0.00","2026-09-15 02:59:59","2026-09-15 10:59:59","0.00000","0","0.00","0.00000"
"all-available","Asia/Taipei","BTCUSDT","BTC-260916-76500-C","2026-09-16","76500","CALL","1h","2026-09-15 03:00:00","2026-09-15 11:00:00","1110.000","1110.000","1110.000","1110.000","0.00","2026-09-15 03:59:59","2026-09-15 11:59:59","0.00000","0","0.00","0.00000"
"all-available","Asia/Taipei","BTCUSDT","BTC-260916-76500-C","2026-09-16","76500","CALL","1h","2026-09-15 04:00:00","2026-09-15 12:00:00","1110.000","1110.000","1110.000","1110.000","0.00","2026-09-15 04:59:59","2026-09-15 12:59:59","0.00000","0","0.00","0.00000"
"all-available","Asia/Taipei","BTCUSDT","BTC-260916-76500-C","2026-09-16","76500","CALL","1h","2026-09-15 05:00:00","2026-09-15 13:00:00","1110.000","1110.000","1110.000","1110.000","0.00","2026-09-15 05:59:59","2026-09-15 13:59:59","0.00000","0","0.00","0.00000"
"all-available","Asia/Taipei","BTCUSDT","BTC-260916-76500-C","2026-09-16","76500","CALL","1h","2026-09-15 06:00:00","2026-09-15 14:00:00","1110.000","1110.000","1110.000","1110.000","0.00","2026-09-15 06:59:59","2026-09-15 14:59:59","0.00000","0","0.00","0.00000"
"all-available","Asia/Taipei","BTCUSDT","BTC-260916-76500-C","2026-09-16","76500","CALL","1h","2026-09-15 07:00:00","2026-09-15 15:00:00","1020.000","1020.000","990.000","990.000","3.37","2026-09-15 07:59:59","2026-09-15 15:59:59","3381.30000","13","0.00","0.00000"
"all-available","Asia/Taipei","BTCUSDT","BTC-260916-76500-C","2026-09-16","76500","CALL","1h","2026-09-15 08:00:00","2026-09-15 16:00:00","840.000","840.000","840.000","840.000","0.01","2026-09-15 08:59:59","2026-09-15 16:59:59","8.40000","1","0.01","8.40000"
"all-available","Asia/Taipei","BTCUSDT","BTC-260916-76500-C","2026-09-16","76500","CALL","1h","2026-09-15 09:00:00","2026-09-15 17:00:00","830.000","830.000","830.000","830.000","0.08","2026-09-15 09:59:59","2026-09-15 17:59:59","66.40000","1","0.00","0.00000"
"all-available","Asia/Taipei","BTCUSDT","BTC-260916-76500-C","2026-09-16","76500","CALL","1h","2026-09-15 10:00:00","2026-09-15 18:00:00","830.000","830.000","830.000","830.000","0.00","2026-09-15 10:59:59","2026-09-15 18:59:59","0.00000","0","0.00","0.00000"
"all-available","Asia/Taipei","BTCUSDT","BTC-260916-76500-C","2026-09-16","76500","CALL","1h","2026-09-15 11:00:00","2026-09-15 19:00:00","920.000","995.000","910.000","995.000","9.26","2026-09-15 11:59:59","2026-09-15 19:59:59","8806.60000","7","1.26","1146.60000"
"all-available","Asia/Taipei","BTCUSDT","BTC-260916-76500-C","2026-09-16","76500","CALL","1h","2026-09-15 12:00:00","2026-09-15 20:00:00","1025.000","1055.000","995.000","995.000","2.38","2026-09-15 12:59:59","2026-09-15 20:59:59","2437.90000","6","2.18","2235.90000"
"all-available","Asia/Taipei","BTCUSDT","BTC-260916-76500-C","2026-09-16","76500","CALL","1h","2026-09-15 13:00:00","2026-09-15 21:00:00","1040.000","1040.000","615.000","775.000","11.81","2026-09-15 13:59:59","2026-09-15 21:59:59","9772.65000","23","11.79","9758.45000"
"all-available","Asia/Taipei","BTCUSDT","BTC-260916-76500-C","2026-09-16","76500","CALL","1h","2026-09-15 14:00:00","2026-09-15 22:00:00","815.000","815.000","440.000","515.000","6.34","2026-09-15 14:59:59","2026-09-15 22:59:59","4093.40000","22","3.95","2881.15000"
"all-available","Asia/Taipei","BTCUSDT","BTC-260916-76500-C","2026-09-16","76500","CALL","1h","2026-09-15 15:00:00","2026-09-15 23:00:00","515.000","705.000","505.000","675.000","16.06","2026-09-15 15:59:59","2026-09-15 23:59:59","10506.45000","24","15.31","10070.75000"
"all-available","Asia/Taipei","BTCUSDT","BTC-260916-76500-C","2026-09-16","76500","CALL","1h","2026-09-15 16:00:00","2026-09-16 00:00:00","705.000","705.000","565.000","625.000","1.65","2026-09-15 16:59:59","2026-09-16 00:59:59","1108.35000","11","1.39","934.00000"
"all-available","Asia/Taipei","BTCUSDT","BTC-260916-76500-C","2026-09-16","76500","CALL","1h","2026-09-15 17:00:00","2026-09-16 01:00:00","550.000","1095.000","515.000","805.000","5.63","2026-09-15 17:59:59","2026-09-16 01:59:59","4300.85000","25","2.22","1509.25000"
"all-available","Asia/Taipei","BTCUSDT","BTC-260916-76500-C","2026-09-16","76500","CALL","1h","2026-09-15 18:00:00","2026-09-16 02:00:00","905.000","1015.000","145.000","305.000","27.43","2026-09-15 18:59:59","2026-09-16 02:59:59","13609.75000","79","8.66","3432.20000"
"all-available","Asia/Taipei","BTCUSDT","BTC-260916-76500-C","2026-09-16","76500","CALL","1h","2026-09-15 19:00:00","2026-09-16 03:00:00","270.000","355.000","220.000","285.000","14.49","2026-09-15 19:59:59","2026-09-16 03:59:59","3899.80000","24","8.01","2073.35000"
"all-available","Asia/Taipei","BTCUSDT","BTC-260916-76500-C","2026-09-16","76500","CALL","1h","2026-09-15 20:00:00","2026-09-16 04:00:00","285.000","285.000","200.000","225.000","0.62","2026-09-15 20:59:59","2026-09-16 04:59:59","149.85000","5","0.40","100.00000"
"all-available","Asia/Taipei","BTCUSDT","BTC-260916-76500-C","2026-09-16","76500","CALL","1h","2026-09-15 21:00:00","2026-09-16 05:00:00","200.000","200.000","100.000","100.000","0.96","2026-09-15 21:59:59","2026-09-16 05:59:59","159.35000","7","0.81","141.00000"
"all-available","Asia/Taipei","BTCUSDT","BTC-260916-76500-C","2026-09-16","76500","CALL","1h","2026-09-15 22:00:00","2026-09-16 06:00:00","90.000","120.000","60.000","120.000","4.94","2026-09-15 22:59:59","2026-09-16 06:59:59","484.20000","19","3.85","382.70000"
"all-available","Asia/Taipei","BTCUSDT","BTC-260916-76500-C","2026-09-16","76500","CALL","1h","2026-09-15 23:00:00","2026-09-16 07:00:00","140.000","140.000","75.000","80.000","3.46","2026-09-15 23:59:59","2026-09-16 07:59:59","291.45000","17","3.22","264.65000"
"all-available","Asia/Taipei","BTCUSDT","BTC-260916-76500-C","2026-09-16","76500","CALL","1h","2026-09-16 00:00:00","2026-09-16 08:00:00","60.000","75.000","50.000","50.000","3.13","2026-09-16 00:59:59","2026-09-16 08:59:59","182.25000","16","2.01","115.60000"
"all-available","Asia/Taipei","BTCUSDT","BTC-260916-76500-C","2026-09-16","76500","CALL","1h","2026-09-16 01:00:00","2026-09-16 09:00:00","45.000","60.000","20.000","20.000","14.13","2026-09-16 01:59:59","2026-09-16 09:59:59","460.50000","56","4.81","231.00000"
"all-available","Asia/Taipei","BTCUSDT","BTC-260916-76500-C","2026-09-16","76500","CALL","1h","2026-09-16 02:00:00","2026-09-16 10:00:00","20.000","90.000","20.000","90.000","3.08","2026-09-16 02:59:59","2026-09-16 10:59:59","155.90000","22","2.58","120.90000"
"all-available","Asia/Taipei","BTCUSDT","BTC-260916-76500-C","2026-09-16","76500","CALL","1h","2026-09-16 03:00:00","2026-09-16 11:00:00","45.000","60.000","25.000","25.000","4.50","2026-09-16 03:59:59","2026-09-16 11:59:59","206.40000","15","4.43","202.20000"
"all-available","Asia/Taipei","BTCUSDT","BTC-260916-76500-C","2026-09-16","76500","CALL","1h","2026-09-16 04:00:00","2026-09-16 12:00:00","35.000","35.000","15.000","20.000","10.15","2026-09-16 04:59:59","2026-09-16 12:59:59","219.00000","20","3.13","91.60000"
"all-available","Asia/Taipei","BTCUSDT","BTC-260916-76500-C","2026-09-16","76500","CALL","1h","2026-09-16 05:00:00","2026-09-16 13:00:00","15.000","15.000","10.000","15.000","5.29","2026-09-16 05:59:59","2026-09-16 13:59:59","74.30000","19","4.28","64.20000"
"all-available","Asia/Taipei","BTCUSDT","BTC-260916-76500-C","2026-09-16","76500","CALL","1h","2026-09-16 06:00:00","2026-09-16 14:00:00","15.000","15.000","5.000","5.000","315.23","2026-09-16 06:59:59","2026-09-16 14:59:59","1644.15000","31","304.33","1545.65000"
"all-available","Asia/Taipei","BTCUSDT","BTC-260916-76500-C","2026-09-16","76500","CALL","1h","2026-09-16 07:00:00","2026-09-16 15:00:00","5.000","5.000","5.000","5.000","121.22","2026-09-16 07:59:59","2026-09-16 15:59:59","606.10000","55","121.22","606.10000"
"all-available","Asia/Taipei","BTCUSDT","BTC-260916-76500-P","2026-09-16","76500","PUT","1h","2026-09-13 08:00:00","2026-09-13 16:00:00","720.000","720.000","720.000","720.000","0.23","2026-09-13 08:59:59","2026-09-13 16:59:59","165.60000","1","0.23","165.60000"
"all-available","Asia/Taipei","BTCUSDT","BTC-260916-76500-P","2026-09-16","76500","PUT","1h","2026-09-13 09:00:00","2026-09-13 17:00:00","735.000","845.000","735.000","845.000","3.42","2026-09-13 09:59:59","2026-09-13 17:59:59","2582.90000","7","3.42","2582.90000"
"all-available","Asia/Taipei","BTCUSDT","BTC-260916-76500-P","2026-09-16","76500","PUT","1h","2026-09-13 10:00:00","2026-09-13 18:00:00","770.000","800.000","770.000","800.000","0.79","2026-09-13 10:59:59","2026-09-13 18:59:59","626.30000","2","0.79","626.30000"
"all-available","Asia/Taipei","BTCUSDT","BTC-260916-76500-P","2026-09-16","76500","PUT","1h","2026-09-13 11:00:00","2026-09-13 19:00:00","765.000","765.000","765.000","765.000","1.93","2026-09-13 11:59:59","2026-09-13 19:59:59","1476.45000","5","1.93","1476.45000"
"all-available","Asia/Taipei","BTCUSDT","BTC-260916-76500-P","2026-09-16","76500","PUT","1h","2026-09-13 12:00:00","2026-09-13 20:00:00","800.000","800.000","800.000","800.000","0.79","2026-09-13 12:59:59","2026-09-13 20:59:59","632.00000","2","0.79","632.00000"
"all-available","Asia/Taipei","BTCUSDT","BTC-260916-76500-P","2026-09-16","76500","PUT","1h","2026-09-13 13:00:00","2026-09-13 21:00:00","785.000","855.000","785.000","855.000","3.52","2026-09-13 13:59:59","2026-09-13 21:59:59","2921.25000","14","2.88","2374.05000"
"all-available","Asia/Taipei","BTCUSDT","BTC-260916-76500-P","2026-09-16","76500","PUT","1h","2026-09-13 14:00:00","2026-09-13 22:00:00","700.000","700.000","670.000","670.000","0.02","2026-09-13 14:59:59","2026-09-13 22:59:59","13.70000","2","0.01","6.70000"
"all-available","Asia/Taipei","BTCUSDT","BTC-260916-76500-P","2026-09-16","76500","PUT","1h","2026-09-13 15:00:00","2026-09-13 23:00:00","650.000","650.000","650.000","650.000","0.10","2026-09-13 15:59:59","2026-09-13 23:59:59","65.00000","1","0.10","65.00000"
"all-available","Asia/Taipei","BTCUSDT","BTC-260916-76500-P","2026-09-16","76500","PUT","1h","2026-09-13 16:00:00","2026-09-14 00:00:00","595.000","595.000","570.000","570.000","0.06","2026-09-13 16:59:59","2026-09-14 00:59:59","34.45000","2","0.00","0.00000"
"all-available","Asia/Taipei","BTCUSDT","BTC-260916-76500-P","2026-09-16","76500","PUT","1h","2026-09-13 17:00:00","2026-09-14 01:00:00","490.000","530.000","490.000","525.000","0.80","2026-09-13 17:59:59","2026-09-14 01:59:59","412.90000","4","0.00","0.00000"
"all-available","Asia/Taipei","BTCUSDT","BTC-260916-76500-P","2026-09-16","76500","PUT","1h","2026-09-13 18:00:00","2026-09-14 02:00:00","495.000","500.000","495.000","500.000","0.44","2026-09-13 18:59:59","2026-09-14 02:59:59","219.25000","2","0.00","0.00000"
"all-available","Asia/Taipei","BTCUSDT","BTC-260916-76500-P","2026-09-16","76500","PUT","1h","2026-09-13 19:00:00","2026-09-14 03:00:00","500.000","500.000","500.000","500.000","0.00","2026-09-13 19:59:59","2026-09-14 03:59:59","0.00000","0","0.00","0.00000"
"all-available","Asia/Taipei","BTCUSDT","BTC-260916-76500-P","2026-09-16","76500","PUT","1h","2026-09-13 20:00:00","2026-09-14 04:00:00","500.000","500.000","500.000","500.000","0.00","2026-09-13 20:59:59","2026-09-14 04:59:59","0.00000","0","0.00","0.00000"
"all-available","Asia/Taipei","BTCUSDT","BTC-260916-76500-P","2026-09-16","76500","PUT","1h","2026-09-13 21:00:00","2026-09-14 05:00:00","500.000","500.000","500.000","500.000","0.00","2026-09-13 21:59:59","2026-09-14 05:59:59","0.00000","0","0.00","0.00000"
"all-available","Asia/Taipei","BTCUSDT","BTC-260916-76500-P","2026-09-16","76500","PUT","1h","2026-09-13 22:00:00","2026-09-14 06:00:00","625.000","755.000","625.000","755.000","0.58","2026-09-13 22:59:59","2026-09-14 06:59:59","429.35000","4","0.58","429.35000"
"all-available","Asia/Taipei","BTCUSDT","BTC-260916-76500-P","2026-09-16","76500","PUT","1h","2026-09-13 23:00:00","2026-09-14 07:00:00","765.000","765.000","665.000","665.000","3.29","2026-09-13 23:59:59","2026-09-14 07:59:59","2265.40000","9","2.82","1947.30000"
"all-available","Asia/Taipei","BTCUSDT","BTC-260916-76500-P","2026-09-16","76500","PUT","1h","2026-09-14 00:00:00","2026-09-14 08:00:00","650.000","815.000","610.000","710.000","2.47","2026-09-14 00:59:59","2026-09-14 08:59:59","1937.70000","12","1.61","1297.80000"
"all-available","Asia/Taipei","BTCUSDT","BTC-260916-76500-P","2026-09-16","76500","PUT","1h","2026-09-14 01:00:00","2026-09-14 09:00:00","670.000","670.000","585.000","585.000","0.14","2026-09-14 01:59:59","2026-09-14 09:59:59","83.60000","2","0.02","13.40000"
"all-available","Asia/Taipei","BTCUSDT","BTC-260916-76500-P","2026-09-16","76500","PUT","1h","2026-09-14 02:00:00","2026-09-14 10:00:00","450.000","450.000","375.000","375.000","0.46","2026-09-14 02:59:59","2026-09-14 10:59:59","198.95000","4","0.05","19.25000"
"all-available","Asia/Taipei","BTCUSDT","BTC-260916-76500-P","2026-09-16","76500","PUT","1h","2026-09-14 03:00:00","2026-09-14 11:00:00","385.000","385.000","330.000","330.000","0.16","2026-09-14 03:59:59","2026-09-14 11:59:59","60.40000","4","0.12","46.20000"
"all-available","Asia/Taipei","BTCUSDT","BTC-260916-76500-P","2026-09-16","76500","PUT","1h","2026-09-14 04:00:00","2026-09-14 12:00:00","375.000","380.000","375.000","380.000","0.09","2026-09-14 04:59:59","2026-09-14 12:59:59","34.10000","3","0.09","34.10000"
"all-available","Asia/Taipei","BTCUSDT","BTC-260916-76500-P","2026-09-16","76500","PUT","1h","2026-09-14 05:00:00","2026-09-14 13:00:00","380.000","380.000","375.000","375.000","3.41","2026-09-14 05:59:59","2026-09-14 13:59:59","1295.75000","2","0.00","0.00000"
"all-available","Asia/Taipei","BTCUSDT","BTC-260916-76500-P","2026-09-16","76500","PUT","1h","2026-09-14 06:00:00","2026-09-14 14:00:00","390.000","390.000","375.000","375.000","0.12","2026-09-14 06:59:59","2026-09-14 14:59:59","46.65000","2","0.11","42.90000"
"all-available","Asia/Taipei","BTCUSDT","BTC-260916-76500-P","2026-09-16","76500","PUT","1h","2026-09-14 07:00:00","2026-09-14 15:00:00","375.000","375.000","375.000","375.000","0.00","2026-09-14 07:59:59","2026-09-14 15:59:59","0.00000","0","0.00","0.00000"
"all-available","Asia/Taipei","BTCUSDT","BTC-260916-76500-P","2026-09-16","76500","PUT","1h","2026-09-14 08:00:00","2026-09-14 16:00:00","325.000","325.000","285.000","300.000","0.98","2026-09-14 08:59:59","2026-09-14 16:59:59","302.60000","6","0.83","253.85000"
"all-available","Asia/Taipei","BTCUSDT","BTC-260916-76500-P","2026-09-16","76500","PUT","1h","2026-09-14 09:00:00","2026-09-14 17:00:00","300.000","315.000","235.000","235.000","0.25","2026-09-14 09:59:59","2026-09-14 17:59:59","70.00000","3","0.05","15.00000"
"all-available","Asia/Taipei","BTCUSDT","BTC-260916-76500-P","2026-09-16","76500","PUT","1h","2026-09-14 10:00:00","2026-09-14 18:00:00","225.000","245.000","225.000","245.000","1.32","2026-09-14 10:59:59","2026-09-14 18:59:59","313.55000","11","0.18","41.30000"
"all-available","Asia/Taipei","BTCUSDT","BTC-260916-76500-P","2026-09-16","76500","PUT","1h","2026-09-14 11:00:00","2026-09-14 19:00:00","245.000","245.000","245.000","245.000","0.00","2026-09-14 11:59:59","2026-09-14 19:59:59","0.00000","0","0.00","0.00000"
"all-available","Asia/Taipei","BTCUSDT","BTC-260916-76500-P","2026-09-16","76500","PUT","1h","2026-09-14 12:00:00","2026-09-14 20:00:00","265.000","270.000","265.000","270.000","0.41","2026-09-14 12:59:59","2026-09-14 20:59:59","110.65000","2","0.41","110.65000"
"all-available","Asia/Taipei","BTCUSDT","BTC-260916-76500-P","2026-09-16","76500","PUT","1h","2026-09-14 13:00:00","2026-09-14 21:00:00","300.000","340.000","195.000","200.000","2.05","2026-09-14 13:59:59","2026-09-14 21:59:59","611.30000","12","0.88","218.50000"
"all-available","Asia/Taipei","BTCUSDT","BTC-260916-76500-P","2026-09-16","76500","PUT","1h","2026-09-14 14:00:00","2026-09-14 22:00:00","150.000","160.000","150.000","150.000","1.13","2026-09-14 14:59:59","2026-09-14 22:59:59","179.70000","6","1.11","176.70000"
"all-available","Asia/Taipei","BTCUSDT","BTC-260916-76500-P","2026-09-16","76500","PUT","1h","2026-09-14 15:00:00","2026-09-14 23:00:00","135.000","135.000","125.000","125.000","1.14","2026-09-14 15:59:59","2026-09-14 23:59:59","143.90000","4","1.00","125.00000"
"all-available","Asia/Taipei","BTCUSDT","BTC-260916-76500-P","2026-09-16","76500","PUT","1h","2026-09-14 16:00:00","2026-09-15 00:00:00","100.000","100.000","100.000","100.000","1.18","2026-09-14 16:59:59","2026-09-15 00:59:59","118.00000","5","1.00","100.00000"
"all-available","Asia/Taipei","BTCUSDT","BTC-260916-76500-P","2026-09-16","76500","PUT","1h","2026-09-14 17:00:00","2026-09-15 01:00:00","95.000","95.000","85.000","85.000","1.21","2026-09-14 17:59:59","2026-09-15 01:59:59","104.35000","4","1.20","103.45000"
"all-available","Asia/Taipei","BTCUSDT","BTC-260916-76500-P","2026-09-16","76500","PUT","1h","2026-09-14 18:00:00","2026-09-15 02:00:00","75.000","80.000","75.000","80.000","0.18","2026-09-14 18:59:59","2026-09-15 02:59:59","13.90000","2","0.00","0.00000"
"all-available","Asia/Taipei","BTCUSDT","BTC-260916-76500-P","2026-09-16","76500","PUT","1h","2026-09-14 19:00:00","2026-09-15 03:00:00","80.000","80.000","80.000","80.000","0.00","2026-09-14 19:59:59","2026-09-15 03:59:59","0.00000","0","0.00","0.00000"
"all-available","Asia/Taipei","BTCUSDT","BTC-260916-76500-P","2026-09-16","76500","PUT","1h","2026-09-14 20:00:00","2026-09-15 04:00:00","60.000","60.000","55.000","55.000","2.25","2026-09-14 20:59:59","2026-09-15 04:59:59","128.60000","3","0.97","58.20000"
"all-available","Asia/Taipei","BTCUSDT","BTC-260916-76500-P","2026-09-16","76500","PUT","1h","2026-09-14 21:00:00","2026-09-15 05:00:00","55.000","55.000","55.000","55.000","0.00","2026-09-14 21:59:59","2026-09-15 05:59:59","0.00000","0","0.00","0.00000"
"all-available","Asia/Taipei","BTCUSDT","BTC-260916-76500-P","2026-09-16","76500","PUT","1h","2026-09-14 22:00:00","2026-09-15 06:00:00","115.000","115.000","115.000","115.000","1.00","2026-09-14 22:59:59","2026-09-15 06:59:59","115.00000","1","0.00","0.00000"
"all-available","Asia/Taipei","BTCUSDT","BTC-260916-76500-P","2026-09-16","76500","PUT","1h","2026-09-14 23:00:00","2026-09-15 07:00:00","145.000","145.000","145.000","145.000","0.08","2026-09-14 23:59:59","2026-09-15 07:59:59","11.60000","2","0.00","0.00000"
"all-available","Asia/Taipei","BTCUSDT","BTC-260916-76500-P","2026-09-16","76500","PUT","1h","2026-09-15 00:00:00","2026-09-15 08:00:00","165.000","200.000","165.000","200.000","10.37","2026-09-15 00:59:59","2026-09-15 08:59:59","2026.40000","8","10.37","2026.40000"
"all-available","Asia/Taipei","BTCUSDT","BTC-260916-76500-P","2026-09-16","76500","PUT","1h","2026-09-15 01:00:00","2026-09-15 09:00:00","230.000","230.000","230.000","230.000","0.50","2026-09-15 01:59:59","2026-09-15 09:59:59","115.00000","1","0.00","0.00000"
"all-available","Asia/Taipei","BTCUSDT","BTC-260916-76500-P","2026-09-16","76500","PUT","1h","2026-09-15 02:00:00","2026-09-15 10:00:00","230.000","230.000","230.000","230.000","0.00","2026-09-15 02:59:59","2026-09-15 10:59:59","0.00000","0","0.00","0.00000"
"all-available","Asia/Taipei","BTCUSDT","BTC-260916-76500-P","2026-09-16","76500","PUT","1h","2026-09-15 03:00:00","2026-09-15 11:00:00","230.000","230.000","230.000","230.000","0.00","2026-09-15 03:59:59","2026-09-15 11:59:59","0.00000","0","0.00","0.00000"
"all-available","Asia/Taipei","BTCUSDT","BTC-260916-76500-P","2026-09-16","76500","PUT","1h","2026-09-15 04:00:00","2026-09-15 12:00:00","225.000","250.000","225.000","245.000","0.50","2026-09-15 04:59:59","2026-09-15 12:59:59","121.50000","5","0.50","121.50000"
"all-available","Asia/Taipei","BTCUSDT","BTC-260916-76500-P","2026-09-16","76500","PUT","1h","2026-09-15 05:00:00","2026-09-15 13:00:00","270.000","320.000","270.000","290.000","9.87","2026-09-15 05:59:59","2026-09-15 13:59:59","2735.60000","9","7.99","2157.50000"
"all-available","Asia/Taipei","BTCUSDT","BTC-260916-76500-P","2026-09-16","76500","PUT","1h","2026-09-15 06:00:00","2026-09-15 14:00:00","230.000","340.000","220.000","340.000","0.26","2026-09-15 06:59:59","2026-09-15 14:59:59","81.70000","4","0.00","0.00000"
"all-available","Asia/Taipei","BTCUSDT","BTC-260916-76500-P","2026-09-16","76500","PUT","1h","2026-09-15 07:00:00","2026-09-15 15:00:00","350.000","420.000","325.000","420.000","4.35","2026-09-15 07:59:59","2026-09-15 15:59:59","1649.60000","23","1.67","587.45000"
"all-available","Asia/Taipei","BTCUSDT","BTC-260916-76500-P","2026-09-16","76500","PUT","1h","2026-09-15 08:00:00","2026-09-15 16:00:00","420.000","495.000","355.000","355.000","15.90","2026-09-15 08:59:59","2026-09-15 16:59:59","6879.25000","46","8.64","3877.05000"
"all-available","Asia/Taipei","BTCUSDT","BTC-260916-76500-P","2026-09-16","76500","PUT","1h","2026-09-15 09:00:00","2026-09-15 17:00:00","385.000","405.000","330.000","340.000","11.84","2026-09-15 09:59:59","2026-09-15 17:59:59","4172.10000","19","10.68","3723.30000"
"all-available","Asia/Taipei","BTCUSDT","BTC-260916-76500-P","2026-09-16","76500","PUT","1h","2026-09-15 10:00:00","2026-09-15 18:00:00","340.000","390.000","300.000","355.000","9.16","2026-09-15 10:59:59","2026-09-15 18:59:59","3424.95000","22","4.59","1671.15000"
"all-available","Asia/Taipei","BTCUSDT","BTC-260916-76500-P","2026-09-16","76500","PUT","1h","2026-09-15 11:00:00","2026-09-15 19:00:00","345.000","580.000","345.000","580.000","12.18","2026-09-15 11:59:59","2026-09-15 19:59:59","5282.35000","28","11.05","4821.45000"
"all-available","Asia/Taipei","BTCUSDT","BTC-260916-76500-P","2026-09-16","76500","PUT","1h","2026-09-15 12:00:00","2026-09-15 20:00:00","600.000","620.000","500.000","510.000","10.36","2026-09-15 12:59:59","2026-09-15 20:59:59","5920.95000","17","5.31","2942.00000"
"all-available","Asia/Taipei","BTCUSDT","BTC-260916-76500-P","2026-09-16","76500","PUT","1h","2026-09-15 13:00:00","2026-09-15 21:00:00","510.000","900.000","510.000","765.000","15.57","2026-09-15 13:59:59","2026-09-15 21:59:59","12439.05000","40","7.16","5791.90000"
"all-available","Asia/Taipei","BTCUSDT","BTC-260916-76500-P","2026-09-16","76500","PUT","1h","2026-09-15 14:00:00","2026-09-15 22:00:00","705.000","1200.000","705.000","995.000","21.47","2026-09-15 14:59:59","2026-09-15 22:59:59","22640.05000","38","12.23","12647.55000"
"all-available","Asia/Taipei","BTCUSDT","BTC-260916-76500-P","2026-09-16","76500","PUT","1h","2026-09-15 15:00:00","2026-09-15 23:00:00","920.000","950.000","685.000","685.000","13.27","2026-09-15 15:59:59","2026-09-15 23:59:59","9695.25000","24","6.48","4825.25000"
"all-available","Asia/Taipei","BTCUSDT","BTC-260916-76500-P","2026-09-16","76500","PUT","1h","2026-09-15 16:00:00","2026-09-16 00:00:00","630.000","655.000","630.000","655.000","1.14","2026-09-15 16:59:59","2026-09-16 00:59:59","726.20000","2","1.14","726.20000"
"all-available","Asia/Taipei","BTCUSDT","BTC-260916-76500-P","2026-09-16","76500","PUT","1h","2026-09-15 17:00:00","2026-09-16 01:00:00","530.000","530.000","315.000","440.000","8.22","2026-09-15 17:59:59","2026-09-16 01:59:59","3867.15000","22","2.00","742.70000"
"all-available","Asia/Taipei","BTCUSDT","BTC-260916-76500-P","2026-09-16","76500","PUT","1h","2026-09-15 18:00:00","2026-09-16 02:00:00","460.000","1500.000","380.000","1500.000","22.57","2026-09-15 18:59:59","2026-09-16 02:59:59","13432.85000","53","11.23","7651.80000"
"all-available","Asia/Taipei","BTCUSDT","BTC-260916-76500-P","2026-09-16","76500","PUT","1h","2026-09-15 19:00:00","2026-09-16 03:00:00","700.000","800.000","625.000","800.000","11.71","2026-09-15 19:59:59","2026-09-16 03:59:59","7965.25000","18","11.71","7965.25000"
"all-available","Asia/Taipei","BTCUSDT","BTC-260916-76500-P","2026-09-16","76500","PUT","1h","2026-09-15 20:00:00","2026-09-16 04:00:00","820.000","855.000","740.000","740.000","0.93","2026-09-15 20:59:59","2026-09-16 04:59:59","765.50000","11","0.93","765.50000"
"all-available","Asia/Taipei","BTCUSDT","BTC-260916-76500-P","2026-09-16","76500","PUT","1h","2026-09-15 21:00:00","2026-09-16 05:00:00","740.000","740.000","740.000","740.000","0.41","2026-09-15 21:59:59","2026-09-16 05:59:59","303.40000","8","0.41","303.40000"
"all-available","Asia/Taipei","BTCUSDT","BTC-260916-76500-P","2026-09-16","76500","PUT","1h","2026-09-15 22:00:00","2026-09-16 06:00:00","740.000","740.000","740.000","740.000","0.00","2026-09-15 22:59:59","2026-09-16 06:59:59","0.00000","0","0.00","0.00000"
"all-available","Asia/Taipei","BTCUSDT","BTC-260916-76500-P","2026-09-16","76500","PUT","1h","2026-09-15 23:00:00","2026-09-16 07:00:00","720.000","720.000","720.000","720.000","0.03","2026-09-15 23:59:59","2026-09-16 07:59:59","21.60000","1","0.00","0.00000"
"all-available","Asia/Taipei","BTCUSDT","BTC-260916-76500-P","2026-09-16","76500","PUT","1h","2026-09-16 00:00:00","2026-09-16 08:00:00","720.000","720.000","720.000","720.000","0.00","2026-09-16 00:59:59","2026-09-16 08:59:59","0.00000","0","0.00","0.00000"
"all-available","Asia/Taipei","BTCUSDT","BTC-260916-76500-P","2026-09-16","76500","PUT","1h","2026-09-16 01:00:00","2026-09-16 09:00:00","710.000","710.000","710.000","710.000","0.01","2026-09-16 01:59:59","2026-09-16 09:59:59","7.10000","1","0.01","7.10000"
"all-available","Asia/Taipei","BTCUSDT","BTC-260916-76500-P","2026-09-16","76500","PUT","1h","2026-09-16 02:00:00","2026-09-16 10:00:00","640.000","640.000","640.000","640.000","0.01","2026-09-16 02:59:59","2026-09-16 10:59:59","6.40000","1","0.00","0.00000"
"all-available","Asia/Taipei","BTCUSDT","BTC-260916-76500-P","2026-09-16","76500","PUT","1h","2026-09-16 03:00:00","2026-09-16 11:00:00","640.000","640.000","640.000","640.000","0.01","2026-09-16 03:59:59","2026-09-16 11:59:59","6.40000","1","0.01","6.40000"
"all-available","Asia/Taipei","BTCUSDT","BTC-260916-76500-P","2026-09-16","76500","PUT","1h","2026-09-16 04:00:00","2026-09-16 12:00:00","640.000","640.000","640.000","640.000","0.00","2026-09-16 04:59:59","2026-09-16 12:59:59","0.00000","0","0.00","0.00000"
"all-available","Asia/Taipei","BTCUSDT","BTC-260916-76500-P","2026-09-16","76500","PUT","1h","2026-09-16 05:00:00","2026-09-16 13:00:00","655.000","655.000","655.000","655.000","0.01","2026-09-16 05:59:59","2026-09-16 13:59:59","6.55000","1","0.00","0.00000"
"all-available","Asia/Taipei","BTCUSDT","BTC-260916-76500-P","2026-09-16","76500","PUT","1h","2026-09-16 06:00:00","2026-09-16 14:00:00","655.000","655.000","655.000","655.000","0.00","2026-09-16 06:59:59","2026-09-16 14:59:59","0.00000","0","0.00","0.00000"
"all-available","Asia/Taipei","BTCUSDT","BTC-260916-76500-P","2026-09-16","76500","PUT","1h","2026-09-16 07:00:00","2026-09-16 15:00:00","655.000","655.000","655.000","655.000","0.00","2026-09-16 07:59:59","2026-09-16 15:59:59","0.00000","0","0.00","0.00000"
"all-available","Asia/Taipei","BTCUSDT","BTC-260916-77000-C","2026-09-16","77000","CALL","1h","2026-09-13 08:00:00","2026-09-13 16:00:00","825.000","825.000","825.000","825.000","1.28","2026-09-13 08:59:59","2026-09-13 16:59:59","1056.00000","2","1.28","1056.00000"
"all-available","Asia/Taipei","BTCUSDT","BTC-260916-77000-C","2026-09-16","77000","CALL","1h","2026-09-13 09:00:00","2026-09-13 17:00:00","825.000","825.000","825.000","825.000","0.00","2026-09-13 09:59:59","2026-09-13 17:59:59","0.00000","0","0.00","0.00000"
"all-available","Asia/Taipei","BTCUSDT","BTC-260916-77000-C","2026-09-16","77000","CALL","1h","2026-09-13 10:00:00","2026-09-13 18:00:00","785.000","785.000","765.000","770.000","0.64","2026-09-13 10:59:59","2026-09-13 18:59:59","494.70000","3","0.64","494.70000"
"all-available","Asia/Taipei","BTCUSDT","BTC-260916-77000-C","2026-09-16","77000","CALL","1h","2026-09-13 11:00:00","2026-09-13 19:00:00","755.000","755.000","755.000","755.000","0.50","2026-09-13 11:59:59","2026-09-13 19:59:59","377.50000","1","0.50","377.50000"
"all-available","Asia/Taipei","BTCUSDT","BTC-260916-77000-C","2026-09-16","77000","CALL","1h","2026-09-13 12:00:00","2026-09-13 20:00:00","755.000","755.000","755.000","755.000","0.00","2026-09-13 12:59:59","2026-09-13 20:59:59","0.00000","0","0.00","0.00000"
"all-available","Asia/Taipei","BTCUSDT","BTC-260916-77000-C","2026-09-16","77000","CALL","1h","2026-09-13 13:00:00","2026-09-13 21:00:00","745.000","745.000","745.000","745.000","0.01","2026-09-13 13:59:59","2026-09-13 21:59:59","7.45000","1","0.01","7.45000"
"all-available","Asia/Taipei","BTCUSDT","BTC-260916-77000-C","2026-09-16","77000","CALL","1h","2026-09-13 14:00:00","2026-09-13 22:00:00","745.000","745.000","745.000","745.000","0.00","2026-09-13 14:59:59","2026-09-13 22:59:59","0.00000","0","0.00","0.00000"
"all-available","Asia/Taipei","BTCUSDT","BTC-260916-77000-C","2026-09-16","77000","CALL","1h","2026-09-13 15:00:00","2026-09-13 23:00:00","960.000","995.000","940.000","995.000","2.07","2026-09-13 15:59:59","2026-09-13 23:59:59","2035.05000","9","0.00","0.00000"
"all-available","Asia/Taipei","BTCUSDT","BTC-260916-77000-C","2026-09-16","77000","CALL","1h","2026-09-13 16:00:00","2026-09-14 00:00:00","1025.000","1080.000","1025.000","1080.000","0.96","2026-09-13 16:59:59","2026-09-14 00:59:59","1003.80000","3","0.00","0.00000"
"all-available","Asia/Taipei","BTCUSDT","BTC-260916-77000-C","2026-09-16","77000","CALL","1h","2026-09-13 17:00:00","2026-09-14 01:00:00","1025.000","1025.000","1025.000","1025.000","0.31","2026-09-13 17:59:59","2026-09-14 01:59:59","317.75000","1","0.00","0.00000"
"all-available","Asia/Taipei","BTCUSDT","BTC-260916-77000-C","2026-09-16","77000","CALL","1h","2026-09-13 18:00:00","2026-09-14 02:00:00","1025.000","1025.000","1025.000","1025.000","0.00","2026-09-13 18:59:59","2026-09-14 02:59:59","0.00000","0","0.00","0.00000"
"all-available","Asia/Taipei","BTCUSDT","BTC-260916-77000-C","2026-09-16","77000","CALL","1h","2026-09-13 19:00:00","2026-09-14 03:00:00","1050.000","1050.000","1000.000","1000.000","0.09","2026-09-13 19:59:59","2026-09-14 03:59:59","92.25000","3","0.04","42.00000"
"all-available","Asia/Taipei","BTCUSDT","BTC-260916-77000-C","2026-09-16","77000","CALL","1h","2026-09-13 20:00:00","2026-09-14 04:00:00","1000.000","1000.000","1000.000","1000.000","0.00","2026-09-13 20:59:59","2026-09-14 04:59:59","0.00000","0","0.00","0.00000"
"all-available","Asia/Taipei","BTCUSDT","BTC-260916-77000-C","2026-09-16","77000","CALL","1h","2026-09-13 21:00:00","2026-09-14 05:00:00","1000.000","1000.000","1000.000","1000.000","0.00","2026-09-13 21:59:59","2026-09-14 05:59:59","0.00000","0","0.00","0.00000"
"all-available","Asia/Taipei","BTCUSDT","BTC-260916-77000-C","2026-09-16","77000","CALL","1h","2026-09-13 22:00:00","2026-09-14 06:00:00","900.000","900.000","755.000","775.000","5.71","2026-09-13 22:59:59","2026-09-14 06:59:59","4785.30000","9","3.96","3317.80000"
"all-available","Asia/Taipei","BTCUSDT","BTC-260916-77000-C","2026-09-16","77000","CALL","1h","2026-09-13 23:00:00","2026-09-14 07:00:00","715.000","750.000","715.000","750.000","0.52","2026-09-13 23:59:59","2026-09-14 07:59:59","380.90000","2","0.52","380.90000"
"all-available","Asia/Taipei","BTCUSDT","BTC-260916-77000-C","2026-09-16","77000","CALL","1h","2026-09-14 00:00:00","2026-09-14 08:00:00","770.000","770.000","650.000","765.000","7.94","2026-09-14 00:59:59","2026-09-14 08:59:59","5783.00000","9","6.50","4847.00000"
"all-available","Asia/Taipei","BTCUSDT","BTC-260916-77000-C","2026-09-16","77000","CALL","1h","2026-09-14 01:00:00","2026-09-14 09:00:00","685.000","780.000","685.000","780.000","0.56","2026-09-14 01:59:59","2026-09-14 09:59:59","405.50000","3","0.54","389.90000"
"all-available","Asia/Taipei","BTCUSDT","BTC-260916-77000-C","2026-09-16","77000","CALL","1h","2026-09-14 02:00:00","2026-09-14 10:00:00","970.000","970.000","970.000","970.000","0.01","2026-09-14 02:59:59","2026-09-14 10:59:59","9.70000","1","0.00","0.00000"
"all-available","Asia/Taipei","BTCUSDT","BTC-260916-77000-C","2026-09-16","77000","CALL","1h","2026-09-14 03:00:00","2026-09-14 11:00:00","1180.000","1180.000","1180.000","1180.000","1.28","2026-09-14 03:59:59","2026-09-14 11:59:59","1510.40000","1","1.28","1510.40000"
"all-available","Asia/Taipei","BTCUSDT","BTC-260916-77000-C","2026-09-16","77000","CALL","1h","2026-09-14 04:00:00","2026-09-14 12:00:00","1180.000","1180.000","1180.000","1180.000","0.00","2026-09-14 04:59:59","2026-09-14 12:59:59","0.00000","0","0.00","0.00000"
"all-available","Asia/Taipei","BTCUSDT","BTC-260916-77000-C","2026-09-16","77000","CALL","1h","2026-09-14 05:00:00","2026-09-14 13:00:00","1180.000","1180.000","1180.000","1180.000","0.00","2026-09-14 05:59:59","2026-09-14 13:59:59","0.00000","0","0.00","0.00000"
"all-available","Asia/Taipei","BTCUSDT","BTC-260916-77000-C","2026-09-16","77000","CALL","1h","2026-09-14 06:00:00","2026-09-14 14:00:00","1050.000","1085.000","1045.000","1085.000","0.71","2026-09-14 06:59:59","2026-09-14 14:59:59","746.50000","3","0.50","522.50000"
"all-available","Asia/Taipei","BTCUSDT","BTC-260916-77000-C","2026-09-16","77000","CALL","1h","2026-09-14 07:00:00","2026-09-14 15:00:00","1085.000","1085.000","1085.000","1085.000","0.00","2026-09-14 07:59:59","2026-09-14 15:59:59","0.00000","0","0.00","0.00000"
"all-available","Asia/Taipei","BTCUSDT","BTC-260916-77000-C","2026-09-16","77000","CALL","1h","2026-09-14 08:00:00","2026-09-14 16:00:00","1085.000","1085.000","1085.000","1085.000","0.00","2026-09-14 08:59:59","2026-09-14 16:59:59","0.00000","0","0.00","0.00000"
"all-available","Asia/Taipei","BTCUSDT","BTC-260916-77000-C","2026-09-16","77000","CALL","1h","2026-09-14 09:00:00","2026-09-14 17:00:00","1085.000","1085.000","1085.000","1085.000","0.00","2026-09-14 09:59:59","2026-09-14 17:59:59","0.00000","0","0.00","0.00000"
"all-available","Asia/Taipei","BTCUSDT","BTC-260916-77000-C","2026-09-16","77000","CALL","1h","2026-09-14 10:00:00","2026-09-14 18:00:00","1085.000","1085.000","1085.000","1085.000","0.00","2026-09-14 10:59:59","2026-09-14 18:59:59","0.00000","0","0.00","0.00000"
"all-available","Asia/Taipei","BTCUSDT","BTC-260916-77000-C","2026-09-16","77000","CALL","1h","2026-09-14 11:00:00","2026-09-14 19:00:00","1085.000","1085.000","1085.000","1085.000","0.00","2026-09-14 11:59:59","2026-09-14 19:59:59","0.00000","0","0.00","0.00000"
"all-available","Asia/Taipei","BTCUSDT","BTC-260916-77000-C","2026-09-16","77000","CALL","1h","2026-09-14 12:00:00","2026-09-14 20:00:00","1085.000","1085.000","1085.000","1085.000","0.00","2026-09-14 12:59:59","2026-09-14 20:59:59","0.00000","0","0.00","0.00000"
"all-available","Asia/Taipei","BTCUSDT","BTC-260916-77000-C","2026-09-16","77000","CALL","1h","2026-09-14 13:00:00","2026-09-14 21:00:00","1085.000","1085.000","1085.000","1085.000","0.00","2026-09-14 13:59:59","2026-09-14 21:59:59","0.00000","0","0.00","0.00000"
"all-available","Asia/Taipei","BTCUSDT","BTC-260916-77000-C","2026-09-16","77000","CALL","1h","2026-09-14 14:00:00","2026-09-14 22:00:00","1085.000","1085.000","1085.000","1085.000","0.00","2026-09-14 14:59:59","2026-09-14 22:59:59","0.00000","0","0.00","0.00000"
"all-available","Asia/Taipei","BTCUSDT","BTC-260916-77000-C","2026-09-16","77000","CALL","1h","2026-09-14 15:00:00","2026-09-14 23:00:00","1085.000","1085.000","1085.000","1085.000","0.00","2026-09-14 15:59:59","2026-09-14 23:59:59","0.00000","0","0.00","0.00000"
"all-available","Asia/Taipei","BTCUSDT","BTC-260916-77000-C","2026-09-16","77000","CALL","1h","2026-09-14 16:00:00","2026-09-15 00:00:00","1085.000","1085.000","1085.000","1085.000","0.00","2026-09-14 16:59:59","2026-09-15 00:59:59","0.00000","0","0.00","0.00000"
"all-available","Asia/Taipei","BTCUSDT","BTC-260916-77000-C","2026-09-16","77000","CALL","1h","2026-09-14 17:00:00","2026-09-15 01:00:00","1085.000","1085.000","1085.000","1085.000","0.00","2026-09-14 17:59:59","2026-09-15 01:59:59","0.00000","0","0.00","0.00000"
"all-available","Asia/Taipei","BTCUSDT","BTC-260916-77000-C","2026-09-16","77000","CALL","1h","2026-09-14 18:00:00","2026-09-15 02:00:00","2130.000","2280.000","2130.000","2280.000","1.75","2026-09-14 18:59:59","2026-09-15 02:59:59","3877.50000","4","1.75","3877.50000"
"all-available","Asia/Taipei","BTCUSDT","BTC-260916-77000-C","2026-09-16","77000","CALL","1h","2026-09-14 19:00:00","2026-09-15 03:00:00","2280.000","2280.000","2280.000","2280.000","0.00","2026-09-14 19:59:59","2026-09-15 03:59:59","0.00000","0","0.00","0.00000"
"all-available","Asia/Taipei","BTCUSDT","BTC-260916-77000-C","2026-09-16","77000","CALL","1h","2026-09-14 20:00:00","2026-09-15 04:00:00","2280.000","2280.000","2280.000","2280.000","0.00","2026-09-14 20:59:59","2026-09-15 04:59:59","0.00000","0","0.00","0.00000"
"all-available","Asia/Taipei","BTCUSDT","BTC-260916-77000-C","2026-09-16","77000","CALL","1h","2026-09-14 21:00:00","2026-09-15 05:00:00","2280.000","2280.000","2280.000","2280.000","0.00","2026-09-14 21:59:59","2026-09-15 05:59:59","0.00000","0","0.00","0.00000"
"all-available","Asia/Taipei","BTCUSDT","BTC-260916-77000-C","2026-09-16","77000","CALL","1h","2026-09-14 22:00:00","2026-09-15 06:00:00","2280.000","2280.000","2280.000","2280.000","0.00","2026-09-14 22:59:59","2026-09-15 06:59:59","0.00000","0","0.00","0.00000"
"all-available","Asia/Taipei","BTCUSDT","BTC-260916-77000-C","2026-09-16","77000","CALL","1h","2026-09-14 23:00:00","2026-09-15 07:00:00","2280.000","2280.000","2280.000","2280.000","0.00","2026-09-14 23:59:59","2026-09-15 07:59:59","0.00000","0","0.00","0.00000"
"all-available","Asia/Taipei","BTCUSDT","BTC-260916-77000-C","2026-09-16","77000","CALL","1h","2026-09-15 00:00:00","2026-09-15 08:00:00","2280.000","2280.000","2280.000","2280.000","0.00","2026-09-15 00:59:59","2026-09-15 08:59:59","0.00000","0","0.00","0.00000"
"all-available","Asia/Taipei","BTCUSDT","BTC-260916-77000-C","2026-09-16","77000","CALL","1h","2026-09-15 01:00:00","2026-09-15 09:00:00","2280.000","2280.000","2280.000","2280.000","0.00","2026-09-15 01:59:59","2026-09-15 09:59:59","0.00000","0","0.00","0.00000"
"all-available","Asia/Taipei","BTCUSDT","BTC-260916-77000-C","2026-09-16","77000","CALL","1h","2026-09-15 02:00:00","2026-09-15 10:00:00","2280.000","2280.000","2280.000","2280.000","0.00","2026-09-15 02:59:59","2026-09-15 10:59:59","0.00000","0","0.00","0.00000"
"all-available","Asia/Taipei","BTCUSDT","BTC-260916-77000-C","2026-09-16","77000","CALL","1h","2026-09-15 03:00:00","2026-09-15 11:00:00","2280.000","2280.000","2280.000","2280.000","0.00","2026-09-15 03:59:59","2026-09-15 11:59:59","0.00000","0","0.00","0.00000"
"all-available","Asia/Taipei","BTCUSDT","BTC-260916-77000-C","2026-09-16","77000","CALL","1h","2026-09-15 04:00:00","2026-09-15 12:00:00","2280.000","2280.000","2280.000","2280.000","0.00","2026-09-15 04:59:59","2026-09-15 12:59:59","0.00000","0","0.00","0.00000"
"all-available","Asia/Taipei","BTCUSDT","BTC-260916-77000-C","2026-09-16","77000","CALL","1h","2026-09-15 05:00:00","2026-09-15 13:00:00","2280.000","2280.000","2280.000","2280.000","0.00","2026-09-15 05:59:59","2026-09-15 13:59:59","0.00000","0","0.00","0.00000"
"all-available","Asia/Taipei","BTCUSDT","BTC-260916-77000-C","2026-09-16","77000","CALL","1h","2026-09-15 06:00:00","2026-09-15 14:00:00","2280.000","2280.000","2280.000","2280.000","0.00","2026-09-15 06:59:59","2026-09-15 14:59:59","0.00000","0","0.00","0.00000"
"all-available","Asia/Taipei","BTCUSDT","BTC-260916-77000-C","2026-09-16","77000","CALL","1h","2026-09-15 07:00:00","2026-09-15 15:00:00","780.000","810.000","575.000","575.000","4.32","2026-09-15 07:59:59","2026-09-15 15:59:59","3150.70000","38","0.41","264.40000"
"all-available","Asia/Taipei","BTCUSDT","BTC-260916-77000-C","2026-09-16","77000","CALL","1h","2026-09-15 08:00:00","2026-09-15 16:00:00","555.000","560.000","495.000","545.000","20.70","2026-09-15 08:59:59","2026-09-15 16:59:59","10705.25000","51","16.35","8361.35000"
"all-available","Asia/Taipei","BTCUSDT","BTC-260916-77000-C","2026-09-16","77000","CALL","1h","2026-09-15 09:00:00","2026-09-15 17:00:00","560.000","575.000","540.000","575.000","6.79","2026-09-15 09:59:59","2026-09-15 17:59:59","3838.40000","24","0.17","93.85000"
"all-available","Asia/Taipei","BTCUSDT","BTC-260916-77000-C","2026-09-16","77000","CALL","1h","2026-09-15 10:00:00","2026-09-15 18:00:00","545.000","620.000","540.000","620.000","26.15","2026-09-15 10:59:59","2026-09-15 18:59:59","14356.05000","20","21.07","11379.25000"
"all-available","Asia/Taipei","BTCUSDT","BTC-260916-77000-C","2026-09-16","77000","CALL","1h","2026-09-15 11:00:00","2026-09-15 19:00:00","670.000","765.000","610.000","765.000","7.13","2026-09-15 11:59:59","2026-09-15 19:59:59","4924.65000","22","2.22","1627.40000"
"all-available","Asia/Taipei","BTCUSDT","BTC-260916-77000-C","2026-09-16","77000","CALL","1h","2026-09-15 12:00:00","2026-09-15 20:00:00","765.000","830.000","745.000","790.000","4.61","2026-09-15 12:59:59","2026-09-15 20:59:59","3574.45000","21","2.93","2288.65000"
"all-available","Asia/Taipei","BTCUSDT","BTC-260916-77000-C","2026-09-16","77000","CALL","1h","2026-09-15 13:00:00","2026-09-15 21:00:00","815.000","815.000","445.000","510.000","10.99","2026-09-15 13:59:59","2026-09-15 21:59:59","5976.35000","35","0.28","161.00000"
"all-available","Asia/Taipei","BTCUSDT","BTC-260916-77000-C","2026-09-16","77000","CALL","1h","2026-09-15 14:00:00","2026-09-15 22:00:00","600.000","600.000","290.000","355.000","6.19","2026-09-15 14:59:59","2026-09-15 22:59:59","2543.80000","31","2.86","1308.55000"
"all-available","Asia/Taipei","BTCUSDT","BTC-260916-77000-C","2026-09-16","77000","CALL","1h","2026-09-15 15:00:00","2026-09-15 23:00:00","355.000","520.000","345.000","495.000","4.90","2026-09-15 15:59:59","2026-09-15 23:59:59","2197.75000","29","3.57","1582.15000"
"all-available","Asia/Taipei","BTCUSDT","BTC-260916-77000-C","2026-09-16","77000","CALL","1h","2026-09-15 16:00:00","2026-09-16 00:00:00","465.000","465.000","390.000","410.000","2.04","2026-09-15 16:59:59","2026-09-16 00:59:59","870.20000","11","0.03","12.30000"
"all-available","Asia/Taipei","BTCUSDT","BTC-260916-77000-C","2026-09-16","77000","CALL","1h","2026-09-15 17:00:00","2026-09-16 01:00:00","345.000","790.000","335.000","650.000","19.94","2026-09-15 17:59:59","2026-09-16 01:59:59","11887.85000","33","16.27","9826.65000"
"all-available","Asia/Taipei","BTCUSDT","BTC-260916-77000-C","2026-09-16","77000","CALL","1h","2026-09-15 18:00:00","2026-09-16 02:00:00","590.000","745.000","65.000","170.000","43.14","2026-09-15 18:59:59","2026-09-16 02:59:59","12713.10000","74","19.46","5330.60000"
"all-available","Asia/Taipei","BTCUSDT","BTC-260916-77000-C","2026-09-16","77000","CALL","1h","2026-09-15 19:00:00","2026-09-16 03:00:00","160.000","200.000","120.000","140.000","1.75","2026-09-15 19:59:59","2026-09-16 03:59:59","272.70000","16","0.64","106.60000"
"all-available","Asia/Taipei","BTCUSDT","BTC-260916-77000-C","2026-09-16","77000","CALL","1h","2026-09-15 20:00:00","2026-09-16 04:00:00","130.000","135.000","80.000","110.000","0.92","2026-09-15 20:59:59","2026-09-16 04:59:59","105.75000","8","0.66","74.20000"
"all-available","Asia/Taipei","BTCUSDT","BTC-260916-77000-C","2026-09-16","77000","CALL","1h","2026-09-15 21:00:00","2026-09-16 05:00:00","65.000","65.000","40.000","40.000","3.20","2026-09-15 21:59:59","2026-09-16 05:59:59","204.00000","13","0.05","3.00000"
"all-available","Asia/Taipei","BTCUSDT","BTC-260916-77000-C","2026-09-16","77000","CALL","1h","2026-09-15 22:00:00","2026-09-16 06:00:00","40.000","50.000","25.000","50.000","5.13","2026-09-15 22:59:59","2026-09-16 06:59:59","194.70000","51","0.83","35.20000"
"all-available","Asia/Taipei","BTCUSDT","BTC-260916-77000-C","2026-09-16","77000","CALL","1h","2026-09-15 23:00:00","2026-09-16 07:00:00","60.000","60.000","30.000","35.000","2.01","2026-09-15 23:59:59","2026-09-16 07:59:59","71.85000","7","1.93","67.05000"
"all-available","Asia/Taipei","BTCUSDT","BTC-260916-77000-C","2026-09-16","77000","CALL","1h","2026-09-16 00:00:00","2026-09-16 08:00:00","20.000","25.000","20.000","20.000","23.91","2026-09-16 00:59:59","2026-09-16 08:59:59","483.35000","24","2.17","48.55000"
"all-available","Asia/Taipei","BTCUSDT","BTC-260916-77000-C","2026-09-16","77000","CALL","1h","2026-09-16 01:00:00","2026-09-16 09:00:00","15.000","15.000","10.000","10.000","2.04","2026-09-16 01:59:59","2026-09-16 09:59:59","25.40000","6","1.00","15.00000"
"all-available","Asia/Taipei","BTCUSDT","BTC-260916-77000-C","2026-09-16","77000","CALL","1h","2026-09-16 02:00:00","2026-09-16 10:00:00","5.000","20.000","5.000","20.000","6.86","2026-09-16 02:59:59","2026-09-16 10:59:59","95.45000","32","6.24","88.30000"
"all-available","Asia/Taipei","BTCUSDT","BTC-260916-77000-C","2026-09-16","77000","CALL","1h","2026-09-16 03:00:00","2026-09-16 11:00:00","20.000","20.000","5.000","5.000","13.33","2026-09-16 03:59:59","2026-09-16 11:59:59","103.35000","20","5.32","63.30000"
"all-available","Asia/Taipei","BTCUSDT","BTC-260916-77000-C","2026-09-16","77000","CALL","1h","2026-09-16 04:00:00","2026-09-16 12:00:00","5.000","5.000","5.000","5.000","11.06","2026-09-16 04:59:59","2026-09-16 12:59:59","55.30000","10","11.06","55.30000"
"all-available","Asia/Taipei","BTCUSDT","BTC-260916-77000-C","2026-09-16","77000","CALL","1h","2026-09-16 05:00:00","2026-09-16 13:00:00","5.000","5.000","5.000","5.000","0.01","2026-09-16 05:59:59","2026-09-16 13:59:59","0.05000","1","0.01","0.05000"
"all-available","Asia/Taipei","BTCUSDT","BTC-260916-77000-C","2026-09-16","77000","CALL","1h","2026-09-16 06:00:00","2026-09-16 14:00:00","5.000","5.000","5.000","5.000","0.50","2026-09-16 06:59:59","2026-09-16 14:59:59","2.50000","2","0.50","2.50000"
"all-available","Asia/Taipei","BTCUSDT","BTC-260916-77000-C","2026-09-16","77000","CALL","1h","2026-09-16 07:00:00","2026-09-16 15:00:00","5.000","5.000","5.000","5.000","0.00","2026-09-16 07:59:59","2026-09-16 15:59:59","0.00000","0","0.00","0.00000"
"all-available","Asia/Taipei","BTCUSDT","BTC-260916-77000-P","2026-09-16","77000","PUT","1h","2026-09-13 08:00:00","2026-09-13 16:00:00","900.000","900.000","900.000","900.000","0.21","2026-09-13 08:59:59","2026-09-13 16:59:59","189.00000","1","0.21","189.00000"
"all-available","Asia/Taipei","BTCUSDT","BTC-260916-77000-P","2026-09-16","77000","PUT","1h","2026-09-13 09:00:00","2026-09-13 17:00:00","900.000","900.000","900.000","900.000","0.00","2026-09-13 09:59:59","2026-09-13 17:59:59","0.00000","0","0.00","0.00000"
"all-available","Asia/Taipei","BTCUSDT","BTC-260916-77000-P","2026-09-16","77000","PUT","1h","2026-09-13 10:00:00","2026-09-13 18:00:00","900.000","900.000","900.000","900.000","0.00","2026-09-13 10:59:59","2026-09-13 18:59:59","0.00000","0","0.00","0.00000"
"all-available","Asia/Taipei","BTCUSDT","BTC-260916-77000-P","2026-09-16","77000","PUT","1h","2026-09-13 11:00:00","2026-09-13 19:00:00","900.000","900.000","900.000","900.000","0.00","2026-09-13 11:59:59","2026-09-13 19:59:59","0.00000","0","0.00","0.00000"
"all-available","Asia/Taipei","BTCUSDT","BTC-260916-77000-P","2026-09-16","77000","PUT","1h","2026-09-13 12:00:00","2026-09-13 20:00:00","900.000","900.000","900.000","900.000","0.00","2026-09-13 12:59:59","2026-09-13 20:59:59","0.00000","0","0.00","0.00000"
"all-available","Asia/Taipei","BTCUSDT","BTC-260916-77000-P","2026-09-16","77000","PUT","1h","2026-09-13 13:00:00","2026-09-13 21:00:00","1080.000","1085.000","1080.000","1085.000","1.34","2026-09-13 13:59:59","2026-09-13 21:59:59","1452.30000","5","1.34","1452.30000"
"all-available","Asia/Taipei","BTCUSDT","BTC-260916-77000-P","2026-09-16","77000","PUT","1h","2026-09-13 14:00:00","2026-09-13 22:00:00","1085.000","1085.000","1085.000","1085.000","0.00","2026-09-13 14:59:59","2026-09-13 22:59:59","0.00000","0","0.00","0.00000"
"all-available","Asia/Taipei","BTCUSDT","BTC-260916-77000-P","2026-09-16","77000","PUT","1h","2026-09-13 15:00:00","2026-09-13 23:00:00","870.000","875.000","870.000","875.000","0.95","2026-09-13 15:59:59","2026-09-13 23:59:59","831.00000","2","0.95","831.00000"
"all-available","Asia/Taipei","BTCUSDT","BTC-260916-77000-P","2026-09-16","77000","PUT","1h","2026-09-13 16:00:00","2026-09-14 00:00:00","815.000","815.000","740.000","740.000","1.79","2026-09-13 16:59:59","2026-09-14 00:59:59","1427.70000","5","1.79","1427.70000"
"all-available","Asia/Taipei","BTCUSDT","BTC-260916-77000-P","2026-09-16","77000","PUT","1h","2026-09-13 17:00:00","2026-09-14 01:00:00","740.000","740.000","740.000","740.000","0.00","2026-09-13 17:59:59","2026-09-14 01:59:59","0.00000","0","0.00","0.00000"
"all-available","Asia/Taipei","BTCUSDT","BTC-260916-77000-P","2026-09-16","77000","PUT","1h","2026-09-13 18:00:00","2026-09-14 02:00:00","680.000","680.000","680.000","680.000","0.02","2026-09-13 18:59:59","2026-09-14 02:59:59","13.60000","1","0.00","0.00000"
"all-available","Asia/Taipei","BTCUSDT","BTC-260916-77000-P","2026-09-16","77000","PUT","1h","2026-09-13 19:00:00","2026-09-14 03:00:00","680.000","680.000","680.000","680.000","0.00","2026-09-13 19:59:59","2026-09-14 03:59:59","0.00000","0","0.00","0.00000"
"all-available","Asia/Taipei","BTCUSDT","BTC-260916-77000-P","2026-09-16","77000","PUT","1h","2026-09-13 20:00:00","2026-09-14 04:00:00","675.000","675.000","675.000","675.000","1.41","2026-09-13 20:59:59","2026-09-14 04:59:59","951.75000","2","1.41","951.75000"
"all-available","Asia/Taipei","BTCUSDT","BTC-260916-77000-P","2026-09-16","77000","PUT","1h","2026-09-13 21:00:00","2026-09-14 05:00:00","695.000","695.000","690.000","690.000","0.04","2026-09-13 21:59:59","2026-09-14 05:59:59","27.70000","2","0.02","13.90000"
"all-available","Asia/Taipei","BTCUSDT","BTC-260916-77000-P","2026-09-16","77000","PUT","1h","2026-09-13 22:00:00","2026-09-14 06:00:00","720.000","995.000","720.000","970.000","3.95","2026-09-13 22:59:59","2026-09-14 06:59:59","3405.45000","10","2.31","1997.05000"
"all-available","Asia/Taipei","BTCUSDT","BTC-260916-77000-P","2026-09-16","77000","PUT","1h","2026-09-13 23:00:00","2026-09-14 07:00:00","1010.000","1010.000","1010.000","1010.000","0.50","2026-09-13 23:59:59","2026-09-14 07:59:59","505.00000","1","0.00","0.00000"
"all-available","Asia/Taipei","BTCUSDT","BTC-260916-77000-P","2026-09-16","77000","PUT","1h","2026-09-14 00:00:00","2026-09-14 08:00:00","1010.000","1010.000","1010.000","1010.000","0.00","2026-09-14 00:59:59","2026-09-14 08:59:59","0.00000","0","0.00","0.00000"
"all-available","Asia/Taipei","BTCUSDT","BTC-260916-77000-P","2026-09-16","77000","PUT","1h","2026-09-14 01:00:00","2026-09-14 09:00:00","1010.000","1010.000","1010.000","1010.000","0.00","2026-09-14 01:59:59","2026-09-14 09:59:59","0.00000","0","0.00","0.00000"
"all-available","Asia/Taipei","BTCUSDT","BTC-260916-77000-P","2026-09-16","77000","PUT","1h","2026-09-14 02:00:00","2026-09-14 10:00:00","550.000","550.000","550.000","550.000","3.66","2026-09-14 02:59:59","2026-09-14 10:59:59","2013.00000","1","3.66","2013.00000"
"all-available","Asia/Taipei","BTCUSDT","BTC-260916-77000-P","2026-09-16","77000","PUT","1h","2026-09-14 03:00:00","2026-09-14 11:00:00","520.000","520.000","475.000","475.000","4.35","2026-09-14 03:59:59","2026-09-14 11:59:59","2073.50000","4","0.00","0.00000"
"all-available","Asia/Taipei","BTCUSDT","BTC-260916-77000-P","2026-09-16","77000","PUT","1h","2026-09-14 04:00:00","2026-09-14 12:00:00","475.000","475.000","475.000","475.000","0.00","2026-09-14 04:59:59","2026-09-14 12:59:59","0.00000","0","0.00","0.00000"
"all-available","Asia/Taipei","BTCUSDT","BTC-260916-77000-P","2026-09-16","77000","PUT","1h","2026-09-14 05:00:00","2026-09-14 13:00:00","475.000","475.000","475.000","475.000","0.00","2026-09-14 05:59:59","2026-09-14 13:59:59","0.00000","0","0.00","0.00000"
"all-available","Asia/Taipei","BTCUSDT","BTC-260916-77000-P","2026-09-16","77000","PUT","1h","2026-09-14 06:00:00","2026-09-14 14:00:00","475.000","475.000","475.000","475.000","0.00","2026-09-14 06:59:59","2026-09-14 14:59:59","0.00000","0","0.00","0.00000"
"all-available","Asia/Taipei","BTCUSDT","BTC-260916-77000-P","2026-09-16","77000","PUT","1h","2026-09-14 07:00:00","2026-09-14 15:00:00","540.000","540.000","540.000","540.000","0.43","2026-09-14 07:59:59","2026-09-14 15:59:59","232.20000","3","0.00","0.00000"
"all-available","Asia/Taipei","BTCUSDT","BTC-260916-77000-P","2026-09-16","77000","PUT","1h","2026-09-14 08:00:00","2026-09-14 16:00:00","540.000","540.000","540.000","540.000","0.00","2026-09-14 08:59:59","2026-09-14 16:59:59","0.00000","0","0.00","0.00000"
"all-available","Asia/Taipei","BTCUSDT","BTC-260916-77000-P","2026-09-16","77000","PUT","1h","2026-09-14 09:00:00","2026-09-14 17:00:00","280.000","315.000","280.000","315.000","4.13","2026-09-14 09:59:59","2026-09-14 17:59:59","1300.60000","3","4.12","1297.80000"
"all-available","Asia/Taipei","BTCUSDT","BTC-260916-77000-P","2026-09-16","77000","PUT","1h","2026-09-14 10:00:00","2026-09-14 18:00:00","345.000","370.000","345.000","370.000","0.14","2026-09-14 10:59:59","2026-09-14 18:59:59","48.55000","2","0.00","0.00000"
"all-available","Asia/Taipei","BTCUSDT","BTC-260916-77000-P","2026-09-16","77000","PUT","1h","2026-09-14 11:00:00","2026-09-14 19:00:00","390.000","390.000","390.000","390.000","0.09","2026-09-14 11:59:59","2026-09-14 19:59:59","35.10000","1","0.00","0.00000"
"all-available","Asia/Taipei","BTCUSDT","BTC-260916-77000-P","2026-09-16","77000","PUT","1h","2026-09-14 12:00:00","2026-09-14 20:00:00","390.000","390.000","365.000","385.000","0.04","2026-09-14 12:59:59","2026-09-14 20:59:59","15.25000","3","0.02","7.70000"
"all-available","Asia/Taipei","BTCUSDT","BTC-260916-77000-P","2026-09-16","77000","PUT","1h","2026-09-14 13:00:00","2026-09-14 21:00:00","450.000","450.000","300.000","300.000","0.55","2026-09-14 13:59:59","2026-09-14 21:59:59","203.95000","5","0.53","195.15000"
"all-available","Asia/Taipei","BTCUSDT","BTC-260916-77000-P","2026-09-16","77000","PUT","1h","2026-09-14 14:00:00","2026-09-14 22:00:00","300.000","300.000","300.000","300.000","0.00","2026-09-14 14:59:59","2026-09-14 22:59:59","0.00000","0","0.00","0.00000"
"all-available","Asia/Taipei","BTCUSDT","BTC-260916-77000-P","2026-09-16","77000","PUT","1h","2026-09-14 15:00:00","2026-09-14 23:00:00","260.000","260.000","230.000","230.000","3.22","2026-09-14 15:59:59","2026-09-14 23:59:59","756.55000","5","0.13","30.55000"
"all-available","Asia/Taipei","BTCUSDT","BTC-260916-77000-P","2026-09-16","77000","PUT","1h","2026-09-14 16:00:00","2026-09-15 00:00:00","180.000","180.000","160.000","160.000","2.06","2026-09-14 16:59:59","2026-09-15 00:59:59","362.85000","6","1.55","271.25000"
"all-available","Asia/Taipei","BTCUSDT","BTC-260916-77000-P","2026-09-16","77000","PUT","1h","2026-09-14 17:00:00","2026-09-15 01:00:00","150.000","150.000","130.000","130.000","1.50","2026-09-14 17:59:59","2026-09-15 01:59:59","204.55000","6","1.35","182.25000"
"all-available","Asia/Taipei","BTCUSDT","BTC-260916-77000-P","2026-09-16","77000","PUT","1h","2026-09-14 18:00:00","2026-09-15 02:00:00","130.000","130.000","130.000","130.000","0.00","2026-09-14 18:59:59","2026-09-15 02:59:59","0.00000","0","0.00","0.00000"
"all-available","Asia/Taipei","BTCUSDT","BTC-260916-77000-P","2026-09-16","77000","PUT","1h","2026-09-14 19:00:00","2026-09-15 03:00:00","130.000","130.000","130.000","130.000","0.00","2026-09-14 19:59:59","2026-09-15 03:59:59","0.00000","0","0.00","0.00000"
"all-available","Asia/Taipei","BTCUSDT","BTC-260916-77000-P","2026-09-16","77000","PUT","1h","2026-09-14 20:00:00","2026-09-15 04:00:00","90.000","90.000","90.000","90.000","1.79","2026-09-14 20:59:59","2026-09-15 04:59:59","161.10000","10","0.00","0.00000"
"all-available","Asia/Taipei","BTCUSDT","BTC-260916-77000-P","2026-09-16","77000","PUT","1h","2026-09-14 21:00:00","2026-09-15 05:00:00","90.000","90.000","90.000","90.000","0.00","2026-09-14 21:59:59","2026-09-15 05:59:59","0.00000","0","0.00","0.00000"
"all-available","Asia/Taipei","BTCUSDT","BTC-260916-77000-P","2026-09-16","77000","PUT","1h","2026-09-14 22:00:00","2026-09-15 06:00:00","185.000","185.000","185.000","185.000","0.10","2026-09-14 22:59:59","2026-09-15 06:59:59","18.50000","1","0.00","0.00000"
"all-available","Asia/Taipei","BTCUSDT","BTC-260916-77000-P","2026-09-16","77000","PUT","1h","2026-09-14 23:00:00","2026-09-15 07:00:00","190.000","225.000","190.000","225.000","0.84","2026-09-14 23:59:59","2026-09-15 07:59:59","172.45000","9","0.44","86.60000"
"all-available","Asia/Taipei","BTCUSDT","BTC-260916-77000-P","2026-09-16","77000","PUT","1h","2026-09-15 00:00:00","2026-09-15 08:00:00","290.000","300.000","290.000","300.000","0.13","2026-09-15 00:59:59","2026-09-15 08:59:59","38.90000","3","0.12","36.00000"
"all-available","Asia/Taipei","BTCUSDT","BTC-260916-77000-P","2026-09-16","77000","PUT","1h","2026-09-15 01:00:00","2026-09-15 09:00:00","340.000","360.000","340.000","360.000","0.02","2026-09-15 01:59:59","2026-09-15 09:59:59","7.00000","2","0.00","0.00000"
"all-available","Asia/Taipei","BTCUSDT","BTC-260916-77000-P","2026-09-16","77000","PUT","1h","2026-09-15 02:00:00","2026-09-15 10:00:00","290.000","320.000","290.000","320.000","1.01","2026-09-15 02:59:59","2026-09-15 10:59:59","322.90000","2","0.00","0.00000"
"all-available","Asia/Taipei","BTCUSDT","BTC-260916-77000-P","2026-09-16","77000","PUT","1h","2026-09-15 03:00:00","2026-09-15 11:00:00","325.000","325.000","325.000","325.000","2.90","2026-09-15 03:59:59","2026-09-15 11:59:59","942.50000","1","0.00","0.00000"
"all-available","Asia/Taipei","BTCUSDT","BTC-260916-77000-P","2026-09-16","77000","PUT","1h","2026-09-15 04:00:00","2026-09-15 12:00:00","345.000","395.000","345.000","395.000","0.58","2026-09-15 04:59:59","2026-09-15 12:59:59","225.45000","7","0.57","221.50000"
"all-available","Asia/Taipei","BTCUSDT","BTC-260916-77000-P","2026-09-16","77000","PUT","1h","2026-09-15 05:00:00","2026-09-15 13:00:00","490.000","490.000","425.000","425.000","0.28","2026-09-15 05:59:59","2026-09-15 13:59:59","130.70000","9","0.12","53.80000"
"all-available","Asia/Taipei","BTCUSDT","BTC-260916-77000-P","2026-09-16","77000","PUT","1h","2026-09-15 06:00:00","2026-09-15 14:00:00","355.000","510.000","355.000","510.000","0.21","2026-09-15 06:59:59","2026-09-15 14:59:59","96.35000","5","0.12","61.20000"
"all-available","Asia/Taipei","BTCUSDT","BTC-260916-77000-P","2026-09-16","77000","PUT","1h","2026-09-15 07:00:00","2026-09-15 15:00:00","525.000","610.000","510.000","610.000","3.17","2026-09-15 07:59:59","2026-09-15 15:59:59","1738.75000","28","3.16","1732.85000"
"all-available","Asia/Taipei","BTCUSDT","BTC-260916-77000-P","2026-09-16","77000","PUT","1h","2026-09-15 08:00:00","2026-09-15 16:00:00","675.000","730.000","665.000","730.000","3.81","2026-09-15 08:59:59","2026-09-15 16:59:59","2580.40000","23","3.29","2228.60000"
"all-available","Asia/Taipei","BTCUSDT","BTC-260916-77000-P","2026-09-16","77000","PUT","1h","2026-09-15 09:00:00","2026-09-15 17:00:00","625.000","645.000","520.000","560.000","7.99","2026-09-15 09:59:59","2026-09-15 17:59:59","4361.25000","28","4.94","2750.40000"
"all-available","Asia/Taipei","BTCUSDT","BTC-260916-77000-P","2026-09-16","77000","PUT","1h","2026-09-15 10:00:00","2026-09-15 18:00:00","550.000","620.000","510.000","580.000","0.53","2026-09-15 10:59:59","2026-09-15 18:59:59","296.40000","9","0.29","162.05000"
"all-available","Asia/Taipei","BTCUSDT","BTC-260916-77000-P","2026-09-16","77000","PUT","1h","2026-09-15 11:00:00","2026-09-15 19:00:00","550.000","805.000","550.000","805.000","11.09","2026-09-15 11:59:59","2026-09-15 19:59:59","8087.95000","31","2.99","2238.65000"
"all-available","Asia/Taipei","BTCUSDT","BTC-260916-77000-P","2026-09-16","77000","PUT","1h","2026-09-15 12:00:00","2026-09-15 20:00:00","805.000","850.000","715.000","790.000","1.54","2026-09-15 12:59:59","2026-09-15 20:59:59","1253.35000","16","0.94","766.50000"
"all-available","Asia/Taipei","BTCUSDT","BTC-260916-77000-P","2026-09-16","77000","PUT","1h","2026-09-15 13:00:00","2026-09-15 21:00:00","740.000","1215.000","740.000","1130.000","0.84","2026-09-15 13:59:59","2026-09-15 21:59:59","889.55000","14","0.79","830.10000"
"all-available","Asia/Taipei","BTCUSDT","BTC-260916-77000-P","2026-09-16","77000","PUT","1h","2026-09-15 14:00:00","2026-09-15 22:00:00","1500.000","1500.000","1350.000","1400.000","0.52","2026-09-15 14:59:59","2026-09-15 22:59:59","730.50000","8","0.52","730.50000"
"all-available","Asia/Taipei","BTCUSDT","BTC-260916-77000-P","2026-09-16","77000","PUT","1h","2026-09-15 15:00:00","2026-09-15 23:00:00","990.000","990.000","985.000","985.000","0.60","2026-09-15 15:59:59","2026-09-15 23:59:59","593.00000","2","0.00","0.00000"
"all-available","Asia/Taipei","BTCUSDT","BTC-260916-77000-P","2026-09-16","77000","PUT","1h","2026-09-15 16:00:00","2026-09-16 00:00:00","985.000","985.000","985.000","985.000","0.00","2026-09-15 16:59:59","2026-09-16 00:59:59","0.00000","0","0.00","0.00000"
"all-available","Asia/Taipei","BTCUSDT","BTC-260916-77000-P","2026-09-16","77000","PUT","1h","2026-09-15 17:00:00","2026-09-16 01:00:00","600.000","645.000","600.000","645.000","0.22","2026-09-15 17:59:59","2026-09-16 01:59:59","132.90000","2","0.02","12.90000"
"all-available","Asia/Taipei","BTCUSDT","BTC-260916-77000-P","2026-09-16","77000","PUT","1h","2026-09-15 18:00:00","2026-09-16 02:00:00","690.000","1800.000","620.000","1800.000","4.92","2026-09-15 18:59:59","2026-09-16 02:59:59","3780.35000","24","4.69","3588.15000"
"all-available","Asia/Taipei","BTCUSDT","BTC-260916-77000-P","2026-09-16","77000","PUT","1h","2026-09-15 19:00:00","2026-09-16 03:00:00","1025.000","1140.000","1025.000","1140.000","0.50","2026-09-15 19:59:59","2026-09-16 03:59:59","557.35000","2","0.50","557.35000"
"all-available","Asia/Taipei","BTCUSDT","BTC-260916-77000-P","2026-09-16","77000","PUT","1h","2026-09-15 20:00:00","2026-09-16 04:00:00","1325.000","1325.000","1325.000","1325.000","0.01","2026-09-15 20:59:59","2026-09-16 04:59:59","13.25000","1","0.01","13.25000"
"all-available","Asia/Taipei","BTCUSDT","BTC-260916-77000-P","2026-09-16","77000","PUT","1h","2026-09-15 21:00:00","2026-09-16 05:00:00","1325.000","1325.000","1325.000","1325.000","0.00","2026-09-15 21:59:59","2026-09-16 05:59:59","0.00000","0","0.00","0.00000"
"all-available","Asia/Taipei","BTCUSDT","BTC-260916-77000-P","2026-09-16","77000","PUT","1h","2026-09-15 22:00:00","2026-09-16 06:00:00","1325.000","1325.000","1325.000","1325.000","0.00","2026-09-15 22:59:59","2026-09-16 06:59:59","0.00000","0","0.00","0.00000"
"all-available","Asia/Taipei","BTCUSDT","BTC-260916-77000-P","2026-09-16","77000","PUT","1h","2026-09-15 23:00:00","2026-09-16 07:00:00","1325.000","1325.000","1325.000","1325.000","0.00","2026-09-15 23:59:59","2026-09-16 07:59:59","0.00000","0","0.00","0.00000"
"all-available","Asia/Taipei","BTCUSDT","BTC-260916-77000-P","2026-09-16","77000","PUT","1h","2026-09-16 00:00:00","2026-09-16 08:00:00","1325.000","1325.000","1325.000","1325.000","0.00","2026-09-16 00:59:59","2026-09-16 08:59:59","0.00000","0","0.00","0.00000"
"all-available","Asia/Taipei","BTCUSDT","BTC-260916-77000-P","2026-09-16","77000","PUT","1h","2026-09-16 01:00:00","2026-09-16 09:00:00","1425.000","1425.000","1425.000","1425.000","0.01","2026-09-16 01:59:59","2026-09-16 09:59:59","14.25000","1","0.01","14.25000"
"all-available","Asia/Taipei","BTCUSDT","BTC-260916-77000-P","2026-09-16","77000","PUT","1h","2026-09-16 02:00:00","2026-09-16 10:00:00","1425.000","1425.000","1425.000","1425.000","0.00","2026-09-16 02:59:59","2026-09-16 10:59:59","0.00000","0","0.00","0.00000"
"all-available","Asia/Taipei","BTCUSDT","BTC-260916-77000-P","2026-09-16","77000","PUT","1h","2026-09-16 03:00:00","2026-09-16 11:00:00","1120.000","1125.000","1120.000","1125.000","0.94","2026-09-16 03:59:59","2026-09-16 11:59:59","1052.85000","4","0.93","1041.60000"
"all-available","Asia/Taipei","BTCUSDT","BTC-260916-77000-P","2026-09-16","77000","PUT","1h","2026-09-16 04:00:00","2026-09-16 12:00:00","1125.000","1125.000","1125.000","1125.000","0.00","2026-09-16 04:59:59","2026-09-16 12:59:59","0.00000","0","0.00","0.00000"
"all-available","Asia/Taipei","BTCUSDT","BTC-260916-77000-P","2026-09-16","77000","PUT","1h","2026-09-16 05:00:00","2026-09-16 13:00:00","1125.000","1125.000","1125.000","1125.000","0.00","2026-09-16 05:59:59","2026-09-16 13:59:59","0.00000","0","0.00","0.00000"
"all-available","Asia/Taipei","BTCUSDT","BTC-260916-77000-P","2026-09-16","77000","PUT","1h","2026-09-16 06:00:00","2026-09-16 14:00:00","1125.000","1125.000","1125.000","1125.000","0.00","2026-09-16 06:59:59","2026-09-16 14:59:59","0.00000","0","0.00","0.00000"
"all-available","Asia/Taipei","BTCUSDT","BTC-260916-77000-P","2026-09-16","77000","PUT","1h","2026-09-16 07:00:00","2026-09-16 15:00:00","1125.000","1125.000","1125.000","1125.000","0.00","2026-09-16 07:59:59","2026-09-16 15:59:59","0.00000","0","0.00","0.00000"
"all-available","Asia/Taipei","BTCUSDT","BTC-260916-77250-C","2026-09-16","77250","CALL","1h","2026-09-14 13:00:00","2026-09-14 21:00:00","1000.000","1000.000","1000.000","1000.000","0.20","2026-09-14 13:59:59","2026-09-14 21:59:59","200.00000","1","0.00","0.00000"
"all-available","Asia/Taipei","BTCUSDT","BTC-260916-77250-C","2026-09-16","77250","CALL","1h","2026-09-14 14:00:00","2026-09-14 22:00:00","1000.000","1000.000","1000.000","1000.000","0.00","2026-09-14 14:59:59","2026-09-14 22:59:59","0.00000","0","0.00","0.00000"
"all-available","Asia/Taipei","BTCUSDT","BTC-260916-77250-C","2026-09-16","77250","CALL","1h","2026-09-14 15:00:00","2026-09-14 23:00:00","1000.000","1000.000","1000.000","1000.000","0.00","2026-09-14 15:59:59","2026-09-14 23:59:59","0.00000","0","0.00","0.00000"
"all-available","Asia/Taipei","BTCUSDT","BTC-260916-77250-C","2026-09-16","77250","CALL","1h","2026-09-14 16:00:00","2026-09-15 00:00:00","1000.000","1000.000","1000.000","1000.000","0.00","2026-09-14 16:59:59","2026-09-15 00:59:59","0.00000","0","0.00","0.00000"
"all-available","Asia/Taipei","BTCUSDT","BTC-260916-77250-C","2026-09-16","77250","CALL","1h","2026-09-14 17:00:00","2026-09-15 01:00:00","1000.000","1000.000","1000.000","1000.000","0.00","2026-09-14 17:59:59","2026-09-15 01:59:59","0.00000","0","0.00","0.00000"
"all-available","Asia/Taipei","BTCUSDT","BTC-260916-77250-C","2026-09-16","77250","CALL","1h","2026-09-14 18:00:00","2026-09-15 02:00:00","1000.000","1000.000","1000.000","1000.000","0.00","2026-09-14 18:59:59","2026-09-15 02:59:59","0.00000","0","0.00","0.00000"
"all-available","Asia/Taipei","BTCUSDT","BTC-260916-77250-C","2026-09-16","77250","CALL","1h","2026-09-14 19:00:00","2026-09-15 03:00:00","1000.000","1000.000","1000.000","1000.000","0.00","2026-09-14 19:59:59","2026-09-15 03:59:59","0.00000","0","0.00","0.00000"
"all-available","Asia/Taipei","BTCUSDT","BTC-260916-77250-C","2026-09-16","77250","CALL","1h","2026-09-14 20:00:00","2026-09-15 04:00:00","1000.000","1000.000","1000.000","1000.000","0.00","2026-09-14 20:59:59","2026-09-15 04:59:59","0.00000","0","0.00","0.00000"
"all-available","Asia/Taipei","BTCUSDT","BTC-260916-77250-C","2026-09-16","77250","CALL","1h","2026-09-14 21:00:00","2026-09-15 05:00:00","1000.000","1000.000","1000.000","1000.000","0.00","2026-09-14 21:59:59","2026-09-15 05:59:59","0.00000","0","0.00","0.00000"
"all-available","Asia/Taipei","BTCUSDT","BTC-260916-77250-C","2026-09-16","77250","CALL","1h","2026-09-14 22:00:00","2026-09-15 06:00:00","1000.000","1000.000","1000.000","1000.000","0.00","2026-09-14 22:59:59","2026-09-15 06:59:59","0.00000","0","0.00","0.00000"
"all-available","Asia/Taipei","BTCUSDT","BTC-260916-77250-C","2026-09-16","77250","CALL","1h","2026-09-14 23:00:00","2026-09-15 07:00:00","1000.000","1000.000","1000.000","1000.000","0.00","2026-09-14 23:59:59","2026-09-15 07:59:59","0.00000","0","0.00","0.00000"
"all-available","Asia/Taipei","BTCUSDT","BTC-260916-77250-C","2026-09-16","77250","CALL","1h","2026-09-15 00:00:00","2026-09-15 08:00:00","1000.000","1000.000","1000.000","1000.000","0.00","2026-09-15 00:59:59","2026-09-15 08:59:59","0.00000","0","0.00","0.00000"
"all-available","Asia/Taipei","BTCUSDT","BTC-260916-77250-C","2026-09-16","77250","CALL","1h","2026-09-15 01:00:00","2026-09-15 09:00:00","1000.000","1000.000","1000.000","1000.000","0.00","2026-09-15 01:59:59","2026-09-15 09:59:59","0.00000","0","0.00","0.00000"
"all-available","Asia/Taipei","BTCUSDT","BTC-260916-77250-C","2026-09-16","77250","CALL","1h","2026-09-15 02:00:00","2026-09-15 10:00:00","1000.000","1000.000","1000.000","1000.000","0.00","2026-09-15 02:59:59","2026-09-15 10:59:59","0.00000","0","0.00","0.00000"
"all-available","Asia/Taipei","BTCUSDT","BTC-260916-77250-C","2026-09-16","77250","CALL","1h","2026-09-15 03:00:00","2026-09-15 11:00:00","975.000","975.000","975.000","975.000","0.17","2026-09-15 03:59:59","2026-09-15 11:59:59","165.75000","1","0.17","165.75000"
"all-available","Asia/Taipei","BTCUSDT","BTC-260916-77250-C","2026-09-16","77250","CALL","1h","2026-09-15 04:00:00","2026-09-15 12:00:00","885.000","885.000","885.000","885.000","0.10","2026-09-15 04:59:59","2026-09-15 12:59:59","88.50000","1","0.00","0.00000"
"all-available","Asia/Taipei","BTCUSDT","BTC-260916-77250-C","2026-09-16","77250","CALL","1h","2026-09-15 05:00:00","2026-09-15 13:00:00","800.000","800.000","775.000","775.000","1.66","2026-09-15 05:59:59","2026-09-15 13:59:59","1327.50000","4","0.02","15.50000"
"all-available","Asia/Taipei","BTCUSDT","BTC-260916-77250-C","2026-09-16","77250","CALL","1h","2026-09-15 06:00:00","2026-09-15 14:00:00","700.000","700.000","700.000","700.000","0.02","2026-09-15 06:59:59","2026-09-15 14:59:59","14.00000","1","0.00","0.00000"
"all-available","Asia/Taipei","BTCUSDT","BTC-260916-77250-C","2026-09-16","77250","CALL","1h","2026-09-15 07:00:00","2026-09-15 15:00:00","675.000","680.000","460.000","460.000","2.65","2026-09-15 07:59:59","2026-09-15 15:59:59","1738.15000","40","0.13","77.25000"
"all-available","Asia/Taipei","BTCUSDT","BTC-260916-77250-C","2026-09-16","77250","CALL","1h","2026-09-15 08:00:00","2026-09-15 16:00:00","440.000","445.000","385.000","435.000","3.11","2026-09-15 08:59:59","2026-09-15 16:59:59","1328.00000","25","2.78","1187.55000"
"all-available","Asia/Taipei","BTCUSDT","BTC-260916-77250-C","2026-09-16","77250","CALL","1h","2026-09-15 09:00:00","2026-09-15 17:00:00","435.000","435.000","435.000","435.000","0.00","2026-09-15 09:59:59","2026-09-15 17:59:59","0.00000","0","0.00","0.00000"
"all-available","Asia/Taipei","BTCUSDT","BTC-260916-77250-C","2026-09-16","77250","CALL","1h","2026-09-15 10:00:00","2026-09-15 18:00:00","430.000","545.000","430.000","515.000","1.28","2026-09-15 10:59:59","2026-09-15 18:59:59","599.95000","10","1.23","573.95000"
"all-available","Asia/Taipei","BTCUSDT","BTC-260916-77250-C","2026-09-16","77250","CALL","1h","2026-09-15 11:00:00","2026-09-15 19:00:00","520.000","570.000","510.000","570.000","3.49","2026-09-15 11:59:59","2026-09-15 19:59:59","1864.95000","14","3.22","1718.40000"
"all-available","Asia/Taipei","BTCUSDT","BTC-260916-77250-C","2026-09-16","77250","CALL","1h","2026-09-15 12:00:00","2026-09-15 20:00:00","655.000","690.000","650.000","650.000","3.88","2026-09-15 12:59:59","2026-09-15 20:59:59","2572.50000","6","2.38","1560.00000"
"all-available","Asia/Taipei","BTCUSDT","BTC-260916-77250-C","2026-09-16","77250","CALL","1h","2026-09-15 13:00:00","2026-09-15 21:00:00","665.000","685.000","370.000","460.000","8.69","2026-09-15 13:59:59","2026-09-15 21:59:59","3957.30000","27","4.41","1950.00000"
"all-available","Asia/Taipei","BTCUSDT","BTC-260916-77250-C","2026-09-16","77250","CALL","1h","2026-09-15 14:00:00","2026-09-15 22:00:00","420.000","420.000","255.000","300.000","5.13","2026-09-15 14:59:59","2026-09-15 22:59:59","1596.00000","9","0.00","0.00000"
"all-available","Asia/Taipei","BTCUSDT","BTC-260916-77250-C","2026-09-16","77250","CALL","1h","2026-09-15 15:00:00","2026-09-15 23:00:00","290.000","420.000","290.000","420.000","1.69","2026-09-15 15:59:59","2026-09-15 23:59:59","659.75000","15","1.49","601.75000"
"all-available","Asia/Taipei","BTCUSDT","BTC-260916-77250-C","2026-09-16","77250","CALL","1h","2026-09-15 16:00:00","2026-09-16 00:00:00","335.000","370.000","330.000","340.000","1.29","2026-09-15 16:59:59","2026-09-16 00:59:59","439.75000","10","1.28","436.45000"
"all-available","Asia/Taipei","BTCUSDT","BTC-260916-77250-C","2026-09-16","77250","CALL","1h","2026-09-15 17:00:00","2026-09-16 01:00:00","290.000","670.000","290.000","540.000","11.33","2026-09-15 17:59:59","2026-09-16 01:59:59","5561.50000","22","8.90","4289.40000"
"all-available","Asia/Taipei","BTCUSDT","BTC-260916-77250-C","2026-09-16","77250","CALL","1h","2026-09-15 18:00:00","2026-09-16 02:00:00","495.000","630.000","60.000","165.000","25.70","2026-09-15 18:59:59","2026-09-16 02:59:59","6692.55000","46","15.66","3725.20000"
"all-available","Asia/Taipei","BTCUSDT","BTC-260916-77250-C","2026-09-16","77250","CALL","1h","2026-09-15 19:00:00","2026-09-16 03:00:00","125.000","125.000","75.000","100.000","2.30","2026-09-15 19:59:59","2026-09-16 03:59:59","238.30000","5","2.00","215.80000"
"all-available","Asia/Taipei","BTCUSDT","BTC-260916-77250-C","2026-09-16","77250","CALL","1h","2026-09-15 20:00:00","2026-09-16 04:00:00","125.000","125.000","55.000","55.000","0.49","2026-09-15 20:59:59","2026-09-16 04:59:59","47.25000","2","0.00","0.00000"
"all-available","Asia/Taipei","BTCUSDT","BTC-260916-77250-C","2026-09-16","77250","CALL","1h","2026-09-15 21:00:00","2026-09-16 05:00:00","55.000","55.000","55.000","55.000","0.00","2026-09-15 21:59:59","2026-09-16 05:59:59","0.00000","0","0.00","0.00000"
"all-available","Asia/Taipei","BTCUSDT","BTC-260916-77250-C","2026-09-16","77250","CALL","1h","2026-09-15 22:00:00","2026-09-16 06:00:00","30.000","30.000","25.000","25.000","2.63","2026-09-15 22:59:59","2026-09-16 06:59:59","77.90000","8","2.32","68.60000"
"all-available","Asia/Taipei","BTCUSDT","BTC-260916-77250-C","2026-09-16","77250","CALL","1h","2026-09-15 23:00:00","2026-09-16 07:00:00","40.000","40.000","30.000","30.000","1.22","2026-09-15 23:59:59","2026-09-16 07:59:59","46.50000","10","0.99","39.60000"
"all-available","Asia/Taipei","BTCUSDT","BTC-260916-77250-C","2026-09-16","77250","CALL","1h","2026-09-16 00:00:00","2026-09-16 08:00:00","30.000","30.000","30.000","30.000","0.00","2026-09-16 00:59:59","2026-09-16 08:59:59","0.00000","0","0.00","0.00000"
"all-available","Asia/Taipei","BTCUSDT","BTC-260916-77250-C","2026-09-16","77250","CALL","1h","2026-09-16 01:00:00","2026-09-16 09:00:00","10.000","10.000","5.000","5.000","0.61","2026-09-16 01:59:59","2026-09-16 09:59:59","5.10000","4","0.00","0.00000"
"all-available","Asia/Taipei","BTCUSDT","BTC-260916-77250-C","2026-09-16","77250","CALL","1h","2026-09-16 02:00:00","2026-09-16 10:00:00","5.000","10.000","5.000","10.000","41.09","2026-09-16 02:59:59","2026-09-16 10:59:59","207.50000","11","0.41","2.30000"
"all-available","Asia/Taipei","BTCUSDT","BTC-260916-77250-C","2026-09-16","77250","CALL","1h","2026-09-16 03:00:00","2026-09-16 11:00:00","10.000","10.000","10.000","10.000","0.50","2026-09-16 03:59:59","2026-09-16 11:59:59","5.00000","3","0.50","5.00000"
"all-available","Asia/Taipei","BTCUSDT","BTC-260916-77250-C","2026-09-16","77250","CALL","1h","2026-09-16 04:00:00","2026-09-16 12:00:00","10.000","10.000","10.000","10.000","0.00","2026-09-16 04:59:59","2026-09-16 12:59:59","0.00000","0","0.00","0.00000"
"all-available","Asia/Taipei","BTCUSDT","BTC-260916-77250-C","2026-09-16","77250","CALL","1h","2026-09-16 05:00:00","2026-09-16 13:00:00","10.000","10.000","10.000","10.000","0.00","2026-09-16 05:59:59","2026-09-16 13:59:59","0.00000","0","0.00","0.00000"
"all-available","Asia/Taipei","BTCUSDT","BTC-260916-77250-C","2026-09-16","77250","CALL","1h","2026-09-16 06:00:00","2026-09-16 14:00:00","10.000","10.000","10.000","10.000","0.00","2026-09-16 06:59:59","2026-09-16 14:59:59","0.00000","0","0.00","0.00000"
"all-available","Asia/Taipei","BTCUSDT","BTC-260916-77250-C","2026-09-16","77250","CALL","1h","2026-09-16 07:00:00","2026-09-16 15:00:00","5.000","5.000","5.000","5.000","60.00","2026-09-16 07:59:59","2026-09-16 15:59:59","300.00000","2","60.00","300.00000"
"all-available","Asia/Taipei","BTCUSDT","BTC-260916-77250-P","2026-09-16","77250","PUT","1h","2026-09-14 09:00:00","2026-09-14 17:00:00","500.000","500.000","500.000","500.000","1.39","2026-09-14 09:59:59","2026-09-14 17:59:59","695.00000","2","0.00","0.00000"
"all-available","Asia/Taipei","BTCUSDT","BTC-260916-77250-P","2026-09-16","77250","PUT","1h","2026-09-14 10:00:00","2026-09-14 18:00:00","430.000","440.000","420.000","435.000","1.18","2026-09-14 10:59:59","2026-09-14 18:59:59","506.30000","7","0.00","0.00000"
"all-available","Asia/Taipei","BTCUSDT","BTC-260916-77250-P","2026-09-16","77250","PUT","1h","2026-09-14 11:00:00","2026-09-14 19:00:00","475.000","475.000","475.000","475.000","0.32","2026-09-14 11:59:59","2026-09-14 19:59:59","152.00000","2","0.00","0.00000"
"all-available","Asia/Taipei","BTCUSDT","BTC-260916-77250-P","2026-09-16","77250","PUT","1h","2026-09-14 12:00:00","2026-09-14 20:00:00","565.000","565.000","565.000","565.000","0.20","2026-09-14 12:59:59","2026-09-14 20:59:59","113.00000","1","0.20","113.00000"
"all-available","Asia/Taipei","BTCUSDT","BTC-260916-77250-P","2026-09-16","77250","PUT","1h","2026-09-14 13:00:00","2026-09-14 21:00:00","550.000","550.000","550.000","550.000","4.30","2026-09-14 13:59:59","2026-09-14 21:59:59","2365.00000","2","4.30","2365.00000"
"all-available","Asia/Taipei","BTCUSDT","BTC-260916-77250-P","2026-09-16","77250","PUT","1h","2026-09-14 14:00:00","2026-09-14 22:00:00","550.000","550.000","550.000","550.000","0.00","2026-09-14 14:59:59","2026-09-14 22:59:59","0.00000","0","0.00","0.00000"
"all-available","Asia/Taipei","BTCUSDT","BTC-260916-77250-P","2026-09-16","77250","PUT","1h","2026-09-14 15:00:00","2026-09-14 23:00:00","550.000","550.000","550.000","550.000","0.00","2026-09-14 15:59:59","2026-09-14 23:59:59","0.00000","0","0.00","0.00000"
"all-available","Asia/Taipei","BTCUSDT","BTC-260916-77250-P","2026-09-16","77250","PUT","1h","2026-09-14 16:00:00","2026-09-15 00:00:00","550.000","550.000","550.000","550.000","0.00","2026-09-14 16:59:59","2026-09-15 00:59:59","0.00000","0","0.00","0.00000"
"all-available","Asia/Taipei","BTCUSDT","BTC-260916-77250-P","2026-09-16","77250","PUT","1h","2026-09-14 17:00:00","2026-09-15 01:00:00","165.000","165.000","165.000","165.000","0.06","2026-09-14 17:59:59","2026-09-15 01:59:59","9.90000","1","0.06","9.90000"
"all-available","Asia/Taipei","BTCUSDT","BTC-260916-77250-P","2026-09-16","77250","PUT","1h","2026-09-14 18:00:00","2026-09-15 02:00:00","150.000","155.000","150.000","155.000","0.68","2026-09-14 18:59:59","2026-09-15 02:59:59","104.00000","6","0.00","0.00000"
"all-available","Asia/Taipei","BTCUSDT","BTC-260916-77250-P","2026-09-16","77250","PUT","1h","2026-09-14 19:00:00","2026-09-15 03:00:00","155.000","155.000","155.000","155.000","0.00","2026-09-14 19:59:59","2026-09-15 03:59:59","0.00000","0","0.00","0.00000"
"all-available","Asia/Taipei","BTCUSDT","BTC-260916-77250-P","2026-09-16","77250","PUT","1h","2026-09-14 20:00:00","2026-09-15 04:00:00","155.000","155.000","155.000","155.000","0.00","2026-09-14 20:59:59","2026-09-15 04:59:59","0.00000","0","0.00","0.00000"
"all-available","Asia/Taipei","BTCUSDT","BTC-260916-77250-P","2026-09-16","77250","PUT","1h","2026-09-14 21:00:00","2026-09-15 05:00:00","175.000","175.000","175.000","175.000","0.20","2026-09-14 21:59:59","2026-09-15 05:59:59","35.00000","1","0.20","35.00000"
"all-available","Asia/Taipei","BTCUSDT","BTC-260916-77250-P","2026-09-16","77250","PUT","1h","2026-09-14 22:00:00","2026-09-15 06:00:00","175.000","175.000","175.000","175.000","0.00","2026-09-14 22:59:59","2026-09-15 06:59:59","0.00000","0","0.00","0.00000"
"all-available","Asia/Taipei","BTCUSDT","BTC-260916-77250-P","2026-09-16","77250","PUT","1h","2026-09-14 23:00:00","2026-09-15 07:00:00","175.000","175.000","175.000","175.000","0.00","2026-09-14 23:59:59","2026-09-15 07:59:59","0.00000","0","0.00","0.00000"
"all-available","Asia/Taipei","BTCUSDT","BTC-260916-77250-P","2026-09-16","77250","PUT","1h","2026-09-15 00:00:00","2026-09-15 08:00:00","175.000","175.000","175.000","175.000","0.00","2026-09-15 00:59:59","2026-09-15 08:59:59","0.00000","0","0.00","0.00000"
"all-available","Asia/Taipei","BTCUSDT","BTC-260916-77250-P","2026-09-16","77250","PUT","1h","2026-09-15 01:00:00","2026-09-15 09:00:00","175.000","175.000","175.000","175.000","0.00","2026-09-15 01:59:59","2026-09-15 09:59:59","0.00000","0","0.00","0.00000"
"all-available","Asia/Taipei","BTCUSDT","BTC-260916-77250-P","2026-09-16","77250","PUT","1h","2026-09-15 02:00:00","2026-09-15 10:00:00","175.000","175.000","175.000","175.000","0.00","2026-09-15 02:59:59","2026-09-15 10:59:59","0.00000","0","0.00","0.00000"
"all-available","Asia/Taipei","BTCUSDT","BTC-260916-77250-P","2026-09-16","77250","PUT","1h","2026-09-15 03:00:00","2026-09-15 11:00:00","175.000","175.000","175.000","175.000","0.00","2026-09-15 03:59:59","2026-09-15 11:59:59","0.00000","0","0.00","0.00000"
"all-available","Asia/Taipei","BTCUSDT","BTC-260916-77250-P","2026-09-16","77250","PUT","1h","2026-09-15 04:00:00","2026-09-15 12:00:00","455.000","455.000","455.000","455.000","0.04","2026-09-15 04:59:59","2026-09-15 12:59:59","18.20000","1","0.04","18.20000"
"all-available","Asia/Taipei","BTCUSDT","BTC-260916-77250-P","2026-09-16","77250","PUT","1h","2026-09-15 05:00:00","2026-09-15 13:00:00","520.000","570.000","480.000","480.000","0.95","2026-09-15 05:59:59","2026-09-15 13:59:59","493.50000","5","0.90","469.50000"
"all-available","Asia/Taipei","BTCUSDT","BTC-260916-77250-P","2026-09-16","77250","PUT","1h","2026-09-15 06:00:00","2026-09-15 14:00:00","435.000","645.000","435.000","645.000","0.49","2026-09-15 06:59:59","2026-09-15 14:59:59","243.85000","6","0.46","227.05000"
"all-available","Asia/Taipei","BTCUSDT","BTC-260916-77250-P","2026-09-16","77250","PUT","1h","2026-09-15 07:00:00","2026-09-15 15:00:00","630.000","735.000","625.000","735.000","1.17","2026-09-15 07:59:59","2026-09-15 15:59:59","766.40000","13","1.13","739.10000"
"all-available","Asia/Taipei","BTCUSDT","BTC-260916-77250-P","2026-09-16","77250","PUT","1h","2026-09-15 08:00:00","2026-09-15 16:00:00","810.000","850.000","735.000","735.000","1.36","2026-09-15 08:59:59","2026-09-15 16:59:59","1031.85000","4","1.27","955.35000"
"all-available","Asia/Taipei","BTCUSDT","BTC-260916-77250-P","2026-09-16","77250","PUT","1h","2026-09-15 09:00:00","2026-09-15 17:00:00","740.000","740.000","670.000","670.000","1.94","2026-09-15 09:59:59","2026-09-15 17:59:59","1414.60000","2","0.00","0.00000"
"all-available","Asia/Taipei","BTCUSDT","BTC-260916-77250-P","2026-09-16","77250","PUT","1h","2026-09-15 10:00:00","2026-09-15 18:00:00","690.000","705.000","675.000","705.000","1.75","2026-09-15 10:59:59","2026-09-15 18:59:59","1222.50000","9","1.75","1222.50000"
"all-available","Asia/Taipei","BTCUSDT","BTC-260916-77250-P","2026-09-16","77250","PUT","1h","2026-09-15 11:00:00","2026-09-15 19:00:00","675.000","955.000","675.000","955.000","9.11","2026-09-15 11:59:59","2026-09-15 19:59:59","7206.60000","11","3.50","2937.05000"
"all-available","Asia/Taipei","BTCUSDT","BTC-260916-77250-P","2026-09-16","77250","PUT","1h","2026-09-15 12:00:00","2026-09-15 20:00:00","945.000","1000.000","945.000","960.000","0.73","2026-09-15 12:59:59","2026-09-15 20:59:59","705.85000","8","0.51","487.65000"
"all-available","Asia/Taipei","BTCUSDT","BTC-260916-77250-P","2026-09-16","77250","PUT","1h","2026-09-15 13:00:00","2026-09-15 21:00:00","915.000","1400.000","915.000","1400.000","2.53","2026-09-15 13:59:59","2026-09-15 21:59:59","2662.40000","7","0.35","397.25000"
"all-available","Asia/Taipei","BTCUSDT","BTC-260916-77250-P","2026-09-16","77250","PUT","1h","2026-09-15 14:00:00","2026-09-15 22:00:00","1495.000","1800.000","1495.000","1800.000","0.19","2026-09-15 14:59:59","2026-09-15 22:59:59","314.55000","2","0.19","314.55000"
"all-available","Asia/Taipei","BTCUSDT","BTC-260916-77250-P","2026-09-16","77250","PUT","1h","2026-09-15 15:00:00","2026-09-15 23:00:00","1215.000","1215.000","1215.000","1215.000","0.01","2026-09-15 15:59:59","2026-09-15 23:59:59","12.15000","1","0.00","0.00000"
"all-available","Asia/Taipei","BTCUSDT","BTC-260916-77250-P","2026-09-16","77250","PUT","1h","2026-09-15 16:00:00","2026-09-16 00:00:00","1120.000","1170.000","1120.000","1170.000","0.29","2026-09-15 16:59:59","2026-09-16 00:59:59","326.80000","2","0.04","46.80000"
"all-available","Asia/Taipei","BTCUSDT","BTC-260916-77250-P","2026-09-16","77250","PUT","1h","2026-09-15 17:00:00","2026-09-16 01:00:00","945.000","945.000","630.000","785.000","2.31","2026-09-15 17:59:59","2026-09-16 01:59:59","1901.70000","7","0.31","207.70000"
"all-available","Asia/Taipei","BTCUSDT","BTC-260916-77250-P","2026-09-16","77250","PUT","1h","2026-09-15 18:00:00","2026-09-16 02:00:00","805.000","1530.000","805.000","1530.000","5.45","2026-09-15 18:59:59","2026-09-16 02:59:59","4523.45000","12","5.05","4125.45000"
"all-available","Asia/Taipei","BTCUSDT","BTC-260916-77250-P","2026-09-16","77250","PUT","1h","2026-09-15 19:00:00","2026-09-16 03:00:00","1530.000","1530.000","1530.000","1530.000","0.00","2026-09-15 19:59:59","2026-09-16 03:59:59","0.00000","0","0.00","0.00000"
"all-available","Asia/Taipei","BTCUSDT","BTC-260916-77250-P","2026-09-16","77250","PUT","1h","2026-09-15 20:00:00","2026-09-16 04:00:00","1530.000","1530.000","1530.000","1530.000","0.00","2026-09-15 20:59:59","2026-09-16 04:59:59","0.00000","0","0.00","0.00000"
"all-available","Asia/Taipei","BTCUSDT","BTC-260916-77250-P","2026-09-16","77250","PUT","1h","2026-09-15 21:00:00","2026-09-16 05:00:00","1530.000","1530.000","1530.000","1530.000","0.00","2026-09-15 21:59:59","2026-09-16 05:59:59","0.00000","0","0.00","0.00000"
"all-available","Asia/Taipei","BTCUSDT","BTC-260916-77250-P","2026-09-16","77250","PUT","1h","2026-09-15 22:00:00","2026-09-16 06:00:00","1530.000","1530.000","1530.000","1530.000","0.00","2026-09-15 22:59:59","2026-09-16 06:59:59","0.00000","0","0.00","0.00000"
"all-available","Asia/Taipei","BTCUSDT","BTC-260916-77250-P","2026-09-16","77250","PUT","1h","2026-09-15 23:00:00","2026-09-16 07:00:00","1600.000","1600.000","1600.000","1600.000","0.01","2026-09-15 23:59:59","2026-09-16 07:59:59","16.00000","1","0.01","16.00000"
"all-available","Asia/Taipei","BTCUSDT","BTC-260916-77250-P","2026-09-16","77250","PUT","1h","2026-09-16 00:00:00","2026-09-16 08:00:00","1600.000","1600.000","1600.000","1600.000","0.00","2026-09-16 00:59:59","2026-09-16 08:59:59","0.00000","0","0.00","0.00000"
"all-available","Asia/Taipei","BTCUSDT","BTC-260916-77250-P","2026-09-16","77250","PUT","1h","2026-09-16 01:00:00","2026-09-16 09:00:00","1600.000","1600.000","1600.000","1600.000","0.00","2026-09-16 01:59:59","2026-09-16 09:59:59","0.00000","0","0.00","0.00000"
"all-available","Asia/Taipei","BTCUSDT","BTC-260916-77250-P","2026-09-16","77250","PUT","1h","2026-09-16 02:00:00","2026-09-16 10:00:00","1600.000","1600.000","1600.000","1600.000","0.00","2026-09-16 02:59:59","2026-09-16 10:59:59","0.00000","0","0.00","0.00000"
"all-available","Asia/Taipei","BTCUSDT","BTC-260916-77250-P","2026-09-16","77250","PUT","1h","2026-09-16 03:00:00","2026-09-16 11:00:00","1600.000","1600.000","1600.000","1600.000","0.00","2026-09-16 03:59:59","2026-09-16 11:59:59","0.00000","0","0.00","0.00000"
"all-available","Asia/Taipei","BTCUSDT","BTC-260916-77250-P","2026-09-16","77250","PUT","1h","2026-09-16 04:00:00","2026-09-16 12:00:00","1600.000","1600.000","1600.000","1600.000","0.00","2026-09-16 04:59:59","2026-09-16 12:59:59","0.00000","0","0.00","0.00000"
"all-available","Asia/Taipei","BTCUSDT","BTC-260916-77250-P","2026-09-16","77250","PUT","1h","2026-09-16 05:00:00","2026-09-16 13:00:00","1600.000","1600.000","1600.000","1600.000","0.00","2026-09-16 05:59:59","2026-09-16 13:59:59","0.00000","0","0.00","0.00000"
"all-available","Asia/Taipei","BTCUSDT","BTC-260916-77250-P","2026-09-16","77250","PUT","1h","2026-09-16 06:00:00","2026-09-16 14:00:00","1600.000","1600.000","1600.000","1600.000","0.00","2026-09-16 06:59:59","2026-09-16 14:59:59","0.00000","0","0.00","0.00000"
"all-available","Asia/Taipei","BTCUSDT","BTC-260916-77250-P","2026-09-16","77250","PUT","1h","2026-09-16 07:00:00","2026-09-16 15:00:00","1600.000","1600.000","1600.000","1600.000","0.00","2026-09-16 07:59:59","2026-09-16 15:59:59","0.00000","0","0.00","0.00000"
"all-available","Asia/Taipei","BTCUSDT","BTC-260916-77500-C","2026-09-16","77500","CALL","1h","2026-09-14 09:00:00","2026-09-14 17:00:00","945.000","945.000","945.000","945.000","3.96","2026-09-14 09:59:59","2026-09-14 17:59:59","3742.20000","1","0.00","0.00000"
"all-available","Asia/Taipei","BTCUSDT","BTC-260916-77500-C","2026-09-16","77500","CALL","1h","2026-09-14 10:00:00","2026-09-14 18:00:00","945.000","945.000","945.000","945.000","0.00","2026-09-14 10:59:59","2026-09-14 18:59:59","0.00000","0","0.00","0.00000"
"all-available","Asia/Taipei","BTCUSDT","BTC-260916-77500-C","2026-09-16","77500","CALL","1h","2026-09-14 11:00:00","2026-09-14 19:00:00","895.000","895.000","865.000","875.000","0.63","2026-09-14 11:59:59","2026-09-14 19:59:59","549.75000","5","0.63","549.75000"
"all-available","Asia/Taipei","BTCUSDT","BTC-260916-77500-C","2026-09-16","77500","CALL","1h","2026-09-14 12:00:00","2026-09-14 20:00:00","875.000","875.000","875.000","875.000","0.00","2026-09-14 12:59:59","2026-09-14 20:59:59","0.00000","0","0.00","0.00000"
"all-available","Asia/Taipei","BTCUSDT","BTC-260916-77500-C","2026-09-16","77500","CALL","1h","2026-09-14 13:00:00","2026-09-14 21:00:00","865.000","1145.000","865.000","1145.000","0.85","2026-09-14 13:59:59","2026-09-14 21:59:59","861.25000","3","0.45","515.25000"
"all-available","Asia/Taipei","BTCUSDT","BTC-260916-77500-C","2026-09-16","77500","CALL","1h","2026-09-14 14:00:00","2026-09-14 22:00:00","1260.000","1260.000","1260.000","1260.000","0.01","2026-09-14 14:59:59","2026-09-14 22:59:59","12.60000","1","0.01","12.60000"
"all-available","Asia/Taipei","BTCUSDT","BTC-260916-77500-C","2026-09-16","77500","CALL","1h","2026-09-14 15:00:00","2026-09-14 23:00:00","1260.000","1260.000","1260.000","1260.000","0.00","2026-09-14 15:59:59","2026-09-14 23:59:59","0.00000","0","0.00","0.00000"
"all-available","Asia/Taipei","BTCUSDT","BTC-260916-77500-C","2026-09-16","77500","CALL","1h","2026-09-14 16:00:00","2026-09-15 00:00:00","1260.000","1260.000","1260.000","1260.000","0.00","2026-09-14 16:59:59","2026-09-15 00:59:59","0.00000","0","0.00","0.00000"
"all-available","Asia/Taipei","BTCUSDT","BTC-260916-77500-C","2026-09-16","77500","CALL","1h","2026-09-14 17:00:00","2026-09-15 01:00:00","1260.000","1260.000","1260.000","1260.000","0.00","2026-09-14 17:59:59","2026-09-15 01:59:59","0.00000","0","0.00","0.00000"
"all-available","Asia/Taipei","BTCUSDT","BTC-260916-77500-C","2026-09-16","77500","CALL","1h","2026-09-14 18:00:00","2026-09-15 02:00:00","1260.000","1260.000","1260.000","1260.000","0.00","2026-09-14 18:59:59","2026-09-15 02:59:59","0.00000","0","0.00","0.00000"
"all-available","Asia/Taipei","BTCUSDT","BTC-260916-77500-C","2026-09-16","77500","CALL","1h","2026-09-14 19:00:00","2026-09-15 03:00:00","1260.000","1260.000","1260.000","1260.000","0.00","2026-09-14 19:59:59","2026-09-15 03:59:59","0.00000","0","0.00","0.00000"
"all-available","Asia/Taipei","BTCUSDT","BTC-260916-77500-C","2026-09-16","77500","CALL","1h","2026-09-14 20:00:00","2026-09-15 04:00:00","1260.000","1260.000","1260.000","1260.000","0.00","2026-09-14 20:59:59","2026-09-15 04:59:59","0.00000","0","0.00","0.00000"
"all-available","Asia/Taipei","BTCUSDT","BTC-260916-77500-C","2026-09-16","77500","CALL","1h","2026-09-14 21:00:00","2026-09-15 05:00:00","1260.000","1260.000","1260.000","1260.000","0.00","2026-09-14 21:59:59","2026-09-15 05:59:59","0.00000","0","0.00","0.00000"
"all-available","Asia/Taipei","BTCUSDT","BTC-260916-77500-C","2026-09-16","77500","CALL","1h","2026-09-14 22:00:00","2026-09-15 06:00:00","1260.000","1260.000","1260.000","1260.000","0.00","2026-09-14 22:59:59","2026-09-15 06:59:59","0.00000","0","0.00","0.00000"
"all-available","Asia/Taipei","BTCUSDT","BTC-260916-77500-C","2026-09-16","77500","CALL","1h","2026-09-14 23:00:00","2026-09-15 07:00:00","1260.000","1260.000","1260.000","1260.000","0.00","2026-09-14 23:59:59","2026-09-15 07:59:59","0.00000","0","0.00","0.00000"
"all-available","Asia/Taipei","BTCUSDT","BTC-260916-77500-C","2026-09-16","77500","CALL","1h","2026-09-15 00:00:00","2026-09-15 08:00:00","995.000","995.000","995.000","995.000","2.53","2026-09-15 00:59:59","2026-09-15 08:59:59","2517.35000","1","0.00","0.00000"
"all-available","Asia/Taipei","BTCUSDT","BTC-260916-77500-C","2026-09-16","77500","CALL","1h","2026-09-15 01:00:00","2026-09-15 09:00:00","995.000","995.000","995.000","995.000","0.00","2026-09-15 01:59:59","2026-09-15 09:59:59","0.00000","0","0.00","0.00000"
"all-available","Asia/Taipei","BTCUSDT","BTC-260916-77500-C","2026-09-16","77500","CALL","1h","2026-09-15 02:00:00","2026-09-15 10:00:00","995.000","995.000","995.000","995.000","0.00","2026-09-15 02:59:59","2026-09-15 10:59:59","0.00000","0","0.00","0.00000"
"all-available","Asia/Taipei","BTCUSDT","BTC-260916-77500-C","2026-09-16","77500","CALL","1h","2026-09-15 03:00:00","2026-09-15 11:00:00","995.000","995.000","995.000","995.000","0.00","2026-09-15 03:59:59","2026-09-15 11:59:59","0.00000","0","0.00","0.00000"
"all-available","Asia/Taipei","BTCUSDT","BTC-260916-77500-C","2026-09-16","77500","CALL","1h","2026-09-15 04:00:00","2026-09-15 12:00:00","690.000","690.000","690.000","690.000","0.20","2026-09-15 04:59:59","2026-09-15 12:59:59","138.00000","1","0.00","0.00000"
"all-available","Asia/Taipei","BTCUSDT","BTC-260916-77500-C","2026-09-16","77500","CALL","1h","2026-09-15 05:00:00","2026-09-15 13:00:00","665.000","665.000","595.000","620.000","2.45","2026-09-15 05:59:59","2026-09-15 13:59:59","1610.65000","7","0.35","215.50000"
"all-available","Asia/Taipei","BTCUSDT","BTC-260916-77500-C","2026-09-16","77500","CALL","1h","2026-09-15 06:00:00","2026-09-15 14:00:00","775.000","775.000","535.000","535.000","0.32","2026-09-15 06:59:59","2026-09-15 14:59:59","174.30000","4","0.02","13.80000"
"all-available","Asia/Taipei","BTCUSDT","BTC-260916-77500-C","2026-09-16","77500","CALL","1h","2026-09-15 07:00:00","2026-09-15 15:00:00","525.000","545.000","410.000","410.000","9.90","2026-09-15 07:59:59","2026-09-15 15:59:59","5137.50000","27","7.87","4058.60000"
"all-available","Asia/Taipei","BTCUSDT","BTC-260916-77500-C","2026-09-16","77500","CALL","1h","2026-09-15 08:00:00","2026-09-15 16:00:00","365.000","370.000","320.000","370.000","10.14","2026-09-15 08:59:59","2026-09-15 16:59:59","3383.35000","16","9.46","3153.95000"
"all-available","Asia/Taipei","BTCUSDT","BTC-260916-77500-C","2026-09-16","77500","CALL","1h","2026-09-15 09:00:00","2026-09-15 17:00:00","375.000","385.000","360.000","365.000","3.69","2026-09-15 09:59:59","2026-09-15 17:59:59","1347.25000","11","0.03","11.45000"
"all-available","Asia/Taipei","BTCUSDT","BTC-260916-77500-C","2026-09-16","77500","CALL","1h","2026-09-15 10:00:00","2026-09-15 18:00:00","345.000","375.000","345.000","370.000","4.29","2026-09-15 10:59:59","2026-09-15 18:59:59","1550.35000","15","1.44","514.65000"
"all-available","Asia/Taipei","BTCUSDT","BTC-260916-77500-C","2026-09-16","77500","CALL","1h","2026-09-15 11:00:00","2026-09-15 19:00:00","490.000","540.000","430.000","540.000","3.15","2026-09-15 11:59:59","2026-09-15 19:59:59","1419.95000","14","2.58","1141.75000"
"all-available","Asia/Taipei","BTCUSDT","BTC-260916-77500-C","2026-09-16","77500","CALL","1h","2026-09-15 12:00:00","2026-09-15 20:00:00","555.000","600.000","535.000","540.000","0.60","2026-09-15 12:59:59","2026-09-15 20:59:59","336.55000","14","0.10","56.65000"
"all-available","Asia/Taipei","BTCUSDT","BTC-260916-77500-C","2026-09-16","77500","CALL","1h","2026-09-15 13:00:00","2026-09-15 21:00:00","580.000","595.000","305.000","325.000","6.53","2026-09-15 13:59:59","2026-09-15 21:59:59","3241.60000","19","2.12","680.40000"
"all-available","Asia/Taipei","BTCUSDT","BTC-260916-77500-C","2026-09-16","77500","CALL","1h","2026-09-15 14:00:00","2026-09-15 22:00:00","415.000","415.000","205.000","250.000","4.04","2026-09-15 14:59:59","2026-09-15 22:59:59","1212.30000","21","0.06","22.75000"
"all-available","Asia/Taipei","BTCUSDT","BTC-260916-77500-C","2026-09-16","77500","CALL","1h","2026-09-15 15:00:00","2026-09-15 23:00:00","245.000","350.000","225.000","350.000","17.11","2026-09-15 15:59:59","2026-09-15 23:59:59","4541.25000","34","15.07","3950.25000"
"all-available","Asia/Taipei","BTCUSDT","BTC-260916-77500-C","2026-09-16","77500","CALL","1h","2026-09-15 16:00:00","2026-09-16 00:00:00","280.000","300.000","280.000","295.000","0.41","2026-09-15 16:59:59","2026-09-16 00:59:59","117.85000","4","0.15","44.25000"
"all-available","Asia/Taipei","BTCUSDT","BTC-260916-77500-C","2026-09-16","77500","CALL","1h","2026-09-15 17:00:00","2026-09-16 01:00:00","220.000","555.000","220.000","380.000","4.66","2026-09-15 17:59:59","2026-09-16 01:59:59","1701.15000","19","4.11","1437.40000"
"all-available","Asia/Taipei","BTCUSDT","BTC-260916-77500-C","2026-09-16","77500","CALL","1h","2026-09-15 18:00:00","2026-09-16 02:00:00","400.000","530.000","50.000","95.000","56.62","2026-09-15 18:59:59","2026-09-16 02:59:59","9630.75000","67","40.79","6640.25000"
"all-available","Asia/Taipei","BTCUSDT","BTC-260916-77500-C","2026-09-16","77500","CALL","1h","2026-09-15 19:00:00","2026-09-16 03:00:00","85.000","90.000","50.000","55.000","4.22","2026-09-15 19:59:59","2026-09-16 03:59:59","318.10000","14","2.95","218.40000"
"all-available","Asia/Taipei","BTCUSDT","BTC-260916-77500-C","2026-09-16","77500","CALL","1h","2026-09-15 20:00:00","2026-09-16 04:00:00","65.000","65.000","40.000","55.000","1.66","2026-09-15 20:59:59","2026-09-16 04:59:59","85.75000","8","0.62","33.75000"
"all-available","Asia/Taipei","BTCUSDT","BTC-260916-77500-C","2026-09-16","77500","CALL","1h","2026-09-15 21:00:00","2026-09-16 05:00:00","30.000","30.000","30.000","30.000","0.12","2026-09-15 21:59:59","2026-09-16 05:59:59","3.60000","1","0.00","0.00000"
"all-available","Asia/Taipei","BTCUSDT","BTC-260916-77500-C","2026-09-16","77500","CALL","1h","2026-09-15 22:00:00","2026-09-16 06:00:00","25.000","25.000","20.000","20.000","0.70","2026-09-15 22:59:59","2026-09-16 06:59:59","16.50000","6","0.50","12.50000"
"all-available","Asia/Taipei","BTCUSDT","BTC-260916-77500-C","2026-09-16","77500","CALL","1h","2026-09-15 23:00:00","2026-09-16 07:00:00","10.000","10.000","10.000","10.000","19.16","2026-09-15 23:59:59","2026-09-16 07:59:59","191.60000","10","2.16","21.60000"
"all-available","Asia/Taipei","BTCUSDT","BTC-260916-77500-C","2026-09-16","77500","CALL","1h","2026-09-16 00:00:00","2026-09-16 08:00:00","10.000","10.000","10.000","10.000","0.21","2026-09-16 00:59:59","2026-09-16 08:59:59","2.10000","1","0.21","2.10000"
"all-available","Asia/Taipei","BTCUSDT","BTC-260916-77500-C","2026-09-16","77500","CALL","1h","2026-09-16 01:00:00","2026-09-16 09:00:00","5.000","5.000","5.000","5.000","4.10","2026-09-16 01:59:59","2026-09-16 09:59:59","20.50000","4","0.00","0.00000"
"all-available","Asia/Taipei","BTCUSDT","BTC-260916-77500-C","2026-09-16","77500","CALL","1h","2026-09-16 02:00:00","2026-09-16 10:00:00","5.000","5.000","5.000","5.000","7.93","2026-09-16 02:59:59","2026-09-16 10:59:59","39.65000","7","0.43","2.15000"
"all-available","Asia/Taipei","BTCUSDT","BTC-260916-77500-C","2026-09-16","77500","CALL","1h","2026-09-16 03:00:00","2026-09-16 11:00:00","5.000","5.000","5.000","5.000","1.82","2026-09-16 03:59:59","2026-09-16 11:59:59","9.10000","4","0.04","0.20000"
"all-available","Asia/Taipei","BTCUSDT","BTC-260916-77500-C","2026-09-16","77500","CALL","1h","2026-09-16 04:00:00","2026-09-16 12:00:00","5.000","5.000","5.000","5.000","0.00","2026-09-16 04:59:59","2026-09-16 12:59:59","0.00000","0","0.00","0.00000"
"all-available","Asia/Taipei","BTCUSDT","BTC-260916-77500-C","2026-09-16","77500","CALL","1h","2026-09-16 05:00:00","2026-09-16 13:00:00","5.000","5.000","5.000","5.000","0.00","2026-09-16 05:59:59","2026-09-16 13:59:59","0.00000","0","0.00","0.00000"
"all-available","Asia/Taipei","BTCUSDT","BTC-260916-77500-C","2026-09-16","77500","CALL","1h","2026-09-16 06:00:00","2026-09-16 14:00:00","5.000","5.000","5.000","5.000","0.00","2026-09-16 06:59:59","2026-09-16 14:59:59","0.00000","0","0.00","0.00000"
"all-available","Asia/Taipei","BTCUSDT","BTC-260916-77500-C","2026-09-16","77500","CALL","1h","2026-09-16 07:00:00","2026-09-16 15:00:00","5.000","5.000","5.000","5.000","0.00","2026-09-16 07:59:59","2026-09-16 15:59:59","0.00000","0","0.00","0.00000"
"all-available","Asia/Taipei","BTCUSDT","BTC-260916-77500-P","2026-09-16","77500","PUT","1h","2026-09-14 10:00:00","2026-09-14 18:00:00","505.000","550.000","505.000","550.000","0.02","2026-09-14 10:59:59","2026-09-14 18:59:59","10.55000","2","0.01","5.05000"
"all-available","Asia/Taipei","BTCUSDT","BTC-260916-77500-P","2026-09-16","77500","PUT","1h","2026-09-14 11:00:00","2026-09-14 19:00:00","580.000","650.000","575.000","610.000","0.77","2026-09-14 11:59:59","2026-09-14 19:59:59","446.65000","7","0.01","6.50000"
"all-available","Asia/Taipei","BTCUSDT","BTC-260916-77500-P","2026-09-16","77500","PUT","1h","2026-09-14 12:00:00","2026-09-14 20:00:00","575.000","680.000","575.000","680.000","1.28","2026-09-14 12:59:59","2026-09-14 20:59:59","782.15000","8","0.39","265.00000"
"all-available","Asia/Taipei","BTCUSDT","BTC-260916-77500-P","2026-09-16","77500","PUT","1h","2026-09-14 13:00:00","2026-09-14 21:00:00","750.000","750.000","400.000","410.000","0.45","2026-09-14 13:59:59","2026-09-14 21:59:59","299.40000","4","0.24","145.40000"
"all-available","Asia/Taipei","BTCUSDT","BTC-260916-77500-P","2026-09-16","77500","PUT","1h","2026-09-14 14:00:00","2026-09-14 22:00:00","335.000","335.000","335.000","335.000","0.01","2026-09-14 14:59:59","2026-09-14 22:59:59","3.35000","1","0.01","3.35000"
"all-available","Asia/Taipei","BTCUSDT","BTC-260916-77500-P","2026-09-16","77500","PUT","1h","2026-09-14 15:00:00","2026-09-14 23:00:00","380.000","380.000","370.000","370.000","0.50","2026-09-14 15:59:59","2026-09-14 23:59:59","188.00000","2","0.00","0.00000"
"all-available","Asia/Taipei","BTCUSDT","BTC-260916-77500-P","2026-09-16","77500","PUT","1h","2026-09-14 16:00:00","2026-09-15 00:00:00","325.000","325.000","230.000","245.000","0.44","2026-09-14 16:59:59","2026-09-15 00:59:59","117.00000","5","0.08","18.60000"
"all-available","Asia/Taipei","BTCUSDT","BTC-260916-77500-P","2026-09-16","77500","PUT","1h","2026-09-14 17:00:00","2026-09-15 01:00:00","250.000","250.000","210.000","210.000","0.32","2026-09-14 17:59:59","2026-09-15 01:59:59","75.30000","3","0.32","75.30000"
"all-available","Asia/Taipei","BTCUSDT","BTC-260916-77500-P","2026-09-16","77500","PUT","1h","2026-09-14 18:00:00","2026-09-15 02:00:00","210.000","210.000","210.000","210.000","0.00","2026-09-14 18:59:59","2026-09-15 02:59:59","0.00000","0","0.00","0.00000"
"all-available","Asia/Taipei","BTCUSDT","BTC-260916-77500-P","2026-09-16","77500","PUT","1h","2026-09-14 19:00:00","2026-09-15 03:00:00","210.000","210.000","210.000","210.000","0.00","2026-09-14 19:59:59","2026-09-15 03:59:59","0.00000","0","0.00","0.00000"
"all-available","Asia/Taipei","BTCUSDT","BTC-260916-77500-P","2026-09-16","77500","PUT","1h","2026-09-14 20:00:00","2026-09-15 04:00:00","210.000","210.000","210.000","210.000","0.00","2026-09-14 20:59:59","2026-09-15 04:59:59","0.00000","0","0.00","0.00000"
"all-available","Asia/Taipei","BTCUSDT","BTC-260916-77500-P","2026-09-16","77500","PUT","1h","2026-09-14 21:00:00","2026-09-15 05:00:00","220.000","220.000","220.000","220.000","0.01","2026-09-14 21:59:59","2026-09-15 05:59:59","2.20000","1","0.01","2.20000"
"all-available","Asia/Taipei","BTCUSDT","BTC-260916-77500-P","2026-09-16","77500","PUT","1h","2026-09-14 22:00:00","2026-09-15 06:00:00","270.000","270.000","270.000","270.000","0.02","2026-09-14 22:59:59","2026-09-15 06:59:59","5.40000","1","0.02","5.40000"
"all-available","Asia/Taipei","BTCUSDT","BTC-260916-77500-P","2026-09-16","77500","PUT","1h","2026-09-14 23:00:00","2026-09-15 07:00:00","280.000","330.000","280.000","330.000","0.60","2026-09-14 23:59:59","2026-09-15 07:59:59","193.50000","4","0.09","25.20000"
"all-available","Asia/Taipei","BTCUSDT","BTC-260916-77500-P","2026-09-16","77500","PUT","1h","2026-09-15 00:00:00","2026-09-15 08:00:00","395.000","475.000","395.000","475.000","0.15","2026-09-15 00:59:59","2026-09-15 08:59:59","65.00000","3","0.06","24.50000"
"all-available","Asia/Taipei","BTCUSDT","BTC-260916-77500-P","2026-09-16","77500","PUT","1h","2026-09-15 01:00:00","2026-09-15 09:00:00","500.000","530.000","430.000","430.000","0.41","2026-09-15 01:59:59","2026-09-15 09:59:59","184.20000","5","0.02","10.00000"
"all-available","Asia/Taipei","BTCUSDT","BTC-260916-77500-P","2026-09-16","77500","PUT","1h","2026-09-15 02:00:00","2026-09-15 10:00:00","500.000","500.000","500.000","500.000","0.06","2026-09-15 02:59:59","2026-09-15 10:59:59","30.00000","1","0.00","0.00000"
"all-available","Asia/Taipei","BTCUSDT","BTC-260916-77500-P","2026-09-16","77500","PUT","1h","2026-09-15 03:00:00","2026-09-15 11:00:00","490.000","545.000","490.000","545.000","0.08","2026-09-15 03:59:59","2026-09-15 11:59:59","40.50000","3","0.00","0.00000"
"all-available","Asia/Taipei","BTCUSDT","BTC-260916-77500-P","2026-09-16","77500","PUT","1h","2026-09-15 04:00:00","2026-09-15 12:00:00","545.000","605.000","545.000","580.000","0.40","2026-09-15 04:59:59","2026-09-15 12:59:59","234.70000","5","0.38","222.85000"
"all-available","Asia/Taipei","BTCUSDT","BTC-260916-77500-P","2026-09-16","77500","PUT","1h","2026-09-15 05:00:00","2026-09-15 13:00:00","590.000","705.000","580.000","665.000","0.41","2026-09-15 05:59:59","2026-09-15 13:59:59","261.00000","6","0.19","120.60000"
"all-available","Asia/Taipei","BTCUSDT","BTC-260916-77500-P","2026-09-16","77500","PUT","1h","2026-09-15 06:00:00","2026-09-15 14:00:00","585.000","800.000","585.000","800.000","0.41","2026-09-15 06:59:59","2026-09-15 14:59:59","298.70000","5","0.40","292.85000"
"all-available","Asia/Taipei","BTCUSDT","BTC-260916-77500-P","2026-09-16","77500","PUT","1h","2026-09-15 07:00:00","2026-09-15 15:00:00","765.000","850.000","760.000","850.000","1.09","2026-09-15 07:59:59","2026-09-15 15:59:59","835.80000","14","1.09","835.80000"
"all-available","Asia/Taipei","BTCUSDT","BTC-260916-77500-P","2026-09-16","77500","PUT","1h","2026-09-15 08:00:00","2026-09-15 16:00:00","990.000","1030.000","990.000","1000.000","0.07","2026-09-15 08:59:59","2026-09-15 16:59:59","69.80000","3","0.07","69.80000"
"all-available","Asia/Taipei","BTCUSDT","BTC-260916-77500-P","2026-09-16","77500","PUT","1h","2026-09-15 09:00:00","2026-09-15 17:00:00","1000.000","1000.000","1000.000","1000.000","0.00","2026-09-15 09:59:59","2026-09-15 17:59:59","0.00000","0","0.00","0.00000"
"all-available","Asia/Taipei","BTCUSDT","BTC-260916-77500-P","2026-09-16","77500","PUT","1h","2026-09-15 10:00:00","2026-09-15 18:00:00","820.000","865.000","820.000","835.000","5.03","2026-09-15 10:59:59","2026-09-15 18:59:59","4213.35000","11","4.28","3570.60000"
"all-available","Asia/Taipei","BTCUSDT","BTC-260916-77500-P","2026-09-16","77500","PUT","1h","2026-09-15 11:00:00","2026-09-15 19:00:00","1035.000","1070.000","1035.000","1070.000","0.44","2026-09-15 11:59:59","2026-09-15 19:59:59","467.30000","2","0.34","363.80000"
"all-available","Asia/Taipei","BTCUSDT","BTC-260916-77500-P","2026-09-16","77500","PUT","1h","2026-09-15 12:00:00","2026-09-15 20:00:00","1110.000","1155.000","1060.000","1060.000","7.61","2026-09-15 12:59:59","2026-09-15 20:59:59","8271.15000","24","1.68","1852.85000"
"all-available","Asia/Taipei","BTCUSDT","BTC-260916-77500-P","2026-09-16","77500","PUT","1h","2026-09-15 13:00:00","2026-09-15 21:00:00","1070.000","1210.000","1070.000","1210.000","3.33","2026-09-15 13:59:59","2026-09-15 21:59:59","4002.10000","3","3.13","3769.10000"
"all-available","Asia/Taipei","BTCUSDT","BTC-260916-77500-P","2026-09-16","77500","PUT","1h","2026-09-15 14:00:00","2026-09-15 22:00:00","1695.000","1695.000","1695.000","1695.000","0.08","2026-09-15 14:59:59","2026-09-15 22:59:59","135.60000","1","0.08","135.60000"
"all-available","Asia/Taipei","BTCUSDT","BTC-260916-77500-P","2026-09-16","77500","PUT","1h","2026-09-15 15:00:00","2026-09-15 23:00:00","1790.000","1790.000","1790.000","1790.000","0.10","2026-09-15 15:59:59","2026-09-15 23:59:59","179.00000","1","0.10","179.00000"
"all-available","Asia/Taipei","BTCUSDT","BTC-260916-77500-P","2026-09-16","77500","PUT","1h","2026-09-15 16:00:00","2026-09-16 00:00:00","1790.000","1790.000","1790.000","1790.000","0.00","2026-09-15 16:59:59","2026-09-16 00:59:59","0.00000","0","0.00","0.00000"
"all-available","Asia/Taipei","BTCUSDT","BTC-260916-77500-P","2026-09-16","77500","PUT","1h","2026-09-15 17:00:00","2026-09-16 01:00:00","770.000","930.000","770.000","930.000","0.23","2026-09-15 17:59:59","2026-09-16 01:59:59","178.70000","3","0.23","178.70000"
"all-available","Asia/Taipei","BTCUSDT","BTC-260916-77500-P","2026-09-16","77500","PUT","1h","2026-09-15 18:00:00","2026-09-16 02:00:00","1010.000","1040.000","890.000","890.000","1.28","2026-09-15 18:59:59","2026-09-16 02:59:59","1263.50000","7","0.48","457.50000"
"all-available","Asia/Taipei","BTCUSDT","BTC-260916-77500-P","2026-09-16","77500","PUT","1h","2026-09-15 19:00:00","2026-09-16 03:00:00","890.000","890.000","890.000","890.000","0.00","2026-09-15 19:59:59","2026-09-16 03:59:59","0.00000","0","0.00","0.00000"
"all-available","Asia/Taipei","BTCUSDT","BTC-260916-77500-P","2026-09-16","77500","PUT","1h","2026-09-15 20:00:00","2026-09-16 04:00:00","890.000","890.000","890.000","890.000","0.00","2026-09-15 20:59:59","2026-09-16 04:59:59","0.00000","0","0.00","0.00000"
"all-available","Asia/Taipei","BTCUSDT","BTC-260916-77500-P","2026-09-16","77500","PUT","1h","2026-09-15 21:00:00","2026-09-16 05:00:00","890.000","890.000","890.000","890.000","0.00","2026-09-15 21:59:59","2026-09-16 05:59:59","0.00000","0","0.00","0.00000"
"all-available","Asia/Taipei","BTCUSDT","BTC-260916-77500-P","2026-09-16","77500","PUT","1h","2026-09-15 22:00:00","2026-09-16 06:00:00","890.000","890.000","890.000","890.000","0.00","2026-09-15 22:59:59","2026-09-16 06:59:59","0.00000","0","0.00","0.00000"
"all-available","Asia/Taipei","BTCUSDT","BTC-260916-77500-P","2026-09-16","77500","PUT","1h","2026-09-15 23:00:00","2026-09-16 07:00:00","890.000","890.000","890.000","890.000","0.00","2026-09-15 23:59:59","2026-09-16 07:59:59","0.00000","0","0.00","0.00000"
"all-available","Asia/Taipei","BTCUSDT","BTC-260916-77500-P","2026-09-16","77500","PUT","1h","2026-09-16 00:00:00","2026-09-16 08:00:00","890.000","890.000","890.000","890.000","0.00","2026-09-16 00:59:59","2026-09-16 08:59:59","0.00000","0","0.00","0.00000"
"all-available","Asia/Taipei","BTCUSDT","BTC-260916-77500-P","2026-09-16","77500","PUT","1h","2026-09-16 01:00:00","2026-09-16 09:00:00","890.000","890.000","890.000","890.000","0.00","2026-09-16 01:59:59","2026-09-16 09:59:59","0.00000","0","0.00","0.00000"
"all-available","Asia/Taipei","BTCUSDT","BTC-260916-77500-P","2026-09-16","77500","PUT","1h","2026-09-16 02:00:00","2026-09-16 10:00:00","890.000","890.000","890.000","890.000","0.00","2026-09-16 02:59:59","2026-09-16 10:59:59","0.00000","0","0.00","0.00000"
"all-available","Asia/Taipei","BTCUSDT","BTC-260916-77500-P","2026-09-16","77500","PUT","1h","2026-09-16 03:00:00","2026-09-16 11:00:00","890.000","890.000","890.000","890.000","0.00","2026-09-16 03:59:59","2026-09-16 11:59:59","0.00000","0","0.00","0.00000"
"all-available","Asia/Taipei","BTCUSDT","BTC-260916-77500-P","2026-09-16","77500","PUT","1h","2026-09-16 04:00:00","2026-09-16 12:00:00","890.000","890.000","890.000","890.000","0.00","2026-09-16 04:59:59","2026-09-16 12:59:59","0.00000","0","0.00","0.00000"
"all-available","Asia/Taipei","BTCUSDT","BTC-260916-77500-P","2026-09-16","77500","PUT","1h","2026-09-16 05:00:00","2026-09-16 13:00:00","890.000","890.000","890.000","890.000","0.00","2026-09-16 05:59:59","2026-09-16 13:59:59","0.00000","0","0.00","0.00000"
"all-available","Asia/Taipei","BTCUSDT","BTC-260916-77500-P","2026-09-16","77500","PUT","1h","2026-09-16 06:00:00","2026-09-16 14:00:00","890.000","890.000","890.000","890.000","0.00","2026-09-16 06:59:59","2026-09-16 14:59:59","0.00000","0","0.00","0.00000"
"all-available","Asia/Taipei","BTCUSDT","BTC-260916-77500-P","2026-09-16","77500","PUT","1h","2026-09-16 07:00:00","2026-09-16 15:00:00","890.000","890.000","890.000","890.000","0.00","2026-09-16 07:59:59","2026-09-16 15:59:59","0.00000","0","0.00","0.00000"
"all-available","Asia/Taipei","BTCUSDT","BTC-260916-77750-C","2026-09-16","77750","CALL","1h","2026-09-14 09:00:00","2026-09-14 17:00:00","795.000","795.000","795.000","795.000","0.20","2026-09-14 09:59:59","2026-09-14 17:59:59","159.00000","1","0.20","159.00000"
"all-available","Asia/Taipei","BTCUSDT","BTC-260916-77750-C","2026-09-16","77750","CALL","1h","2026-09-14 10:00:00","2026-09-14 18:00:00","930.000","955.000","870.000","870.000","2.55","2026-09-14 10:59:59","2026-09-14 18:59:59","2394.25000","5","0.49","426.95000"
"all-available","Asia/Taipei","BTCUSDT","BTC-260916-77750-C","2026-09-16","77750","CALL","1h","2026-09-14 11:00:00","2026-09-14 19:00:00","870.000","870.000","870.000","870.000","0.00","2026-09-14 11:59:59","2026-09-14 19:59:59","0.00000","0","0.00","0.00000"
"all-available","Asia/Taipei","BTCUSDT","BTC-260916-77750-C","2026-09-16","77750","CALL","1h","2026-09-14 12:00:00","2026-09-14 20:00:00","790.000","790.000","780.000","780.000","0.02","2026-09-14 12:59:59","2026-09-14 20:59:59","15.70000","2","0.01","7.90000"
"all-available","Asia/Taipei","BTCUSDT","BTC-260916-77750-C","2026-09-16","77750","CALL","1h","2026-09-14 13:00:00","2026-09-14 21:00:00","735.000","865.000","735.000","865.000","4.37","2026-09-14 13:59:59","2026-09-14 21:59:59","3213.25000","5","0.01","8.65000"
"all-available","Asia/Taipei","BTCUSDT","BTC-260916-77750-C","2026-09-16","77750","CALL","1h","2026-09-14 14:00:00","2026-09-14 22:00:00","1160.000","1160.000","1160.000","1160.000","0.01","2026-09-14 14:59:59","2026-09-14 22:59:59","11.60000","1","0.01","11.60000"
"all-available","Asia/Taipei","BTCUSDT","BTC-260916-77750-C","2026-09-16","77750","CALL","1h","2026-09-14 15:00:00","2026-09-14 23:00:00","1205.000","1205.000","1110.000","1110.000","0.21","2026-09-14 15:59:59","2026-09-14 23:59:59","234.05000","2","0.21","234.05000"
"all-available","Asia/Taipei","BTCUSDT","BTC-260916-77750-C","2026-09-16","77750","CALL","1h","2026-09-14 16:00:00","2026-09-15 00:00:00","1110.000","1110.000","1110.000","1110.000","0.00","2026-09-14 16:59:59","2026-09-15 00:59:59","0.00000","0","0.00","0.00000"
"all-available","Asia/Taipei","BTCUSDT","BTC-260916-77750-C","2026-09-16","77750","CALL","1h","2026-09-14 17:00:00","2026-09-15 01:00:00","1110.000","1110.000","1110.000","1110.000","0.00","2026-09-14 17:59:59","2026-09-15 01:59:59","0.00000","0","0.00","0.00000"
"all-available","Asia/Taipei","BTCUSDT","BTC-260916-77750-C","2026-09-16","77750","CALL","1h","2026-09-14 18:00:00","2026-09-15 02:00:00","1110.000","1110.000","1110.000","1110.000","0.00","2026-09-14 18:59:59","2026-09-15 02:59:59","0.00000","0","0.00","0.00000"
"all-available","Asia/Taipei","BTCUSDT","BTC-260916-77750-C","2026-09-16","77750","CALL","1h","2026-09-14 19:00:00","2026-09-15 03:00:00","1110.000","1110.000","1110.000","1110.000","0.00","2026-09-14 19:59:59","2026-09-15 03:59:59","0.00000","0","0.00","0.00000"
"all-available","Asia/Taipei","BTCUSDT","BTC-260916-77750-C","2026-09-16","77750","CALL","1h","2026-09-14 20:00:00","2026-09-15 04:00:00","1110.000","1110.000","1110.000","1110.000","0.00","2026-09-14 20:59:59","2026-09-15 04:59:59","0.00000","0","0.00","0.00000"
"all-available","Asia/Taipei","BTCUSDT","BTC-260916-77750-C","2026-09-16","77750","CALL","1h","2026-09-14 21:00:00","2026-09-15 05:00:00","1110.000","1110.000","1110.000","1110.000","0.00","2026-09-14 21:59:59","2026-09-15 05:59:59","0.00000","0","0.00","0.00000"
"all-available","Asia/Taipei","BTCUSDT","BTC-260916-77750-C","2026-09-16","77750","CALL","1h","2026-09-14 22:00:00","2026-09-15 06:00:00","1110.000","1110.000","1110.000","1110.000","0.00","2026-09-14 22:59:59","2026-09-15 06:59:59","0.00000","0","0.00","0.00000"
"all-available","Asia/Taipei","BTCUSDT","BTC-260916-77750-C","2026-09-16","77750","CALL","1h","2026-09-14 23:00:00","2026-09-15 07:00:00","1110.000","1110.000","1110.000","1110.000","0.00","2026-09-14 23:59:59","2026-09-15 07:59:59","0.00000","0","0.00","0.00000"
"all-available","Asia/Taipei","BTCUSDT","BTC-260916-77750-C","2026-09-16","77750","CALL","1h","2026-09-15 00:00:00","2026-09-15 08:00:00","840.000","840.000","840.000","840.000","0.91","2026-09-15 00:59:59","2026-09-15 08:59:59","764.40000","2","0.00","0.00000"
"all-available","Asia/Taipei","BTCUSDT","BTC-260916-77750-C","2026-09-16","77750","CALL","1h","2026-09-15 01:00:00","2026-09-15 09:00:00","765.000","765.000","765.000","765.000","2.00","2026-09-15 01:59:59","2026-09-15 09:59:59","1530.00000","1","2.00","1530.00000"
"all-available","Asia/Taipei","BTCUSDT","BTC-260916-77750-C","2026-09-16","77750","CALL","1h","2026-09-15 02:00:00","2026-09-15 10:00:00","720.000","730.000","720.000","730.000","0.52","2026-09-15 02:59:59","2026-09-15 10:59:59","379.40000","4","0.00","0.00000"
"all-available","Asia/Taipei","BTCUSDT","BTC-260916-77750-C","2026-09-16","77750","CALL","1h","2026-09-15 03:00:00","2026-09-15 11:00:00","705.000","705.000","705.000","705.000","0.03","2026-09-15 03:59:59","2026-09-15 11:59:59","21.15000","1","0.00","0.00000"
"all-available","Asia/Taipei","BTCUSDT","BTC-260916-77750-C","2026-09-16","77750","CALL","1h","2026-09-15 04:00:00","2026-09-15 12:00:00","705.000","705.000","705.000","705.000","0.00","2026-09-15 04:59:59","2026-09-15 12:59:59","0.00000","0","0.00","0.00000"
"all-available","Asia/Taipei","BTCUSDT","BTC-260916-77750-C","2026-09-16","77750","CALL","1h","2026-09-15 05:00:00","2026-09-15 13:00:00","605.000","605.000","515.000","515.000","0.66","2026-09-15 05:59:59","2026-09-15 13:59:59","384.20000","4","0.66","384.20000"
"all-available","Asia/Taipei","BTCUSDT","BTC-260916-77750-C","2026-09-16","77750","CALL","1h","2026-09-15 06:00:00","2026-09-15 14:00:00","515.000","515.000","515.000","515.000","0.00","2026-09-15 06:59:59","2026-09-15 14:59:59","0.00000","0","0.00","0.00000"
"all-available","Asia/Taipei","BTCUSDT","BTC-260916-77750-C","2026-09-16","77750","CALL","1h","2026-09-15 07:00:00","2026-09-15 15:00:00","435.000","445.000","295.000","295.000","2.39","2026-09-15 07:59:59","2026-09-15 15:59:59","1041.55000","17","0.38","163.60000"
"all-available","Asia/Taipei","BTCUSDT","BTC-260916-77750-C","2026-09-16","77750","CALL","1h","2026-09-15 08:00:00","2026-09-15 16:00:00","285.000","285.000","275.000","275.000","0.59","2026-09-15 08:59:59","2026-09-15 16:59:59","162.70000","5","0.53","145.85000"
"all-available","Asia/Taipei","BTCUSDT","BTC-260916-77750-C","2026-09-16","77750","CALL","1h","2026-09-15 09:00:00","2026-09-15 17:00:00","310.000","310.000","290.000","290.000","0.03","2026-09-15 09:59:59","2026-09-15 17:59:59","8.90000","2","0.01","3.10000"
"all-available","Asia/Taipei","BTCUSDT","BTC-260916-77750-C","2026-09-16","77750","CALL","1h","2026-09-15 10:00:00","2026-09-15 18:00:00","295.000","295.000","270.000","270.000","0.20","2026-09-15 10:59:59","2026-09-15 18:59:59","54.50000","3","0.20","54.50000"
"all-available","Asia/Taipei","BTCUSDT","BTC-260916-77750-C","2026-09-16","77750","CALL","1h","2026-09-15 11:00:00","2026-09-15 19:00:00","405.000","440.000","355.000","440.000","6.29","2026-09-15 11:59:59","2026-09-15 19:59:59","2313.65000","11","5.98","2177.60000"
"all-available","Asia/Taipei","BTCUSDT","BTC-260916-77750-C","2026-09-16","77750","CALL","1h","2026-09-15 12:00:00","2026-09-15 20:00:00","475.000","475.000","460.000","460.000","0.03","2026-09-15 12:59:59","2026-09-15 20:59:59","13.95000","2","0.01","4.75000"
"all-available","Asia/Taipei","BTCUSDT","BTC-260916-77750-C","2026-09-16","77750","CALL","1h","2026-09-15 13:00:00","2026-09-15 21:00:00","480.000","480.000","275.000","320.000","4.54","2026-09-15 13:59:59","2026-09-15 21:59:59","1467.45000","10","4.18","1366.40000"
"all-available","Asia/Taipei","BTCUSDT","BTC-260916-77750-C","2026-09-16","77750","CALL","1h","2026-09-15 14:00:00","2026-09-15 22:00:00","305.000","305.000","185.000","210.000","1.23","2026-09-15 14:59:59","2026-09-15 22:59:59","291.90000","18","0.03","7.45000"
"all-available","Asia/Taipei","BTCUSDT","BTC-260916-77750-C","2026-09-16","77750","CALL","1h","2026-09-15 15:00:00","2026-09-15 23:00:00","190.000","290.000","190.000","290.000","2.00","2026-09-15 15:59:59","2026-09-15 23:59:59","499.50000","11","1.99","497.60000"
"all-available","Asia/Taipei","BTCUSDT","BTC-260916-77750-C","2026-09-16","77750","CALL","1h","2026-09-15 16:00:00","2026-09-16 00:00:00","255.000","255.000","250.000","250.000","0.15","2026-09-15 16:59:59","2026-09-16 00:59:59","37.55000","2","0.01","2.55000"
"all-available","Asia/Taipei","BTCUSDT","BTC-260916-77750-C","2026-09-16","77750","CALL","1h","2026-09-15 17:00:00","2026-09-16 01:00:00","190.000","455.000","185.000","310.000","6.47","2026-09-15 17:59:59","2026-09-16 01:59:59","1557.55000","22","1.89","606.45000"
"all-available","Asia/Taipei","BTCUSDT","BTC-260916-77750-C","2026-09-16","77750","CALL","1h","2026-09-15 18:00:00","2026-09-16 02:00:00","270.000","445.000","40.000","95.000","12.53","2026-09-15 18:59:59","2026-09-16 02:59:59","2756.50000","44","7.13","1169.10000"
"all-available","Asia/Taipei","BTCUSDT","BTC-260916-77750-C","2026-09-16","77750","CALL","1h","2026-09-15 19:00:00","2026-09-16 03:00:00","75.000","95.000","45.000","45.000","3.01","2026-09-15 19:59:59","2026-09-16 03:59:59","177.15000","17","1.79","114.15000"
"all-available","Asia/Taipei","BTCUSDT","BTC-260916-77750-C","2026-09-16","77750","CALL","1h","2026-09-15 20:00:00","2026-09-16 04:00:00","50.000","50.000","50.000","50.000","6.42","2026-09-15 20:59:59","2026-09-16 04:59:59","321.00000","18","0.00","0.00000"
"all-available","Asia/Taipei","BTCUSDT","BTC-260916-77750-C","2026-09-16","77750","CALL","1h","2026-09-15 21:00:00","2026-09-16 05:00:00","35.000","35.000","25.000","25.000","6.48","2026-09-15 21:59:59","2026-09-16 05:59:59","172.30000","18","1.06","36.80000"
"all-available","Asia/Taipei","BTCUSDT","BTC-260916-77750-C","2026-09-16","77750","CALL","1h","2026-09-15 22:00:00","2026-09-16 06:00:00","25.000","25.000","25.000","25.000","0.00","2026-09-15 22:59:59","2026-09-16 06:59:59","0.00000","0","0.00","0.00000"
"all-available","Asia/Taipei","BTCUSDT","BTC-260916-77750-C","2026-09-16","77750","CALL","1h","2026-09-15 23:00:00","2026-09-16 07:00:00","25.000","25.000","25.000","25.000","0.00","2026-09-15 23:59:59","2026-09-16 07:59:59","0.00000","0","0.00","0.00000"
"all-available","Asia/Taipei","BTCUSDT","BTC-260916-77750-C","2026-09-16","77750","CALL","1h","2026-09-16 00:00:00","2026-09-16 08:00:00","5.000","5.000","5.000","5.000","2.20","2026-09-16 00:59:59","2026-09-16 08:59:59","11.00000","2","0.00","0.00000"
"all-available","Asia/Taipei","BTCUSDT","BTC-260916-77750-C","2026-09-16","77750","CALL","1h","2026-09-16 01:00:00","2026-09-16 09:00:00","5.000","5.000","5.000","5.000","21.78","2026-09-16 01:59:59","2026-09-16 09:59:59","108.90000","8","20.12","100.60000"
"all-available","Asia/Taipei","BTCUSDT","BTC-260916-77750-C","2026-09-16","77750","CALL","1h","2026-09-16 02:00:00","2026-09-16 10:00:00","5.000","5.000","5.000","5.000","0.00","2026-09-16 02:59:59","2026-09-16 10:59:59","0.00000","0","0.00","0.00000"
"all-available","Asia/Taipei","BTCUSDT","BTC-260916-77750-C","2026-09-16","77750","CALL","1h","2026-09-16 03:00:00","2026-09-16 11:00:00","5.000","5.000","5.000","5.000","0.00","2026-09-16 03:59:59","2026-09-16 11:59:59","0.00000","0","0.00","0.00000"
"all-available","Asia/Taipei","BTCUSDT","BTC-260916-77750-C","2026-09-16","77750","CALL","1h","2026-09-16 04:00:00","2026-09-16 12:00:00","5.000","5.000","5.000","5.000","0.00","2026-09-16 04:59:59","2026-09-16 12:59:59","0.00000","0","0.00","0.00000"
"all-available","Asia/Taipei","BTCUSDT","BTC-260916-77750-C","2026-09-16","77750","CALL","1h","2026-09-16 05:00:00","2026-09-16 13:00:00","5.000","5.000","5.000","5.000","0.00","2026-09-16 05:59:59","2026-09-16 13:59:59","0.00000","0","0.00","0.00000"
"all-available","Asia/Taipei","BTCUSDT","BTC-260916-77750-C","2026-09-16","77750","CALL","1h","2026-09-16 06:00:00","2026-09-16 14:00:00","5.000","5.000","5.000","5.000","0.00","2026-09-16 06:59:59","2026-09-16 14:59:59","0.00000","0","0.00","0.00000"
"all-available","Asia/Taipei","BTCUSDT","BTC-260916-77750-C","2026-09-16","77750","CALL","1h","2026-09-16 07:00:00","2026-09-16 15:00:00","5.000","5.000","5.000","5.000","1205.00","2026-09-16 07:59:59","2026-09-16 15:59:59","6025.00000","18","1205.00","6025.00000"
"all-available","Asia/Taipei","BTCUSDT","BTC-260916-77750-P","2026-09-16","77750","PUT","1h","2026-09-14 10:00:00","2026-09-14 18:00:00","600.000","600.000","600.000","600.000","0.01","2026-09-14 10:59:59","2026-09-14 18:59:59","6.00000","1","0.01","6.00000"
"all-available","Asia/Taipei","BTCUSDT","BTC-260916-77750-P","2026-09-16","77750","PUT","1h","2026-09-14 11:00:00","2026-09-14 19:00:00","770.000","770.000","675.000","675.000","0.63","2026-09-14 11:59:59","2026-09-14 19:59:59","444.25000","2","0.20","154.00000"
"all-available","Asia/Taipei","BTCUSDT","BTC-260916-77750-P","2026-09-16","77750","PUT","1h","2026-09-14 12:00:00","2026-09-14 20:00:00","675.000","675.000","675.000","675.000","0.00","2026-09-14 12:59:59","2026-09-14 20:59:59","0.00000","0","0.00","0.00000"
"all-available","Asia/Taipei","BTCUSDT","BTC-260916-77750-P","2026-09-16","77750","PUT","1h","2026-09-14 13:00:00","2026-09-14 21:00:00","790.000","890.000","485.000","485.000","1.89","2026-09-14 13:59:59","2026-09-14 21:59:59","1537.15000","5","0.59","382.15000"
"all-available","Asia/Taipei","BTCUSDT","BTC-260916-77750-P","2026-09-16","77750","PUT","1h","2026-09-14 14:00:00","2026-09-14 22:00:00","425.000","425.000","425.000","425.000","0.18","2026-09-14 14:59:59","2026-09-14 22:59:59","76.50000","2","0.18","76.50000"
"all-available","Asia/Taipei","BTCUSDT","BTC-260916-77750-P","2026-09-16","77750","PUT","1h","2026-09-14 15:00:00","2026-09-14 23:00:00","470.000","485.000","470.000","485.000","0.30","2026-09-14 15:59:59","2026-09-14 23:59:59","142.95000","2","0.00","0.00000"
"all-available","Asia/Taipei","BTCUSDT","BTC-260916-77750-P","2026-09-16","77750","PUT","1h","2026-09-14 16:00:00","2026-09-15 00:00:00","285.000","285.000","285.000","285.000","0.20","2026-09-14 16:59:59","2026-09-15 00:59:59","57.00000","1","0.20","57.00000"
"all-available","Asia/Taipei","BTCUSDT","BTC-260916-77750-P","2026-09-16","77750","PUT","1h","2026-09-14 17:00:00","2026-09-15 01:00:00","280.000","280.000","280.000","280.000","0.20","2026-09-14 17:59:59","2026-09-15 01:59:59","56.00000","2","0.20","56.00000"
"all-available","Asia/Taipei","BTCUSDT","BTC-260916-77750-P","2026-09-16","77750","PUT","1h","2026-09-14 18:00:00","2026-09-15 02:00:00","230.000","245.000","230.000","240.000","1.52","2026-09-14 18:59:59","2026-09-15 02:59:59","358.80000","12","0.09","21.15000"
"all-available","Asia/Taipei","BTCUSDT","BTC-260916-77750-P","2026-09-16","77750","PUT","1h","2026-09-14 19:00:00","2026-09-15 03:00:00","245.000","245.000","245.000","245.000","0.02","2026-09-14 19:59:59","2026-09-15 03:59:59","4.90000","1","0.02","4.90000"
"all-available","Asia/Taipei","BTCUSDT","BTC-260916-77750-P","2026-09-16","77750","PUT","1h","2026-09-14 20:00:00","2026-09-15 04:00:00","180.000","180.000","180.000","180.000","0.49","2026-09-14 20:59:59","2026-09-15 04:59:59","88.20000","3","0.00","0.00000"
"all-available","Asia/Taipei","BTCUSDT","BTC-260916-77750-P","2026-09-16","77750","PUT","1h","2026-09-14 21:00:00","2026-09-15 05:00:00","265.000","265.000","265.000","265.000","0.07","2026-09-14 21:59:59","2026-09-15 05:59:59","18.55000","1","0.07","18.55000"
"all-available","Asia/Taipei","BTCUSDT","BTC-260916-77750-P","2026-09-16","77750","PUT","1h","2026-09-14 22:00:00","2026-09-15 06:00:00","370.000","370.000","370.000","370.000","3.20","2026-09-14 22:59:59","2026-09-15 06:59:59","1184.00000","2","0.00","0.00000"
"all-available","Asia/Taipei","BTCUSDT","BTC-260916-77750-P","2026-09-16","77750","PUT","1h","2026-09-14 23:00:00","2026-09-15 07:00:00","370.000","370.000","370.000","370.000","0.00","2026-09-14 23:59:59","2026-09-15 07:59:59","0.00000","0","0.00","0.00000"
"all-available","Asia/Taipei","BTCUSDT","BTC-260916-77750-P","2026-09-16","77750","PUT","1h","2026-09-15 00:00:00","2026-09-15 08:00:00","370.000","370.000","370.000","370.000","0.00","2026-09-15 00:59:59","2026-09-15 08:59:59","0.00000","0","0.00","0.00000"
"all-available","Asia/Taipei","BTCUSDT","BTC-260916-77750-P","2026-09-16","77750","PUT","1h","2026-09-15 01:00:00","2026-09-15 09:00:00","645.000","645.000","525.000","525.000","3.12","2026-09-15 01:59:59","2026-09-15 09:59:59","1715.40000","3","3.02","1662.90000"
"all-available","Asia/Taipei","BTCUSDT","BTC-260916-77750-P","2026-09-16","77750","PUT","1h","2026-09-15 02:00:00","2026-09-15 10:00:00","525.000","525.000","525.000","525.000","0.00","2026-09-15 02:59:59","2026-09-15 10:59:59","0.00000","0","0.00","0.00000"
"all-available","Asia/Taipei","BTCUSDT","BTC-260916-77750-P","2026-09-16","77750","PUT","1h","2026-09-15 03:00:00","2026-09-15 11:00:00","595.000","645.000","595.000","645.000","4.62","2026-09-15 03:59:59","2026-09-15 11:59:59","2804.15000","8","4.37","2645.30000"
"all-available","Asia/Taipei","BTCUSDT","BTC-260916-77750-P","2026-09-16","77750","PUT","1h","2026-09-15 04:00:00","2026-09-15 12:00:00","680.000","715.000","680.000","715.000","0.29","2026-09-15 04:59:59","2026-09-15 12:59:59","206.50000","4","0.27","192.70000"
"all-available","Asia/Taipei","BTCUSDT","BTC-260916-77750-P","2026-09-16","77750","PUT","1h","2026-09-15 05:00:00","2026-09-15 13:00:00","750.000","750.000","750.000","750.000","3.96","2026-09-15 05:59:59","2026-09-15 13:59:59","2970.00000","2","3.96","2970.00000"
"all-available","Asia/Taipei","BTCUSDT","BTC-260916-77750-P","2026-09-16","77750","PUT","1h","2026-09-15 06:00:00","2026-09-15 14:00:00","855.000","885.000","855.000","885.000","0.58","2026-09-15 06:59:59","2026-09-15 14:59:59","508.20000","5","0.58","508.20000"
"all-available","Asia/Taipei","BTCUSDT","BTC-260916-77750-P","2026-09-16","77750","PUT","1h","2026-09-15 07:00:00","2026-09-15 15:00:00","920.000","950.000","900.000","940.000","0.83","2026-09-15 07:59:59","2026-09-15 15:59:59","773.70000","8","0.82","764.50000"
"all-available","Asia/Taipei","BTCUSDT","BTC-260916-77750-P","2026-09-16","77750","PUT","1h","2026-09-15 08:00:00","2026-09-15 16:00:00","1100.000","1200.000","1050.000","1050.000","4.36","2026-09-15 08:59:59","2026-09-15 16:59:59","4699.50000","4","2.23","2463.00000"
"all-available","Asia/Taipei","BTCUSDT","BTC-260916-77750-P","2026-09-16","77750","PUT","1h","2026-09-15 09:00:00","2026-09-15 17:00:00","1050.000","1050.000","1050.000","1050.000","0.00","2026-09-15 09:59:59","2026-09-15 17:59:59","0.00000","0","0.00","0.00000"
"all-available","Asia/Taipei","BTCUSDT","BTC-260916-77750-P","2026-09-16","77750","PUT","1h","2026-09-15 10:00:00","2026-09-15 18:00:00","1050.000","1050.000","1050.000","1050.000","0.00","2026-09-15 10:59:59","2026-09-15 18:59:59","0.00000","0","0.00","0.00000"
"all-available","Asia/Taipei","BTCUSDT","BTC-260916-77750-P","2026-09-16","77750","PUT","1h","2026-09-15 11:00:00","2026-09-15 19:00:00","1050.000","1050.000","1050.000","1050.000","0.00","2026-09-15 11:59:59","2026-09-15 19:59:59","0.00000","0","0.00","0.00000"
"all-available","Asia/Taipei","BTCUSDT","BTC-260916-77750-P","2026-09-16","77750","PUT","1h","2026-09-15 12:00:00","2026-09-15 20:00:00","1315.000","1315.000","1185.000","1235.000","1.56","2026-09-15 12:59:59","2026-09-15 20:59:59","1974.60000","7","0.31","380.85000"
"all-available","Asia/Taipei","BTCUSDT","BTC-260916-77750-P","2026-09-16","77750","PUT","1h","2026-09-15 13:00:00","2026-09-15 21:00:00","1390.000","1800.000","1390.000","1515.000","3.20","2026-09-15 13:59:59","2026-09-15 21:59:59","4515.75000","3","3.15","4440.00000"
"all-available","Asia/Taipei","BTCUSDT","BTC-260916-77750-P","2026-09-16","77750","PUT","1h","2026-09-15 14:00:00","2026-09-15 22:00:00","1910.000","1910.000","1910.000","1910.000","0.07","2026-09-15 14:59:59","2026-09-15 22:59:59","133.70000","1","0.07","133.70000"
"all-available","Asia/Taipei","BTCUSDT","BTC-260916-77750-P","2026-09-16","77750","PUT","1h","2026-09-15 15:00:00","2026-09-15 23:00:00","1910.000","1910.000","1910.000","1910.000","0.00","2026-09-15 15:59:59","2026-09-15 23:59:59","0.00000","0","0.00","0.00000"
"all-available","Asia/Taipei","BTCUSDT","BTC-260916-77750-P","2026-09-16","77750","PUT","1h","2026-09-15 16:00:00","2026-09-16 00:00:00","1910.000","1910.000","1910.000","1910.000","0.00","2026-09-15 16:59:59","2026-09-16 00:59:59","0.00000","0","0.00","0.00000"
"all-available","Asia/Taipei","BTCUSDT","BTC-260916-77750-P","2026-09-16","77750","PUT","1h","2026-09-15 17:00:00","2026-09-16 01:00:00","930.000","930.000","930.000","930.000","0.06","2026-09-15 17:59:59","2026-09-16 01:59:59","55.80000","1","0.06","55.80000"
"all-available","Asia/Taipei","BTCUSDT","BTC-260916-77750-P","2026-09-16","77750","PUT","1h","2026-09-15 18:00:00","2026-09-16 02:00:00","930.000","930.000","930.000","930.000","0.00","2026-09-15 18:59:59","2026-09-16 02:59:59","0.00000","0","0.00","0.00000"
"all-available","Asia/Taipei","BTCUSDT","BTC-260916-77750-P","2026-09-16","77750","PUT","1h","2026-09-15 19:00:00","2026-09-16 03:00:00","930.000","930.000","930.000","930.000","0.00","2026-09-15 19:59:59","2026-09-16 03:59:59","0.00000","0","0.00","0.00000"
"all-available","Asia/Taipei","BTCUSDT","BTC-260916-77750-P","2026-09-16","77750","PUT","1h","2026-09-15 20:00:00","2026-09-16 04:00:00","930.000","930.000","930.000","930.000","0.00","2026-09-15 20:59:59","2026-09-16 04:59:59","0.00000","0","0.00","0.00000"
"all-available","Asia/Taipei","BTCUSDT","BTC-260916-77750-P","2026-09-16","77750","PUT","1h","2026-09-15 21:00:00","2026-09-16 05:00:00","930.000","930.000","930.000","930.000","0.00","2026-09-15 21:59:59","2026-09-16 05:59:59","0.00000","0","0.00","0.00000"
"all-available","Asia/Taipei","BTCUSDT","BTC-260916-77750-P","2026-09-16","77750","PUT","1h","2026-09-15 22:00:00","2026-09-16 06:00:00","930.000","930.000","930.000","930.000","0.00","2026-09-15 22:59:59","2026-09-16 06:59:59","0.00000","0","0.00","0.00000"
"all-available","Asia/Taipei","BTCUSDT","BTC-260916-77750-P","2026-09-16","77750","PUT","1h","2026-09-15 23:00:00","2026-09-16 07:00:00","930.000","930.000","930.000","930.000","0.00","2026-09-15 23:59:59","2026-09-16 07:59:59","0.00000","0","0.00","0.00000"
"all-available","Asia/Taipei","BTCUSDT","BTC-260916-77750-P","2026-09-16","77750","PUT","1h","2026-09-16 00:00:00","2026-09-16 08:00:00","930.000","930.000","930.000","930.000","0.00","2026-09-16 00:59:59","2026-09-16 08:59:59","0.00000","0","0.00","0.00000"
"all-available","Asia/Taipei","BTCUSDT","BTC-260916-77750-P","2026-09-16","77750","PUT","1h","2026-09-16 01:00:00","2026-09-16 09:00:00","930.000","930.000","930.000","930.000","0.00","2026-09-16 01:59:59","2026-09-16 09:59:59","0.00000","0","0.00","0.00000"
"all-available","Asia/Taipei","BTCUSDT","BTC-260916-77750-P","2026-09-16","77750","PUT","1h","2026-09-16 02:00:00","2026-09-16 10:00:00","930.000","930.000","930.000","930.000","0.00","2026-09-16 02:59:59","2026-09-16 10:59:59","0.00000","0","0.00","0.00000"
"all-available","Asia/Taipei","BTCUSDT","BTC-260916-77750-P","2026-09-16","77750","PUT","1h","2026-09-16 03:00:00","2026-09-16 11:00:00","930.000","930.000","930.000","930.000","0.00","2026-09-16 03:59:59","2026-09-16 11:59:59","0.00000","0","0.00","0.00000"
"all-available","Asia/Taipei","BTCUSDT","BTC-260916-77750-P","2026-09-16","77750","PUT","1h","2026-09-16 04:00:00","2026-09-16 12:00:00","930.000","930.000","930.000","930.000","0.00","2026-09-16 04:59:59","2026-09-16 12:59:59","0.00000","0","0.00","0.00000"
"all-available","Asia/Taipei","BTCUSDT","BTC-260916-77750-P","2026-09-16","77750","PUT","1h","2026-09-16 05:00:00","2026-09-16 13:00:00","930.000","930.000","930.000","930.000","0.00","2026-09-16 05:59:59","2026-09-16 13:59:59","0.00000","0","0.00","0.00000"
"all-available","Asia/Taipei","BTCUSDT","BTC-260916-77750-P","2026-09-16","77750","PUT","1h","2026-09-16 06:00:00","2026-09-16 14:00:00","930.000","930.000","930.000","930.000","0.00","2026-09-16 06:59:59","2026-09-16 14:59:59","0.00000","0","0.00","0.00000"
"all-available","Asia/Taipei","BTCUSDT","BTC-260916-77750-P","2026-09-16","77750","PUT","1h","2026-09-16 07:00:00","2026-09-16 15:00:00","930.000","930.000","930.000","930.000","0.00","2026-09-16 07:59:59","2026-09-16 15:59:59","0.00000","0","0.00","0.00000"
"all-available","Asia/Taipei","BTCUSDT","BTC-260916-78000-C","2026-09-16","78000","CALL","1h","2026-09-13 08:00:00","2026-09-13 16:00:00","450.000","450.000","440.000","440.000","0.52","2026-09-13 08:59:59","2026-09-13 16:59:59","233.85000","3","0.50","225.00000"
"all-available","Asia/Taipei","BTCUSDT","BTC-260916-78000-C","2026-09-16","78000","CALL","1h","2026-09-13 09:00:00","2026-09-13 17:00:00","435.000","440.000","415.000","420.000","2.82","2026-09-13 09:59:59","2026-09-13 17:59:59","1209.25000","11","2.35","1009.15000"
"all-available","Asia/Taipei","BTCUSDT","BTC-260916-78000-C","2026-09-16","78000","CALL","1h","2026-09-13 10:00:00","2026-09-13 18:00:00","420.000","420.000","420.000","420.000","0.00","2026-09-13 10:59:59","2026-09-13 18:59:59","0.00000","0","0.00","0.00000"
"all-available","Asia/Taipei","BTCUSDT","BTC-260916-78000-C","2026-09-16","78000","CALL","1h","2026-09-13 11:00:00","2026-09-13 19:00:00","400.000","400.000","400.000","400.000","0.54","2026-09-13 11:59:59","2026-09-13 19:59:59","216.00000","2","0.00","0.00000"
"all-available","Asia/Taipei","BTCUSDT","BTC-260916-78000-C","2026-09-16","78000","CALL","1h","2026-09-13 12:00:00","2026-09-13 20:00:00","445.000","445.000","445.000","445.000","0.72","2026-09-13 12:59:59","2026-09-13 20:59:59","320.40000","2","0.72","320.40000"
"all-available","Asia/Taipei","BTCUSDT","BTC-260916-78000-C","2026-09-16","78000","CALL","1h","2026-09-13 13:00:00","2026-09-13 21:00:00","445.000","445.000","445.000","445.000","0.11","2026-09-13 13:59:59","2026-09-13 21:59:59","48.95000","1","0.11","48.95000"
"all-available","Asia/Taipei","BTCUSDT","BTC-260916-78000-C","2026-09-16","78000","CALL","1h","2026-09-13 14:00:00","2026-09-13 22:00:00","555.000","610.000","555.000","610.000","2.97","2026-09-13 14:59:59","2026-09-13 22:59:59","1657.25000","3","2.97","1657.25000"
"all-available","Asia/Taipei","BTCUSDT","BTC-260916-78000-C","2026-09-16","78000","CALL","1h","2026-09-13 15:00:00","2026-09-13 23:00:00","570.000","570.000","570.000","570.000","0.37","2026-09-13 15:59:59","2026-09-13 23:59:59","210.90000","2","0.36","205.20000"
"all-available","Asia/Taipei","BTCUSDT","BTC-260916-78000-C","2026-09-16","78000","CALL","1h","2026-09-13 16:00:00","2026-09-14 00:00:00","590.000","590.000","590.000","590.000","0.08","2026-09-13 16:59:59","2026-09-14 00:59:59","47.20000","2","0.00","0.00000"
"all-available","Asia/Taipei","BTCUSDT","BTC-260916-78000-C","2026-09-16","78000","CALL","1h","2026-09-13 17:00:00","2026-09-14 01:00:00","590.000","590.000","590.000","590.000","0.00","2026-09-13 17:59:59","2026-09-14 01:59:59","0.00000","0","0.00","0.00000"
"all-available","Asia/Taipei","BTCUSDT","BTC-260916-78000-C","2026-09-16","78000","CALL","1h","2026-09-13 18:00:00","2026-09-14 02:00:00","585.000","585.000","585.000","585.000","0.20","2026-09-13 18:59:59","2026-09-14 02:59:59","117.00000","1","0.20","117.00000"
"all-available","Asia/Taipei","BTCUSDT","BTC-260916-78000-C","2026-09-16","78000","CALL","1h","2026-09-13 19:00:00","2026-09-14 03:00:00","585.000","585.000","585.000","585.000","0.00","2026-09-13 19:59:59","2026-09-14 03:59:59","0.00000","0","0.00","0.00000"
"all-available","Asia/Taipei","BTCUSDT","BTC-260916-78000-C","2026-09-16","78000","CALL","1h","2026-09-13 20:00:00","2026-09-14 04:00:00","585.000","585.000","585.000","585.000","0.00","2026-09-13 20:59:59","2026-09-14 04:59:59","0.00000","0","0.00","0.00000"
"all-available","Asia/Taipei","BTCUSDT","BTC-260916-78000-C","2026-09-16","78000","CALL","1h","2026-09-13 21:00:00","2026-09-14 05:00:00","585.000","600.000","580.000","580.000","0.14","2026-09-13 21:59:59","2026-09-14 05:59:59","82.70000","4","0.12","71.10000"
"all-available","Asia/Taipei","BTCUSDT","BTC-260916-78000-C","2026-09-16","78000","CALL","1h","2026-09-13 22:00:00","2026-09-14 06:00:00","425.000","425.000","400.000","400.000","0.18","2026-09-13 22:59:59","2026-09-14 06:59:59","75.75000","2","0.00","0.00000"
"all-available","Asia/Taipei","BTCUSDT","BTC-260916-78000-C","2026-09-16","78000","CALL","1h","2026-09-13 23:00:00","2026-09-14 07:00:00","395.000","395.000","385.000","385.000","0.15","2026-09-13 23:59:59","2026-09-14 07:59:59","58.75000","2","0.15","58.75000"
"all-available","Asia/Taipei","BTCUSDT","BTC-260916-78000-C","2026-09-16","78000","CALL","1h","2026-09-14 00:00:00","2026-09-14 08:00:00","415.000","415.000","365.000","375.000","0.15","2026-09-14 00:59:59","2026-09-14 08:59:59","56.55000","4","0.15","56.55000"
"all-available","Asia/Taipei","BTCUSDT","BTC-260916-78000-C","2026-09-16","78000","CALL","1h","2026-09-14 01:00:00","2026-09-14 09:00:00","355.000","355.000","350.000","350.000","0.57","2026-09-14 01:59:59","2026-09-14 09:59:59","200.55000","2","0.21","74.55000"
"all-available","Asia/Taipei","BTCUSDT","BTC-260916-78000-C","2026-09-16","78000","CALL","1h","2026-09-14 02:00:00","2026-09-14 10:00:00","495.000","655.000","495.000","655.000","0.81","2026-09-14 02:59:59","2026-09-14 10:59:59","447.00000","6","0.10","62.75000"
"all-available","Asia/Taipei","BTCUSDT","BTC-260916-78000-C","2026-09-16","78000","CALL","1h","2026-09-14 03:00:00","2026-09-14 11:00:00","655.000","670.000","655.000","670.000","0.20","2026-09-14 03:59:59","2026-09-14 11:59:59","132.50000","2","0.00","0.00000"
"all-available","Asia/Taipei","BTCUSDT","BTC-260916-78000-C","2026-09-16","78000","CALL","1h","2026-09-14 04:00:00","2026-09-14 12:00:00","665.000","665.000","665.000","665.000","0.02","2026-09-14 04:59:59","2026-09-14 12:59:59","13.30000","1","0.02","13.30000"
"all-available","Asia/Taipei","BTCUSDT","BTC-260916-78000-C","2026-09-16","78000","CALL","1h","2026-09-14 05:00:00","2026-09-14 13:00:00","680.000","680.000","640.000","640.000","0.06","2026-09-14 05:59:59","2026-09-14 13:59:59","40.00000","2","0.06","40.00000"
"all-available","Asia/Taipei","BTCUSDT","BTC-260916-78000-C","2026-09-16","78000","CALL","1h","2026-09-14 06:00:00","2026-09-14 14:00:00","675.000","750.000","675.000","715.000","0.58","2026-09-14 06:59:59","2026-09-14 14:59:59","420.55000","3","0.49","359.80000"
"all-available","Asia/Taipei","BTCUSDT","BTC-260916-78000-C","2026-09-16","78000","CALL","1h","2026-09-14 07:00:00","2026-09-14 15:00:00","735.000","735.000","735.000","735.000","0.05","2026-09-14 07:59:59","2026-09-14 15:59:59","36.75000","1","0.05","36.75000"
"all-available","Asia/Taipei","BTCUSDT","BTC-260916-78000-C","2026-09-16","78000","CALL","1h","2026-09-14 08:00:00","2026-09-14 16:00:00","710.000","785.000","615.000","615.000","2.34","2026-09-14 08:59:59","2026-09-14 16:59:59","1652.65000","8","0.76","549.15000"
"all-available","Asia/Taipei","BTCUSDT","BTC-260916-78000-C","2026-09-16","78000","CALL","1h","2026-09-14 09:00:00","2026-09-14 17:00:00","705.000","960.000","675.000","960.000","4.79","2026-09-14 09:59:59","2026-09-14 17:59:59","3566.45000","11","1.16","884.90000"
"all-available","Asia/Taipei","BTCUSDT","BTC-260916-78000-C","2026-09-16","78000","CALL","1h","2026-09-14 10:00:00","2026-09-14 18:00:00","825.000","830.000","750.000","750.000","0.26","2026-09-14 10:59:59","2026-09-14 18:59:59","211.60000","3","0.04","30.00000"
"all-available","Asia/Taipei","BTCUSDT","BTC-260916-78000-C","2026-09-16","78000","CALL","1h","2026-09-14 11:00:00","2026-09-14 19:00:00","640.000","640.000","635.000","635.000","0.42","2026-09-14 11:59:59","2026-09-14 19:59:59","266.75000","3","0.42","266.75000"
"all-available","Asia/Taipei","BTCUSDT","BTC-260916-78000-C","2026-09-16","78000","CALL","1h","2026-09-14 12:00:00","2026-09-14 20:00:00","630.000","730.000","630.000","710.000","0.05","2026-09-14 12:59:59","2026-09-14 20:59:59","34.30000","3","0.02","14.60000"
"all-available","Asia/Taipei","BTCUSDT","BTC-260916-78000-C","2026-09-16","78000","CALL","1h","2026-09-14 13:00:00","2026-09-14 21:00:00","900.000","990.000","900.000","905.000","1.19","2026-09-14 13:59:59","2026-09-14 21:59:59","1090.05000","3","1.16","1062.90000"
"all-available","Asia/Taipei","BTCUSDT","BTC-260916-78000-C","2026-09-16","78000","CALL","1h","2026-09-14 14:00:00","2026-09-14 22:00:00","905.000","1135.000","905.000","995.000","1.22","2026-09-14 14:59:59","2026-09-14 22:59:59","1194.85000","16","0.28","286.65000"
"all-available","Asia/Taipei","BTCUSDT","BTC-260916-78000-C","2026-09-16","78000","CALL","1h","2026-09-14 15:00:00","2026-09-14 23:00:00","995.000","1050.000","940.000","1050.000","1.09","2026-09-14 15:59:59","2026-09-14 23:59:59","1052.95000","5","0.45","423.00000"
"all-available","Asia/Taipei","BTCUSDT","BTC-260916-78000-C","2026-09-16","78000","CALL","1h","2026-09-14 16:00:00","2026-09-15 00:00:00","1050.000","1050.000","1050.000","1050.000","0.00","2026-09-14 16:59:59","2026-09-15 00:59:59","0.00000","0","0.00","0.00000"
"all-available","Asia/Taipei","BTCUSDT","BTC-260916-78000-C","2026-09-16","78000","CALL","1h","2026-09-14 17:00:00","2026-09-15 01:00:00","1330.000","1330.000","1330.000","1330.000","0.14","2026-09-14 17:59:59","2026-09-15 01:59:59","186.20000","1","0.14","186.20000"
"all-available","Asia/Taipei","BTCUSDT","BTC-260916-78000-C","2026-09-16","78000","CALL","1h","2026-09-14 18:00:00","2026-09-15 02:00:00","1250.000","1500.000","1250.000","1500.000","0.41","2026-09-14 18:59:59","2026-09-15 02:59:59","517.50000","2","0.02","30.00000"
"all-available","Asia/Taipei","BTCUSDT","BTC-260916-78000-C","2026-09-16","78000","CALL","1h","2026-09-14 19:00:00","2026-09-15 03:00:00","1435.000","1435.000","1335.000","1400.000","0.09","2026-09-14 19:59:59","2026-09-15 03:59:59","126.75000","3","0.09","126.75000"
"all-available","Asia/Taipei","BTCUSDT","BTC-260916-78000-C","2026-09-16","78000","CALL","1h","2026-09-14 20:00:00","2026-09-15 04:00:00","1480.000","1500.000","1480.000","1500.000","0.11","2026-09-14 20:59:59","2026-09-15 04:59:59","163.40000","3","0.11","163.40000"
"all-available","Asia/Taipei","BTCUSDT","BTC-260916-78000-C","2026-09-16","78000","CALL","1h","2026-09-14 21:00:00","2026-09-15 05:00:00","1255.000","1255.000","1080.000","1080.000","0.11","2026-09-14 21:59:59","2026-09-15 05:59:59","127.55000","2","0.05","62.75000"
"all-available","Asia/Taipei","BTCUSDT","BTC-260916-78000-C","2026-09-16","78000","CALL","1h","2026-09-14 22:00:00","2026-09-15 06:00:00","1010.000","1010.000","1010.000","1010.000","2.00","2026-09-14 22:59:59","2026-09-15 06:59:59","2020.00000","1","2.00","2020.00000"
"all-available","Asia/Taipei","BTCUSDT","BTC-260916-78000-C","2026-09-16","78000","CALL","1h","2026-09-14 23:00:00","2026-09-15 07:00:00","915.000","915.000","910.000","910.000","5.29","2026-09-14 23:59:59","2026-09-15 07:59:59","4827.45000","7","2.71","2479.65000"
"all-available","Asia/Taipei","BTCUSDT","BTC-260916-78000-C","2026-09-16","78000","CALL","1h","2026-09-15 00:00:00","2026-09-15 08:00:00","725.000","725.000","715.000","715.000","1.83","2026-09-15 00:59:59","2026-09-15 08:59:59","1308.75000","2","0.00","0.00000"
"all-available","Asia/Taipei","BTCUSDT","BTC-260916-78000-C","2026-09-16","78000","CALL","1h","2026-09-15 01:00:00","2026-09-15 09:00:00","620.000","635.000","600.000","630.000","1.06","2026-09-15 01:59:59","2026-09-15 09:59:59","664.70000","9","0.96","603.70000"
"all-available","Asia/Taipei","BTCUSDT","BTC-260916-78000-C","2026-09-16","78000","CALL","1h","2026-09-15 02:00:00","2026-09-15 10:00:00","640.000","640.000","580.000","580.000","0.27","2026-09-15 02:59:59","2026-09-15 10:59:59","170.30000","5","0.00","0.00000"
"all-available","Asia/Taipei","BTCUSDT","BTC-260916-78000-C","2026-09-16","78000","CALL","1h","2026-09-15 03:00:00","2026-09-15 11:00:00","535.000","535.000","500.000","500.000","0.28","2026-09-15 03:59:59","2026-09-15 11:59:59","140.35000","2","0.27","135.00000"
"all-available","Asia/Taipei","BTCUSDT","BTC-260916-78000-C","2026-09-16","78000","CALL","1h","2026-09-15 04:00:00","2026-09-15 12:00:00","465.000","480.000","465.000","470.000","0.03","2026-09-15 04:59:59","2026-09-15 12:59:59","14.15000","3","0.01","4.70000"
"all-available","Asia/Taipei","BTCUSDT","BTC-260916-78000-C","2026-09-16","78000","CALL","1h","2026-09-15 05:00:00","2026-09-15 13:00:00","475.000","475.000","420.000","460.000","0.20","2026-09-15 05:59:59","2026-09-15 13:59:59","87.20000","5","0.09","38.45000"
"all-available","Asia/Taipei","BTCUSDT","BTC-260916-78000-C","2026-09-16","78000","CALL","1h","2026-09-15 06:00:00","2026-09-15 14:00:00","500.000","505.000","360.000","360.000","1.65","2026-09-15 06:59:59","2026-09-15 14:59:59","817.20000","8","1.53","771.20000"
"all-available","Asia/Taipei","BTCUSDT","BTC-260916-78000-C","2026-09-16","78000","CALL","1h","2026-09-15 07:00:00","2026-09-15 15:00:00","355.000","360.000","245.000","245.000","1.84","2026-09-15 07:59:59","2026-09-15 15:59:59","645.40000","20","0.14","43.90000"
"all-available","Asia/Taipei","BTCUSDT","BTC-260916-78000-C","2026-09-16","78000","CALL","1h","2026-09-15 08:00:00","2026-09-15 16:00:00","225.000","225.000","190.000","220.000","4.66","2026-09-15 08:59:59","2026-09-15 16:59:59","955.85000","19","4.38","895.75000"
"all-available","Asia/Taipei","BTCUSDT","BTC-260916-78000-C","2026-09-16","78000","CALL","1h","2026-09-15 09:00:00","2026-09-15 17:00:00","225.000","235.000","220.000","235.000","3.39","2026-09-15 09:59:59","2026-09-15 17:59:59","788.30000","7","2.72","639.20000"
"all-available","Asia/Taipei","BTCUSDT","BTC-260916-78000-C","2026-09-16","78000","CALL","1h","2026-09-15 10:00:00","2026-09-15 18:00:00","225.000","265.000","220.000","265.000","3.37","2026-09-15 10:59:59","2026-09-15 18:59:59","821.95000","12","3.29","803.75000"
"all-available","Asia/Taipei","BTCUSDT","BTC-260916-78000-C","2026-09-16","78000","CALL","1h","2026-09-15 11:00:00","2026-09-15 19:00:00","290.000","395.000","290.000","395.000","6.41","2026-09-15 11:59:59","2026-09-15 19:59:59","1945.05000","20","4.54","1342.70000"
"all-available","Asia/Taipei","BTCUSDT","BTC-260916-78000-C","2026-09-16","78000","CALL","1h","2026-09-15 12:00:00","2026-09-15 20:00:00","420.000","440.000","390.000","430.000","4.03","2026-09-15 12:59:59","2026-09-15 20:59:59","1645.70000","20","1.19","492.00000"
"all-available","Asia/Taipei","BTCUSDT","BTC-260916-78000-C","2026-09-16","78000","CALL","1h","2026-09-15 13:00:00","2026-09-15 21:00:00","400.000","400.000","215.000","280.000","12.94","2026-09-15 13:59:59","2026-09-15 21:59:59","3601.80000","74","8.26","2112.80000"
"all-available","Asia/Taipei","BTCUSDT","BTC-260916-78000-C","2026-09-16","78000","CALL","1h","2026-09-15 14:00:00","2026-09-15 22:00:00","280.000","280.000","150.000","175.000","4.36","2026-09-15 14:59:59","2026-09-15 22:59:59","853.75000","30","2.27","440.30000"
"all-available","Asia/Taipei","BTCUSDT","BTC-260916-78000-C","2026-09-16","78000","CALL","1h","2026-09-15 15:00:00","2026-09-15 23:00:00","170.000","245.000","160.000","245.000","6.58","2026-09-15 15:59:59","2026-09-15 23:59:59","1166.60000","20","6.05","1055.50000"
"all-available","Asia/Taipei","BTCUSDT","BTC-260916-78000-C","2026-09-16","78000","CALL","1h","2026-09-15 16:00:00","2026-09-16 00:00:00","190.000","200.000","190.000","200.000","1.91","2026-09-15 16:59:59","2026-09-16 00:59:59","369.90000","8","0.70","140.00000"
"all-available","Asia/Taipei","BTCUSDT","BTC-260916-78000-C","2026-09-16","78000","CALL","1h","2026-09-15 17:00:00","2026-09-16 01:00:00","190.000","400.000","180.000","320.000","15.31","2026-09-15 17:59:59","2026-09-16 01:59:59","4035.90000","34","6.72","1749.70000"
"all-available","Asia/Taipei","BTCUSDT","BTC-260916-78000-C","2026-09-16","78000","CALL","1h","2026-09-15 18:00:00","2026-09-16 02:00:00","275.000","375.000","35.000","50.000","40.18","2026-09-15 18:59:59","2026-09-16 02:59:59","4581.40000","59","21.14","1230.50000"
"all-available","Asia/Taipei","BTCUSDT","BTC-260916-78000-C","2026-09-16","78000","CALL","1h","2026-09-15 19:00:00","2026-09-16 03:00:00","55.000","70.000","30.000","35.000","5.45","2026-09-15 19:59:59","2026-09-16 03:59:59","231.80000","38","4.13","174.35000"
"all-available","Asia/Taipei","BTCUSDT","BTC-260916-78000-C","2026-09-16","78000","CALL","1h","2026-09-15 20:00:00","2026-09-16 04:00:00","35.000","40.000","20.000","20.000","18.70","2026-09-15 20:59:59","2026-09-16 04:59:59","439.00000","18","0.00","0.00000"
"all-available","Asia/Taipei","BTCUSDT","BTC-260916-78000-C","2026-09-16","78000","CALL","1h","2026-09-15 21:00:00","2026-09-16 05:00:00","15.000","15.000","15.000","15.000","6.02","2026-09-15 21:59:59","2026-09-16 05:59:59","90.30000","7","6.02","90.30000"
"all-available","Asia/Taipei","BTCUSDT","BTC-260916-78000-C","2026-09-16","78000","CALL","1h","2026-09-15 22:00:00","2026-09-16 06:00:00","10.000","10.000","10.000","10.000","2.15","2026-09-15 22:59:59","2026-09-16 06:59:59","21.50000","2","0.15","1.50000"
"all-available","Asia/Taipei","BTCUSDT","BTC-260916-78000-C","2026-09-16","78000","CALL","1h","2026-09-15 23:00:00","2026-09-16 07:00:00","10.000","10.000","10.000","10.000","0.00","2026-09-15 23:59:59","2026-09-16 07:59:59","0.00000","0","0.00","0.00000"
"all-available","Asia/Taipei","BTCUSDT","BTC-260916-78000-C","2026-09-16","78000","CALL","1h","2026-09-16 00:00:00","2026-09-16 08:00:00","10.000","10.000","10.000","10.000","0.00","2026-09-16 00:59:59","2026-09-16 08:59:59","0.00000","0","0.00","0.00000"
"all-available","Asia/Taipei","BTCUSDT","BTC-260916-78000-C","2026-09-16","78000","CALL","1h","2026-09-16 01:00:00","2026-09-16 09:00:00","10.000","10.000","10.000","10.000","0.00","2026-09-16 01:59:59","2026-09-16 09:59:59","0.00000","0","0.00","0.00000"
"all-available","Asia/Taipei","BTCUSDT","BTC-260916-78000-C","2026-09-16","78000","CALL","1h","2026-09-16 02:00:00","2026-09-16 10:00:00","5.000","5.000","5.000","5.000","2.01","2026-09-16 02:59:59","2026-09-16 10:59:59","10.05000","1","2.01","10.05000"
"all-available","Asia/Taipei","BTCUSDT","BTC-260916-78000-C","2026-09-16","78000","CALL","1h","2026-09-16 03:00:00","2026-09-16 11:00:00","5.000","5.000","5.000","5.000","0.20","2026-09-16 03:59:59","2026-09-16 11:59:59","1.00000","1","0.20","1.00000"
"all-available","Asia/Taipei","BTCUSDT","BTC-260916-78000-C","2026-09-16","78000","CALL","1h","2026-09-16 04:00:00","2026-09-16 12:00:00","5.000","5.000","5.000","5.000","0.00","2026-09-16 04:59:59","2026-09-16 12:59:59","0.00000","0","0.00","0.00000"
"all-available","Asia/Taipei","BTCUSDT","BTC-260916-78000-C","2026-09-16","78000","CALL","1h","2026-09-16 05:00:00","2026-09-16 13:00:00","5.000","5.000","5.000","5.000","0.00","2026-09-16 05:59:59","2026-09-16 13:59:59","0.00000","0","0.00","0.00000"
"all-available","Asia/Taipei","BTCUSDT","BTC-260916-78000-C","2026-09-16","78000","CALL","1h","2026-09-16 06:00:00","2026-09-16 14:00:00","5.000","5.000","5.000","5.000","0.00","2026-09-16 06:59:59","2026-09-16 14:59:59","0.00000","0","0.00","0.00000"
"all-available","Asia/Taipei","BTCUSDT","BTC-260916-78000-C","2026-09-16","78000","CALL","1h","2026-09-16 07:00:00","2026-09-16 15:00:00","5.000","5.000","5.000","5.000","0.00","2026-09-16 07:59:59","2026-09-16 15:59:59","0.00000","0","0.00","0.00000"
"all-available","Asia/Taipei","BTCUSDT","BTC-260916-78000-P","2026-09-16","78000","PUT","1h","2026-09-13 16:00:00","2026-09-14 00:00:00","1300.000","1300.000","1300.000","1300.000","0.01","2026-09-13 16:59:59","2026-09-14 00:59:59","13.00000","1","0.00","0.00000"
"all-available","Asia/Taipei","BTCUSDT","BTC-260916-78000-P","2026-09-16","78000","PUT","1h","2026-09-13 17:00:00","2026-09-14 01:00:00","1190.000","1190.000","1190.000","1190.000","2.52","2026-09-13 17:59:59","2026-09-14 01:59:59","2998.80000","2","2.52","2998.80000"
"all-available","Asia/Taipei","BTCUSDT","BTC-260916-78000-P","2026-09-16","78000","PUT","1h","2026-09-13 18:00:00","2026-09-14 02:00:00","1190.000","1190.000","1190.000","1190.000","0.00","2026-09-13 18:59:59","2026-09-14 02:59:59","0.00000","0","0.00","0.00000"
"all-available","Asia/Taipei","BTCUSDT","BTC-260916-78000-P","2026-09-16","78000","PUT","1h","2026-09-13 19:00:00","2026-09-14 03:00:00","1190.000","1190.000","1190.000","1190.000","0.00","2026-09-13 19:59:59","2026-09-14 03:59:59","0.00000","0","0.00","0.00000"
"all-available","Asia/Taipei","BTCUSDT","BTC-260916-78000-P","2026-09-16","78000","PUT","1h","2026-09-13 20:00:00","2026-09-14 04:00:00","1190.000","1190.000","1190.000","1190.000","0.00","2026-09-13 20:59:59","2026-09-14 04:59:59","0.00000","0","0.00","0.00000"
"all-available","Asia/Taipei","BTCUSDT","BTC-260916-78000-P","2026-09-16","78000","PUT","1h","2026-09-13 21:00:00","2026-09-14 05:00:00","1190.000","1190.000","1190.000","1190.000","0.00","2026-09-13 21:59:59","2026-09-14 05:59:59","0.00000","0","0.00","0.00000"
"all-available","Asia/Taipei","BTCUSDT","BTC-260916-78000-P","2026-09-16","78000","PUT","1h","2026-09-13 22:00:00","2026-09-14 06:00:00","1640.000","1640.000","1640.000","1640.000","0.01","2026-09-13 22:59:59","2026-09-14 06:59:59","16.40000","1","0.01","16.40000"
"all-available","Asia/Taipei","BTCUSDT","BTC-260916-78000-P","2026-09-16","78000","PUT","1h","2026-09-13 23:00:00","2026-09-14 07:00:00","1640.000","1640.000","1640.000","1640.000","0.00","2026-09-13 23:59:59","2026-09-14 07:59:59","0.00000","0","0.00","0.00000"
"all-available","Asia/Taipei","BTCUSDT","BTC-260916-78000-P","2026-09-16","78000","PUT","1h","2026-09-14 00:00:00","2026-09-14 08:00:00","1640.000","1640.000","1640.000","1640.000","0.00","2026-09-14 00:59:59","2026-09-14 08:59:59","0.00000","0","0.00","0.00000"
"all-available","Asia/Taipei","BTCUSDT","BTC-260916-78000-P","2026-09-16","78000","PUT","1h","2026-09-14 01:00:00","2026-09-14 09:00:00","1640.000","1640.000","1640.000","1640.000","0.00","2026-09-14 01:59:59","2026-09-14 09:59:59","0.00000","0","0.00","0.00000"
"all-available","Asia/Taipei","BTCUSDT","BTC-260916-78000-P","2026-09-16","78000","PUT","1h","2026-09-14 02:00:00","2026-09-14 10:00:00","1105.000","1105.000","1020.000","1020.000","0.82","2026-09-14 02:59:59","2026-09-14 10:59:59","872.65000","3","0.07","71.40000"
"all-available","Asia/Taipei","BTCUSDT","BTC-260916-78000-P","2026-09-16","78000","PUT","1h","2026-09-14 03:00:00","2026-09-14 11:00:00","1035.000","1035.000","945.000","945.000","0.33","2026-09-14 03:59:59","2026-09-14 11:59:59","318.15000","2","0.26","245.70000"
"all-available","Asia/Taipei","BTCUSDT","BTC-260916-78000-P","2026-09-16","78000","PUT","1h","2026-09-14 04:00:00","2026-09-14 12:00:00","1035.000","1080.000","1035.000","1080.000","3.69","2026-09-14 04:59:59","2026-09-14 12:59:59","3962.70000","2","0.00","0.00000"
"all-available","Asia/Taipei","BTCUSDT","BTC-260916-78000-P","2026-09-16","78000","PUT","1h","2026-09-14 05:00:00","2026-09-14 13:00:00","1080.000","1080.000","1080.000","1080.000","0.00","2026-09-14 05:59:59","2026-09-14 13:59:59","0.00000","0","0.00","0.00000"
"all-available","Asia/Taipei","BTCUSDT","BTC-260916-78000-P","2026-09-16","78000","PUT","1h","2026-09-14 06:00:00","2026-09-14 14:00:00","1030.000","1030.000","900.000","1005.000","2.76","2026-09-14 06:59:59","2026-09-14 14:59:59","2557.45000","5","0.19","182.85000"
"all-available","Asia/Taipei","BTCUSDT","BTC-260916-78000-P","2026-09-16","78000","PUT","1h","2026-09-14 07:00:00","2026-09-14 15:00:00","945.000","945.000","945.000","945.000","0.96","2026-09-14 07:59:59","2026-09-14 15:59:59","907.20000","3","0.96","907.20000"
"all-available","Asia/Taipei","BTCUSDT","BTC-260916-78000-P","2026-09-16","78000","PUT","1h","2026-09-14 08:00:00","2026-09-14 16:00:00","945.000","945.000","820.000","910.000","5.09","2026-09-14 08:59:59","2026-09-14 16:59:59","4638.20000","22","1.46","1285.85000"
"all-available","Asia/Taipei","BTCUSDT","BTC-260916-78000-P","2026-09-16","78000","PUT","1h","2026-09-14 09:00:00","2026-09-14 17:00:00","880.000","900.000","640.000","640.000","1.90","2026-09-14 09:59:59","2026-09-14 17:59:59","1402.70000","7","1.70","1230.70000"
"all-available","Asia/Taipei","BTCUSDT","BTC-260916-78000-P","2026-09-16","78000","PUT","1h","2026-09-14 10:00:00","2026-09-14 18:00:00","745.000","745.000","745.000","745.000","0.20","2026-09-14 10:59:59","2026-09-14 18:59:59","149.00000","1","0.00","0.00000"
"all-available","Asia/Taipei","BTCUSDT","BTC-260916-78000-P","2026-09-16","78000","PUT","1h","2026-09-14 11:00:00","2026-09-14 19:00:00","850.000","850.000","850.000","850.000","0.60","2026-09-14 11:59:59","2026-09-14 19:59:59","510.00000","2","0.60","510.00000"
"all-available","Asia/Taipei","BTCUSDT","BTC-260916-78000-P","2026-09-16","78000","PUT","1h","2026-09-14 12:00:00","2026-09-14 20:00:00","720.000","815.000","720.000","815.000","3.21","2026-09-14 12:59:59","2026-09-14 20:59:59","2312.15000","4","3.20","2304.00000"
"all-available","Asia/Taipei","BTCUSDT","BTC-260916-78000-P","2026-09-16","78000","PUT","1h","2026-09-14 13:00:00","2026-09-14 21:00:00","910.000","910.000","575.000","645.000","0.84","2026-09-14 13:59:59","2026-09-14 21:59:59","621.60000","15","0.22","191.30000"
"all-available","Asia/Taipei","BTCUSDT","BTC-260916-78000-P","2026-09-16","78000","PUT","1h","2026-09-14 14:00:00","2026-09-14 22:00:00","615.000","615.000","475.000","490.000","0.55","2026-09-14 14:59:59","2026-09-14 22:59:59","302.90000","7","0.53","293.25000"
"all-available","Asia/Taipei","BTCUSDT","BTC-260916-78000-P","2026-09-16","78000","PUT","1h","2026-09-14 15:00:00","2026-09-14 23:00:00","590.000","590.000","465.000","465.000","2.85","2026-09-14 15:59:59","2026-09-14 23:59:59","1475.25000","7","2.54","1294.95000"
"all-available","Asia/Taipei","BTCUSDT","BTC-260916-78000-P","2026-09-16","78000","PUT","1h","2026-09-14 16:00:00","2026-09-15 00:00:00","415.000","415.000","415.000","415.000","0.03","2026-09-14 16:59:59","2026-09-15 00:59:59","12.45000","1","0.00","0.00000"
"all-available","Asia/Taipei","BTCUSDT","BTC-260916-78000-P","2026-09-16","78000","PUT","1h","2026-09-14 17:00:00","2026-09-15 01:00:00","320.000","320.000","320.000","320.000","0.02","2026-09-14 17:59:59","2026-09-15 01:59:59","6.40000","1","0.02","6.40000"
"all-available","Asia/Taipei","BTCUSDT","BTC-260916-78000-P","2026-09-16","78000","PUT","1h","2026-09-14 18:00:00","2026-09-15 02:00:00","295.000","295.000","270.000","270.000","0.12","2026-09-14 18:59:59","2026-09-15 02:59:59","32.65000","2","0.12","32.65000"
"all-available","Asia/Taipei","BTCUSDT","BTC-260916-78000-P","2026-09-16","78000","PUT","1h","2026-09-14 19:00:00","2026-09-15 03:00:00","295.000","310.000","295.000","310.000","0.54","2026-09-14 19:59:59","2026-09-15 03:59:59","165.45000","3","0.41","127.10000"
"all-available","Asia/Taipei","BTCUSDT","BTC-260916-78000-P","2026-09-16","78000","PUT","1h","2026-09-14 20:00:00","2026-09-15 04:00:00","315.000","315.000","230.000","230.000","2.34","2026-09-14 20:59:59","2026-09-15 04:59:59","574.75000","4","2.34","574.75000"
"all-available","Asia/Taipei","BTCUSDT","BTC-260916-78000-P","2026-09-16","78000","PUT","1h","2026-09-14 21:00:00","2026-09-15 05:00:00","300.000","370.000","300.000","365.000","1.48","2026-09-14 21:59:59","2026-09-15 05:59:59","486.15000","9","0.94","287.60000"
"all-available","Asia/Taipei","BTCUSDT","BTC-260916-78000-P","2026-09-16","78000","PUT","1h","2026-09-14 22:00:00","2026-09-15 06:00:00","440.000","455.000","425.000","425.000","4.20","2026-09-14 22:59:59","2026-09-15 06:59:59","1894.25000","6","0.17","76.50000"
"all-available","Asia/Taipei","BTCUSDT","BTC-260916-78000-P","2026-09-16","78000","PUT","1h","2026-09-14 23:00:00","2026-09-15 07:00:00","505.000","540.000","505.000","540.000","0.22","2026-09-14 23:59:59","2026-09-15 07:59:59","111.80000","2","0.20","101.00000"
"all-available","Asia/Taipei","BTCUSDT","BTC-260916-78000-P","2026-09-16","78000","PUT","1h","2026-09-15 00:00:00","2026-09-15 08:00:00","610.000","695.000","605.000","695.000","0.49","2026-09-15 00:59:59","2026-09-15 08:59:59","320.05000","7","0.35","233.80000"
"all-available","Asia/Taipei","BTCUSDT","BTC-260916-78000-P","2026-09-16","78000","PUT","1h","2026-09-15 01:00:00","2026-09-15 09:00:00","800.000","800.000","665.000","685.000","2.84","2026-09-15 01:59:59","2026-09-15 09:59:59","1890.55000","3","2.80","1862.00000"
"all-available","Asia/Taipei","BTCUSDT","BTC-260916-78000-P","2026-09-16","78000","PUT","1h","2026-09-15 02:00:00","2026-09-15 10:00:00","740.000","740.000","700.000","700.000","0.60","2026-09-15 02:59:59","2026-09-15 10:59:59","424.00000","4","0.50","350.00000"
"all-available","Asia/Taipei","BTCUSDT","BTC-260916-78000-P","2026-09-16","78000","PUT","1h","2026-09-15 03:00:00","2026-09-15 11:00:00","735.000","820.000","735.000","820.000","0.64","2026-09-15 03:59:59","2026-09-15 11:59:59","513.40000","4","0.04","29.40000"
"all-available","Asia/Taipei","BTCUSDT","BTC-260916-78000-P","2026-09-16","78000","PUT","1h","2026-09-15 04:00:00","2026-09-15 12:00:00","810.000","810.000","810.000","810.000","2.00","2026-09-15 04:59:59","2026-09-15 12:59:59","1620.00000","1","2.00","1620.00000"
"all-available","Asia/Taipei","BTCUSDT","BTC-260916-78000-P","2026-09-16","78000","PUT","1h","2026-09-15 05:00:00","2026-09-15 13:00:00","865.000","1000.000","865.000","970.000","0.51","2026-09-15 05:59:59","2026-09-15 13:59:59","453.60000","6","0.46","405.50000"
"all-available","Asia/Taipei","BTCUSDT","BTC-260916-78000-P","2026-09-16","78000","PUT","1h","2026-09-15 06:00:00","2026-09-15 14:00:00","970.000","970.000","970.000","970.000","0.00","2026-09-15 06:59:59","2026-09-15 14:59:59","0.00000","0","0.00","0.00000"
"all-available","Asia/Taipei","BTCUSDT","BTC-260916-78000-P","2026-09-16","78000","PUT","1h","2026-09-15 07:00:00","2026-09-15 15:00:00","1060.000","1155.000","1060.000","1155.000","1.95","2026-09-15 07:59:59","2026-09-15 15:59:59","2233.40000","13","1.95","2233.40000"
"all-available","Asia/Taipei","BTCUSDT","BTC-260916-78000-P","2026-09-16","78000","PUT","1h","2026-09-15 08:00:00","2026-09-15 16:00:00","1155.000","1155.000","1155.000","1155.000","0.00","2026-09-15 08:59:59","2026-09-15 16:59:59","0.00000","0","0.00","0.00000"
"all-available","Asia/Taipei","BTCUSDT","BTC-260916-78000-P","2026-09-16","78000","PUT","1h","2026-09-15 09:00:00","2026-09-15 17:00:00","1155.000","1155.000","1155.000","1155.000","0.00","2026-09-15 09:59:59","2026-09-15 17:59:59","0.00000","0","0.00","0.00000"
"all-available","Asia/Taipei","BTCUSDT","BTC-260916-78000-P","2026-09-16","78000","PUT","1h","2026-09-15 10:00:00","2026-09-15 18:00:00","1155.000","1155.000","1155.000","1155.000","0.00","2026-09-15 10:59:59","2026-09-15 18:59:59","0.00000","0","0.00","0.00000"
"all-available","Asia/Taipei","BTCUSDT","BTC-260916-78000-P","2026-09-16","78000","PUT","1h","2026-09-15 11:00:00","2026-09-15 19:00:00","1155.000","1155.000","1155.000","1155.000","0.00","2026-09-15 11:59:59","2026-09-15 19:59:59","0.00000","0","0.00","0.00000"
"all-available","Asia/Taipei","BTCUSDT","BTC-260916-78000-P","2026-09-16","78000","PUT","1h","2026-09-15 12:00:00","2026-09-15 20:00:00","1500.000","1500.000","1500.000","1500.000","0.01","2026-09-15 12:59:59","2026-09-15 20:59:59","15.00000","1","0.01","15.00000"
"all-available","Asia/Taipei","BTCUSDT","BTC-260916-78000-P","2026-09-16","78000","PUT","1h","2026-09-15 13:00:00","2026-09-15 21:00:00","1885.000","1885.000","1885.000","1885.000","0.10","2026-09-15 13:59:59","2026-09-15 21:59:59","188.50000","1","0.10","188.50000"
"all-available","Asia/Taipei","BTCUSDT","BTC-260916-78000-P","2026-09-16","78000","PUT","1h","2026-09-15 14:00:00","2026-09-15 22:00:00","1885.000","1885.000","1885.000","1885.000","0.00","2026-09-15 14:59:59","2026-09-15 22:59:59","0.00000","0","0.00","0.00000"
"all-available","Asia/Taipei","BTCUSDT","BTC-260916-78000-P","2026-09-16","78000","PUT","1h","2026-09-15 15:00:00","2026-09-15 23:00:00","1885.000","1885.000","1885.000","1885.000","0.00","2026-09-15 15:59:59","2026-09-15 23:59:59","0.00000","0","0.00","0.00000"
"all-available","Asia/Taipei","BTCUSDT","BTC-260916-78000-P","2026-09-16","78000","PUT","1h","2026-09-15 16:00:00","2026-09-16 00:00:00","1885.000","1885.000","1885.000","1885.000","0.00","2026-09-15 16:59:59","2026-09-16 00:59:59","0.00000","0","0.00","0.00000"
"all-available","Asia/Taipei","BTCUSDT","BTC-260916-78000-P","2026-09-16","78000","PUT","1h","2026-09-15 17:00:00","2026-09-16 01:00:00","1885.000","1885.000","1885.000","1885.000","0.00","2026-09-15 17:59:59","2026-09-16 01:59:59","0.00000","0","0.00","0.00000"
"all-available","Asia/Taipei","BTCUSDT","BTC-260916-78000-P","2026-09-16","78000","PUT","1h","2026-09-15 18:00:00","2026-09-16 02:00:00","1885.000","1885.000","1885.000","1885.000","0.00","2026-09-15 18:59:59","2026-09-16 02:59:59","0.00000","0","0.00","0.00000"
"all-available","Asia/Taipei","BTCUSDT","BTC-260916-78000-P","2026-09-16","78000","PUT","1h","2026-09-15 19:00:00","2026-09-16 03:00:00","1885.000","1885.000","1885.000","1885.000","0.00","2026-09-15 19:59:59","2026-09-16 03:59:59","0.00000","0","0.00","0.00000"
"all-available","Asia/Taipei","BTCUSDT","BTC-260916-78000-P","2026-09-16","78000","PUT","1h","2026-09-15 20:00:00","2026-09-16 04:00:00","1975.000","1975.000","1975.000","1975.000","0.03","2026-09-15 20:59:59","2026-09-16 04:59:59","59.25000","1","0.03","59.25000"
"all-available","Asia/Taipei","BTCUSDT","BTC-260916-78000-P","2026-09-16","78000","PUT","1h","2026-09-15 21:00:00","2026-09-16 05:00:00","1975.000","1975.000","1975.000","1975.000","0.00","2026-09-15 21:59:59","2026-09-16 05:59:59","0.00000","0","0.00","0.00000"
"all-available","Asia/Taipei","BTCUSDT","BTC-260916-78000-P","2026-09-16","78000","PUT","1h","2026-09-15 22:00:00","2026-09-16 06:00:00","1975.000","1975.000","1975.000","1975.000","0.00","2026-09-15 22:59:59","2026-09-16 06:59:59","0.00000","0","0.00","0.00000"
"all-available","Asia/Taipei","BTCUSDT","BTC-260916-78000-P","2026-09-16","78000","PUT","1h","2026-09-15 23:00:00","2026-09-16 07:00:00","1975.000","1975.000","1975.000","1975.000","0.00","2026-09-15 23:59:59","2026-09-16 07:59:59","0.00000","0","0.00","0.00000"
"all-available","Asia/Taipei","BTCUSDT","BTC-260916-78000-P","2026-09-16","78000","PUT","1h","2026-09-16 00:00:00","2026-09-16 08:00:00","2190.000","2190.000","2190.000","2190.000","0.02","2026-09-16 00:59:59","2026-09-16 08:59:59","43.80000","1","0.00","0.00000"
"all-available","Asia/Taipei","BTCUSDT","BTC-260916-78000-P","2026-09-16","78000","PUT","1h","2026-09-16 01:00:00","2026-09-16 09:00:00","2190.000","2190.000","2190.000","2190.000","0.00","2026-09-16 01:59:59","2026-09-16 09:59:59","0.00000","0","0.00","0.00000"
"all-available","Asia/Taipei","BTCUSDT","BTC-260916-78000-P","2026-09-16","78000","PUT","1h","2026-09-16 02:00:00","2026-09-16 10:00:00","2190.000","2190.000","2190.000","2190.000","0.00","2026-09-16 02:59:59","2026-09-16 10:59:59","0.00000","0","0.00","0.00000"
"all-available","Asia/Taipei","BTCUSDT","BTC-260916-78000-P","2026-09-16","78000","PUT","1h","2026-09-16 03:00:00","2026-09-16 11:00:00","2190.000","2190.000","2190.000","2190.000","0.00","2026-09-16 03:59:59","2026-09-16 11:59:59","0.00000","0","0.00","0.00000"
"all-available","Asia/Taipei","BTCUSDT","BTC-260916-78000-P","2026-09-16","78000","PUT","1h","2026-09-16 04:00:00","2026-09-16 12:00:00","2190.000","2190.000","2190.000","2190.000","0.00","2026-09-16 04:59:59","2026-09-16 12:59:59","0.00000","0","0.00","0.00000"
"all-available","Asia/Taipei","BTCUSDT","BTC-260916-78000-P","2026-09-16","78000","PUT","1h","2026-09-16 05:00:00","2026-09-16 13:00:00","2190.000","2190.000","2190.000","2190.000","0.00","2026-09-16 05:59:59","2026-09-16 13:59:59","0.00000","0","0.00","0.00000"
"all-available","Asia/Taipei","BTCUSDT","BTC-260916-78000-P","2026-09-16","78000","PUT","1h","2026-09-16 06:00:00","2026-09-16 14:00:00","2190.000","2190.000","2190.000","2190.000","0.00","2026-09-16 06:59:59","2026-09-16 14:59:59","0.00000","0","0.00","0.00000"
"all-available","Asia/Taipei","BTCUSDT","BTC-260916-78000-P","2026-09-16","78000","PUT","1h","2026-09-16 07:00:00","2026-09-16 15:00:00","2190.000","2190.000","2190.000","2190.000","0.00","2026-09-16 07:59:59","2026-09-16 15:59:59","0.00000","0","0.00","0.00000"
"all-available","Asia/Taipei","BTCUSDT","BTC-260916-78250-C","2026-09-16","78250","CALL","1h","2026-09-14 09:00:00","2026-09-14 17:00:00","565.000","825.000","565.000","780.000","0.96","2026-09-14 09:59:59","2026-09-14 17:59:59","652.35000","7","0.96","652.35000"
"all-available","Asia/Taipei","BTCUSDT","BTC-260916-78250-C","2026-09-16","78250","CALL","1h","2026-09-14 10:00:00","2026-09-14 18:00:00","780.000","780.000","780.000","780.000","0.00","2026-09-14 10:59:59","2026-09-14 18:59:59","0.00000","0","0.00","0.00000"
"all-available","Asia/Taipei","BTCUSDT","BTC-260916-78250-C","2026-09-16","78250","CALL","1h","2026-09-14 11:00:00","2026-09-14 19:00:00","525.000","530.000","525.000","530.000","0.19","2026-09-14 11:59:59","2026-09-14 19:59:59","100.20000","2","0.19","100.20000"
"all-available","Asia/Taipei","BTCUSDT","BTC-260916-78250-C","2026-09-16","78250","CALL","1h","2026-09-14 12:00:00","2026-09-14 20:00:00","530.000","530.000","530.000","530.000","0.00","2026-09-14 12:59:59","2026-09-14 20:59:59","0.00000","0","0.00","0.00000"
"all-available","Asia/Taipei","BTCUSDT","BTC-260916-78250-C","2026-09-16","78250","CALL","1h","2026-09-14 13:00:00","2026-09-14 21:00:00","505.000","855.000","505.000","840.000","2.63","2026-09-14 13:59:59","2026-09-14 21:59:59","1739.25000","8","2.60","1724.10000"
"all-available","Asia/Taipei","BTCUSDT","BTC-260916-78250-C","2026-09-16","78250","CALL","1h","2026-09-14 14:00:00","2026-09-14 22:00:00","825.000","935.000","825.000","870.000","2.75","2026-09-14 14:59:59","2026-09-14 22:59:59","2521.25000","7","0.52","448.90000"
"all-available","Asia/Taipei","BTCUSDT","BTC-260916-78250-C","2026-09-16","78250","CALL","1h","2026-09-14 15:00:00","2026-09-14 23:00:00","805.000","810.000","805.000","810.000","0.40","2026-09-14 15:59:59","2026-09-14 23:59:59","323.00000","2","0.40","323.00000"
"all-available","Asia/Taipei","BTCUSDT","BTC-260916-78250-C","2026-09-16","78250","CALL","1h","2026-09-14 16:00:00","2026-09-15 00:00:00","960.000","960.000","960.000","960.000","0.20","2026-09-14 16:59:59","2026-09-15 00:59:59","192.00000","1","0.20","192.00000"
"all-available","Asia/Taipei","BTCUSDT","BTC-260916-78250-C","2026-09-16","78250","CALL","1h","2026-09-14 17:00:00","2026-09-15 01:00:00","960.000","960.000","960.000","960.000","0.00","2026-09-14 17:59:59","2026-09-15 01:59:59","0.00000","0","0.00","0.00000"
"all-available","Asia/Taipei","BTCUSDT","BTC-260916-78250-C","2026-09-16","78250","CALL","1h","2026-09-14 18:00:00","2026-09-15 02:00:00","1200.000","1250.000","1200.000","1250.000","0.13","2026-09-14 18:59:59","2026-09-15 02:59:59","157.50000","2","0.13","157.50000"
"all-available","Asia/Taipei","BTCUSDT","BTC-260916-78250-C","2026-09-16","78250","CALL","1h","2026-09-14 19:00:00","2026-09-15 03:00:00","1230.000","1230.000","1215.000","1215.000","0.19","2026-09-14 19:59:59","2026-09-15 03:59:59","232.05000","2","0.11","133.65000"
"all-available","Asia/Taipei","BTCUSDT","BTC-260916-78250-C","2026-09-16","78250","CALL","1h","2026-09-14 20:00:00","2026-09-15 04:00:00","1460.000","1460.000","1460.000","1460.000","0.07","2026-09-14 20:59:59","2026-09-15 04:59:59","102.20000","1","0.00","0.00000"
"all-available","Asia/Taipei","BTCUSDT","BTC-260916-78250-C","2026-09-16","78250","CALL","1h","2026-09-14 21:00:00","2026-09-15 05:00:00","1460.000","1460.000","1460.000","1460.000","0.00","2026-09-14 21:59:59","2026-09-15 05:59:59","0.00000","0","0.00","0.00000"
"all-available","Asia/Taipei","BTCUSDT","BTC-260916-78250-C","2026-09-16","78250","CALL","1h","2026-09-14 22:00:00","2026-09-15 06:00:00","860.000","860.000","860.000","860.000","2.00","2026-09-14 22:59:59","2026-09-15 06:59:59","1720.00000","1","2.00","1720.00000"
"all-available","Asia/Taipei","BTCUSDT","BTC-260916-78250-C","2026-09-16","78250","CALL","1h","2026-09-14 23:00:00","2026-09-15 07:00:00","770.000","780.000","760.000","780.000","2.91","2026-09-14 23:59:59","2026-09-15 07:59:59","2263.20000","5","2.53","1973.40000"
"all-available","Asia/Taipei","BTCUSDT","BTC-260916-78250-C","2026-09-16","78250","CALL","1h","2026-09-15 00:00:00","2026-09-15 08:00:00","655.000","655.000","600.000","600.000","0.53","2026-09-15 00:59:59","2026-09-15 08:59:59","319.65000","2","0.50","300.00000"
"all-available","Asia/Taipei","BTCUSDT","BTC-260916-78250-C","2026-09-16","78250","CALL","1h","2026-09-15 01:00:00","2026-09-15 09:00:00","555.000","570.000","545.000","570.000","2.59","2026-09-15 01:59:59","2026-09-15 09:59:59","1436.75000","5","0.12","68.40000"
"all-available","Asia/Taipei","BTCUSDT","BTC-260916-78250-C","2026-09-16","78250","CALL","1h","2026-09-15 02:00:00","2026-09-15 10:00:00","490.000","490.000","490.000","490.000","0.12","2026-09-15 02:59:59","2026-09-15 10:59:59","58.80000","1","0.00","0.00000"
"all-available","Asia/Taipei","BTCUSDT","BTC-260916-78250-C","2026-09-16","78250","CALL","1h","2026-09-15 03:00:00","2026-09-15 11:00:00","435.000","455.000","435.000","455.000","0.26","2026-09-15 03:59:59","2026-09-15 11:59:59","117.70000","2","0.26","117.70000"
"all-available","Asia/Taipei","BTCUSDT","BTC-260916-78250-C","2026-09-16","78250","CALL","1h","2026-09-15 04:00:00","2026-09-15 12:00:00","455.000","455.000","455.000","455.000","0.00","2026-09-15 04:59:59","2026-09-15 12:59:59","0.00000","0","0.00","0.00000"
"all-available","Asia/Taipei","BTCUSDT","BTC-260916-78250-C","2026-09-16","78250","CALL","1h","2026-09-15 05:00:00","2026-09-15 13:00:00","455.000","455.000","455.000","455.000","0.00","2026-09-15 05:59:59","2026-09-15 13:59:59","0.00000","0","0.00","0.00000"
"all-available","Asia/Taipei","BTCUSDT","BTC-260916-78250-C","2026-09-16","78250","CALL","1h","2026-09-15 06:00:00","2026-09-15 14:00:00","325.000","325.000","295.000","295.000","0.04","2026-09-15 06:59:59","2026-09-15 14:59:59","12.40000","2","0.02","5.90000"
"all-available","Asia/Taipei","BTCUSDT","BTC-260916-78250-C","2026-09-16","78250","CALL","1h","2026-09-15 07:00:00","2026-09-15 15:00:00","275.000","285.000","245.000","245.000","1.30","2026-09-15 07:59:59","2026-09-15 15:59:59","357.80000","13","0.10","24.80000"
"all-available","Asia/Taipei","BTCUSDT","BTC-260916-78250-C","2026-09-16","78250","CALL","1h","2026-09-15 08:00:00","2026-09-15 16:00:00","185.000","185.000","150.000","170.000","5.07","2026-09-15 08:59:59","2026-09-15 16:59:59","795.95000","26","4.94","772.90000"
"all-available","Asia/Taipei","BTCUSDT","BTC-260916-78250-C","2026-09-16","78250","CALL","1h","2026-09-15 09:00:00","2026-09-15 17:00:00","180.000","190.000","180.000","190.000","0.73","2026-09-15 09:59:59","2026-09-15 17:59:59","138.00000","7","0.50","95.00000"
"all-available","Asia/Taipei","BTCUSDT","BTC-260916-78250-C","2026-09-16","78250","CALL","1h","2026-09-15 10:00:00","2026-09-15 18:00:00","185.000","215.000","185.000","215.000","2.02","2026-09-15 10:59:59","2026-09-15 18:59:59","387.70000","10","2.02","387.70000"
"all-available","Asia/Taipei","BTCUSDT","BTC-260916-78250-C","2026-09-16","78250","CALL","1h","2026-09-15 11:00:00","2026-09-15 19:00:00","245.000","245.000","245.000","245.000","3.57","2026-09-15 11:59:59","2026-09-15 19:59:59","874.65000","2","3.57","874.65000"
"all-available","Asia/Taipei","BTCUSDT","BTC-260916-78250-C","2026-09-16","78250","CALL","1h","2026-09-15 12:00:00","2026-09-15 20:00:00","345.000","350.000","345.000","350.000","1.54","2026-09-15 12:59:59","2026-09-15 20:59:59","533.80000","3","0.50","175.00000"
"all-available","Asia/Taipei","BTCUSDT","BTC-260916-78250-C","2026-09-16","78250","CALL","1h","2026-09-15 13:00:00","2026-09-15 21:00:00","355.000","360.000","195.000","195.000","3.84","2026-09-15 13:59:59","2026-09-15 21:59:59","1331.60000","10","0.73","261.80000"
"all-available","Asia/Taipei","BTCUSDT","BTC-260916-78250-C","2026-09-16","78250","CALL","1h","2026-09-15 14:00:00","2026-09-15 22:00:00","175.000","175.000","140.000","140.000","1.12","2026-09-15 14:59:59","2026-09-15 22:59:59","173.95000","8","0.28","44.80000"
"all-available","Asia/Taipei","BTCUSDT","BTC-260916-78250-C","2026-09-16","78250","CALL","1h","2026-09-15 15:00:00","2026-09-15 23:00:00","145.000","145.000","145.000","145.000","0.24","2026-09-15 15:59:59","2026-09-15 23:59:59","34.80000","4","0.00","0.00000"
"all-available","Asia/Taipei","BTCUSDT","BTC-260916-78250-C","2026-09-16","78250","CALL","1h","2026-09-15 16:00:00","2026-09-16 00:00:00","170.000","170.000","170.000","170.000","0.28","2026-09-15 16:59:59","2026-09-16 00:59:59","47.60000","3","0.28","47.60000"
"all-available","Asia/Taipei","BTCUSDT","BTC-260916-78250-C","2026-09-16","78250","CALL","1h","2026-09-15 17:00:00","2026-09-16 01:00:00","155.000","320.000","155.000","245.000","5.01","2026-09-15 17:59:59","2026-09-16 01:59:59","1366.90000","13","2.24","485.00000"
"all-available","Asia/Taipei","BTCUSDT","BTC-260916-78250-C","2026-09-16","78250","CALL","1h","2026-09-15 18:00:00","2026-09-16 02:00:00","245.000","245.000","25.000","45.000","24.24","2026-09-15 18:59:59","2026-09-16 02:59:59","1926.80000","57","11.66","730.90000"
"all-available","Asia/Taipei","BTCUSDT","BTC-260916-78250-C","2026-09-16","78250","CALL","1h","2026-09-15 19:00:00","2026-09-16 03:00:00","40.000","50.000","20.000","20.000","8.55","2026-09-15 19:59:59","2026-09-16 03:59:59","312.10000","30","0.62","17.35000"
"all-available","Asia/Taipei","BTCUSDT","BTC-260916-78250-C","2026-09-16","78250","CALL","1h","2026-09-15 20:00:00","2026-09-16 04:00:00","20.000","20.000","15.000","15.000","4.47","2026-09-15 20:59:59","2026-09-16 04:59:59","84.60000","8","0.96","14.40000"
"all-available","Asia/Taipei","BTCUSDT","BTC-260916-78250-C","2026-09-16","78250","CALL","1h","2026-09-15 21:00:00","2026-09-16 05:00:00","15.000","15.000","15.000","15.000","0.08","2026-09-15 21:59:59","2026-09-16 05:59:59","1.20000","1","0.00","0.00000"
"all-available","Asia/Taipei","BTCUSDT","BTC-260916-78250-C","2026-09-16","78250","CALL","1h","2026-09-15 22:00:00","2026-09-16 06:00:00","15.000","15.000","15.000","15.000","0.00","2026-09-15 22:59:59","2026-09-16 06:59:59","0.00000","0","0.00","0.00000"
"all-available","Asia/Taipei","BTCUSDT","BTC-260916-78250-C","2026-09-16","78250","CALL","1h","2026-09-15 23:00:00","2026-09-16 07:00:00","15.000","15.000","15.000","15.000","0.00","2026-09-15 23:59:59","2026-09-16 07:59:59","0.00000","0","0.00","0.00000"
"all-available","Asia/Taipei","BTCUSDT","BTC-260916-78250-C","2026-09-16","78250","CALL","1h","2026-09-16 00:00:00","2026-09-16 08:00:00","5.000","5.000","5.000","5.000","0.01","2026-09-16 00:59:59","2026-09-16 08:59:59","0.05000","1","0.01","0.05000"
"all-available","Asia/Taipei","BTCUSDT","BTC-260916-78250-C","2026-09-16","78250","CALL","1h","2026-09-16 01:00:00","2026-09-16 09:00:00","5.000","5.000","5.000","5.000","0.40","2026-09-16 01:59:59","2026-09-16 09:59:59","2.00000","2","0.00","0.00000"
"all-available","Asia/Taipei","BTCUSDT","BTC-260916-78250-C","2026-09-16","78250","CALL","1h","2026-09-16 02:00:00","2026-09-16 10:00:00","5.000","5.000","5.000","5.000","0.00","2026-09-16 02:59:59","2026-09-16 10:59:59","0.00000","0","0.00","0.00000"
"all-available","Asia/Taipei","BTCUSDT","BTC-260916-78250-C","2026-09-16","78250","CALL","1h","2026-09-16 03:00:00","2026-09-16 11:00:00","5.000","5.000","5.000","5.000","0.00","2026-09-16 03:59:59","2026-09-16 11:59:59","0.00000","0","0.00","0.00000"
"all-available","Asia/Taipei","BTCUSDT","BTC-260916-78250-C","2026-09-16","78250","CALL","1h","2026-09-16 04:00:00","2026-09-16 12:00:00","5.000","5.000","5.000","5.000","0.00","2026-09-16 04:59:59","2026-09-16 12:59:59","0.00000","0","0.00","0.00000"
"all-available","Asia/Taipei","BTCUSDT","BTC-260916-78250-C","2026-09-16","78250","CALL","1h","2026-09-16 05:00:00","2026-09-16 13:00:00","5.000","5.000","5.000","5.000","0.00","2026-09-16 05:59:59","2026-09-16 13:59:59","0.00000","0","0.00","0.00000"
"all-available","Asia/Taipei","BTCUSDT","BTC-260916-78250-C","2026-09-16","78250","CALL","1h","2026-09-16 06:00:00","2026-09-16 14:00:00","5.000","5.000","5.000","5.000","0.00","2026-09-16 06:59:59","2026-09-16 14:59:59","0.00000","0","0.00","0.00000"
"all-available","Asia/Taipei","BTCUSDT","BTC-260916-78250-C","2026-09-16","78250","CALL","1h","2026-09-16 07:00:00","2026-09-16 15:00:00","5.000","5.000","5.000","5.000","1.14","2026-09-16 07:59:59","2026-09-16 15:59:59","5.70000","2","1.14","5.70000"
"all-available","Asia/Taipei","BTCUSDT","BTC-260916-78250-P","2026-09-16","78250","PUT","1h","2026-09-14 11:00:00","2026-09-14 19:00:00","965.000","965.000","965.000","965.000","0.44","2026-09-14 11:59:59","2026-09-14 19:59:59","424.60000","1","0.00","0.00000"
"all-available","Asia/Taipei","BTCUSDT","BTC-260916-78250-P","2026-09-16","78250","PUT","1h","2026-09-14 12:00:00","2026-09-14 20:00:00","855.000","985.000","855.000","985.000","0.40","2026-09-14 12:59:59","2026-09-14 20:59:59","368.00000","3","0.20","171.00000"
"all-available","Asia/Taipei","BTCUSDT","BTC-260916-78250-P","2026-09-16","78250","PUT","1h","2026-09-14 13:00:00","2026-09-14 21:00:00","1025.000","1025.000","1025.000","1025.000","0.42","2026-09-14 13:59:59","2026-09-14 21:59:59","430.50000","1","0.00","0.00000"
"all-available","Asia/Taipei","BTCUSDT","BTC-260916-78250-P","2026-09-16","78250","PUT","1h","2026-09-14 14:00:00","2026-09-14 22:00:00","730.000","730.000","625.000","625.000","0.66","2026-09-14 14:59:59","2026-09-14 22:59:59","433.65000","9","0.57","369.75000"
"all-available","Asia/Taipei","BTCUSDT","BTC-260916-78250-P","2026-09-16","78250","PUT","1h","2026-09-14 15:00:00","2026-09-14 23:00:00","670.000","670.000","625.000","635.000","4.55","2026-09-14 15:59:59","2026-09-14 23:59:59","3035.80000","5","0.01","6.25000"
"all-available","Asia/Taipei","BTCUSDT","BTC-260916-78250-P","2026-09-16","78250","PUT","1h","2026-09-14 16:00:00","2026-09-15 00:00:00","495.000","515.000","435.000","435.000","3.15","2026-09-14 16:59:59","2026-09-15 00:59:59","1506.95000","12","1.40","701.00000"
"all-available","Asia/Taipei","BTCUSDT","BTC-260916-78250-P","2026-09-16","78250","PUT","1h","2026-09-14 17:00:00","2026-09-15 01:00:00","435.000","435.000","435.000","435.000","0.09","2026-09-14 17:59:59","2026-09-15 01:59:59","39.15000","1","0.09","39.15000"
"all-available","Asia/Taipei","BTCUSDT","BTC-260916-78250-P","2026-09-16","78250","PUT","1h","2026-09-14 18:00:00","2026-09-15 02:00:00","370.000","370.000","370.000","370.000","0.35","2026-09-14 18:59:59","2026-09-15 02:59:59","129.50000","2","0.35","129.50000"
"all-available","Asia/Taipei","BTCUSDT","BTC-260916-78250-P","2026-09-16","78250","PUT","1h","2026-09-14 19:00:00","2026-09-15 03:00:00","370.000","395.000","370.000","395.000","2.74","2026-09-14 19:59:59","2026-09-15 03:59:59","1059.80000","3","2.68","1037.60000"
"all-available","Asia/Taipei","BTCUSDT","BTC-260916-78250-P","2026-09-16","78250","PUT","1h","2026-09-14 20:00:00","2026-09-15 04:00:00","295.000","295.000","295.000","295.000","1.00","2026-09-14 20:59:59","2026-09-15 04:59:59","295.00000","2","1.00","295.00000"
"all-available","Asia/Taipei","BTCUSDT","BTC-260916-78250-P","2026-09-16","78250","PUT","1h","2026-09-14 21:00:00","2026-09-15 05:00:00","415.000","415.000","415.000","415.000","0.16","2026-09-14 21:59:59","2026-09-15 05:59:59","66.40000","1","0.16","66.40000"
"all-available","Asia/Taipei","BTCUSDT","BTC-260916-78250-P","2026-09-16","78250","PUT","1h","2026-09-14 22:00:00","2026-09-15 06:00:00","510.000","510.000","510.000","510.000","1.00","2026-09-14 22:59:59","2026-09-15 06:59:59","510.00000","2","0.00","0.00000"
"all-available","Asia/Taipei","BTCUSDT","BTC-260916-78250-P","2026-09-16","78250","PUT","1h","2026-09-14 23:00:00","2026-09-15 07:00:00","585.000","650.000","585.000","650.000","0.50","2026-09-14 23:59:59","2026-09-15 07:59:59","309.50000","4","0.50","309.50000"
"all-available","Asia/Taipei","BTCUSDT","BTC-260916-78250-P","2026-09-16","78250","PUT","1h","2026-09-15 00:00:00","2026-09-15 08:00:00","710.000","815.000","710.000","815.000","0.38","2026-09-15 00:59:59","2026-09-15 08:59:59","305.05000","4","0.35","283.75000"
"all-available","Asia/Taipei","BTCUSDT","BTC-260916-78250-P","2026-09-16","78250","PUT","1h","2026-09-15 01:00:00","2026-09-15 09:00:00","900.000","900.000","745.000","745.000","1.24","2026-09-15 01:59:59","2026-09-15 09:59:59","973.50000","8","0.00","0.00000"
"all-available","Asia/Taipei","BTCUSDT","BTC-260916-78250-P","2026-09-16","78250","PUT","1h","2026-09-15 02:00:00","2026-09-15 10:00:00","745.000","745.000","745.000","745.000","0.00","2026-09-15 02:59:59","2026-09-15 10:59:59","0.00000","0","0.00","0.00000"
"all-available","Asia/Taipei","BTCUSDT","BTC-260916-78250-P","2026-09-16","78250","PUT","1h","2026-09-15 03:00:00","2026-09-15 11:00:00","745.000","745.000","745.000","745.000","0.00","2026-09-15 03:59:59","2026-09-15 11:59:59","0.00000","0","0.00","0.00000"
"all-available","Asia/Taipei","BTCUSDT","BTC-260916-78250-P","2026-09-16","78250","PUT","1h","2026-09-15 04:00:00","2026-09-15 12:00:00","970.000","975.000","970.000","975.000","2.10","2026-09-15 04:59:59","2026-09-15 12:59:59","2037.50000","2","2.10","2037.50000"
"all-available","Asia/Taipei","BTCUSDT","BTC-260916-78250-P","2026-09-16","78250","PUT","1h","2026-09-15 05:00:00","2026-09-15 13:00:00","975.000","975.000","975.000","975.000","0.00","2026-09-15 05:59:59","2026-09-15 13:59:59","0.00000","0","0.00","0.00000"
"all-available","Asia/Taipei","BTCUSDT","BTC-260916-78250-P","2026-09-16","78250","PUT","1h","2026-09-15 06:00:00","2026-09-15 14:00:00","975.000","975.000","975.000","975.000","0.00","2026-09-15 06:59:59","2026-09-15 14:59:59","0.00000","0","0.00","0.00000"
"all-available","Asia/Taipei","BTCUSDT","BTC-260916-78250-P","2026-09-16","78250","PUT","1h","2026-09-15 07:00:00","2026-09-15 15:00:00","1305.000","1320.000","1305.000","1320.000","1.60","2026-09-15 07:59:59","2026-09-15 15:59:59","2100.00000","9","1.60","2100.00000"
"all-available","Asia/Taipei","BTCUSDT","BTC-260916-78250-P","2026-09-16","78250","PUT","1h","2026-09-15 08:00:00","2026-09-15 16:00:00","1630.000","1630.000","1630.000","1630.000","0.03","2026-09-15 08:59:59","2026-09-15 16:59:59","48.90000","1","0.03","48.90000"
"all-available","Asia/Taipei","BTCUSDT","BTC-260916-78250-P","2026-09-16","78250","PUT","1h","2026-09-15 09:00:00","2026-09-15 17:00:00","1630.000","1630.000","1630.000","1630.000","0.00","2026-09-15 09:59:59","2026-09-15 17:59:59","0.00000","0","0.00","0.00000"
"all-available","Asia/Taipei","BTCUSDT","BTC-260916-78250-P","2026-09-16","78250","PUT","1h","2026-09-15 10:00:00","2026-09-15 18:00:00","1630.000","1630.000","1630.000","1630.000","0.00","2026-09-15 10:59:59","2026-09-15 18:59:59","0.00000","0","0.00","0.00000"
"all-available","Asia/Taipei","BTCUSDT","BTC-260916-78250-P","2026-09-16","78250","PUT","1h","2026-09-15 11:00:00","2026-09-15 19:00:00","1630.000","1630.000","1630.000","1630.000","0.00","2026-09-15 11:59:59","2026-09-15 19:59:59","0.00000","0","0.00","0.00000"
"all-available","Asia/Taipei","BTCUSDT","BTC-260916-78250-P","2026-09-16","78250","PUT","1h","2026-09-15 12:00:00","2026-09-15 20:00:00","1630.000","1630.000","1630.000","1630.000","0.00","2026-09-15 12:59:59","2026-09-15 20:59:59","0.00000","0","0.00","0.00000"
"all-available","Asia/Taipei","BTCUSDT","BTC-260916-78250-P","2026-09-16","78250","PUT","1h","2026-09-15 13:00:00","2026-09-15 21:00:00","2000.000","2020.000","2000.000","2020.000","0.10","2026-09-15 13:59:59","2026-09-15 21:59:59","201.00000","2","0.10","201.00000"
"all-available","Asia/Taipei","BTCUSDT","BTC-260916-78250-P","2026-09-16","78250","PUT","1h","2026-09-15 14:00:00","2026-09-15 22:00:00","2350.000","2350.000","2350.000","2350.000","0.05","2026-09-15 14:59:59","2026-09-15 22:59:59","117.50000","1","0.05","117.50000"
"all-available","Asia/Taipei","BTCUSDT","BTC-260916-78250-P","2026-09-16","78250","PUT","1h","2026-09-15 15:00:00","2026-09-15 23:00:00","2350.000","2350.000","2350.000","2350.000","0.00","2026-09-15 15:59:59","2026-09-15 23:59:59","0.00000","0","0.00","0.00000"
"all-available","Asia/Taipei","BTCUSDT","BTC-260916-78250-P","2026-09-16","78250","PUT","1h","2026-09-15 16:00:00","2026-09-16 00:00:00","2350.000","2350.000","2350.000","2350.000","0.00","2026-09-15 16:59:59","2026-09-16 00:59:59","0.00000","0","0.00","0.00000"
"all-available","Asia/Taipei","BTCUSDT","BTC-260916-78250-P","2026-09-16","78250","PUT","1h","2026-09-15 17:00:00","2026-09-16 01:00:00","1295.000","1295.000","1295.000","1295.000","0.10","2026-09-15 17:59:59","2026-09-16 01:59:59","129.50000","1","0.10","129.50000"
"all-available","Asia/Taipei","BTCUSDT","BTC-260916-78250-P","2026-09-16","78250","PUT","1h","2026-09-15 18:00:00","2026-09-16 02:00:00","1435.000","1435.000","1435.000","1435.000","0.09","2026-09-15 18:59:59","2026-09-16 02:59:59","129.15000","1","0.09","129.15000"
"all-available","Asia/Taipei","BTCUSDT","BTC-260916-78250-P","2026-09-16","78250","PUT","1h","2026-09-15 19:00:00","2026-09-16 03:00:00","1435.000","1435.000","1435.000","1435.000","0.00","2026-09-15 19:59:59","2026-09-16 03:59:59","0.00000","0","0.00","0.00000"
"all-available","Asia/Taipei","BTCUSDT","BTC-260916-78250-P","2026-09-16","78250","PUT","1h","2026-09-15 20:00:00","2026-09-16 04:00:00","1435.000","1435.000","1435.000","1435.000","0.00","2026-09-15 20:59:59","2026-09-16 04:59:59","0.00000","0","0.00","0.00000"
"all-available","Asia/Taipei","BTCUSDT","BTC-260916-78250-P","2026-09-16","78250","PUT","1h","2026-09-15 21:00:00","2026-09-16 05:00:00","2715.000","2715.000","2715.000","2715.000","0.25","2026-09-15 21:59:59","2026-09-16 05:59:59","678.75000","1","0.25","678.75000"
"all-available","Asia/Taipei","BTCUSDT","BTC-260916-78250-P","2026-09-16","78250","PUT","1h","2026-09-15 22:00:00","2026-09-16 06:00:00","2715.000","2715.000","2715.000","2715.000","0.00","2026-09-15 22:59:59","2026-09-16 06:59:59","0.00000","0","0.00","0.00000"
"all-available","Asia/Taipei","BTCUSDT","BTC-260916-78250-P","2026-09-16","78250","PUT","1h","2026-09-15 23:00:00","2026-09-16 07:00:00","2715.000","2715.000","2715.000","2715.000","0.00","2026-09-15 23:59:59","2026-09-16 07:59:59","0.00000","0","0.00","0.00000"
"all-available","Asia/Taipei","BTCUSDT","BTC-260916-78250-P","2026-09-16","78250","PUT","1h","2026-09-16 00:00:00","2026-09-16 08:00:00","2715.000","2715.000","2715.000","2715.000","0.00","2026-09-16 00:59:59","2026-09-16 08:59:59","0.00000","0","0.00","0.00000"
"all-available","Asia/Taipei","BTCUSDT","BTC-260916-78250-P","2026-09-16","78250","PUT","1h","2026-09-16 01:00:00","2026-09-16 09:00:00","2715.000","2715.000","2715.000","2715.000","0.00","2026-09-16 01:59:59","2026-09-16 09:59:59","0.00000","0","0.00","0.00000"
"all-available","Asia/Taipei","BTCUSDT","BTC-260916-78250-P","2026-09-16","78250","PUT","1h","2026-09-16 02:00:00","2026-09-16 10:00:00","2715.000","2715.000","2715.000","2715.000","0.00","2026-09-16 02:59:59","2026-09-16 10:59:59","0.00000","0","0.00","0.00000"
"all-available","Asia/Taipei","BTCUSDT","BTC-260916-78250-P","2026-09-16","78250","PUT","1h","2026-09-16 03:00:00","2026-09-16 11:00:00","2715.000","2715.000","2715.000","2715.000","0.00","2026-09-16 03:59:59","2026-09-16 11:59:59","0.00000","0","0.00","0.00000"
"all-available","Asia/Taipei","BTCUSDT","BTC-260916-78250-P","2026-09-16","78250","PUT","1h","2026-09-16 04:00:00","2026-09-16 12:00:00","2715.000","2715.000","2715.000","2715.000","0.00","2026-09-16 04:59:59","2026-09-16 12:59:59","0.00000","0","0.00","0.00000"
"all-available","Asia/Taipei","BTCUSDT","BTC-260916-78250-P","2026-09-16","78250","PUT","1h","2026-09-16 05:00:00","2026-09-16 13:00:00","2715.000","2715.000","2715.000","2715.000","0.00","2026-09-16 05:59:59","2026-09-16 13:59:59","0.00000","0","0.00","0.00000"
"all-available","Asia/Taipei","BTCUSDT","BTC-260916-78250-P","2026-09-16","78250","PUT","1h","2026-09-16 06:00:00","2026-09-16 14:00:00","2715.000","2715.000","2715.000","2715.000","0.00","2026-09-16 06:59:59","2026-09-16 14:59:59","0.00000","0","0.00","0.00000"
"all-available","Asia/Taipei","BTCUSDT","BTC-260916-78250-P","2026-09-16","78250","PUT","1h","2026-09-16 07:00:00","2026-09-16 15:00:00","2715.000","2715.000","2715.000","2715.000","0.00","2026-09-16 07:59:59","2026-09-16 15:59:59","0.00000","0","0.00","0.00000"
"all-available","Asia/Taipei","BTCUSDT","BTC-260916-78500-C","2026-09-16","78500","CALL","1h","2026-09-13 08:00:00","2026-09-13 16:00:00","320.000","320.000","320.000","320.000","1.00","2026-09-13 08:59:59","2026-09-13 16:59:59","320.00000","1","1.00","320.00000"
"all-available","Asia/Taipei","BTCUSDT","BTC-260916-78500-C","2026-09-16","78500","CALL","1h","2026-09-13 09:00:00","2026-09-13 17:00:00","325.000","325.000","295.000","295.000","0.24","2026-09-13 09:59:59","2026-09-13 17:59:59","72.00000","2","0.04","13.00000"
"all-available","Asia/Taipei","BTCUSDT","BTC-260916-78500-C","2026-09-16","78500","CALL","1h","2026-09-13 10:00:00","2026-09-13 18:00:00","310.000","310.000","310.000","310.000","0.12","2026-09-13 10:59:59","2026-09-13 18:59:59","37.20000","2","0.11","34.10000"
"all-available","Asia/Taipei","BTCUSDT","BTC-260916-78500-C","2026-09-16","78500","CALL","1h","2026-09-13 11:00:00","2026-09-13 19:00:00","290.000","290.000","290.000","290.000","0.01","2026-09-13 11:59:59","2026-09-13 19:59:59","2.90000","1","0.01","2.90000"
"all-available","Asia/Taipei","BTCUSDT","BTC-260916-78500-C","2026-09-16","78500","CALL","1h","2026-09-13 12:00:00","2026-09-13 20:00:00","290.000","290.000","290.000","290.000","0.00","2026-09-13 12:59:59","2026-09-13 20:59:59","0.00000","0","0.00","0.00000"
"all-available","Asia/Taipei","BTCUSDT","BTC-260916-78500-C","2026-09-16","78500","CALL","1h","2026-09-13 13:00:00","2026-09-13 21:00:00","335.000","335.000","335.000","335.000","0.50","2026-09-13 13:59:59","2026-09-13 21:59:59","167.50000","1","0.50","167.50000"
"all-available","Asia/Taipei","BTCUSDT","BTC-260916-78500-C","2026-09-16","78500","CALL","1h","2026-09-13 14:00:00","2026-09-13 22:00:00","405.000","445.000","405.000","445.000","0.12","2026-09-13 14:59:59","2026-09-13 22:59:59","50.20000","4","0.12","50.20000"
"all-available","Asia/Taipei","BTCUSDT","BTC-260916-78500-C","2026-09-16","78500","CALL","1h","2026-09-13 15:00:00","2026-09-13 23:00:00","445.000","445.000","425.000","425.000","0.05","2026-09-13 15:59:59","2026-09-13 23:59:59","22.05000","2","0.05","22.05000"
"all-available","Asia/Taipei","BTCUSDT","BTC-260916-78500-C","2026-09-16","78500","CALL","1h","2026-09-13 16:00:00","2026-09-14 00:00:00","420.000","420.000","420.000","420.000","0.01","2026-09-13 16:59:59","2026-09-14 00:59:59","4.20000","1","0.01","4.20000"
"all-available","Asia/Taipei","BTCUSDT","BTC-260916-78500-C","2026-09-16","78500","CALL","1h","2026-09-13 17:00:00","2026-09-14 01:00:00","425.000","425.000","425.000","425.000","2.00","2026-09-13 17:59:59","2026-09-14 01:59:59","850.00000","2","2.00","850.00000"
"all-available","Asia/Taipei","BTCUSDT","BTC-260916-78500-C","2026-09-16","78500","CALL","1h","2026-09-13 18:00:00","2026-09-14 02:00:00","425.000","425.000","425.000","425.000","0.00","2026-09-13 18:59:59","2026-09-14 02:59:59","0.00000","0","0.00","0.00000"
"all-available","Asia/Taipei","BTCUSDT","BTC-260916-78500-C","2026-09-16","78500","CALL","1h","2026-09-13 19:00:00","2026-09-14 03:00:00","405.000","405.000","405.000","405.000","0.03","2026-09-13 19:59:59","2026-09-14 03:59:59","12.15000","1","0.03","12.15000"
"all-available","Asia/Taipei","BTCUSDT","BTC-260916-78500-C","2026-09-16","78500","CALL","1h","2026-09-13 20:00:00","2026-09-14 04:00:00","425.000","425.000","425.000","425.000","0.19","2026-09-13 20:59:59","2026-09-14 04:59:59","80.75000","1","0.19","80.75000"
"all-available","Asia/Taipei","BTCUSDT","BTC-260916-78500-C","2026-09-16","78500","CALL","1h","2026-09-13 21:00:00","2026-09-14 05:00:00","435.000","435.000","435.000","435.000","0.20","2026-09-13 21:59:59","2026-09-14 05:59:59","87.00000","1","0.20","87.00000"
"all-available","Asia/Taipei","BTCUSDT","BTC-260916-78500-C","2026-09-16","78500","CALL","1h","2026-09-13 22:00:00","2026-09-14 06:00:00","420.000","420.000","290.000","290.000","3.13","2026-09-13 22:59:59","2026-09-14 06:59:59","1009.15000","8","2.43","741.15000"
"all-available","Asia/Taipei","BTCUSDT","BTC-260916-78500-C","2026-09-16","78500","CALL","1h","2026-09-13 23:00:00","2026-09-14 07:00:00","275.000","275.000","275.000","275.000","0.18","2026-09-13 23:59:59","2026-09-14 07:59:59","49.50000","1","0.18","49.50000"
"all-available","Asia/Taipei","BTCUSDT","BTC-260916-78500-C","2026-09-16","78500","CALL","1h","2026-09-14 00:00:00","2026-09-14 08:00:00","250.000","275.000","250.000","270.000","0.03","2026-09-14 00:59:59","2026-09-14 08:59:59","7.95000","3","0.02","5.45000"
"all-available","Asia/Taipei","BTCUSDT","BTC-260916-78500-C","2026-09-16","78500","CALL","1h","2026-09-14 01:00:00","2026-09-14 09:00:00","245.000","270.000","245.000","270.000","0.02","2026-09-14 01:59:59","2026-09-14 09:59:59","5.15000","2","0.00","0.00000"
"all-available","Asia/Taipei","BTCUSDT","BTC-260916-78500-C","2026-09-16","78500","CALL","1h","2026-09-14 02:00:00","2026-09-14 10:00:00","385.000","475.000","385.000","470.000","0.85","2026-09-14 02:59:59","2026-09-14 10:59:59","348.15000","5","0.85","348.15000"
"all-available","Asia/Taipei","BTCUSDT","BTC-260916-78500-C","2026-09-16","78500","CALL","1h","2026-09-14 03:00:00","2026-09-14 11:00:00","475.000","570.000","475.000","515.000","0.72","2026-09-14 03:59:59","2026-09-14 11:59:59","381.70000","7","0.33","170.10000"
"all-available","Asia/Taipei","BTCUSDT","BTC-260916-78500-C","2026-09-16","78500","CALL","1h","2026-09-14 04:00:00","2026-09-14 12:00:00","495.000","495.000","495.000","495.000","0.01","2026-09-14 04:59:59","2026-09-14 12:59:59","4.95000","1","0.01","4.95000"
"all-available","Asia/Taipei","BTCUSDT","BTC-260916-78500-C","2026-09-16","78500","CALL","1h","2026-09-14 05:00:00","2026-09-14 13:00:00","495.000","495.000","495.000","495.000","0.00","2026-09-14 05:59:59","2026-09-14 13:59:59","0.00000","0","0.00","0.00000"
"all-available","Asia/Taipei","BTCUSDT","BTC-260916-78500-C","2026-09-16","78500","CALL","1h","2026-09-14 06:00:00","2026-09-14 14:00:00","500.000","500.000","450.000","450.000","0.12","2026-09-14 06:59:59","2026-09-14 14:59:59","59.50000","2","0.12","59.50000"
"all-available","Asia/Taipei","BTCUSDT","BTC-260916-78500-C","2026-09-16","78500","CALL","1h","2026-09-14 07:00:00","2026-09-14 15:00:00","555.000","555.000","555.000","555.000","0.02","2026-09-14 07:59:59","2026-09-14 15:59:59","11.10000","1","0.00","0.00000"
"all-available","Asia/Taipei","BTCUSDT","BTC-260916-78500-C","2026-09-16","78500","CALL","1h","2026-09-14 08:00:00","2026-09-14 16:00:00","560.000","565.000","475.000","490.000","3.46","2026-09-14 08:59:59","2026-09-14 16:59:59","1802.15000","13","0.31","165.40000"
"all-available","Asia/Taipei","BTCUSDT","BTC-260916-78500-C","2026-09-16","78500","CALL","1h","2026-09-14 09:00:00","2026-09-14 17:00:00","465.000","680.000","465.000","610.000","2.50","2026-09-14 09:59:59","2026-09-14 17:59:59","1486.75000","15","1.48","833.85000"
"all-available","Asia/Taipei","BTCUSDT","BTC-260916-78500-C","2026-09-16","78500","CALL","1h","2026-09-14 10:00:00","2026-09-14 18:00:00","600.000","600.000","580.000","580.000","0.81","2026-09-14 10:59:59","2026-09-14 18:59:59","485.80000","4","0.00","0.00000"
"all-available","Asia/Taipei","BTCUSDT","BTC-260916-78500-C","2026-09-16","78500","CALL","1h","2026-09-14 11:00:00","2026-09-14 19:00:00","470.000","470.000","470.000","470.000","0.20","2026-09-14 11:59:59","2026-09-14 19:59:59","94.00000","1","0.00","0.00000"
"all-available","Asia/Taipei","BTCUSDT","BTC-260916-78500-C","2026-09-16","78500","CALL","1h","2026-09-14 12:00:00","2026-09-14 20:00:00","480.000","540.000","475.000","480.000","2.93","2026-09-14 12:59:59","2026-09-14 20:59:59","1541.20000","4","0.65","310.00000"
"all-available","Asia/Taipei","BTCUSDT","BTC-260916-78500-C","2026-09-16","78500","CALL","1h","2026-09-14 13:00:00","2026-09-14 21:00:00","395.000","695.000","395.000","650.000","6.28","2026-09-14 13:59:59","2026-09-14 21:59:59","4102.10000","6","2.18","1479.10000"
"all-available","Asia/Taipei","BTCUSDT","BTC-260916-78500-C","2026-09-16","78500","CALL","1h","2026-09-14 14:00:00","2026-09-14 22:00:00","660.000","815.000","660.000","750.000","3.03","2026-09-14 14:59:59","2026-09-14 22:59:59","2065.00000","11","0.04","31.95000"
"all-available","Asia/Taipei","BTCUSDT","BTC-260916-78500-C","2026-09-16","78500","CALL","1h","2026-09-14 15:00:00","2026-09-14 23:00:00","705.000","775.000","665.000","705.000","2.11","2026-09-14 15:59:59","2026-09-14 23:59:59","1470.30000","10","1.96","1354.80000"
"all-available","Asia/Taipei","BTCUSDT","BTC-260916-78500-C","2026-09-16","78500","CALL","1h","2026-09-14 16:00:00","2026-09-15 00:00:00","810.000","810.000","810.000","810.000","0.20","2026-09-14 16:59:59","2026-09-15 00:59:59","162.00000","1","0.20","162.00000"
"all-available","Asia/Taipei","BTCUSDT","BTC-260916-78500-C","2026-09-16","78500","CALL","1h","2026-09-14 17:00:00","2026-09-15 01:00:00","940.000","940.000","850.000","850.000","0.21","2026-09-14 17:59:59","2026-09-15 01:59:59","196.50000","2","0.01","8.50000"
"all-available","Asia/Taipei","BTCUSDT","BTC-260916-78500-C","2026-09-16","78500","CALL","1h","2026-09-14 18:00:00","2026-09-15 02:00:00","1000.000","1130.000","1000.000","1130.000","1.05","2026-09-14 18:59:59","2026-09-15 02:59:59","1177.80000","5","0.51","575.00000"
"all-available","Asia/Taipei","BTCUSDT","BTC-260916-78500-C","2026-09-16","78500","CALL","1h","2026-09-14 19:00:00","2026-09-15 03:00:00","1130.000","1130.000","1130.000","1130.000","0.00","2026-09-14 19:59:59","2026-09-15 03:59:59","0.00000","0","0.00","0.00000"
"all-available","Asia/Taipei","BTCUSDT","BTC-260916-78500-C","2026-09-16","78500","CALL","1h","2026-09-14 20:00:00","2026-09-15 04:00:00","1285.000","1285.000","1135.000","1140.000","4.01","2026-09-14 20:59:59","2026-09-15 04:59:59","4565.85000","4","3.93","4463.05000"
"all-available","Asia/Taipei","BTCUSDT","BTC-260916-78500-C","2026-09-16","78500","CALL","1h","2026-09-14 21:00:00","2026-09-15 05:00:00","995.000","995.000","935.000","935.000","2.19","2026-09-14 21:59:59","2026-09-15 05:59:59","2050.65000","3","0.00","0.00000"
"all-available","Asia/Taipei","BTCUSDT","BTC-260916-78500-C","2026-09-16","78500","CALL","1h","2026-09-14 22:00:00","2026-09-15 06:00:00","860.000","860.000","860.000","860.000","0.15","2026-09-14 22:59:59","2026-09-15 06:59:59","129.00000","1","0.00","0.00000"
"all-available","Asia/Taipei","BTCUSDT","BTC-260916-78500-C","2026-09-16","78500","CALL","1h","2026-09-14 23:00:00","2026-09-15 07:00:00","640.000","650.000","600.000","610.000","0.32","2026-09-14 23:59:59","2026-09-15 07:59:59","200.20000","6","0.16","101.60000"
"all-available","Asia/Taipei","BTCUSDT","BTC-260916-78500-C","2026-09-16","78500","CALL","1h","2026-09-15 00:00:00","2026-09-15 08:00:00","500.000","500.000","480.000","485.000","0.14","2026-09-15 00:59:59","2026-09-15 08:59:59","68.00000","4","0.12","58.20000"
"all-available","Asia/Taipei","BTCUSDT","BTC-260916-78500-C","2026-09-16","78500","CALL","1h","2026-09-15 01:00:00","2026-09-15 09:00:00","460.000","460.000","420.000","420.000","3.23","2026-09-15 01:59:59","2026-09-15 09:59:59","1467.85000","5","0.00","0.00000"
"all-available","Asia/Taipei","BTCUSDT","BTC-260916-78500-C","2026-09-16","78500","CALL","1h","2026-09-15 02:00:00","2026-09-15 10:00:00","430.000","430.000","430.000","430.000","0.31","2026-09-15 02:59:59","2026-09-15 10:59:59","133.30000","2","0.31","133.30000"
"all-available","Asia/Taipei","BTCUSDT","BTC-260916-78500-C","2026-09-16","78500","CALL","1h","2026-09-15 03:00:00","2026-09-15 11:00:00","430.000","430.000","430.000","430.000","0.00","2026-09-15 03:59:59","2026-09-15 11:59:59","0.00000","0","0.00","0.00000"
"all-available","Asia/Taipei","BTCUSDT","BTC-260916-78500-C","2026-09-16","78500","CALL","1h","2026-09-15 04:00:00","2026-09-15 12:00:00","325.000","325.000","325.000","325.000","0.01","2026-09-15 04:59:59","2026-09-15 12:59:59","3.25000","1","0.00","0.00000"
"all-available","Asia/Taipei","BTCUSDT","BTC-260916-78500-C","2026-09-16","78500","CALL","1h","2026-09-15 05:00:00","2026-09-15 13:00:00","275.000","315.000","245.000","315.000","0.60","2026-09-15 05:59:59","2026-09-15 13:59:59","165.25000","7","0.32","89.15000"
"all-available","Asia/Taipei","BTCUSDT","BTC-260916-78500-C","2026-09-16","78500","CALL","1h","2026-09-15 06:00:00","2026-09-15 14:00:00","325.000","325.000","235.000","235.000","1.05","2026-09-15 06:59:59","2026-09-15 14:59:59","261.85000","6","1.04","258.60000"
"all-available","Asia/Taipei","BTCUSDT","BTC-260916-78500-C","2026-09-16","78500","CALL","1h","2026-09-15 07:00:00","2026-09-15 15:00:00","215.000","225.000","150.000","150.000","3.35","2026-09-15 07:59:59","2026-09-15 15:59:59","680.45000","23","0.79","142.05000"
"all-available","Asia/Taipei","BTCUSDT","BTC-260916-78500-C","2026-09-16","78500","CALL","1h","2026-09-15 08:00:00","2026-09-15 16:00:00","155.000","155.000","120.000","140.000","3.99","2026-09-15 08:59:59","2026-09-15 16:59:59","504.65000","17","0.84","112.85000"
"all-available","Asia/Taipei","BTCUSDT","BTC-260916-78500-C","2026-09-16","78500","CALL","1h","2026-09-15 09:00:00","2026-09-15 17:00:00","145.000","145.000","145.000","145.000","0.01","2026-09-15 09:59:59","2026-09-15 17:59:59","1.45000","1","0.00","0.00000"
"all-available","Asia/Taipei","BTCUSDT","BTC-260916-78500-C","2026-09-16","78500","CALL","1h","2026-09-15 10:00:00","2026-09-15 18:00:00","145.000","180.000","145.000","180.000","16.05","2026-09-15 10:59:59","2026-09-15 18:59:59","2572.70000","22","13.93","2265.30000"
"all-available","Asia/Taipei","BTCUSDT","BTC-260916-78500-C","2026-09-16","78500","CALL","1h","2026-09-15 11:00:00","2026-09-15 19:00:00","200.000","275.000","200.000","275.000","2.59","2026-09-15 11:59:59","2026-09-15 19:59:59","618.00000","10","0.62","155.10000"
"all-available","Asia/Taipei","BTCUSDT","BTC-260916-78500-C","2026-09-16","78500","CALL","1h","2026-09-15 12:00:00","2026-09-15 20:00:00","305.000","315.000","290.000","290.000","16.15","2026-09-15 12:59:59","2026-09-15 20:59:59","4776.15000","32","1.21","372.80000"
"all-available","Asia/Taipei","BTCUSDT","BTC-260916-78500-C","2026-09-16","78500","CALL","1h","2026-09-15 13:00:00","2026-09-15 21:00:00","305.000","305.000","145.000","170.000","17.91","2026-09-15 13:59:59","2026-09-15 21:59:59","4073.60000","33","15.47","3690.60000"
"all-available","Asia/Taipei","BTCUSDT","BTC-260916-78500-C","2026-09-16","78500","CALL","1h","2026-09-15 14:00:00","2026-09-15 22:00:00","205.000","205.000","125.000","125.000","2.12","2026-09-15 14:59:59","2026-09-15 22:59:59","344.05000","20","0.84","148.20000"
"all-available","Asia/Taipei","BTCUSDT","BTC-260916-78500-C","2026-09-16","78500","CALL","1h","2026-09-15 15:00:00","2026-09-15 23:00:00","125.000","175.000","105.000","170.000","1.94","2026-09-15 15:59:59","2026-09-15 23:59:59","315.85000","15","0.37","55.25000"
"all-available","Asia/Taipei","BTCUSDT","BTC-260916-78500-C","2026-09-16","78500","CALL","1h","2026-09-15 16:00:00","2026-09-16 00:00:00","160.000","160.000","160.000","160.000","0.06","2026-09-15 16:59:59","2026-09-16 00:59:59","9.60000","1","0.00","0.00000"
"all-available","Asia/Taipei","BTCUSDT","BTC-260916-78500-C","2026-09-16","78500","CALL","1h","2026-09-15 17:00:00","2026-09-16 01:00:00","105.000","265.000","100.000","230.000","15.95","2026-09-15 17:59:59","2026-09-16 01:59:59","2914.00000","30","6.73","1193.05000"
"all-available","Asia/Taipei","BTCUSDT","BTC-260916-78500-C","2026-09-16","78500","CALL","1h","2026-09-15 18:00:00","2026-09-16 02:00:00","200.000","200.000","30.000","35.000","30.37","2026-09-15 18:59:59","2026-09-16 02:59:59","1680.15000","59","20.14","775.15000"
"all-available","Asia/Taipei","BTCUSDT","BTC-260916-78500-C","2026-09-16","78500","CALL","1h","2026-09-15 19:00:00","2026-09-16 03:00:00","35.000","35.000","25.000","25.000","1.31","2026-09-15 19:59:59","2026-09-16 03:59:59","40.25000","11","0.75","26.25000"
"all-available","Asia/Taipei","BTCUSDT","BTC-260916-78500-C","2026-09-16","78500","CALL","1h","2026-09-15 20:00:00","2026-09-16 04:00:00","25.000","25.000","10.000","15.000","3.14","2026-09-15 20:59:59","2026-09-16 04:59:59","57.20000","5","0.98","9.80000"
"all-available","Asia/Taipei","BTCUSDT","BTC-260916-78500-C","2026-09-16","78500","CALL","1h","2026-09-15 21:00:00","2026-09-16 05:00:00","10.000","10.000","5.000","5.000","4.41","2026-09-15 21:59:59","2026-09-16 05:59:59","24.90000","9","0.00","0.00000"
"all-available","Asia/Taipei","BTCUSDT","BTC-260916-78500-C","2026-09-16","78500","CALL","1h","2026-09-15 22:00:00","2026-09-16 06:00:00","5.000","5.000","5.000","5.000","14.00","2026-09-15 22:59:59","2026-09-16 06:59:59","70.00000","4","0.50","2.50000"
"all-available","Asia/Taipei","BTCUSDT","BTC-260916-78500-C","2026-09-16","78500","CALL","1h","2026-09-15 23:00:00","2026-09-16 07:00:00","5.000","5.000","5.000","5.000","0.00","2026-09-15 23:59:59","2026-09-16 07:59:59","0.00000","0","0.00","0.00000"
"all-available","Asia/Taipei","BTCUSDT","BTC-260916-78500-C","2026-09-16","78500","CALL","1h","2026-09-16 00:00:00","2026-09-16 08:00:00","5.000","5.000","5.000","5.000","0.00","2026-09-16 00:59:59","2026-09-16 08:59:59","0.00000","0","0.00","0.00000"
"all-available","Asia/Taipei","BTCUSDT","BTC-260916-78500-C","2026-09-16","78500","CALL","1h","2026-09-16 01:00:00","2026-09-16 09:00:00","5.000","5.000","5.000","5.000","1.00","2026-09-16 01:59:59","2026-09-16 09:59:59","5.00000","6","1.00","5.00000"
"all-available","Asia/Taipei","BTCUSDT","BTC-260916-78500-C","2026-09-16","78500","CALL","1h","2026-09-16 02:00:00","2026-09-16 10:00:00","5.000","5.000","5.000","5.000","43.93","2026-09-16 02:59:59","2026-09-16 10:59:59","219.65000","14","36.95","184.75000"
"all-available","Asia/Taipei","BTCUSDT","BTC-260916-78500-C","2026-09-16","78500","CALL","1h","2026-09-16 03:00:00","2026-09-16 11:00:00","5.000","5.000","5.000","5.000","0.00","2026-09-16 03:59:59","2026-09-16 11:59:59","0.00000","0","0.00","0.00000"
"all-available","Asia/Taipei","BTCUSDT","BTC-260916-78500-C","2026-09-16","78500","CALL","1h","2026-09-16 04:00:00","2026-09-16 12:00:00","5.000","5.000","5.000","5.000","0.02","2026-09-16 04:59:59","2026-09-16 12:59:59","0.10000","1","0.02","0.10000"
"all-available","Asia/Taipei","BTCUSDT","BTC-260916-78500-C","2026-09-16","78500","CALL","1h","2026-09-16 05:00:00","2026-09-16 13:00:00","5.000","5.000","5.000","5.000","0.00","2026-09-16 05:59:59","2026-09-16 13:59:59","0.00000","0","0.00","0.00000"
"all-available","Asia/Taipei","BTCUSDT","BTC-260916-78500-C","2026-09-16","78500","CALL","1h","2026-09-16 06:00:00","2026-09-16 14:00:00","5.000","5.000","5.000","5.000","0.00","2026-09-16 06:59:59","2026-09-16 14:59:59","0.00000","0","0.00","0.00000"
"all-available","Asia/Taipei","BTCUSDT","BTC-260916-78500-C","2026-09-16","78500","CALL","1h","2026-09-16 07:00:00","2026-09-16 15:00:00","5.000","5.000","5.000","5.000","0.00","2026-09-16 07:59:59","2026-09-16 15:59:59","0.00000","0","0.00","0.00000"
"all-available","Asia/Taipei","BTCUSDT","BTC-260916-78500-P","2026-09-16","78500","PUT","1h","2026-09-14 06:00:00","2026-09-14 14:00:00","1205.000","1205.000","1205.000","1205.000","0.50","2026-09-14 06:59:59","2026-09-14 14:59:59","602.50000","2","0.00","0.00000"
"all-available","Asia/Taipei","BTCUSDT","BTC-260916-78500-P","2026-09-16","78500","PUT","1h","2026-09-14 07:00:00","2026-09-14 15:00:00","1205.000","1205.000","1205.000","1205.000","0.00","2026-09-14 07:59:59","2026-09-14 15:59:59","0.00000","0","0.00","0.00000"
"all-available","Asia/Taipei","BTCUSDT","BTC-260916-78500-P","2026-09-16","78500","PUT","1h","2026-09-14 08:00:00","2026-09-14 16:00:00","1245.000","1245.000","1110.000","1180.000","2.18","2026-09-14 08:59:59","2026-09-14 16:59:59","2529.95000","8","0.66","778.80000"
"all-available","Asia/Taipei","BTCUSDT","BTC-260916-78500-P","2026-09-16","78500","PUT","1h","2026-09-14 09:00:00","2026-09-14 17:00:00","1215.000","1215.000","1215.000","1215.000","0.40","2026-09-14 09:59:59","2026-09-14 17:59:59","486.00000","1","0.40","486.00000"
"all-available","Asia/Taipei","BTCUSDT","BTC-260916-78500-P","2026-09-16","78500","PUT","1h","2026-09-14 10:00:00","2026-09-14 18:00:00","1020.000","1065.000","1020.000","1065.000","0.40","2026-09-14 10:59:59","2026-09-14 18:59:59","417.00000","3","0.20","213.00000"
"all-available","Asia/Taipei","BTCUSDT","BTC-260916-78500-P","2026-09-16","78500","PUT","1h","2026-09-14 11:00:00","2026-09-14 19:00:00","1065.000","1065.000","1065.000","1065.000","0.00","2026-09-14 11:59:59","2026-09-14 19:59:59","0.00000","0","0.00","0.00000"
"all-available","Asia/Taipei","BTCUSDT","BTC-260916-78500-P","2026-09-16","78500","PUT","1h","2026-09-14 12:00:00","2026-09-14 20:00:00","1130.000","1130.000","1130.000","1130.000","2.60","2026-09-14 12:59:59","2026-09-14 20:59:59","2938.00000","3","2.60","2938.00000"
"all-available","Asia/Taipei","BTCUSDT","BTC-260916-78500-P","2026-09-16","78500","PUT","1h","2026-09-14 13:00:00","2026-09-14 21:00:00","1020.000","1025.000","1020.000","1025.000","1.14","2026-09-14 13:59:59","2026-09-14 21:59:59","1163.80000","5","0.20","205.00000"
"all-available","Asia/Taipei","BTCUSDT","BTC-260916-78500-P","2026-09-16","78500","PUT","1h","2026-09-14 14:00:00","2026-09-14 22:00:00","915.000","915.000","795.000","795.000","2.11","2026-09-14 14:59:59","2026-09-14 22:59:59","1917.45000","2","0.11","87.45000"
"all-available","Asia/Taipei","BTCUSDT","BTC-260916-78500-P","2026-09-16","78500","PUT","1h","2026-09-14 15:00:00","2026-09-14 23:00:00","800.000","800.000","795.000","795.000","1.40","2026-09-14 15:59:59","2026-09-14 23:59:59","1118.00000","6","0.00","0.00000"
"all-available","Asia/Taipei","BTCUSDT","BTC-260916-78500-P","2026-09-16","78500","PUT","1h","2026-09-14 16:00:00","2026-09-15 00:00:00","545.000","580.000","545.000","580.000","3.71","2026-09-14 16:59:59","2026-09-15 00:59:59","2127.75000","9","3.71","2127.75000"
"all-available","Asia/Taipei","BTCUSDT","BTC-260916-78500-P","2026-09-16","78500","PUT","1h","2026-09-14 17:00:00","2026-09-15 01:00:00","530.000","530.000","480.000","495.000","3.60","2026-09-14 17:59:59","2026-09-15 01:59:59","1757.50000","10","0.60","304.00000"
"all-available","Asia/Taipei","BTCUSDT","BTC-260916-78500-P","2026-09-16","78500","PUT","1h","2026-09-14 18:00:00","2026-09-15 02:00:00","415.000","430.000","390.000","395.000","3.17","2026-09-14 18:59:59","2026-09-15 02:59:59","1274.45000","14","3.00","1206.75000"
"all-available","Asia/Taipei","BTCUSDT","BTC-260916-78500-P","2026-09-16","78500","PUT","1h","2026-09-14 19:00:00","2026-09-15 03:00:00","485.000","490.000","455.000","455.000","3.38","2026-09-14 19:59:59","2026-09-15 03:59:59","1636.50000","4","3.38","1636.50000"
"all-available","Asia/Taipei","BTCUSDT","BTC-260916-78500-P","2026-09-16","78500","PUT","1h","2026-09-14 20:00:00","2026-09-15 04:00:00","350.000","370.000","350.000","370.000","0.09","2026-09-14 20:59:59","2026-09-15 04:59:59","32.70000","3","0.00","0.00000"
"all-available","Asia/Taipei","BTCUSDT","BTC-260916-78500-P","2026-09-16","78500","PUT","1h","2026-09-14 21:00:00","2026-09-15 05:00:00","480.000","525.000","480.000","515.000","0.19","2026-09-14 21:59:59","2026-09-15 05:59:59","98.15000","3","0.19","98.15000"
"all-available","Asia/Taipei","BTCUSDT","BTC-260916-78500-P","2026-09-16","78500","PUT","1h","2026-09-14 22:00:00","2026-09-15 06:00:00","560.000","675.000","560.000","645.000","0.40","2026-09-14 22:59:59","2026-09-15 06:59:59","263.55000","4","0.07","44.95000"
"all-available","Asia/Taipei","BTCUSDT","BTC-260916-78500-P","2026-09-16","78500","PUT","1h","2026-09-14 23:00:00","2026-09-15 07:00:00","805.000","805.000","795.000","795.000","0.13","2026-09-14 23:59:59","2026-09-15 07:59:59","103.85000","2","0.05","40.25000"
"all-available","Asia/Taipei","BTCUSDT","BTC-260916-78500-P","2026-09-16","78500","PUT","1h","2026-09-15 00:00:00","2026-09-15 08:00:00","945.000","945.000","945.000","945.000","0.40","2026-09-15 00:59:59","2026-09-15 08:59:59","378.00000","2","0.40","378.00000"
"all-available","Asia/Taipei","BTCUSDT","BTC-260916-78500-P","2026-09-16","78500","PUT","1h","2026-09-15 01:00:00","2026-09-15 09:00:00","1040.000","1040.000","1040.000","1040.000","0.02","2026-09-15 01:59:59","2026-09-15 09:59:59","20.80000","1","0.00","0.00000"
"all-available","Asia/Taipei","BTCUSDT","BTC-260916-78500-P","2026-09-16","78500","PUT","1h","2026-09-15 02:00:00","2026-09-15 10:00:00","925.000","925.000","925.000","925.000","0.07","2026-09-15 02:59:59","2026-09-15 10:59:59","64.75000","1","0.00","0.00000"
"all-available","Asia/Taipei","BTCUSDT","BTC-260916-78500-P","2026-09-16","78500","PUT","1h","2026-09-15 03:00:00","2026-09-15 11:00:00","1055.000","1055.000","1055.000","1055.000","0.05","2026-09-15 03:59:59","2026-09-15 11:59:59","52.75000","1","0.00","0.00000"
"all-available","Asia/Taipei","BTCUSDT","BTC-260916-78500-P","2026-09-16","78500","PUT","1h","2026-09-15 04:00:00","2026-09-15 12:00:00","1055.000","1055.000","1055.000","1055.000","0.00","2026-09-15 04:59:59","2026-09-15 12:59:59","0.00000","0","0.00","0.00000"
"all-available","Asia/Taipei","BTCUSDT","BTC-260916-78500-P","2026-09-16","78500","PUT","1h","2026-09-15 05:00:00","2026-09-15 13:00:00","1055.000","1055.000","1055.000","1055.000","0.00","2026-09-15 05:59:59","2026-09-15 13:59:59","0.00000","0","0.00","0.00000"
"all-available","Asia/Taipei","BTCUSDT","BTC-260916-78500-P","2026-09-16","78500","PUT","1h","2026-09-15 06:00:00","2026-09-15 14:00:00","1080.000","1080.000","1080.000","1080.000","0.05","2026-09-15 06:59:59","2026-09-15 14:59:59","54.00000","1","0.00","0.00000"
"all-available","Asia/Taipei","BTCUSDT","BTC-260916-78500-P","2026-09-16","78500","PUT","1h","2026-09-15 07:00:00","2026-09-15 15:00:00","1080.000","1080.000","1080.000","1080.000","0.00","2026-09-15 07:59:59","2026-09-15 15:59:59","0.00000","0","0.00","0.00000"
"all-available","Asia/Taipei","BTCUSDT","BTC-260916-78500-P","2026-09-16","78500","PUT","1h","2026-09-15 08:00:00","2026-09-15 16:00:00","1850.000","1855.000","1850.000","1855.000","2.50","2026-09-15 08:59:59","2026-09-15 16:59:59","4630.00000","2","2.50","4630.00000"
"all-available","Asia/Taipei","BTCUSDT","BTC-260916-78500-P","2026-09-16","78500","PUT","1h","2026-09-15 09:00:00","2026-09-15 17:00:00","1855.000","1855.000","1855.000","1855.000","0.00","2026-09-15 09:59:59","2026-09-15 17:59:59","0.00000","0","0.00","0.00000"
"all-available","Asia/Taipei","BTCUSDT","BTC-260916-78500-P","2026-09-16","78500","PUT","1h","2026-09-15 10:00:00","2026-09-15 18:00:00","1855.000","1855.000","1855.000","1855.000","0.00","2026-09-15 10:59:59","2026-09-15 18:59:59","0.00000","0","0.00","0.00000"
"all-available","Asia/Taipei","BTCUSDT","BTC-260916-78500-P","2026-09-16","78500","PUT","1h","2026-09-15 11:00:00","2026-09-15 19:00:00","1855.000","1855.000","1855.000","1855.000","0.00","2026-09-15 11:59:59","2026-09-15 19:59:59","0.00000","0","0.00","0.00000"
"all-available","Asia/Taipei","BTCUSDT","BTC-260916-78500-P","2026-09-16","78500","PUT","1h","2026-09-15 12:00:00","2026-09-15 20:00:00","1855.000","1855.000","1855.000","1855.000","0.00","2026-09-15 12:59:59","2026-09-15 20:59:59","0.00000","0","0.00","0.00000"
"all-available","Asia/Taipei","BTCUSDT","BTC-260916-78500-P","2026-09-16","78500","PUT","1h","2026-09-15 13:00:00","2026-09-15 21:00:00","2365.000","2365.000","2365.000","2365.000","0.05","2026-09-15 13:59:59","2026-09-15 21:59:59","118.25000","1","0.00","0.00000"
"all-available","Asia/Taipei","BTCUSDT","BTC-260916-78500-P","2026-09-16","78500","PUT","1h","2026-09-15 14:00:00","2026-09-15 22:00:00","2365.000","2365.000","2365.000","2365.000","0.00","2026-09-15 14:59:59","2026-09-15 22:59:59","0.00000","0","0.00","0.00000"
"all-available","Asia/Taipei","BTCUSDT","BTC-260916-78500-P","2026-09-16","78500","PUT","1h","2026-09-15 15:00:00","2026-09-15 23:00:00","2365.000","2365.000","2365.000","2365.000","0.00","2026-09-15 15:59:59","2026-09-15 23:59:59","0.00000","0","0.00","0.00000"
"all-available","Asia/Taipei","BTCUSDT","BTC-260916-78500-P","2026-09-16","78500","PUT","1h","2026-09-15 16:00:00","2026-09-16 00:00:00","2365.000","2365.000","2365.000","2365.000","0.00","2026-09-15 16:59:59","2026-09-16 00:59:59","0.00000","0","0.00","0.00000"
"all-available","Asia/Taipei","BTCUSDT","BTC-260916-78500-P","2026-09-16","78500","PUT","1h","2026-09-15 17:00:00","2026-09-16 01:00:00","2365.000","2365.000","2365.000","2365.000","0.00","2026-09-15 17:59:59","2026-09-16 01:59:59","0.00000","0","0.00","0.00000"
"all-available","Asia/Taipei","BTCUSDT","BTC-260916-78500-P","2026-09-16","78500","PUT","1h","2026-09-15 18:00:00","2026-09-16 02:00:00","1960.000","2085.000","1600.000","2085.000","0.29","2026-09-15 18:59:59","2026-09-16 02:59:59","528.45000","5","0.00","0.00000"
"all-available","Asia/Taipei","BTCUSDT","BTC-260916-78500-P","2026-09-16","78500","PUT","1h","2026-09-15 19:00:00","2026-09-16 03:00:00","2085.000","2085.000","2085.000","2085.000","0.00","2026-09-15 19:59:59","2026-09-16 03:59:59","0.00000","0","0.00","0.00000"
"all-available","Asia/Taipei","BTCUSDT","BTC-260916-78500-P","2026-09-16","78500","PUT","1h","2026-09-15 20:00:00","2026-09-16 04:00:00","2085.000","2085.000","2085.000","2085.000","0.00","2026-09-15 20:59:59","2026-09-16 04:59:59","0.00000","0","0.00","0.00000"
"all-available","Asia/Taipei","BTCUSDT","BTC-260916-78500-P","2026-09-16","78500","PUT","1h","2026-09-15 21:00:00","2026-09-16 05:00:00","2085.000","2085.000","2085.000","2085.000","0.00","2026-09-15 21:59:59","2026-09-16 05:59:59","0.00000","0","0.00","0.00000"
"all-available","Asia/Taipei","BTCUSDT","BTC-260916-78500-P","2026-09-16","78500","PUT","1h","2026-09-15 22:00:00","2026-09-16 06:00:00","2085.000","2085.000","2085.000","2085.000","0.00","2026-09-15 22:59:59","2026-09-16 06:59:59","0.00000","0","0.00","0.00000"
"all-available","Asia/Taipei","BTCUSDT","BTC-260916-78500-P","2026-09-16","78500","PUT","1h","2026-09-15 23:00:00","2026-09-16 07:00:00","2085.000","2085.000","2085.000","2085.000","0.00","2026-09-15 23:59:59","2026-09-16 07:59:59","0.00000","0","0.00","0.00000"
"all-available","Asia/Taipei","BTCUSDT","BTC-260916-78500-P","2026-09-16","78500","PUT","1h","2026-09-16 00:00:00","2026-09-16 08:00:00","2085.000","2085.000","2085.000","2085.000","0.00","2026-09-16 00:59:59","2026-09-16 08:59:59","0.00000","0","0.00","0.00000"
"all-available","Asia/Taipei","BTCUSDT","BTC-260916-78500-P","2026-09-16","78500","PUT","1h","2026-09-16 01:00:00","2026-09-16 09:00:00","2085.000","2085.000","2085.000","2085.000","0.00","2026-09-16 01:59:59","2026-09-16 09:59:59","0.00000","0","0.00","0.00000"
"all-available","Asia/Taipei","BTCUSDT","BTC-260916-78500-P","2026-09-16","78500","PUT","1h","2026-09-16 02:00:00","2026-09-16 10:00:00","2085.000","2085.000","2085.000","2085.000","0.00","2026-09-16 02:59:59","2026-09-16 10:59:59","0.00000","0","0.00","0.00000"
"all-available","Asia/Taipei","BTCUSDT","BTC-260916-78500-P","2026-09-16","78500","PUT","1h","2026-09-16 03:00:00","2026-09-16 11:00:00","2085.000","2085.000","2085.000","2085.000","0.00","2026-09-16 03:59:59","2026-09-16 11:59:59","0.00000","0","0.00","0.00000"
"all-available","Asia/Taipei","BTCUSDT","BTC-260916-78500-P","2026-09-16","78500","PUT","1h","2026-09-16 04:00:00","2026-09-16 12:00:00","2085.000","2085.000","2085.000","2085.000","0.00","2026-09-16 04:59:59","2026-09-16 12:59:59","0.00000","0","0.00","0.00000"
"all-available","Asia/Taipei","BTCUSDT","BTC-260916-78500-P","2026-09-16","78500","PUT","1h","2026-09-16 05:00:00","2026-09-16 13:00:00","2085.000","2085.000","2085.000","2085.000","0.00","2026-09-16 05:59:59","2026-09-16 13:59:59","0.00000","0","0.00","0.00000"
"all-available","Asia/Taipei","BTCUSDT","BTC-260916-78500-P","2026-09-16","78500","PUT","1h","2026-09-16 06:00:00","2026-09-16 14:00:00","2085.000","2085.000","2085.000","2085.000","0.00","2026-09-16 06:59:59","2026-09-16 14:59:59","0.00000","0","0.00","0.00000"
"all-available","Asia/Taipei","BTCUSDT","BTC-260916-78500-P","2026-09-16","78500","PUT","1h","2026-09-16 07:00:00","2026-09-16 15:00:00","2085.000","2085.000","2085.000","2085.000","0.00","2026-09-16 07:59:59","2026-09-16 15:59:59","0.00000","0","0.00","0.00000"
"all-available","Asia/Taipei","BTCUSDT","BTC-260916-79000-C","2026-09-16","79000","CALL","1h","2026-09-14 09:00:00","2026-09-14 17:00:00","335.000","470.000","335.000","470.000","1.26","2026-09-14 09:59:59","2026-09-14 17:59:59","438.30000","5","1.22","423.40000"
"all-available","Asia/Taipei","BTCUSDT","BTC-260916-79000-C","2026-09-16","79000","CALL","1h","2026-09-14 10:00:00","2026-09-14 18:00:00","390.000","390.000","390.000","390.000","0.01","2026-09-14 10:59:59","2026-09-14 18:59:59","3.90000","1","0.01","3.90000"
"all-available","Asia/Taipei","BTCUSDT","BTC-260916-79000-C","2026-09-16","79000","CALL","1h","2026-09-14 11:00:00","2026-09-14 19:00:00","320.000","320.000","300.000","300.000","0.22","2026-09-14 11:59:59","2026-09-14 19:59:59","66.20000","3","0.22","66.20000"
"all-available","Asia/Taipei","BTCUSDT","BTC-260916-79000-C","2026-09-16","79000","CALL","1h","2026-09-14 12:00:00","2026-09-14 20:00:00","360.000","400.000","360.000","400.000","0.64","2026-09-14 12:59:59","2026-09-14 20:59:59","255.60000","3","0.63","252.00000"
"all-available","Asia/Taipei","BTCUSDT","BTC-260916-79000-C","2026-09-16","79000","CALL","1h","2026-09-14 13:00:00","2026-09-14 21:00:00","400.000","400.000","400.000","400.000","0.00","2026-09-14 13:59:59","2026-09-14 21:59:59","0.00000","0","0.00","0.00000"
"all-available","Asia/Taipei","BTCUSDT","BTC-260916-79000-C","2026-09-16","79000","CALL","1h","2026-09-14 14:00:00","2026-09-14 22:00:00","520.000","590.000","520.000","585.000","2.39","2026-09-14 14:59:59","2026-09-14 22:59:59","1388.60000","7","0.45","245.00000"
"all-available","Asia/Taipei","BTCUSDT","BTC-260916-79000-C","2026-09-16","79000","CALL","1h","2026-09-14 15:00:00","2026-09-14 23:00:00","470.000","550.000","470.000","550.000","0.41","2026-09-14 15:59:59","2026-09-14 23:59:59","193.50000","4","0.41","193.50000"
"all-available","Asia/Taipei","BTCUSDT","BTC-260916-79000-C","2026-09-16","79000","CALL","1h","2026-09-14 16:00:00","2026-09-15 00:00:00","485.000","635.000","485.000","635.000","5.51","2026-09-14 16:59:59","2026-09-15 00:59:59","3120.70000","5","4.51","2485.70000"
"all-available","Asia/Taipei","BTCUSDT","BTC-260916-79000-C","2026-09-16","79000","CALL","1h","2026-09-14 17:00:00","2026-09-15 01:00:00","650.000","680.000","600.000","600.000","0.85","2026-09-14 17:59:59","2026-09-15 01:59:59","559.20000","7","0.00","0.00000"
"all-available","Asia/Taipei","BTCUSDT","BTC-260916-79000-C","2026-09-16","79000","CALL","1h","2026-09-14 18:00:00","2026-09-15 02:00:00","800.000","850.000","755.000","850.000","3.83","2026-09-14 18:59:59","2026-09-15 02:59:59","3084.50000","7","3.67","2963.70000"
"all-available","Asia/Taipei","BTCUSDT","BTC-260916-79000-C","2026-09-16","79000","CALL","1h","2026-09-14 19:00:00","2026-09-15 03:00:00","795.000","795.000","690.000","690.000","2.18","2026-09-14 19:59:59","2026-09-15 03:59:59","1575.45000","7","1.19","821.10000"
"all-available","Asia/Taipei","BTCUSDT","BTC-260916-79000-C","2026-09-16","79000","CALL","1h","2026-09-14 20:00:00","2026-09-15 04:00:00","690.000","690.000","690.000","690.000","0.00","2026-09-14 20:59:59","2026-09-15 04:59:59","0.00000","0","0.00","0.00000"
"all-available","Asia/Taipei","BTCUSDT","BTC-260916-79000-C","2026-09-16","79000","CALL","1h","2026-09-14 21:00:00","2026-09-15 05:00:00","660.000","685.000","660.000","680.000","2.04","2026-09-14 21:59:59","2026-09-15 05:59:59","1386.65000","3","0.01","6.85000"
"all-available","Asia/Taipei","BTCUSDT","BTC-260916-79000-C","2026-09-16","79000","CALL","1h","2026-09-14 22:00:00","2026-09-15 06:00:00","600.000","625.000","515.000","515.000","0.33","2026-09-14 22:59:59","2026-09-15 06:59:59","177.20000","4","0.30","160.90000"
"all-available","Asia/Taipei","BTCUSDT","BTC-260916-79000-C","2026-09-16","79000","CALL","1h","2026-09-14 23:00:00","2026-09-15 07:00:00","515.000","515.000","515.000","515.000","0.00","2026-09-14 23:59:59","2026-09-15 07:59:59","0.00000","0","0.00","0.00000"
"all-available","Asia/Taipei","BTCUSDT","BTC-260916-79000-C","2026-09-16","79000","CALL","1h","2026-09-15 00:00:00","2026-09-15 08:00:00","385.000","385.000","335.000","335.000","0.08","2026-09-15 00:59:59","2026-09-15 08:59:59","29.40000","3","0.06","22.70000"
"all-available","Asia/Taipei","BTCUSDT","BTC-260916-79000-C","2026-09-16","79000","CALL","1h","2026-09-15 01:00:00","2026-09-15 09:00:00","285.000","285.000","280.000","280.000","0.02","2026-09-15 01:59:59","2026-09-15 09:59:59","5.65000","2","0.02","5.65000"
"all-available","Asia/Taipei","BTCUSDT","BTC-260916-79000-C","2026-09-16","79000","CALL","1h","2026-09-15 02:00:00","2026-09-15 10:00:00","270.000","270.000","270.000","270.000","0.01","2026-09-15 02:59:59","2026-09-15 10:59:59","2.70000","1","0.00","0.00000"
"all-available","Asia/Taipei","BTCUSDT","BTC-260916-79000-C","2026-09-16","79000","CALL","1h","2026-09-15 03:00:00","2026-09-15 11:00:00","220.000","220.000","220.000","220.000","0.01","2026-09-15 03:59:59","2026-09-15 11:59:59","2.20000","1","0.00","0.00000"
"all-available","Asia/Taipei","BTCUSDT","BTC-260916-79000-C","2026-09-16","79000","CALL","1h","2026-09-15 04:00:00","2026-09-15 12:00:00","210.000","210.000","190.000","190.000","0.03","2026-09-15 04:59:59","2026-09-15 12:59:59","6.10000","2","0.02","4.20000"
"all-available","Asia/Taipei","BTCUSDT","BTC-260916-79000-C","2026-09-16","79000","CALL","1h","2026-09-15 05:00:00","2026-09-15 13:00:00","190.000","190.000","155.000","165.000","0.24","2026-09-15 05:59:59","2026-09-15 13:59:59","37.65000","4","0.01","1.65000"
"all-available","Asia/Taipei","BTCUSDT","BTC-260916-79000-C","2026-09-16","79000","CALL","1h","2026-09-15 06:00:00","2026-09-15 14:00:00","210.000","210.000","170.000","170.000","0.02","2026-09-15 06:59:59","2026-09-15 14:59:59","3.80000","2","0.01","2.10000"
"all-available","Asia/Taipei","BTCUSDT","BTC-260916-79000-C","2026-09-16","79000","CALL","1h","2026-09-15 07:00:00","2026-09-15 15:00:00","155.000","155.000","100.000","100.000","9.51","2026-09-15 07:59:59","2026-09-15 15:59:59","1324.05000","28","8.36","1172.30000"
"all-available","Asia/Taipei","BTCUSDT","BTC-260916-79000-C","2026-09-16","79000","CALL","1h","2026-09-15 08:00:00","2026-09-15 16:00:00","95.000","95.000","75.000","90.000","316.69","2026-09-15 08:59:59","2026-09-15 16:59:59","27526.50000","46","313.16","27218.30000"
"all-available","Asia/Taipei","BTCUSDT","BTC-260916-79000-C","2026-09-16","79000","CALL","1h","2026-09-15 09:00:00","2026-09-15 17:00:00","95.000","105.000","90.000","105.000","4.46","2026-09-15 09:59:59","2026-09-15 17:59:59","436.25000","10","4.38","428.70000"
"all-available","Asia/Taipei","BTCUSDT","BTC-260916-79000-C","2026-09-16","79000","CALL","1h","2026-09-15 10:00:00","2026-09-15 18:00:00","105.000","120.000","100.000","120.000","18.97","2026-09-15 10:59:59","2026-09-15 18:59:59","2012.60000","20","11.11","1171.65000"
"all-available","Asia/Taipei","BTCUSDT","BTC-260916-79000-C","2026-09-16","79000","CALL","1h","2026-09-15 11:00:00","2026-09-15 19:00:00","130.000","195.000","130.000","195.000","12.03","2026-09-15 11:59:59","2026-09-15 19:59:59","1757.95000","20","1.22","160.40000"
"all-available","Asia/Taipei","BTCUSDT","BTC-260916-79000-C","2026-09-16","79000","CALL","1h","2026-09-15 12:00:00","2026-09-15 20:00:00","195.000","220.000","195.000","220.000","11.05","2026-09-15 12:59:59","2026-09-15 20:59:59","2312.40000","21","3.98","795.40000"
"all-available","Asia/Taipei","BTCUSDT","BTC-260916-79000-C","2026-09-16","79000","CALL","1h","2026-09-15 13:00:00","2026-09-15 21:00:00","215.000","220.000","100.000","105.000","8.69","2026-09-15 13:59:59","2026-09-15 21:59:59","1037.10000","31","5.00","529.60000"
"all-available","Asia/Taipei","BTCUSDT","BTC-260916-79000-C","2026-09-16","79000","CALL","1h","2026-09-15 14:00:00","2026-09-15 22:00:00","145.000","145.000","80.000","90.000","18.85","2026-09-15 14:59:59","2026-09-15 22:59:59","1892.45000","31","7.92","920.30000"
"all-available","Asia/Taipei","BTCUSDT","BTC-260916-79000-C","2026-09-16","79000","CALL","1h","2026-09-15 15:00:00","2026-09-15 23:00:00","90.000","120.000","85.000","120.000","3.18","2026-09-15 15:59:59","2026-09-15 23:59:59","347.75000","10","1.05","94.50000"
"all-available","Asia/Taipei","BTCUSDT","BTC-260916-79000-C","2026-09-16","79000","CALL","1h","2026-09-15 16:00:00","2026-09-16 00:00:00","110.000","110.000","95.000","95.000","4.44","2026-09-15 16:59:59","2026-09-16 00:59:59","422.00000","9","4.27","405.65000"
"all-available","Asia/Taipei","BTCUSDT","BTC-260916-79000-C","2026-09-16","79000","CALL","1h","2026-09-15 17:00:00","2026-09-16 01:00:00","85.000","170.000","70.000","155.000","20.43","2026-09-15 17:59:59","2026-09-16 01:59:59","2592.05000","30","3.08","444.95000"
"all-available","Asia/Taipei","BTCUSDT","BTC-260916-79000-C","2026-09-16","79000","CALL","1h","2026-09-15 18:00:00","2026-09-16 02:00:00","135.000","140.000","25.000","25.000","55.47","2026-09-15 18:59:59","2026-09-16 02:59:59","3054.20000","65","21.78","966.15000"
"all-available","Asia/Taipei","BTCUSDT","BTC-260916-79000-C","2026-09-16","79000","CALL","1h","2026-09-15 19:00:00","2026-09-16 03:00:00","20.000","20.000","10.000","10.000","28.14","2026-09-15 19:59:59","2026-09-16 03:59:59","363.10000","25","4.74","71.00000"
"all-available","Asia/Taipei","BTCUSDT","BTC-260916-79000-C","2026-09-16","79000","CALL","1h","2026-09-15 20:00:00","2026-09-16 04:00:00","10.000","15.000","10.000","10.000","3.51","2026-09-15 20:59:59","2026-09-16 04:59:59","35.15000","4","0.01","0.15000"
"all-available","Asia/Taipei","BTCUSDT","BTC-260916-79000-C","2026-09-16","79000","CALL","1h","2026-09-15 21:00:00","2026-09-16 05:00:00","5.000","5.000","5.000","5.000","6.88","2026-09-15 21:59:59","2026-09-16 05:59:59","34.40000","5","0.00","0.00000"
"all-available","Asia/Taipei","BTCUSDT","BTC-260916-79000-C","2026-09-16","79000","CALL","1h","2026-09-15 22:00:00","2026-09-16 06:00:00","5.000","5.000","5.000","5.000","0.00","2026-09-15 22:59:59","2026-09-16 06:59:59","0.00000","0","0.00","0.00000"
"all-available","Asia/Taipei","BTCUSDT","BTC-260916-79000-C","2026-09-16","79000","CALL","1h","2026-09-15 23:00:00","2026-09-16 07:00:00","5.000","5.000","5.000","5.000","0.00","2026-09-15 23:59:59","2026-09-16 07:59:59","0.00000","0","0.00","0.00000"
"all-available","Asia/Taipei","BTCUSDT","BTC-260916-79000-C","2026-09-16","79000","CALL","1h","2026-09-16 00:00:00","2026-09-16 08:00:00","5.000","5.000","5.000","5.000","0.00","2026-09-16 00:59:59","2026-09-16 08:59:59","0.00000","0","0.00","0.00000"
"all-available","Asia/Taipei","BTCUSDT","BTC-260916-79000-C","2026-09-16","79000","CALL","1h","2026-09-16 01:00:00","2026-09-16 09:00:00","5.000","5.000","5.000","5.000","0.00","2026-09-16 01:59:59","2026-09-16 09:59:59","0.00000","0","0.00","0.00000"
"all-available","Asia/Taipei","BTCUSDT","BTC-260916-79000-C","2026-09-16","79000","CALL","1h","2026-09-16 02:00:00","2026-09-16 10:00:00","5.000","5.000","5.000","5.000","2.47","2026-09-16 02:59:59","2026-09-16 10:59:59","12.35000","8","2.42","12.10000"
"all-available","Asia/Taipei","BTCUSDT","BTC-260916-79000-C","2026-09-16","79000","CALL","1h","2026-09-16 03:00:00","2026-09-16 11:00:00","5.000","5.000","5.000","5.000","7.00","2026-09-16 03:59:59","2026-09-16 11:59:59","35.00000","9","0.02","0.10000"
"all-available","Asia/Taipei","BTCUSDT","BTC-260916-79000-C","2026-09-16","79000","CALL","1h","2026-09-16 04:00:00","2026-09-16 12:00:00","5.000","5.000","5.000","5.000","0.00","2026-09-16 04:59:59","2026-09-16 12:59:59","0.00000","0","0.00","0.00000"
"all-available","Asia/Taipei","BTCUSDT","BTC-260916-79000-C","2026-09-16","79000","CALL","1h","2026-09-16 05:00:00","2026-09-16 13:00:00","5.000","5.000","5.000","5.000","0.00","2026-09-16 05:59:59","2026-09-16 13:59:59","0.00000","0","0.00","0.00000"
"all-available","Asia/Taipei","BTCUSDT","BTC-260916-79000-C","2026-09-16","79000","CALL","1h","2026-09-16 06:00:00","2026-09-16 14:00:00","5.000","5.000","5.000","5.000","0.00","2026-09-16 06:59:59","2026-09-16 14:59:59","0.00000","0","0.00","0.00000"
"all-available","Asia/Taipei","BTCUSDT","BTC-260916-79000-C","2026-09-16","79000","CALL","1h","2026-09-16 07:00:00","2026-09-16 15:00:00","5.000","5.000","5.000","5.000","0.00","2026-09-16 07:59:59","2026-09-16 15:59:59","0.00000","0","0.00","0.00000"
"all-available","Asia/Taipei","BTCUSDT","BTC-260916-79000-P","2026-09-16","79000","PUT","1h","2026-09-14 13:00:00","2026-09-14 21:00:00","1145.000","1145.000","1145.000","1145.000","0.20","2026-09-14 13:59:59","2026-09-14 21:59:59","229.00000","1","0.00","0.00000"
"all-available","Asia/Taipei","BTCUSDT","BTC-260916-79000-P","2026-09-16","79000","PUT","1h","2026-09-14 14:00:00","2026-09-14 22:00:00","1145.000","1145.000","1145.000","1145.000","0.00","2026-09-14 14:59:59","2026-09-14 22:59:59","0.00000","0","0.00","0.00000"
"all-available","Asia/Taipei","BTCUSDT","BTC-260916-79000-P","2026-09-16","79000","PUT","1h","2026-09-14 15:00:00","2026-09-14 23:00:00","1100.000","1100.000","1090.000","1090.000","0.62","2026-09-14 15:59:59","2026-09-14 23:59:59","680.00000","2","0.00","0.00000"
"all-available","Asia/Taipei","BTCUSDT","BTC-260916-79000-P","2026-09-16","79000","PUT","1h","2026-09-14 16:00:00","2026-09-15 00:00:00","860.000","860.000","810.000","810.000","0.40","2026-09-14 16:59:59","2026-09-15 00:59:59","334.00000","2","0.00","0.00000"
"all-available","Asia/Taipei","BTCUSDT","BTC-260916-79000-P","2026-09-16","79000","PUT","1h","2026-09-14 17:00:00","2026-09-15 01:00:00","780.000","795.000","725.000","725.000","0.71","2026-09-14 17:59:59","2026-09-15 01:59:59","553.90000","5","0.70","546.50000"
"all-available","Asia/Taipei","BTCUSDT","BTC-260916-79000-P","2026-09-16","79000","PUT","1h","2026-09-14 18:00:00","2026-09-15 02:00:00","755.000","755.000","600.000","610.000","6.32","2026-09-14 18:59:59","2026-09-15 02:59:59","4038.35000","19","5.01","3075.75000"
"all-available","Asia/Taipei","BTCUSDT","BTC-260916-79000-P","2026-09-16","79000","PUT","1h","2026-09-14 19:00:00","2026-09-15 03:00:00","640.000","730.000","640.000","730.000","3.01","2026-09-14 19:59:59","2026-09-15 03:59:59","1939.35000","5","3.01","1939.35000"
"all-available","Asia/Taipei","BTCUSDT","BTC-260916-79000-P","2026-09-16","79000","PUT","1h","2026-09-14 20:00:00","2026-09-15 04:00:00","705.000","705.000","505.000","525.000","0.44","2026-09-14 20:59:59","2026-09-15 04:59:59","248.60000","6","0.20","101.00000"
"all-available","Asia/Taipei","BTCUSDT","BTC-260916-79000-P","2026-09-16","79000","PUT","1h","2026-09-14 21:00:00","2026-09-15 05:00:00","680.000","760.000","680.000","760.000","2.79","2026-09-14 21:59:59","2026-09-15 05:59:59","1908.80000","3","0.01","7.60000"
"all-available","Asia/Taipei","BTCUSDT","BTC-260916-79000-P","2026-09-16","79000","PUT","1h","2026-09-14 22:00:00","2026-09-15 06:00:00","870.000","870.000","870.000","870.000","1.07","2026-09-14 22:59:59","2026-09-15 06:59:59","930.90000","1","1.07","930.90000"
"all-available","Asia/Taipei","BTCUSDT","BTC-260916-79000-P","2026-09-16","79000","PUT","1h","2026-09-14 23:00:00","2026-09-15 07:00:00","870.000","870.000","870.000","870.000","0.00","2026-09-14 23:59:59","2026-09-15 07:59:59","0.00000","0","0.00","0.00000"
"all-available","Asia/Taipei","BTCUSDT","BTC-260916-79000-P","2026-09-16","79000","PUT","1h","2026-09-15 00:00:00","2026-09-15 08:00:00","1310.000","1310.000","1310.000","1310.000","1.00","2026-09-15 00:59:59","2026-09-15 08:59:59","1310.00000","1","1.00","1310.00000"
"all-available","Asia/Taipei","BTCUSDT","BTC-260916-79000-P","2026-09-16","79000","PUT","1h","2026-09-15 01:00:00","2026-09-15 09:00:00","1305.000","1305.000","1305.000","1305.000","0.10","2026-09-15 01:59:59","2026-09-15 09:59:59","130.50000","1","0.00","0.00000"
"all-available","Asia/Taipei","BTCUSDT","BTC-260916-79000-P","2026-09-16","79000","PUT","1h","2026-09-15 02:00:00","2026-09-15 10:00:00","1305.000","1305.000","1305.000","1305.000","0.00","2026-09-15 02:59:59","2026-09-15 10:59:59","0.00000","0","0.00","0.00000"
"all-available","Asia/Taipei","BTCUSDT","BTC-260916-79000-P","2026-09-16","79000","PUT","1h","2026-09-15 03:00:00","2026-09-15 11:00:00","1360.000","1360.000","1360.000","1360.000","0.04","2026-09-15 03:59:59","2026-09-15 11:59:59","54.40000","1","0.04","54.40000"
"all-available","Asia/Taipei","BTCUSDT","BTC-260916-79000-P","2026-09-16","79000","PUT","1h","2026-09-15 04:00:00","2026-09-15 12:00:00","1360.000","1360.000","1360.000","1360.000","0.00","2026-09-15 04:59:59","2026-09-15 12:59:59","0.00000","0","0.00","0.00000"
"all-available","Asia/Taipei","BTCUSDT","BTC-260916-79000-P","2026-09-16","79000","PUT","1h","2026-09-15 05:00:00","2026-09-15 13:00:00","1720.000","1720.000","1720.000","1720.000","0.30","2026-09-15 05:59:59","2026-09-15 13:59:59","516.00000","2","0.30","516.00000"
"all-available","Asia/Taipei","BTCUSDT","BTC-260916-79000-P","2026-09-16","79000","PUT","1h","2026-09-15 06:00:00","2026-09-15 14:00:00","1720.000","1720.000","1720.000","1720.000","0.00","2026-09-15 06:59:59","2026-09-15 14:59:59","0.00000","0","0.00","0.00000"
"all-available","Asia/Taipei","BTCUSDT","BTC-260916-79000-P","2026-09-16","79000","PUT","1h","2026-09-15 07:00:00","2026-09-15 15:00:00","1980.000","2005.000","1980.000","2005.000","1.28","2026-09-15 07:59:59","2026-09-15 15:59:59","2554.40000","13","1.28","2554.40000"
"all-available","Asia/Taipei","BTCUSDT","BTC-260916-79000-P","2026-09-16","79000","PUT","1h","2026-09-15 08:00:00","2026-09-15 16:00:00","2005.000","2005.000","2005.000","2005.000","0.00","2026-09-15 08:59:59","2026-09-15 16:59:59","0.00000","0","0.00","0.00000"
"all-available","Asia/Taipei","BTCUSDT","BTC-260916-79000-P","2026-09-16","79000","PUT","1h","2026-09-15 09:00:00","2026-09-15 17:00:00","2005.000","2005.000","2005.000","2005.000","0.00","2026-09-15 09:59:59","2026-09-15 17:59:59","0.00000","0","0.00","0.00000"
"all-available","Asia/Taipei","BTCUSDT","BTC-260916-79000-P","2026-09-16","79000","PUT","1h","2026-09-15 10:00:00","2026-09-15 18:00:00","2005.000","2005.000","2005.000","2005.000","0.00","2026-09-15 10:59:59","2026-09-15 18:59:59","0.00000","0","0.00","0.00000"
"all-available","Asia/Taipei","BTCUSDT","BTC-260916-79000-P","2026-09-16","79000","PUT","1h","2026-09-15 11:00:00","2026-09-15 19:00:00","2005.000","2005.000","2005.000","2005.000","0.00","2026-09-15 11:59:59","2026-09-15 19:59:59","0.00000","0","0.00","0.00000"
"all-available","Asia/Taipei","BTCUSDT","BTC-260916-79000-P","2026-09-16","79000","PUT","1h","2026-09-15 12:00:00","2026-09-15 20:00:00","2005.000","2005.000","2005.000","2005.000","0.00","2026-09-15 12:59:59","2026-09-15 20:59:59","0.00000","0","0.00","0.00000"
"all-available","Asia/Taipei","BTCUSDT","BTC-260916-79000-P","2026-09-16","79000","PUT","1h","2026-09-15 13:00:00","2026-09-15 21:00:00","2005.000","2005.000","2005.000","2005.000","0.00","2026-09-15 13:59:59","2026-09-15 21:59:59","0.00000","0","0.00","0.00000"
"all-available","Asia/Taipei","BTCUSDT","BTC-260916-79000-P","2026-09-16","79000","PUT","1h","2026-09-15 14:00:00","2026-09-15 22:00:00","2005.000","2005.000","2005.000","2005.000","0.00","2026-09-15 14:59:59","2026-09-15 22:59:59","0.00000","0","0.00","0.00000"
"all-available","Asia/Taipei","BTCUSDT","BTC-260916-79000-P","2026-09-16","79000","PUT","1h","2026-09-15 15:00:00","2026-09-15 23:00:00","2005.000","2005.000","2005.000","2005.000","0.00","2026-09-15 15:59:59","2026-09-15 23:59:59","0.00000","0","0.00","0.00000"
"all-available","Asia/Taipei","BTCUSDT","BTC-260916-79000-P","2026-09-16","79000","PUT","1h","2026-09-15 16:00:00","2026-09-16 00:00:00","2005.000","2005.000","2005.000","2005.000","0.00","2026-09-15 16:59:59","2026-09-16 00:59:59","0.00000","0","0.00","0.00000"
"all-available","Asia/Taipei","BTCUSDT","BTC-260916-79000-P","2026-09-16","79000","PUT","1h","2026-09-15 17:00:00","2026-09-16 01:00:00","2005.000","2005.000","2005.000","2005.000","0.00","2026-09-15 17:59:59","2026-09-16 01:59:59","0.00000","0","0.00","0.00000"
"all-available","Asia/Taipei","BTCUSDT","BTC-260916-79000-P","2026-09-16","79000","PUT","1h","2026-09-15 18:00:00","2026-09-16 02:00:00","2130.000","2130.000","2130.000","2130.000","0.06","2026-09-15 18:59:59","2026-09-16 02:59:59","127.80000","1","0.06","127.80000"
"all-available","Asia/Taipei","BTCUSDT","BTC-260916-79000-P","2026-09-16","79000","PUT","1h","2026-09-15 19:00:00","2026-09-16 03:00:00","2130.000","2130.000","2130.000","2130.000","0.00","2026-09-15 19:59:59","2026-09-16 03:59:59","0.00000","0","0.00","0.00000"
"all-available","Asia/Taipei","BTCUSDT","BTC-260916-79000-P","2026-09-16","79000","PUT","1h","2026-09-15 20:00:00","2026-09-16 04:00:00","2130.000","2130.000","2130.000","2130.000","0.00","2026-09-15 20:59:59","2026-09-16 04:59:59","0.00000","0","0.00","0.00000"
"all-available","Asia/Taipei","BTCUSDT","BTC-260916-79000-P","2026-09-16","79000","PUT","1h","2026-09-15 21:00:00","2026-09-16 05:00:00","2130.000","2130.000","2130.000","2130.000","0.00","2026-09-15 21:59:59","2026-09-16 05:59:59","0.00000","0","0.00","0.00000"
"all-available","Asia/Taipei","BTCUSDT","BTC-260916-79000-P","2026-09-16","79000","PUT","1h","2026-09-15 22:00:00","2026-09-16 06:00:00","2130.000","2130.000","2130.000","2130.000","0.00","2026-09-15 22:59:59","2026-09-16 06:59:59","0.00000","0","0.00","0.00000"
"all-available","Asia/Taipei","BTCUSDT","BTC-260916-79000-P","2026-09-16","79000","PUT","1h","2026-09-15 23:00:00","2026-09-16 07:00:00","2130.000","2130.000","2130.000","2130.000","0.00","2026-09-15 23:59:59","2026-09-16 07:59:59","0.00000","0","0.00","0.00000"
"all-available","Asia/Taipei","BTCUSDT","BTC-260916-79000-P","2026-09-16","79000","PUT","1h","2026-09-16 00:00:00","2026-09-16 08:00:00","2130.000","2130.000","2130.000","2130.000","0.00","2026-09-16 00:59:59","2026-09-16 08:59:59","0.00000","0","0.00","0.00000"
"all-available","Asia/Taipei","BTCUSDT","BTC-260916-79000-P","2026-09-16","79000","PUT","1h","2026-09-16 01:00:00","2026-09-16 09:00:00","2130.000","2130.000","2130.000","2130.000","0.00","2026-09-16 01:59:59","2026-09-16 09:59:59","0.00000","0","0.00","0.00000"
"all-available","Asia/Taipei","BTCUSDT","BTC-260916-79000-P","2026-09-16","79000","PUT","1h","2026-09-16 02:00:00","2026-09-16 10:00:00","2130.000","2130.000","2130.000","2130.000","0.00","2026-09-16 02:59:59","2026-09-16 10:59:59","0.00000","0","0.00","0.00000"
"all-available","Asia/Taipei","BTCUSDT","BTC-260916-79000-P","2026-09-16","79000","PUT","1h","2026-09-16 03:00:00","2026-09-16 11:00:00","2130.000","2130.000","2130.000","2130.000","0.00","2026-09-16 03:59:59","2026-09-16 11:59:59","0.00000","0","0.00","0.00000"
"all-available","Asia/Taipei","BTCUSDT","BTC-260916-79000-P","2026-09-16","79000","PUT","1h","2026-09-16 04:00:00","2026-09-16 12:00:00","2130.000","2130.000","2130.000","2130.000","0.00","2026-09-16 04:59:59","2026-09-16 12:59:59","0.00000","0","0.00","0.00000"
"all-available","Asia/Taipei","BTCUSDT","BTC-260916-79000-P","2026-09-16","79000","PUT","1h","2026-09-16 05:00:00","2026-09-16 13:00:00","2130.000","2130.000","2130.000","2130.000","0.00","2026-09-16 05:59:59","2026-09-16 13:59:59","0.00000","0","0.00","0.00000"
"all-available","Asia/Taipei","BTCUSDT","BTC-260916-79000-P","2026-09-16","79000","PUT","1h","2026-09-16 06:00:00","2026-09-16 14:00:00","2130.000","2130.000","2130.000","2130.000","0.00","2026-09-16 06:59:59","2026-09-16 14:59:59","0.00000","0","0.00","0.00000"
"all-available","Asia/Taipei","BTCUSDT","BTC-260916-79000-P","2026-09-16","79000","PUT","1h","2026-09-16 07:00:00","2026-09-16 15:00:00","2130.000","2130.000","2130.000","2130.000","0.00","2026-09-16 07:59:59","2026-09-16 15:59:59","0.00000","0","0.00","0.00000"
"all-available","Asia/Taipei","BTCUSDT","BTC-260916-79500-C","2026-09-16","79500","CALL","1h","2026-09-14 09:00:00","2026-09-14 17:00:00","235.000","330.000","235.000","330.000","1.01","2026-09-14 09:59:59","2026-09-14 17:59:59","332.35000","2","1.00","330.00000"
"all-available","Asia/Taipei","BTCUSDT","BTC-260916-79500-C","2026-09-16","79500","CALL","1h","2026-09-14 10:00:00","2026-09-14 18:00:00","275.000","275.000","260.000","260.000","1.33","2026-09-14 10:59:59","2026-09-14 18:59:59","360.80000","2","0.00","0.00000"
"all-available","Asia/Taipei","BTCUSDT","BTC-260916-79500-C","2026-09-16","79500","CALL","1h","2026-09-14 11:00:00","2026-09-14 19:00:00","260.000","260.000","260.000","260.000","0.00","2026-09-14 11:59:59","2026-09-14 19:59:59","0.00000","0","0.00","0.00000"
"all-available","Asia/Taipei","BTCUSDT","BTC-260916-79500-C","2026-09-16","79500","CALL","1h","2026-09-14 12:00:00","2026-09-14 20:00:00","205.000","220.000","205.000","220.000","0.81","2026-09-14 12:59:59","2026-09-14 20:59:59","177.90000","6","0.81","177.90000"
"all-available","Asia/Taipei","BTCUSDT","BTC-260916-79500-C","2026-09-16","79500","CALL","1h","2026-09-14 13:00:00","2026-09-14 21:00:00","200.000","405.000","190.000","405.000","2.09","2026-09-14 13:59:59","2026-09-14 21:59:59","541.40000","11","1.74","438.15000"
"all-available","Asia/Taipei","BTCUSDT","BTC-260916-79500-C","2026-09-16","79500","CALL","1h","2026-09-14 14:00:00","2026-09-14 22:00:00","395.000","460.000","395.000","400.000","0.10","2026-09-14 14:59:59","2026-09-14 22:59:59","40.60000","5","0.02","8.60000"
"all-available","Asia/Taipei","BTCUSDT","BTC-260916-79500-C","2026-09-16","79500","CALL","1h","2026-09-14 15:00:00","2026-09-14 23:00:00","385.000","385.000","385.000","385.000","0.10","2026-09-14 15:59:59","2026-09-14 23:59:59","38.50000","1","0.00","0.00000"
"all-available","Asia/Taipei","BTCUSDT","BTC-260916-79500-C","2026-09-16","79500","CALL","1h","2026-09-14 16:00:00","2026-09-15 00:00:00","385.000","385.000","385.000","385.000","0.00","2026-09-14 16:59:59","2026-09-15 00:59:59","0.00000","0","0.00","0.00000"
"all-available","Asia/Taipei","BTCUSDT","BTC-260916-79500-C","2026-09-16","79500","CALL","1h","2026-09-14 17:00:00","2026-09-15 01:00:00","385.000","385.000","385.000","385.000","0.00","2026-09-14 17:59:59","2026-09-15 01:59:59","0.00000","0","0.00","0.00000"
"all-available","Asia/Taipei","BTCUSDT","BTC-260916-79500-C","2026-09-16","79500","CALL","1h","2026-09-14 18:00:00","2026-09-15 02:00:00","540.000","600.000","540.000","600.000","0.14","2026-09-14 18:59:59","2026-09-15 02:59:59","80.75000","4","0.06","33.10000"
"all-available","Asia/Taipei","BTCUSDT","BTC-260916-79500-C","2026-09-16","79500","CALL","1h","2026-09-14 19:00:00","2026-09-15 03:00:00","560.000","560.000","500.000","500.000","0.28","2026-09-14 19:59:59","2026-09-15 03:59:59","152.00000","2","0.00","0.00000"
"all-available","Asia/Taipei","BTCUSDT","BTC-260916-79500-C","2026-09-16","79500","CALL","1h","2026-09-14 20:00:00","2026-09-15 04:00:00","720.000","765.000","580.000","580.000","7.36","2026-09-14 20:59:59","2026-09-15 04:59:59","5460.85000","10","2.57","1941.40000"
"all-available","Asia/Taipei","BTCUSDT","BTC-260916-79500-C","2026-09-16","79500","CALL","1h","2026-09-14 21:00:00","2026-09-15 05:00:00","515.000","515.000","460.000","460.000","0.60","2026-09-14 21:59:59","2026-09-15 05:59:59","295.85000","7","0.01","4.60000"
"all-available","Asia/Taipei","BTCUSDT","BTC-260916-79500-C","2026-09-16","79500","CALL","1h","2026-09-14 22:00:00","2026-09-15 06:00:00","395.000","395.000","395.000","395.000","4.38","2026-09-14 22:59:59","2026-09-15 06:59:59","1730.10000","3","0.00","0.00000"
"all-available","Asia/Taipei","BTCUSDT","BTC-260916-79500-C","2026-09-16","79500","CALL","1h","2026-09-14 23:00:00","2026-09-15 07:00:00","315.000","315.000","265.000","265.000","0.11","2026-09-14 23:59:59","2026-09-15 07:59:59","29.65000","2","0.11","29.65000"
"all-available","Asia/Taipei","BTCUSDT","BTC-260916-79500-C","2026-09-16","79500","CALL","1h","2026-09-15 00:00:00","2026-09-15 08:00:00","250.000","250.000","215.000","215.000","0.06","2026-09-15 00:59:59","2026-09-15 08:59:59","13.55000","4","0.04","9.25000"
"all-available","Asia/Taipei","BTCUSDT","BTC-260916-79500-C","2026-09-16","79500","CALL","1h","2026-09-15 01:00:00","2026-09-15 09:00:00","190.000","190.000","190.000","190.000","0.14","2026-09-15 01:59:59","2026-09-15 09:59:59","26.60000","1","0.00","0.00000"
"all-available","Asia/Taipei","BTCUSDT","BTC-260916-79500-C","2026-09-16","79500","CALL","1h","2026-09-15 02:00:00","2026-09-15 10:00:00","185.000","190.000","185.000","190.000","5.29","2026-09-15 02:59:59","2026-09-15 10:59:59","1002.60000","2","4.79","910.10000"
"all-available","Asia/Taipei","BTCUSDT","BTC-260916-79500-C","2026-09-16","79500","CALL","1h","2026-09-15 03:00:00","2026-09-15 11:00:00","175.000","175.000","155.000","155.000","0.12","2026-09-15 03:59:59","2026-09-15 11:59:59","20.65000","3","0.10","17.50000"
"all-available","Asia/Taipei","BTCUSDT","BTC-260916-79500-C","2026-09-16","79500","CALL","1h","2026-09-15 04:00:00","2026-09-15 12:00:00","125.000","125.000","125.000","125.000","5.39","2026-09-15 04:59:59","2026-09-15 12:59:59","673.75000","3","5.38","672.50000"
"all-available","Asia/Taipei","BTCUSDT","BTC-260916-79500-C","2026-09-16","79500","CALL","1h","2026-09-15 05:00:00","2026-09-15 13:00:00","115.000","120.000","100.000","120.000","7.84","2026-09-15 05:59:59","2026-09-15 13:59:59","873.95000","5","1.33","139.65000"
"all-available","Asia/Taipei","BTCUSDT","BTC-260916-79500-C","2026-09-16","79500","CALL","1h","2026-09-15 06:00:00","2026-09-15 14:00:00","140.000","140.000","115.000","115.000","0.52","2026-09-15 06:59:59","2026-09-15 14:59:59","60.30000","3","0.02","2.80000"
"all-available","Asia/Taipei","BTCUSDT","BTC-260916-79500-C","2026-09-16","79500","CALL","1h","2026-09-15 07:00:00","2026-09-15 15:00:00","100.000","100.000","65.000","65.000","3.57","2026-09-15 07:59:59","2026-09-15 15:59:59","283.95000","31","1.11","75.45000"
"all-available","Asia/Taipei","BTCUSDT","BTC-260916-79500-C","2026-09-16","79500","CALL","1h","2026-09-15 08:00:00","2026-09-15 16:00:00","60.000","65.000","55.000","65.000","2.97","2026-09-15 08:59:59","2026-09-15 16:59:59","169.50000","16","0.47","28.00000"
"all-available","Asia/Taipei","BTCUSDT","BTC-260916-79500-C","2026-09-16","79500","CALL","1h","2026-09-15 09:00:00","2026-09-15 17:00:00","65.000","70.000","60.000","70.000","3.11","2026-09-15 09:59:59","2026-09-15 17:59:59","195.75000","19","1.13","75.10000"
"all-available","Asia/Taipei","BTCUSDT","BTC-260916-79500-C","2026-09-16","79500","CALL","1h","2026-09-15 10:00:00","2026-09-15 18:00:00","70.000","85.000","70.000","85.000","52.34","2026-09-15 10:59:59","2026-09-15 18:59:59","3680.25000","17","51.80","3635.10000"
"all-available","Asia/Taipei","BTCUSDT","BTC-260916-79500-C","2026-09-16","79500","CALL","1h","2026-09-15 11:00:00","2026-09-15 19:00:00","90.000","135.000","90.000","135.000","6.11","2026-09-15 11:59:59","2026-09-15 19:59:59","706.00000","15","4.00","460.00000"
"all-available","Asia/Taipei","BTCUSDT","BTC-260916-79500-C","2026-09-16","79500","CALL","1h","2026-09-15 12:00:00","2026-09-15 20:00:00","145.000","160.000","145.000","155.000","5.29","2026-09-15 12:59:59","2026-09-15 20:59:59","816.95000","11","0.00","0.00000"
"all-available","Asia/Taipei","BTCUSDT","BTC-260916-79500-C","2026-09-16","79500","CALL","1h","2026-09-15 13:00:00","2026-09-15 21:00:00","155.000","155.000","70.000","100.000","5.19","2026-09-15 13:59:59","2026-09-15 21:59:59","397.60000","33","4.87","367.75000"
"all-available","Asia/Taipei","BTCUSDT","BTC-260916-79500-C","2026-09-16","79500","CALL","1h","2026-09-15 14:00:00","2026-09-15 22:00:00","85.000","85.000","60.000","65.000","22.46","2026-09-15 14:59:59","2026-09-15 22:59:59","1560.10000","33","1.13","68.10000"
"all-available","Asia/Taipei","BTCUSDT","BTC-260916-79500-C","2026-09-16","79500","CALL","1h","2026-09-15 15:00:00","2026-09-15 23:00:00","65.000","85.000","60.000","85.000","14.29","2026-09-15 15:59:59","2026-09-15 23:59:59","1137.55000","27","8.57","659.10000"
"all-available","Asia/Taipei","BTCUSDT","BTC-260916-79500-C","2026-09-16","79500","CALL","1h","2026-09-15 16:00:00","2026-09-16 00:00:00","75.000","75.000","70.000","70.000","0.35","2026-09-15 16:59:59","2026-09-16 00:59:59","25.75000","4","0.00","0.00000"
"all-available","Asia/Taipei","BTCUSDT","BTC-260916-79500-C","2026-09-16","79500","CALL","1h","2026-09-15 17:00:00","2026-09-16 01:00:00","50.000","115.000","50.000","80.000","16.58","2026-09-15 17:59:59","2026-09-16 01:59:59","892.25000","19","15.70","797.40000"
"all-available","Asia/Taipei","BTCUSDT","BTC-260916-79500-C","2026-09-16","79500","CALL","1h","2026-09-15 18:00:00","2026-09-16 02:00:00","70.000","110.000","15.000","15.000","30.38","2026-09-15 18:59:59","2026-09-16 02:59:59","1264.55000","56","18.91","560.80000"
"all-available","Asia/Taipei","BTCUSDT","BTC-260916-79500-C","2026-09-16","79500","CALL","1h","2026-09-15 19:00:00","2026-09-16 03:00:00","15.000","15.000","5.000","5.000","25.22","2026-09-15 19:59:59","2026-09-16 03:59:59","158.45000","22","21.11","127.90000"
"all-available","Asia/Taipei","BTCUSDT","BTC-260916-79500-C","2026-09-16","79500","CALL","1h","2026-09-15 20:00:00","2026-09-16 04:00:00","5.000","5.000","5.000","5.000","1.38","2026-09-15 20:59:59","2026-09-16 04:59:59","6.90000","1","0.00","0.00000"
"all-available","Asia/Taipei","BTCUSDT","BTC-260916-79500-C","2026-09-16","79500","CALL","1h","2026-09-15 21:00:00","2026-09-16 05:00:00","5.000","5.000","5.000","5.000","0.40","2026-09-15 21:59:59","2026-09-16 05:59:59","2.00000","1","0.00","0.00000"
"all-available","Asia/Taipei","BTCUSDT","BTC-260916-79500-C","2026-09-16","79500","CALL","1h","2026-09-15 22:00:00","2026-09-16 06:00:00","5.000","5.000","5.000","5.000","0.00","2026-09-15 22:59:59","2026-09-16 06:59:59","0.00000","0","0.00","0.00000"
"all-available","Asia/Taipei","BTCUSDT","BTC-260916-79500-C","2026-09-16","79500","CALL","1h","2026-09-15 23:00:00","2026-09-16 07:00:00","5.000","5.000","5.000","5.000","0.01","2026-09-15 23:59:59","2026-09-16 07:59:59","0.05000","1","0.01","0.05000"
"all-available","Asia/Taipei","BTCUSDT","BTC-260916-79500-C","2026-09-16","79500","CALL","1h","2026-09-16 00:00:00","2026-09-16 08:00:00","5.000","5.000","5.000","5.000","0.00","2026-09-16 00:59:59","2026-09-16 08:59:59","0.00000","0","0.00","0.00000"
"all-available","Asia/Taipei","BTCUSDT","BTC-260916-79500-C","2026-09-16","79500","CALL","1h","2026-09-16 01:00:00","2026-09-16 09:00:00","5.000","5.000","5.000","5.000","0.00","2026-09-16 01:59:59","2026-09-16 09:59:59","0.00000","0","0.00","0.00000"
"all-available","Asia/Taipei","BTCUSDT","BTC-260916-79500-C","2026-09-16","79500","CALL","1h","2026-09-16 02:00:00","2026-09-16 10:00:00","5.000","5.000","5.000","5.000","0.00","2026-09-16 02:59:59","2026-09-16 10:59:59","0.00000","0","0.00","0.00000"
"all-available","Asia/Taipei","BTCUSDT","BTC-260916-79500-C","2026-09-16","79500","CALL","1h","2026-09-16 03:00:00","2026-09-16 11:00:00","5.000","5.000","5.000","5.000","0.00","2026-09-16 03:59:59","2026-09-16 11:59:59","0.00000","0","0.00","0.00000"
"all-available","Asia/Taipei","BTCUSDT","BTC-260916-79500-C","2026-09-16","79500","CALL","1h","2026-09-16 04:00:00","2026-09-16 12:00:00","5.000","5.000","5.000","5.000","0.00","2026-09-16 04:59:59","2026-09-16 12:59:59","0.00000","0","0.00","0.00000"
"all-available","Asia/Taipei","BTCUSDT","BTC-260916-79500-C","2026-09-16","79500","CALL","1h","2026-09-16 05:00:00","2026-09-16 13:00:00","5.000","5.000","5.000","5.000","0.00","2026-09-16 05:59:59","2026-09-16 13:59:59","0.00000","0","0.00","0.00000"
"all-available","Asia/Taipei","BTCUSDT","BTC-260916-79500-C","2026-09-16","79500","CALL","1h","2026-09-16 06:00:00","2026-09-16 14:00:00","5.000","5.000","5.000","5.000","0.00","2026-09-16 06:59:59","2026-09-16 14:59:59","0.00000","0","0.00","0.00000"
"all-available","Asia/Taipei","BTCUSDT","BTC-260916-79500-C","2026-09-16","79500","CALL","1h","2026-09-16 07:00:00","2026-09-16 15:00:00","5.000","5.000","5.000","5.000","0.00","2026-09-16 07:59:59","2026-09-16 15:59:59","0.00000","0","0.00","0.00000"
"all-available","Asia/Taipei","BTCUSDT","BTC-260916-79500-P","2026-09-16","79500","PUT","1h","2026-09-14 18:00:00","2026-09-15 02:00:00","855.000","895.000","855.000","895.000","0.32","2026-09-14 18:59:59","2026-09-15 02:59:59","274.00000","3","0.31","265.05000"
"all-available","Asia/Taipei","BTCUSDT","BTC-260916-79500-P","2026-09-16","79500","PUT","1h","2026-09-14 19:00:00","2026-09-15 03:00:00","980.000","980.000","980.000","980.000","0.20","2026-09-14 19:59:59","2026-09-15 03:59:59","196.00000","1","0.00","0.00000"
"all-available","Asia/Taipei","BTCUSDT","BTC-260916-79500-P","2026-09-16","79500","PUT","1h","2026-09-14 20:00:00","2026-09-15 04:00:00","775.000","775.000","685.000","685.000","4.02","2026-09-14 20:59:59","2026-09-15 04:59:59","2755.50000","2","4.00","2740.00000"
"all-available","Asia/Taipei","BTCUSDT","BTC-260916-79500-P","2026-09-16","79500","PUT","1h","2026-09-14 21:00:00","2026-09-15 05:00:00","965.000","965.000","965.000","965.000","1.60","2026-09-14 21:59:59","2026-09-15 05:59:59","1544.00000","1","0.00","0.00000"
"all-available","Asia/Taipei","BTCUSDT","BTC-260916-79500-P","2026-09-16","79500","PUT","1h","2026-09-14 22:00:00","2026-09-15 06:00:00","965.000","965.000","965.000","965.000","0.00","2026-09-14 22:59:59","2026-09-15 06:59:59","0.00000","0","0.00","0.00000"
"all-available","Asia/Taipei","BTCUSDT","BTC-260916-79500-P","2026-09-16","79500","PUT","1h","2026-09-14 23:00:00","2026-09-15 07:00:00","965.000","965.000","965.000","965.000","0.00","2026-09-14 23:59:59","2026-09-15 07:59:59","0.00000","0","0.00","0.00000"
"all-available","Asia/Taipei","BTCUSDT","BTC-260916-79500-P","2026-09-16","79500","PUT","1h","2026-09-15 00:00:00","2026-09-15 08:00:00","965.000","965.000","965.000","965.000","0.00","2026-09-15 00:59:59","2026-09-15 08:59:59","0.00000","0","0.00","0.00000"
"all-available","Asia/Taipei","BTCUSDT","BTC-260916-79500-P","2026-09-16","79500","PUT","1h","2026-09-15 01:00:00","2026-09-15 09:00:00","965.000","965.000","965.000","965.000","0.00","2026-09-15 01:59:59","2026-09-15 09:59:59","0.00000","0","0.00","0.00000"
"all-available","Asia/Taipei","BTCUSDT","BTC-260916-79500-P","2026-09-16","79500","PUT","1h","2026-09-15 02:00:00","2026-09-15 10:00:00","965.000","965.000","965.000","965.000","0.00","2026-09-15 02:59:59","2026-09-15 10:59:59","0.00000","0","0.00","0.00000"
"all-available","Asia/Taipei","BTCUSDT","BTC-260916-79500-P","2026-09-16","79500","PUT","1h","2026-09-15 03:00:00","2026-09-15 11:00:00","965.000","965.000","965.000","965.000","0.00","2026-09-15 03:59:59","2026-09-15 11:59:59","0.00000","0","0.00","0.00000"
"all-available","Asia/Taipei","BTCUSDT","BTC-260916-79500-P","2026-09-16","79500","PUT","1h","2026-09-15 04:00:00","2026-09-15 12:00:00","965.000","965.000","965.000","965.000","0.00","2026-09-15 04:59:59","2026-09-15 12:59:59","0.00000","0","0.00","0.00000"
"all-available","Asia/Taipei","BTCUSDT","BTC-260916-79500-P","2026-09-16","79500","PUT","1h","2026-09-15 05:00:00","2026-09-15 13:00:00","965.000","965.000","965.000","965.000","0.00","2026-09-15 05:59:59","2026-09-15 13:59:59","0.00000","0","0.00","0.00000"
"all-available","Asia/Taipei","BTCUSDT","BTC-260916-79500-P","2026-09-16","79500","PUT","1h","2026-09-15 06:00:00","2026-09-15 14:00:00","965.000","965.000","965.000","965.000","0.00","2026-09-15 06:59:59","2026-09-15 14:59:59","0.00000","0","0.00","0.00000"
"all-available","Asia/Taipei","BTCUSDT","BTC-260916-79500-P","2026-09-16","79500","PUT","1h","2026-09-15 07:00:00","2026-09-15 15:00:00","2470.000","2485.000","2470.000","2485.000","1.28","2026-09-15 07:59:59","2026-09-15 15:59:59","3171.20000","12","1.28","3171.20000"
"all-available","Asia/Taipei","BTCUSDT","BTC-260916-79500-P","2026-09-16","79500","PUT","1h","2026-09-15 08:00:00","2026-09-15 16:00:00","2485.000","2485.000","2485.000","2485.000","0.00","2026-09-15 08:59:59","2026-09-15 16:59:59","0.00000","0","0.00","0.00000"
"all-available","Asia/Taipei","BTCUSDT","BTC-260916-79500-P","2026-09-16","79500","PUT","1h","2026-09-15 09:00:00","2026-09-15 17:00:00","2485.000","2485.000","2485.000","2485.000","0.00","2026-09-15 09:59:59","2026-09-15 17:59:59","0.00000","0","0.00","0.00000"
"all-available","Asia/Taipei","BTCUSDT","BTC-260916-79500-P","2026-09-16","79500","PUT","1h","2026-09-15 10:00:00","2026-09-15 18:00:00","2485.000","2485.000","2485.000","2485.000","0.00","2026-09-15 10:59:59","2026-09-15 18:59:59","0.00000","0","0.00","0.00000"
"all-available","Asia/Taipei","BTCUSDT","BTC-260916-79500-P","2026-09-16","79500","PUT","1h","2026-09-15 11:00:00","2026-09-15 19:00:00","2485.000","2485.000","2485.000","2485.000","0.00","2026-09-15 11:59:59","2026-09-15 19:59:59","0.00000","0","0.00","0.00000"
"all-available","Asia/Taipei","BTCUSDT","BTC-260916-79500-P","2026-09-16","79500","PUT","1h","2026-09-15 12:00:00","2026-09-15 20:00:00","2485.000","2485.000","2485.000","2485.000","0.00","2026-09-15 12:59:59","2026-09-15 20:59:59","0.00000","0","0.00","0.00000"
"all-available","Asia/Taipei","BTCUSDT","BTC-260916-79500-P","2026-09-16","79500","PUT","1h","2026-09-15 13:00:00","2026-09-15 21:00:00","2485.000","2485.000","2485.000","2485.000","0.00","2026-09-15 13:59:59","2026-09-15 21:59:59","0.00000","0","0.00","0.00000"
"all-available","Asia/Taipei","BTCUSDT","BTC-260916-79500-P","2026-09-16","79500","PUT","1h","2026-09-15 14:00:00","2026-09-15 22:00:00","2485.000","2485.000","2485.000","2485.000","0.00","2026-09-15 14:59:59","2026-09-15 22:59:59","0.00000","0","0.00","0.00000"
"all-available","Asia/Taipei","BTCUSDT","BTC-260916-79500-P","2026-09-16","79500","PUT","1h","2026-09-15 15:00:00","2026-09-15 23:00:00","2485.000","2485.000","2485.000","2485.000","0.00","2026-09-15 15:59:59","2026-09-15 23:59:59","0.00000","0","0.00","0.00000"
"all-available","Asia/Taipei","BTCUSDT","BTC-260916-79500-P","2026-09-16","79500","PUT","1h","2026-09-15 16:00:00","2026-09-16 00:00:00","2485.000","2485.000","2485.000","2485.000","0.00","2026-09-15 16:59:59","2026-09-16 00:59:59","0.00000","0","0.00","0.00000"
"all-available","Asia/Taipei","BTCUSDT","BTC-260916-79500-P","2026-09-16","79500","PUT","1h","2026-09-15 17:00:00","2026-09-16 01:00:00","2485.000","2485.000","2485.000","2485.000","0.00","2026-09-15 17:59:59","2026-09-16 01:59:59","0.00000","0","0.00","0.00000"
"all-available","Asia/Taipei","BTCUSDT","BTC-260916-79500-P","2026-09-16","79500","PUT","1h","2026-09-15 18:00:00","2026-09-16 02:00:00","2485.000","2485.000","2485.000","2485.000","0.00","2026-09-15 18:59:59","2026-09-16 02:59:59","0.00000","0","0.00","0.00000"
"all-available","Asia/Taipei","BTCUSDT","BTC-260916-79500-P","2026-09-16","79500","PUT","1h","2026-09-15 19:00:00","2026-09-16 03:00:00","2485.000","2485.000","2485.000","2485.000","0.00","2026-09-15 19:59:59","2026-09-16 03:59:59","0.00000","0","0.00","0.00000"
"all-available","Asia/Taipei","BTCUSDT","BTC-260916-79500-P","2026-09-16","79500","PUT","1h","2026-09-15 20:00:00","2026-09-16 04:00:00","2485.000","2485.000","2485.000","2485.000","0.00","2026-09-15 20:59:59","2026-09-16 04:59:59","0.00000","0","0.00","0.00000"
"all-available","Asia/Taipei","BTCUSDT","BTC-260916-79500-P","2026-09-16","79500","PUT","1h","2026-09-15 21:00:00","2026-09-16 05:00:00","2485.000","2485.000","2485.000","2485.000","0.00","2026-09-15 21:59:59","2026-09-16 05:59:59","0.00000","0","0.00","0.00000"
"all-available","Asia/Taipei","BTCUSDT","BTC-260916-79500-P","2026-09-16","79500","PUT","1h","2026-09-15 22:00:00","2026-09-16 06:00:00","2485.000","2485.000","2485.000","2485.000","0.00","2026-09-15 22:59:59","2026-09-16 06:59:59","0.00000","0","0.00","0.00000"
"all-available","Asia/Taipei","BTCUSDT","BTC-260916-79500-P","2026-09-16","79500","PUT","1h","2026-09-15 23:00:00","2026-09-16 07:00:00","2485.000","2485.000","2485.000","2485.000","0.00","2026-09-15 23:59:59","2026-09-16 07:59:59","0.00000","0","0.00","0.00000"
"all-available","Asia/Taipei","BTCUSDT","BTC-260916-79500-P","2026-09-16","79500","PUT","1h","2026-09-16 00:00:00","2026-09-16 08:00:00","2485.000","2485.000","2485.000","2485.000","0.00","2026-09-16 00:59:59","2026-09-16 08:59:59","0.00000","0","0.00","0.00000"
"all-available","Asia/Taipei","BTCUSDT","BTC-260916-79500-P","2026-09-16","79500","PUT","1h","2026-09-16 01:00:00","2026-09-16 09:00:00","2485.000","2485.000","2485.000","2485.000","0.00","2026-09-16 01:59:59","2026-09-16 09:59:59","0.00000","0","0.00","0.00000"
"all-available","Asia/Taipei","BTCUSDT","BTC-260916-79500-P","2026-09-16","79500","PUT","1h","2026-09-16 02:00:00","2026-09-16 10:00:00","2485.000","2485.000","2485.000","2485.000","0.00","2026-09-16 02:59:59","2026-09-16 10:59:59","0.00000","0","0.00","0.00000"
"all-available","Asia/Taipei","BTCUSDT","BTC-260916-79500-P","2026-09-16","79500","PUT","1h","2026-09-16 03:00:00","2026-09-16 11:00:00","2485.000","2485.000","2485.000","2485.000","0.00","2026-09-16 03:59:59","2026-09-16 11:59:59","0.00000","0","0.00","0.00000"
"all-available","Asia/Taipei","BTCUSDT","BTC-260916-79500-P","2026-09-16","79500","PUT","1h","2026-09-16 04:00:00","2026-09-16 12:00:00","2485.000","2485.000","2485.000","2485.000","0.00","2026-09-16 04:59:59","2026-09-16 12:59:59","0.00000","0","0.00","0.00000"
"all-available","Asia/Taipei","BTCUSDT","BTC-260916-79500-P","2026-09-16","79500","PUT","1h","2026-09-16 05:00:00","2026-09-16 13:00:00","2485.000","2485.000","2485.000","2485.000","0.00","2026-09-16 05:59:59","2026-09-16 13:59:59","0.00000","0","0.00","0.00000"
"all-available","Asia/Taipei","BTCUSDT","BTC-260916-79500-P","2026-09-16","79500","PUT","1h","2026-09-16 06:00:00","2026-09-16 14:00:00","2485.000","2485.000","2485.000","2485.000","0.00","2026-09-16 06:59:59","2026-09-16 14:59:59","0.00000","0","0.00","0.00000"
"all-available","Asia/Taipei","BTCUSDT","BTC-260916-79500-P","2026-09-16","79500","PUT","1h","2026-09-16 07:00:00","2026-09-16 15:00:00","2485.000","2485.000","2485.000","2485.000","0.00","2026-09-16 07:59:59","2026-09-16 15:59:59","0.00000","0","0.00","0.00000"
"all-available","Asia/Taipei","BTCUSDT","BTC-260916-80000-C","2026-09-16","80000","CALL","1h","2026-09-13 08:00:00","2026-09-13 16:00:00","115.000","135.000","115.000","135.000","0.91","2026-09-13 08:59:59","2026-09-13 16:59:59","111.85000","3","0.00","0.00000"
"all-available","Asia/Taipei","BTCUSDT","BTC-260916-80000-C","2026-09-16","80000","CALL","1h","2026-09-13 09:00:00","2026-09-13 17:00:00","115.000","115.000","115.000","115.000","0.06","2026-09-13 09:59:59","2026-09-13 17:59:59","6.90000","1","0.00","0.00000"
"all-available","Asia/Taipei","BTCUSDT","BTC-260916-80000-C","2026-09-16","80000","CALL","1h","2026-09-13 10:00:00","2026-09-13 18:00:00","115.000","115.000","115.000","115.000","0.00","2026-09-13 10:59:59","2026-09-13 18:59:59","0.00000","0","0.00","0.00000"
"all-available","Asia/Taipei","BTCUSDT","BTC-260916-80000-C","2026-09-16","80000","CALL","1h","2026-09-13 11:00:00","2026-09-13 19:00:00","115.000","115.000","115.000","115.000","0.00","2026-09-13 11:59:59","2026-09-13 19:59:59","0.00000","0","0.00","0.00000"
"all-available","Asia/Taipei","BTCUSDT","BTC-260916-80000-C","2026-09-16","80000","CALL","1h","2026-09-13 12:00:00","2026-09-13 20:00:00","130.000","130.000","120.000","120.000","0.45","2026-09-13 12:59:59","2026-09-13 20:59:59","54.65000","4","0.09","11.45000"
"all-available","Asia/Taipei","BTCUSDT","BTC-260916-80000-C","2026-09-16","80000","CALL","1h","2026-09-13 13:00:00","2026-09-13 21:00:00","120.000","120.000","120.000","120.000","0.00","2026-09-13 13:59:59","2026-09-13 21:59:59","0.00000","0","0.00","0.00000"
"all-available","Asia/Taipei","BTCUSDT","BTC-260916-80000-C","2026-09-16","80000","CALL","1h","2026-09-13 14:00:00","2026-09-13 22:00:00","175.000","180.000","175.000","180.000","0.10","2026-09-13 14:59:59","2026-09-13 22:59:59","17.70000","2","0.10","17.70000"
"all-available","Asia/Taipei","BTCUSDT","BTC-260916-80000-C","2026-09-16","80000","CALL","1h","2026-09-13 15:00:00","2026-09-13 23:00:00","155.000","155.000","155.000","155.000","0.10","2026-09-13 15:59:59","2026-09-13 23:59:59","15.50000","3","0.10","15.50000"
"all-available","Asia/Taipei","BTCUSDT","BTC-260916-80000-C","2026-09-16","80000","CALL","1h","2026-09-13 16:00:00","2026-09-14 00:00:00","160.000","160.000","155.000","155.000","0.02","2026-09-13 16:59:59","2026-09-14 00:59:59","3.15000","2","0.02","3.15000"
"all-available","Asia/Taipei","BTCUSDT","BTC-260916-80000-C","2026-09-16","80000","CALL","1h","2026-09-13 17:00:00","2026-09-14 01:00:00","155.000","155.000","150.000","150.000","2.11","2026-09-13 17:59:59","2026-09-14 01:59:59","317.00000","3","2.10","315.50000"
"all-available","Asia/Taipei","BTCUSDT","BTC-260916-80000-C","2026-09-16","80000","CALL","1h","2026-09-13 18:00:00","2026-09-14 02:00:00","150.000","150.000","150.000","150.000","0.00","2026-09-13 18:59:59","2026-09-14 02:59:59","0.00000","0","0.00","0.00000"
"all-available","Asia/Taipei","BTCUSDT","BTC-260916-80000-C","2026-09-16","80000","CALL","1h","2026-09-13 19:00:00","2026-09-14 03:00:00","150.000","150.000","150.000","150.000","0.00","2026-09-13 19:59:59","2026-09-14 03:59:59","0.00000","0","0.00","0.00000"
"all-available","Asia/Taipei","BTCUSDT","BTC-260916-80000-C","2026-09-16","80000","CALL","1h","2026-09-13 20:00:00","2026-09-14 04:00:00","150.000","150.000","150.000","150.000","3.00","2026-09-13 20:59:59","2026-09-14 04:59:59","450.00000","1","3.00","450.00000"
"all-available","Asia/Taipei","BTCUSDT","BTC-260916-80000-C","2026-09-16","80000","CALL","1h","2026-09-13 21:00:00","2026-09-14 05:00:00","150.000","150.000","150.000","150.000","0.00","2026-09-13 21:59:59","2026-09-14 05:59:59","0.00000","0","0.00","0.00000"
"all-available","Asia/Taipei","BTCUSDT","BTC-260916-80000-C","2026-09-16","80000","CALL","1h","2026-09-13 22:00:00","2026-09-14 06:00:00","125.000","125.000","100.000","100.000","0.88","2026-09-13 22:59:59","2026-09-14 06:59:59","88.75000","4","0.00","0.00000"
"all-available","Asia/Taipei","BTCUSDT","BTC-260916-80000-C","2026-09-16","80000","CALL","1h","2026-09-13 23:00:00","2026-09-14 07:00:00","100.000","100.000","100.000","100.000","0.00","2026-09-13 23:59:59","2026-09-14 07:59:59","0.00000","0","0.00","0.00000"
"all-available","Asia/Taipei","BTCUSDT","BTC-260916-80000-C","2026-09-16","80000","CALL","1h","2026-09-14 00:00:00","2026-09-14 08:00:00","90.000","90.000","75.000","75.000","4.24","2026-09-14 00:59:59","2026-09-14 08:59:59","378.00000","7","0.00","0.00000"
"all-available","Asia/Taipei","BTCUSDT","BTC-260916-80000-C","2026-09-16","80000","CALL","1h","2026-09-14 01:00:00","2026-09-14 09:00:00","85.000","85.000","85.000","85.000","0.23","2026-09-14 01:59:59","2026-09-14 09:59:59","19.55000","2","0.23","19.55000"
"all-available","Asia/Taipei","BTCUSDT","BTC-260916-80000-C","2026-09-16","80000","CALL","1h","2026-09-14 02:00:00","2026-09-14 10:00:00","155.000","170.000","155.000","170.000","0.08","2026-09-14 02:59:59","2026-09-14 10:59:59","12.85000","2","0.08","12.85000"
"all-available","Asia/Taipei","BTCUSDT","BTC-260916-80000-C","2026-09-16","80000","CALL","1h","2026-09-14 03:00:00","2026-09-14 11:00:00","180.000","215.000","180.000","190.000","31.11","2026-09-14 03:59:59","2026-09-14 11:59:59","6502.55000","18","29.37","6128.70000"
"all-available","Asia/Taipei","BTCUSDT","BTC-260916-80000-C","2026-09-16","80000","CALL","1h","2026-09-14 04:00:00","2026-09-14 12:00:00","185.000","185.000","185.000","185.000","0.04","2026-09-14 04:59:59","2026-09-14 12:59:59","7.40000","1","0.04","7.40000"
"all-available","Asia/Taipei","BTCUSDT","BTC-260916-80000-C","2026-09-16","80000","CALL","1h","2026-09-14 05:00:00","2026-09-14 13:00:00","190.000","190.000","185.000","185.000","5.99","2026-09-14 05:59:59","2026-09-14 13:59:59","1108.20000","3","5.99","1108.20000"
"all-available","Asia/Taipei","BTCUSDT","BTC-260916-80000-C","2026-09-16","80000","CALL","1h","2026-09-14 06:00:00","2026-09-14 14:00:00","200.000","200.000","200.000","200.000","0.26","2026-09-14 06:59:59","2026-09-14 14:59:59","52.00000","1","0.26","52.00000"
"all-available","Asia/Taipei","BTCUSDT","BTC-260916-80000-C","2026-09-16","80000","CALL","1h","2026-09-14 07:00:00","2026-09-14 15:00:00","190.000","190.000","175.000","175.000","0.21","2026-09-14 07:59:59","2026-09-14 15:59:59","38.15000","3","0.21","38.15000"
"all-available","Asia/Taipei","BTCUSDT","BTC-260916-80000-C","2026-09-16","80000","CALL","1h","2026-09-14 08:00:00","2026-09-14 16:00:00","200.000","200.000","175.000","180.000","0.57","2026-09-14 08:59:59","2026-09-14 16:59:59","103.55000","9","0.01","1.95000"
"all-available","Asia/Taipei","BTCUSDT","BTC-260916-80000-C","2026-09-16","80000","CALL","1h","2026-09-14 09:00:00","2026-09-14 17:00:00","155.000","220.000","150.000","220.000","2.66","2026-09-14 09:59:59","2026-09-14 17:59:59","418.75000","9","2.66","418.75000"
"all-available","Asia/Taipei","BTCUSDT","BTC-260916-80000-C","2026-09-16","80000","CALL","1h","2026-09-14 10:00:00","2026-09-14 18:00:00","180.000","185.000","180.000","185.000","3.80","2026-09-14 10:59:59","2026-09-14 18:59:59","684.20000","7","0.00","0.00000"
"all-available","Asia/Taipei","BTCUSDT","BTC-260916-80000-C","2026-09-16","80000","CALL","1h","2026-09-14 11:00:00","2026-09-14 19:00:00","175.000","175.000","145.000","145.000","0.80","2026-09-14 11:59:59","2026-09-14 19:59:59","119.45000","7","0.75","110.70000"
"all-available","Asia/Taipei","BTCUSDT","BTC-260916-80000-C","2026-09-16","80000","CALL","1h","2026-09-14 12:00:00","2026-09-14 20:00:00","145.000","170.000","145.000","170.000","5.11","2026-09-14 12:59:59","2026-09-14 20:59:59","764.85000","6","5.11","764.85000"
"all-available","Asia/Taipei","BTCUSDT","BTC-260916-80000-C","2026-09-16","80000","CALL","1h","2026-09-14 13:00:00","2026-09-14 21:00:00","145.000","240.000","130.000","240.000","12.28","2026-09-14 13:59:59","2026-09-14 21:59:59","1853.55000","21","9.25","1429.35000"
"all-available","Asia/Taipei","BTCUSDT","BTC-260916-80000-C","2026-09-16","80000","CALL","1h","2026-09-14 14:00:00","2026-09-14 22:00:00","285.000","325.000","245.000","265.000","2.19","2026-09-14 14:59:59","2026-09-14 22:59:59","636.75000","11","0.23","66.50000"
"all-available","Asia/Taipei","BTCUSDT","BTC-260916-80000-C","2026-09-16","80000","CALL","1h","2026-09-14 15:00:00","2026-09-14 23:00:00","265.000","265.000","250.000","250.000","13.03","2026-09-14 15:59:59","2026-09-14 23:59:59","3258.25000","20","0.05","13.25000"
"all-available","Asia/Taipei","BTCUSDT","BTC-260916-80000-C","2026-09-16","80000","CALL","1h","2026-09-14 16:00:00","2026-09-15 00:00:00","270.000","270.000","270.000","270.000","2.00","2026-09-14 16:59:59","2026-09-15 00:59:59","540.00000","2","0.00","0.00000"
"all-available","Asia/Taipei","BTCUSDT","BTC-260916-80000-C","2026-09-16","80000","CALL","1h","2026-09-14 17:00:00","2026-09-15 01:00:00","285.000","285.000","285.000","285.000","0.08","2026-09-14 17:59:59","2026-09-15 01:59:59","22.80000","1","0.08","22.80000"
"all-available","Asia/Taipei","BTCUSDT","BTC-260916-80000-C","2026-09-16","80000","CALL","1h","2026-09-14 18:00:00","2026-09-15 02:00:00","325.000","445.000","320.000","445.000","4.94","2026-09-14 18:59:59","2026-09-15 02:59:59","2018.35000","15","4.44","1818.85000"
"all-available","Asia/Taipei","BTCUSDT","BTC-260916-80000-C","2026-09-16","80000","CALL","1h","2026-09-14 19:00:00","2026-09-15 03:00:00","400.000","410.000","350.000","350.000","17.18","2026-09-14 19:59:59","2026-09-15 03:59:59","6443.25000","14","2.27","794.50000"
"all-available","Asia/Taipei","BTCUSDT","BTC-260916-80000-C","2026-09-16","80000","CALL","1h","2026-09-14 20:00:00","2026-09-15 04:00:00","525.000","550.000","400.000","400.000","9.70","2026-09-14 20:59:59","2026-09-15 04:59:59","4675.45000","6","5.23","2838.10000"
"all-available","Asia/Taipei","BTCUSDT","BTC-260916-80000-C","2026-09-16","80000","CALL","1h","2026-09-14 21:00:00","2026-09-15 05:00:00","385.000","385.000","295.000","295.000","0.50","2026-09-14 21:59:59","2026-09-15 05:59:59","179.15000","5","0.17","52.10000"
"all-available","Asia/Taipei","BTCUSDT","BTC-260916-80000-C","2026-09-16","80000","CALL","1h","2026-09-14 22:00:00","2026-09-15 06:00:00","295.000","295.000","295.000","295.000","0.00","2026-09-14 22:59:59","2026-09-15 06:59:59","0.00000","0","0.00","0.00000"
"all-available","Asia/Taipei","BTCUSDT","BTC-260916-80000-C","2026-09-16","80000","CALL","1h","2026-09-14 23:00:00","2026-09-15 07:00:00","180.000","180.000","180.000","180.000","1.00","2026-09-14 23:59:59","2026-09-15 07:59:59","180.00000","1","0.00","0.00000"
"all-available","Asia/Taipei","BTCUSDT","BTC-260916-80000-C","2026-09-16","80000","CALL","1h","2026-09-15 00:00:00","2026-09-15 08:00:00","180.000","185.000","150.000","150.000","0.19","2026-09-15 00:59:59","2026-09-15 08:59:59","33.05000","6","0.17","30.05000"
"all-available","Asia/Taipei","BTCUSDT","BTC-260916-80000-C","2026-09-16","80000","CALL","1h","2026-09-15 01:00:00","2026-09-15 09:00:00","130.000","140.000","130.000","130.000","0.21","2026-09-15 01:59:59","2026-09-15 09:59:59","27.40000","5","0.16","20.90000"
"all-available","Asia/Taipei","BTCUSDT","BTC-260916-80000-C","2026-09-16","80000","CALL","1h","2026-09-15 02:00:00","2026-09-15 10:00:00","125.000","125.000","120.000","120.000","0.78","2026-09-15 02:59:59","2026-09-15 10:59:59","93.65000","3","0.76","91.20000"
"all-available","Asia/Taipei","BTCUSDT","BTC-260916-80000-C","2026-09-16","80000","CALL","1h","2026-09-15 03:00:00","2026-09-15 11:00:00","115.000","115.000","95.000","95.000","1.09","2026-09-15 03:59:59","2026-09-15 11:59:59","123.95000","5","0.00","0.00000"
"all-available","Asia/Taipei","BTCUSDT","BTC-260916-80000-C","2026-09-16","80000","CALL","1h","2026-09-15 04:00:00","2026-09-15 12:00:00","95.000","95.000","80.000","85.000","0.61","2026-09-15 04:59:59","2026-09-15 12:59:59","52.90000","6","0.60","52.10000"
"all-available","Asia/Taipei","BTCUSDT","BTC-260916-80000-C","2026-09-16","80000","CALL","1h","2026-09-15 05:00:00","2026-09-15 13:00:00","75.000","85.000","70.000","85.000","4.66","2026-09-15 05:59:59","2026-09-15 13:59:59","347.25000","18","2.51","196.45000"
"all-available","Asia/Taipei","BTCUSDT","BTC-260916-80000-C","2026-09-16","80000","CALL","1h","2026-09-15 06:00:00","2026-09-15 14:00:00","90.000","95.000","75.000","75.000","16.47","2026-09-15 06:59:59","2026-09-15 14:59:59","1400.65000","21","14.47","1250.65000"
"all-available","Asia/Taipei","BTCUSDT","BTC-260916-80000-C","2026-09-16","80000","CALL","1h","2026-09-15 07:00:00","2026-09-15 15:00:00","70.000","70.000","40.000","40.000","11.20","2026-09-15 07:59:59","2026-09-15 15:59:59","613.30000","50","3.76","210.40000"
"all-available","Asia/Taipei","BTCUSDT","BTC-260916-80000-C","2026-09-16","80000","CALL","1h","2026-09-15 08:00:00","2026-09-15 16:00:00","45.000","45.000","35.000","45.000","11.66","2026-09-15 08:59:59","2026-09-15 16:59:59","461.05000","22","4.73","201.40000"
"all-available","Asia/Taipei","BTCUSDT","BTC-260916-80000-C","2026-09-16","80000","CALL","1h","2026-09-15 09:00:00","2026-09-15 17:00:00","40.000","50.000","40.000","45.000","16.84","2026-09-15 09:59:59","2026-09-15 17:59:59","745.10000","29","8.59","409.25000"
"all-available","Asia/Taipei","BTCUSDT","BTC-260916-80000-C","2026-09-16","80000","CALL","1h","2026-09-15 10:00:00","2026-09-15 18:00:00","55.000","55.000","45.000","55.000","7.28","2026-09-15 10:59:59","2026-09-15 18:59:59","386.35000","27","5.57","301.35000"
"all-available","Asia/Taipei","BTCUSDT","BTC-260916-80000-C","2026-09-16","80000","CALL","1h","2026-09-15 11:00:00","2026-09-15 19:00:00","65.000","100.000","65.000","100.000","11.06","2026-09-15 11:59:59","2026-09-15 19:59:59","957.35000","26","7.80","694.85000"
"all-available","Asia/Taipei","BTCUSDT","BTC-260916-80000-C","2026-09-16","80000","CALL","1h","2026-09-15 12:00:00","2026-09-15 20:00:00","105.000","115.000","105.000","105.000","3.82","2026-09-15 12:59:59","2026-09-15 20:59:59","436.80000","9","0.01","1.15000"
"all-available","Asia/Taipei","BTCUSDT","BTC-260916-80000-C","2026-09-16","80000","CALL","1h","2026-09-15 13:00:00","2026-09-15 21:00:00","110.000","110.000","50.000","60.000","11.70","2026-09-15 13:59:59","2026-09-15 21:59:59","672.10000","37","10.49","589.60000"
"all-available","Asia/Taipei","BTCUSDT","BTC-260916-80000-C","2026-09-16","80000","CALL","1h","2026-09-15 14:00:00","2026-09-15 22:00:00","65.000","70.000","45.000","50.000","25.06","2026-09-15 14:59:59","2026-09-15 22:59:59","1399.90000","70","14.88","875.10000"
"all-available","Asia/Taipei","BTCUSDT","BTC-260916-80000-C","2026-09-16","80000","CALL","1h","2026-09-15 15:00:00","2026-09-15 23:00:00","45.000","65.000","40.000","60.000","28.36","2026-09-15 15:59:59","2026-09-15 23:59:59","1680.60000","68","21.29","1292.65000"
"all-available","Asia/Taipei","BTCUSDT","BTC-260916-80000-C","2026-09-16","80000","CALL","1h","2026-09-15 16:00:00","2026-09-16 00:00:00","55.000","55.000","40.000","50.000","74.23","2026-09-15 16:59:59","2026-09-16 00:59:59","3389.85000","46","59.78","2691.75000"
"all-available","Asia/Taipei","BTCUSDT","BTC-260916-80000-C","2026-09-16","80000","CALL","1h","2026-09-15 17:00:00","2026-09-16 01:00:00","55.000","80.000","35.000","70.000","69.40","2026-09-15 17:59:59","2026-09-16 01:59:59","2652.20000","57","64.43","2423.35000"
"all-available","Asia/Taipei","BTCUSDT","BTC-260916-80000-C","2026-09-16","80000","CALL","1h","2026-09-15 18:00:00","2026-09-16 02:00:00","60.000","70.000","5.000","5.000","640.09","2026-09-15 18:59:59","2026-09-16 02:59:59","20343.00000","151","471.09","18485.05000"
"all-available","Asia/Taipei","BTCUSDT","BTC-260916-80000-C","2026-09-16","80000","CALL","1h","2026-09-15 19:00:00","2026-09-16 03:00:00","10.000","10.000","5.000","5.000","5.10","2026-09-15 19:59:59","2026-09-16 03:59:59","40.50000","6","5.10","40.50000"
"all-available","Asia/Taipei","BTCUSDT","BTC-260916-80000-C","2026-09-16","80000","CALL","1h","2026-09-15 20:00:00","2026-09-16 04:00:00","5.000","5.000","5.000","5.000","0.00","2026-09-15 20:59:59","2026-09-16 04:59:59","0.00000","0","0.00","0.00000"
"all-available","Asia/Taipei","BTCUSDT","BTC-260916-80000-C","2026-09-16","80000","CALL","1h","2026-09-15 21:00:00","2026-09-16 05:00:00","5.000","5.000","5.000","5.000","0.00","2026-09-15 21:59:59","2026-09-16 05:59:59","0.00000","0","0.00","0.00000"
"all-available","Asia/Taipei","BTCUSDT","BTC-260916-80000-C","2026-09-16","80000","CALL","1h","2026-09-15 22:00:00","2026-09-16 06:00:00","5.000","5.000","5.000","5.000","0.00","2026-09-15 22:59:59","2026-09-16 06:59:59","0.00000","0","0.00","0.00000"
"all-available","Asia/Taipei","BTCUSDT","BTC-260916-80000-C","2026-09-16","80000","CALL","1h","2026-09-15 23:00:00","2026-09-16 07:00:00","5.000","5.000","5.000","5.000","0.00","2026-09-15 23:59:59","2026-09-16 07:59:59","0.00000","0","0.00","0.00000"
"all-available","Asia/Taipei","BTCUSDT","BTC-260916-80000-C","2026-09-16","80000","CALL","1h","2026-09-16 00:00:00","2026-09-16 08:00:00","5.000","5.000","5.000","5.000","0.70","2026-09-16 00:59:59","2026-09-16 08:59:59","3.50000","1","0.70","3.50000"
"all-available","Asia/Taipei","BTCUSDT","BTC-260916-80000-C","2026-09-16","80000","CALL","1h","2026-09-16 01:00:00","2026-09-16 09:00:00","5.000","5.000","5.000","5.000","0.00","2026-09-16 01:59:59","2026-09-16 09:59:59","0.00000","0","0.00","0.00000"
"all-available","Asia/Taipei","BTCUSDT","BTC-260916-80000-C","2026-09-16","80000","CALL","1h","2026-09-16 02:00:00","2026-09-16 10:00:00","5.000","5.000","5.000","5.000","0.00","2026-09-16 02:59:59","2026-09-16 10:59:59","0.00000","0","0.00","0.00000"
"all-available","Asia/Taipei","BTCUSDT","BTC-260916-80000-C","2026-09-16","80000","CALL","1h","2026-09-16 03:00:00","2026-09-16 11:00:00","5.000","5.000","5.000","5.000","0.02","2026-09-16 03:59:59","2026-09-16 11:59:59","0.10000","1","0.02","0.10000"
"all-available","Asia/Taipei","BTCUSDT","BTC-260916-80000-C","2026-09-16","80000","CALL","1h","2026-09-16 04:00:00","2026-09-16 12:00:00","5.000","5.000","5.000","5.000","0.42","2026-09-16 04:59:59","2026-09-16 12:59:59","2.10000","1","0.42","2.10000"
"all-available","Asia/Taipei","BTCUSDT","BTC-260916-80000-C","2026-09-16","80000","CALL","1h","2026-09-16 05:00:00","2026-09-16 13:00:00","5.000","5.000","5.000","5.000","0.00","2026-09-16 05:59:59","2026-09-16 13:59:59","0.00000","0","0.00","0.00000"
"all-available","Asia/Taipei","BTCUSDT","BTC-260916-80000-C","2026-09-16","80000","CALL","1h","2026-09-16 06:00:00","2026-09-16 14:00:00","5.000","5.000","5.000","5.000","0.00","2026-09-16 06:59:59","2026-09-16 14:59:59","0.00000","0","0.00","0.00000"
"all-available","Asia/Taipei","BTCUSDT","BTC-260916-80000-C","2026-09-16","80000","CALL","1h","2026-09-16 07:00:00","2026-09-16 15:00:00","5.000","5.000","5.000","5.000","0.00","2026-09-16 07:59:59","2026-09-16 15:59:59","0.00000","0","0.00","0.00000"
"all-available","Asia/Taipei","BTCUSDT","BTC-260916-80000-P","2026-09-16","80000","PUT","1h","2026-09-14 03:00:00","2026-09-14 11:00:00","2375.000","2375.000","2375.000","2375.000","0.03","2026-09-14 03:59:59","2026-09-14 11:59:59","71.25000","1","0.00","0.00000"
"all-available","Asia/Taipei","BTCUSDT","BTC-260916-80000-P","2026-09-16","80000","PUT","1h","2026-09-14 04:00:00","2026-09-14 12:00:00","2375.000","2375.000","2375.000","2375.000","0.00","2026-09-14 04:59:59","2026-09-14 12:59:59","0.00000","0","0.00","0.00000"
"all-available","Asia/Taipei","BTCUSDT","BTC-260916-80000-P","2026-09-16","80000","PUT","1h","2026-09-14 05:00:00","2026-09-14 13:00:00","2375.000","2375.000","2375.000","2375.000","0.00","2026-09-14 05:59:59","2026-09-14 13:59:59","0.00000","0","0.00","0.00000"
"all-available","Asia/Taipei","BTCUSDT","BTC-260916-80000-P","2026-09-16","80000","PUT","1h","2026-09-14 06:00:00","2026-09-14 14:00:00","2375.000","2375.000","2375.000","2375.000","0.00","2026-09-14 06:59:59","2026-09-14 14:59:59","0.00000","0","0.00","0.00000"
"all-available","Asia/Taipei","BTCUSDT","BTC-260916-80000-P","2026-09-16","80000","PUT","1h","2026-09-14 07:00:00","2026-09-14 15:00:00","2375.000","2375.000","2375.000","2375.000","0.00","2026-09-14 07:59:59","2026-09-14 15:59:59","0.00000","0","0.00","0.00000"
"all-available","Asia/Taipei","BTCUSDT","BTC-260916-80000-P","2026-09-16","80000","PUT","1h","2026-09-14 08:00:00","2026-09-14 16:00:00","2375.000","2375.000","2375.000","2375.000","0.00","2026-09-14 08:59:59","2026-09-14 16:59:59","0.00000","0","0.00","0.00000"
"all-available","Asia/Taipei","BTCUSDT","BTC-260916-80000-P","2026-09-16","80000","PUT","1h","2026-09-14 09:00:00","2026-09-14 17:00:00","2375.000","2375.000","2375.000","2375.000","0.00","2026-09-14 09:59:59","2026-09-14 17:59:59","0.00000","0","0.00","0.00000"
"all-available","Asia/Taipei","BTCUSDT","BTC-260916-80000-P","2026-09-16","80000","PUT","1h","2026-09-14 10:00:00","2026-09-14 18:00:00","2375.000","2375.000","2375.000","2375.000","0.00","2026-09-14 10:59:59","2026-09-14 18:59:59","0.00000","0","0.00","0.00000"
"all-available","Asia/Taipei","BTCUSDT","BTC-260916-80000-P","2026-09-16","80000","PUT","1h","2026-09-14 11:00:00","2026-09-14 19:00:00","2375.000","2375.000","2375.000","2375.000","0.00","2026-09-14 11:59:59","2026-09-14 19:59:59","0.00000","0","0.00","0.00000"
"all-available","Asia/Taipei","BTCUSDT","BTC-260916-80000-P","2026-09-16","80000","PUT","1h","2026-09-14 12:00:00","2026-09-14 20:00:00","2375.000","2375.000","2375.000","2375.000","0.00","2026-09-14 12:59:59","2026-09-14 20:59:59","0.00000","0","0.00","0.00000"
"all-available","Asia/Taipei","BTCUSDT","BTC-260916-80000-P","2026-09-16","80000","PUT","1h","2026-09-14 13:00:00","2026-09-14 21:00:00","2375.000","2375.000","2375.000","2375.000","0.00","2026-09-14 13:59:59","2026-09-14 21:59:59","0.00000","0","0.00","0.00000"
"all-available","Asia/Taipei","BTCUSDT","BTC-260916-80000-P","2026-09-16","80000","PUT","1h","2026-09-14 14:00:00","2026-09-14 22:00:00","2375.000","2375.000","2375.000","2375.000","0.00","2026-09-14 14:59:59","2026-09-14 22:59:59","0.00000","0","0.00","0.00000"
"all-available","Asia/Taipei","BTCUSDT","BTC-260916-80000-P","2026-09-16","80000","PUT","1h","2026-09-14 15:00:00","2026-09-14 23:00:00","2375.000","2375.000","2375.000","2375.000","0.00","2026-09-14 15:59:59","2026-09-14 23:59:59","0.00000","0","0.00","0.00000"
"all-available","Asia/Taipei","BTCUSDT","BTC-260916-80000-P","2026-09-16","80000","PUT","1h","2026-09-14 16:00:00","2026-09-15 00:00:00","2375.000","2375.000","2375.000","2375.000","0.00","2026-09-14 16:59:59","2026-09-15 00:59:59","0.00000","0","0.00","0.00000"
"all-available","Asia/Taipei","BTCUSDT","BTC-260916-80000-P","2026-09-16","80000","PUT","1h","2026-09-14 17:00:00","2026-09-15 01:00:00","2375.000","2375.000","2375.000","2375.000","0.00","2026-09-14 17:59:59","2026-09-15 01:59:59","0.00000","0","0.00","0.00000"
"all-available","Asia/Taipei","BTCUSDT","BTC-260916-80000-P","2026-09-16","80000","PUT","1h","2026-09-14 18:00:00","2026-09-15 02:00:00","2375.000","2375.000","2375.000","2375.000","0.00","2026-09-14 18:59:59","2026-09-15 02:59:59","0.00000","0","0.00","0.00000"
"all-available","Asia/Taipei","BTCUSDT","BTC-260916-80000-P","2026-09-16","80000","PUT","1h","2026-09-14 19:00:00","2026-09-15 03:00:00","2375.000","2375.000","2375.000","2375.000","0.00","2026-09-14 19:59:59","2026-09-15 03:59:59","0.00000","0","0.00","0.00000"
"all-available","Asia/Taipei","BTCUSDT","BTC-260916-80000-P","2026-09-16","80000","PUT","1h","2026-09-14 20:00:00","2026-09-15 04:00:00","2375.000","2375.000","2375.000","2375.000","0.00","2026-09-14 20:59:59","2026-09-15 04:59:59","0.00000","0","0.00","0.00000"
"all-available","Asia/Taipei","BTCUSDT","BTC-260916-80000-P","2026-09-16","80000","PUT","1h","2026-09-14 21:00:00","2026-09-15 05:00:00","2375.000","2375.000","2375.000","2375.000","0.00","2026-09-14 21:59:59","2026-09-15 05:59:59","0.00000","0","0.00","0.00000"
"all-available","Asia/Taipei","BTCUSDT","BTC-260916-80000-P","2026-09-16","80000","PUT","1h","2026-09-14 22:00:00","2026-09-15 06:00:00","2375.000","2375.000","2375.000","2375.000","0.00","2026-09-14 22:59:59","2026-09-15 06:59:59","0.00000","0","0.00","0.00000"
"all-available","Asia/Taipei","BTCUSDT","BTC-260916-80000-P","2026-09-16","80000","PUT","1h","2026-09-14 23:00:00","2026-09-15 07:00:00","2375.000","2375.000","2375.000","2375.000","0.00","2026-09-14 23:59:59","2026-09-15 07:59:59","0.00000","0","0.00","0.00000"
"all-available","Asia/Taipei","BTCUSDT","BTC-260916-80000-P","2026-09-16","80000","PUT","1h","2026-09-15 00:00:00","2026-09-15 08:00:00","2375.000","2375.000","2375.000","2375.000","0.00","2026-09-15 00:59:59","2026-09-15 08:59:59","0.00000","0","0.00","0.00000"
"all-available","Asia/Taipei","BTCUSDT","BTC-260916-80000-P","2026-09-16","80000","PUT","1h","2026-09-15 01:00:00","2026-09-15 09:00:00","2375.000","2375.000","2375.000","2375.000","0.00","2026-09-15 01:59:59","2026-09-15 09:59:59","0.00000","0","0.00","0.00000"
"all-available","Asia/Taipei","BTCUSDT","BTC-260916-80000-P","2026-09-16","80000","PUT","1h","2026-09-15 02:00:00","2026-09-15 10:00:00","2375.000","2375.000","2375.000","2375.000","0.00","2026-09-15 02:59:59","2026-09-15 10:59:59","0.00000","0","0.00","0.00000"
"all-available","Asia/Taipei","BTCUSDT","BTC-260916-80000-P","2026-09-16","80000","PUT","1h","2026-09-15 03:00:00","2026-09-15 11:00:00","2375.000","2375.000","2375.000","2375.000","0.00","2026-09-15 03:59:59","2026-09-15 11:59:59","0.00000","0","0.00","0.00000"
"all-available","Asia/Taipei","BTCUSDT","BTC-260916-80000-P","2026-09-16","80000","PUT","1h","2026-09-15 04:00:00","2026-09-15 12:00:00","2375.000","2375.000","2375.000","2375.000","0.00","2026-09-15 04:59:59","2026-09-15 12:59:59","0.00000","0","0.00","0.00000"
"all-available","Asia/Taipei","BTCUSDT","BTC-260916-80000-P","2026-09-16","80000","PUT","1h","2026-09-15 05:00:00","2026-09-15 13:00:00","2375.000","2375.000","2375.000","2375.000","0.00","2026-09-15 05:59:59","2026-09-15 13:59:59","0.00000","0","0.00","0.00000"
"all-available","Asia/Taipei","BTCUSDT","BTC-260916-80000-P","2026-09-16","80000","PUT","1h","2026-09-15 06:00:00","2026-09-15 14:00:00","2375.000","2375.000","2375.000","2375.000","0.00","2026-09-15 06:59:59","2026-09-15 14:59:59","0.00000","0","0.00","0.00000"
"all-available","Asia/Taipei","BTCUSDT","BTC-260916-80000-P","2026-09-16","80000","PUT","1h","2026-09-15 07:00:00","2026-09-15 15:00:00","3095.000","3095.000","3095.000","3095.000","0.03","2026-09-15 07:59:59","2026-09-15 15:59:59","92.85000","1","0.03","92.85000"
"all-available","Asia/Taipei","BTCUSDT","BTC-260916-80000-P","2026-09-16","80000","PUT","1h","2026-09-15 08:00:00","2026-09-15 16:00:00","3095.000","3095.000","3095.000","3095.000","0.00","2026-09-15 08:59:59","2026-09-15 16:59:59","0.00000","0","0.00","0.00000"
"all-available","Asia/Taipei","BTCUSDT","BTC-260916-80000-P","2026-09-16","80000","PUT","1h","2026-09-15 09:00:00","2026-09-15 17:00:00","3095.000","3095.000","3095.000","3095.000","0.00","2026-09-15 09:59:59","2026-09-15 17:59:59","0.00000","0","0.00","0.00000"
"all-available","Asia/Taipei","BTCUSDT","BTC-260916-80000-P","2026-09-16","80000","PUT","1h","2026-09-15 10:00:00","2026-09-15 18:00:00","3095.000","3095.000","3095.000","3095.000","0.00","2026-09-15 10:59:59","2026-09-15 18:59:59","0.00000","0","0.00","0.00000"
"all-available","Asia/Taipei","BTCUSDT","BTC-260916-80000-P","2026-09-16","80000","PUT","1h","2026-09-15 11:00:00","2026-09-15 19:00:00","3095.000","3095.000","3095.000","3095.000","0.00","2026-09-15 11:59:59","2026-09-15 19:59:59","0.00000","0","0.00","0.00000"
"all-available","Asia/Taipei","BTCUSDT","BTC-260916-80000-P","2026-09-16","80000","PUT","1h","2026-09-15 12:00:00","2026-09-15 20:00:00","3095.000","3095.000","3095.000","3095.000","0.00","2026-09-15 12:59:59","2026-09-15 20:59:59","0.00000","0","0.00","0.00000"
"all-available","Asia/Taipei","BTCUSDT","BTC-260916-80000-P","2026-09-16","80000","PUT","1h","2026-09-15 13:00:00","2026-09-15 21:00:00","3095.000","3095.000","3095.000","3095.000","0.00","2026-09-15 13:59:59","2026-09-15 21:59:59","0.00000","0","0.00","0.00000"
"all-available","Asia/Taipei","BTCUSDT","BTC-260916-80000-P","2026-09-16","80000","PUT","1h","2026-09-15 14:00:00","2026-09-15 22:00:00","3095.000","3095.000","3095.000","3095.000","0.00","2026-09-15 14:59:59","2026-09-15 22:59:59","0.00000","0","0.00","0.00000"
"all-available","Asia/Taipei","BTCUSDT","BTC-260916-80000-P","2026-09-16","80000","PUT","1h","2026-09-15 15:00:00","2026-09-15 23:00:00","3095.000","3095.000","3095.000","3095.000","0.00","2026-09-15 15:59:59","2026-09-15 23:59:59","0.00000","0","0.00","0.00000"
"all-available","Asia/Taipei","BTCUSDT","BTC-260916-80000-P","2026-09-16","80000","PUT","1h","2026-09-15 16:00:00","2026-09-16 00:00:00","3095.000","3095.000","3095.000","3095.000","0.00","2026-09-15 16:59:59","2026-09-16 00:59:59","0.00000","0","0.00","0.00000"
"all-available","Asia/Taipei","BTCUSDT","BTC-260916-80000-P","2026-09-16","80000","PUT","1h","2026-09-15 17:00:00","2026-09-16 01:00:00","3095.000","3095.000","3095.000","3095.000","0.00","2026-09-15 17:59:59","2026-09-16 01:59:59","0.00000","0","0.00","0.00000"
"all-available","Asia/Taipei","BTCUSDT","BTC-260916-80000-P","2026-09-16","80000","PUT","1h","2026-09-15 18:00:00","2026-09-16 02:00:00","3095.000","3095.000","3095.000","3095.000","0.00","2026-09-15 18:59:59","2026-09-16 02:59:59","0.00000","0","0.00","0.00000"
"all-available","Asia/Taipei","BTCUSDT","BTC-260916-80000-P","2026-09-16","80000","PUT","1h","2026-09-15 19:00:00","2026-09-16 03:00:00","3095.000","3095.000","3095.000","3095.000","0.00","2026-09-15 19:59:59","2026-09-16 03:59:59","0.00000","0","0.00","0.00000"
"all-available","Asia/Taipei","BTCUSDT","BTC-260916-80000-P","2026-09-16","80000","PUT","1h","2026-09-15 20:00:00","2026-09-16 04:00:00","3095.000","3095.000","3095.000","3095.000","0.00","2026-09-15 20:59:59","2026-09-16 04:59:59","0.00000","0","0.00","0.00000"
"all-available","Asia/Taipei","BTCUSDT","BTC-260916-80000-P","2026-09-16","80000","PUT","1h","2026-09-15 21:00:00","2026-09-16 05:00:00","3095.000","3095.000","3095.000","3095.000","0.00","2026-09-15 21:59:59","2026-09-16 05:59:59","0.00000","0","0.00","0.00000"
"all-available","Asia/Taipei","BTCUSDT","BTC-260916-80000-P","2026-09-16","80000","PUT","1h","2026-09-15 22:00:00","2026-09-16 06:00:00","3095.000","3095.000","3095.000","3095.000","0.00","2026-09-15 22:59:59","2026-09-16 06:59:59","0.00000","0","0.00","0.00000"
"all-available","Asia/Taipei","BTCUSDT","BTC-260916-80000-P","2026-09-16","80000","PUT","1h","2026-09-15 23:00:00","2026-09-16 07:00:00","3095.000","3095.000","3095.000","3095.000","0.00","2026-09-15 23:59:59","2026-09-16 07:59:59","0.00000","0","0.00","0.00000"
"all-available","Asia/Taipei","BTCUSDT","BTC-260916-80000-P","2026-09-16","80000","PUT","1h","2026-09-16 00:00:00","2026-09-16 08:00:00","3095.000","3095.000","3095.000","3095.000","0.00","2026-09-16 00:59:59","2026-09-16 08:59:59","0.00000","0","0.00","0.00000"
"all-available","Asia/Taipei","BTCUSDT","BTC-260916-80000-P","2026-09-16","80000","PUT","1h","2026-09-16 01:00:00","2026-09-16 09:00:00","3095.000","3095.000","3095.000","3095.000","0.00","2026-09-16 01:59:59","2026-09-16 09:59:59","0.00000","0","0.00","0.00000"
"all-available","Asia/Taipei","BTCUSDT","BTC-260916-80000-P","2026-09-16","80000","PUT","1h","2026-09-16 02:00:00","2026-09-16 10:00:00","3095.000","3095.000","3095.000","3095.000","0.00","2026-09-16 02:59:59","2026-09-16 10:59:59","0.00000","0","0.00","0.00000"
"all-available","Asia/Taipei","BTCUSDT","BTC-260916-80000-P","2026-09-16","80000","PUT","1h","2026-09-16 03:00:00","2026-09-16 11:00:00","3095.000","3095.000","3095.000","3095.000","0.00","2026-09-16 03:59:59","2026-09-16 11:59:59","0.00000","0","0.00","0.00000"
"all-available","Asia/Taipei","BTCUSDT","BTC-260916-80000-P","2026-09-16","80000","PUT","1h","2026-09-16 04:00:00","2026-09-16 12:00:00","3095.000","3095.000","3095.000","3095.000","0.00","2026-09-16 04:59:59","2026-09-16 12:59:59","0.00000","0","0.00","0.00000"
"all-available","Asia/Taipei","BTCUSDT","BTC-260916-80000-P","2026-09-16","80000","PUT","1h","2026-09-16 05:00:00","2026-09-16 13:00:00","3095.000","3095.000","3095.000","3095.000","0.00","2026-09-16 05:59:59","2026-09-16 13:59:59","0.00000","0","0.00","0.00000"
"all-available","Asia/Taipei","BTCUSDT","BTC-260916-80000-P","2026-09-16","80000","PUT","1h","2026-09-16 06:00:00","2026-09-16 14:00:00","3095.000","3095.000","3095.000","3095.000","0.00","2026-09-16 06:59:59","2026-09-16 14:59:59","0.00000","0","0.00","0.00000"
"all-available","Asia/Taipei","BTCUSDT","BTC-260916-80000-P","2026-09-16","80000","PUT","1h","2026-09-16 07:00:00","2026-09-16 15:00:00","3095.000","3095.000","3095.000","3095.000","0.00","2026-09-16 07:59:59","2026-09-16 15:59:59","0.00000","0","0.00","0.00000"
"all-available","Asia/Taipei","BTCUSDT","BTC-260916-81000-C","2026-09-16","81000","CALL","1h","2026-09-14 09:00:00","2026-09-14 17:00:00","115.000","115.000","115.000","115.000","0.56","2026-09-14 09:59:59","2026-09-14 17:59:59","64.40000","1","0.00","0.00000"
"all-available","Asia/Taipei","BTCUSDT","BTC-260916-81000-C","2026-09-16","81000","CALL","1h","2026-09-14 10:00:00","2026-09-14 18:00:00","100.000","100.000","90.000","90.000","0.85","2026-09-14 10:59:59","2026-09-14 18:59:59","77.50000","2","0.10","10.00000"
"all-available","Asia/Taipei","BTCUSDT","BTC-260916-81000-C","2026-09-16","81000","CALL","1h","2026-09-14 11:00:00","2026-09-14 19:00:00","90.000","90.000","90.000","90.000","0.00","2026-09-14 11:59:59","2026-09-14 19:59:59","0.00000","0","0.00","0.00000"
"all-available","Asia/Taipei","BTCUSDT","BTC-260916-81000-C","2026-09-16","81000","CALL","1h","2026-09-14 12:00:00","2026-09-14 20:00:00","80.000","85.000","80.000","85.000","0.95","2026-09-14 12:59:59","2026-09-14 20:59:59","76.90000","5","0.95","76.90000"
"all-available","Asia/Taipei","BTCUSDT","BTC-260916-81000-C","2026-09-16","81000","CALL","1h","2026-09-14 13:00:00","2026-09-14 21:00:00","85.000","85.000","85.000","85.000","0.89","2026-09-14 13:59:59","2026-09-14 21:59:59","75.65000","1","0.00","0.00000"
"all-available","Asia/Taipei","BTCUSDT","BTC-260916-81000-C","2026-09-16","81000","CALL","1h","2026-09-14 14:00:00","2026-09-14 22:00:00","130.000","140.000","115.000","135.000","0.92","2026-09-14 14:59:59","2026-09-14 22:59:59","123.70000","5","0.82","112.20000"
"all-available","Asia/Taipei","BTCUSDT","BTC-260916-81000-C","2026-09-16","81000","CALL","1h","2026-09-14 15:00:00","2026-09-14 23:00:00","135.000","135.000","135.000","135.000","0.00","2026-09-14 15:59:59","2026-09-14 23:59:59","0.00000","0","0.00","0.00000"
"all-available","Asia/Taipei","BTCUSDT","BTC-260916-81000-C","2026-09-16","81000","CALL","1h","2026-09-14 16:00:00","2026-09-15 00:00:00","125.000","140.000","120.000","140.000","1.27","2026-09-14 16:59:59","2026-09-15 00:59:59","158.90000","8","0.00","0.00000"
"all-available","Asia/Taipei","BTCUSDT","BTC-260916-81000-C","2026-09-16","81000","CALL","1h","2026-09-14 17:00:00","2026-09-15 01:00:00","145.000","155.000","145.000","150.000","1.20","2026-09-14 17:59:59","2026-09-15 01:59:59","177.80000","8","1.18","174.70000"
"all-available","Asia/Taipei","BTCUSDT","BTC-260916-81000-C","2026-09-16","81000","CALL","1h","2026-09-14 18:00:00","2026-09-15 02:00:00","155.000","225.000","150.000","220.000","1.93","2026-09-14 18:59:59","2026-09-15 02:59:59","350.15000","14","1.15","187.70000"
"all-available","Asia/Taipei","BTCUSDT","BTC-260916-81000-C","2026-09-16","81000","CALL","1h","2026-09-14 19:00:00","2026-09-15 03:00:00","210.000","210.000","190.000","190.000","0.92","2026-09-14 19:59:59","2026-09-15 03:59:59","192.80000","3","0.92","192.80000"
"all-available","Asia/Taipei","BTCUSDT","BTC-260916-81000-C","2026-09-16","81000","CALL","1h","2026-09-14 20:00:00","2026-09-15 04:00:00","245.000","270.000","230.000","230.000","1.10","2026-09-14 20:59:59","2026-09-15 04:59:59","274.05000","8","1.09","271.70000"
"all-available","Asia/Taipei","BTCUSDT","BTC-260916-81000-C","2026-09-16","81000","CALL","1h","2026-09-14 21:00:00","2026-09-15 05:00:00","205.000","205.000","175.000","175.000","0.62","2026-09-14 21:59:59","2026-09-15 05:59:59","118.10000","4","0.00","0.00000"
"all-available","Asia/Taipei","BTCUSDT","BTC-260916-81000-C","2026-09-16","81000","CALL","1h","2026-09-14 22:00:00","2026-09-15 06:00:00","130.000","130.000","125.000","125.000","1.26","2026-09-14 22:59:59","2026-09-15 06:59:59","160.00000","3","0.00","0.00000"
"all-available","Asia/Taipei","BTCUSDT","BTC-260916-81000-C","2026-09-16","81000","CALL","1h","2026-09-14 23:00:00","2026-09-15 07:00:00","105.000","105.000","90.000","90.000","2.32","2026-09-14 23:59:59","2026-09-15 07:59:59","228.60000","11","0.01","1.05000"
"all-available","Asia/Taipei","BTCUSDT","BTC-260916-81000-C","2026-09-16","81000","CALL","1h","2026-09-15 00:00:00","2026-09-15 08:00:00","95.000","95.000","85.000","85.000","0.64","2026-09-15 00:59:59","2026-09-15 08:59:59","54.50000","7","0.01","0.95000"
"all-available","Asia/Taipei","BTCUSDT","BTC-260916-81000-C","2026-09-16","81000","CALL","1h","2026-09-15 01:00:00","2026-09-15 09:00:00","70.000","70.000","65.000","65.000","3.00","2026-09-15 01:59:59","2026-09-15 09:59:59","205.00000","6","2.00","140.00000"
"all-available","Asia/Taipei","BTCUSDT","BTC-260916-81000-C","2026-09-16","81000","CALL","1h","2026-09-15 02:00:00","2026-09-15 10:00:00","60.000","60.000","60.000","60.000","0.02","2026-09-15 02:59:59","2026-09-15 10:59:59","1.20000","1","0.00","0.00000"
"all-available","Asia/Taipei","BTCUSDT","BTC-260916-81000-C","2026-09-16","81000","CALL","1h","2026-09-15 03:00:00","2026-09-15 11:00:00","55.000","55.000","45.000","45.000","0.76","2026-09-15 03:59:59","2026-09-15 11:59:59","41.70000","3","0.00","0.00000"
"all-available","Asia/Taipei","BTCUSDT","BTC-260916-81000-C","2026-09-16","81000","CALL","1h","2026-09-15 04:00:00","2026-09-15 12:00:00","45.000","45.000","45.000","45.000","0.00","2026-09-15 04:59:59","2026-09-15 12:59:59","0.00000","0","0.00","0.00000"
"all-available","Asia/Taipei","BTCUSDT","BTC-260916-81000-C","2026-09-16","81000","CALL","1h","2026-09-15 05:00:00","2026-09-15 13:00:00","45.000","45.000","40.000","40.000","0.14","2026-09-15 05:59:59","2026-09-15 13:59:59","6.10000","4","0.10","4.50000"
"all-available","Asia/Taipei","BTCUSDT","BTC-260916-81000-C","2026-09-16","81000","CALL","1h","2026-09-15 06:00:00","2026-09-15 14:00:00","45.000","45.000","35.000","40.000","9.14","2026-09-15 06:59:59","2026-09-15 14:59:59","381.60000","17","4.67","206.80000"
"all-available","Asia/Taipei","BTCUSDT","BTC-260916-81000-C","2026-09-16","81000","CALL","1h","2026-09-15 07:00:00","2026-09-15 15:00:00","30.000","30.000","25.000","25.000","2.05","2026-09-15 07:59:59","2026-09-15 15:59:59","59.30000","7","0.24","6.00000"
"all-available","Asia/Taipei","BTCUSDT","BTC-260916-81000-C","2026-09-16","81000","CALL","1h","2026-09-15 08:00:00","2026-09-15 16:00:00","20.000","25.000","20.000","20.000","9.41","2026-09-15 08:59:59","2026-09-15 16:59:59","189.60000","18","7.02","141.80000"
"all-available","Asia/Taipei","BTCUSDT","BTC-260916-81000-C","2026-09-16","81000","CALL","1h","2026-09-15 09:00:00","2026-09-15 17:00:00","20.000","25.000","20.000","25.000","1.87","2026-09-15 09:59:59","2026-09-15 17:59:59","42.45000","10","1.00","25.00000"
"all-available","Asia/Taipei","BTCUSDT","BTC-260916-81000-C","2026-09-16","81000","CALL","1h","2026-09-15 10:00:00","2026-09-15 18:00:00","25.000","35.000","25.000","35.000","0.25","2026-09-15 10:59:59","2026-09-15 18:59:59","6.55000","8","0.00","0.00000"
"all-available","Asia/Taipei","BTCUSDT","BTC-260916-81000-C","2026-09-16","81000","CALL","1h","2026-09-15 11:00:00","2026-09-15 19:00:00","35.000","60.000","35.000","60.000","6.64","2026-09-15 11:59:59","2026-09-15 19:59:59","337.85000","34","3.34","174.50000"
"all-available","Asia/Taipei","BTCUSDT","BTC-260916-81000-C","2026-09-16","81000","CALL","1h","2026-09-15 12:00:00","2026-09-15 20:00:00","55.000","60.000","55.000","60.000","7.87","2026-09-15 12:59:59","2026-09-15 20:59:59","471.95000","17","6.15","369.00000"
"all-available","Asia/Taipei","BTCUSDT","BTC-260916-81000-C","2026-09-16","81000","CALL","1h","2026-09-15 13:00:00","2026-09-15 21:00:00","60.000","60.000","25.000","40.000","16.93","2026-09-15 13:59:59","2026-09-15 21:59:59","568.55000","71","11.72","349.60000"
"all-available","Asia/Taipei","BTCUSDT","BTC-260916-81000-C","2026-09-16","81000","CALL","1h","2026-09-15 14:00:00","2026-09-15 22:00:00","40.000","40.000","25.000","30.000","10.84","2026-09-15 14:59:59","2026-09-15 22:59:59","320.15000","40","1.10","38.30000"
"all-available","Asia/Taipei","BTCUSDT","BTC-260916-81000-C","2026-09-16","81000","CALL","1h","2026-09-15 15:00:00","2026-09-15 23:00:00","25.000","35.000","25.000","30.000","34.70","2026-09-15 15:59:59","2026-09-15 23:59:59","1066.45000","35","4.84","146.40000"
"all-available","Asia/Taipei","BTCUSDT","BTC-260916-81000-C","2026-09-16","81000","CALL","1h","2026-09-15 16:00:00","2026-09-16 00:00:00","25.000","30.000","20.000","25.000","6.43","2026-09-15 16:59:59","2026-09-16 00:59:59","174.15000","16","0.50","10.00000"
"all-available","Asia/Taipei","BTCUSDT","BTC-260916-81000-C","2026-09-16","81000","CALL","1h","2026-09-15 17:00:00","2026-09-16 01:00:00","20.000","35.000","20.000","35.000","0.47","2026-09-15 17:59:59","2026-09-16 01:59:59","16.15000","6","0.47","16.15000"
"all-available","Asia/Taipei","BTCUSDT","BTC-260916-81000-C","2026-09-16","81000","CALL","1h","2026-09-15 18:00:00","2026-09-16 02:00:00","30.000","40.000","5.000","5.000","37.48","2026-09-15 18:59:59","2026-09-16 02:59:59","538.35000","51","15.95","288.15000"
"all-available","Asia/Taipei","BTCUSDT","BTC-260916-81000-C","2026-09-16","81000","CALL","1h","2026-09-15 19:00:00","2026-09-16 03:00:00","5.000","5.000","5.000","5.000","0.16","2026-09-15 19:59:59","2026-09-16 03:59:59","0.80000","1","0.00","0.00000"
"all-available","Asia/Taipei","BTCUSDT","BTC-260916-81000-C","2026-09-16","81000","CALL","1h","2026-09-15 20:00:00","2026-09-16 04:00:00","5.000","5.000","5.000","5.000","0.00","2026-09-15 20:59:59","2026-09-16 04:59:59","0.00000","0","0.00","0.00000"
"all-available","Asia/Taipei","BTCUSDT","BTC-260916-81000-C","2026-09-16","81000","CALL","1h","2026-09-15 21:00:00","2026-09-16 05:00:00","5.000","5.000","5.000","5.000","0.00","2026-09-15 21:59:59","2026-09-16 05:59:59","0.00000","0","0.00","0.00000"
"all-available","Asia/Taipei","BTCUSDT","BTC-260916-81000-C","2026-09-16","81000","CALL","1h","2026-09-15 22:00:00","2026-09-16 06:00:00","5.000","5.000","5.000","5.000","0.00","2026-09-15 22:59:59","2026-09-16 06:59:59","0.00000","0","0.00","0.00000"
"all-available","Asia/Taipei","BTCUSDT","BTC-260916-81000-C","2026-09-16","81000","CALL","1h","2026-09-15 23:00:00","2026-09-16 07:00:00","5.000","5.000","5.000","5.000","0.00","2026-09-15 23:59:59","2026-09-16 07:59:59","0.00000","0","0.00","0.00000"
"all-available","Asia/Taipei","BTCUSDT","BTC-260916-81000-C","2026-09-16","81000","CALL","1h","2026-09-16 00:00:00","2026-09-16 08:00:00","5.000","5.000","5.000","5.000","0.00","2026-09-16 00:59:59","2026-09-16 08:59:59","0.00000","0","0.00","0.00000"
"all-available","Asia/Taipei","BTCUSDT","BTC-260916-81000-C","2026-09-16","81000","CALL","1h","2026-09-16 01:00:00","2026-09-16 09:00:00","5.000","5.000","5.000","5.000","0.00","2026-09-16 01:59:59","2026-09-16 09:59:59","0.00000","0","0.00","0.00000"
"all-available","Asia/Taipei","BTCUSDT","BTC-260916-81000-C","2026-09-16","81000","CALL","1h","2026-09-16 02:00:00","2026-09-16 10:00:00","5.000","5.000","5.000","5.000","0.04","2026-09-16 02:59:59","2026-09-16 10:59:59","0.20000","3","0.04","0.20000"
"all-available","Asia/Taipei","BTCUSDT","BTC-260916-81000-C","2026-09-16","81000","CALL","1h","2026-09-16 03:00:00","2026-09-16 11:00:00","5.000","5.000","5.000","5.000","0.00","2026-09-16 03:59:59","2026-09-16 11:59:59","0.00000","0","0.00","0.00000"
"all-available","Asia/Taipei","BTCUSDT","BTC-260916-81000-C","2026-09-16","81000","CALL","1h","2026-09-16 04:00:00","2026-09-16 12:00:00","5.000","5.000","5.000","5.000","0.00","2026-09-16 04:59:59","2026-09-16 12:59:59","0.00000","0","0.00","0.00000"
"all-available","Asia/Taipei","BTCUSDT","BTC-260916-81000-C","2026-09-16","81000","CALL","1h","2026-09-16 05:00:00","2026-09-16 13:00:00","5.000","5.000","5.000","5.000","0.00","2026-09-16 05:59:59","2026-09-16 13:59:59","0.00000","0","0.00","0.00000"
"all-available","Asia/Taipei","BTCUSDT","BTC-260916-81000-C","2026-09-16","81000","CALL","1h","2026-09-16 06:00:00","2026-09-16 14:00:00","5.000","5.000","5.000","5.000","0.00","2026-09-16 06:59:59","2026-09-16 14:59:59","0.00000","0","0.00","0.00000"
"all-available","Asia/Taipei","BTCUSDT","BTC-260916-81000-C","2026-09-16","81000","CALL","1h","2026-09-16 07:00:00","2026-09-16 15:00:00","5.000","5.000","5.000","5.000","0.00","2026-09-16 07:59:59","2026-09-16 15:59:59","0.00000","0","0.00","0.00000"
"all-available","Asia/Taipei","BTCUSDT","BTC-260916-82000-C","2026-09-16","82000","CALL","1h","2026-09-13 08:00:00","2026-09-13 16:00:00","30.000","35.000","30.000","30.000","4.27","2026-09-13 08:59:59","2026-09-13 16:59:59","140.10000","7","3.47","114.10000"
"all-available","Asia/Taipei","BTCUSDT","BTC-260916-82000-C","2026-09-16","82000","CALL","1h","2026-09-13 09:00:00","2026-09-13 17:00:00","30.000","35.000","30.000","30.000","2.11","2026-09-13 09:59:59","2026-09-13 17:59:59","63.35000","4","1.11","33.35000"
"all-available","Asia/Taipei","BTCUSDT","BTC-260916-82000-C","2026-09-16","82000","CALL","1h","2026-09-13 10:00:00","2026-09-13 18:00:00","30.000","30.000","30.000","30.000","0.00","2026-09-13 10:59:59","2026-09-13 18:59:59","0.00000","0","0.00","0.00000"
"all-available","Asia/Taipei","BTCUSDT","BTC-260916-82000-C","2026-09-16","82000","CALL","1h","2026-09-13 11:00:00","2026-09-13 19:00:00","30.000","30.000","30.000","30.000","0.00","2026-09-13 11:59:59","2026-09-13 19:59:59","0.00000","0","0.00","0.00000"
"all-available","Asia/Taipei","BTCUSDT","BTC-260916-82000-C","2026-09-16","82000","CALL","1h","2026-09-13 12:00:00","2026-09-13 20:00:00","40.000","40.000","40.000","40.000","2.71","2026-09-13 12:59:59","2026-09-13 20:59:59","108.40000","3","2.71","108.40000"
"all-available","Asia/Taipei","BTCUSDT","BTC-260916-82000-C","2026-09-16","82000","CALL","1h","2026-09-13 13:00:00","2026-09-13 21:00:00","35.000","35.000","35.000","35.000","1.45","2026-09-13 13:59:59","2026-09-13 21:59:59","50.75000","3","0.00","0.00000"
"all-available","Asia/Taipei","BTCUSDT","BTC-260916-82000-C","2026-09-16","82000","CALL","1h","2026-09-13 14:00:00","2026-09-13 22:00:00","45.000","45.000","45.000","45.000","1.00","2026-09-13 14:59:59","2026-09-13 22:59:59","45.00000","1","1.00","45.00000"
"all-available","Asia/Taipei","BTCUSDT","BTC-260916-82000-C","2026-09-16","82000","CALL","1h","2026-09-13 15:00:00","2026-09-13 23:00:00","50.000","50.000","50.000","50.000","0.14","2026-09-13 15:59:59","2026-09-13 23:59:59","7.00000","3","0.03","1.50000"
"all-available","Asia/Taipei","BTCUSDT","BTC-260916-82000-C","2026-09-16","82000","CALL","1h","2026-09-13 16:00:00","2026-09-14 00:00:00","45.000","45.000","45.000","45.000","5.00","2026-09-13 16:59:59","2026-09-14 00:59:59","225.00000","4","0.00","0.00000"
"all-available","Asia/Taipei","BTCUSDT","BTC-260916-82000-C","2026-09-16","82000","CALL","1h","2026-09-13 17:00:00","2026-09-14 01:00:00","40.000","40.000","40.000","40.000","0.04","2026-09-13 17:59:59","2026-09-14 01:59:59","1.60000","1","0.00","0.00000"
"all-available","Asia/Taipei","BTCUSDT","BTC-260916-82000-C","2026-09-16","82000","CALL","1h","2026-09-13 18:00:00","2026-09-14 02:00:00","40.000","40.000","40.000","40.000","0.00","2026-09-13 18:59:59","2026-09-14 02:59:59","0.00000","0","0.00","0.00000"
"all-available","Asia/Taipei","BTCUSDT","BTC-260916-82000-C","2026-09-16","82000","CALL","1h","2026-09-13 19:00:00","2026-09-14 03:00:00","40.000","40.000","40.000","40.000","0.00","2026-09-13 19:59:59","2026-09-14 03:59:59","0.00000","0","0.00","0.00000"
"all-available","Asia/Taipei","BTCUSDT","BTC-260916-82000-C","2026-09-16","82000","CALL","1h","2026-09-13 20:00:00","2026-09-14 04:00:00","35.000","35.000","35.000","35.000","10.39","2026-09-13 20:59:59","2026-09-14 04:59:59","363.65000","1","10.39","363.65000"
"all-available","Asia/Taipei","BTCUSDT","BTC-260916-82000-C","2026-09-16","82000","CALL","1h","2026-09-13 21:00:00","2026-09-14 05:00:00","40.000","40.000","40.000","40.000","0.25","2026-09-13 21:59:59","2026-09-14 05:59:59","10.00000","1","0.25","10.00000"
"all-available","Asia/Taipei","BTCUSDT","BTC-260916-82000-C","2026-09-16","82000","CALL","1h","2026-09-13 22:00:00","2026-09-14 06:00:00","30.000","30.000","30.000","30.000","1.00","2026-09-13 22:59:59","2026-09-14 06:59:59","30.00000","1","0.00","0.00000"
"all-available","Asia/Taipei","BTCUSDT","BTC-260916-82000-C","2026-09-16","82000","CALL","1h","2026-09-13 23:00:00","2026-09-14 07:00:00","35.000","35.000","35.000","35.000","1.22","2026-09-13 23:59:59","2026-09-14 07:59:59","42.70000","1","1.22","42.70000"
"all-available","Asia/Taipei","BTCUSDT","BTC-260916-82000-C","2026-09-16","82000","CALL","1h","2026-09-14 00:00:00","2026-09-14 08:00:00","30.000","30.000","30.000","30.000","4.00","2026-09-14 00:59:59","2026-09-14 08:59:59","120.00000","3","0.00","0.00000"
"all-available","Asia/Taipei","BTCUSDT","BTC-260916-82000-C","2026-09-16","82000","CALL","1h","2026-09-14 01:00:00","2026-09-14 09:00:00","30.000","30.000","30.000","30.000","0.00","2026-09-14 01:59:59","2026-09-14 09:59:59","0.00000","0","0.00","0.00000"
"all-available","Asia/Taipei","BTCUSDT","BTC-260916-82000-C","2026-09-16","82000","CALL","1h","2026-09-14 02:00:00","2026-09-14 10:00:00","45.000","45.000","45.000","45.000","0.41","2026-09-14 02:59:59","2026-09-14 10:59:59","18.45000","3","0.32","14.40000"
"all-available","Asia/Taipei","BTCUSDT","BTC-260916-82000-C","2026-09-16","82000","CALL","1h","2026-09-14 03:00:00","2026-09-14 11:00:00","50.000","60.000","50.000","60.000","1.03","2026-09-14 03:59:59","2026-09-14 11:59:59","51.70000","6","1.02","51.10000"
"all-available","Asia/Taipei","BTCUSDT","BTC-260916-82000-C","2026-09-16","82000","CALL","1h","2026-09-14 04:00:00","2026-09-14 12:00:00","60.000","60.000","60.000","60.000","0.00","2026-09-14 04:59:59","2026-09-14 12:59:59","0.00000","0","0.00","0.00000"
"all-available","Asia/Taipei","BTCUSDT","BTC-260916-82000-C","2026-09-16","82000","CALL","1h","2026-09-14 05:00:00","2026-09-14 13:00:00","60.000","60.000","60.000","60.000","2.85","2026-09-14 05:59:59","2026-09-14 13:59:59","171.00000","5","2.85","171.00000"
"all-available","Asia/Taipei","BTCUSDT","BTC-260916-82000-C","2026-09-16","82000","CALL","1h","2026-09-14 06:00:00","2026-09-14 14:00:00","65.000","65.000","55.000","60.000","7.00","2026-09-14 06:59:59","2026-09-14 14:59:59","405.25000","7","5.73","330.40000"
"all-available","Asia/Taipei","BTCUSDT","BTC-260916-82000-C","2026-09-16","82000","CALL","1h","2026-09-14 07:00:00","2026-09-14 15:00:00","45.000","50.000","45.000","50.000","1.47","2026-09-14 07:59:59","2026-09-14 15:59:59","72.65000","7","0.98","49.00000"
"all-available","Asia/Taipei","BTCUSDT","BTC-260916-82000-C","2026-09-16","82000","CALL","1h","2026-09-14 08:00:00","2026-09-14 16:00:00","50.000","50.000","45.000","45.000","4.33","2026-09-14 08:59:59","2026-09-14 16:59:59","206.00000","7","2.10","94.50000"
"all-available","Asia/Taipei","BTCUSDT","BTC-260916-82000-C","2026-09-16","82000","CALL","1h","2026-09-14 09:00:00","2026-09-14 17:00:00","45.000","70.000","45.000","65.000","4.39","2026-09-14 09:59:59","2026-09-14 17:59:59","234.40000","17","2.53","120.80000"
"all-available","Asia/Taipei","BTCUSDT","BTC-260916-82000-C","2026-09-16","82000","CALL","1h","2026-09-14 10:00:00","2026-09-14 18:00:00","65.000","65.000","45.000","50.000","2.61","2026-09-14 10:59:59","2026-09-14 18:59:59","123.45000","12","0.59","32.45000"
"all-available","Asia/Taipei","BTCUSDT","BTC-260916-82000-C","2026-09-16","82000","CALL","1h","2026-09-14 11:00:00","2026-09-14 19:00:00","50.000","50.000","45.000","45.000","7.01","2026-09-14 11:59:59","2026-09-14 19:59:59","315.95000","17","0.33","15.25000"
"all-available","Asia/Taipei","BTCUSDT","BTC-260916-82000-C","2026-09-16","82000","CALL","1h","2026-09-14 12:00:00","2026-09-14 20:00:00","40.000","45.000","40.000","45.000","5.91","2026-09-14 12:59:59","2026-09-14 20:59:59","241.00000","20","5.55","224.80000"
"all-available","Asia/Taipei","BTCUSDT","BTC-260916-82000-C","2026-09-16","82000","CALL","1h","2026-09-14 13:00:00","2026-09-14 21:00:00","45.000","50.000","45.000","50.000","0.44","2026-09-14 13:59:59","2026-09-14 21:59:59","21.25000","4","0.35","16.75000"
"all-available","Asia/Taipei","BTCUSDT","BTC-260916-82000-C","2026-09-16","82000","CALL","1h","2026-09-14 14:00:00","2026-09-14 22:00:00","70.000","85.000","70.000","75.000","13.00","2026-09-14 14:59:59","2026-09-14 22:59:59","979.30000","46","6.94","545.55000"
"all-available","Asia/Taipei","BTCUSDT","BTC-260916-82000-C","2026-09-16","82000","CALL","1h","2026-09-14 15:00:00","2026-09-14 23:00:00","70.000","70.000","65.000","65.000","0.78","2026-09-14 15:59:59","2026-09-14 23:59:59","52.60000","8","0.32","22.40000"
"all-available","Asia/Taipei","BTCUSDT","BTC-260916-82000-C","2026-09-16","82000","CALL","1h","2026-09-14 16:00:00","2026-09-15 00:00:00","60.000","70.000","60.000","70.000","4.53","2026-09-14 16:59:59","2026-09-15 00:59:59","275.00000","10","0.01","0.60000"
"all-available","Asia/Taipei","BTCUSDT","BTC-260916-82000-C","2026-09-16","82000","CALL","1h","2026-09-14 17:00:00","2026-09-15 01:00:00","80.000","85.000","80.000","85.000","1.00","2026-09-14 17:59:59","2026-09-15 01:59:59","82.50000","4","0.00","0.00000"
"all-available","Asia/Taipei","BTCUSDT","BTC-260916-82000-C","2026-09-16","82000","CALL","1h","2026-09-14 18:00:00","2026-09-15 02:00:00","75.000","120.000","75.000","120.000","9.60","2026-09-14 18:59:59","2026-09-15 02:59:59","867.15000","7","5.01","376.20000"
"all-available","Asia/Taipei","BTCUSDT","BTC-260916-82000-C","2026-09-16","82000","CALL","1h","2026-09-14 19:00:00","2026-09-15 03:00:00","115.000","115.000","105.000","105.000","6.57","2026-09-14 19:59:59","2026-09-15 03:59:59","739.85000","5","0.03","3.15000"
"all-available","Asia/Taipei","BTCUSDT","BTC-260916-82000-C","2026-09-16","82000","CALL","1h","2026-09-14 20:00:00","2026-09-15 04:00:00","110.000","145.000","110.000","125.000","11.30","2026-09-14 20:59:59","2026-09-15 04:59:59","1548.75000","22","4.01","545.90000"
"all-available","Asia/Taipei","BTCUSDT","BTC-260916-82000-C","2026-09-16","82000","CALL","1h","2026-09-14 21:00:00","2026-09-15 05:00:00","105.000","105.000","80.000","80.000","3.65","2026-09-14 21:59:59","2026-09-15 05:59:59","362.20000","4","1.85","184.95000"
"all-available","Asia/Taipei","BTCUSDT","BTC-260916-82000-C","2026-09-16","82000","CALL","1h","2026-09-14 22:00:00","2026-09-15 06:00:00","70.000","70.000","70.000","70.000","7.00","2026-09-14 22:59:59","2026-09-15 06:59:59","490.00000","3","7.00","490.00000"
"all-available","Asia/Taipei","BTCUSDT","BTC-260916-82000-C","2026-09-16","82000","CALL","1h","2026-09-14 23:00:00","2026-09-15 07:00:00","65.000","65.000","55.000","55.000","3.56","2026-09-14 23:59:59","2026-09-15 07:59:59","222.30000","10","2.94","185.15000"
"all-available","Asia/Taipei","BTCUSDT","BTC-260916-82000-C","2026-09-16","82000","CALL","1h","2026-09-15 00:00:00","2026-09-15 08:00:00","50.000","55.000","50.000","50.000","2.68","2026-09-15 00:59:59","2026-09-15 08:59:59","134.85000","9","0.17","9.35000"
"all-available","Asia/Taipei","BTCUSDT","BTC-260916-82000-C","2026-09-16","82000","CALL","1h","2026-09-15 01:00:00","2026-09-15 09:00:00","40.000","40.000","40.000","40.000","0.36","2026-09-15 01:59:59","2026-09-15 09:59:59","14.40000","4","0.00","0.00000"
"all-available","Asia/Taipei","BTCUSDT","BTC-260916-82000-C","2026-09-16","82000","CALL","1h","2026-09-15 02:00:00","2026-09-15 10:00:00","35.000","35.000","35.000","35.000","0.02","2026-09-15 02:59:59","2026-09-15 10:59:59","0.70000","1","0.00","0.00000"
"all-available","Asia/Taipei","BTCUSDT","BTC-260916-82000-C","2026-09-16","82000","CALL","1h","2026-09-15 03:00:00","2026-09-15 11:00:00","30.000","30.000","30.000","30.000","1.42","2026-09-15 03:59:59","2026-09-15 11:59:59","42.60000","4","0.00","0.00000"
"all-available","Asia/Taipei","BTCUSDT","BTC-260916-82000-C","2026-09-16","82000","CALL","1h","2026-09-15 04:00:00","2026-09-15 12:00:00","30.000","30.000","25.000","30.000","4.67","2026-09-15 04:59:59","2026-09-15 12:59:59","119.80000","8","0.61","18.30000"
"all-available","Asia/Taipei","BTCUSDT","BTC-260916-82000-C","2026-09-16","82000","CALL","1h","2026-09-15 05:00:00","2026-09-15 13:00:00","30.000","30.000","20.000","25.000","12.91","2026-09-15 05:59:59","2026-09-15 13:59:59","328.15000","13","11.48","299.25000"
"all-available","Asia/Taipei","BTCUSDT","BTC-260916-82000-C","2026-09-16","82000","CALL","1h","2026-09-15 06:00:00","2026-09-15 14:00:00","30.000","30.000","20.000","20.000","33.86","2026-09-15 06:59:59","2026-09-15 14:59:59","802.55000","19","2.30","64.00000"
"all-available","Asia/Taipei","BTCUSDT","BTC-260916-82000-C","2026-09-16","82000","CALL","1h","2026-09-15 07:00:00","2026-09-15 15:00:00","20.000","20.000","15.000","15.000","7.62","2026-09-15 07:59:59","2026-09-15 15:59:59","117.30000","6","0.05","0.75000"
"all-available","Asia/Taipei","BTCUSDT","BTC-260916-82000-C","2026-09-16","82000","CALL","1h","2026-09-15 08:00:00","2026-09-15 16:00:00","10.000","15.000","10.000","15.000","0.97","2026-09-15 08:59:59","2026-09-15 16:59:59","14.50000","4","0.96","14.40000"
"all-available","Asia/Taipei","BTCUSDT","BTC-260916-82000-C","2026-09-16","82000","CALL","1h","2026-09-15 09:00:00","2026-09-15 17:00:00","15.000","15.000","10.000","15.000","6.01","2026-09-15 09:59:59","2026-09-15 17:59:59","80.15000","8","4.01","60.15000"
"all-available","Asia/Taipei","BTCUSDT","BTC-260916-82000-C","2026-09-16","82000","CALL","1h","2026-09-15 10:00:00","2026-09-15 18:00:00","15.000","25.000","15.000","20.000","27.49","2026-09-15 10:59:59","2026-09-15 18:59:59","425.00000","12","27.26","420.40000"
"all-available","Asia/Taipei","BTCUSDT","BTC-260916-82000-C","2026-09-16","82000","CALL","1h","2026-09-15 11:00:00","2026-09-15 19:00:00","25.000","40.000","25.000","35.000","10.31","2026-09-15 11:59:59","2026-09-15 19:59:59","317.30000","19","8.91","282.30000"
"all-available","Asia/Taipei","BTCUSDT","BTC-260916-82000-C","2026-09-16","82000","CALL","1h","2026-09-15 12:00:00","2026-09-15 20:00:00","30.000","40.000","30.000","35.000","5.17","2026-09-15 12:59:59","2026-09-15 20:59:59","178.40000","18","2.86","107.85000"
"all-available","Asia/Taipei","BTCUSDT","BTC-260916-82000-C","2026-09-16","82000","CALL","1h","2026-09-15 13:00:00","2026-09-15 21:00:00","35.000","35.000","15.000","15.000","10.44","2026-09-15 13:59:59","2026-09-15 21:59:59","265.80000","24","6.44","162.70000"
"all-available","Asia/Taipei","BTCUSDT","BTC-260916-82000-C","2026-09-16","82000","CALL","1h","2026-09-15 14:00:00","2026-09-15 22:00:00","25.000","25.000","15.000","20.000","12.66","2026-09-15 14:59:59","2026-09-15 22:59:59","261.15000","28","2.47","61.75000"
"all-available","Asia/Taipei","BTCUSDT","BTC-260916-82000-C","2026-09-16","82000","CALL","1h","2026-09-15 15:00:00","2026-09-15 23:00:00","20.000","25.000","20.000","20.000","18.36","2026-09-15 15:59:59","2026-09-15 23:59:59","367.55000","10","1.09","22.15000"
"all-available","Asia/Taipei","BTCUSDT","BTC-260916-82000-C","2026-09-16","82000","CALL","1h","2026-09-15 16:00:00","2026-09-16 00:00:00","20.000","20.000","10.000","15.000","22.84","2026-09-15 16:59:59","2026-09-16 00:59:59","344.75000","29","16.83","272.50000"
"all-available","Asia/Taipei","BTCUSDT","BTC-260916-82000-C","2026-09-16","82000","CALL","1h","2026-09-15 17:00:00","2026-09-16 01:00:00","15.000","30.000","15.000","20.000","5.16","2026-09-15 17:59:59","2026-09-16 01:59:59","103.55000","10","5.16","103.55000"
"all-available","Asia/Taipei","BTCUSDT","BTC-260916-82000-C","2026-09-16","82000","CALL","1h","2026-09-15 18:00:00","2026-09-16 02:00:00","15.000","20.000","5.000","5.000","16.69","2026-09-15 18:59:59","2026-09-16 02:59:59","155.50000","17","4.00","80.00000"
"all-available","Asia/Taipei","BTCUSDT","BTC-260916-82000-C","2026-09-16","82000","CALL","1h","2026-09-15 19:00:00","2026-09-16 03:00:00","5.000","5.000","5.000","5.000","0.30","2026-09-15 19:59:59","2026-09-16 03:59:59","1.50000","2","0.30","1.50000"
"all-available","Asia/Taipei","BTCUSDT","BTC-260916-82000-C","2026-09-16","82000","CALL","1h","2026-09-15 20:00:00","2026-09-16 04:00:00","5.000","5.000","5.000","5.000","0.00","2026-09-15 20:59:59","2026-09-16 04:59:59","0.00000","0","0.00","0.00000"
"all-available","Asia/Taipei","BTCUSDT","BTC-260916-82000-C","2026-09-16","82000","CALL","1h","2026-09-15 21:00:00","2026-09-16 05:00:00","5.000","5.000","5.000","5.000","0.00","2026-09-15 21:59:59","2026-09-16 05:59:59","0.00000","0","0.00","0.00000"
"all-available","Asia/Taipei","BTCUSDT","BTC-260916-82000-C","2026-09-16","82000","CALL","1h","2026-09-15 22:00:00","2026-09-16 06:00:00","5.000","5.000","5.000","5.000","0.00","2026-09-15 22:59:59","2026-09-16 06:59:59","0.00000","0","0.00","0.00000"
"all-available","Asia/Taipei","BTCUSDT","BTC-260916-82000-C","2026-09-16","82000","CALL","1h","2026-09-15 23:00:00","2026-09-16 07:00:00","5.000","5.000","5.000","5.000","0.00","2026-09-15 23:59:59","2026-09-16 07:59:59","0.00000","0","0.00","0.00000"
"all-available","Asia/Taipei","BTCUSDT","BTC-260916-82000-C","2026-09-16","82000","CALL","1h","2026-09-16 00:00:00","2026-09-16 08:00:00","5.000","5.000","5.000","5.000","0.00","2026-09-16 00:59:59","2026-09-16 08:59:59","0.00000","0","0.00","0.00000"
"all-available","Asia/Taipei","BTCUSDT","BTC-260916-82000-C","2026-09-16","82000","CALL","1h","2026-09-16 01:00:00","2026-09-16 09:00:00","5.000","5.000","5.000","5.000","0.00","2026-09-16 01:59:59","2026-09-16 09:59:59","0.00000","0","0.00","0.00000"
"all-available","Asia/Taipei","BTCUSDT","BTC-260916-82000-C","2026-09-16","82000","CALL","1h","2026-09-16 02:00:00","2026-09-16 10:00:00","5.000","5.000","5.000","5.000","0.00","2026-09-16 02:59:59","2026-09-16 10:59:59","0.00000","0","0.00","0.00000"
"all-available","Asia/Taipei","BTCUSDT","BTC-260916-82000-C","2026-09-16","82000","CALL","1h","2026-09-16 03:00:00","2026-09-16 11:00:00","5.000","5.000","5.000","5.000","0.02","2026-09-16 03:59:59","2026-09-16 11:59:59","0.10000","1","0.02","0.10000"
"all-available","Asia/Taipei","BTCUSDT","BTC-260916-82000-C","2026-09-16","82000","CALL","1h","2026-09-16 04:00:00","2026-09-16 12:00:00","5.000","5.000","5.000","5.000","0.00","2026-09-16 04:59:59","2026-09-16 12:59:59","0.00000","0","0.00","0.00000"
"all-available","Asia/Taipei","BTCUSDT","BTC-260916-82000-C","2026-09-16","82000","CALL","1h","2026-09-16 05:00:00","2026-09-16 13:00:00","5.000","5.000","5.000","5.000","0.00","2026-09-16 05:59:59","2026-09-16 13:59:59","0.00000","0","0.00","0.00000"
"all-available","Asia/Taipei","BTCUSDT","BTC-260916-82000-C","2026-09-16","82000","CALL","1h","2026-09-16 06:00:00","2026-09-16 14:00:00","5.000","5.000","5.000","5.000","0.00","2026-09-16 06:59:59","2026-09-16 14:59:59","0.00000","0","0.00","0.00000"
"all-available","Asia/Taipei","BTCUSDT","BTC-260916-82000-C","2026-09-16","82000","CALL","1h","2026-09-16 07:00:00","2026-09-16 15:00:00","5.000","5.000","5.000","5.000","0.00","2026-09-16 07:59:59","2026-09-16 15:59:59","0.00000","0","0.00","0.00000"
