"queryDate","timeZone","underlying","symbol","expiryDate","strikePrice","side","interval","openTimeUtc","openTimeLocal","open","high","low","close","volume","closeTimeUtc","closeTimeLocal","quoteVolume","numberOfTrades","takerBuyVolume","takerBuyQuoteVolume"
"all-available","Asia/Taipei","BTCUSDT","BTC-260901-73000-C","2026-09-01","73000","CALL","1h","2026-08-31 19:00:00","2026-09-01 03:00:00","6180.000","6180.000","6180.000","6180.000","0.23","2026-08-31 19:59:59","2026-09-01 03:59:59","1421.40000","1","0.00","0.00000"
"all-available","Asia/Taipei","BTCUSDT","BTC-260901-73000-C","2026-09-01","73000","CALL","1h","2026-08-31 20:00:00","2026-09-01 04:00:00","5530.000","5530.000","5530.000","5530.000","0.23","2026-08-31 20:59:59","2026-09-01 04:59:59","1271.90000","1","0.00","0.00000"
"all-available","Asia/Taipei","BTCUSDT","BTC-260901-73000-C","2026-09-01","73000","CALL","1h","2026-08-31 21:00:00","2026-09-01 05:00:00","5530.000","5530.000","5530.000","5530.000","0.00","2026-08-31 21:59:59","2026-09-01 05:59:59","0.00000","0","0.00","0.00000"
"all-available","Asia/Taipei","BTCUSDT","BTC-260901-73000-C","2026-09-01","73000","CALL","1h","2026-08-31 22:00:00","2026-09-01 06:00:00","5530.000","5530.000","5530.000","5530.000","0.00","2026-08-31 22:59:59","2026-09-01 06:59:59","0.00000","0","0.00","0.00000"
"all-available","Asia/Taipei","BTCUSDT","BTC-260901-73000-C","2026-09-01","73000","CALL","1h","2026-08-31 23:00:00","2026-09-01 07:00:00","5530.000","5530.000","5530.000","5530.000","0.00","2026-08-31 23:59:59","2026-09-01 07:59:59","0.00000","0","0.00","0.00000"
"all-available","Asia/Taipei","BTCUSDT","BTC-260901-73000-C","2026-09-01","73000","CALL","1h","2026-09-01 00:00:00","2026-09-01 08:00:00","5530.000","5530.000","5530.000","5530.000","0.00","2026-09-01 00:59:59","2026-09-01 08:59:59","0.00000","0","0.00","0.00000"
"all-available","Asia/Taipei","BTCUSDT","BTC-260901-73000-C","2026-09-01","73000","CALL","1h","2026-09-01 01:00:00","2026-09-01 09:00:00","5530.000","5530.000","5530.000","5530.000","0.00","2026-09-01 01:59:59","2026-09-01 09:59:59","0.00000","0","0.00","0.00000"
"all-available","Asia/Taipei","BTCUSDT","BTC-260901-73000-C","2026-09-01","73000","CALL","1h","2026-09-01 02:00:00","2026-09-01 10:00:00","5530.000","5530.000","5530.000","5530.000","0.00","2026-09-01 02:59:59","2026-09-01 10:59:59","0.00000","0","0.00","0.00000"
"all-available","Asia/Taipei","BTCUSDT","BTC-260901-73000-C","2026-09-01","73000","CALL","1h","2026-09-01 03:00:00","2026-09-01 11:00:00","5530.000","5530.000","5530.000","5530.000","0.00","2026-09-01 03:59:59","2026-09-01 11:59:59","0.00000","0","0.00","0.00000"
"all-available","Asia/Taipei","BTCUSDT","BTC-260901-73000-C","2026-09-01","73000","CALL","1h","2026-09-01 04:00:00","2026-09-01 12:00:00","5530.000","5530.000","5530.000","5530.000","0.00","2026-09-01 04:59:59","2026-09-01 12:59:59","0.00000","0","0.00","0.00000"
"all-available","Asia/Taipei","BTCUSDT","BTC-260901-73000-C","2026-09-01","73000","CALL","1h","2026-09-01 05:00:00","2026-09-01 13:00:00","5530.000","5530.000","5530.000","5530.000","0.00","2026-09-01 05:59:59","2026-09-01 13:59:59","0.00000","0","0.00","0.00000"
"all-available","Asia/Taipei","BTCUSDT","BTC-260901-73000-C","2026-09-01","73000","CALL","1h","2026-09-01 06:00:00","2026-09-01 14:00:00","5530.000","5530.000","5530.000","5530.000","0.00","2026-09-01 06:59:59","2026-09-01 14:59:59","0.00000","0","0.00","0.00000"
"all-available","Asia/Taipei","BTCUSDT","BTC-260901-73000-C","2026-09-01","73000","CALL","1h","2026-09-01 07:00:00","2026-09-01 15:00:00","5530.000","5530.000","5530.000","5530.000","0.00","2026-09-01 07:59:59","2026-09-01 15:59:59","0.00000","0","0.00","0.00000"
"all-available","Asia/Taipei","BTCUSDT","BTC-260901-73000-P","2026-09-01","73000","PUT","1h","2026-08-29 08:00:00","2026-08-29 16:00:00","45.000","45.000","35.000","40.000","3.85","2026-08-29 08:59:59","2026-08-29 16:59:59","137.15000","4","3.76","133.55000"
"all-available","Asia/Taipei","BTCUSDT","BTC-260901-73000-P","2026-09-01","73000","PUT","1h","2026-08-29 09:00:00","2026-08-29 17:00:00","35.000","35.000","30.000","30.000","15.36","2026-08-29 09:59:59","2026-08-29 17:59:59","474.70000","14","8.03","254.80000"
"all-available","Asia/Taipei","BTCUSDT","BTC-260901-73000-P","2026-09-01","73000","PUT","1h","2026-08-29 10:00:00","2026-08-29 18:00:00","30.000","30.000","25.000","30.000","5.33","2026-08-29 10:59:59","2026-08-29 18:59:59","153.60000","12","5.33","153.60000"
"all-available","Asia/Taipei","BTCUSDT","BTC-260901-73000-P","2026-09-01","73000","PUT","1h","2026-08-29 11:00:00","2026-08-29 19:00:00","25.000","30.000","25.000","25.000","1.85","2026-08-29 11:59:59","2026-08-29 19:59:59","46.35000","8","1.84","46.10000"
"all-available","Asia/Taipei","BTCUSDT","BTC-260901-73000-P","2026-09-01","73000","PUT","1h","2026-08-29 12:00:00","2026-08-29 20:00:00","25.000","25.000","25.000","25.000","0.27","2026-08-29 12:59:59","2026-08-29 20:59:59","6.75000","1","0.27","6.75000"
"all-available","Asia/Taipei","BTCUSDT","BTC-260901-73000-P","2026-09-01","73000","PUT","1h","2026-08-29 13:00:00","2026-08-29 21:00:00","25.000","25.000","25.000","25.000","0.00","2026-08-29 13:59:59","2026-08-29 21:59:59","0.00000","0","0.00","0.00000"
"all-available","Asia/Taipei","BTCUSDT","BTC-260901-73000-P","2026-09-01","73000","PUT","1h","2026-08-29 14:00:00","2026-08-29 22:00:00","35.000","35.000","35.000","35.000","1.31","2026-08-29 14:59:59","2026-08-29 22:59:59","45.85000","1","1.31","45.85000"
"all-available","Asia/Taipei","BTCUSDT","BTC-260901-73000-P","2026-09-01","73000","PUT","1h","2026-08-29 15:00:00","2026-08-29 23:00:00","30.000","30.000","30.000","30.000","0.45","2026-08-29 15:59:59","2026-08-29 23:59:59","13.50000","1","0.45","13.50000"
"all-available","Asia/Taipei","BTCUSDT","BTC-260901-73000-P","2026-09-01","73000","PUT","1h","2026-08-29 16:00:00","2026-08-30 00:00:00","25.000","25.000","25.000","25.000","0.13","2026-08-29 16:59:59","2026-08-30 00:59:59","3.25000","1","0.00","0.00000"
"all-available","Asia/Taipei","BTCUSDT","BTC-260901-73000-P","2026-09-01","73000","PUT","1h","2026-08-29 17:00:00","2026-08-30 01:00:00","15.000","15.000","15.000","15.000","0.18","2026-08-29 17:59:59","2026-08-30 01:59:59","2.70000","1","0.00","0.00000"
"all-available","Asia/Taipei","BTCUSDT","BTC-260901-73000-P","2026-09-01","73000","PUT","1h","2026-08-29 18:00:00","2026-08-30 02:00:00","15.000","15.000","15.000","15.000","0.27","2026-08-29 18:59:59","2026-08-30 02:59:59","4.05000","1","0.27","4.05000"
"all-available","Asia/Taipei","BTCUSDT","BTC-260901-73000-P","2026-09-01","73000","PUT","1h","2026-08-29 19:00:00","2026-08-30 03:00:00","15.000","15.000","15.000","15.000","0.00","2026-08-29 19:59:59","2026-08-30 03:59:59","0.00000","0","0.00","0.00000"
"all-available","Asia/Taipei","BTCUSDT","BTC-260901-73000-P","2026-09-01","73000","PUT","1h","2026-08-29 20:00:00","2026-08-30 04:00:00","15.000","15.000","15.000","15.000","0.00","2026-08-29 20:59:59","2026-08-30 04:59:59","0.00000","0","0.00","0.00000"
"all-available","Asia/Taipei","BTCUSDT","BTC-260901-73000-P","2026-09-01","73000","PUT","1h","2026-08-29 21:00:00","2026-08-30 05:00:00","15.000","15.000","15.000","15.000","0.00","2026-08-29 21:59:59","2026-08-30 05:59:59","0.00000","0","0.00","0.00000"
"all-available","Asia/Taipei","BTCUSDT","BTC-260901-73000-P","2026-09-01","73000","PUT","1h","2026-08-29 22:00:00","2026-08-30 06:00:00","15.000","15.000","15.000","15.000","0.00","2026-08-29 22:59:59","2026-08-30 06:59:59","0.00000","0","0.00","0.00000"
"all-available","Asia/Taipei","BTCUSDT","BTC-260901-73000-P","2026-09-01","73000","PUT","1h","2026-08-29 23:00:00","2026-08-30 07:00:00","15.000","15.000","15.000","15.000","1.85","2026-08-29 23:59:59","2026-08-30 07:59:59","27.75000","1","1.85","27.75000"
"all-available","Asia/Taipei","BTCUSDT","BTC-260901-73000-P","2026-09-01","73000","PUT","1h","2026-08-30 00:00:00","2026-08-30 08:00:00","15.000","15.000","15.000","15.000","0.00","2026-08-30 00:59:59","2026-08-30 08:59:59","0.00000","0","0.00","0.00000"
"all-available","Asia/Taipei","BTCUSDT","BTC-260901-73000-P","2026-09-01","73000","PUT","1h","2026-08-30 01:00:00","2026-08-30 09:00:00","15.000","15.000","15.000","15.000","0.16","2026-08-30 01:59:59","2026-08-30 09:59:59","2.40000","1","0.16","2.40000"
"all-available","Asia/Taipei","BTCUSDT","BTC-260901-73000-P","2026-09-01","73000","PUT","1h","2026-08-30 02:00:00","2026-08-30 10:00:00","15.000","15.000","15.000","15.000","0.30","2026-08-30 02:59:59","2026-08-30 10:59:59","4.50000","3","0.30","4.50000"
"all-available","Asia/Taipei","BTCUSDT","BTC-260901-73000-P","2026-09-01","73000","PUT","1h","2026-08-30 03:00:00","2026-08-30 11:00:00","10.000","10.000","10.000","10.000","1.71","2026-08-30 03:59:59","2026-08-30 11:59:59","17.10000","2","0.00","0.00000"
"all-available","Asia/Taipei","BTCUSDT","BTC-260901-73000-P","2026-09-01","73000","PUT","1h","2026-08-30 04:00:00","2026-08-30 12:00:00","10.000","10.000","10.000","10.000","1.00","2026-08-30 04:59:59","2026-08-30 12:59:59","10.00000","1","1.00","10.00000"
"all-available","Asia/Taipei","BTCUSDT","BTC-260901-73000-P","2026-09-01","73000","PUT","1h","2026-08-30 05:00:00","2026-08-30 13:00:00","10.000","10.000","10.000","10.000","0.00","2026-08-30 05:59:59","2026-08-30 13:59:59","0.00000","0","0.00","0.00000"
"all-available","Asia/Taipei","BTCUSDT","BTC-260901-73000-P","2026-09-01","73000","PUT","1h","2026-08-30 06:00:00","2026-08-30 14:00:00","10.000","10.000","10.000","10.000","1.00","2026-08-30 06:59:59","2026-08-30 14:59:59","10.00000","1","1.00","10.00000"
"all-available","Asia/Taipei","BTCUSDT","BTC-260901-73000-P","2026-09-01","73000","PUT","1h","2026-08-30 07:00:00","2026-08-30 15:00:00","10.000","10.000","10.000","10.000","0.00","2026-08-30 07:59:59","2026-08-30 15:59:59","0.00000","0","0.00","0.00000"
"all-available","Asia/Taipei","BTCUSDT","BTC-260901-73000-P","2026-09-01","73000","PUT","1h","2026-08-30 08:00:00","2026-08-30 16:00:00","5.000","15.000","5.000","10.000","0.91","2026-08-30 08:59:59","2026-08-30 16:59:59","6.75000","3","0.41","4.25000"
"all-available","Asia/Taipei","BTCUSDT","BTC-260901-73000-P","2026-09-01","73000","PUT","1h","2026-08-30 09:00:00","2026-08-30 17:00:00","10.000","10.000","10.000","10.000","0.00","2026-08-30 09:59:59","2026-08-30 17:59:59","0.00000","0","0.00","0.00000"
"all-available","Asia/Taipei","BTCUSDT","BTC-260901-73000-P","2026-09-01","73000","PUT","1h","2026-08-30 10:00:00","2026-08-30 18:00:00","10.000","10.000","5.000","10.000","0.73","2026-08-30 10:59:59","2026-08-30 18:59:59","4.80000","6","0.73","4.80000"
"all-available","Asia/Taipei","BTCUSDT","BTC-260901-73000-P","2026-09-01","73000","PUT","1h","2026-08-30 11:00:00","2026-08-30 19:00:00","5.000","5.000","5.000","5.000","1.86","2026-08-30 11:59:59","2026-08-30 19:59:59","9.30000","1","0.00","0.00000"
"all-available","Asia/Taipei","BTCUSDT","BTC-260901-73000-P","2026-09-01","73000","PUT","1h","2026-08-30 12:00:00","2026-08-30 20:00:00","5.000","10.000","5.000","10.000","1.50","2026-08-30 12:59:59","2026-08-30 20:59:59","12.50000","2","0.00","0.00000"
"all-available","Asia/Taipei","BTCUSDT","BTC-260901-73000-P","2026-09-01","73000","PUT","1h","2026-08-30 13:00:00","2026-08-30 21:00:00","10.000","10.000","10.000","10.000","0.00","2026-08-30 13:59:59","2026-08-30 21:59:59","0.00000","0","0.00","0.00000"
"all-available","Asia/Taipei","BTCUSDT","BTC-260901-73000-P","2026-09-01","73000","PUT","1h","2026-08-30 14:00:00","2026-08-30 22:00:00","10.000","10.000","10.000","10.000","0.99","2026-08-30 14:59:59","2026-08-30 22:59:59","9.90000","1","0.99","9.90000"
"all-available","Asia/Taipei","BTCUSDT","BTC-260901-73000-P","2026-09-01","73000","PUT","1h","2026-08-30 15:00:00","2026-08-30 23:00:00","10.000","10.000","10.000","10.000","0.00","2026-08-30 15:59:59","2026-08-30 23:59:59","0.00000","0","0.00","0.00000"
"all-available","Asia/Taipei","BTCUSDT","BTC-260901-73000-P","2026-09-01","73000","PUT","1h","2026-08-30 16:00:00","2026-08-31 00:00:00","10.000","10.000","10.000","10.000","1.00","2026-08-30 16:59:59","2026-08-31 00:59:59","10.00000","1","1.00","10.00000"
"all-available","Asia/Taipei","BTCUSDT","BTC-260901-73000-P","2026-09-01","73000","PUT","1h","2026-08-30 17:00:00","2026-08-31 01:00:00","10.000","10.000","10.000","10.000","1.40","2026-08-30 17:59:59","2026-08-31 01:59:59","14.00000","1","1.40","14.00000"
"all-available","Asia/Taipei","BTCUSDT","BTC-260901-73000-P","2026-09-01","73000","PUT","1h","2026-08-30 18:00:00","2026-08-31 02:00:00","10.000","10.000","10.000","10.000","0.00","2026-08-30 18:59:59","2026-08-31 02:59:59","0.00000","0","0.00","0.00000"
"all-available","Asia/Taipei","BTCUSDT","BTC-260901-73000-P","2026-09-01","73000","PUT","1h","2026-08-30 19:00:00","2026-08-31 03:00:00","10.000","10.000","10.000","10.000","0.00","2026-08-30 19:59:59","2026-08-31 03:59:59","0.00000","0","0.00","0.00000"
"all-available","Asia/Taipei","BTCUSDT","BTC-260901-73000-P","2026-09-01","73000","PUT","1h","2026-08-30 20:00:00","2026-08-31 04:00:00","10.000","10.000","10.000","10.000","0.00","2026-08-30 20:59:59","2026-08-31 04:59:59","0.00000","0","0.00","0.00000"
"all-available","Asia/Taipei","BTCUSDT","BTC-260901-73000-P","2026-09-01","73000","PUT","1h","2026-08-30 21:00:00","2026-08-31 05:00:00","15.000","15.000","15.000","15.000","1.00","2026-08-30 21:59:59","2026-08-31 05:59:59","15.00000","1","1.00","15.00000"
"all-available","Asia/Taipei","BTCUSDT","BTC-260901-73000-P","2026-09-01","73000","PUT","1h","2026-08-30 22:00:00","2026-08-31 06:00:00","15.000","15.000","15.000","15.000","10.00","2026-08-30 22:59:59","2026-08-31 06:59:59","150.00000","3","10.00","150.00000"
"all-available","Asia/Taipei","BTCUSDT","BTC-260901-73000-P","2026-09-01","73000","PUT","1h","2026-08-30 23:00:00","2026-08-31 07:00:00","15.000","25.000","15.000","25.000","4.54","2026-08-30 23:59:59","2026-08-31 07:59:59","109.50000","5","4.14","103.50000"
"all-available","Asia/Taipei","BTCUSDT","BTC-260901-73000-P","2026-09-01","73000","PUT","1h","2026-08-31 00:00:00","2026-08-31 08:00:00","15.000","20.000","15.000","15.000","2.64","2026-08-31 00:59:59","2026-08-31 08:59:59","44.80000","14","1.09","16.35000"
"all-available","Asia/Taipei","BTCUSDT","BTC-260901-73000-P","2026-09-01","73000","PUT","1h","2026-08-31 01:00:00","2026-08-31 09:00:00","10.000","20.000","10.000","10.000","1.29","2026-08-31 01:59:59","2026-08-31 09:59:59","14.10000","13","0.12","2.30000"
"all-available","Asia/Taipei","BTCUSDT","BTC-260901-73000-P","2026-09-01","73000","PUT","1h","2026-08-31 02:00:00","2026-08-31 10:00:00","10.000","15.000","10.000","15.000","5.58","2026-08-31 02:59:59","2026-08-31 10:59:59","78.10000","17","5.44","76.70000"
"all-available","Asia/Taipei","BTCUSDT","BTC-260901-73000-P","2026-09-01","73000","PUT","1h","2026-08-31 03:00:00","2026-08-31 11:00:00","15.000","15.000","10.000","10.000","1.89","2026-08-31 03:59:59","2026-08-31 11:59:59","27.30000","9","1.68","25.20000"
"all-available","Asia/Taipei","BTCUSDT","BTC-260901-73000-P","2026-09-01","73000","PUT","1h","2026-08-31 04:00:00","2026-08-31 12:00:00","15.000","15.000","15.000","15.000","0.99","2026-08-31 04:59:59","2026-08-31 12:59:59","14.85000","4","0.99","14.85000"
"all-available","Asia/Taipei","BTCUSDT","BTC-260901-73000-P","2026-09-01","73000","PUT","1h","2026-08-31 05:00:00","2026-08-31 13:00:00","15.000","15.000","5.000","10.000","1.52","2026-08-31 05:59:59","2026-08-31 13:59:59","14.85000","13","0.81","9.20000"
"all-available","Asia/Taipei","BTCUSDT","BTC-260901-73000-P","2026-09-01","73000","PUT","1h","2026-08-31 06:00:00","2026-08-31 14:00:00","15.000","15.000","10.000","10.000","0.21","2026-08-31 06:59:59","2026-08-31 14:59:59","3.10000","3","0.20","3.00000"
"all-available","Asia/Taipei","BTCUSDT","BTC-260901-73000-P","2026-09-01","73000","PUT","1h","2026-08-31 07:00:00","2026-08-31 15:00:00","5.000","5.000","5.000","5.000","14.05","2026-08-31 07:59:59","2026-08-31 15:59:59","70.25000","8","14.05","70.25000"
"all-available","Asia/Taipei","BTCUSDT","BTC-260901-73000-P","2026-09-01","73000","PUT","1h","2026-08-31 08:00:00","2026-08-31 16:00:00","5.000","5.000","5.000","5.000","14.14","2026-08-31 08:59:59","2026-08-31 16:59:59","70.70000","9","14.14","70.70000"
"all-available","Asia/Taipei","BTCUSDT","BTC-260901-73000-P","2026-09-01","73000","PUT","1h","2026-08-31 09:00:00","2026-08-31 17:00:00","5.000","5.000","5.000","5.000","3.00","2026-08-31 09:59:59","2026-08-31 17:59:59","15.00000","2","3.00","15.00000"
"all-available","Asia/Taipei","BTCUSDT","BTC-260901-73000-P","2026-09-01","73000","PUT","1h","2026-08-31 10:00:00","2026-08-31 18:00:00","5.000","5.000","5.000","5.000","0.00","2026-08-31 10:59:59","2026-08-31 18:59:59","0.00000","0","0.00","0.00000"
"all-available","Asia/Taipei","BTCUSDT","BTC-260901-73000-P","2026-09-01","73000","PUT","1h","2026-08-31 11:00:00","2026-08-31 19:00:00","5.000","5.000","5.000","5.000","0.00","2026-08-31 11:59:59","2026-08-31 19:59:59","0.00000","0","0.00","0.00000"
"all-available","Asia/Taipei","BTCUSDT","BTC-260901-73000-P","2026-09-01","73000","PUT","1h","2026-08-31 12:00:00","2026-08-31 20:00:00","5.000","5.000","5.000","5.000","0.00","2026-08-31 12:59:59","2026-08-31 20:59:59","0.00000","0","0.00","0.00000"
"all-available","Asia/Taipei","BTCUSDT","BTC-260901-73000-P","2026-09-01","73000","PUT","1h","2026-08-31 13:00:00","2026-08-31 21:00:00","5.000","5.000","5.000","5.000","33.89","2026-08-31 13:59:59","2026-08-31 21:59:59","169.45000","10","3.59","17.95000"
"all-available","Asia/Taipei","BTCUSDT","BTC-260901-73000-P","2026-09-01","73000","PUT","1h","2026-08-31 14:00:00","2026-08-31 22:00:00","5.000","5.000","5.000","5.000","0.42","2026-08-31 14:59:59","2026-08-31 22:59:59","2.10000","2","0.42","2.10000"
"all-available","Asia/Taipei","BTCUSDT","BTC-260901-73000-P","2026-09-01","73000","PUT","1h","2026-08-31 15:00:00","2026-08-31 23:00:00","5.000","5.000","5.000","5.000","0.00","2026-08-31 15:59:59","2026-08-31 23:59:59","0.00000","0","0.00","0.00000"
"all-available","Asia/Taipei","BTCUSDT","BTC-260901-73000-P","2026-09-01","73000","PUT","1h","2026-08-31 16:00:00","2026-09-01 00:00:00","5.000","5.000","5.000","5.000","0.00","2026-08-31 16:59:59","2026-09-01 00:59:59","0.00000","0","0.00","0.00000"
"all-available","Asia/Taipei","BTCUSDT","BTC-260901-73000-P","2026-09-01","73000","PUT","1h","2026-08-31 17:00:00","2026-09-01 01:00:00","5.000","5.000","5.000","5.000","0.00","2026-08-31 17:59:59","2026-09-01 01:59:59","0.00000","0","0.00","0.00000"
"all-available","Asia/Taipei","BTCUSDT","BTC-260901-73000-P","2026-09-01","73000","PUT","1h","2026-08-31 18:00:00","2026-09-01 02:00:00","5.000","5.000","5.000","5.000","0.00","2026-08-31 18:59:59","2026-09-01 02:59:59","0.00000","0","0.00","0.00000"
"all-available","Asia/Taipei","BTCUSDT","BTC-260901-73000-P","2026-09-01","73000","PUT","1h","2026-08-31 19:00:00","2026-09-01 03:00:00","5.000","5.000","5.000","5.000","0.00","2026-08-31 19:59:59","2026-09-01 03:59:59","0.00000","0","0.00","0.00000"
"all-available","Asia/Taipei","BTCUSDT","BTC-260901-73000-P","2026-09-01","73000","PUT","1h","2026-08-31 20:00:00","2026-09-01 04:00:00","5.000","5.000","5.000","5.000","0.30","2026-08-31 20:59:59","2026-09-01 04:59:59","1.50000","3","0.30","1.50000"
"all-available","Asia/Taipei","BTCUSDT","BTC-260901-73000-P","2026-09-01","73000","PUT","1h","2026-08-31 21:00:00","2026-09-01 05:00:00","5.000","5.000","5.000","5.000","0.00","2026-08-31 21:59:59","2026-09-01 05:59:59","0.00000","0","0.00","0.00000"
"all-available","Asia/Taipei","BTCUSDT","BTC-260901-73000-P","2026-09-01","73000","PUT","1h","2026-08-31 22:00:00","2026-09-01 06:00:00","5.000","5.000","5.000","5.000","0.00","2026-08-31 22:59:59","2026-09-01 06:59:59","0.00000","0","0.00","0.00000"
"all-available","Asia/Taipei","BTCUSDT","BTC-260901-73000-P","2026-09-01","73000","PUT","1h","2026-08-31 23:00:00","2026-09-01 07:00:00","5.000","5.000","5.000","5.000","0.00","2026-08-31 23:59:59","2026-09-01 07:59:59","0.00000","0","0.00","0.00000"
"all-available","Asia/Taipei","BTCUSDT","BTC-260901-73000-P","2026-09-01","73000","PUT","1h","2026-09-01 00:00:00","2026-09-01 08:00:00","5.000","5.000","5.000","5.000","0.00","2026-09-01 00:59:59","2026-09-01 08:59:59","0.00000","0","0.00","0.00000"
"all-available","Asia/Taipei","BTCUSDT","BTC-260901-73000-P","2026-09-01","73000","PUT","1h","2026-09-01 01:00:00","2026-09-01 09:00:00","5.000","5.000","5.000","5.000","0.00","2026-09-01 01:59:59","2026-09-01 09:59:59","0.00000","0","0.00","0.00000"
"all-available","Asia/Taipei","BTCUSDT","BTC-260901-73000-P","2026-09-01","73000","PUT","1h","2026-09-01 02:00:00","2026-09-01 10:00:00","5.000","5.000","5.000","5.000","0.00","2026-09-01 02:59:59","2026-09-01 10:59:59","0.00000","0","0.00","0.00000"
"all-available","Asia/Taipei","BTCUSDT","BTC-260901-73000-P","2026-09-01","73000","PUT","1h","2026-09-01 03:00:00","2026-09-01 11:00:00","5.000","5.000","5.000","5.000","0.00","2026-09-01 03:59:59","2026-09-01 11:59:59","0.00000","0","0.00","0.00000"
"all-available","Asia/Taipei","BTCUSDT","BTC-260901-73000-P","2026-09-01","73000","PUT","1h","2026-09-01 04:00:00","2026-09-01 12:00:00","5.000","5.000","5.000","5.000","0.00","2026-09-01 04:59:59","2026-09-01 12:59:59","0.00000","0","0.00","0.00000"
"all-available","Asia/Taipei","BTCUSDT","BTC-260901-73000-P","2026-09-01","73000","PUT","1h","2026-09-01 05:00:00","2026-09-01 13:00:00","5.000","5.000","5.000","5.000","0.00","2026-09-01 05:59:59","2026-09-01 13:59:59","0.00000","0","0.00","0.00000"
"all-available","Asia/Taipei","BTCUSDT","BTC-260901-73000-P","2026-09-01","73000","PUT","1h","2026-09-01 06:00:00","2026-09-01 14:00:00","5.000","5.000","5.000","5.000","0.00","2026-09-01 06:59:59","2026-09-01 14:59:59","0.00000","0","0.00","0.00000"
"all-available","Asia/Taipei","BTCUSDT","BTC-260901-73000-P","2026-09-01","73000","PUT","1h","2026-09-01 07:00:00","2026-09-01 15:00:00","5.000","5.000","5.000","5.000","0.00","2026-09-01 07:59:59","2026-09-01 15:59:59","0.00000","0","0.00","0.00000"
"all-available","Asia/Taipei","BTCUSDT","BTC-260901-74500-P","2026-09-01","74500","PUT","1h","2026-08-29 08:00:00","2026-08-29 16:00:00","80.000","80.000","80.000","80.000","0.03","2026-08-29 08:59:59","2026-08-29 16:59:59","2.40000","1","0.00","0.00000"
"all-available","Asia/Taipei","BTCUSDT","BTC-260901-74500-P","2026-09-01","74500","PUT","1h","2026-08-29 09:00:00","2026-08-29 17:00:00","70.000","70.000","70.000","70.000","0.47","2026-08-29 09:59:59","2026-08-29 17:59:59","32.90000","1","0.47","32.90000"
"all-available","Asia/Taipei","BTCUSDT","BTC-260901-74500-P","2026-09-01","74500","PUT","1h","2026-08-29 10:00:00","2026-08-29 18:00:00","65.000","65.000","65.000","65.000","0.32","2026-08-29 10:59:59","2026-08-29 18:59:59","20.80000","1","0.00","0.00000"
"all-available","Asia/Taipei","BTCUSDT","BTC-260901-74500-P","2026-09-01","74500","PUT","1h","2026-08-29 11:00:00","2026-08-29 19:00:00","65.000","65.000","65.000","65.000","0.00","2026-08-29 11:59:59","2026-08-29 19:59:59","0.00000","0","0.00","0.00000"
"all-available","Asia/Taipei","BTCUSDT","BTC-260901-74500-P","2026-09-01","74500","PUT","1h","2026-08-29 12:00:00","2026-08-29 20:00:00","65.000","65.000","65.000","65.000","0.00","2026-08-29 12:59:59","2026-08-29 20:59:59","0.00000","0","0.00","0.00000"
"all-available","Asia/Taipei","BTCUSDT","BTC-260901-74500-P","2026-09-01","74500","PUT","1h","2026-08-29 13:00:00","2026-08-29 21:00:00","65.000","65.000","65.000","65.000","0.00","2026-08-29 13:59:59","2026-08-29 21:59:59","0.00000","0","0.00","0.00000"
"all-available","Asia/Taipei","BTCUSDT","BTC-260901-74500-P","2026-09-01","74500","PUT","1h","2026-08-29 14:00:00","2026-08-29 22:00:00","65.000","65.000","60.000","60.000","0.02","2026-08-29 14:59:59","2026-08-29 22:59:59","1.25000","2","0.01","0.65000"
"all-available","Asia/Taipei","BTCUSDT","BTC-260901-74500-P","2026-09-01","74500","PUT","1h","2026-08-29 15:00:00","2026-08-29 23:00:00","60.000","60.000","60.000","60.000","0.00","2026-08-29 15:59:59","2026-08-29 23:59:59","0.00000","0","0.00","0.00000"
"all-available","Asia/Taipei","BTCUSDT","BTC-260901-74500-P","2026-09-01","74500","PUT","1h","2026-08-29 16:00:00","2026-08-30 00:00:00","65.000","65.000","65.000","65.000","0.15","2026-08-29 16:59:59","2026-08-30 00:59:59","9.75000","1","0.00","0.00000"
"all-available","Asia/Taipei","BTCUSDT","BTC-260901-74500-P","2026-09-01","74500","PUT","1h","2026-08-29 17:00:00","2026-08-30 01:00:00","45.000","45.000","40.000","40.000","0.04","2026-08-29 17:59:59","2026-08-30 01:59:59","1.75000","2","0.04","1.75000"
"all-available","Asia/Taipei","BTCUSDT","BTC-260901-74500-P","2026-09-01","74500","PUT","1h","2026-08-29 18:00:00","2026-08-30 02:00:00","40.000","40.000","40.000","40.000","0.00","2026-08-29 18:59:59","2026-08-30 02:59:59","0.00000","0","0.00","0.00000"
"all-available","Asia/Taipei","BTCUSDT","BTC-260901-74500-P","2026-09-01","74500","PUT","1h","2026-08-29 19:00:00","2026-08-30 03:00:00","35.000","35.000","35.000","35.000","2.96","2026-08-29 19:59:59","2026-08-30 03:59:59","103.60000","1","2.96","103.60000"
"all-available","Asia/Taipei","BTCUSDT","BTC-260901-74500-P","2026-09-01","74500","PUT","1h","2026-08-29 20:00:00","2026-08-30 04:00:00","35.000","35.000","35.000","35.000","0.00","2026-08-29 20:59:59","2026-08-30 04:59:59","0.00000","0","0.00","0.00000"
"all-available","Asia/Taipei","BTCUSDT","BTC-260901-74500-P","2026-09-01","74500","PUT","1h","2026-08-29 21:00:00","2026-08-30 05:00:00","35.000","35.000","35.000","35.000","0.00","2026-08-29 21:59:59","2026-08-30 05:59:59","0.00000","0","0.00","0.00000"
"all-available","Asia/Taipei","BTCUSDT","BTC-260901-74500-P","2026-09-01","74500","PUT","1h","2026-08-29 22:00:00","2026-08-30 06:00:00","35.000","35.000","35.000","35.000","0.00","2026-08-29 22:59:59","2026-08-30 06:59:59","0.00000","0","0.00","0.00000"
"all-available","Asia/Taipei","BTCUSDT","BTC-260901-74500-P","2026-09-01","74500","PUT","1h","2026-08-29 23:00:00","2026-08-30 07:00:00","35.000","35.000","35.000","35.000","0.00","2026-08-29 23:59:59","2026-08-30 07:59:59","0.00000","0","0.00","0.00000"
"all-available","Asia/Taipei","BTCUSDT","BTC-260901-74500-P","2026-09-01","74500","PUT","1h","2026-08-30 00:00:00","2026-08-30 08:00:00","30.000","30.000","30.000","30.000","0.50","2026-08-30 00:59:59","2026-08-30 08:59:59","15.00000","1","0.50","15.00000"
"all-available","Asia/Taipei","BTCUSDT","BTC-260901-74500-P","2026-09-01","74500","PUT","1h","2026-08-30 01:00:00","2026-08-30 09:00:00","30.000","30.000","30.000","30.000","0.00","2026-08-30 01:59:59","2026-08-30 09:59:59","0.00000","0","0.00","0.00000"
"all-available","Asia/Taipei","BTCUSDT","BTC-260901-74500-P","2026-09-01","74500","PUT","1h","2026-08-30 02:00:00","2026-08-30 10:00:00","30.000","30.000","30.000","30.000","1.10","2026-08-30 02:59:59","2026-08-30 10:59:59","33.00000","2","1.10","33.00000"
"all-available","Asia/Taipei","BTCUSDT","BTC-260901-74500-P","2026-09-01","74500","PUT","1h","2026-08-30 03:00:00","2026-08-30 11:00:00","25.000","30.000","20.000","20.000","2.12","2026-08-30 03:59:59","2026-08-30 11:59:59","55.50000","3","1.00","30.00000"
"all-available","Asia/Taipei","BTCUSDT","BTC-260901-74500-P","2026-09-01","74500","PUT","1h","2026-08-30 04:00:00","2026-08-30 12:00:00","25.000","25.000","25.000","25.000","2.11","2026-08-30 04:59:59","2026-08-30 12:59:59","52.75000","2","2.11","52.75000"
"all-available","Asia/Taipei","BTCUSDT","BTC-260901-74500-P","2026-09-01","74500","PUT","1h","2026-08-30 05:00:00","2026-08-30 13:00:00","25.000","25.000","25.000","25.000","0.00","2026-08-30 05:59:59","2026-08-30 13:59:59","0.00000","0","0.00","0.00000"
"all-available","Asia/Taipei","BTCUSDT","BTC-260901-74500-P","2026-09-01","74500","PUT","1h","2026-08-30 06:00:00","2026-08-30 14:00:00","25.000","25.000","20.000","20.000","2.47","2026-08-30 06:59:59","2026-08-30 14:59:59","54.40000","4","2.35","52.00000"
"all-available","Asia/Taipei","BTCUSDT","BTC-260901-74500-P","2026-09-01","74500","PUT","1h","2026-08-30 07:00:00","2026-08-30 15:00:00","20.000","20.000","20.000","20.000","0.60","2026-08-30 07:59:59","2026-08-30 15:59:59","12.00000","2","0.60","12.00000"
"all-available","Asia/Taipei","BTCUSDT","BTC-260901-74500-P","2026-09-01","74500","PUT","1h","2026-08-30 08:00:00","2026-08-30 16:00:00","20.000","20.000","20.000","20.000","7.53","2026-08-30 08:59:59","2026-08-30 16:59:59","150.60000","17","3.96","79.20000"
"all-available","Asia/Taipei","BTCUSDT","BTC-260901-74500-P","2026-09-01","74500","PUT","1h","2026-08-30 09:00:00","2026-08-30 17:00:00","20.000","25.000","20.000","25.000","6.01","2026-08-30 09:59:59","2026-08-30 17:59:59","145.20000","7","5.00","125.00000"
"all-available","Asia/Taipei","BTCUSDT","BTC-260901-74500-P","2026-09-01","74500","PUT","1h","2026-08-30 10:00:00","2026-08-30 18:00:00","25.000","25.000","25.000","25.000","45.41","2026-08-30 10:59:59","2026-08-30 18:59:59","1135.25000","8","45.41","1135.25000"
"all-available","Asia/Taipei","BTCUSDT","BTC-260901-74500-P","2026-09-01","74500","PUT","1h","2026-08-30 11:00:00","2026-08-30 19:00:00","25.000","25.000","25.000","25.000","0.00","2026-08-30 11:59:59","2026-08-30 19:59:59","0.00000","0","0.00","0.00000"
"all-available","Asia/Taipei","BTCUSDT","BTC-260901-74500-P","2026-09-01","74500","PUT","1h","2026-08-30 12:00:00","2026-08-30 20:00:00","15.000","25.000","15.000","25.000","14.57","2026-08-30 12:59:59","2026-08-30 20:59:59","300.40000","18","3.96","94.20000"
"all-available","Asia/Taipei","BTCUSDT","BTC-260901-74500-P","2026-09-01","74500","PUT","1h","2026-08-30 13:00:00","2026-08-30 21:00:00","25.000","25.000","25.000","25.000","0.00","2026-08-30 13:59:59","2026-08-30 21:59:59","0.00000","0","0.00","0.00000"
"all-available","Asia/Taipei","BTCUSDT","BTC-260901-74500-P","2026-09-01","74500","PUT","1h","2026-08-30 14:00:00","2026-08-30 22:00:00","20.000","20.000","20.000","20.000","0.40","2026-08-30 14:59:59","2026-08-30 22:59:59","8.00000","1","0.40","8.00000"
"all-available","Asia/Taipei","BTCUSDT","BTC-260901-74500-P","2026-09-01","74500","PUT","1h","2026-08-30 15:00:00","2026-08-30 23:00:00","25.000","25.000","15.000","15.000","45.63","2026-08-30 15:59:59","2026-08-30 23:59:59","685.05000","12","0.01","0.25000"
"all-available","Asia/Taipei","BTCUSDT","BTC-260901-74500-P","2026-09-01","74500","PUT","1h","2026-08-30 16:00:00","2026-08-31 00:00:00","15.000","15.000","15.000","15.000","0.10","2026-08-30 16:59:59","2026-08-31 00:59:59","1.50000","1","0.00","0.00000"
"all-available","Asia/Taipei","BTCUSDT","BTC-260901-74500-P","2026-09-01","74500","PUT","1h","2026-08-30 17:00:00","2026-08-31 01:00:00","15.000","15.000","15.000","15.000","0.02","2026-08-30 17:59:59","2026-08-31 01:59:59","0.30000","1","0.02","0.30000"
"all-available","Asia/Taipei","BTCUSDT","BTC-260901-74500-P","2026-09-01","74500","PUT","1h","2026-08-30 18:00:00","2026-08-31 02:00:00","15.000","15.000","15.000","15.000","0.00","2026-08-30 18:59:59","2026-08-31 02:59:59","0.00000","0","0.00","0.00000"
"all-available","Asia/Taipei","BTCUSDT","BTC-260901-74500-P","2026-09-01","74500","PUT","1h","2026-08-30 19:00:00","2026-08-31 03:00:00","15.000","20.000","15.000","20.000","4.35","2026-08-30 19:59:59","2026-08-31 03:59:59","85.25000","2","4.35","85.25000"
"all-available","Asia/Taipei","BTCUSDT","BTC-260901-74500-P","2026-09-01","74500","PUT","1h","2026-08-30 20:00:00","2026-08-31 04:00:00","20.000","20.000","20.000","20.000","0.00","2026-08-30 20:59:59","2026-08-31 04:59:59","0.00000","0","0.00","0.00000"
"all-available","Asia/Taipei","BTCUSDT","BTC-260901-74500-P","2026-09-01","74500","PUT","1h","2026-08-30 21:00:00","2026-08-31 05:00:00","30.000","30.000","20.000","20.000","2.01","2026-08-30 21:59:59","2026-08-31 05:59:59","50.20000","6","1.00","30.00000"
"all-available","Asia/Taipei","BTCUSDT","BTC-260901-74500-P","2026-09-01","74500","PUT","1h","2026-08-30 22:00:00","2026-08-31 06:00:00","20.000","30.000","20.000","30.000","1.06","2026-08-30 22:59:59","2026-08-31 06:59:59","31.70000","4","1.06","31.70000"
"all-available","Asia/Taipei","BTCUSDT","BTC-260901-74500-P","2026-09-01","74500","PUT","1h","2026-08-30 23:00:00","2026-08-31 07:00:00","30.000","100.000","30.000","65.000","8.80","2026-08-30 23:59:59","2026-08-31 07:59:59","529.60000","45","5.38","311.50000"
"all-available","Asia/Taipei","BTCUSDT","BTC-260901-74500-P","2026-09-01","74500","PUT","1h","2026-08-31 00:00:00","2026-08-31 08:00:00","55.000","65.000","40.000","40.000","69.70","2026-08-31 00:59:59","2026-08-31 08:59:59","2868.15000","31","66.87","2714.10000"
"all-available","Asia/Taipei","BTCUSDT","BTC-260901-74500-P","2026-09-01","74500","PUT","1h","2026-08-31 01:00:00","2026-08-31 09:00:00","40.000","45.000","35.000","35.000","4.87","2026-08-31 01:59:59","2026-08-31 09:59:59","193.10000","22","4.87","193.10000"
"all-available","Asia/Taipei","BTCUSDT","BTC-260901-74500-P","2026-09-01","74500","PUT","1h","2026-08-31 02:00:00","2026-08-31 10:00:00","40.000","45.000","35.000","45.000","9.80","2026-08-31 02:59:59","2026-08-31 10:59:59","377.90000","17","9.65","371.15000"
"all-available","Asia/Taipei","BTCUSDT","BTC-260901-74500-P","2026-09-01","74500","PUT","1h","2026-08-31 03:00:00","2026-08-31 11:00:00","45.000","45.000","35.000","40.000","4.48","2026-08-31 03:59:59","2026-08-31 11:59:59","186.35000","4","1.48","66.40000"
"all-available","Asia/Taipei","BTCUSDT","BTC-260901-74500-P","2026-09-01","74500","PUT","1h","2026-08-31 04:00:00","2026-08-31 12:00:00","40.000","45.000","40.000","45.000","10.75","2026-08-31 04:59:59","2026-08-31 12:59:59","475.00000","11","10.44","462.50000"
"all-available","Asia/Taipei","BTCUSDT","BTC-260901-74500-P","2026-09-01","74500","PUT","1h","2026-08-31 05:00:00","2026-08-31 13:00:00","35.000","40.000","35.000","35.000","6.35","2026-08-31 05:59:59","2026-08-31 13:59:59","229.60000","18","6.05","219.10000"
"all-available","Asia/Taipei","BTCUSDT","BTC-260901-74500-P","2026-09-01","74500","PUT","1h","2026-08-31 06:00:00","2026-08-31 14:00:00","30.000","30.000","25.000","30.000","16.21","2026-08-31 06:59:59","2026-08-31 14:59:59","473.90000","24","11.56","346.80000"
"all-available","Asia/Taipei","BTCUSDT","BTC-260901-74500-P","2026-09-01","74500","PUT","1h","2026-08-31 07:00:00","2026-08-31 15:00:00","20.000","20.000","10.000","15.000","22.93","2026-08-31 07:59:59","2026-08-31 15:59:59","343.30000","26","2.50","37.50000"
"all-available","Asia/Taipei","BTCUSDT","BTC-260901-74500-P","2026-09-01","74500","PUT","1h","2026-08-31 08:00:00","2026-08-31 16:00:00","15.000","15.000","10.000","10.000","7.90","2026-08-31 08:59:59","2026-08-31 16:59:59","114.90000","10","7.18","107.70000"
"all-available","Asia/Taipei","BTCUSDT","BTC-260901-74500-P","2026-09-01","74500","PUT","1h","2026-08-31 09:00:00","2026-08-31 17:00:00","10.000","10.000","10.000","10.000","3.02","2026-08-31 09:59:59","2026-08-31 17:59:59","30.20000","7","2.00","20.00000"
"all-available","Asia/Taipei","BTCUSDT","BTC-260901-74500-P","2026-09-01","74500","PUT","1h","2026-08-31 10:00:00","2026-08-31 18:00:00","10.000","15.000","10.000","15.000","1.42","2026-08-31 10:59:59","2026-08-31 18:59:59","14.25000","7","1.42","14.25000"
"all-available","Asia/Taipei","BTCUSDT","BTC-260901-74500-P","2026-09-01","74500","PUT","1h","2026-08-31 11:00:00","2026-08-31 19:00:00","10.000","15.000","10.000","15.000","1.11","2026-08-31 11:59:59","2026-08-31 19:59:59","16.10000","3","1.00","15.00000"
"all-available","Asia/Taipei","BTCUSDT","BTC-260901-74500-P","2026-09-01","74500","PUT","1h","2026-08-31 12:00:00","2026-08-31 20:00:00","10.000","20.000","10.000","15.000","4.80","2026-08-31 12:59:59","2026-08-31 20:59:59","74.00000","10","2.40","48.00000"
"all-available","Asia/Taipei","BTCUSDT","BTC-260901-74500-P","2026-09-01","74500","PUT","1h","2026-08-31 13:00:00","2026-08-31 21:00:00","15.000","15.000","15.000","15.000","0.72","2026-08-31 13:59:59","2026-08-31 21:59:59","10.80000","4","0.72","10.80000"
"all-available","Asia/Taipei","BTCUSDT","BTC-260901-74500-P","2026-09-01","74500","PUT","1h","2026-08-31 14:00:00","2026-08-31 22:00:00","15.000","15.000","15.000","15.000","1.30","2026-08-31 14:59:59","2026-08-31 22:59:59","19.50000","2","1.30","19.50000"
"all-available","Asia/Taipei","BTCUSDT","BTC-260901-74500-P","2026-09-01","74500","PUT","1h","2026-08-31 15:00:00","2026-08-31 23:00:00","15.000","15.000","15.000","15.000","0.00","2026-08-31 15:59:59","2026-08-31 23:59:59","0.00000","0","0.00","0.00000"
"all-available","Asia/Taipei","BTCUSDT","BTC-260901-74500-P","2026-09-01","74500","PUT","1h","2026-08-31 16:00:00","2026-09-01 00:00:00","15.000","15.000","15.000","15.000","0.00","2026-08-31 16:59:59","2026-09-01 00:59:59","0.00000","0","0.00","0.00000"
"all-available","Asia/Taipei","BTCUSDT","BTC-260901-74500-P","2026-09-01","74500","PUT","1h","2026-08-31 17:00:00","2026-09-01 01:00:00","5.000","5.000","5.000","5.000","0.44","2026-08-31 17:59:59","2026-09-01 01:59:59","2.20000","2","0.00","0.00000"
"all-available","Asia/Taipei","BTCUSDT","BTC-260901-74500-P","2026-09-01","74500","PUT","1h","2026-08-31 18:00:00","2026-09-01 02:00:00","5.000","5.000","5.000","5.000","1.26","2026-08-31 18:59:59","2026-09-01 02:59:59","6.30000","3","0.00","0.00000"
"all-available","Asia/Taipei","BTCUSDT","BTC-260901-74500-P","2026-09-01","74500","PUT","1h","2026-08-31 19:00:00","2026-09-01 03:00:00","5.000","5.000","5.000","5.000","4.26","2026-08-31 19:59:59","2026-09-01 03:59:59","21.30000","1","0.00","0.00000"
"all-available","Asia/Taipei","BTCUSDT","BTC-260901-74500-P","2026-09-01","74500","PUT","1h","2026-08-31 20:00:00","2026-09-01 04:00:00","5.000","5.000","5.000","5.000","2.58","2026-08-31 20:59:59","2026-09-01 04:59:59","12.90000","5","0.00","0.00000"
"all-available","Asia/Taipei","BTCUSDT","BTC-260901-74500-P","2026-09-01","74500","PUT","1h","2026-08-31 21:00:00","2026-09-01 05:00:00","5.000","5.000","5.000","5.000","0.88","2026-08-31 21:59:59","2026-09-01 05:59:59","4.40000","1","0.00","0.00000"
"all-available","Asia/Taipei","BTCUSDT","BTC-260901-74500-P","2026-09-01","74500","PUT","1h","2026-08-31 22:00:00","2026-09-01 06:00:00","5.000","5.000","5.000","5.000","3.40","2026-08-31 22:59:59","2026-09-01 06:59:59","17.00000","3","0.00","0.00000"
"all-available","Asia/Taipei","BTCUSDT","BTC-260901-74500-P","2026-09-01","74500","PUT","1h","2026-08-31 23:00:00","2026-09-01 07:00:00","5.000","5.000","5.000","5.000","25.90","2026-08-31 23:59:59","2026-09-01 07:59:59","129.50000","4","0.00","0.00000"
"all-available","Asia/Taipei","BTCUSDT","BTC-260901-74500-P","2026-09-01","74500","PUT","1h","2026-09-01 00:00:00","2026-09-01 08:00:00","5.000","5.000","5.000","5.000","0.00","2026-09-01 00:59:59","2026-09-01 08:59:59","0.00000","0","0.00","0.00000"
"all-available","Asia/Taipei","BTCUSDT","BTC-260901-74500-P","2026-09-01","74500","PUT","1h","2026-09-01 01:00:00","2026-09-01 09:00:00","5.000","5.000","5.000","5.000","0.00","2026-09-01 01:59:59","2026-09-01 09:59:59","0.00000","0","0.00","0.00000"
"all-available","Asia/Taipei","BTCUSDT","BTC-260901-74500-P","2026-09-01","74500","PUT","1h","2026-09-01 02:00:00","2026-09-01 10:00:00","5.000","5.000","5.000","5.000","0.00","2026-09-01 02:59:59","2026-09-01 10:59:59","0.00000","0","0.00","0.00000"
"all-available","Asia/Taipei","BTCUSDT","BTC-260901-74500-P","2026-09-01","74500","PUT","1h","2026-09-01 03:00:00","2026-09-01 11:00:00","5.000","5.000","5.000","5.000","0.00","2026-09-01 03:59:59","2026-09-01 11:59:59","0.00000","0","0.00","0.00000"
"all-available","Asia/Taipei","BTCUSDT","BTC-260901-74500-P","2026-09-01","74500","PUT","1h","2026-09-01 04:00:00","2026-09-01 12:00:00","5.000","5.000","5.000","5.000","0.00","2026-09-01 04:59:59","2026-09-01 12:59:59","0.00000","0","0.00","0.00000"
"all-available","Asia/Taipei","BTCUSDT","BTC-260901-74500-P","2026-09-01","74500","PUT","1h","2026-09-01 05:00:00","2026-09-01 13:00:00","5.000","5.000","5.000","5.000","0.00","2026-09-01 05:59:59","2026-09-01 13:59:59","0.00000","0","0.00","0.00000"
"all-available","Asia/Taipei","BTCUSDT","BTC-260901-74500-P","2026-09-01","74500","PUT","1h","2026-09-01 06:00:00","2026-09-01 14:00:00","5.000","5.000","5.000","5.000","0.00","2026-09-01 06:59:59","2026-09-01 14:59:59","0.00000","0","0.00","0.00000"
"all-available","Asia/Taipei","BTCUSDT","BTC-260901-74500-P","2026-09-01","74500","PUT","1h","2026-09-01 07:00:00","2026-09-01 15:00:00","5.000","5.000","5.000","5.000","0.00","2026-09-01 07:59:59","2026-09-01 15:59:59","0.00000","0","0.00","0.00000"
"all-available","Asia/Taipei","BTCUSDT","BTC-260901-75500-P","2026-09-01","75500","PUT","1h","2026-08-31 08:00:00","2026-08-31 16:00:00","25.000","25.000","20.000","20.000","0.99","2026-08-31 08:59:59","2026-08-31 16:59:59","19.95000","2","0.96","19.20000"
"all-available","Asia/Taipei","BTCUSDT","BTC-260901-75500-P","2026-09-01","75500","PUT","1h","2026-08-31 09:00:00","2026-08-31 17:00:00","25.000","25.000","20.000","20.000","1.42","2026-08-31 09:59:59","2026-08-31 17:59:59","34.00000","3","1.12","28.00000"
"all-available","Asia/Taipei","BTCUSDT","BTC-260901-75500-P","2026-09-01","75500","PUT","1h","2026-08-31 10:00:00","2026-08-31 18:00:00","20.000","20.000","15.000","15.000","0.07","2026-08-31 10:59:59","2026-08-31 18:59:59","1.30000","2","0.05","1.00000"
"all-available","Asia/Taipei","BTCUSDT","BTC-260901-75500-P","2026-09-01","75500","PUT","1h","2026-08-31 11:00:00","2026-08-31 19:00:00","20.000","25.000","20.000","25.000","2.97","2026-08-31 11:59:59","2026-08-31 19:59:59","59.45000","4","2.96","59.20000"
"all-available","Asia/Taipei","BTCUSDT","BTC-260901-75500-P","2026-09-01","75500","PUT","1h","2026-08-31 12:00:00","2026-08-31 20:00:00","30.000","45.000","30.000","40.000","6.92","2026-08-31 12:59:59","2026-08-31 20:59:59","284.45000","15","5.06","202.40000"
"all-available","Asia/Taipei","BTCUSDT","BTC-260901-75500-P","2026-09-01","75500","PUT","1h","2026-08-31 13:00:00","2026-08-31 21:00:00","30.000","35.000","25.000","35.000","20.64","2026-08-31 13:59:59","2026-08-31 21:59:59","569.95000","38","9.54","281.60000"
"all-available","Asia/Taipei","BTCUSDT","BTC-260901-75500-P","2026-09-01","75500","PUT","1h","2026-08-31 14:00:00","2026-08-31 22:00:00","35.000","35.000","15.000","15.000","6.40","2026-08-31 14:59:59","2026-08-31 22:59:59","109.40000","5","6.38","108.70000"
"all-available","Asia/Taipei","BTCUSDT","BTC-260901-75500-P","2026-09-01","75500","PUT","1h","2026-08-31 15:00:00","2026-08-31 23:00:00","15.000","15.000","15.000","15.000","0.07","2026-08-31 15:59:59","2026-08-31 23:59:59","1.05000","1","0.07","1.05000"
"all-available","Asia/Taipei","BTCUSDT","BTC-260901-75500-P","2026-09-01","75500","PUT","1h","2026-08-31 16:00:00","2026-09-01 00:00:00","15.000","15.000","15.000","15.000","0.00","2026-08-31 16:59:59","2026-09-01 00:59:59","0.00000","0","0.00","0.00000"
"all-available","Asia/Taipei","BTCUSDT","BTC-260901-75500-P","2026-09-01","75500","PUT","1h","2026-08-31 17:00:00","2026-09-01 01:00:00","10.000","10.000","10.000","10.000","1.00","2026-08-31 17:59:59","2026-09-01 01:59:59","10.00000","2","0.00","0.00000"
"all-available","Asia/Taipei","BTCUSDT","BTC-260901-75500-P","2026-09-01","75500","PUT","1h","2026-08-31 18:00:00","2026-09-01 02:00:00","10.000","10.000","10.000","10.000","0.00","2026-08-31 18:59:59","2026-09-01 02:59:59","0.00000","0","0.00","0.00000"
"all-available","Asia/Taipei","BTCUSDT","BTC-260901-75500-P","2026-09-01","75500","PUT","1h","2026-08-31 19:00:00","2026-09-01 03:00:00","10.000","10.000","10.000","10.000","0.00","2026-08-31 19:59:59","2026-09-01 03:59:59","0.00000","0","0.00","0.00000"
"all-available","Asia/Taipei","BTCUSDT","BTC-260901-75500-P","2026-09-01","75500","PUT","1h","2026-08-31 20:00:00","2026-09-01 04:00:00","10.000","10.000","10.000","10.000","0.16","2026-08-31 20:59:59","2026-09-01 04:59:59","1.60000","2","0.11","1.10000"
"all-available","Asia/Taipei","BTCUSDT","BTC-260901-75500-P","2026-09-01","75500","PUT","1h","2026-08-31 21:00:00","2026-09-01 05:00:00","10.000","10.000","10.000","10.000","0.00","2026-08-31 21:59:59","2026-09-01 05:59:59","0.00000","0","0.00","0.00000"
"all-available","Asia/Taipei","BTCUSDT","BTC-260901-75500-P","2026-09-01","75500","PUT","1h","2026-08-31 22:00:00","2026-09-01 06:00:00","10.000","10.000","10.000","10.000","4.80","2026-08-31 22:59:59","2026-09-01 06:59:59","48.00000","11","2.73","27.30000"
"all-available","Asia/Taipei","BTCUSDT","BTC-260901-75500-P","2026-09-01","75500","PUT","1h","2026-08-31 23:00:00","2026-09-01 07:00:00","10.000","10.000","5.000","5.000","37.23","2026-08-31 23:59:59","2026-09-01 07:59:59","186.30000","12","0.00","0.00000"
"all-available","Asia/Taipei","BTCUSDT","BTC-260901-75500-P","2026-09-01","75500","PUT","1h","2026-09-01 00:00:00","2026-09-01 08:00:00","5.000","5.000","5.000","5.000","1.00","2026-09-01 00:59:59","2026-09-01 08:59:59","5.00000","1","0.00","0.00000"
"all-available","Asia/Taipei","BTCUSDT","BTC-260901-75500-P","2026-09-01","75500","PUT","1h","2026-09-01 01:00:00","2026-09-01 09:00:00","5.000","5.000","5.000","5.000","2.33","2026-09-01 01:59:59","2026-09-01 09:59:59","11.65000","3","2.33","11.65000"
"all-available","Asia/Taipei","BTCUSDT","BTC-260901-75500-P","2026-09-01","75500","PUT","1h","2026-09-01 02:00:00","2026-09-01 10:00:00","5.000","5.000","5.000","5.000","0.00","2026-09-01 02:59:59","2026-09-01 10:59:59","0.00000","0","0.00","0.00000"
"all-available","Asia/Taipei","BTCUSDT","BTC-260901-75500-P","2026-09-01","75500","PUT","1h","2026-09-01 03:00:00","2026-09-01 11:00:00","5.000","5.000","5.000","5.000","0.00","2026-09-01 03:59:59","2026-09-01 11:59:59","0.00000","0","0.00","0.00000"
"all-available","Asia/Taipei","BTCUSDT","BTC-260901-75500-P","2026-09-01","75500","PUT","1h","2026-09-01 04:00:00","2026-09-01 12:00:00","5.000","5.000","5.000","5.000","0.00","2026-09-01 04:59:59","2026-09-01 12:59:59","0.00000","0","0.00","0.00000"
"all-available","Asia/Taipei","BTCUSDT","BTC-260901-75500-P","2026-09-01","75500","PUT","1h","2026-09-01 05:00:00","2026-09-01 13:00:00","5.000","5.000","5.000","5.000","0.00","2026-09-01 05:59:59","2026-09-01 13:59:59","0.00000","0","0.00","0.00000"
"all-available","Asia/Taipei","BTCUSDT","BTC-260901-75500-P","2026-09-01","75500","PUT","1h","2026-09-01 06:00:00","2026-09-01 14:00:00","5.000","5.000","5.000","5.000","0.00","2026-09-01 06:59:59","2026-09-01 14:59:59","0.00000","0","0.00","0.00000"
"all-available","Asia/Taipei","BTCUSDT","BTC-260901-75500-P","2026-09-01","75500","PUT","1h","2026-09-01 07:00:00","2026-09-01 15:00:00","5.000","5.000","5.000","5.000","1.16","2026-09-01 07:59:59","2026-09-01 15:59:59","5.80000","1","1.16","5.80000"
"all-available","Asia/Taipei","BTCUSDT","BTC-260901-76000-C","2026-09-01","76000","CALL","1h","2026-08-30 08:00:00","2026-08-30 16:00:00","2265.000","2265.000","2265.000","2265.000","0.27","2026-08-30 08:59:59","2026-08-30 16:59:59","611.55000","1","0.00","0.00000"
"all-available","Asia/Taipei","BTCUSDT","BTC-260901-76000-C","2026-09-01","76000","CALL","1h","2026-08-30 09:00:00","2026-08-30 17:00:00","2265.000","2265.000","2265.000","2265.000","0.00","2026-08-30 09:59:59","2026-08-30 17:59:59","0.00000","0","0.00","0.00000"
"all-available","Asia/Taipei","BTCUSDT","BTC-260901-76000-C","2026-09-01","76000","CALL","1h","2026-08-30 10:00:00","2026-08-30 18:00:00","2265.000","2265.000","2265.000","2265.000","0.00","2026-08-30 10:59:59","2026-08-30 18:59:59","0.00000","0","0.00","0.00000"
"all-available","Asia/Taipei","BTCUSDT","BTC-260901-76000-C","2026-09-01","76000","CALL","1h","2026-08-30 11:00:00","2026-08-30 19:00:00","2265.000","2265.000","2265.000","2265.000","0.00","2026-08-30 11:59:59","2026-08-30 19:59:59","0.00000","0","0.00","0.00000"
"all-available","Asia/Taipei","BTCUSDT","BTC-260901-76000-C","2026-09-01","76000","CALL","1h","2026-08-30 12:00:00","2026-08-30 20:00:00","2655.000","2655.000","2655.000","2655.000","0.01","2026-08-30 12:59:59","2026-08-30 20:59:59","26.55000","1","0.00","0.00000"
"all-available","Asia/Taipei","BTCUSDT","BTC-260901-76000-C","2026-09-01","76000","CALL","1h","2026-08-30 13:00:00","2026-08-30 21:00:00","2655.000","2655.000","2655.000","2655.000","0.00","2026-08-30 13:59:59","2026-08-30 21:59:59","0.00000","0","0.00","0.00000"
"all-available","Asia/Taipei","BTCUSDT","BTC-260901-76000-C","2026-09-01","76000","CALL","1h","2026-08-30 14:00:00","2026-08-30 22:00:00","2655.000","2655.000","2655.000","2655.000","0.00","2026-08-30 14:59:59","2026-08-30 22:59:59","0.00000","0","0.00","0.00000"
"all-available","Asia/Taipei","BTCUSDT","BTC-260901-76000-C","2026-09-01","76000","CALL","1h","2026-08-30 15:00:00","2026-08-30 23:00:00","2655.000","2655.000","2655.000","2655.000","0.00","2026-08-30 15:59:59","2026-08-30 23:59:59","0.00000","0","0.00","0.00000"
"all-available","Asia/Taipei","BTCUSDT","BTC-260901-76000-C","2026-09-01","76000","CALL","1h","2026-08-30 16:00:00","2026-08-31 00:00:00","2655.000","2655.000","2655.000","2655.000","0.00","2026-08-30 16:59:59","2026-08-31 00:59:59","0.00000","0","0.00","0.00000"
"all-available","Asia/Taipei","BTCUSDT","BTC-260901-76000-C","2026-09-01","76000","CALL","1h","2026-08-30 17:00:00","2026-08-31 01:00:00","2655.000","2655.000","2655.000","2655.000","0.00","2026-08-30 17:59:59","2026-08-31 01:59:59","0.00000","0","0.00","0.00000"
"all-available","Asia/Taipei","BTCUSDT","BTC-260901-76000-C","2026-09-01","76000","CALL","1h","2026-08-30 18:00:00","2026-08-31 02:00:00","2655.000","2655.000","2655.000","2655.000","0.00","2026-08-30 18:59:59","2026-08-31 02:59:59","0.00000","0","0.00","0.00000"
"all-available","Asia/Taipei","BTCUSDT","BTC-260901-76000-C","2026-09-01","76000","CALL","1h","2026-08-30 19:00:00","2026-08-31 03:00:00","2655.000","2655.000","2655.000","2655.000","0.00","2026-08-30 19:59:59","2026-08-31 03:59:59","0.00000","0","0.00","0.00000"
"all-available","Asia/Taipei","BTCUSDT","BTC-260901-76000-C","2026-09-01","76000","CALL","1h","2026-08-30 20:00:00","2026-08-31 04:00:00","2655.000","2655.000","2655.000","2655.000","0.00","2026-08-30 20:59:59","2026-08-31 04:59:59","0.00000","0","0.00","0.00000"
"all-available","Asia/Taipei","BTCUSDT","BTC-260901-76000-C","2026-09-01","76000","CALL","1h","2026-08-30 21:00:00","2026-08-31 05:00:00","2655.000","2655.000","2655.000","2655.000","0.00","2026-08-30 21:59:59","2026-08-31 05:59:59","0.00000","0","0.00","0.00000"
"all-available","Asia/Taipei","BTCUSDT","BTC-260901-76000-C","2026-09-01","76000","CALL","1h","2026-08-30 22:00:00","2026-08-31 06:00:00","2655.000","2655.000","2655.000","2655.000","0.00","2026-08-30 22:59:59","2026-08-31 06:59:59","0.00000","0","0.00","0.00000"
"all-available","Asia/Taipei","BTCUSDT","BTC-260901-76000-C","2026-09-01","76000","CALL","1h","2026-08-30 23:00:00","2026-08-31 07:00:00","1615.000","1615.000","1615.000","1615.000","0.01","2026-08-30 23:59:59","2026-08-31 07:59:59","16.15000","1","0.01","16.15000"
"all-available","Asia/Taipei","BTCUSDT","BTC-260901-76000-C","2026-09-01","76000","CALL","1h","2026-08-31 00:00:00","2026-08-31 08:00:00","1615.000","1615.000","1615.000","1615.000","0.00","2026-08-31 00:59:59","2026-08-31 08:59:59","0.00000","0","0.00","0.00000"
"all-available","Asia/Taipei","BTCUSDT","BTC-260901-76000-C","2026-09-01","76000","CALL","1h","2026-08-31 01:00:00","2026-08-31 09:00:00","1615.000","1615.000","1615.000","1615.000","0.00","2026-08-31 01:59:59","2026-08-31 09:59:59","0.00000","0","0.00","0.00000"
"all-available","Asia/Taipei","BTCUSDT","BTC-260901-76000-C","2026-09-01","76000","CALL","1h","2026-08-31 02:00:00","2026-08-31 10:00:00","1615.000","1615.000","1615.000","1615.000","0.00","2026-08-31 02:59:59","2026-08-31 10:59:59","0.00000","0","0.00","0.00000"
"all-available","Asia/Taipei","BTCUSDT","BTC-260901-76000-C","2026-09-01","76000","CALL","1h","2026-08-31 03:00:00","2026-08-31 11:00:00","1615.000","1615.000","1615.000","1615.000","0.00","2026-08-31 03:59:59","2026-08-31 11:59:59","0.00000","0","0.00","0.00000"
"all-available","Asia/Taipei","BTCUSDT","BTC-260901-76000-C","2026-09-01","76000","CALL","1h","2026-08-31 04:00:00","2026-08-31 12:00:00","1615.000","1615.000","1615.000","1615.000","0.00","2026-08-31 04:59:59","2026-08-31 12:59:59","0.00000","0","0.00","0.00000"
"all-available","Asia/Taipei","BTCUSDT","BTC-260901-76000-C","2026-09-01","76000","CALL","1h","2026-08-31 05:00:00","2026-08-31 13:00:00","1615.000","1615.000","1615.000","1615.000","0.00","2026-08-31 05:59:59","2026-08-31 13:59:59","0.00000","0","0.00","0.00000"
"all-available","Asia/Taipei","BTCUSDT","BTC-260901-76000-C","2026-09-01","76000","CALL","1h","2026-08-31 06:00:00","2026-08-31 14:00:00","1615.000","1615.000","1615.000","1615.000","0.00","2026-08-31 06:59:59","2026-08-31 14:59:59","0.00000","0","0.00","0.00000"
"all-available","Asia/Taipei","BTCUSDT","BTC-260901-76000-C","2026-09-01","76000","CALL","1h","2026-08-31 07:00:00","2026-08-31 15:00:00","2305.000","2305.000","2305.000","2305.000","0.27","2026-08-31 07:59:59","2026-08-31 15:59:59","622.35000","1","0.27","622.35000"
"all-available","Asia/Taipei","BTCUSDT","BTC-260901-76000-C","2026-09-01","76000","CALL","1h","2026-08-31 08:00:00","2026-08-31 16:00:00","2305.000","2305.000","2305.000","2305.000","0.00","2026-08-31 08:59:59","2026-08-31 16:59:59","0.00000","0","0.00","0.00000"
"all-available","Asia/Taipei","BTCUSDT","BTC-260901-76000-C","2026-09-01","76000","CALL","1h","2026-08-31 09:00:00","2026-08-31 17:00:00","2305.000","2305.000","2305.000","2305.000","0.00","2026-08-31 09:59:59","2026-08-31 17:59:59","0.00000","0","0.00","0.00000"
"all-available","Asia/Taipei","BTCUSDT","BTC-260901-76000-C","2026-09-01","76000","CALL","1h","2026-08-31 10:00:00","2026-08-31 18:00:00","2305.000","2305.000","2305.000","2305.000","0.00","2026-08-31 10:59:59","2026-08-31 18:59:59","0.00000","0","0.00","0.00000"
"all-available","Asia/Taipei","BTCUSDT","BTC-260901-76000-C","2026-09-01","76000","CALL","1h","2026-08-31 11:00:00","2026-08-31 19:00:00","2305.000","2305.000","2305.000","2305.000","0.00","2026-08-31 11:59:59","2026-08-31 19:59:59","0.00000","0","0.00","0.00000"
"all-available","Asia/Taipei","BTCUSDT","BTC-260901-76000-C","2026-09-01","76000","CALL","1h","2026-08-31 12:00:00","2026-08-31 20:00:00","2305.000","2305.000","2305.000","2305.000","0.00","2026-08-31 12:59:59","2026-08-31 20:59:59","0.00000","0","0.00","0.00000"
"all-available","Asia/Taipei","BTCUSDT","BTC-260901-76000-C","2026-09-01","76000","CALL","1h","2026-08-31 13:00:00","2026-08-31 21:00:00","2305.000","2305.000","2305.000","2305.000","0.00","2026-08-31 13:59:59","2026-08-31 21:59:59","0.00000","0","0.00","0.00000"
"all-available","Asia/Taipei","BTCUSDT","BTC-260901-76000-C","2026-09-01","76000","CALL","1h","2026-08-31 14:00:00","2026-08-31 22:00:00","2305.000","2305.000","2305.000","2305.000","0.00","2026-08-31 14:59:59","2026-08-31 22:59:59","0.00000","0","0.00","0.00000"
"all-available","Asia/Taipei","BTCUSDT","BTC-260901-76000-C","2026-09-01","76000","CALL","1h","2026-08-31 15:00:00","2026-08-31 23:00:00","2305.000","2305.000","2305.000","2305.000","0.00","2026-08-31 15:59:59","2026-08-31 23:59:59","0.00000","0","0.00","0.00000"
"all-available","Asia/Taipei","BTCUSDT","BTC-260901-76000-C","2026-09-01","76000","CALL","1h","2026-08-31 16:00:00","2026-09-01 00:00:00","2305.000","2305.000","2305.000","2305.000","0.00","2026-08-31 16:59:59","2026-09-01 00:59:59","0.00000","0","0.00","0.00000"
"all-available","Asia/Taipei","BTCUSDT","BTC-260901-76000-C","2026-09-01","76000","CALL","1h","2026-08-31 17:00:00","2026-09-01 01:00:00","2305.000","2305.000","2305.000","2305.000","0.00","2026-08-31 17:59:59","2026-09-01 01:59:59","0.00000","0","0.00","0.00000"
"all-available","Asia/Taipei","BTCUSDT","BTC-260901-76000-C","2026-09-01","76000","CALL","1h","2026-08-31 18:00:00","2026-09-01 02:00:00","2305.000","2305.000","2305.000","2305.000","0.00","2026-08-31 18:59:59","2026-09-01 02:59:59","0.00000","0","0.00","0.00000"
"all-available","Asia/Taipei","BTCUSDT","BTC-260901-76000-C","2026-09-01","76000","CALL","1h","2026-08-31 19:00:00","2026-09-01 03:00:00","2305.000","2305.000","2305.000","2305.000","0.00","2026-08-31 19:59:59","2026-09-01 03:59:59","0.00000","0","0.00","0.00000"
"all-available","Asia/Taipei","BTCUSDT","BTC-260901-76000-C","2026-09-01","76000","CALL","1h","2026-08-31 20:00:00","2026-09-01 04:00:00","2305.000","2305.000","2305.000","2305.000","0.00","2026-08-31 20:59:59","2026-09-01 04:59:59","0.00000","0","0.00","0.00000"
"all-available","Asia/Taipei","BTCUSDT","BTC-260901-76000-C","2026-09-01","76000","CALL","1h","2026-08-31 21:00:00","2026-09-01 05:00:00","2305.000","2305.000","2305.000","2305.000","0.00","2026-08-31 21:59:59","2026-09-01 05:59:59","0.00000","0","0.00","0.00000"
"all-available","Asia/Taipei","BTCUSDT","BTC-260901-76000-C","2026-09-01","76000","CALL","1h","2026-08-31 22:00:00","2026-09-01 06:00:00","2305.000","2305.000","2305.000","2305.000","0.00","2026-08-31 22:59:59","2026-09-01 06:59:59","0.00000","0","0.00","0.00000"
"all-available","Asia/Taipei","BTCUSDT","BTC-260901-76000-C","2026-09-01","76000","CALL","1h","2026-08-31 23:00:00","2026-09-01 07:00:00","2305.000","2305.000","2305.000","2305.000","0.00","2026-08-31 23:59:59","2026-09-01 07:59:59","0.00000","0","0.00","0.00000"
"all-available","Asia/Taipei","BTCUSDT","BTC-260901-76000-C","2026-09-01","76000","CALL","1h","2026-09-01 00:00:00","2026-09-01 08:00:00","2305.000","2305.000","2305.000","2305.000","0.00","2026-09-01 00:59:59","2026-09-01 08:59:59","0.00000","0","0.00","0.00000"
"all-available","Asia/Taipei","BTCUSDT","BTC-260901-76000-C","2026-09-01","76000","CALL","1h","2026-09-01 01:00:00","2026-09-01 09:00:00","2305.000","2305.000","2305.000","2305.000","0.00","2026-09-01 01:59:59","2026-09-01 09:59:59","0.00000","0","0.00","0.00000"
"all-available","Asia/Taipei","BTCUSDT","BTC-260901-76000-C","2026-09-01","76000","CALL","1h","2026-09-01 02:00:00","2026-09-01 10:00:00","2305.000","2305.000","2305.000","2305.000","0.00","2026-09-01 02:59:59","2026-09-01 10:59:59","0.00000","0","0.00","0.00000"
"all-available","Asia/Taipei","BTCUSDT","BTC-260901-76000-C","2026-09-01","76000","CALL","1h","2026-09-01 03:00:00","2026-09-01 11:00:00","2305.000","2305.000","2305.000","2305.000","0.00","2026-09-01 03:59:59","2026-09-01 11:59:59","0.00000","0","0.00","0.00000"
"all-available","Asia/Taipei","BTCUSDT","BTC-260901-76000-C","2026-09-01","76000","CALL","1h","2026-09-01 04:00:00","2026-09-01 12:00:00","2305.000","2305.000","2305.000","2305.000","0.00","2026-09-01 04:59:59","2026-09-01 12:59:59","0.00000","0","0.00","0.00000"
"all-available","Asia/Taipei","BTCUSDT","BTC-260901-76000-C","2026-09-01","76000","CALL","1h","2026-09-01 05:00:00","2026-09-01 13:00:00","2305.000","2305.000","2305.000","2305.000","0.00","2026-09-01 05:59:59","2026-09-01 13:59:59","0.00000","0","0.00","0.00000"
"all-available","Asia/Taipei","BTCUSDT","BTC-260901-76000-C","2026-09-01","76000","CALL","1h","2026-09-01 06:00:00","2026-09-01 14:00:00","2305.000","2305.000","2305.000","2305.000","0.00","2026-09-01 06:59:59","2026-09-01 14:59:59","0.00000","0","0.00","0.00000"
"all-available","Asia/Taipei","BTCUSDT","BTC-260901-76000-C","2026-09-01","76000","CALL","1h","2026-09-01 07:00:00","2026-09-01 15:00:00","2305.000","2305.000","2305.000","2305.000","0.00","2026-09-01 07:59:59","2026-09-01 15:59:59","0.00000","0","0.00","0.00000"
"all-available","Asia/Taipei","BTCUSDT","BTC-260901-76000-P","2026-09-01","76000","PUT","1h","2026-08-29 09:00:00","2026-08-29 17:00:00","225.000","225.000","225.000","225.000","0.02","2026-08-29 09:59:59","2026-08-29 17:59:59","4.50000","1","0.00","0.00000"
"all-available","Asia/Taipei","BTCUSDT","BTC-260901-76000-P","2026-09-01","76000","PUT","1h","2026-08-29 10:00:00","2026-08-29 18:00:00","230.000","230.000","210.000","210.000","0.51","2026-08-29 10:59:59","2026-08-29 18:59:59","107.30000","3","0.00","0.00000"
"all-available","Asia/Taipei","BTCUSDT","BTC-260901-76000-P","2026-09-01","76000","PUT","1h","2026-08-29 11:00:00","2026-08-29 19:00:00","210.000","210.000","210.000","210.000","0.00","2026-08-29 11:59:59","2026-08-29 19:59:59","0.00000","0","0.00","0.00000"
"all-available","Asia/Taipei","BTCUSDT","BTC-260901-76000-P","2026-09-01","76000","PUT","1h","2026-08-29 12:00:00","2026-08-29 20:00:00","210.000","210.000","210.000","210.000","0.00","2026-08-29 12:59:59","2026-08-29 20:59:59","0.00000","0","0.00","0.00000"
"all-available","Asia/Taipei","BTCUSDT","BTC-260901-76000-P","2026-09-01","76000","PUT","1h","2026-08-29 13:00:00","2026-08-29 21:00:00","210.000","210.000","210.000","210.000","0.00","2026-08-29 13:59:59","2026-08-29 21:59:59","0.00000","0","0.00","0.00000"
"all-available","Asia/Taipei","BTCUSDT","BTC-260901-76000-P","2026-09-01","76000","PUT","1h","2026-08-29 14:00:00","2026-08-29 22:00:00","210.000","210.000","210.000","210.000","0.00","2026-08-29 14:59:59","2026-08-29 22:59:59","0.00000","0","0.00","0.00000"
"all-available","Asia/Taipei","BTCUSDT","BTC-260901-76000-P","2026-09-01","76000","PUT","1h","2026-08-29 15:00:00","2026-08-29 23:00:00","180.000","185.000","180.000","185.000","1.23","2026-08-29 15:59:59","2026-08-29 23:59:59","222.55000","3","0.00","0.00000"
"all-available","Asia/Taipei","BTCUSDT","BTC-260901-76000-P","2026-09-01","76000","PUT","1h","2026-08-29 16:00:00","2026-08-30 00:00:00","185.000","185.000","185.000","185.000","0.00","2026-08-29 16:59:59","2026-08-30 00:59:59","0.00000","0","0.00","0.00000"
"all-available","Asia/Taipei","BTCUSDT","BTC-260901-76000-P","2026-09-01","76000","PUT","1h","2026-08-29 17:00:00","2026-08-30 01:00:00","140.000","140.000","140.000","140.000","0.10","2026-08-29 17:59:59","2026-08-30 01:59:59","14.00000","1","0.00","0.00000"
"all-available","Asia/Taipei","BTCUSDT","BTC-260901-76000-P","2026-09-01","76000","PUT","1h","2026-08-29 18:00:00","2026-08-30 02:00:00","140.000","140.000","140.000","140.000","0.00","2026-08-29 18:59:59","2026-08-30 02:59:59","0.00000","0","0.00","0.00000"
"all-available","Asia/Taipei","BTCUSDT","BTC-260901-76000-P","2026-09-01","76000","PUT","1h","2026-08-29 19:00:00","2026-08-30 03:00:00","140.000","140.000","140.000","140.000","0.00","2026-08-29 19:59:59","2026-08-30 03:59:59","0.00000","0","0.00","0.00000"
"all-available","Asia/Taipei","BTCUSDT","BTC-260901-76000-P","2026-09-01","76000","PUT","1h","2026-08-29 20:00:00","2026-08-30 04:00:00","140.000","140.000","140.000","140.000","0.00","2026-08-29 20:59:59","2026-08-30 04:59:59","0.00000","0","0.00","0.00000"
"all-available","Asia/Taipei","BTCUSDT","BTC-260901-76000-P","2026-09-01","76000","PUT","1h","2026-08-29 21:00:00","2026-08-30 05:00:00","140.000","140.000","140.000","140.000","0.00","2026-08-29 21:59:59","2026-08-30 05:59:59","0.00000","0","0.00","0.00000"
"all-available","Asia/Taipei","BTCUSDT","BTC-260901-76000-P","2026-09-01","76000","PUT","1h","2026-08-29 22:00:00","2026-08-30 06:00:00","115.000","115.000","115.000","115.000","5.00","2026-08-29 22:59:59","2026-08-30 06:59:59","575.00000","1","0.00","0.00000"
"all-available","Asia/Taipei","BTCUSDT","BTC-260901-76000-P","2026-09-01","76000","PUT","1h","2026-08-29 23:00:00","2026-08-30 07:00:00","100.000","105.000","100.000","105.000","0.27","2026-08-29 23:59:59","2026-08-30 07:59:59","28.25000","2","0.25","26.25000"
"all-available","Asia/Taipei","BTCUSDT","BTC-260901-76000-P","2026-09-01","76000","PUT","1h","2026-08-30 00:00:00","2026-08-30 08:00:00","105.000","105.000","100.000","100.000","0.75","2026-08-30 00:59:59","2026-08-30 08:59:59","76.25000","2","0.25","26.25000"
"all-available","Asia/Taipei","BTCUSDT","BTC-260901-76000-P","2026-09-01","76000","PUT","1h","2026-08-30 01:00:00","2026-08-30 09:00:00","100.000","100.000","100.000","100.000","0.00","2026-08-30 01:59:59","2026-08-30 09:59:59","0.00000","0","0.00","0.00000"
"all-available","Asia/Taipei","BTCUSDT","BTC-260901-76000-P","2026-09-01","76000","PUT","1h","2026-08-30 02:00:00","2026-08-30 10:00:00","100.000","100.000","100.000","100.000","0.00","2026-08-30 02:59:59","2026-08-30 10:59:59","0.00000","0","0.00","0.00000"
"all-available","Asia/Taipei","BTCUSDT","BTC-260901-76000-P","2026-09-01","76000","PUT","1h","2026-08-30 03:00:00","2026-08-30 11:00:00","105.000","105.000","105.000","105.000","1.82","2026-08-30 03:59:59","2026-08-30 11:59:59","191.10000","1","1.82","191.10000"
"all-available","Asia/Taipei","BTCUSDT","BTC-260901-76000-P","2026-09-01","76000","PUT","1h","2026-08-30 04:00:00","2026-08-30 12:00:00","110.000","110.000","110.000","110.000","0.41","2026-08-30 04:59:59","2026-08-30 12:59:59","45.10000","1","0.41","45.10000"
"all-available","Asia/Taipei","BTCUSDT","BTC-260901-76000-P","2026-09-01","76000","PUT","1h","2026-08-30 05:00:00","2026-08-30 13:00:00","110.000","110.000","110.000","110.000","0.00","2026-08-30 05:59:59","2026-08-30 13:59:59","0.00000","0","0.00","0.00000"
"all-available","Asia/Taipei","BTCUSDT","BTC-260901-76000-P","2026-09-01","76000","PUT","1h","2026-08-30 06:00:00","2026-08-30 14:00:00","100.000","100.000","85.000","85.000","5.48","2026-08-30 06:59:59","2026-08-30 14:59:59","533.00000","10","1.00","85.00000"
"all-available","Asia/Taipei","BTCUSDT","BTC-260901-76000-P","2026-09-01","76000","PUT","1h","2026-08-30 07:00:00","2026-08-30 15:00:00","95.000","95.000","95.000","95.000","0.01","2026-08-30 07:59:59","2026-08-30 15:59:59","0.95000","1","0.01","0.95000"
"all-available","Asia/Taipei","BTCUSDT","BTC-260901-76000-P","2026-09-01","76000","PUT","1h","2026-08-30 08:00:00","2026-08-30 16:00:00","95.000","95.000","95.000","95.000","0.00","2026-08-30 08:59:59","2026-08-30 16:59:59","0.00000","0","0.00","0.00000"
"all-available","Asia/Taipei","BTCUSDT","BTC-260901-76000-P","2026-09-01","76000","PUT","1h","2026-08-30 09:00:00","2026-08-30 17:00:00","110.000","110.000","95.000","95.000","1.74","2026-08-30 09:59:59","2026-08-30 17:59:59","183.45000","5","1.11","120.45000"
"all-available","Asia/Taipei","BTCUSDT","BTC-260901-76000-P","2026-09-01","76000","PUT","1h","2026-08-30 10:00:00","2026-08-30 18:00:00","80.000","80.000","80.000","80.000","0.18","2026-08-30 10:59:59","2026-08-30 18:59:59","14.40000","2","0.18","14.40000"
"all-available","Asia/Taipei","BTCUSDT","BTC-260901-76000-P","2026-09-01","76000","PUT","1h","2026-08-30 11:00:00","2026-08-30 19:00:00","80.000","80.000","80.000","80.000","0.00","2026-08-30 11:59:59","2026-08-30 19:59:59","0.00000","0","0.00","0.00000"
"all-available","Asia/Taipei","BTCUSDT","BTC-260901-76000-P","2026-09-01","76000","PUT","1h","2026-08-30 12:00:00","2026-08-30 20:00:00","70.000","70.000","45.000","60.000","7.20","2026-08-30 12:59:59","2026-08-30 20:59:59","446.75000","22","5.55","347.75000"
"all-available","Asia/Taipei","BTCUSDT","BTC-260901-76000-P","2026-09-01","76000","PUT","1h","2026-08-30 13:00:00","2026-08-30 21:00:00","55.000","60.000","45.000","45.000","34.74","2026-08-30 13:59:59","2026-08-30 21:59:59","1604.80000","13","33.54","1544.80000"
"all-available","Asia/Taipei","BTCUSDT","BTC-260901-76000-P","2026-09-01","76000","PUT","1h","2026-08-30 14:00:00","2026-08-30 22:00:00","55.000","60.000","55.000","60.000","79.05","2026-08-30 14:59:59","2026-08-30 22:59:59","4533.55000","16","79.05","4533.55000"
"all-available","Asia/Taipei","BTCUSDT","BTC-260901-76000-P","2026-09-01","76000","PUT","1h","2026-08-30 15:00:00","2026-08-30 23:00:00","55.000","55.000","55.000","55.000","43.20","2026-08-30 15:59:59","2026-08-30 23:59:59","2376.00000","10","43.20","2376.00000"
"all-available","Asia/Taipei","BTCUSDT","BTC-260901-76000-P","2026-09-01","76000","PUT","1h","2026-08-30 16:00:00","2026-08-31 00:00:00","40.000","45.000","35.000","35.000","112.53","2026-08-30 16:59:59","2026-08-31 00:59:59","4639.35000","19","112.53","4639.35000"
"all-available","Asia/Taipei","BTCUSDT","BTC-260901-76000-P","2026-09-01","76000","PUT","1h","2026-08-30 17:00:00","2026-08-31 01:00:00","40.000","40.000","40.000","40.000","13.63","2026-08-30 17:59:59","2026-08-31 01:59:59","545.20000","5","13.63","545.20000"
"all-available","Asia/Taipei","BTCUSDT","BTC-260901-76000-P","2026-09-01","76000","PUT","1h","2026-08-30 18:00:00","2026-08-31 02:00:00","40.000","40.000","40.000","40.000","1.00","2026-08-30 18:59:59","2026-08-31 02:59:59","40.00000","2","1.00","40.00000"
"all-available","Asia/Taipei","BTCUSDT","BTC-260901-76000-P","2026-09-01","76000","PUT","1h","2026-08-30 19:00:00","2026-08-31 03:00:00","50.000","55.000","50.000","55.000","1.88","2026-08-30 19:59:59","2026-08-31 03:59:59","100.45000","4","1.88","100.45000"
"all-available","Asia/Taipei","BTCUSDT","BTC-260901-76000-P","2026-09-01","76000","PUT","1h","2026-08-30 20:00:00","2026-08-31 04:00:00","55.000","65.000","55.000","65.000","3.01","2026-08-30 20:59:59","2026-08-31 04:59:59","174.55000","7","3.01","174.55000"
"all-available","Asia/Taipei","BTCUSDT","BTC-260901-76000-P","2026-09-01","76000","PUT","1h","2026-08-30 21:00:00","2026-08-31 05:00:00","75.000","80.000","60.000","60.000","2.94","2026-08-30 21:59:59","2026-08-31 05:59:59","195.40000","7","1.18","89.40000"
"all-available","Asia/Taipei","BTCUSDT","BTC-260901-76000-P","2026-09-01","76000","PUT","1h","2026-08-30 22:00:00","2026-08-31 06:00:00","55.000","75.000","55.000","75.000","32.64","2026-08-30 22:59:59","2026-08-31 06:59:59","2395.50000","6","31.05","2308.05000"
"all-available","Asia/Taipei","BTCUSDT","BTC-260901-76000-P","2026-09-01","76000","PUT","1h","2026-08-30 23:00:00","2026-08-31 07:00:00","75.000","260.000","75.000","230.000","26.47","2026-08-30 23:59:59","2026-08-31 07:59:59","3423.85000","28","12.43","1528.40000"
"all-available","Asia/Taipei","BTCUSDT","BTC-260901-76000-P","2026-09-01","76000","PUT","1h","2026-08-31 00:00:00","2026-08-31 08:00:00","200.000","200.000","125.000","125.000","1.65","2026-08-31 00:59:59","2026-08-31 08:59:59","296.00000","7","1.30","238.25000"
"all-available","Asia/Taipei","BTCUSDT","BTC-260901-76000-P","2026-09-01","76000","PUT","1h","2026-08-31 01:00:00","2026-08-31 09:00:00","165.000","165.000","145.000","145.000","0.55","2026-08-31 01:59:59","2026-08-31 09:59:59","85.75000","3","0.55","85.75000"
"all-available","Asia/Taipei","BTCUSDT","BTC-260901-76000-P","2026-09-01","76000","PUT","1h","2026-08-31 02:00:00","2026-08-31 10:00:00","120.000","175.000","120.000","175.000","0.51","2026-08-31 02:59:59","2026-08-31 10:59:59","61.75000","2","0.01","1.75000"
"all-available","Asia/Taipei","BTCUSDT","BTC-260901-76000-P","2026-09-01","76000","PUT","1h","2026-08-31 03:00:00","2026-08-31 11:00:00","170.000","170.000","135.000","135.000","3.61","2026-08-31 03:59:59","2026-08-31 11:59:59","537.00000","5","0.34","57.45000"
"all-available","Asia/Taipei","BTCUSDT","BTC-260901-76000-P","2026-09-01","76000","PUT","1h","2026-08-31 04:00:00","2026-08-31 12:00:00","160.000","160.000","160.000","160.000","5.00","2026-08-31 04:59:59","2026-08-31 12:59:59","800.00000","4","5.00","800.00000"
"all-available","Asia/Taipei","BTCUSDT","BTC-260901-76000-P","2026-09-01","76000","PUT","1h","2026-08-31 05:00:00","2026-08-31 13:00:00","140.000","140.000","105.000","105.000","4.10","2026-08-31 05:59:59","2026-08-31 13:59:59","478.40000","18","2.35","247.20000"
"all-available","Asia/Taipei","BTCUSDT","BTC-260901-76000-P","2026-09-01","76000","PUT","1h","2026-08-31 06:00:00","2026-08-31 14:00:00","95.000","95.000","95.000","95.000","3.48","2026-08-31 06:59:59","2026-08-31 14:59:59","330.60000","4","0.25","23.75000"
"all-available","Asia/Taipei","BTCUSDT","BTC-260901-76000-P","2026-09-01","76000","PUT","1h","2026-08-31 07:00:00","2026-08-31 15:00:00","70.000","70.000","50.000","55.000","7.25","2026-08-31 07:59:59","2026-08-31 15:59:59","402.50000","11","6.64","362.00000"
"all-available","Asia/Taipei","BTCUSDT","BTC-260901-76000-P","2026-09-01","76000","PUT","1h","2026-08-31 08:00:00","2026-08-31 16:00:00","55.000","60.000","30.000","30.000","60.41","2026-08-31 08:59:59","2026-08-31 16:59:59","2687.00000","39","33.85","1717.70000"
"all-available","Asia/Taipei","BTCUSDT","BTC-260901-76000-P","2026-09-01","76000","PUT","1h","2026-08-31 09:00:00","2026-08-31 17:00:00","25.000","25.000","20.000","25.000","7.24","2026-08-31 09:59:59","2026-08-31 17:59:59","148.90000","8","0.79","19.75000"
"all-available","Asia/Taipei","BTCUSDT","BTC-260901-76000-P","2026-09-01","76000","PUT","1h","2026-08-31 10:00:00","2026-08-31 18:00:00","25.000","30.000","25.000","30.000","7.08","2026-08-31 10:59:59","2026-08-31 18:59:59","211.90000","13","6.06","181.80000"
"all-available","Asia/Taipei","BTCUSDT","BTC-260901-76000-P","2026-09-01","76000","PUT","1h","2026-08-31 11:00:00","2026-08-31 19:00:00","30.000","35.000","30.000","35.000","13.16","2026-08-31 11:59:59","2026-08-31 19:59:59","412.50000","18","3.41","103.45000"
"all-available","Asia/Taipei","BTCUSDT","BTC-260901-76000-P","2026-09-01","76000","PUT","1h","2026-08-31 12:00:00","2026-08-31 20:00:00","30.000","80.000","30.000","70.000","79.03","2026-08-31 12:59:59","2026-08-31 20:59:59","5653.05000","43","7.25","424.05000"
"all-available","Asia/Taipei","BTCUSDT","BTC-260901-76000-P","2026-09-01","76000","PUT","1h","2026-08-31 13:00:00","2026-08-31 21:00:00","45.000","70.000","45.000","60.000","6.64","2026-08-31 13:59:59","2026-08-31 21:59:59","351.00000","6","6.26","333.90000"
"all-available","Asia/Taipei","BTCUSDT","BTC-260901-76000-P","2026-09-01","76000","PUT","1h","2026-08-31 14:00:00","2026-08-31 22:00:00","60.000","60.000","25.000","25.000","19.45","2026-08-31 14:59:59","2026-08-31 22:59:59","722.55000","26","8.30","344.85000"
"all-available","Asia/Taipei","BTCUSDT","BTC-260901-76000-P","2026-09-01","76000","PUT","1h","2026-08-31 15:00:00","2026-08-31 23:00:00","25.000","30.000","20.000","20.000","16.09","2026-08-31 15:59:59","2026-08-31 23:59:59","344.90000","16","15.30","329.00000"
"all-available","Asia/Taipei","BTCUSDT","BTC-260901-76000-P","2026-09-01","76000","PUT","1h","2026-08-31 16:00:00","2026-09-01 00:00:00","20.000","20.000","15.000","15.000","2.63","2026-08-31 16:59:59","2026-09-01 00:59:59","44.45000","6","1.00","20.00000"
"all-available","Asia/Taipei","BTCUSDT","BTC-260901-76000-P","2026-09-01","76000","PUT","1h","2026-08-31 17:00:00","2026-09-01 01:00:00","15.000","20.000","10.000","10.000","11.01","2026-08-31 17:59:59","2026-09-01 01:59:59","115.20000","11","0.01","0.20000"
"all-available","Asia/Taipei","BTCUSDT","BTC-260901-76000-P","2026-09-01","76000","PUT","1h","2026-08-31 18:00:00","2026-09-01 02:00:00","10.000","10.000","10.000","10.000","0.00","2026-08-31 18:59:59","2026-09-01 02:59:59","0.00000","0","0.00","0.00000"
"all-available","Asia/Taipei","BTCUSDT","BTC-260901-76000-P","2026-09-01","76000","PUT","1h","2026-08-31 19:00:00","2026-09-01 03:00:00","10.000","10.000","10.000","10.000","3.17","2026-08-31 19:59:59","2026-09-01 03:59:59","31.70000","4","3.17","31.70000"
"all-available","Asia/Taipei","BTCUSDT","BTC-260901-76000-P","2026-09-01","76000","PUT","1h","2026-08-31 20:00:00","2026-09-01 04:00:00","10.000","20.000","10.000","20.000","4.90","2026-08-31 20:59:59","2026-09-01 04:59:59","72.20000","6","4.22","65.40000"
"all-available","Asia/Taipei","BTCUSDT","BTC-260901-76000-P","2026-09-01","76000","PUT","1h","2026-08-31 21:00:00","2026-09-01 05:00:00","20.000","20.000","20.000","20.000","0.00","2026-08-31 21:59:59","2026-09-01 05:59:59","0.00000","0","0.00","0.00000"
"all-available","Asia/Taipei","BTCUSDT","BTC-260901-76000-P","2026-09-01","76000","PUT","1h","2026-08-31 22:00:00","2026-09-01 06:00:00","20.000","20.000","20.000","20.000","0.00","2026-08-31 22:59:59","2026-09-01 06:59:59","0.00000","0","0.00","0.00000"
"all-available","Asia/Taipei","BTCUSDT","BTC-260901-76000-P","2026-09-01","76000","PUT","1h","2026-08-31 23:00:00","2026-09-01 07:00:00","20.000","20.000","10.000","15.000","2.91","2026-08-31 23:59:59","2026-09-01 07:59:59","37.50000","9","0.09","1.35000"
"all-available","Asia/Taipei","BTCUSDT","BTC-260901-76000-P","2026-09-01","76000","PUT","1h","2026-09-01 00:00:00","2026-09-01 08:00:00","5.000","5.000","5.000","5.000","13.84","2026-09-01 00:59:59","2026-09-01 08:59:59","69.20000","13","4.21","21.05000"
"all-available","Asia/Taipei","BTCUSDT","BTC-260901-76000-P","2026-09-01","76000","PUT","1h","2026-09-01 01:00:00","2026-09-01 09:00:00","5.000","5.000","5.000","5.000","1.38","2026-09-01 01:59:59","2026-09-01 09:59:59","6.90000","1","0.00","0.00000"
"all-available","Asia/Taipei","BTCUSDT","BTC-260901-76000-P","2026-09-01","76000","PUT","1h","2026-09-01 02:00:00","2026-09-01 10:00:00","5.000","5.000","5.000","5.000","11.42","2026-09-01 02:59:59","2026-09-01 10:59:59","57.10000","2","11.42","57.10000"
"all-available","Asia/Taipei","BTCUSDT","BTC-260901-76000-P","2026-09-01","76000","PUT","1h","2026-09-01 03:00:00","2026-09-01 11:00:00","5.000","5.000","5.000","5.000","0.00","2026-09-01 03:59:59","2026-09-01 11:59:59","0.00000","0","0.00","0.00000"
"all-available","Asia/Taipei","BTCUSDT","BTC-260901-76000-P","2026-09-01","76000","PUT","1h","2026-09-01 04:00:00","2026-09-01 12:00:00","5.000","5.000","5.000","5.000","0.00","2026-09-01 04:59:59","2026-09-01 12:59:59","0.00000","0","0.00","0.00000"
"all-available","Asia/Taipei","BTCUSDT","BTC-260901-76000-P","2026-09-01","76000","PUT","1h","2026-09-01 05:00:00","2026-09-01 13:00:00","5.000","5.000","5.000","5.000","0.00","2026-09-01 05:59:59","2026-09-01 13:59:59","0.00000","0","0.00","0.00000"
"all-available","Asia/Taipei","BTCUSDT","BTC-260901-76000-P","2026-09-01","76000","PUT","1h","2026-09-01 06:00:00","2026-09-01 14:00:00","5.000","5.000","5.000","5.000","0.00","2026-09-01 06:59:59","2026-09-01 14:59:59","0.00000","0","0.00","0.00000"
"all-available","Asia/Taipei","BTCUSDT","BTC-260901-76000-P","2026-09-01","76000","PUT","1h","2026-09-01 07:00:00","2026-09-01 15:00:00","5.000","5.000","5.000","5.000","0.00","2026-09-01 07:59:59","2026-09-01 15:59:59","0.00000","0","0.00","0.00000"
"all-available","Asia/Taipei","BTCUSDT","BTC-260901-76500-C","2026-09-01","76500","CALL","1h","2026-08-30 07:00:00","2026-08-30 15:00:00","1860.000","1860.000","1860.000","1860.000","0.01","2026-08-30 07:59:59","2026-08-30 15:59:59","18.60000","1","0.00","0.00000"
"all-available","Asia/Taipei","BTCUSDT","BTC-260901-76500-C","2026-09-01","76500","CALL","1h","2026-08-30 08:00:00","2026-08-30 16:00:00","1860.000","1860.000","1860.000","1860.000","0.00","2026-08-30 08:59:59","2026-08-30 16:59:59","0.00000","0","0.00","0.00000"
"all-available","Asia/Taipei","BTCUSDT","BTC-260901-76500-C","2026-09-01","76500","CALL","1h","2026-08-30 09:00:00","2026-08-30 17:00:00","1860.000","1860.000","1860.000","1860.000","0.00","2026-08-30 09:59:59","2026-08-30 17:59:59","0.00000","0","0.00","0.00000"
"all-available","Asia/Taipei","BTCUSDT","BTC-260901-76500-C","2026-09-01","76500","CALL","1h","2026-08-30 10:00:00","2026-08-30 18:00:00","1860.000","1860.000","1860.000","1860.000","0.00","2026-08-30 10:59:59","2026-08-30 18:59:59","0.00000","0","0.00","0.00000"
"all-available","Asia/Taipei","BTCUSDT","BTC-260901-76500-C","2026-09-01","76500","CALL","1h","2026-08-30 11:00:00","2026-08-30 19:00:00","1860.000","1860.000","1860.000","1860.000","0.00","2026-08-30 11:59:59","2026-08-30 19:59:59","0.00000","0","0.00","0.00000"
"all-available","Asia/Taipei","BTCUSDT","BTC-260901-76500-C","2026-09-01","76500","CALL","1h","2026-08-30 12:00:00","2026-08-30 20:00:00","1860.000","1860.000","1860.000","1860.000","0.00","2026-08-30 12:59:59","2026-08-30 20:59:59","0.00000","0","0.00","0.00000"
"all-available","Asia/Taipei","BTCUSDT","BTC-260901-76500-C","2026-09-01","76500","CALL","1h","2026-08-30 13:00:00","2026-08-30 21:00:00","2325.000","2325.000","2325.000","2325.000","0.01","2026-08-30 13:59:59","2026-08-30 21:59:59","23.25000","1","0.01","23.25000"
"all-available","Asia/Taipei","BTCUSDT","BTC-260901-76500-C","2026-09-01","76500","CALL","1h","2026-08-30 14:00:00","2026-08-30 22:00:00","2325.000","2325.000","2325.000","2325.000","0.00","2026-08-30 14:59:59","2026-08-30 22:59:59","0.00000","0","0.00","0.00000"
"all-available","Asia/Taipei","BTCUSDT","BTC-260901-76500-C","2026-09-01","76500","CALL","1h","2026-08-30 15:00:00","2026-08-30 23:00:00","2325.000","2325.000","2325.000","2325.000","0.00","2026-08-30 15:59:59","2026-08-30 23:59:59","0.00000","0","0.00","0.00000"
"all-available","Asia/Taipei","BTCUSDT","BTC-260901-76500-C","2026-09-01","76500","CALL","1h","2026-08-30 16:00:00","2026-08-31 00:00:00","2325.000","2325.000","2325.000","2325.000","0.00","2026-08-30 16:59:59","2026-08-31 00:59:59","0.00000","0","0.00","0.00000"
"all-available","Asia/Taipei","BTCUSDT","BTC-260901-76500-C","2026-09-01","76500","CALL","1h","2026-08-30 17:00:00","2026-08-31 01:00:00","2325.000","2325.000","2325.000","2325.000","0.00","2026-08-30 17:59:59","2026-08-31 01:59:59","0.00000","0","0.00","0.00000"
"all-available","Asia/Taipei","BTCUSDT","BTC-260901-76500-C","2026-09-01","76500","CALL","1h","2026-08-30 18:00:00","2026-08-31 02:00:00","2325.000","2325.000","2325.000","2325.000","0.00","2026-08-30 18:59:59","2026-08-31 02:59:59","0.00000","0","0.00","0.00000"
"all-available","Asia/Taipei","BTCUSDT","BTC-260901-76500-C","2026-09-01","76500","CALL","1h","2026-08-30 19:00:00","2026-08-31 03:00:00","2325.000","2325.000","2325.000","2325.000","0.00","2026-08-30 19:59:59","2026-08-31 03:59:59","0.00000","0","0.00","0.00000"
"all-available","Asia/Taipei","BTCUSDT","BTC-260901-76500-C","2026-09-01","76500","CALL","1h","2026-08-30 20:00:00","2026-08-31 04:00:00","2325.000","2325.000","2325.000","2325.000","0.00","2026-08-30 20:59:59","2026-08-31 04:59:59","0.00000","0","0.00","0.00000"
"all-available","Asia/Taipei","BTCUSDT","BTC-260901-76500-C","2026-09-01","76500","CALL","1h","2026-08-30 21:00:00","2026-08-31 05:00:00","2325.000","2325.000","2325.000","2325.000","0.00","2026-08-30 21:59:59","2026-08-31 05:59:59","0.00000","0","0.00","0.00000"
"all-available","Asia/Taipei","BTCUSDT","BTC-260901-76500-C","2026-09-01","76500","CALL","1h","2026-08-30 22:00:00","2026-08-31 06:00:00","2325.000","2325.000","2325.000","2325.000","0.00","2026-08-30 22:59:59","2026-08-31 06:59:59","0.00000","0","0.00","0.00000"
"all-available","Asia/Taipei","BTCUSDT","BTC-260901-76500-C","2026-09-01","76500","CALL","1h","2026-08-30 23:00:00","2026-08-31 07:00:00","2325.000","2325.000","2325.000","2325.000","0.00","2026-08-30 23:59:59","2026-08-31 07:59:59","0.00000","0","0.00","0.00000"
"all-available","Asia/Taipei","BTCUSDT","BTC-260901-76500-C","2026-09-01","76500","CALL","1h","2026-08-31 00:00:00","2026-08-31 08:00:00","2325.000","2325.000","2325.000","2325.000","0.00","2026-08-31 00:59:59","2026-08-31 08:59:59","0.00000","0","0.00","0.00000"
"all-available","Asia/Taipei","BTCUSDT","BTC-260901-76500-C","2026-09-01","76500","CALL","1h","2026-08-31 01:00:00","2026-08-31 09:00:00","2325.000","2325.000","2325.000","2325.000","0.00","2026-08-31 01:59:59","2026-08-31 09:59:59","0.00000","0","0.00","0.00000"
"all-available","Asia/Taipei","BTCUSDT","BTC-260901-76500-C","2026-09-01","76500","CALL","1h","2026-08-31 02:00:00","2026-08-31 10:00:00","2325.000","2325.000","2325.000","2325.000","0.00","2026-08-31 02:59:59","2026-08-31 10:59:59","0.00000","0","0.00","0.00000"
"all-available","Asia/Taipei","BTCUSDT","BTC-260901-76500-C","2026-09-01","76500","CALL","1h","2026-08-31 03:00:00","2026-08-31 11:00:00","2325.000","2325.000","2325.000","2325.000","0.00","2026-08-31 03:59:59","2026-08-31 11:59:59","0.00000","0","0.00","0.00000"
"all-available","Asia/Taipei","BTCUSDT","BTC-260901-76500-C","2026-09-01","76500","CALL","1h","2026-08-31 04:00:00","2026-08-31 12:00:00","2325.000","2325.000","2325.000","2325.000","0.00","2026-08-31 04:59:59","2026-08-31 12:59:59","0.00000","0","0.00","0.00000"
"all-available","Asia/Taipei","BTCUSDT","BTC-260901-76500-C","2026-09-01","76500","CALL","1h","2026-08-31 05:00:00","2026-08-31 13:00:00","2325.000","2325.000","2325.000","2325.000","0.00","2026-08-31 05:59:59","2026-08-31 13:59:59","0.00000","0","0.00","0.00000"
"all-available","Asia/Taipei","BTCUSDT","BTC-260901-76500-C","2026-09-01","76500","CALL","1h","2026-08-31 06:00:00","2026-08-31 14:00:00","2325.000","2325.000","2325.000","2325.000","0.00","2026-08-31 06:59:59","2026-08-31 14:59:59","0.00000","0","0.00","0.00000"
"all-available","Asia/Taipei","BTCUSDT","BTC-260901-76500-C","2026-09-01","76500","CALL","1h","2026-08-31 07:00:00","2026-08-31 15:00:00","2325.000","2325.000","2325.000","2325.000","0.00","2026-08-31 07:59:59","2026-08-31 15:59:59","0.00000","0","0.00","0.00000"
"all-available","Asia/Taipei","BTCUSDT","BTC-260901-76500-C","2026-09-01","76500","CALL","1h","2026-08-31 08:00:00","2026-08-31 16:00:00","2325.000","2325.000","2325.000","2325.000","0.00","2026-08-31 08:59:59","2026-08-31 16:59:59","0.00000","0","0.00","0.00000"
"all-available","Asia/Taipei","BTCUSDT","BTC-260901-76500-C","2026-09-01","76500","CALL","1h","2026-08-31 09:00:00","2026-08-31 17:00:00","2325.000","2325.000","2325.000","2325.000","0.00","2026-08-31 09:59:59","2026-08-31 17:59:59","0.00000","0","0.00","0.00000"
"all-available","Asia/Taipei","BTCUSDT","BTC-260901-76500-C","2026-09-01","76500","CALL","1h","2026-08-31 10:00:00","2026-08-31 18:00:00","2325.000","2325.000","2325.000","2325.000","0.00","2026-08-31 10:59:59","2026-08-31 18:59:59","0.00000","0","0.00","0.00000"
"all-available","Asia/Taipei","BTCUSDT","BTC-260901-76500-C","2026-09-01","76500","CALL","1h","2026-08-31 11:00:00","2026-08-31 19:00:00","2325.000","2325.000","2325.000","2325.000","0.00","2026-08-31 11:59:59","2026-08-31 19:59:59","0.00000","0","0.00","0.00000"
"all-available","Asia/Taipei","BTCUSDT","BTC-260901-76500-C","2026-09-01","76500","CALL","1h","2026-08-31 12:00:00","2026-08-31 20:00:00","2325.000","2325.000","2325.000","2325.000","0.00","2026-08-31 12:59:59","2026-08-31 20:59:59","0.00000","0","0.00","0.00000"
"all-available","Asia/Taipei","BTCUSDT","BTC-260901-76500-C","2026-09-01","76500","CALL","1h","2026-08-31 13:00:00","2026-08-31 21:00:00","2325.000","2325.000","2325.000","2325.000","0.00","2026-08-31 13:59:59","2026-08-31 21:59:59","0.00000","0","0.00","0.00000"
"all-available","Asia/Taipei","BTCUSDT","BTC-260901-76500-C","2026-09-01","76500","CALL","1h","2026-08-31 14:00:00","2026-08-31 22:00:00","2325.000","2325.000","2325.000","2325.000","0.00","2026-08-31 14:59:59","2026-08-31 22:59:59","0.00000","0","0.00","0.00000"
"all-available","Asia/Taipei","BTCUSDT","BTC-260901-76500-C","2026-09-01","76500","CALL","1h","2026-08-31 15:00:00","2026-08-31 23:00:00","2325.000","2325.000","2325.000","2325.000","0.00","2026-08-31 15:59:59","2026-08-31 23:59:59","0.00000","0","0.00","0.00000"
"all-available","Asia/Taipei","BTCUSDT","BTC-260901-76500-C","2026-09-01","76500","CALL","1h","2026-08-31 16:00:00","2026-09-01 00:00:00","2325.000","2325.000","2325.000","2325.000","0.00","2026-08-31 16:59:59","2026-09-01 00:59:59","0.00000","0","0.00","0.00000"
"all-available","Asia/Taipei","BTCUSDT","BTC-260901-76500-C","2026-09-01","76500","CALL","1h","2026-08-31 17:00:00","2026-09-01 01:00:00","2325.000","2325.000","2325.000","2325.000","0.00","2026-08-31 17:59:59","2026-09-01 01:59:59","0.00000","0","0.00","0.00000"
"all-available","Asia/Taipei","BTCUSDT","BTC-260901-76500-C","2026-09-01","76500","CALL","1h","2026-08-31 18:00:00","2026-09-01 02:00:00","2325.000","2325.000","2325.000","2325.000","0.00","2026-08-31 18:59:59","2026-09-01 02:59:59","0.00000","0","0.00","0.00000"
"all-available","Asia/Taipei","BTCUSDT","BTC-260901-76500-C","2026-09-01","76500","CALL","1h","2026-08-31 19:00:00","2026-09-01 03:00:00","2325.000","2325.000","2325.000","2325.000","0.00","2026-08-31 19:59:59","2026-09-01 03:59:59","0.00000","0","0.00","0.00000"
"all-available","Asia/Taipei","BTCUSDT","BTC-260901-76500-C","2026-09-01","76500","CALL","1h","2026-08-31 20:00:00","2026-09-01 04:00:00","2325.000","2325.000","2325.000","2325.000","0.00","2026-08-31 20:59:59","2026-09-01 04:59:59","0.00000","0","0.00","0.00000"
"all-available","Asia/Taipei","BTCUSDT","BTC-260901-76500-C","2026-09-01","76500","CALL","1h","2026-08-31 21:00:00","2026-09-01 05:00:00","2325.000","2325.000","2325.000","2325.000","0.00","2026-08-31 21:59:59","2026-09-01 05:59:59","0.00000","0","0.00","0.00000"
"all-available","Asia/Taipei","BTCUSDT","BTC-260901-76500-C","2026-09-01","76500","CALL","1h","2026-08-31 22:00:00","2026-09-01 06:00:00","2325.000","2325.000","2325.000","2325.000","0.00","2026-08-31 22:59:59","2026-09-01 06:59:59","0.00000","0","0.00","0.00000"
"all-available","Asia/Taipei","BTCUSDT","BTC-260901-76500-C","2026-09-01","76500","CALL","1h","2026-08-31 23:00:00","2026-09-01 07:00:00","2325.000","2325.000","2325.000","2325.000","0.00","2026-08-31 23:59:59","2026-09-01 07:59:59","0.00000","0","0.00","0.00000"
"all-available","Asia/Taipei","BTCUSDT","BTC-260901-76500-C","2026-09-01","76500","CALL","1h","2026-09-01 00:00:00","2026-09-01 08:00:00","2325.000","2325.000","2325.000","2325.000","0.00","2026-09-01 00:59:59","2026-09-01 08:59:59","0.00000","0","0.00","0.00000"
"all-available","Asia/Taipei","BTCUSDT","BTC-260901-76500-C","2026-09-01","76500","CALL","1h","2026-09-01 01:00:00","2026-09-01 09:00:00","2325.000","2325.000","2325.000","2325.000","0.00","2026-09-01 01:59:59","2026-09-01 09:59:59","0.00000","0","0.00","0.00000"
"all-available","Asia/Taipei","BTCUSDT","BTC-260901-76500-C","2026-09-01","76500","CALL","1h","2026-09-01 02:00:00","2026-09-01 10:00:00","2325.000","2325.000","2325.000","2325.000","0.00","2026-09-01 02:59:59","2026-09-01 10:59:59","0.00000","0","0.00","0.00000"
"all-available","Asia/Taipei","BTCUSDT","BTC-260901-76500-C","2026-09-01","76500","CALL","1h","2026-09-01 03:00:00","2026-09-01 11:00:00","2325.000","2325.000","2325.000","2325.000","0.00","2026-09-01 03:59:59","2026-09-01 11:59:59","0.00000","0","0.00","0.00000"
"all-available","Asia/Taipei","BTCUSDT","BTC-260901-76500-C","2026-09-01","76500","CALL","1h","2026-09-01 04:00:00","2026-09-01 12:00:00","2325.000","2325.000","2325.000","2325.000","0.00","2026-09-01 04:59:59","2026-09-01 12:59:59","0.00000","0","0.00","0.00000"
"all-available","Asia/Taipei","BTCUSDT","BTC-260901-76500-C","2026-09-01","76500","CALL","1h","2026-09-01 05:00:00","2026-09-01 13:00:00","2325.000","2325.000","2325.000","2325.000","0.00","2026-09-01 05:59:59","2026-09-01 13:59:59","0.00000","0","0.00","0.00000"
"all-available","Asia/Taipei","BTCUSDT","BTC-260901-76500-C","2026-09-01","76500","CALL","1h","2026-09-01 06:00:00","2026-09-01 14:00:00","2325.000","2325.000","2325.000","2325.000","0.00","2026-09-01 06:59:59","2026-09-01 14:59:59","0.00000","0","0.00","0.00000"
"all-available","Asia/Taipei","BTCUSDT","BTC-260901-76500-C","2026-09-01","76500","CALL","1h","2026-09-01 07:00:00","2026-09-01 15:00:00","2325.000","2325.000","2325.000","2325.000","0.00","2026-09-01 07:59:59","2026-09-01 15:59:59","0.00000","0","0.00","0.00000"
"all-available","Asia/Taipei","BTCUSDT","BTC-260901-76500-P","2026-09-01","76500","PUT","1h","2026-08-29 08:00:00","2026-08-29 16:00:00","410.000","415.000","405.000","405.000","2.27","2026-08-29 08:59:59","2026-08-29 16:59:59","940.10000","3","2.12","879.35000"
"all-available","Asia/Taipei","BTCUSDT","BTC-260901-76500-P","2026-09-01","76500","PUT","1h","2026-08-29 09:00:00","2026-08-29 17:00:00","405.000","405.000","405.000","405.000","0.00","2026-08-29 09:59:59","2026-08-29 17:59:59","0.00000","0","0.00","0.00000"
"all-available","Asia/Taipei","BTCUSDT","BTC-260901-76500-P","2026-09-01","76500","PUT","1h","2026-08-29 10:00:00","2026-08-29 18:00:00","305.000","315.000","305.000","315.000","0.70","2026-08-29 10:59:59","2026-08-29 18:59:59","214.50000","3","0.00","0.00000"
"all-available","Asia/Taipei","BTCUSDT","BTC-260901-76500-P","2026-09-01","76500","PUT","1h","2026-08-29 11:00:00","2026-08-29 19:00:00","315.000","315.000","315.000","315.000","0.00","2026-08-29 11:59:59","2026-08-29 19:59:59","0.00000","0","0.00","0.00000"
"all-available","Asia/Taipei","BTCUSDT","BTC-260901-76500-P","2026-09-01","76500","PUT","1h","2026-08-29 12:00:00","2026-08-29 20:00:00","315.000","315.000","315.000","315.000","0.00","2026-08-29 12:59:59","2026-08-29 20:59:59","0.00000","0","0.00","0.00000"
"all-available","Asia/Taipei","BTCUSDT","BTC-260901-76500-P","2026-09-01","76500","PUT","1h","2026-08-29 13:00:00","2026-08-29 21:00:00","315.000","315.000","315.000","315.000","0.00","2026-08-29 13:59:59","2026-08-29 21:59:59","0.00000","0","0.00","0.00000"
"all-available","Asia/Taipei","BTCUSDT","BTC-260901-76500-P","2026-09-01","76500","PUT","1h","2026-08-29 14:00:00","2026-08-29 22:00:00","315.000","315.000","315.000","315.000","0.00","2026-08-29 14:59:59","2026-08-29 22:59:59","0.00000","0","0.00","0.00000"
"all-available","Asia/Taipei","BTCUSDT","BTC-260901-76500-P","2026-09-01","76500","PUT","1h","2026-08-29 15:00:00","2026-08-29 23:00:00","265.000","265.000","265.000","265.000","1.34","2026-08-29 15:59:59","2026-08-29 23:59:59","355.10000","3","0.00","0.00000"
"all-available","Asia/Taipei","BTCUSDT","BTC-260901-76500-P","2026-09-01","76500","PUT","1h","2026-08-29 16:00:00","2026-08-30 00:00:00","265.000","265.000","265.000","265.000","0.00","2026-08-29 16:59:59","2026-08-30 00:59:59","0.00000","0","0.00","0.00000"
"all-available","Asia/Taipei","BTCUSDT","BTC-260901-76500-P","2026-09-01","76500","PUT","1h","2026-08-29 17:00:00","2026-08-30 01:00:00","265.000","265.000","265.000","265.000","0.00","2026-08-29 17:59:59","2026-08-30 01:59:59","0.00000","0","0.00","0.00000"
"all-available","Asia/Taipei","BTCUSDT","BTC-260901-76500-P","2026-09-01","76500","PUT","1h","2026-08-29 18:00:00","2026-08-30 02:00:00","190.000","190.000","190.000","190.000","0.37","2026-08-29 18:59:59","2026-08-30 02:59:59","70.30000","3","0.37","70.30000"
"all-available","Asia/Taipei","BTCUSDT","BTC-260901-76500-P","2026-09-01","76500","PUT","1h","2026-08-29 19:00:00","2026-08-30 03:00:00","190.000","190.000","190.000","190.000","0.00","2026-08-29 19:59:59","2026-08-30 03:59:59","0.00000","0","0.00","0.00000"
"all-available","Asia/Taipei","BTCUSDT","BTC-260901-76500-P","2026-09-01","76500","PUT","1h","2026-08-29 20:00:00","2026-08-30 04:00:00","190.000","190.000","190.000","190.000","0.00","2026-08-29 20:59:59","2026-08-30 04:59:59","0.00000","0","0.00","0.00000"
"all-available","Asia/Taipei","BTCUSDT","BTC-260901-76500-P","2026-09-01","76500","PUT","1h","2026-08-29 21:00:00","2026-08-30 05:00:00","190.000","190.000","190.000","190.000","0.00","2026-08-29 21:59:59","2026-08-30 05:59:59","0.00000","0","0.00","0.00000"
"all-available","Asia/Taipei","BTCUSDT","BTC-260901-76500-P","2026-09-01","76500","PUT","1h","2026-08-29 22:00:00","2026-08-30 06:00:00","185.000","185.000","185.000","185.000","7.00","2026-08-29 22:59:59","2026-08-30 06:59:59","1295.00000","1","0.00","0.00000"
"all-available","Asia/Taipei","BTCUSDT","BTC-260901-76500-P","2026-09-01","76500","PUT","1h","2026-08-29 23:00:00","2026-08-30 07:00:00","185.000","185.000","185.000","185.000","0.00","2026-08-29 23:59:59","2026-08-30 07:59:59","0.00000","0","0.00","0.00000"
"all-available","Asia/Taipei","BTCUSDT","BTC-260901-76500-P","2026-09-01","76500","PUT","1h","2026-08-30 00:00:00","2026-08-30 08:00:00","165.000","170.000","160.000","160.000","0.20","2026-08-30 00:59:59","2026-08-30 08:59:59","32.75000","3","0.10","16.75000"
"all-available","Asia/Taipei","BTCUSDT","BTC-260901-76500-P","2026-09-01","76500","PUT","1h","2026-08-30 01:00:00","2026-08-30 09:00:00","170.000","195.000","170.000","195.000","12.12","2026-08-30 01:59:59","2026-08-30 09:59:59","2163.40000","5","8.00","1360.00000"
"all-available","Asia/Taipei","BTCUSDT","BTC-260901-76500-P","2026-09-01","76500","PUT","1h","2026-08-30 02:00:00","2026-08-30 10:00:00","195.000","195.000","195.000","195.000","0.00","2026-08-30 02:59:59","2026-08-30 10:59:59","0.00000","0","0.00","0.00000"
"all-available","Asia/Taipei","BTCUSDT","BTC-260901-76500-P","2026-09-01","76500","PUT","1h","2026-08-30 03:00:00","2026-08-30 11:00:00","195.000","195.000","195.000","195.000","0.00","2026-08-30 03:59:59","2026-08-30 11:59:59","0.00000","0","0.00","0.00000"
"all-available","Asia/Taipei","BTCUSDT","BTC-260901-76500-P","2026-09-01","76500","PUT","1h","2026-08-30 04:00:00","2026-08-30 12:00:00","195.000","195.000","195.000","195.000","0.00","2026-08-30 04:59:59","2026-08-30 12:59:59","0.00000","0","0.00","0.00000"
"all-available","Asia/Taipei","BTCUSDT","BTC-260901-76500-P","2026-09-01","76500","PUT","1h","2026-08-30 05:00:00","2026-08-30 13:00:00","195.000","195.000","195.000","195.000","0.00","2026-08-30 05:59:59","2026-08-30 13:59:59","0.00000","0","0.00","0.00000"
"all-available","Asia/Taipei","BTCUSDT","BTC-260901-76500-P","2026-09-01","76500","PUT","1h","2026-08-30 06:00:00","2026-08-30 14:00:00","195.000","195.000","195.000","195.000","0.00","2026-08-30 06:59:59","2026-08-30 14:59:59","0.00000","0","0.00","0.00000"
"all-available","Asia/Taipei","BTCUSDT","BTC-260901-76500-P","2026-09-01","76500","PUT","1h","2026-08-30 07:00:00","2026-08-30 15:00:00","150.000","150.000","150.000","150.000","0.10","2026-08-30 07:59:59","2026-08-30 15:59:59","15.00000","1","0.00","0.00000"
"all-available","Asia/Taipei","BTCUSDT","BTC-260901-76500-P","2026-09-01","76500","PUT","1h","2026-08-30 08:00:00","2026-08-30 16:00:00","150.000","150.000","150.000","150.000","0.00","2026-08-30 08:59:59","2026-08-30 16:59:59","0.00000","0","0.00","0.00000"
"all-available","Asia/Taipei","BTCUSDT","BTC-260901-76500-P","2026-09-01","76500","PUT","1h","2026-08-30 09:00:00","2026-08-30 17:00:00","165.000","165.000","165.000","165.000","0.03","2026-08-30 09:59:59","2026-08-30 17:59:59","4.95000","1","0.00","0.00000"
"all-available","Asia/Taipei","BTCUSDT","BTC-260901-76500-P","2026-09-01","76500","PUT","1h","2026-08-30 10:00:00","2026-08-30 18:00:00","165.000","165.000","165.000","165.000","0.00","2026-08-30 10:59:59","2026-08-30 18:59:59","0.00000","0","0.00","0.00000"
"all-available","Asia/Taipei","BTCUSDT","BTC-260901-76500-P","2026-09-01","76500","PUT","1h","2026-08-30 11:00:00","2026-08-30 19:00:00","165.000","165.000","165.000","165.000","0.00","2026-08-30 11:59:59","2026-08-30 19:59:59","0.00000","0","0.00","0.00000"
"all-available","Asia/Taipei","BTCUSDT","BTC-260901-76500-P","2026-09-01","76500","PUT","1h","2026-08-30 12:00:00","2026-08-30 20:00:00","90.000","100.000","90.000","95.000","93.66","2026-08-30 12:59:59","2026-08-30 20:59:59","9105.20000","12","93.66","9105.20000"
"all-available","Asia/Taipei","BTCUSDT","BTC-260901-76500-P","2026-09-01","76500","PUT","1h","2026-08-30 13:00:00","2026-08-30 21:00:00","80.000","80.000","70.000","70.000","1.53","2026-08-30 13:59:59","2026-08-30 21:59:59","112.40000","4","0.53","42.40000"
"all-available","Asia/Taipei","BTCUSDT","BTC-260901-76500-P","2026-09-01","76500","PUT","1h","2026-08-30 14:00:00","2026-08-30 22:00:00","80.000","85.000","80.000","85.000","2.52","2026-08-30 14:59:59","2026-08-30 22:59:59","213.70000","3","2.52","213.70000"
"all-available","Asia/Taipei","BTCUSDT","BTC-260901-76500-P","2026-09-01","76500","PUT","1h","2026-08-30 15:00:00","2026-08-30 23:00:00","80.000","80.000","80.000","80.000","0.21","2026-08-30 15:59:59","2026-08-30 23:59:59","16.80000","2","0.21","16.80000"
"all-available","Asia/Taipei","BTCUSDT","BTC-260901-76500-P","2026-09-01","76500","PUT","1h","2026-08-30 16:00:00","2026-08-31 00:00:00","55.000","60.000","50.000","50.000","94.61","2026-08-30 16:59:59","2026-08-31 00:59:59","5121.80000","30","0.70","41.40000"
"all-available","Asia/Taipei","BTCUSDT","BTC-260901-76500-P","2026-09-01","76500","PUT","1h","2026-08-30 17:00:00","2026-08-31 01:00:00","50.000","50.000","50.000","50.000","0.41","2026-08-30 17:59:59","2026-08-31 01:59:59","20.50000","1","0.41","20.50000"
"all-available","Asia/Taipei","BTCUSDT","BTC-260901-76500-P","2026-09-01","76500","PUT","1h","2026-08-30 18:00:00","2026-08-31 02:00:00","50.000","50.000","50.000","50.000","0.00","2026-08-30 18:59:59","2026-08-31 02:59:59","0.00000","0","0.00","0.00000"
"all-available","Asia/Taipei","BTCUSDT","BTC-260901-76500-P","2026-09-01","76500","PUT","1h","2026-08-30 19:00:00","2026-08-31 03:00:00","75.000","75.000","75.000","75.000","0.20","2026-08-30 19:59:59","2026-08-31 03:59:59","15.00000","1","0.20","15.00000"
"all-available","Asia/Taipei","BTCUSDT","BTC-260901-76500-P","2026-09-01","76500","PUT","1h","2026-08-30 20:00:00","2026-08-31 04:00:00","85.000","85.000","85.000","85.000","1.50","2026-08-30 20:59:59","2026-08-31 04:59:59","127.50000","10","1.50","127.50000"
"all-available","Asia/Taipei","BTCUSDT","BTC-260901-76500-P","2026-09-01","76500","PUT","1h","2026-08-30 21:00:00","2026-08-31 05:00:00","110.000","120.000","90.000","90.000","2.89","2026-08-30 21:59:59","2026-08-31 05:59:59","298.30000","9","1.50","172.50000"
"all-available","Asia/Taipei","BTCUSDT","BTC-260901-76500-P","2026-09-01","76500","PUT","1h","2026-08-30 22:00:00","2026-08-31 06:00:00","90.000","90.000","90.000","90.000","0.00","2026-08-30 22:59:59","2026-08-31 06:59:59","0.00000","0","0.00","0.00000"
"all-available","Asia/Taipei","BTCUSDT","BTC-260901-76500-P","2026-09-01","76500","PUT","1h","2026-08-30 23:00:00","2026-08-31 07:00:00","105.000","515.000","105.000","290.000","24.60","2026-08-30 23:59:59","2026-08-31 07:59:59","6096.95000","26","21.52","5156.90000"
"all-available","Asia/Taipei","BTCUSDT","BTC-260901-76500-P","2026-09-01","76500","PUT","1h","2026-08-31 00:00:00","2026-08-31 08:00:00","270.000","320.000","195.000","205.000","23.11","2026-08-31 00:59:59","2026-08-31 08:59:59","5067.95000","16","20.01","4106.95000"
"all-available","Asia/Taipei","BTCUSDT","BTC-260901-76500-P","2026-09-01","76500","PUT","1h","2026-08-31 01:00:00","2026-08-31 09:00:00","200.000","265.000","200.000","230.000","22.98","2026-08-31 01:59:59","2026-08-31 09:59:59","4738.10000","8","3.98","938.10000"
"all-available","Asia/Taipei","BTCUSDT","BTC-260901-76500-P","2026-09-01","76500","PUT","1h","2026-08-31 02:00:00","2026-08-31 10:00:00","265.000","290.000","195.000","290.000","0.54","2026-08-31 02:59:59","2026-08-31 10:59:59","108.50000","4","0.01","2.90000"
"all-available","Asia/Taipei","BTCUSDT","BTC-260901-76500-P","2026-09-01","76500","PUT","1h","2026-08-31 03:00:00","2026-08-31 11:00:00","280.000","280.000","195.000","210.000","3.05","2026-08-31 03:59:59","2026-08-31 11:59:59","710.95000","9","0.60","123.50000"
"all-available","Asia/Taipei","BTCUSDT","BTC-260901-76500-P","2026-09-01","76500","PUT","1h","2026-08-31 04:00:00","2026-08-31 12:00:00","240.000","265.000","230.000","230.000","1.00","2026-08-31 04:59:59","2026-08-31 12:59:59","242.55000","6","0.38","98.80000"
"all-available","Asia/Taipei","BTCUSDT","BTC-260901-76500-P","2026-09-01","76500","PUT","1h","2026-08-31 05:00:00","2026-08-31 13:00:00","230.000","230.000","160.000","165.000","2.58","2026-08-31 05:59:59","2026-08-31 13:59:59","446.65000","17","1.80","299.95000"
"all-available","Asia/Taipei","BTCUSDT","BTC-260901-76500-P","2026-09-01","76500","PUT","1h","2026-08-31 06:00:00","2026-08-31 14:00:00","135.000","145.000","135.000","145.000","1.05","2026-08-31 06:59:59","2026-08-31 14:59:59","142.25000","2","0.05","7.25000"
"all-available","Asia/Taipei","BTCUSDT","BTC-260901-76500-P","2026-09-01","76500","PUT","1h","2026-08-31 07:00:00","2026-08-31 15:00:00","105.000","105.000","90.000","95.000","2.84","2026-08-31 07:59:59","2026-08-31 15:59:59","283.70000","8","2.74","273.20000"
"all-available","Asia/Taipei","BTCUSDT","BTC-260901-76500-P","2026-09-01","76500","PUT","1h","2026-08-31 08:00:00","2026-08-31 16:00:00","95.000","105.000","45.000","45.000","16.49","2026-08-31 08:59:59","2026-08-31 16:59:59","1094.30000","36","10.32","680.45000"
"all-available","Asia/Taipei","BTCUSDT","BTC-260901-76500-P","2026-09-01","76500","PUT","1h","2026-08-31 09:00:00","2026-08-31 17:00:00","45.000","45.000","35.000","40.000","110.35","2026-08-31 09:59:59","2026-08-31 17:59:59","4497.20000","27","103.60","4220.60000"
"all-available","Asia/Taipei","BTCUSDT","BTC-260901-76500-P","2026-09-01","76500","PUT","1h","2026-08-31 10:00:00","2026-08-31 18:00:00","45.000","50.000","40.000","40.000","46.86","2026-08-31 10:59:59","2026-08-31 18:59:59","2105.20000","46","3.21","153.10000"
"all-available","Asia/Taipei","BTCUSDT","BTC-260901-76500-P","2026-09-01","76500","PUT","1h","2026-08-31 11:00:00","2026-08-31 19:00:00","40.000","60.000","40.000","60.000","6.57","2026-08-31 11:59:59","2026-08-31 19:59:59","360.85000","12","1.70","97.55000"
"all-available","Asia/Taipei","BTCUSDT","BTC-260901-76500-P","2026-09-01","76500","PUT","1h","2026-08-31 12:00:00","2026-08-31 20:00:00","60.000","120.000","55.000","120.000","5.02","2026-08-31 12:59:59","2026-08-31 20:59:59","411.95000","12","3.89","318.35000"
"all-available","Asia/Taipei","BTCUSDT","BTC-260901-76500-P","2026-09-01","76500","PUT","1h","2026-08-31 13:00:00","2026-08-31 21:00:00","100.000","100.000","80.000","85.000","2.01","2026-08-31 13:59:59","2026-08-31 21:59:59","170.10000","6","1.74","144.20000"
"all-available","Asia/Taipei","BTCUSDT","BTC-260901-76500-P","2026-09-01","76500","PUT","1h","2026-08-31 14:00:00","2026-08-31 22:00:00","100.000","100.000","35.000","35.000","3.18","2026-08-31 14:59:59","2026-08-31 22:59:59","187.70000","33","1.81","81.85000"
"all-available","Asia/Taipei","BTCUSDT","BTC-260901-76500-P","2026-09-01","76500","PUT","1h","2026-08-31 15:00:00","2026-08-31 23:00:00","35.000","40.000","20.000","20.000","3.19","2026-08-31 15:59:59","2026-08-31 23:59:59","111.90000","9","3.02","105.70000"
"all-available","Asia/Taipei","BTCUSDT","BTC-260901-76500-P","2026-09-01","76500","PUT","1h","2026-08-31 16:00:00","2026-09-01 00:00:00","25.000","30.000","25.000","25.000","132.24","2026-08-31 16:59:59","2026-09-01 00:59:59","3306.05000","33","129.10","3227.55000"
"all-available","Asia/Taipei","BTCUSDT","BTC-260901-76500-P","2026-09-01","76500","PUT","1h","2026-08-31 17:00:00","2026-09-01 01:00:00","20.000","20.000","15.000","15.000","0.94","2026-08-31 17:59:59","2026-09-01 01:59:59","15.10000","4","0.00","0.00000"
"all-available","Asia/Taipei","BTCUSDT","BTC-260901-76500-P","2026-09-01","76500","PUT","1h","2026-08-31 18:00:00","2026-09-01 02:00:00","15.000","15.000","15.000","15.000","1.61","2026-08-31 18:59:59","2026-09-01 02:59:59","24.15000","7","0.00","0.00000"
"all-available","Asia/Taipei","BTCUSDT","BTC-260901-76500-P","2026-09-01","76500","PUT","1h","2026-08-31 19:00:00","2026-09-01 03:00:00","10.000","15.000","10.000","15.000","5.58","2026-08-31 19:59:59","2026-09-01 03:59:59","66.00000","9","1.91","28.65000"
"all-available","Asia/Taipei","BTCUSDT","BTC-260901-76500-P","2026-09-01","76500","PUT","1h","2026-08-31 20:00:00","2026-09-01 04:00:00","20.000","30.000","15.000","25.000","12.78","2026-08-31 20:59:59","2026-09-01 04:59:59","232.80000","15","12.78","232.80000"
"all-available","Asia/Taipei","BTCUSDT","BTC-260901-76500-P","2026-09-01","76500","PUT","1h","2026-08-31 21:00:00","2026-09-01 05:00:00","25.000","25.000","25.000","25.000","0.00","2026-08-31 21:59:59","2026-09-01 05:59:59","0.00000","0","0.00","0.00000"
"all-available","Asia/Taipei","BTCUSDT","BTC-260901-76500-P","2026-09-01","76500","PUT","1h","2026-08-31 22:00:00","2026-09-01 06:00:00","25.000","25.000","25.000","25.000","0.00","2026-08-31 22:59:59","2026-09-01 06:59:59","0.00000","0","0.00","0.00000"
"all-available","Asia/Taipei","BTCUSDT","BTC-260901-76500-P","2026-09-01","76500","PUT","1h","2026-08-31 23:00:00","2026-09-01 07:00:00","25.000","30.000","20.000","20.000","1.75","2026-08-31 23:59:59","2026-09-01 07:59:59","42.05000","8","0.00","0.00000"
"all-available","Asia/Taipei","BTCUSDT","BTC-260901-76500-P","2026-09-01","76500","PUT","1h","2026-09-01 00:00:00","2026-09-01 08:00:00","20.000","20.000","10.000","10.000","6.53","2026-09-01 00:59:59","2026-09-01 08:59:59","108.80000","8","1.00","15.00000"
"all-available","Asia/Taipei","BTCUSDT","BTC-260901-76500-P","2026-09-01","76500","PUT","1h","2026-09-01 01:00:00","2026-09-01 09:00:00","10.000","10.000","10.000","10.000","0.00","2026-09-01 01:59:59","2026-09-01 09:59:59","0.00000","0","0.00","0.00000"
"all-available","Asia/Taipei","BTCUSDT","BTC-260901-76500-P","2026-09-01","76500","PUT","1h","2026-09-01 02:00:00","2026-09-01 10:00:00","15.000","15.000","5.000","5.000","32.93","2026-09-01 02:59:59","2026-09-01 10:59:59","335.70000","26","0.24","3.35000"
"all-available","Asia/Taipei","BTCUSDT","BTC-260901-76500-P","2026-09-01","76500","PUT","1h","2026-09-01 03:00:00","2026-09-01 11:00:00","5.000","5.000","5.000","5.000","0.00","2026-09-01 03:59:59","2026-09-01 11:59:59","0.00000","0","0.00","0.00000"
"all-available","Asia/Taipei","BTCUSDT","BTC-260901-76500-P","2026-09-01","76500","PUT","1h","2026-09-01 04:00:00","2026-09-01 12:00:00","5.000","5.000","5.000","5.000","2.81","2026-09-01 04:59:59","2026-09-01 12:59:59","14.05000","1","2.81","14.05000"
"all-available","Asia/Taipei","BTCUSDT","BTC-260901-76500-P","2026-09-01","76500","PUT","1h","2026-09-01 05:00:00","2026-09-01 13:00:00","5.000","5.000","5.000","5.000","0.00","2026-09-01 05:59:59","2026-09-01 13:59:59","0.00000","0","0.00","0.00000"
"all-available","Asia/Taipei","BTCUSDT","BTC-260901-76500-P","2026-09-01","76500","PUT","1h","2026-09-01 06:00:00","2026-09-01 14:00:00","5.000","5.000","5.000","5.000","0.00","2026-09-01 06:59:59","2026-09-01 14:59:59","0.00000","0","0.00","0.00000"
"all-available","Asia/Taipei","BTCUSDT","BTC-260901-76500-P","2026-09-01","76500","PUT","1h","2026-09-01 07:00:00","2026-09-01 15:00:00","5.000","5.000","5.000","5.000","0.00","2026-09-01 07:59:59","2026-09-01 15:59:59","0.00000","0","0.00","0.00000"
"all-available","Asia/Taipei","BTCUSDT","BTC-260901-77000-C","2026-09-01","77000","CALL","1h","2026-08-30 23:00:00","2026-08-31 07:00:00","1060.000","1060.000","1060.000","1060.000","0.03","2026-08-30 23:59:59","2026-08-31 07:59:59","31.80000","1","0.03","31.80000"
"all-available","Asia/Taipei","BTCUSDT","BTC-260901-77000-C","2026-09-01","77000","CALL","1h","2026-08-31 00:00:00","2026-08-31 08:00:00","1150.000","1150.000","1150.000","1150.000","0.03","2026-08-31 00:59:59","2026-08-31 08:59:59","34.50000","1","0.03","34.50000"
"all-available","Asia/Taipei","BTCUSDT","BTC-260901-77000-C","2026-09-01","77000","CALL","1h","2026-08-31 01:00:00","2026-08-31 09:00:00","1150.000","1150.000","1150.000","1150.000","0.00","2026-08-31 01:59:59","2026-08-31 09:59:59","0.00000","0","0.00","0.00000"
"all-available","Asia/Taipei","BTCUSDT","BTC-260901-77000-C","2026-09-01","77000","CALL","1h","2026-08-31 02:00:00","2026-08-31 10:00:00","965.000","965.000","965.000","965.000","0.31","2026-08-31 02:59:59","2026-08-31 10:59:59","299.15000","2","0.31","299.15000"
"all-available","Asia/Taipei","BTCUSDT","BTC-260901-77000-C","2026-09-01","77000","CALL","1h","2026-08-31 03:00:00","2026-08-31 11:00:00","1080.000","1120.000","1080.000","1120.000","0.29","2026-08-31 03:59:59","2026-08-31 11:59:59","324.40000","2","0.29","324.40000"
"all-available","Asia/Taipei","BTCUSDT","BTC-260901-77000-C","2026-09-01","77000","CALL","1h","2026-08-31 04:00:00","2026-08-31 12:00:00","1120.000","1120.000","1120.000","1120.000","0.00","2026-08-31 04:59:59","2026-08-31 12:59:59","0.00000","0","0.00","0.00000"
"all-available","Asia/Taipei","BTCUSDT","BTC-260901-77000-C","2026-09-01","77000","CALL","1h","2026-08-31 05:00:00","2026-08-31 13:00:00","1260.000","1260.000","1260.000","1260.000","0.01","2026-08-31 05:59:59","2026-08-31 13:59:59","12.60000","1","0.00","0.00000"
"all-available","Asia/Taipei","BTCUSDT","BTC-260901-77000-C","2026-09-01","77000","CALL","1h","2026-08-31 06:00:00","2026-08-31 14:00:00","1260.000","1260.000","1260.000","1260.000","0.00","2026-08-31 06:59:59","2026-08-31 14:59:59","0.00000","0","0.00","0.00000"
"all-available","Asia/Taipei","BTCUSDT","BTC-260901-77000-C","2026-09-01","77000","CALL","1h","2026-08-31 07:00:00","2026-08-31 15:00:00","1260.000","1260.000","1260.000","1260.000","0.00","2026-08-31 07:59:59","2026-08-31 15:59:59","0.00000","0","0.00","0.00000"
"all-available","Asia/Taipei","BTCUSDT","BTC-260901-77000-C","2026-09-01","77000","CALL","1h","2026-08-31 08:00:00","2026-08-31 16:00:00","1500.000","1500.000","1500.000","1500.000","0.01","2026-08-31 08:59:59","2026-08-31 16:59:59","15.00000","1","0.00","0.00000"
"all-available","Asia/Taipei","BTCUSDT","BTC-260901-77000-C","2026-09-01","77000","CALL","1h","2026-08-31 09:00:00","2026-08-31 17:00:00","1500.000","1500.000","1500.000","1500.000","0.00","2026-08-31 09:59:59","2026-08-31 17:59:59","0.00000","0","0.00","0.00000"
"all-available","Asia/Taipei","BTCUSDT","BTC-260901-77000-C","2026-09-01","77000","CALL","1h","2026-08-31 10:00:00","2026-08-31 18:00:00","1500.000","1500.000","1500.000","1500.000","0.00","2026-08-31 10:59:59","2026-08-31 18:59:59","0.00000","0","0.00","0.00000"
"all-available","Asia/Taipei","BTCUSDT","BTC-260901-77000-C","2026-09-01","77000","CALL","1h","2026-08-31 11:00:00","2026-08-31 19:00:00","1465.000","1465.000","1465.000","1465.000","0.01","2026-08-31 11:59:59","2026-08-31 19:59:59","14.65000","1","0.01","14.65000"
"all-available","Asia/Taipei","BTCUSDT","BTC-260901-77000-C","2026-09-01","77000","CALL","1h","2026-08-31 12:00:00","2026-08-31 20:00:00","1465.000","1465.000","1465.000","1465.000","0.00","2026-08-31 12:59:59","2026-08-31 20:59:59","0.00000","0","0.00","0.00000"
"all-available","Asia/Taipei","BTCUSDT","BTC-260901-77000-C","2026-09-01","77000","CALL","1h","2026-08-31 13:00:00","2026-08-31 21:00:00","1465.000","1465.000","1465.000","1465.000","0.00","2026-08-31 13:59:59","2026-08-31 21:59:59","0.00000","0","0.00","0.00000"
"all-available","Asia/Taipei","BTCUSDT","BTC-260901-77000-C","2026-09-01","77000","CALL","1h","2026-08-31 14:00:00","2026-08-31 22:00:00","1465.000","1465.000","1465.000","1465.000","0.00","2026-08-31 14:59:59","2026-08-31 22:59:59","0.00000","0","0.00","0.00000"
"all-available","Asia/Taipei","BTCUSDT","BTC-260901-77000-C","2026-09-01","77000","CALL","1h","2026-08-31 15:00:00","2026-08-31 23:00:00","1465.000","1465.000","1465.000","1465.000","0.00","2026-08-31 15:59:59","2026-08-31 23:59:59","0.00000","0","0.00","0.00000"
"all-available","Asia/Taipei","BTCUSDT","BTC-260901-77000-C","2026-09-01","77000","CALL","1h","2026-08-31 16:00:00","2026-09-01 00:00:00","1465.000","1465.000","1465.000","1465.000","0.00","2026-08-31 16:59:59","2026-09-01 00:59:59","0.00000","0","0.00","0.00000"
"all-available","Asia/Taipei","BTCUSDT","BTC-260901-77000-C","2026-09-01","77000","CALL","1h","2026-08-31 17:00:00","2026-09-01 01:00:00","1465.000","1465.000","1465.000","1465.000","0.00","2026-08-31 17:59:59","2026-09-01 01:59:59","0.00000","0","0.00","0.00000"
"all-available","Asia/Taipei","BTCUSDT","BTC-260901-77000-C","2026-09-01","77000","CALL","1h","2026-08-31 18:00:00","2026-09-01 02:00:00","1465.000","1465.000","1465.000","1465.000","0.00","2026-08-31 18:59:59","2026-09-01 02:59:59","0.00000","0","0.00","0.00000"
"all-available","Asia/Taipei","BTCUSDT","BTC-260901-77000-C","2026-09-01","77000","CALL","1h","2026-08-31 19:00:00","2026-09-01 03:00:00","1465.000","1465.000","1465.000","1465.000","0.00","2026-08-31 19:59:59","2026-09-01 03:59:59","0.00000","0","0.00","0.00000"
"all-available","Asia/Taipei","BTCUSDT","BTC-260901-77000-C","2026-09-01","77000","CALL","1h","2026-08-31 20:00:00","2026-09-01 04:00:00","1465.000","1465.000","1465.000","1465.000","0.00","2026-08-31 20:59:59","2026-09-01 04:59:59","0.00000","0","0.00","0.00000"
"all-available","Asia/Taipei","BTCUSDT","BTC-260901-77000-C","2026-09-01","77000","CALL","1h","2026-08-31 21:00:00","2026-09-01 05:00:00","1465.000","1465.000","1465.000","1465.000","0.00","2026-08-31 21:59:59","2026-09-01 05:59:59","0.00000","0","0.00","0.00000"
"all-available","Asia/Taipei","BTCUSDT","BTC-260901-77000-C","2026-09-01","77000","CALL","1h","2026-08-31 22:00:00","2026-09-01 06:00:00","1465.000","1465.000","1465.000","1465.000","0.00","2026-08-31 22:59:59","2026-09-01 06:59:59","0.00000","0","0.00","0.00000"
"all-available","Asia/Taipei","BTCUSDT","BTC-260901-77000-C","2026-09-01","77000","CALL","1h","2026-08-31 23:00:00","2026-09-01 07:00:00","1465.000","1465.000","1465.000","1465.000","0.00","2026-08-31 23:59:59","2026-09-01 07:59:59","0.00000","0","0.00","0.00000"
"all-available","Asia/Taipei","BTCUSDT","BTC-260901-77000-C","2026-09-01","77000","CALL","1h","2026-09-01 00:00:00","2026-09-01 08:00:00","1465.000","1465.000","1465.000","1465.000","0.00","2026-09-01 00:59:59","2026-09-01 08:59:59","0.00000","0","0.00","0.00000"
"all-available","Asia/Taipei","BTCUSDT","BTC-260901-77000-C","2026-09-01","77000","CALL","1h","2026-09-01 01:00:00","2026-09-01 09:00:00","1465.000","1465.000","1465.000","1465.000","0.00","2026-09-01 01:59:59","2026-09-01 09:59:59","0.00000","0","0.00","0.00000"
"all-available","Asia/Taipei","BTCUSDT","BTC-260901-77000-C","2026-09-01","77000","CALL","1h","2026-09-01 02:00:00","2026-09-01 10:00:00","1465.000","1465.000","1465.000","1465.000","0.00","2026-09-01 02:59:59","2026-09-01 10:59:59","0.00000","0","0.00","0.00000"
"all-available","Asia/Taipei","BTCUSDT","BTC-260901-77000-C","2026-09-01","77000","CALL","1h","2026-09-01 03:00:00","2026-09-01 11:00:00","1465.000","1465.000","1465.000","1465.000","0.00","2026-09-01 03:59:59","2026-09-01 11:59:59","0.00000","0","0.00","0.00000"
"all-available","Asia/Taipei","BTCUSDT","BTC-260901-77000-C","2026-09-01","77000","CALL","1h","2026-09-01 04:00:00","2026-09-01 12:00:00","1465.000","1465.000","1465.000","1465.000","0.00","2026-09-01 04:59:59","2026-09-01 12:59:59","0.00000","0","0.00","0.00000"
"all-available","Asia/Taipei","BTCUSDT","BTC-260901-77000-C","2026-09-01","77000","CALL","1h","2026-09-01 05:00:00","2026-09-01 13:00:00","1465.000","1465.000","1465.000","1465.000","0.00","2026-09-01 05:59:59","2026-09-01 13:59:59","0.00000","0","0.00","0.00000"
"all-available","Asia/Taipei","BTCUSDT","BTC-260901-77000-C","2026-09-01","77000","CALL","1h","2026-09-01 06:00:00","2026-09-01 14:00:00","1465.000","1465.000","1465.000","1465.000","0.00","2026-09-01 06:59:59","2026-09-01 14:59:59","0.00000","0","0.00","0.00000"
"all-available","Asia/Taipei","BTCUSDT","BTC-260901-77000-C","2026-09-01","77000","CALL","1h","2026-09-01 07:00:00","2026-09-01 15:00:00","1465.000","1465.000","1465.000","1465.000","0.00","2026-09-01 07:59:59","2026-09-01 15:59:59","0.00000","0","0.00","0.00000"
"all-available","Asia/Taipei","BTCUSDT","BTC-260901-77000-P","2026-09-01","77000","PUT","1h","2026-08-29 08:00:00","2026-08-29 16:00:00","580.000","580.000","520.000","520.000","1.49","2026-08-29 08:59:59","2026-08-29 16:59:59","839.60000","3","1.39","787.60000"
"all-available","Asia/Taipei","BTCUSDT","BTC-260901-77000-P","2026-09-01","77000","PUT","1h","2026-08-29 09:00:00","2026-08-29 17:00:00","500.000","500.000","500.000","500.000","4.00","2026-08-29 09:59:59","2026-08-29 17:59:59","2000.00000","5","3.28","1640.00000"
"all-available","Asia/Taipei","BTCUSDT","BTC-260901-77000-P","2026-09-01","77000","PUT","1h","2026-08-29 10:00:00","2026-08-29 18:00:00","460.000","460.000","460.000","460.000","0.10","2026-08-29 10:59:59","2026-08-29 18:59:59","46.00000","1","0.00","0.00000"
"all-available","Asia/Taipei","BTCUSDT","BTC-260901-77000-P","2026-09-01","77000","PUT","1h","2026-08-29 11:00:00","2026-08-29 19:00:00","460.000","460.000","460.000","460.000","0.00","2026-08-29 11:59:59","2026-08-29 19:59:59","0.00000","0","0.00","0.00000"
"all-available","Asia/Taipei","BTCUSDT","BTC-260901-77000-P","2026-09-01","77000","PUT","1h","2026-08-29 12:00:00","2026-08-29 20:00:00","460.000","460.000","460.000","460.000","0.00","2026-08-29 12:59:59","2026-08-29 20:59:59","0.00000","0","0.00","0.00000"
"all-available","Asia/Taipei","BTCUSDT","BTC-260901-77000-P","2026-09-01","77000","PUT","1h","2026-08-29 13:00:00","2026-08-29 21:00:00","460.000","460.000","460.000","460.000","0.00","2026-08-29 13:59:59","2026-08-29 21:59:59","0.00000","0","0.00","0.00000"
"all-available","Asia/Taipei","BTCUSDT","BTC-260901-77000-P","2026-09-01","77000","PUT","1h","2026-08-29 14:00:00","2026-08-29 22:00:00","460.000","460.000","460.000","460.000","0.00","2026-08-29 14:59:59","2026-08-29 22:59:59","0.00000","0","0.00","0.00000"
"all-available","Asia/Taipei","BTCUSDT","BTC-260901-77000-P","2026-09-01","77000","PUT","1h","2026-08-29 15:00:00","2026-08-29 23:00:00","405.000","405.000","405.000","405.000","0.01","2026-08-29 15:59:59","2026-08-29 23:59:59","4.05000","1","0.00","0.00000"
"all-available","Asia/Taipei","BTCUSDT","BTC-260901-77000-P","2026-09-01","77000","PUT","1h","2026-08-29 16:00:00","2026-08-30 00:00:00","405.000","405.000","405.000","405.000","0.00","2026-08-29 16:59:59","2026-08-30 00:59:59","0.00000","0","0.00","0.00000"
"all-available","Asia/Taipei","BTCUSDT","BTC-260901-77000-P","2026-09-01","77000","PUT","1h","2026-08-29 17:00:00","2026-08-30 01:00:00","405.000","405.000","405.000","405.000","0.00","2026-08-29 17:59:59","2026-08-30 01:59:59","0.00000","0","0.00","0.00000"
"all-available","Asia/Taipei","BTCUSDT","BTC-260901-77000-P","2026-09-01","77000","PUT","1h","2026-08-29 18:00:00","2026-08-30 02:00:00","405.000","405.000","405.000","405.000","0.00","2026-08-29 18:59:59","2026-08-30 02:59:59","0.00000","0","0.00","0.00000"
"all-available","Asia/Taipei","BTCUSDT","BTC-260901-77000-P","2026-09-01","77000","PUT","1h","2026-08-29 19:00:00","2026-08-30 03:00:00","405.000","405.000","405.000","405.000","0.00","2026-08-29 19:59:59","2026-08-30 03:59:59","0.00000","0","0.00","0.00000"
"all-available","Asia/Taipei","BTCUSDT","BTC-260901-77000-P","2026-09-01","77000","PUT","1h","2026-08-29 20:00:00","2026-08-30 04:00:00","405.000","405.000","405.000","405.000","0.00","2026-08-29 20:59:59","2026-08-30 04:59:59","0.00000","0","0.00","0.00000"
"all-available","Asia/Taipei","BTCUSDT","BTC-260901-77000-P","2026-09-01","77000","PUT","1h","2026-08-29 21:00:00","2026-08-30 05:00:00","405.000","405.000","405.000","405.000","0.00","2026-08-29 21:59:59","2026-08-30 05:59:59","0.00000","0","0.00","0.00000"
"all-available","Asia/Taipei","BTCUSDT","BTC-260901-77000-P","2026-09-01","77000","PUT","1h","2026-08-29 22:00:00","2026-08-30 06:00:00","405.000","405.000","405.000","405.000","0.00","2026-08-29 22:59:59","2026-08-30 06:59:59","0.00000","0","0.00","0.00000"
"all-available","Asia/Taipei","BTCUSDT","BTC-260901-77000-P","2026-09-01","77000","PUT","1h","2026-08-29 23:00:00","2026-08-30 07:00:00","405.000","405.000","405.000","405.000","0.00","2026-08-29 23:59:59","2026-08-30 07:59:59","0.00000","0","0.00","0.00000"
"all-available","Asia/Taipei","BTCUSDT","BTC-260901-77000-P","2026-09-01","77000","PUT","1h","2026-08-30 00:00:00","2026-08-30 08:00:00","405.000","405.000","405.000","405.000","0.00","2026-08-30 00:59:59","2026-08-30 08:59:59","0.00000","0","0.00","0.00000"
"all-available","Asia/Taipei","BTCUSDT","BTC-260901-77000-P","2026-09-01","77000","PUT","1h","2026-08-30 01:00:00","2026-08-30 09:00:00","405.000","405.000","405.000","405.000","0.00","2026-08-30 01:59:59","2026-08-30 09:59:59","0.00000","0","0.00","0.00000"
"all-available","Asia/Taipei","BTCUSDT","BTC-260901-77000-P","2026-09-01","77000","PUT","1h","2026-08-30 02:00:00","2026-08-30 10:00:00","405.000","405.000","405.000","405.000","0.00","2026-08-30 02:59:59","2026-08-30 10:59:59","0.00000","0","0.00","0.00000"
"all-available","Asia/Taipei","BTCUSDT","BTC-260901-77000-P","2026-09-01","77000","PUT","1h","2026-08-30 03:00:00","2026-08-30 11:00:00","285.000","285.000","285.000","285.000","0.20","2026-08-30 03:59:59","2026-08-30 11:59:59","57.00000","3","0.00","0.00000"
"all-available","Asia/Taipei","BTCUSDT","BTC-260901-77000-P","2026-09-01","77000","PUT","1h","2026-08-30 04:00:00","2026-08-30 12:00:00","270.000","295.000","270.000","295.000","1.12","2026-08-30 04:59:59","2026-08-30 12:59:59","327.40000","2","1.00","295.00000"
"all-available","Asia/Taipei","BTCUSDT","BTC-260901-77000-P","2026-09-01","77000","PUT","1h","2026-08-30 05:00:00","2026-08-30 13:00:00","295.000","295.000","295.000","295.000","0.00","2026-08-30 05:59:59","2026-08-30 13:59:59","0.00000","0","0.00","0.00000"
"all-available","Asia/Taipei","BTCUSDT","BTC-260901-77000-P","2026-09-01","77000","PUT","1h","2026-08-30 06:00:00","2026-08-30 14:00:00","250.000","250.000","245.000","245.000","0.03","2026-08-30 06:59:59","2026-08-30 14:59:59","7.40000","2","0.01","2.50000"
"all-available","Asia/Taipei","BTCUSDT","BTC-260901-77000-P","2026-09-01","77000","PUT","1h","2026-08-30 07:00:00","2026-08-30 15:00:00","245.000","245.000","245.000","245.000","0.00","2026-08-30 07:59:59","2026-08-30 15:59:59","0.00000","0","0.00","0.00000"
"all-available","Asia/Taipei","BTCUSDT","BTC-260901-77000-P","2026-09-01","77000","PUT","1h","2026-08-30 08:00:00","2026-08-30 16:00:00","270.000","270.000","265.000","265.000","0.16","2026-08-30 08:59:59","2026-08-30 16:59:59","42.55000","3","0.06","16.05000"
"all-available","Asia/Taipei","BTCUSDT","BTC-260901-77000-P","2026-09-01","77000","PUT","1h","2026-08-30 09:00:00","2026-08-30 17:00:00","265.000","265.000","265.000","265.000","0.00","2026-08-30 09:59:59","2026-08-30 17:59:59","0.00000","0","0.00","0.00000"
"all-available","Asia/Taipei","BTCUSDT","BTC-260901-77000-P","2026-09-01","77000","PUT","1h","2026-08-30 10:00:00","2026-08-30 18:00:00","245.000","250.000","240.000","240.000","3.10","2026-08-30 10:59:59","2026-08-30 18:59:59","747.45000","5","3.10","747.45000"
"all-available","Asia/Taipei","BTCUSDT","BTC-260901-77000-P","2026-09-01","77000","PUT","1h","2026-08-30 11:00:00","2026-08-30 19:00:00","240.000","240.000","240.000","240.000","0.00","2026-08-30 11:59:59","2026-08-30 19:59:59","0.00000","0","0.00","0.00000"
"all-available","Asia/Taipei","BTCUSDT","BTC-260901-77000-P","2026-09-01","77000","PUT","1h","2026-08-30 12:00:00","2026-08-30 20:00:00","140.000","155.000","125.000","155.000","36.81","2026-08-30 12:59:59","2026-08-30 20:59:59","5199.35000","12","32.81","4699.35000"
"all-available","Asia/Taipei","BTCUSDT","BTC-260901-77000-P","2026-09-01","77000","PUT","1h","2026-08-30 13:00:00","2026-08-30 21:00:00","115.000","115.000","115.000","115.000","0.50","2026-08-30 13:59:59","2026-08-30 21:59:59","57.50000","1","0.50","57.50000"
"all-available","Asia/Taipei","BTCUSDT","BTC-260901-77000-P","2026-09-01","77000","PUT","1h","2026-08-30 14:00:00","2026-08-30 22:00:00","135.000","135.000","130.000","130.000","0.02","2026-08-30 14:59:59","2026-08-30 22:59:59","2.65000","2","0.01","1.35000"
"all-available","Asia/Taipei","BTCUSDT","BTC-260901-77000-P","2026-09-01","77000","PUT","1h","2026-08-30 15:00:00","2026-08-30 23:00:00","130.000","130.000","120.000","120.000","0.27","2026-08-30 15:59:59","2026-08-30 23:59:59","33.60000","3","0.12","15.60000"
"all-available","Asia/Taipei","BTCUSDT","BTC-260901-77000-P","2026-09-01","77000","PUT","1h","2026-08-30 16:00:00","2026-08-31 00:00:00","95.000","95.000","75.000","90.000","36.68","2026-08-30 16:59:59","2026-08-31 00:59:59","3263.80000","11","4.88","379.50000"
"all-available","Asia/Taipei","BTCUSDT","BTC-260901-77000-P","2026-09-01","77000","PUT","1h","2026-08-30 17:00:00","2026-08-31 01:00:00","85.000","85.000","85.000","85.000","0.09","2026-08-30 17:59:59","2026-08-31 01:59:59","7.65000","1","0.09","7.65000"
"all-available","Asia/Taipei","BTCUSDT","BTC-260901-77000-P","2026-09-01","77000","PUT","1h","2026-08-30 18:00:00","2026-08-31 02:00:00","100.000","100.000","100.000","100.000","0.02","2026-08-30 18:59:59","2026-08-31 02:59:59","2.00000","1","0.02","2.00000"
"all-available","Asia/Taipei","BTCUSDT","BTC-260901-77000-P","2026-09-01","77000","PUT","1h","2026-08-30 19:00:00","2026-08-31 03:00:00","100.000","100.000","100.000","100.000","0.00","2026-08-30 19:59:59","2026-08-31 03:59:59","0.00000","0","0.00","0.00000"
"all-available","Asia/Taipei","BTCUSDT","BTC-260901-77000-P","2026-09-01","77000","PUT","1h","2026-08-30 20:00:00","2026-08-31 04:00:00","125.000","125.000","125.000","125.000","0.12","2026-08-30 20:59:59","2026-08-31 04:59:59","15.00000","1","0.00","0.00000"
"all-available","Asia/Taipei","BTCUSDT","BTC-260901-77000-P","2026-09-01","77000","PUT","1h","2026-08-30 21:00:00","2026-08-31 05:00:00","165.000","195.000","165.000","180.000","2.93","2026-08-30 21:59:59","2026-08-31 05:59:59","570.00000","4","0.05","8.40000"
"all-available","Asia/Taipei","BTCUSDT","BTC-260901-77000-P","2026-09-01","77000","PUT","1h","2026-08-30 22:00:00","2026-08-31 06:00:00","160.000","180.000","160.000","180.000","4.24","2026-08-30 22:59:59","2026-08-31 06:59:59","708.80000","3","1.44","232.80000"
"all-available","Asia/Taipei","BTCUSDT","BTC-260901-77000-P","2026-09-01","77000","PUT","1h","2026-08-30 23:00:00","2026-08-31 07:00:00","330.000","685.000","330.000","435.000","17.64","2026-08-30 23:59:59","2026-08-31 07:59:59","8579.70000","24","5.01","2198.20000"
"all-available","Asia/Taipei","BTCUSDT","BTC-260901-77000-P","2026-09-01","77000","PUT","1h","2026-08-31 00:00:00","2026-08-31 08:00:00","440.000","475.000","290.000","290.000","2.33","2026-08-31 00:59:59","2026-08-31 08:59:59","804.10000","14","0.33","132.30000"
"all-available","Asia/Taipei","BTCUSDT","BTC-260901-77000-P","2026-09-01","77000","PUT","1h","2026-08-31 01:00:00","2026-08-31 09:00:00","385.000","385.000","330.000","330.000","4.21","2026-08-31 01:59:59","2026-08-31 09:59:59","1613.50000","7","4.16","1595.40000"
"all-available","Asia/Taipei","BTCUSDT","BTC-260901-77000-P","2026-09-01","77000","PUT","1h","2026-08-31 02:00:00","2026-08-31 10:00:00","275.000","460.000","275.000","460.000","0.17","2026-08-31 02:59:59","2026-08-31 10:59:59","57.75000","7","0.12","39.00000"
"all-available","Asia/Taipei","BTCUSDT","BTC-260901-77000-P","2026-09-01","77000","PUT","1h","2026-08-31 03:00:00","2026-08-31 11:00:00","455.000","455.000","340.000","340.000","1.04","2026-08-31 03:59:59","2026-08-31 11:59:59","431.20000","5","0.33","146.70000"
"all-available","Asia/Taipei","BTCUSDT","BTC-260901-77000-P","2026-09-01","77000","PUT","1h","2026-08-31 04:00:00","2026-08-31 12:00:00","380.000","380.000","380.000","380.000","2.62","2026-08-31 04:59:59","2026-08-31 12:59:59","995.60000","1","0.00","0.00000"
"all-available","Asia/Taipei","BTCUSDT","BTC-260901-77000-P","2026-09-01","77000","PUT","1h","2026-08-31 05:00:00","2026-08-31 13:00:00","355.000","355.000","240.000","260.000","1.04","2026-08-31 05:59:59","2026-08-31 13:59:59","283.20000","14","0.85","228.85000"
"all-available","Asia/Taipei","BTCUSDT","BTC-260901-77000-P","2026-09-01","77000","PUT","1h","2026-08-31 06:00:00","2026-08-31 14:00:00","265.000","265.000","225.000","225.000","0.15","2026-08-31 06:59:59","2026-08-31 14:59:59","36.05000","7","0.09","21.95000"
"all-available","Asia/Taipei","BTCUSDT","BTC-260901-77000-P","2026-09-01","77000","PUT","1h","2026-08-31 07:00:00","2026-08-31 15:00:00","215.000","215.000","160.000","165.000","0.74","2026-08-31 07:59:59","2026-08-31 15:59:59","147.35000","11","0.59","121.40000"
"all-available","Asia/Taipei","BTCUSDT","BTC-260901-77000-P","2026-09-01","77000","PUT","1h","2026-08-31 08:00:00","2026-08-31 16:00:00","170.000","170.000","80.000","80.000","13.41","2026-08-31 08:59:59","2026-08-31 16:59:59","1693.45000","29","10.78","1321.95000"
"all-available","Asia/Taipei","BTCUSDT","BTC-260901-77000-P","2026-09-01","77000","PUT","1h","2026-08-31 09:00:00","2026-08-31 17:00:00","85.000","85.000","60.000","70.000","11.33","2026-08-31 09:59:59","2026-08-31 17:59:59","918.70000","19","10.09","820.35000"
"all-available","Asia/Taipei","BTCUSDT","BTC-260901-77000-P","2026-09-01","77000","PUT","1h","2026-08-31 10:00:00","2026-08-31 18:00:00","85.000","95.000","75.000","75.000","158.64","2026-08-31 10:59:59","2026-08-31 18:59:59","13490.15000","29","158.10","13442.85000"
"all-available","Asia/Taipei","BTCUSDT","BTC-260901-77000-P","2026-09-01","77000","PUT","1h","2026-08-31 11:00:00","2026-08-31 19:00:00","75.000","105.000","70.000","105.000","47.90","2026-08-31 11:59:59","2026-08-31 19:59:59","3661.15000","11","46.83","3581.25000"
"all-available","Asia/Taipei","BTCUSDT","BTC-260901-77000-P","2026-09-01","77000","PUT","1h","2026-08-31 12:00:00","2026-08-31 20:00:00","85.000","230.000","85.000","215.000","17.41","2026-08-31 12:59:59","2026-08-31 20:59:59","2757.15000","30","7.92","1097.10000"
"all-available","Asia/Taipei","BTCUSDT","BTC-260901-77000-P","2026-09-01","77000","PUT","1h","2026-08-31 13:00:00","2026-08-31 21:00:00","180.000","215.000","130.000","185.000","11.32","2026-08-31 13:59:59","2026-08-31 21:59:59","2048.85000","24","0.31","53.95000"
"all-available","Asia/Taipei","BTCUSDT","BTC-260901-77000-P","2026-09-01","77000","PUT","1h","2026-08-31 14:00:00","2026-08-31 22:00:00","185.000","185.000","60.000","70.000","5.38","2026-08-31 14:59:59","2026-08-31 22:59:59","553.20000","16","0.22","21.95000"
"all-available","Asia/Taipei","BTCUSDT","BTC-260901-77000-P","2026-09-01","77000","PUT","1h","2026-08-31 15:00:00","2026-08-31 23:00:00","70.000","70.000","40.000","40.000","4.20","2026-08-31 15:59:59","2026-08-31 23:59:59","198.45000","15","1.03","71.50000"
"all-available","Asia/Taipei","BTCUSDT","BTC-260901-77000-P","2026-09-01","77000","PUT","1h","2026-08-31 16:00:00","2026-09-01 00:00:00","40.000","45.000","35.000","35.000","14.79","2026-08-31 16:59:59","2026-09-01 00:59:59","557.25000","21","11.04","422.40000"
"all-available","Asia/Taipei","BTCUSDT","BTC-260901-77000-P","2026-09-01","77000","PUT","1h","2026-08-31 17:00:00","2026-09-01 01:00:00","35.000","40.000","20.000","20.000","3.92","2026-08-31 17:59:59","2026-09-01 01:59:59","115.40000","18","1.32","50.70000"
"all-available","Asia/Taipei","BTCUSDT","BTC-260901-77000-P","2026-09-01","77000","PUT","1h","2026-08-31 18:00:00","2026-09-01 02:00:00","15.000","15.000","15.000","15.000","0.12","2026-08-31 18:59:59","2026-09-01 02:59:59","1.80000","2","0.00","0.00000"
"all-available","Asia/Taipei","BTCUSDT","BTC-260901-77000-P","2026-09-01","77000","PUT","1h","2026-08-31 19:00:00","2026-09-01 03:00:00","15.000","30.000","15.000","30.000","3.05","2026-08-31 19:59:59","2026-09-01 03:59:59","66.00000","7","2.05","51.00000"
"all-available","Asia/Taipei","BTCUSDT","BTC-260901-77000-P","2026-09-01","77000","PUT","1h","2026-08-31 20:00:00","2026-09-01 04:00:00","30.000","40.000","30.000","40.000","3.87","2026-08-31 20:59:59","2026-09-01 04:59:59","135.60000","6","1.87","65.60000"
"all-available","Asia/Taipei","BTCUSDT","BTC-260901-77000-P","2026-09-01","77000","PUT","1h","2026-08-31 21:00:00","2026-09-01 05:00:00","30.000","30.000","30.000","30.000","0.02","2026-08-31 21:59:59","2026-09-01 05:59:59","0.60000","1","0.00","0.00000"
"all-available","Asia/Taipei","BTCUSDT","BTC-260901-77000-P","2026-09-01","77000","PUT","1h","2026-08-31 22:00:00","2026-09-01 06:00:00","35.000","40.000","35.000","35.000","3.63","2026-08-31 22:59:59","2026-09-01 06:59:59","143.55000","8","3.30","132.00000"
"all-available","Asia/Taipei","BTCUSDT","BTC-260901-77000-P","2026-09-01","77000","PUT","1h","2026-08-31 23:00:00","2026-09-01 07:00:00","55.000","55.000","30.000","30.000","15.56","2026-08-31 23:59:59","2026-09-01 07:59:59","550.60000","14","0.55","24.75000"
"all-available","Asia/Taipei","BTCUSDT","BTC-260901-77000-P","2026-09-01","77000","PUT","1h","2026-09-01 00:00:00","2026-09-01 08:00:00","25.000","25.000","20.000","20.000","10.67","2026-09-01 00:59:59","2026-09-01 08:59:59","228.90000","21","3.10","77.50000"
"all-available","Asia/Taipei","BTCUSDT","BTC-260901-77000-P","2026-09-01","77000","PUT","1h","2026-09-01 01:00:00","2026-09-01 09:00:00","25.000","25.000","25.000","25.000","0.03","2026-09-01 01:59:59","2026-09-01 09:59:59","0.75000","3","0.00","0.00000"
"all-available","Asia/Taipei","BTCUSDT","BTC-260901-77000-P","2026-09-01","77000","PUT","1h","2026-09-01 02:00:00","2026-09-01 10:00:00","30.000","40.000","20.000","20.000","7.24","2026-09-01 02:59:59","2026-09-01 10:59:59","258.30000","9","5.24","198.25000"
"all-available","Asia/Taipei","BTCUSDT","BTC-260901-77000-P","2026-09-01","77000","PUT","1h","2026-09-01 03:00:00","2026-09-01 11:00:00","10.000","10.000","5.000","5.000","12.09","2026-09-01 03:59:59","2026-09-01 11:59:59","102.30000","14","0.02","0.20000"
"all-available","Asia/Taipei","BTCUSDT","BTC-260901-77000-P","2026-09-01","77000","PUT","1h","2026-09-01 04:00:00","2026-09-01 12:00:00","5.000","5.000","5.000","5.000","2.93","2026-09-01 04:59:59","2026-09-01 12:59:59","14.65000","3","0.00","0.00000"
"all-available","Asia/Taipei","BTCUSDT","BTC-260901-77000-P","2026-09-01","77000","PUT","1h","2026-09-01 05:00:00","2026-09-01 13:00:00","5.000","5.000","5.000","5.000","0.00","2026-09-01 05:59:59","2026-09-01 13:59:59","0.00000","0","0.00","0.00000"
"all-available","Asia/Taipei","BTCUSDT","BTC-260901-77000-P","2026-09-01","77000","PUT","1h","2026-09-01 06:00:00","2026-09-01 14:00:00","5.000","5.000","5.000","5.000","0.00","2026-09-01 06:59:59","2026-09-01 14:59:59","0.00000","0","0.00","0.00000"
"all-available","Asia/Taipei","BTCUSDT","BTC-260901-77000-P","2026-09-01","77000","PUT","1h","2026-09-01 07:00:00","2026-09-01 15:00:00","5.000","5.000","5.000","5.000","0.00","2026-09-01 07:59:59","2026-09-01 15:59:59","0.00000","0","0.00","0.00000"
"all-available","Asia/Taipei","BTCUSDT","BTC-260901-77250-P","2026-09-01","77250","PUT","1h","2026-08-31 08:00:00","2026-08-31 16:00:00","175.000","175.000","110.000","110.000","2.19","2026-08-31 08:59:59","2026-08-31 16:59:59","351.75000","7","2.00","318.50000"
"all-available","Asia/Taipei","BTCUSDT","BTC-260901-77250-P","2026-09-01","77250","PUT","1h","2026-08-31 09:00:00","2026-08-31 17:00:00","95.000","95.000","90.000","90.000","0.60","2026-08-31 09:59:59","2026-08-31 17:59:59","56.50000","2","0.60","56.50000"
"all-available","Asia/Taipei","BTCUSDT","BTC-260901-77250-P","2026-09-01","77250","PUT","1h","2026-08-31 10:00:00","2026-08-31 18:00:00","105.000","105.000","105.000","105.000","0.45","2026-08-31 10:59:59","2026-08-31 18:59:59","47.25000","1","0.45","47.25000"
"all-available","Asia/Taipei","BTCUSDT","BTC-260901-77250-P","2026-09-01","77250","PUT","1h","2026-08-31 11:00:00","2026-08-31 19:00:00","105.000","105.000","105.000","105.000","0.00","2026-08-31 11:59:59","2026-08-31 19:59:59","0.00000","0","0.00","0.00000"
"all-available","Asia/Taipei","BTCUSDT","BTC-260901-77250-P","2026-09-01","77250","PUT","1h","2026-08-31 12:00:00","2026-08-31 20:00:00","140.000","310.000","110.000","285.000","7.71","2026-08-31 12:59:59","2026-08-31 20:59:59","1869.30000","13","0.93","246.05000"
"all-available","Asia/Taipei","BTCUSDT","BTC-260901-77250-P","2026-09-01","77250","PUT","1h","2026-08-31 13:00:00","2026-08-31 21:00:00","230.000","240.000","175.000","240.000","3.08","2026-08-31 13:59:59","2026-08-31 21:59:59","711.75000","10","1.90","456.00000"
"all-available","Asia/Taipei","BTCUSDT","BTC-260901-77250-P","2026-09-01","77250","PUT","1h","2026-08-31 14:00:00","2026-08-31 22:00:00","240.000","240.000","95.000","95.000","0.25","2026-08-31 14:59:59","2026-08-31 22:59:59","38.25000","2","0.00","0.00000"
"all-available","Asia/Taipei","BTCUSDT","BTC-260901-77250-P","2026-09-01","77250","PUT","1h","2026-08-31 15:00:00","2026-08-31 23:00:00","95.000","95.000","70.000","70.000","1.82","2026-08-31 15:59:59","2026-08-31 23:59:59","172.65000","2","1.82","172.65000"
"all-available","Asia/Taipei","BTCUSDT","BTC-260901-77250-P","2026-09-01","77250","PUT","1h","2026-08-31 16:00:00","2026-09-01 00:00:00","50.000","50.000","35.000","35.000","2.77","2026-08-31 16:59:59","2026-09-01 00:59:59","98.00000","2","0.07","3.50000"
"all-available","Asia/Taipei","BTCUSDT","BTC-260901-77250-P","2026-09-01","77250","PUT","1h","2026-08-31 17:00:00","2026-09-01 01:00:00","35.000","35.000","25.000","30.000","0.23","2026-08-31 17:59:59","2026-09-01 01:59:59","7.10000","10","0.23","7.10000"
"all-available","Asia/Taipei","BTCUSDT","BTC-260901-77250-P","2026-09-01","77250","PUT","1h","2026-08-31 18:00:00","2026-09-01 02:00:00","25.000","30.000","20.000","20.000","157.84","2026-08-31 18:59:59","2026-09-01 02:59:59","4265.75000","34","147.06","3956.25000"
"all-available","Asia/Taipei","BTCUSDT","BTC-260901-77250-P","2026-09-01","77250","PUT","1h","2026-08-31 19:00:00","2026-09-01 03:00:00","30.000","30.000","30.000","30.000","0.20","2026-08-31 19:59:59","2026-09-01 03:59:59","6.00000","1","0.20","6.00000"
"all-available","Asia/Taipei","BTCUSDT","BTC-260901-77250-P","2026-09-01","77250","PUT","1h","2026-08-31 20:00:00","2026-09-01 04:00:00","30.000","30.000","30.000","30.000","0.16","2026-08-31 20:59:59","2026-09-01 04:59:59","4.80000","1","0.00","0.00000"
"all-available","Asia/Taipei","BTCUSDT","BTC-260901-77250-P","2026-09-01","77250","PUT","1h","2026-08-31 21:00:00","2026-09-01 05:00:00","50.000","50.000","45.000","45.000","0.83","2026-08-31 21:59:59","2026-09-01 05:59:59","41.35000","4","0.00","0.00000"
"all-available","Asia/Taipei","BTCUSDT","BTC-260901-77250-P","2026-09-01","77250","PUT","1h","2026-08-31 22:00:00","2026-09-01 06:00:00","45.000","45.000","45.000","45.000","0.00","2026-08-31 22:59:59","2026-09-01 06:59:59","0.00000","0","0.00","0.00000"
"all-available","Asia/Taipei","BTCUSDT","BTC-260901-77250-P","2026-09-01","77250","PUT","1h","2026-08-31 23:00:00","2026-09-01 07:00:00","65.000","65.000","50.000","50.000","0.70","2026-08-31 23:59:59","2026-09-01 07:59:59","42.50000","4","0.20","10.00000"
"all-available","Asia/Taipei","BTCUSDT","BTC-260901-77250-P","2026-09-01","77250","PUT","1h","2026-09-01 00:00:00","2026-09-01 08:00:00","30.000","30.000","25.000","25.000","0.13","2026-09-01 00:59:59","2026-09-01 08:59:59","3.75000","3","0.13","3.75000"
"all-available","Asia/Taipei","BTCUSDT","BTC-260901-77250-P","2026-09-01","77250","PUT","1h","2026-09-01 01:00:00","2026-09-01 09:00:00","30.000","40.000","30.000","40.000","0.31","2026-09-01 01:59:59","2026-09-01 09:59:59","9.50000","7","0.03","1.10000"
"all-available","Asia/Taipei","BTCUSDT","BTC-260901-77250-P","2026-09-01","77250","PUT","1h","2026-09-01 02:00:00","2026-09-01 10:00:00","40.000","50.000","30.000","30.000","2.70","2026-09-01 02:59:59","2026-09-01 10:59:59","129.80000","9","2.37","114.50000"
"all-available","Asia/Taipei","BTCUSDT","BTC-260901-77250-P","2026-09-01","77250","PUT","1h","2026-09-01 03:00:00","2026-09-01 11:00:00","10.000","10.000","10.000","10.000","1.93","2026-09-01 03:59:59","2026-09-01 11:59:59","19.30000","4","1.93","19.30000"
"all-available","Asia/Taipei","BTCUSDT","BTC-260901-77250-P","2026-09-01","77250","PUT","1h","2026-09-01 04:00:00","2026-09-01 12:00:00","10.000","10.000","5.000","5.000","39.93","2026-09-01 04:59:59","2026-09-01 12:59:59","210.15000","11","3.54","17.70000"
"all-available","Asia/Taipei","BTCUSDT","BTC-260901-77250-P","2026-09-01","77250","PUT","1h","2026-09-01 05:00:00","2026-09-01 13:00:00","5.000","5.000","5.000","5.000","0.00","2026-09-01 05:59:59","2026-09-01 13:59:59","0.00000","0","0.00","0.00000"
"all-available","Asia/Taipei","BTCUSDT","BTC-260901-77250-P","2026-09-01","77250","PUT","1h","2026-09-01 06:00:00","2026-09-01 14:00:00","5.000","5.000","5.000","5.000","0.00","2026-09-01 06:59:59","2026-09-01 14:59:59","0.00000","0","0.00","0.00000"
"all-available","Asia/Taipei","BTCUSDT","BTC-260901-77250-P","2026-09-01","77250","PUT","1h","2026-09-01 07:00:00","2026-09-01 15:00:00","5.000","5.000","5.000","5.000","796.00","2026-09-01 07:59:59","2026-09-01 15:59:59","3980.00000","4","796.00","3980.00000"
"all-available","Asia/Taipei","BTCUSDT","BTC-260901-77500-C","2026-09-01","77500","CALL","1h","2026-08-29 08:00:00","2026-08-29 16:00:00","850.000","850.000","840.000","840.000","0.82","2026-08-29 08:59:59","2026-08-29 16:59:59","693.80000","3","0.82","693.80000"
"all-available","Asia/Taipei","BTCUSDT","BTC-260901-77500-C","2026-09-01","77500","CALL","1h","2026-08-29 09:00:00","2026-08-29 17:00:00","860.000","860.000","860.000","860.000","0.01","2026-08-29 09:59:59","2026-08-29 17:59:59","8.60000","1","0.00","0.00000"
"all-available","Asia/Taipei","BTCUSDT","BTC-260901-77500-C","2026-09-01","77500","CALL","1h","2026-08-29 10:00:00","2026-08-29 18:00:00","860.000","860.000","860.000","860.000","0.00","2026-08-29 10:59:59","2026-08-29 18:59:59","0.00000","0","0.00","0.00000"
"all-available","Asia/Taipei","BTCUSDT","BTC-260901-77500-C","2026-09-01","77500","CALL","1h","2026-08-29 11:00:00","2026-08-29 19:00:00","860.000","860.000","860.000","860.000","0.00","2026-08-29 11:59:59","2026-08-29 19:59:59","0.00000","0","0.00","0.00000"
"all-available","Asia/Taipei","BTCUSDT","BTC-260901-77500-C","2026-09-01","77500","CALL","1h","2026-08-29 12:00:00","2026-08-29 20:00:00","800.000","800.000","800.000","800.000","0.01","2026-08-29 12:59:59","2026-08-29 20:59:59","8.00000","1","0.00","0.00000"
"all-available","Asia/Taipei","BTCUSDT","BTC-260901-77500-C","2026-09-01","77500","CALL","1h","2026-08-29 13:00:00","2026-08-29 21:00:00","855.000","855.000","855.000","855.000","5.70","2026-08-29 13:59:59","2026-08-29 21:59:59","4873.50000","2","5.70","4873.50000"
"all-available","Asia/Taipei","BTCUSDT","BTC-260901-77500-C","2026-09-01","77500","CALL","1h","2026-08-29 14:00:00","2026-08-29 22:00:00","855.000","855.000","855.000","855.000","0.00","2026-08-29 14:59:59","2026-08-29 22:59:59","0.00000","0","0.00","0.00000"
"all-available","Asia/Taipei","BTCUSDT","BTC-260901-77500-C","2026-09-01","77500","CALL","1h","2026-08-29 15:00:00","2026-08-29 23:00:00","1070.000","1070.000","1070.000","1070.000","0.01","2026-08-29 15:59:59","2026-08-29 23:59:59","10.70000","1","0.01","10.70000"
"all-available","Asia/Taipei","BTCUSDT","BTC-260901-77500-C","2026-09-01","77500","CALL","1h","2026-08-29 16:00:00","2026-08-30 00:00:00","1070.000","1070.000","1070.000","1070.000","0.00","2026-08-29 16:59:59","2026-08-30 00:59:59","0.00000","0","0.00","0.00000"
"all-available","Asia/Taipei","BTCUSDT","BTC-260901-77500-C","2026-09-01","77500","CALL","1h","2026-08-29 17:00:00","2026-08-30 01:00:00","1070.000","1070.000","1070.000","1070.000","0.00","2026-08-29 17:59:59","2026-08-30 01:59:59","0.00000","0","0.00","0.00000"
"all-available","Asia/Taipei","BTCUSDT","BTC-260901-77500-C","2026-09-01","77500","CALL","1h","2026-08-29 18:00:00","2026-08-30 02:00:00","1070.000","1070.000","1070.000","1070.000","0.00","2026-08-29 18:59:59","2026-08-30 02:59:59","0.00000","0","0.00","0.00000"
"all-available","Asia/Taipei","BTCUSDT","BTC-260901-77500-C","2026-09-01","77500","CALL","1h","2026-08-29 19:00:00","2026-08-30 03:00:00","1070.000","1070.000","1070.000","1070.000","0.00","2026-08-29 19:59:59","2026-08-30 03:59:59","0.00000","0","0.00","0.00000"
"all-available","Asia/Taipei","BTCUSDT","BTC-260901-77500-C","2026-09-01","77500","CALL","1h","2026-08-29 20:00:00","2026-08-30 04:00:00","1070.000","1070.000","1070.000","1070.000","0.00","2026-08-29 20:59:59","2026-08-30 04:59:59","0.00000","0","0.00","0.00000"
"all-available","Asia/Taipei","BTCUSDT","BTC-260901-77500-C","2026-09-01","77500","CALL","1h","2026-08-29 21:00:00","2026-08-30 05:00:00","1070.000","1070.000","1070.000","1070.000","0.00","2026-08-29 21:59:59","2026-08-30 05:59:59","0.00000","0","0.00","0.00000"
"all-available","Asia/Taipei","BTCUSDT","BTC-260901-77500-C","2026-09-01","77500","CALL","1h","2026-08-29 22:00:00","2026-08-30 06:00:00","1070.000","1070.000","1070.000","1070.000","0.00","2026-08-29 22:59:59","2026-08-30 06:59:59","0.00000","0","0.00","0.00000"
"all-available","Asia/Taipei","BTCUSDT","BTC-260901-77500-C","2026-09-01","77500","CALL","1h","2026-08-29 23:00:00","2026-08-30 07:00:00","1070.000","1070.000","1070.000","1070.000","0.00","2026-08-29 23:59:59","2026-08-30 07:59:59","0.00000","0","0.00","0.00000"
"all-available","Asia/Taipei","BTCUSDT","BTC-260901-77500-C","2026-09-01","77500","CALL","1h","2026-08-30 00:00:00","2026-08-30 08:00:00","1100.000","1100.000","1100.000","1100.000","0.01","2026-08-30 00:59:59","2026-08-30 08:59:59","11.00000","1","0.00","0.00000"
"all-available","Asia/Taipei","BTCUSDT","BTC-260901-77500-C","2026-09-01","77500","CALL","1h","2026-08-30 01:00:00","2026-08-30 09:00:00","1100.000","1100.000","1100.000","1100.000","0.00","2026-08-30 01:59:59","2026-08-30 09:59:59","0.00000","0","0.00","0.00000"
"all-available","Asia/Taipei","BTCUSDT","BTC-260901-77500-C","2026-09-01","77500","CALL","1h","2026-08-30 02:00:00","2026-08-30 10:00:00","1100.000","1100.000","1100.000","1100.000","0.00","2026-08-30 02:59:59","2026-08-30 10:59:59","0.00000","0","0.00","0.00000"
"all-available","Asia/Taipei","BTCUSDT","BTC-260901-77500-C","2026-09-01","77500","CALL","1h","2026-08-30 03:00:00","2026-08-30 11:00:00","1100.000","1100.000","1100.000","1100.000","0.00","2026-08-30 03:59:59","2026-08-30 11:59:59","0.00000","0","0.00","0.00000"
"all-available","Asia/Taipei","BTCUSDT","BTC-260901-77500-C","2026-09-01","77500","CALL","1h","2026-08-30 04:00:00","2026-08-30 12:00:00","1035.000","1035.000","1035.000","1035.000","0.01","2026-08-30 04:59:59","2026-08-30 12:59:59","10.35000","1","0.00","0.00000"
"all-available","Asia/Taipei","BTCUSDT","BTC-260901-77500-C","2026-09-01","77500","CALL","1h","2026-08-30 05:00:00","2026-08-30 13:00:00","1035.000","1035.000","1035.000","1035.000","0.00","2026-08-30 05:59:59","2026-08-30 13:59:59","0.00000","0","0.00","0.00000"
"all-available","Asia/Taipei","BTCUSDT","BTC-260901-77500-C","2026-09-01","77500","CALL","1h","2026-08-30 06:00:00","2026-08-30 14:00:00","1035.000","1035.000","1035.000","1035.000","0.00","2026-08-30 06:59:59","2026-08-30 14:59:59","0.00000","0","0.00","0.00000"
"all-available","Asia/Taipei","BTCUSDT","BTC-260901-77500-C","2026-09-01","77500","CALL","1h","2026-08-30 07:00:00","2026-08-30 15:00:00","1035.000","1035.000","1035.000","1035.000","0.00","2026-08-30 07:59:59","2026-08-30 15:59:59","0.00000","0","0.00","0.00000"
"all-available","Asia/Taipei","BTCUSDT","BTC-260901-77500-C","2026-09-01","77500","CALL","1h","2026-08-30 08:00:00","2026-08-30 16:00:00","1035.000","1035.000","1035.000","1035.000","0.00","2026-08-30 08:59:59","2026-08-30 16:59:59","0.00000","0","0.00","0.00000"
"all-available","Asia/Taipei","BTCUSDT","BTC-260901-77500-C","2026-09-01","77500","CALL","1h","2026-08-30 09:00:00","2026-08-30 17:00:00","1035.000","1035.000","1035.000","1035.000","0.00","2026-08-30 09:59:59","2026-08-30 17:59:59","0.00000","0","0.00","0.00000"
"all-available","Asia/Taipei","BTCUSDT","BTC-260901-77500-C","2026-09-01","77500","CALL","1h","2026-08-30 10:00:00","2026-08-30 18:00:00","1035.000","1035.000","1035.000","1035.000","0.00","2026-08-30 10:59:59","2026-08-30 18:59:59","0.00000","0","0.00","0.00000"
"all-available","Asia/Taipei","BTCUSDT","BTC-260901-77500-C","2026-09-01","77500","CALL","1h","2026-08-30 11:00:00","2026-08-30 19:00:00","1035.000","1035.000","1035.000","1035.000","0.00","2026-08-30 11:59:59","2026-08-30 19:59:59","0.00000","0","0.00","0.00000"
"all-available","Asia/Taipei","BTCUSDT","BTC-260901-77500-C","2026-09-01","77500","CALL","1h","2026-08-30 12:00:00","2026-08-30 20:00:00","1035.000","1035.000","1035.000","1035.000","0.00","2026-08-30 12:59:59","2026-08-30 20:59:59","0.00000","0","0.00","0.00000"
"all-available","Asia/Taipei","BTCUSDT","BTC-260901-77500-C","2026-09-01","77500","CALL","1h","2026-08-30 13:00:00","2026-08-30 21:00:00","1035.000","1035.000","1035.000","1035.000","0.00","2026-08-30 13:59:59","2026-08-30 21:59:59","0.00000","0","0.00","0.00000"
"all-available","Asia/Taipei","BTCUSDT","BTC-260901-77500-C","2026-09-01","77500","CALL","1h","2026-08-30 14:00:00","2026-08-30 22:00:00","1035.000","1035.000","1035.000","1035.000","0.00","2026-08-30 14:59:59","2026-08-30 22:59:59","0.00000","0","0.00","0.00000"
"all-available","Asia/Taipei","BTCUSDT","BTC-260901-77500-C","2026-09-01","77500","CALL","1h","2026-08-30 15:00:00","2026-08-30 23:00:00","1035.000","1035.000","1035.000","1035.000","0.00","2026-08-30 15:59:59","2026-08-30 23:59:59","0.00000","0","0.00","0.00000"
"all-available","Asia/Taipei","BTCUSDT","BTC-260901-77500-C","2026-09-01","77500","CALL","1h","2026-08-30 16:00:00","2026-08-31 00:00:00","1035.000","1035.000","1035.000","1035.000","0.00","2026-08-30 16:59:59","2026-08-31 00:59:59","0.00000","0","0.00","0.00000"
"all-available","Asia/Taipei","BTCUSDT","BTC-260901-77500-C","2026-09-01","77500","CALL","1h","2026-08-30 17:00:00","2026-08-31 01:00:00","1035.000","1035.000","1035.000","1035.000","0.00","2026-08-30 17:59:59","2026-08-31 01:59:59","0.00000","0","0.00","0.00000"
"all-available","Asia/Taipei","BTCUSDT","BTC-260901-77500-C","2026-09-01","77500","CALL","1h","2026-08-30 18:00:00","2026-08-31 02:00:00","1035.000","1035.000","1035.000","1035.000","0.00","2026-08-30 18:59:59","2026-08-31 02:59:59","0.00000","0","0.00","0.00000"
"all-available","Asia/Taipei","BTCUSDT","BTC-260901-77500-C","2026-09-01","77500","CALL","1h","2026-08-30 19:00:00","2026-08-31 03:00:00","1035.000","1035.000","1035.000","1035.000","0.00","2026-08-30 19:59:59","2026-08-31 03:59:59","0.00000","0","0.00","0.00000"
"all-available","Asia/Taipei","BTCUSDT","BTC-260901-77500-C","2026-09-01","77500","CALL","1h","2026-08-30 20:00:00","2026-08-31 04:00:00","1035.000","1035.000","1035.000","1035.000","0.00","2026-08-30 20:59:59","2026-08-31 04:59:59","0.00000","0","0.00","0.00000"
"all-available","Asia/Taipei","BTCUSDT","BTC-260901-77500-C","2026-09-01","77500","CALL","1h","2026-08-30 21:00:00","2026-08-31 05:00:00","1035.000","1035.000","1035.000","1035.000","0.00","2026-08-30 21:59:59","2026-08-31 05:59:59","0.00000","0","0.00","0.00000"
"all-available","Asia/Taipei","BTCUSDT","BTC-260901-77500-C","2026-09-01","77500","CALL","1h","2026-08-30 22:00:00","2026-08-31 06:00:00","1035.000","1035.000","1035.000","1035.000","0.00","2026-08-30 22:59:59","2026-08-31 06:59:59","0.00000","0","0.00","0.00000"
"all-available","Asia/Taipei","BTCUSDT","BTC-260901-77500-C","2026-09-01","77500","CALL","1h","2026-08-30 23:00:00","2026-08-31 07:00:00","830.000","830.000","655.000","655.000","6.11","2026-08-30 23:59:59","2026-08-31 07:59:59","4632.05000","4","1.00","740.00000"
"all-available","Asia/Taipei","BTCUSDT","BTC-260901-77500-C","2026-09-01","77500","CALL","1h","2026-08-31 00:00:00","2026-08-31 08:00:00","765.000","775.000","710.000","775.000","0.49","2026-08-31 00:59:59","2026-08-31 08:59:59","378.15000","5","0.04","31.00000"
"all-available","Asia/Taipei","BTCUSDT","BTC-260901-77500-C","2026-09-01","77500","CALL","1h","2026-08-31 01:00:00","2026-08-31 09:00:00","935.000","935.000","735.000","735.000","0.06","2026-08-31 01:59:59","2026-08-31 09:59:59","54.10000","2","0.06","54.10000"
"all-available","Asia/Taipei","BTCUSDT","BTC-260901-77500-C","2026-09-01","77500","CALL","1h","2026-08-31 02:00:00","2026-08-31 10:00:00","610.000","610.000","600.000","600.000","0.81","2026-08-31 02:59:59","2026-08-31 10:59:59","491.00000","2","0.31","186.00000"
"all-available","Asia/Taipei","BTCUSDT","BTC-260901-77500-C","2026-09-01","77500","CALL","1h","2026-08-31 03:00:00","2026-08-31 11:00:00","685.000","815.000","660.000","815.000","4.73","2026-08-31 03:59:59","2026-08-31 11:59:59","3665.30000","10","4.50","3477.85000"
"all-available","Asia/Taipei","BTCUSDT","BTC-260901-77500-C","2026-09-01","77500","CALL","1h","2026-08-31 04:00:00","2026-08-31 12:00:00","665.000","680.000","620.000","680.000","0.41","2026-08-31 04:59:59","2026-08-31 12:59:59","277.15000","5","0.03","18.90000"
"all-available","Asia/Taipei","BTCUSDT","BTC-260901-77500-C","2026-09-01","77500","CALL","1h","2026-08-31 05:00:00","2026-08-31 13:00:00","680.000","680.000","680.000","680.000","0.00","2026-08-31 05:59:59","2026-08-31 13:59:59","0.00000","0","0.00","0.00000"
"all-available","Asia/Taipei","BTCUSDT","BTC-260901-77500-C","2026-09-01","77500","CALL","1h","2026-08-31 06:00:00","2026-08-31 14:00:00","905.000","905.000","895.000","895.000","0.22","2026-08-31 06:59:59","2026-08-31 14:59:59","197.10000","2","0.02","18.10000"
"all-available","Asia/Taipei","BTCUSDT","BTC-260901-77500-C","2026-09-01","77500","CALL","1h","2026-08-31 07:00:00","2026-08-31 15:00:00","990.000","990.000","990.000","990.000","0.05","2026-08-31 07:59:59","2026-08-31 15:59:59","49.50000","1","0.05","49.50000"
"all-available","Asia/Taipei","BTCUSDT","BTC-260901-77500-C","2026-09-01","77500","CALL","1h","2026-08-31 08:00:00","2026-08-31 16:00:00","990.000","990.000","990.000","990.000","0.00","2026-08-31 08:59:59","2026-08-31 16:59:59","0.00000","0","0.00","0.00000"
"all-available","Asia/Taipei","BTCUSDT","BTC-260901-77500-C","2026-09-01","77500","CALL","1h","2026-08-31 09:00:00","2026-08-31 17:00:00","990.000","990.000","990.000","990.000","0.00","2026-08-31 09:59:59","2026-08-31 17:59:59","0.00000","0","0.00","0.00000"
"all-available","Asia/Taipei","BTCUSDT","BTC-260901-77500-C","2026-09-01","77500","CALL","1h","2026-08-31 10:00:00","2026-08-31 18:00:00","990.000","990.000","990.000","990.000","0.00","2026-08-31 10:59:59","2026-08-31 18:59:59","0.00000","0","0.00","0.00000"
"all-available","Asia/Taipei","BTCUSDT","BTC-260901-77500-C","2026-09-01","77500","CALL","1h","2026-08-31 11:00:00","2026-08-31 19:00:00","1260.000","1260.000","1225.000","1225.000","0.38","2026-08-31 11:59:59","2026-08-31 19:59:59","465.85000","2","0.01","12.60000"
"all-available","Asia/Taipei","BTCUSDT","BTC-260901-77500-C","2026-09-01","77500","CALL","1h","2026-08-31 12:00:00","2026-08-31 20:00:00","685.000","685.000","645.000","645.000","5.81","2026-08-31 12:59:59","2026-08-31 20:59:59","3807.85000","5","4.34","2800.90000"
"all-available","Asia/Taipei","BTCUSDT","BTC-260901-77500-C","2026-09-01","77500","CALL","1h","2026-08-31 13:00:00","2026-08-31 21:00:00","645.000","645.000","645.000","645.000","0.00","2026-08-31 13:59:59","2026-08-31 21:59:59","0.00000","0","0.00","0.00000"
"all-available","Asia/Taipei","BTCUSDT","BTC-260901-77500-C","2026-09-01","77500","CALL","1h","2026-08-31 14:00:00","2026-08-31 22:00:00","645.000","645.000","645.000","645.000","0.00","2026-08-31 14:59:59","2026-08-31 22:59:59","0.00000","0","0.00","0.00000"
"all-available","Asia/Taipei","BTCUSDT","BTC-260901-77500-C","2026-09-01","77500","CALL","1h","2026-08-31 15:00:00","2026-08-31 23:00:00","645.000","645.000","645.000","645.000","0.00","2026-08-31 15:59:59","2026-08-31 23:59:59","0.00000","0","0.00","0.00000"
"all-available","Asia/Taipei","BTCUSDT","BTC-260901-77500-C","2026-09-01","77500","CALL","1h","2026-08-31 16:00:00","2026-09-01 00:00:00","1245.000","1245.000","1245.000","1245.000","0.04","2026-08-31 16:59:59","2026-09-01 00:59:59","49.80000","1","0.04","49.80000"
"all-available","Asia/Taipei","BTCUSDT","BTC-260901-77500-C","2026-09-01","77500","CALL","1h","2026-08-31 17:00:00","2026-09-01 01:00:00","1245.000","1245.000","1245.000","1245.000","0.00","2026-08-31 17:59:59","2026-09-01 01:59:59","0.00000","0","0.00","0.00000"
"all-available","Asia/Taipei","BTCUSDT","BTC-260901-77500-C","2026-09-01","77500","CALL","1h","2026-08-31 18:00:00","2026-09-01 02:00:00","1480.000","1650.000","1480.000","1650.000","2.50","2026-08-31 18:59:59","2026-09-01 02:59:59","3955.00000","3","2.50","3955.00000"
"all-available","Asia/Taipei","BTCUSDT","BTC-260901-77500-C","2026-09-01","77500","CALL","1h","2026-08-31 19:00:00","2026-09-01 03:00:00","1650.000","1650.000","1650.000","1650.000","0.00","2026-08-31 19:59:59","2026-09-01 03:59:59","0.00000","0","0.00","0.00000"
"all-available","Asia/Taipei","BTCUSDT","BTC-260901-77500-C","2026-09-01","77500","CALL","1h","2026-08-31 20:00:00","2026-09-01 04:00:00","1650.000","1650.000","1650.000","1650.000","0.00","2026-08-31 20:59:59","2026-09-01 04:59:59","0.00000","0","0.00","0.00000"
"all-available","Asia/Taipei","BTCUSDT","BTC-260901-77500-C","2026-09-01","77500","CALL","1h","2026-08-31 21:00:00","2026-09-01 05:00:00","1650.000","1650.000","1650.000","1650.000","0.00","2026-08-31 21:59:59","2026-09-01 05:59:59","0.00000","0","0.00","0.00000"
"all-available","Asia/Taipei","BTCUSDT","BTC-260901-77500-C","2026-09-01","77500","CALL","1h","2026-08-31 22:00:00","2026-09-01 06:00:00","1650.000","1650.000","1650.000","1650.000","0.00","2026-08-31 22:59:59","2026-09-01 06:59:59","0.00000","0","0.00","0.00000"
"all-available","Asia/Taipei","BTCUSDT","BTC-260901-77500-C","2026-09-01","77500","CALL","1h","2026-08-31 23:00:00","2026-09-01 07:00:00","1650.000","1650.000","1650.000","1650.000","0.00","2026-08-31 23:59:59","2026-09-01 07:59:59","0.00000","0","0.00","0.00000"
"all-available","Asia/Taipei","BTCUSDT","BTC-260901-77500-C","2026-09-01","77500","CALL","1h","2026-09-01 00:00:00","2026-09-01 08:00:00","1650.000","1650.000","1650.000","1650.000","0.00","2026-09-01 00:59:59","2026-09-01 08:59:59","0.00000","0","0.00","0.00000"
"all-available","Asia/Taipei","BTCUSDT","BTC-260901-77500-C","2026-09-01","77500","CALL","1h","2026-09-01 01:00:00","2026-09-01 09:00:00","1650.000","1650.000","1650.000","1650.000","0.00","2026-09-01 01:59:59","2026-09-01 09:59:59","0.00000","0","0.00","0.00000"
"all-available","Asia/Taipei","BTCUSDT","BTC-260901-77500-C","2026-09-01","77500","CALL","1h","2026-09-01 02:00:00","2026-09-01 10:00:00","1650.000","1650.000","1650.000","1650.000","0.00","2026-09-01 02:59:59","2026-09-01 10:59:59","0.00000","0","0.00","0.00000"
"all-available","Asia/Taipei","BTCUSDT","BTC-260901-77500-C","2026-09-01","77500","CALL","1h","2026-09-01 03:00:00","2026-09-01 11:00:00","1650.000","1650.000","1650.000","1650.000","0.00","2026-09-01 03:59:59","2026-09-01 11:59:59","0.00000","0","0.00","0.00000"
"all-available","Asia/Taipei","BTCUSDT","BTC-260901-77500-C","2026-09-01","77500","CALL","1h","2026-09-01 04:00:00","2026-09-01 12:00:00","1650.000","1650.000","1650.000","1650.000","0.00","2026-09-01 04:59:59","2026-09-01 12:59:59","0.00000","0","0.00","0.00000"
"all-available","Asia/Taipei","BTCUSDT","BTC-260901-77500-C","2026-09-01","77500","CALL","1h","2026-09-01 05:00:00","2026-09-01 13:00:00","1650.000","1650.000","1650.000","1650.000","0.00","2026-09-01 05:59:59","2026-09-01 13:59:59","0.00000","0","0.00","0.00000"
"all-available","Asia/Taipei","BTCUSDT","BTC-260901-77500-C","2026-09-01","77500","CALL","1h","2026-09-01 06:00:00","2026-09-01 14:00:00","1650.000","1650.000","1650.000","1650.000","0.00","2026-09-01 06:59:59","2026-09-01 14:59:59","0.00000","0","0.00","0.00000"
"all-available","Asia/Taipei","BTCUSDT","BTC-260901-77500-C","2026-09-01","77500","CALL","1h","2026-09-01 07:00:00","2026-09-01 15:00:00","1650.000","1650.000","1650.000","1650.000","0.00","2026-09-01 07:59:59","2026-09-01 15:59:59","0.00000","0","0.00","0.00000"
"all-available","Asia/Taipei","BTCUSDT","BTC-260901-77500-P","2026-09-01","77500","PUT","1h","2026-08-29 09:00:00","2026-08-29 17:00:00","695.000","695.000","695.000","695.000","0.01","2026-08-29 09:59:59","2026-08-29 17:59:59","6.95000","1","0.00","0.00000"
"all-available","Asia/Taipei","BTCUSDT","BTC-260901-77500-P","2026-09-01","77500","PUT","1h","2026-08-29 10:00:00","2026-08-29 18:00:00","660.000","660.000","645.000","645.000","0.19","2026-08-29 10:59:59","2026-08-29 18:59:59","124.05000","2","0.09","58.05000"
"all-available","Asia/Taipei","BTCUSDT","BTC-260901-77500-P","2026-09-01","77500","PUT","1h","2026-08-29 11:00:00","2026-08-29 19:00:00","675.000","675.000","675.000","675.000","0.04","2026-08-29 11:59:59","2026-08-29 19:59:59","27.00000","1","0.00","0.00000"
"all-available","Asia/Taipei","BTCUSDT","BTC-260901-77500-P","2026-09-01","77500","PUT","1h","2026-08-29 12:00:00","2026-08-29 20:00:00","690.000","715.000","690.000","705.000","0.17","2026-08-29 12:59:59","2026-08-29 20:59:59","121.20000","3","0.00","0.00000"
"all-available","Asia/Taipei","BTCUSDT","BTC-260901-77500-P","2026-09-01","77500","PUT","1h","2026-08-29 13:00:00","2026-08-29 21:00:00","700.000","700.000","700.000","700.000","0.10","2026-08-29 13:59:59","2026-08-29 21:59:59","70.00000","1","0.00","0.00000"
"all-available","Asia/Taipei","BTCUSDT","BTC-260901-77500-P","2026-09-01","77500","PUT","1h","2026-08-29 14:00:00","2026-08-29 22:00:00","700.000","700.000","700.000","700.000","0.00","2026-08-29 14:59:59","2026-08-29 22:59:59","0.00000","0","0.00","0.00000"
"all-available","Asia/Taipei","BTCUSDT","BTC-260901-77500-P","2026-09-01","77500","PUT","1h","2026-08-29 15:00:00","2026-08-29 23:00:00","700.000","700.000","700.000","700.000","0.00","2026-08-29 15:59:59","2026-08-29 23:59:59","0.00000","0","0.00","0.00000"
"all-available","Asia/Taipei","BTCUSDT","BTC-260901-77500-P","2026-09-01","77500","PUT","1h","2026-08-29 16:00:00","2026-08-30 00:00:00","535.000","535.000","535.000","535.000","0.41","2026-08-29 16:59:59","2026-08-30 00:59:59","219.35000","1","0.41","219.35000"
"all-available","Asia/Taipei","BTCUSDT","BTC-260901-77500-P","2026-09-01","77500","PUT","1h","2026-08-29 17:00:00","2026-08-30 01:00:00","500.000","500.000","500.000","500.000","0.28","2026-08-29 17:59:59","2026-08-30 01:59:59","140.00000","3","0.16","80.00000"
"all-available","Asia/Taipei","BTCUSDT","BTC-260901-77500-P","2026-09-01","77500","PUT","1h","2026-08-29 18:00:00","2026-08-30 02:00:00","430.000","430.000","430.000","430.000","0.10","2026-08-29 18:59:59","2026-08-30 02:59:59","43.00000","1","0.10","43.00000"
"all-available","Asia/Taipei","BTCUSDT","BTC-260901-77500-P","2026-09-01","77500","PUT","1h","2026-08-29 19:00:00","2026-08-30 03:00:00","430.000","430.000","430.000","430.000","0.00","2026-08-29 19:59:59","2026-08-30 03:59:59","0.00000","0","0.00","0.00000"
"all-available","Asia/Taipei","BTCUSDT","BTC-260901-77500-P","2026-09-01","77500","PUT","1h","2026-08-29 20:00:00","2026-08-30 04:00:00","430.000","430.000","430.000","430.000","0.00","2026-08-29 20:59:59","2026-08-30 04:59:59","0.00000","0","0.00","0.00000"
"all-available","Asia/Taipei","BTCUSDT","BTC-260901-77500-P","2026-09-01","77500","PUT","1h","2026-08-29 21:00:00","2026-08-30 05:00:00","430.000","430.000","430.000","430.000","0.00","2026-08-29 21:59:59","2026-08-30 05:59:59","0.00000","0","0.00","0.00000"
"all-available","Asia/Taipei","BTCUSDT","BTC-260901-77500-P","2026-09-01","77500","PUT","1h","2026-08-29 22:00:00","2026-08-30 06:00:00","430.000","430.000","430.000","430.000","0.00","2026-08-29 22:59:59","2026-08-30 06:59:59","0.00000","0","0.00","0.00000"
"all-available","Asia/Taipei","BTCUSDT","BTC-260901-77500-P","2026-09-01","77500","PUT","1h","2026-08-29 23:00:00","2026-08-30 07:00:00","430.000","430.000","430.000","430.000","0.00","2026-08-29 23:59:59","2026-08-30 07:59:59","0.00000","0","0.00","0.00000"
"all-available","Asia/Taipei","BTCUSDT","BTC-260901-77500-P","2026-09-01","77500","PUT","1h","2026-08-30 00:00:00","2026-08-30 08:00:00","430.000","430.000","430.000","430.000","0.00","2026-08-30 00:59:59","2026-08-30 08:59:59","0.00000","0","0.00","0.00000"
"all-available","Asia/Taipei","BTCUSDT","BTC-260901-77500-P","2026-09-01","77500","PUT","1h","2026-08-30 01:00:00","2026-08-30 09:00:00","465.000","465.000","465.000","465.000","0.12","2026-08-30 01:59:59","2026-08-30 09:59:59","55.80000","2","0.00","0.00000"
"all-available","Asia/Taipei","BTCUSDT","BTC-260901-77500-P","2026-09-01","77500","PUT","1h","2026-08-30 02:00:00","2026-08-30 10:00:00","450.000","450.000","450.000","450.000","0.41","2026-08-30 02:59:59","2026-08-30 10:59:59","184.50000","3","0.41","184.50000"
"all-available","Asia/Taipei","BTCUSDT","BTC-260901-77500-P","2026-09-01","77500","PUT","1h","2026-08-30 03:00:00","2026-08-30 11:00:00","415.000","415.000","415.000","415.000","0.60","2026-08-30 03:59:59","2026-08-30 11:59:59","249.00000","1","0.00","0.00000"
"all-available","Asia/Taipei","BTCUSDT","BTC-260901-77500-P","2026-09-01","77500","PUT","1h","2026-08-30 04:00:00","2026-08-30 12:00:00","405.000","405.000","395.000","395.000","0.05","2026-08-30 04:59:59","2026-08-30 12:59:59","19.95000","2","0.05","19.95000"
"all-available","Asia/Taipei","BTCUSDT","BTC-260901-77500-P","2026-09-01","77500","PUT","1h","2026-08-30 05:00:00","2026-08-30 13:00:00","415.000","415.000","415.000","415.000","0.44","2026-08-30 05:59:59","2026-08-30 13:59:59","182.60000","2","0.44","182.60000"
"all-available","Asia/Taipei","BTCUSDT","BTC-260901-77500-P","2026-09-01","77500","PUT","1h","2026-08-30 06:00:00","2026-08-30 14:00:00","375.000","375.000","375.000","375.000","2.00","2026-08-30 06:59:59","2026-08-30 14:59:59","750.00000","1","0.00","0.00000"
"all-available","Asia/Taipei","BTCUSDT","BTC-260901-77500-P","2026-09-01","77500","PUT","1h","2026-08-30 07:00:00","2026-08-30 15:00:00","375.000","375.000","375.000","375.000","0.00","2026-08-30 07:59:59","2026-08-30 15:59:59","0.00000","0","0.00","0.00000"
"all-available","Asia/Taipei","BTCUSDT","BTC-260901-77500-P","2026-09-01","77500","PUT","1h","2026-08-30 08:00:00","2026-08-30 16:00:00","400.000","405.000","400.000","405.000","0.13","2026-08-30 08:59:59","2026-08-30 16:59:59","52.55000","2","0.02","8.00000"
"all-available","Asia/Taipei","BTCUSDT","BTC-260901-77500-P","2026-09-01","77500","PUT","1h","2026-08-30 09:00:00","2026-08-30 17:00:00","405.000","405.000","405.000","405.000","0.00","2026-08-30 09:59:59","2026-08-30 17:59:59","0.00000","0","0.00","0.00000"
"all-available","Asia/Taipei","BTCUSDT","BTC-260901-77500-P","2026-09-01","77500","PUT","1h","2026-08-30 10:00:00","2026-08-30 18:00:00","410.000","410.000","380.000","380.000","0.50","2026-08-30 10:59:59","2026-08-30 18:59:59","195.80000","3","0.50","195.80000"
"all-available","Asia/Taipei","BTCUSDT","BTC-260901-77500-P","2026-09-01","77500","PUT","1h","2026-08-30 11:00:00","2026-08-30 19:00:00","335.000","335.000","335.000","335.000","0.33","2026-08-30 11:59:59","2026-08-30 19:59:59","110.55000","1","0.33","110.55000"
"all-available","Asia/Taipei","BTCUSDT","BTC-260901-77500-P","2026-09-01","77500","PUT","1h","2026-08-30 12:00:00","2026-08-30 20:00:00","330.000","330.000","235.000","235.000","3.73","2026-08-30 12:59:59","2026-08-30 20:59:59","879.30000","5","0.32","77.00000"
"all-available","Asia/Taipei","BTCUSDT","BTC-260901-77500-P","2026-09-01","77500","PUT","1h","2026-08-30 13:00:00","2026-08-30 21:00:00","215.000","215.000","210.000","210.000","0.32","2026-08-30 13:59:59","2026-08-30 21:59:59","67.75000","4","0.32","67.75000"
"all-available","Asia/Taipei","BTCUSDT","BTC-260901-77500-P","2026-09-01","77500","PUT","1h","2026-08-30 14:00:00","2026-08-30 22:00:00","205.000","225.000","195.000","210.000","0.70","2026-08-30 14:59:59","2026-08-30 22:59:59","147.00000","7","0.59","125.45000"
"all-available","Asia/Taipei","BTCUSDT","BTC-260901-77500-P","2026-09-01","77500","PUT","1h","2026-08-30 15:00:00","2026-08-30 23:00:00","210.000","215.000","205.000","215.000","3.49","2026-08-30 15:59:59","2026-08-30 23:59:59","732.40000","7","3.49","732.40000"
"all-available","Asia/Taipei","BTCUSDT","BTC-260901-77500-P","2026-09-01","77500","PUT","1h","2026-08-30 16:00:00","2026-08-31 00:00:00","160.000","160.000","120.000","120.000","2.09","2026-08-30 16:59:59","2026-08-31 00:59:59","252.05000","4","2.09","252.05000"
"all-available","Asia/Taipei","BTCUSDT","BTC-260901-77500-P","2026-09-01","77500","PUT","1h","2026-08-30 17:00:00","2026-08-31 01:00:00","165.000","170.000","165.000","170.000","0.30","2026-08-30 17:59:59","2026-08-31 01:59:59","50.75000","2","0.05","8.25000"
"all-available","Asia/Taipei","BTCUSDT","BTC-260901-77500-P","2026-09-01","77500","PUT","1h","2026-08-30 18:00:00","2026-08-31 02:00:00","160.000","160.000","140.000","140.000","11.18","2026-08-30 18:59:59","2026-08-31 02:59:59","1787.80000","7","11.12","1779.20000"
"all-available","Asia/Taipei","BTCUSDT","BTC-260901-77500-P","2026-09-01","77500","PUT","1h","2026-08-30 19:00:00","2026-08-31 03:00:00","205.000","210.000","205.000","210.000","0.04","2026-08-30 19:59:59","2026-08-31 03:59:59","8.35000","2","0.04","8.35000"
"all-available","Asia/Taipei","BTCUSDT","BTC-260901-77500-P","2026-09-01","77500","PUT","1h","2026-08-30 20:00:00","2026-08-31 04:00:00","210.000","255.000","210.000","255.000","7.36","2026-08-30 20:59:59","2026-08-31 04:59:59","1874.10000","5","7.36","1874.10000"
"all-available","Asia/Taipei","BTCUSDT","BTC-260901-77500-P","2026-09-01","77500","PUT","1h","2026-08-30 21:00:00","2026-08-31 05:00:00","325.000","325.000","270.000","270.000","4.21","2026-08-30 21:59:59","2026-08-31 05:59:59","1317.60000","3","0.00","0.00000"
"all-available","Asia/Taipei","BTCUSDT","BTC-260901-77500-P","2026-09-01","77500","PUT","1h","2026-08-30 22:00:00","2026-08-31 06:00:00","205.000","240.000","205.000","240.000","7.68","2026-08-30 22:59:59","2026-08-31 06:59:59","1830.30000","7","0.00","0.00000"
"all-available","Asia/Taipei","BTCUSDT","BTC-260901-77500-P","2026-09-01","77500","PUT","1h","2026-08-30 23:00:00","2026-08-31 07:00:00","310.000","815.000","305.000","635.000","5.46","2026-08-30 23:59:59","2026-08-31 07:59:59","2626.00000","18","3.69","1967.60000"
"all-available","Asia/Taipei","BTCUSDT","BTC-260901-77500-P","2026-09-01","77500","PUT","1h","2026-08-31 00:00:00","2026-08-31 08:00:00","645.000","770.000","460.000","460.000","72.21","2026-08-31 00:59:59","2026-08-31 08:59:59","50494.25000","35","27.97","20377.30000"
"all-available","Asia/Taipei","BTCUSDT","BTC-260901-77500-P","2026-09-01","77500","PUT","1h","2026-08-31 01:00:00","2026-08-31 09:00:00","600.000","605.000","505.000","505.000","5.66","2026-08-31 01:59:59","2026-08-31 09:59:59","3173.20000","8","3.49","2074.10000"
"all-available","Asia/Taipei","BTCUSDT","BTC-260901-77500-P","2026-09-01","77500","PUT","1h","2026-08-31 02:00:00","2026-08-31 10:00:00","590.000","690.000","555.000","690.000","0.56","2026-08-31 02:59:59","2026-08-31 10:59:59","339.35000","8","0.39","244.10000"
"all-available","Asia/Taipei","BTCUSDT","BTC-260901-77500-P","2026-09-01","77500","PUT","1h","2026-08-31 03:00:00","2026-08-31 11:00:00","680.000","680.000","490.000","490.000","2.94","2026-08-31 03:59:59","2026-08-31 11:59:59","1526.70000","4","0.21","142.80000"
"all-available","Asia/Taipei","BTCUSDT","BTC-260901-77500-P","2026-09-01","77500","PUT","1h","2026-08-31 04:00:00","2026-08-31 12:00:00","510.000","625.000","510.000","595.000","0.21","2026-08-31 04:59:59","2026-08-31 12:59:59","128.90000","4","0.16","100.00000"
"all-available","Asia/Taipei","BTCUSDT","BTC-260901-77500-P","2026-09-01","77500","PUT","1h","2026-08-31 05:00:00","2026-08-31 13:00:00","525.000","525.000","375.000","385.000","0.56","2026-08-31 05:59:59","2026-08-31 13:59:59","218.85000","6","0.03","12.75000"
"all-available","Asia/Taipei","BTCUSDT","BTC-260901-77500-P","2026-09-01","77500","PUT","1h","2026-08-31 06:00:00","2026-08-31 14:00:00","370.000","395.000","350.000","350.000","1.45","2026-08-31 06:59:59","2026-08-31 14:59:59","556.50000","7","0.01","3.50000"
"all-available","Asia/Taipei","BTCUSDT","BTC-260901-77500-P","2026-09-01","77500","PUT","1h","2026-08-31 07:00:00","2026-08-31 15:00:00","350.000","350.000","250.000","275.000","4.95","2026-08-31 07:59:59","2026-08-31 15:59:59","1448.05000","16","4.44","1319.75000"
"all-available","Asia/Taipei","BTCUSDT","BTC-260901-77500-P","2026-09-01","77500","PUT","1h","2026-08-31 08:00:00","2026-08-31 16:00:00","280.000","320.000","145.000","150.000","10.32","2026-08-31 08:59:59","2026-08-31 16:59:59","2179.45000","31","8.48","1669.45000"
"all-available","Asia/Taipei","BTCUSDT","BTC-260901-77500-P","2026-09-01","77500","PUT","1h","2026-08-31 09:00:00","2026-08-31 17:00:00","150.000","155.000","115.000","145.000","4.68","2026-08-31 09:59:59","2026-08-31 17:59:59","605.20000","8","4.46","571.45000"
"all-available","Asia/Taipei","BTCUSDT","BTC-260901-77500-P","2026-09-01","77500","PUT","1h","2026-08-31 10:00:00","2026-08-31 18:00:00","165.000","180.000","130.000","130.000","6.15","2026-08-31 10:59:59","2026-08-31 18:59:59","804.90000","4","6.00","780.00000"
"all-available","Asia/Taipei","BTCUSDT","BTC-260901-77500-P","2026-09-01","77500","PUT","1h","2026-08-31 11:00:00","2026-08-31 19:00:00","135.000","175.000","135.000","175.000","0.47","2026-08-31 11:59:59","2026-08-31 19:59:59","65.85000","4","0.30","40.50000"
"all-available","Asia/Taipei","BTCUSDT","BTC-260901-77500-P","2026-09-01","77500","PUT","1h","2026-08-31 12:00:00","2026-08-31 20:00:00","240.000","420.000","240.000","330.000","19.15","2026-08-31 12:59:59","2026-08-31 20:59:59","6589.40000","36","13.55","4803.25000"
"all-available","Asia/Taipei","BTCUSDT","BTC-260901-77500-P","2026-09-01","77500","PUT","1h","2026-08-31 13:00:00","2026-08-31 21:00:00","305.000","355.000","230.000","290.000","9.46","2026-08-31 13:59:59","2026-08-31 21:59:59","2989.40000","19","0.50","157.00000"
"all-available","Asia/Taipei","BTCUSDT","BTC-260901-77500-P","2026-09-01","77500","PUT","1h","2026-08-31 14:00:00","2026-08-31 22:00:00","320.000","340.000","110.000","110.000","7.99","2026-08-31 14:59:59","2026-08-31 22:59:59","2248.50000","35","1.21","379.40000"
"all-available","Asia/Taipei","BTCUSDT","BTC-260901-77500-P","2026-09-01","77500","PUT","1h","2026-08-31 15:00:00","2026-08-31 23:00:00","155.000","155.000","75.000","75.000","0.82","2026-08-31 15:59:59","2026-08-31 23:59:59","99.70000","8","0.02","1.50000"
"all-available","Asia/Taipei","BTCUSDT","BTC-260901-77500-P","2026-09-01","77500","PUT","1h","2026-08-31 16:00:00","2026-09-01 00:00:00","75.000","75.000","45.000","50.000","20.45","2026-08-31 16:59:59","2026-09-01 00:59:59","962.25000","18","4.14","212.25000"
"all-available","Asia/Taipei","BTCUSDT","BTC-260901-77500-P","2026-09-01","77500","PUT","1h","2026-08-31 17:00:00","2026-09-01 01:00:00","55.000","60.000","35.000","35.000","6.65","2026-08-31 17:59:59","2026-09-01 01:59:59","261.20000","14","6.64","260.65000"
"all-available","Asia/Taipei","BTCUSDT","BTC-260901-77500-P","2026-09-01","77500","PUT","1h","2026-08-31 18:00:00","2026-09-01 02:00:00","35.000","35.000","25.000","30.000","64.99","2026-08-31 18:59:59","2026-09-01 02:59:59","1704.70000","11","63.81","1675.20000"
"all-available","Asia/Taipei","BTCUSDT","BTC-260901-77500-P","2026-09-01","77500","PUT","1h","2026-08-31 19:00:00","2026-09-01 03:00:00","20.000","45.000","20.000","45.000","4.27","2026-08-31 19:59:59","2026-09-01 03:59:59","144.20000","6","0.00","0.00000"
"all-available","Asia/Taipei","BTCUSDT","BTC-260901-77500-P","2026-09-01","77500","PUT","1h","2026-08-31 20:00:00","2026-09-01 04:00:00","45.000","55.000","40.000","55.000","2.76","2026-08-31 20:59:59","2026-09-01 04:59:59","134.55000","13","1.07","58.80000"
"all-available","Asia/Taipei","BTCUSDT","BTC-260901-77500-P","2026-09-01","77500","PUT","1h","2026-08-31 21:00:00","2026-09-01 05:00:00","55.000","55.000","40.000","45.000","1.57","2026-08-31 21:59:59","2026-09-01 05:59:59","70.35000","3","0.00","0.00000"
"all-available","Asia/Taipei","BTCUSDT","BTC-260901-77500-P","2026-09-01","77500","PUT","1h","2026-08-31 22:00:00","2026-09-01 06:00:00","50.000","75.000","50.000","75.000","2.33","2026-08-31 22:59:59","2026-09-01 06:59:59","128.35000","3","2.21","122.35000"
"all-available","Asia/Taipei","BTCUSDT","BTC-260901-77500-P","2026-09-01","77500","PUT","1h","2026-08-31 23:00:00","2026-09-01 07:00:00","90.000","100.000","75.000","75.000","0.06","2026-08-31 23:59:59","2026-09-01 07:59:59","5.20000","5","0.01","1.00000"
"all-available","Asia/Taipei","BTCUSDT","BTC-260901-77500-P","2026-09-01","77500","PUT","1h","2026-09-01 00:00:00","2026-09-01 08:00:00","30.000","35.000","30.000","35.000","1.16","2026-09-01 00:59:59","2026-09-01 08:59:59","35.05000","7","0.00","0.00000"
"all-available","Asia/Taipei","BTCUSDT","BTC-260901-77500-P","2026-09-01","77500","PUT","1h","2026-09-01 01:00:00","2026-09-01 09:00:00","50.000","50.000","45.000","50.000","2.47","2026-09-01 01:59:59","2026-09-01 09:59:59","122.75000","7","0.49","24.50000"
"all-available","Asia/Taipei","BTCUSDT","BTC-260901-77500-P","2026-09-01","77500","PUT","1h","2026-09-01 02:00:00","2026-09-01 10:00:00","55.000","70.000","30.000","30.000","2.79","2026-09-01 02:59:59","2026-09-01 10:59:59","173.55000","8","2.72","170.90000"
"all-available","Asia/Taipei","BTCUSDT","BTC-260901-77500-P","2026-09-01","77500","PUT","1h","2026-09-01 03:00:00","2026-09-01 11:00:00","20.000","20.000","15.000","15.000","4.73","2026-09-01 03:59:59","2026-09-01 11:59:59","72.10000","10","4.50","67.50000"
"all-available","Asia/Taipei","BTCUSDT","BTC-260901-77500-P","2026-09-01","77500","PUT","1h","2026-09-01 04:00:00","2026-09-01 12:00:00","10.000","10.000","5.000","5.000","59.12","2026-09-01 04:59:59","2026-09-01 12:59:59","304.95000","16","18.18","90.90000"
"all-available","Asia/Taipei","BTCUSDT","BTC-260901-77500-P","2026-09-01","77500","PUT","1h","2026-09-01 05:00:00","2026-09-01 13:00:00","5.000","5.000","5.000","5.000","0.03","2026-09-01 05:59:59","2026-09-01 13:59:59","0.15000","3","0.03","0.15000"
"all-available","Asia/Taipei","BTCUSDT","BTC-260901-77500-P","2026-09-01","77500","PUT","1h","2026-09-01 06:00:00","2026-09-01 14:00:00","5.000","5.000","5.000","5.000","0.00","2026-09-01 06:59:59","2026-09-01 14:59:59","0.00000","0","0.00","0.00000"
"all-available","Asia/Taipei","BTCUSDT","BTC-260901-77500-P","2026-09-01","77500","PUT","1h","2026-09-01 07:00:00","2026-09-01 15:00:00","5.000","5.000","5.000","5.000","0.00","2026-09-01 07:59:59","2026-09-01 15:59:59","0.00000","0","0.00","0.00000"
"all-available","Asia/Taipei","BTCUSDT","BTC-260901-77750-C","2026-09-01","77750","CALL","1h","2026-08-31 12:00:00","2026-08-31 20:00:00","580.000","590.000","580.000","590.000","3.42","2026-08-31 12:59:59","2026-08-31 20:59:59","2016.90000","3","3.42","2016.90000"
"all-available","Asia/Taipei","BTCUSDT","BTC-260901-77750-C","2026-09-01","77750","CALL","1h","2026-08-31 13:00:00","2026-08-31 21:00:00","655.000","655.000","550.000","550.000","0.10","2026-08-31 13:59:59","2026-08-31 21:59:59","64.45000","2","0.00","0.00000"
"all-available","Asia/Taipei","BTCUSDT","BTC-260901-77750-C","2026-09-01","77750","CALL","1h","2026-08-31 14:00:00","2026-08-31 22:00:00","955.000","955.000","955.000","955.000","0.01","2026-08-31 14:59:59","2026-08-31 22:59:59","9.55000","1","0.01","9.55000"
"all-available","Asia/Taipei","BTCUSDT","BTC-260901-77750-C","2026-09-01","77750","CALL","1h","2026-08-31 15:00:00","2026-08-31 23:00:00","1020.000","1020.000","1020.000","1020.000","4.81","2026-08-31 15:59:59","2026-08-31 23:59:59","4906.20000","10","0.00","0.00000"
"all-available","Asia/Taipei","BTCUSDT","BTC-260901-77750-C","2026-09-01","77750","CALL","1h","2026-08-31 16:00:00","2026-09-01 00:00:00","1035.000","1035.000","975.000","975.000","0.02","2026-08-31 16:59:59","2026-09-01 00:59:59","20.10000","2","0.01","9.75000"
"all-available","Asia/Taipei","BTCUSDT","BTC-260901-77750-C","2026-09-01","77750","CALL","1h","2026-08-31 17:00:00","2026-09-01 01:00:00","975.000","975.000","975.000","975.000","0.00","2026-08-31 17:59:59","2026-09-01 01:59:59","0.00000","0","0.00","0.00000"
"all-available","Asia/Taipei","BTCUSDT","BTC-260901-77750-C","2026-09-01","77750","CALL","1h","2026-08-31 18:00:00","2026-09-01 02:00:00","975.000","975.000","975.000","975.000","0.00","2026-08-31 18:59:59","2026-09-01 02:59:59","0.00000","0","0.00","0.00000"
"all-available","Asia/Taipei","BTCUSDT","BTC-260901-77750-C","2026-09-01","77750","CALL","1h","2026-08-31 19:00:00","2026-09-01 03:00:00","975.000","975.000","975.000","975.000","0.00","2026-08-31 19:59:59","2026-09-01 03:59:59","0.00000","0","0.00","0.00000"
"all-available","Asia/Taipei","BTCUSDT","BTC-260901-77750-C","2026-09-01","77750","CALL","1h","2026-08-31 20:00:00","2026-09-01 04:00:00","975.000","975.000","975.000","975.000","0.00","2026-08-31 20:59:59","2026-09-01 04:59:59","0.00000","0","0.00","0.00000"
"all-available","Asia/Taipei","BTCUSDT","BTC-260901-77750-C","2026-09-01","77750","CALL","1h","2026-08-31 21:00:00","2026-09-01 05:00:00","975.000","975.000","975.000","975.000","0.00","2026-08-31 21:59:59","2026-09-01 05:59:59","0.00000","0","0.00","0.00000"
"all-available","Asia/Taipei","BTCUSDT","BTC-260901-77750-C","2026-09-01","77750","CALL","1h","2026-08-31 22:00:00","2026-09-01 06:00:00","975.000","975.000","975.000","975.000","0.00","2026-08-31 22:59:59","2026-09-01 06:59:59","0.00000","0","0.00","0.00000"
"all-available","Asia/Taipei","BTCUSDT","BTC-260901-77750-C","2026-09-01","77750","CALL","1h","2026-08-31 23:00:00","2026-09-01 07:00:00","975.000","975.000","975.000","975.000","0.00","2026-08-31 23:59:59","2026-09-01 07:59:59","0.00000","0","0.00","0.00000"
"all-available","Asia/Taipei","BTCUSDT","BTC-260901-77750-C","2026-09-01","77750","CALL","1h","2026-09-01 00:00:00","2026-09-01 08:00:00","975.000","975.000","975.000","975.000","0.00","2026-09-01 00:59:59","2026-09-01 08:59:59","0.00000","0","0.00","0.00000"
"all-available","Asia/Taipei","BTCUSDT","BTC-260901-77750-C","2026-09-01","77750","CALL","1h","2026-09-01 01:00:00","2026-09-01 09:00:00","975.000","975.000","975.000","975.000","0.00","2026-09-01 01:59:59","2026-09-01 09:59:59","0.00000","0","0.00","0.00000"
"all-available","Asia/Taipei","BTCUSDT","BTC-260901-77750-C","2026-09-01","77750","CALL","1h","2026-09-01 02:00:00","2026-09-01 10:00:00","715.000","715.000","715.000","715.000","0.50","2026-09-01 02:59:59","2026-09-01 10:59:59","357.50000","1","0.50","357.50000"
"all-available","Asia/Taipei","BTCUSDT","BTC-260901-77750-C","2026-09-01","77750","CALL","1h","2026-09-01 03:00:00","2026-09-01 11:00:00","765.000","765.000","765.000","765.000","0.50","2026-09-01 03:59:59","2026-09-01 11:59:59","382.50000","1","0.00","0.00000"
"all-available","Asia/Taipei","BTCUSDT","BTC-260901-77750-C","2026-09-01","77750","CALL","1h","2026-09-01 04:00:00","2026-09-01 12:00:00","765.000","765.000","765.000","765.000","0.00","2026-09-01 04:59:59","2026-09-01 12:59:59","0.00000","0","0.00","0.00000"
"all-available","Asia/Taipei","BTCUSDT","BTC-260901-77750-C","2026-09-01","77750","CALL","1h","2026-09-01 05:00:00","2026-09-01 13:00:00","1310.000","1310.000","1310.000","1310.000","5.31","2026-09-01 05:59:59","2026-09-01 13:59:59","6956.10000","6","5.31","6956.10000"
"all-available","Asia/Taipei","BTCUSDT","BTC-260901-77750-C","2026-09-01","77750","CALL","1h","2026-09-01 06:00:00","2026-09-01 14:00:00","1310.000","1310.000","1310.000","1310.000","0.00","2026-09-01 06:59:59","2026-09-01 14:59:59","0.00000","0","0.00","0.00000"
"all-available","Asia/Taipei","BTCUSDT","BTC-260901-77750-C","2026-09-01","77750","CALL","1h","2026-09-01 07:00:00","2026-09-01 15:00:00","1310.000","1310.000","1310.000","1310.000","0.00","2026-09-01 07:59:59","2026-09-01 15:59:59","0.00000","0","0.00","0.00000"
"all-available","Asia/Taipei","BTCUSDT","BTC-260901-77750-P","2026-09-01","77750","PUT","1h","2026-08-31 08:00:00","2026-08-31 16:00:00","245.000","245.000","210.000","210.000","0.60","2026-08-31 08:59:59","2026-08-31 16:59:59","129.50000","2","0.60","129.50000"
"all-available","Asia/Taipei","BTCUSDT","BTC-260901-77750-P","2026-09-01","77750","PUT","1h","2026-08-31 09:00:00","2026-08-31 17:00:00","225.000","225.000","175.000","180.000","0.71","2026-08-31 09:59:59","2026-08-31 17:59:59","130.25000","4","0.60","105.50000"
"all-available","Asia/Taipei","BTCUSDT","BTC-260901-77750-P","2026-09-01","77750","PUT","1h","2026-08-31 10:00:00","2026-08-31 18:00:00","175.000","175.000","175.000","175.000","0.36","2026-08-31 10:59:59","2026-08-31 18:59:59","63.00000","2","0.36","63.00000"
"all-available","Asia/Taipei","BTCUSDT","BTC-260901-77750-P","2026-09-01","77750","PUT","1h","2026-08-31 11:00:00","2026-08-31 19:00:00","175.000","175.000","175.000","175.000","0.00","2026-08-31 11:59:59","2026-08-31 19:59:59","0.00000","0","0.00","0.00000"
"all-available","Asia/Taipei","BTCUSDT","BTC-260901-77750-P","2026-09-01","77750","PUT","1h","2026-08-31 12:00:00","2026-08-31 20:00:00","345.000","505.000","345.000","460.000","14.85","2026-08-31 12:59:59","2026-08-31 20:59:59","7122.40000","18","9.41","4562.15000"
"all-available","Asia/Taipei","BTCUSDT","BTC-260901-77750-P","2026-09-01","77750","PUT","1h","2026-08-31 13:00:00","2026-08-31 21:00:00","395.000","425.000","310.000","310.000","3.15","2026-08-31 13:59:59","2026-08-31 21:59:59","1222.35000","8","0.00","0.00000"
"all-available","Asia/Taipei","BTCUSDT","BTC-260901-77750-P","2026-09-01","77750","PUT","1h","2026-08-31 14:00:00","2026-08-31 22:00:00","440.000","440.000","185.000","185.000","7.03","2026-08-31 14:59:59","2026-08-31 22:59:59","2350.10000","9","3.76","1357.50000"
"all-available","Asia/Taipei","BTCUSDT","BTC-260901-77750-P","2026-09-01","77750","PUT","1h","2026-08-31 15:00:00","2026-08-31 23:00:00","165.000","200.000","140.000","140.000","0.51","2026-08-31 15:59:59","2026-08-31 23:59:59","80.50000","4","0.50","78.50000"
"all-available","Asia/Taipei","BTCUSDT","BTC-260901-77750-P","2026-09-01","77750","PUT","1h","2026-08-31 16:00:00","2026-09-01 00:00:00","115.000","115.000","65.000","75.000","1.04","2026-08-31 16:59:59","2026-09-01 00:59:59","85.40000","8","0.84","70.30000"
"all-available","Asia/Taipei","BTCUSDT","BTC-260901-77750-P","2026-09-01","77750","PUT","1h","2026-08-31 17:00:00","2026-09-01 01:00:00","75.000","75.000","50.000","55.000","0.51","2026-08-31 17:59:59","2026-09-01 01:59:59","33.05000","6","0.48","31.55000"
"all-available","Asia/Taipei","BTCUSDT","BTC-260901-77750-P","2026-09-01","77750","PUT","1h","2026-08-31 18:00:00","2026-09-01 02:00:00","50.000","50.000","35.000","35.000","2.40","2026-08-31 18:59:59","2026-09-01 02:59:59","103.55000","11","1.12","51.05000"
"all-available","Asia/Taipei","BTCUSDT","BTC-260901-77750-P","2026-09-01","77750","PUT","1h","2026-08-31 19:00:00","2026-09-01 03:00:00","35.000","35.000","35.000","35.000","0.00","2026-08-31 19:59:59","2026-09-01 03:59:59","0.00000","0","0.00","0.00000"
"all-available","Asia/Taipei","BTCUSDT","BTC-260901-77750-P","2026-09-01","77750","PUT","1h","2026-08-31 20:00:00","2026-09-01 04:00:00","65.000","75.000","65.000","75.000","2.44","2026-08-31 20:59:59","2026-09-01 04:59:59","182.90000","6","2.25","168.65000"
"all-available","Asia/Taipei","BTCUSDT","BTC-260901-77750-P","2026-09-01","77750","PUT","1h","2026-08-31 21:00:00","2026-09-01 05:00:00","75.000","75.000","75.000","75.000","0.37","2026-08-31 21:59:59","2026-09-01 05:59:59","27.75000","3","0.00","0.00000"
"all-available","Asia/Taipei","BTCUSDT","BTC-260901-77750-P","2026-09-01","77750","PUT","1h","2026-08-31 22:00:00","2026-09-01 06:00:00","75.000","75.000","75.000","75.000","0.00","2026-08-31 22:59:59","2026-09-01 06:59:59","0.00000","0","0.00","0.00000"
"all-available","Asia/Taipei","BTCUSDT","BTC-260901-77750-P","2026-09-01","77750","PUT","1h","2026-08-31 23:00:00","2026-09-01 07:00:00","120.000","120.000","80.000","80.000","2.39","2026-08-31 23:59:59","2026-09-01 07:59:59","203.65000","7","0.33","34.80000"
"all-available","Asia/Taipei","BTCUSDT","BTC-260901-77750-P","2026-09-01","77750","PUT","1h","2026-09-01 00:00:00","2026-09-01 08:00:00","55.000","60.000","45.000","60.000","1.83","2026-09-01 00:59:59","2026-09-01 08:59:59","94.80000","7","1.60","83.10000"
"all-available","Asia/Taipei","BTCUSDT","BTC-260901-77750-P","2026-09-01","77750","PUT","1h","2026-09-01 01:00:00","2026-09-01 09:00:00","50.000","65.000","50.000","65.000","0.11","2026-09-01 01:59:59","2026-09-01 09:59:59","5.65000","2","0.01","0.65000"
"all-available","Asia/Taipei","BTCUSDT","BTC-260901-77750-P","2026-09-01","77750","PUT","1h","2026-09-01 02:00:00","2026-09-01 10:00:00","90.000","95.000","50.000","50.000","4.35","2026-09-01 02:59:59","2026-09-01 10:59:59","381.50000","13","3.35","298.75000"
"all-available","Asia/Taipei","BTCUSDT","BTC-260901-77750-P","2026-09-01","77750","PUT","1h","2026-09-01 03:00:00","2026-09-01 11:00:00","45.000","45.000","20.000","25.000","1.15","2026-09-01 03:59:59","2026-09-01 11:59:59","29.20000","10","0.18","4.50000"
"all-available","Asia/Taipei","BTCUSDT","BTC-260901-77750-P","2026-09-01","77750","PUT","1h","2026-09-01 04:00:00","2026-09-01 12:00:00","20.000","20.000","5.000","5.000","41.49","2026-09-01 04:59:59","2026-09-01 12:59:59","275.85000","16","0.00","0.00000"
"all-available","Asia/Taipei","BTCUSDT","BTC-260901-77750-P","2026-09-01","77750","PUT","1h","2026-09-01 05:00:00","2026-09-01 13:00:00","5.000","5.000","5.000","5.000","0.00","2026-09-01 05:59:59","2026-09-01 13:59:59","0.00000","0","0.00","0.00000"
"all-available","Asia/Taipei","BTCUSDT","BTC-260901-77750-P","2026-09-01","77750","PUT","1h","2026-09-01 06:00:00","2026-09-01 14:00:00","5.000","5.000","5.000","5.000","0.00","2026-09-01 06:59:59","2026-09-01 14:59:59","0.00000","0","0.00","0.00000"
"all-available","Asia/Taipei","BTCUSDT","BTC-260901-77750-P","2026-09-01","77750","PUT","1h","2026-09-01 07:00:00","2026-09-01 15:00:00","5.000","5.000","5.000","5.000","0.00","2026-09-01 07:59:59","2026-09-01 15:59:59","0.00000","0","0.00","0.00000"
"all-available","Asia/Taipei","BTCUSDT","BTC-260901-78000-C","2026-09-01","78000","CALL","1h","2026-08-31 12:00:00","2026-08-31 20:00:00","540.000","570.000","445.000","445.000","5.30","2026-08-31 12:59:59","2026-08-31 20:59:59","2403.50000","8","1.28","593.10000"
"all-available","Asia/Taipei","BTCUSDT","BTC-260901-78000-C","2026-09-01","78000","CALL","1h","2026-08-31 13:00:00","2026-08-31 21:00:00","480.000","485.000","475.000","475.000","2.21","2026-08-31 13:59:59","2026-08-31 21:59:59","1070.30000","3","0.00","0.00000"
"all-available","Asia/Taipei","BTCUSDT","BTC-260901-78000-C","2026-09-01","78000","CALL","1h","2026-08-31 14:00:00","2026-08-31 22:00:00","460.000","545.000","460.000","545.000","0.07","2026-08-31 14:59:59","2026-08-31 22:59:59","36.45000","3","0.01","4.60000"
"all-available","Asia/Taipei","BTCUSDT","BTC-260901-78000-C","2026-09-01","78000","CALL","1h","2026-08-31 15:00:00","2026-08-31 23:00:00","545.000","545.000","545.000","545.000","0.00","2026-08-31 15:59:59","2026-08-31 23:59:59","0.00000","0","0.00","0.00000"
"all-available","Asia/Taipei","BTCUSDT","BTC-260901-78000-C","2026-09-01","78000","CALL","1h","2026-08-31 16:00:00","2026-09-01 00:00:00","545.000","545.000","545.000","545.000","0.00","2026-08-31 16:59:59","2026-09-01 00:59:59","0.00000","0","0.00","0.00000"
"all-available","Asia/Taipei","BTCUSDT","BTC-260901-78000-C","2026-09-01","78000","CALL","1h","2026-08-31 17:00:00","2026-09-01 01:00:00","545.000","545.000","545.000","545.000","0.00","2026-08-31 17:59:59","2026-09-01 01:59:59","0.00000","0","0.00","0.00000"
"all-available","Asia/Taipei","BTCUSDT","BTC-260901-78000-C","2026-09-01","78000","CALL","1h","2026-08-31 18:00:00","2026-09-01 02:00:00","1110.000","1110.000","1110.000","1110.000","1.00","2026-08-31 18:59:59","2026-09-01 02:59:59","1110.00000","1","1.00","1110.00000"
"all-available","Asia/Taipei","BTCUSDT","BTC-260901-78000-C","2026-09-01","78000","CALL","1h","2026-08-31 19:00:00","2026-09-01 03:00:00","1110.000","1110.000","1110.000","1110.000","0.00","2026-08-31 19:59:59","2026-09-01 03:59:59","0.00000","0","0.00","0.00000"
"all-available","Asia/Taipei","BTCUSDT","BTC-260901-78000-C","2026-09-01","78000","CALL","1h","2026-08-31 20:00:00","2026-09-01 04:00:00","1110.000","1110.000","1110.000","1110.000","0.00","2026-08-31 20:59:59","2026-09-01 04:59:59","0.00000","0","0.00","0.00000"
"all-available","Asia/Taipei","BTCUSDT","BTC-260901-78000-C","2026-09-01","78000","CALL","1h","2026-08-31 21:00:00","2026-09-01 05:00:00","1110.000","1110.000","1110.000","1110.000","0.00","2026-08-31 21:59:59","2026-09-01 05:59:59","0.00000","0","0.00","0.00000"
"all-available","Asia/Taipei","BTCUSDT","BTC-260901-78000-C","2026-09-01","78000","CALL","1h","2026-08-31 22:00:00","2026-09-01 06:00:00","900.000","900.000","900.000","900.000","0.05","2026-08-31 22:59:59","2026-09-01 06:59:59","45.00000","1","0.05","45.00000"
"all-available","Asia/Taipei","BTCUSDT","BTC-260901-78000-C","2026-09-01","78000","CALL","1h","2026-08-31 23:00:00","2026-09-01 07:00:00","900.000","900.000","900.000","900.000","0.00","2026-08-31 23:59:59","2026-09-01 07:59:59","0.00000","0","0.00","0.00000"
"all-available","Asia/Taipei","BTCUSDT","BTC-260901-78000-C","2026-09-01","78000","CALL","1h","2026-09-01 00:00:00","2026-09-01 08:00:00","900.000","900.000","900.000","900.000","0.00","2026-09-01 00:59:59","2026-09-01 08:59:59","0.00000","0","0.00","0.00000"
"all-available","Asia/Taipei","BTCUSDT","BTC-260901-78000-C","2026-09-01","78000","CALL","1h","2026-09-01 01:00:00","2026-09-01 09:00:00","900.000","900.000","900.000","900.000","0.00","2026-09-01 01:59:59","2026-09-01 09:59:59","0.00000","0","0.00","0.00000"
"all-available","Asia/Taipei","BTCUSDT","BTC-260901-78000-C","2026-09-01","78000","CALL","1h","2026-09-01 02:00:00","2026-09-01 10:00:00","900.000","900.000","900.000","900.000","0.00","2026-09-01 02:59:59","2026-09-01 10:59:59","0.00000","0","0.00","0.00000"
"all-available","Asia/Taipei","BTCUSDT","BTC-260901-78000-C","2026-09-01","78000","CALL","1h","2026-09-01 03:00:00","2026-09-01 11:00:00","900.000","900.000","900.000","900.000","0.00","2026-09-01 03:59:59","2026-09-01 11:59:59","0.00000","0","0.00","0.00000"
"all-available","Asia/Taipei","BTCUSDT","BTC-260901-78000-C","2026-09-01","78000","CALL","1h","2026-09-01 04:00:00","2026-09-01 12:00:00","900.000","900.000","900.000","900.000","0.00","2026-09-01 04:59:59","2026-09-01 12:59:59","0.00000","0","0.00","0.00000"
"all-available","Asia/Taipei","BTCUSDT","BTC-260901-78000-C","2026-09-01","78000","CALL","1h","2026-09-01 05:00:00","2026-09-01 13:00:00","900.000","900.000","900.000","900.000","0.00","2026-09-01 05:59:59","2026-09-01 13:59:59","0.00000","0","0.00","0.00000"
"all-available","Asia/Taipei","BTCUSDT","BTC-260901-78000-C","2026-09-01","78000","CALL","1h","2026-09-01 06:00:00","2026-09-01 14:00:00","900.000","900.000","900.000","900.000","0.00","2026-09-01 06:59:59","2026-09-01 14:59:59","0.00000","0","0.00","0.00000"
"all-available","Asia/Taipei","BTCUSDT","BTC-260901-78000-C","2026-09-01","78000","CALL","1h","2026-09-01 07:00:00","2026-09-01 15:00:00","900.000","900.000","900.000","900.000","0.00","2026-09-01 07:59:59","2026-09-01 15:59:59","0.00000","0","0.00","0.00000"
"all-available","Asia/Taipei","BTCUSDT","BTC-260901-78000-P","2026-09-01","78000","PUT","1h","2026-08-31 09:00:00","2026-08-31 17:00:00","235.000","235.000","225.000","225.000","0.30","2026-08-31 09:59:59","2026-08-31 17:59:59","68.50000","2","0.30","68.50000"
"all-available","Asia/Taipei","BTCUSDT","BTC-260901-78000-P","2026-09-01","78000","PUT","1h","2026-08-31 10:00:00","2026-08-31 18:00:00","335.000","335.000","335.000","335.000","0.01","2026-08-31 10:59:59","2026-08-31 18:59:59","3.35000","1","0.00","0.00000"
"all-available","Asia/Taipei","BTCUSDT","BTC-260901-78000-P","2026-09-01","78000","PUT","1h","2026-08-31 11:00:00","2026-08-31 19:00:00","235.000","350.000","235.000","350.000","2.04","2026-08-31 11:59:59","2026-08-31 19:59:59","641.25000","11","0.58","142.70000"
"all-available","Asia/Taipei","BTCUSDT","BTC-260901-78000-P","2026-09-01","78000","PUT","1h","2026-08-31 12:00:00","2026-08-31 20:00:00","365.000","595.000","365.000","595.000","6.93","2026-08-31 12:59:59","2026-08-31 20:59:59","3858.35000","9","6.49","3663.35000"
"all-available","Asia/Taipei","BTCUSDT","BTC-260901-78000-P","2026-09-01","78000","PUT","1h","2026-08-31 13:00:00","2026-08-31 21:00:00","490.000","525.000","385.000","525.000","2.26","2026-08-31 13:59:59","2026-08-31 21:59:59","956.30000","6","2.22","939.50000"
"all-available","Asia/Taipei","BTCUSDT","BTC-260901-78000-P","2026-09-01","78000","PUT","1h","2026-08-31 14:00:00","2026-08-31 22:00:00","560.000","560.000","225.000","260.000","8.99","2026-08-31 14:59:59","2026-08-31 22:59:59","3262.80000","14","0.00","0.00000"
"all-available","Asia/Taipei","BTCUSDT","BTC-260901-78000-P","2026-09-01","78000","PUT","1h","2026-08-31 15:00:00","2026-08-31 23:00:00","250.000","280.000","165.000","165.000","0.59","2026-08-31 15:59:59","2026-08-31 23:59:59","133.80000","8","0.44","102.40000"
"all-available","Asia/Taipei","BTCUSDT","BTC-260901-78000-P","2026-09-01","78000","PUT","1h","2026-08-31 16:00:00","2026-09-01 00:00:00","140.000","150.000","100.000","115.000","0.77","2026-08-31 16:59:59","2026-09-01 00:59:59","91.90000","8","0.33","39.30000"
"all-available","Asia/Taipei","BTCUSDT","BTC-260901-78000-P","2026-09-01","78000","PUT","1h","2026-08-31 17:00:00","2026-09-01 01:00:00","140.000","140.000","75.000","75.000","1.50","2026-08-31 17:59:59","2026-09-01 01:59:59","121.55000","8","0.83","68.75000"
"all-available","Asia/Taipei","BTCUSDT","BTC-260901-78000-P","2026-09-01","78000","PUT","1h","2026-08-31 18:00:00","2026-09-01 02:00:00","80.000","80.000","45.000","50.000","3.41","2026-08-31 18:59:59","2026-09-01 02:59:59","162.90000","8","3.41","162.90000"
"all-available","Asia/Taipei","BTCUSDT","BTC-260901-78000-P","2026-09-01","78000","PUT","1h","2026-08-31 19:00:00","2026-09-01 03:00:00","45.000","50.000","45.000","45.000","0.93","2026-08-31 19:59:59","2026-09-01 03:59:59","43.55000","9","0.39","19.25000"
"all-available","Asia/Taipei","BTCUSDT","BTC-260901-78000-P","2026-09-01","78000","PUT","1h","2026-08-31 20:00:00","2026-09-01 04:00:00","85.000","105.000","80.000","105.000","5.04","2026-08-31 20:59:59","2026-09-01 04:59:59","452.80000","11","3.86","356.50000"
"all-available","Asia/Taipei","BTCUSDT","BTC-260901-78000-P","2026-09-01","78000","PUT","1h","2026-08-31 21:00:00","2026-09-01 05:00:00","100.000","110.000","85.000","85.000","3.16","2026-08-31 21:59:59","2026-09-01 05:59:59","311.40000","7","1.96","209.40000"
"all-available","Asia/Taipei","BTCUSDT","BTC-260901-78000-P","2026-09-01","78000","PUT","1h","2026-08-31 22:00:00","2026-09-01 06:00:00","110.000","145.000","110.000","145.000","0.29","2026-08-31 22:59:59","2026-09-01 06:59:59","39.10000","8","0.03","4.00000"
"all-available","Asia/Taipei","BTCUSDT","BTC-260901-78000-P","2026-09-01","78000","PUT","1h","2026-08-31 23:00:00","2026-09-01 07:00:00","150.000","165.000","115.000","115.000","2.74","2026-08-31 23:59:59","2026-09-01 07:59:59","355.05000","5","0.01","1.50000"
"all-available","Asia/Taipei","BTCUSDT","BTC-260901-78000-P","2026-09-01","78000","PUT","1h","2026-09-01 00:00:00","2026-09-01 08:00:00","95.000","95.000","60.000","75.000","1.79","2026-09-01 00:59:59","2026-09-01 08:59:59","137.10000","13","0.61","51.40000"
"all-available","Asia/Taipei","BTCUSDT","BTC-260901-78000-P","2026-09-01","78000","PUT","1h","2026-09-01 01:00:00","2026-09-01 09:00:00","100.000","100.000","100.000","100.000","1.01","2026-09-01 01:59:59","2026-09-01 09:59:59","101.00000","4","0.01","1.00000"
"all-available","Asia/Taipei","BTCUSDT","BTC-260901-78000-P","2026-09-01","78000","PUT","1h","2026-09-01 02:00:00","2026-09-01 10:00:00","135.000","170.000","85.000","85.000","6.89","2026-09-01 02:59:59","2026-09-01 10:59:59","923.30000","8","3.45","467.85000"
"all-available","Asia/Taipei","BTCUSDT","BTC-260901-78000-P","2026-09-01","78000","PUT","1h","2026-09-01 03:00:00","2026-09-01 11:00:00","85.000","85.000","30.000","40.000","7.76","2026-09-01 03:59:59","2026-09-01 11:59:59","302.75000","21","6.14","240.90000"
"all-available","Asia/Taipei","BTCUSDT","BTC-260901-78000-P","2026-09-01","78000","PUT","1h","2026-09-01 04:00:00","2026-09-01 12:00:00","20.000","25.000","10.000","15.000","4.25","2026-09-01 04:59:59","2026-09-01 12:59:59","62.50000","15","1.60","36.00000"
"all-available","Asia/Taipei","BTCUSDT","BTC-260901-78000-P","2026-09-01","78000","PUT","1h","2026-09-01 05:00:00","2026-09-01 13:00:00","5.000","5.000","5.000","5.000","30.63","2026-09-01 05:59:59","2026-09-01 13:59:59","153.15000","4","0.00","0.00000"
"all-available","Asia/Taipei","BTCUSDT","BTC-260901-78000-P","2026-09-01","78000","PUT","1h","2026-09-01 06:00:00","2026-09-01 14:00:00","5.000","5.000","5.000","5.000","0.00","2026-09-01 06:59:59","2026-09-01 14:59:59","0.00000","0","0.00","0.00000"
"all-available","Asia/Taipei","BTCUSDT","BTC-260901-78000-P","2026-09-01","78000","PUT","1h","2026-09-01 07:00:00","2026-09-01 15:00:00","5.000","5.000","5.000","5.000","6.63","2026-09-01 07:59:59","2026-09-01 15:59:59","33.15000","61","6.63","33.15000"
"all-available","Asia/Taipei","BTCUSDT","BTC-260901-78250-C","2026-09-01","78250","CALL","1h","2026-08-31 08:00:00","2026-08-31 16:00:00","450.000","600.000","450.000","600.000","1.68","2026-08-31 08:59:59","2026-08-31 16:59:59","763.70000","4","1.65","747.00000"
"all-available","Asia/Taipei","BTCUSDT","BTC-260901-78250-C","2026-09-01","78250","CALL","1h","2026-08-31 09:00:00","2026-08-31 17:00:00","555.000","680.000","555.000","680.000","1.86","2026-08-31 09:59:59","2026-08-31 17:59:59","1128.80000","5","0.00","0.00000"
"all-available","Asia/Taipei","BTCUSDT","BTC-260901-78250-C","2026-09-01","78250","CALL","1h","2026-08-31 10:00:00","2026-08-31 18:00:00","640.000","640.000","640.000","640.000","0.05","2026-08-31 10:59:59","2026-08-31 18:59:59","32.00000","1","0.05","32.00000"
"all-available","Asia/Taipei","BTCUSDT","BTC-260901-78250-C","2026-09-01","78250","CALL","1h","2026-08-31 11:00:00","2026-08-31 19:00:00","640.000","640.000","640.000","640.000","0.00","2026-08-31 11:59:59","2026-08-31 19:59:59","0.00000","0","0.00","0.00000"
"all-available","Asia/Taipei","BTCUSDT","BTC-260901-78250-C","2026-09-01","78250","CALL","1h","2026-08-31 12:00:00","2026-08-31 20:00:00","465.000","465.000","390.000","390.000","0.72","2026-08-31 12:59:59","2026-08-31 20:59:59","333.30000","2","0.70","325.50000"
"all-available","Asia/Taipei","BTCUSDT","BTC-260901-78250-C","2026-09-01","78250","CALL","1h","2026-08-31 13:00:00","2026-08-31 21:00:00","420.000","470.000","320.000","340.000","4.11","2026-08-31 13:59:59","2026-08-31 21:59:59","1842.20000","6","2.02","863.40000"
"all-available","Asia/Taipei","BTCUSDT","BTC-260901-78250-C","2026-09-01","78250","CALL","1h","2026-08-31 14:00:00","2026-08-31 22:00:00","345.000","610.000","345.000","610.000","1.24","2026-08-31 14:59:59","2026-08-31 22:59:59","531.40000","8","1.03","440.65000"
"all-available","Asia/Taipei","BTCUSDT","BTC-260901-78250-C","2026-09-01","78250","CALL","1h","2026-08-31 15:00:00","2026-08-31 23:00:00","435.000","655.000","435.000","655.000","0.26","2026-08-31 15:59:59","2026-08-31 23:59:59","137.80000","3","0.10","55.00000"
"all-available","Asia/Taipei","BTCUSDT","BTC-260901-78250-C","2026-09-01","78250","CALL","1h","2026-08-31 16:00:00","2026-09-01 00:00:00","735.000","735.000","735.000","735.000","0.01","2026-08-31 16:59:59","2026-09-01 00:59:59","7.35000","1","0.00","0.00000"
"all-available","Asia/Taipei","BTCUSDT","BTC-260901-78250-C","2026-09-01","78250","CALL","1h","2026-08-31 17:00:00","2026-09-01 01:00:00","850.000","850.000","850.000","850.000","1.00","2026-08-31 17:59:59","2026-09-01 01:59:59","850.00000","1","1.00","850.00000"
"all-available","Asia/Taipei","BTCUSDT","BTC-260901-78250-C","2026-09-01","78250","CALL","1h","2026-08-31 18:00:00","2026-09-01 02:00:00","770.000","770.000","770.000","770.000","0.05","2026-08-31 18:59:59","2026-09-01 02:59:59","38.50000","1","0.05","38.50000"
"all-available","Asia/Taipei","BTCUSDT","BTC-260901-78250-C","2026-09-01","78250","CALL","1h","2026-08-31 19:00:00","2026-09-01 03:00:00","770.000","770.000","770.000","770.000","0.00","2026-08-31 19:59:59","2026-09-01 03:59:59","0.00000","0","0.00","0.00000"
"all-available","Asia/Taipei","BTCUSDT","BTC-260901-78250-C","2026-09-01","78250","CALL","1h","2026-08-31 20:00:00","2026-09-01 04:00:00","770.000","770.000","770.000","770.000","0.00","2026-08-31 20:59:59","2026-09-01 04:59:59","0.00000","0","0.00","0.00000"
"all-available","Asia/Taipei","BTCUSDT","BTC-260901-78250-C","2026-09-01","78250","CALL","1h","2026-08-31 21:00:00","2026-09-01 05:00:00","770.000","770.000","770.000","770.000","0.00","2026-08-31 21:59:59","2026-09-01 05:59:59","0.00000","0","0.00","0.00000"
"all-available","Asia/Taipei","BTCUSDT","BTC-260901-78250-C","2026-09-01","78250","CALL","1h","2026-08-31 22:00:00","2026-09-01 06:00:00","770.000","770.000","770.000","770.000","0.00","2026-08-31 22:59:59","2026-09-01 06:59:59","0.00000","0","0.00","0.00000"
"all-available","Asia/Taipei","BTCUSDT","BTC-260901-78250-C","2026-09-01","78250","CALL","1h","2026-08-31 23:00:00","2026-09-01 07:00:00","475.000","475.000","475.000","475.000","0.06","2026-08-31 23:59:59","2026-09-01 07:59:59","28.50000","1","0.00","0.00000"
"all-available","Asia/Taipei","BTCUSDT","BTC-260901-78250-C","2026-09-01","78250","CALL","1h","2026-09-01 00:00:00","2026-09-01 08:00:00","475.000","475.000","475.000","475.000","0.00","2026-09-01 00:59:59","2026-09-01 08:59:59","0.00000","0","0.00","0.00000"
"all-available","Asia/Taipei","BTCUSDT","BTC-260901-78250-C","2026-09-01","78250","CALL","1h","2026-09-01 01:00:00","2026-09-01 09:00:00","475.000","475.000","475.000","475.000","0.00","2026-09-01 01:59:59","2026-09-01 09:59:59","0.00000","0","0.00","0.00000"
"all-available","Asia/Taipei","BTCUSDT","BTC-260901-78250-C","2026-09-01","78250","CALL","1h","2026-09-01 02:00:00","2026-09-01 10:00:00","245.000","305.000","235.000","305.000","0.20","2026-09-01 02:59:59","2026-09-01 10:59:59","50.15000","6","0.17","42.25000"
"all-available","Asia/Taipei","BTCUSDT","BTC-260901-78250-C","2026-09-01","78250","CALL","1h","2026-09-01 03:00:00","2026-09-01 11:00:00","320.000","560.000","320.000","560.000","2.01","2026-09-01 03:59:59","2026-09-01 11:59:59","645.60000","2","0.01","5.60000"
"all-available","Asia/Taipei","BTCUSDT","BTC-260901-78250-C","2026-09-01","78250","CALL","1h","2026-09-01 04:00:00","2026-09-01 12:00:00","500.000","500.000","500.000","500.000","0.01","2026-09-01 04:59:59","2026-09-01 12:59:59","5.00000","1","0.01","5.00000"
"all-available","Asia/Taipei","BTCUSDT","BTC-260901-78250-C","2026-09-01","78250","CALL","1h","2026-09-01 05:00:00","2026-09-01 13:00:00","605.000","605.000","565.000","565.000","0.14","2026-09-01 05:59:59","2026-09-01 13:59:59","79.80000","3","0.14","79.80000"
"all-available","Asia/Taipei","BTCUSDT","BTC-260901-78250-C","2026-09-01","78250","CALL","1h","2026-09-01 06:00:00","2026-09-01 14:00:00","710.000","710.000","710.000","710.000","0.03","2026-09-01 06:59:59","2026-09-01 14:59:59","21.30000","1","0.00","0.00000"
"all-available","Asia/Taipei","BTCUSDT","BTC-260901-78250-C","2026-09-01","78250","CALL","1h","2026-09-01 07:00:00","2026-09-01 15:00:00","500.000","500.000","500.000","500.000","0.01","2026-09-01 07:59:59","2026-09-01 15:59:59","5.00000","1","0.01","5.00000"
"all-available","Asia/Taipei","BTCUSDT","BTC-260901-78250-P","2026-09-01","78250","PUT","1h","2026-08-31 08:00:00","2026-08-31 16:00:00","520.000","520.000","395.000","395.000","0.17","2026-08-31 08:59:59","2026-08-31 16:59:59","79.65000","3","0.10","52.00000"
"all-available","Asia/Taipei","BTCUSDT","BTC-260901-78250-P","2026-09-01","78250","PUT","1h","2026-08-31 09:00:00","2026-08-31 17:00:00","400.000","400.000","280.000","320.000","2.55","2026-08-31 09:59:59","2026-08-31 17:59:59","847.15000","5","0.30","120.00000"
"all-available","Asia/Taipei","BTCUSDT","BTC-260901-78250-P","2026-09-01","78250","PUT","1h","2026-08-31 10:00:00","2026-08-31 18:00:00","460.000","460.000","355.000","355.000","0.09","2026-08-31 10:59:59","2026-08-31 18:59:59","36.20000","5","0.04","16.80000"
"all-available","Asia/Taipei","BTCUSDT","BTC-260901-78250-P","2026-09-01","78250","PUT","1h","2026-08-31 11:00:00","2026-08-31 19:00:00","325.000","325.000","325.000","325.000","0.14","2026-08-31 11:59:59","2026-08-31 19:59:59","45.50000","1","0.14","45.50000"
"all-available","Asia/Taipei","BTCUSDT","BTC-260901-78250-P","2026-09-01","78250","PUT","1h","2026-08-31 12:00:00","2026-08-31 20:00:00","460.000","820.000","400.000","820.000","0.55","2026-08-31 12:59:59","2026-08-31 20:59:59","332.05000","5","0.15","118.80000"
"all-available","Asia/Taipei","BTCUSDT","BTC-260901-78250-P","2026-09-01","78250","PUT","1h","2026-08-31 13:00:00","2026-08-31 21:00:00","595.000","655.000","515.000","515.000","10.20","2026-08-31 13:59:59","2026-08-31 21:59:59","5879.60000","6","6.19","3493.65000"
"all-available","Asia/Taipei","BTCUSDT","BTC-260901-78250-P","2026-09-01","78250","PUT","1h","2026-08-31 14:00:00","2026-08-31 22:00:00","535.000","535.000","330.000","330.000","2.53","2026-08-31 14:59:59","2026-08-31 22:59:59","1283.00000","3","0.02","7.80000"
"all-available","Asia/Taipei","BTCUSDT","BTC-260901-78250-P","2026-09-01","78250","PUT","1h","2026-08-31 15:00:00","2026-08-31 23:00:00","330.000","380.000","295.000","295.000","5.83","2026-08-31 15:59:59","2026-08-31 23:59:59","1923.80000","7","5.73","1890.90000"
"all-available","Asia/Taipei","BTCUSDT","BTC-260901-78250-P","2026-09-01","78250","PUT","1h","2026-08-31 16:00:00","2026-09-01 00:00:00","210.000","215.000","150.000","150.000","0.45","2026-08-31 16:59:59","2026-09-01 00:59:59","87.85000","8","0.30","61.45000"
"all-available","Asia/Taipei","BTCUSDT","BTC-260901-78250-P","2026-09-01","78250","PUT","1h","2026-08-31 17:00:00","2026-09-01 01:00:00","230.000","230.000","195.000","195.000","0.07","2026-08-31 17:59:59","2026-09-01 01:59:59","14.05000","3","0.02","4.30000"
"all-available","Asia/Taipei","BTCUSDT","BTC-260901-78250-P","2026-09-01","78250","PUT","1h","2026-08-31 18:00:00","2026-09-01 02:00:00","65.000","70.000","65.000","70.000","5.87","2026-08-31 18:59:59","2026-09-01 02:59:59","410.20000","4","0.00","0.00000"
"all-available","Asia/Taipei","BTCUSDT","BTC-260901-78250-P","2026-09-01","78250","PUT","1h","2026-08-31 19:00:00","2026-09-01 03:00:00","60.000","90.000","60.000","90.000","3.36","2026-08-31 19:59:59","2026-09-01 03:59:59","299.40000","5","3.36","299.40000"
"all-available","Asia/Taipei","BTCUSDT","BTC-260901-78250-P","2026-09-01","78250","PUT","1h","2026-08-31 20:00:00","2026-09-01 04:00:00","115.000","115.000","115.000","115.000","1.17","2026-08-31 20:59:59","2026-09-01 04:59:59","134.55000","1","1.17","134.55000"
"all-available","Asia/Taipei","BTCUSDT","BTC-260901-78250-P","2026-09-01","78250","PUT","1h","2026-08-31 21:00:00","2026-09-01 05:00:00","135.000","135.000","110.000","110.000","0.74","2026-08-31 21:59:59","2026-09-01 05:59:59","83.90000","4","0.64","70.40000"
"all-available","Asia/Taipei","BTCUSDT","BTC-260901-78250-P","2026-09-01","78250","PUT","1h","2026-08-31 22:00:00","2026-09-01 06:00:00","170.000","210.000","170.000","210.000","13.11","2026-08-31 22:59:59","2026-09-01 06:59:59","2751.45000","9","13.11","2751.45000"
"all-available","Asia/Taipei","BTCUSDT","BTC-260901-78250-P","2026-09-01","78250","PUT","1h","2026-08-31 23:00:00","2026-09-01 07:00:00","240.000","240.000","180.000","180.000","1.23","2026-08-31 23:59:59","2026-09-01 07:59:59","265.20000","7","0.50","90.00000"
"all-available","Asia/Taipei","BTCUSDT","BTC-260901-78250-P","2026-09-01","78250","PUT","1h","2026-09-01 00:00:00","2026-09-01 08:00:00","135.000","135.000","135.000","135.000","0.50","2026-09-01 00:59:59","2026-09-01 08:59:59","67.50000","1","0.00","0.00000"
"all-available","Asia/Taipei","BTCUSDT","BTC-260901-78250-P","2026-09-01","78250","PUT","1h","2026-09-01 01:00:00","2026-09-01 09:00:00","140.000","185.000","135.000","185.000","12.88","2026-09-01 01:59:59","2026-09-01 09:59:59","2380.85000","11","0.01","1.40000"
"all-available","Asia/Taipei","BTCUSDT","BTC-260901-78250-P","2026-09-01","78250","PUT","1h","2026-09-01 02:00:00","2026-09-01 10:00:00","185.000","240.000","140.000","140.000","1.70","2026-09-01 02:59:59","2026-09-01 10:59:59","364.25000","11","1.64","353.35000"
"all-available","Asia/Taipei","BTCUSDT","BTC-260901-78250-P","2026-09-01","78250","PUT","1h","2026-09-01 03:00:00","2026-09-01 11:00:00","125.000","125.000","55.000","70.000","2.34","2026-09-01 03:59:59","2026-09-01 11:59:59","145.20000","11","2.07","128.95000"
"all-available","Asia/Taipei","BTCUSDT","BTC-260901-78250-P","2026-09-01","78250","PUT","1h","2026-09-01 04:00:00","2026-09-01 12:00:00","50.000","65.000","25.000","25.000","9.57","2026-09-01 04:59:59","2026-09-01 12:59:59","287.65000","16","2.41","96.15000"
"all-available","Asia/Taipei","BTCUSDT","BTC-260901-78250-P","2026-09-01","78250","PUT","1h","2026-09-01 05:00:00","2026-09-01 13:00:00","20.000","20.000","5.000","5.000","4.38","2026-09-01 05:59:59","2026-09-01 13:59:59","30.60000","13","0.53","8.85000"
"all-available","Asia/Taipei","BTCUSDT","BTC-260901-78250-P","2026-09-01","78250","PUT","1h","2026-09-01 06:00:00","2026-09-01 14:00:00","5.000","5.000","5.000","5.000","0.01","2026-09-01 06:59:59","2026-09-01 14:59:59","0.05000","1","0.01","0.05000"
"all-available","Asia/Taipei","BTCUSDT","BTC-260901-78250-P","2026-09-01","78250","PUT","1h","2026-09-01 07:00:00","2026-09-01 15:00:00","5.000","5.000","5.000","5.000","0.00","2026-09-01 07:59:59","2026-09-01 15:59:59","0.00000","0","0.00","0.00000"
"all-available","Asia/Taipei","BTCUSDT","BTC-260901-78500-C","2026-09-01","78500","CALL","1h","2026-08-29 08:00:00","2026-08-29 16:00:00","430.000","430.000","430.000","430.000","0.84","2026-08-29 08:59:59","2026-08-29 16:59:59","361.20000","1","0.84","361.20000"
"all-available","Asia/Taipei","BTCUSDT","BTC-260901-78500-C","2026-09-01","78500","CALL","1h","2026-08-29 09:00:00","2026-08-29 17:00:00","430.000","430.000","430.000","430.000","0.00","2026-08-29 09:59:59","2026-08-29 17:59:59","0.00000","0","0.00","0.00000"
"all-available","Asia/Taipei","BTCUSDT","BTC-260901-78500-C","2026-09-01","78500","CALL","1h","2026-08-29 10:00:00","2026-08-29 18:00:00","435.000","435.000","435.000","435.000","0.03","2026-08-29 10:59:59","2026-08-29 18:59:59","13.05000","1","0.03","13.05000"
"all-available","Asia/Taipei","BTCUSDT","BTC-260901-78500-C","2026-09-01","78500","CALL","1h","2026-08-29 11:00:00","2026-08-29 19:00:00","435.000","435.000","435.000","435.000","0.01","2026-08-29 11:59:59","2026-08-29 19:59:59","4.35000","1","0.01","4.35000"
"all-available","Asia/Taipei","BTCUSDT","BTC-260901-78500-C","2026-09-01","78500","CALL","1h","2026-08-29 12:00:00","2026-08-29 20:00:00","405.000","405.000","405.000","405.000","0.03","2026-08-29 12:59:59","2026-08-29 20:59:59","12.15000","1","0.00","0.00000"
"all-available","Asia/Taipei","BTCUSDT","BTC-260901-78500-C","2026-09-01","78500","CALL","1h","2026-08-29 13:00:00","2026-08-29 21:00:00","435.000","435.000","435.000","435.000","0.01","2026-08-29 13:59:59","2026-08-29 21:59:59","4.35000","1","0.00","0.00000"
"all-available","Asia/Taipei","BTCUSDT","BTC-260901-78500-C","2026-09-01","78500","CALL","1h","2026-08-29 14:00:00","2026-08-29 22:00:00","435.000","435.000","435.000","435.000","0.00","2026-08-29 14:59:59","2026-08-29 22:59:59","0.00000","0","0.00","0.00000"
"all-available","Asia/Taipei","BTCUSDT","BTC-260901-78500-C","2026-09-01","78500","CALL","1h","2026-08-29 15:00:00","2026-08-29 23:00:00","530.000","530.000","530.000","530.000","0.02","2026-08-29 15:59:59","2026-08-29 23:59:59","10.60000","2","0.01","5.30000"
"all-available","Asia/Taipei","BTCUSDT","BTC-260901-78500-C","2026-09-01","78500","CALL","1h","2026-08-29 16:00:00","2026-08-30 00:00:00","530.000","530.000","530.000","530.000","0.00","2026-08-29 16:59:59","2026-08-30 00:59:59","0.00000","0","0.00","0.00000"
"all-available","Asia/Taipei","BTCUSDT","BTC-260901-78500-C","2026-09-01","78500","CALL","1h","2026-08-29 17:00:00","2026-08-30 01:00:00","535.000","535.000","500.000","500.000","0.12","2026-08-29 17:59:59","2026-08-30 01:59:59","60.70000","3","0.12","60.70000"
"all-available","Asia/Taipei","BTCUSDT","BTC-260901-78500-C","2026-09-01","78500","CALL","1h","2026-08-29 18:00:00","2026-08-30 02:00:00","500.000","500.000","500.000","500.000","0.00","2026-08-29 18:59:59","2026-08-30 02:59:59","0.00000","0","0.00","0.00000"
"all-available","Asia/Taipei","BTCUSDT","BTC-260901-78500-C","2026-09-01","78500","CALL","1h","2026-08-29 19:00:00","2026-08-30 03:00:00","500.000","500.000","500.000","500.000","0.00","2026-08-29 19:59:59","2026-08-30 03:59:59","0.00000","0","0.00","0.00000"
"all-available","Asia/Taipei","BTCUSDT","BTC-260901-78500-C","2026-09-01","78500","CALL","1h","2026-08-29 20:00:00","2026-08-30 04:00:00","500.000","500.000","500.000","500.000","0.00","2026-08-29 20:59:59","2026-08-30 04:59:59","0.00000","0","0.00","0.00000"
"all-available","Asia/Taipei","BTCUSDT","BTC-260901-78500-C","2026-09-01","78500","CALL","1h","2026-08-29 21:00:00","2026-08-30 05:00:00","550.000","550.000","550.000","550.000","0.01","2026-08-29 21:59:59","2026-08-30 05:59:59","5.50000","1","0.00","0.00000"
"all-available","Asia/Taipei","BTCUSDT","BTC-260901-78500-C","2026-09-01","78500","CALL","1h","2026-08-29 22:00:00","2026-08-30 06:00:00","550.000","550.000","550.000","550.000","0.00","2026-08-29 22:59:59","2026-08-30 06:59:59","0.00000","0","0.00","0.00000"
"all-available","Asia/Taipei","BTCUSDT","BTC-260901-78500-C","2026-09-01","78500","CALL","1h","2026-08-29 23:00:00","2026-08-30 07:00:00","550.000","550.000","550.000","550.000","0.00","2026-08-29 23:59:59","2026-08-30 07:59:59","0.00000","0","0.00","0.00000"
"all-available","Asia/Taipei","BTCUSDT","BTC-260901-78500-C","2026-09-01","78500","CALL","1h","2026-08-30 00:00:00","2026-08-30 08:00:00","550.000","550.000","550.000","550.000","0.00","2026-08-30 00:59:59","2026-08-30 08:59:59","0.00000","0","0.00","0.00000"
"all-available","Asia/Taipei","BTCUSDT","BTC-260901-78500-C","2026-09-01","78500","CALL","1h","2026-08-30 01:00:00","2026-08-30 09:00:00","560.000","560.000","555.000","555.000","0.59","2026-08-30 01:59:59","2026-08-30 09:59:59","329.85000","4","0.00","0.00000"
"all-available","Asia/Taipei","BTCUSDT","BTC-260901-78500-C","2026-09-01","78500","CALL","1h","2026-08-30 02:00:00","2026-08-30 10:00:00","550.000","550.000","535.000","545.000","0.39","2026-08-30 02:59:59","2026-08-30 10:59:59","212.65000","6","0.04","22.00000"
"all-available","Asia/Taipei","BTCUSDT","BTC-260901-78500-C","2026-09-01","78500","CALL","1h","2026-08-30 03:00:00","2026-08-30 11:00:00","560.000","560.000","540.000","540.000","0.21","2026-08-30 03:59:59","2026-08-30 11:59:59","116.60000","2","0.00","0.00000"
"all-available","Asia/Taipei","BTCUSDT","BTC-260901-78500-C","2026-09-01","78500","CALL","1h","2026-08-30 04:00:00","2026-08-30 12:00:00","560.000","560.000","560.000","560.000","0.01","2026-08-30 04:59:59","2026-08-30 12:59:59","5.60000","1","0.01","5.60000"
"all-available","Asia/Taipei","BTCUSDT","BTC-260901-78500-C","2026-09-01","78500","CALL","1h","2026-08-30 05:00:00","2026-08-30 13:00:00","560.000","560.000","560.000","560.000","0.00","2026-08-30 05:59:59","2026-08-30 13:59:59","0.00000","0","0.00","0.00000"
"all-available","Asia/Taipei","BTCUSDT","BTC-260901-78500-C","2026-09-01","78500","CALL","1h","2026-08-30 06:00:00","2026-08-30 14:00:00","540.000","540.000","535.000","535.000","0.11","2026-08-30 06:59:59","2026-08-30 14:59:59","59.35000","2","0.00","0.00000"
"all-available","Asia/Taipei","BTCUSDT","BTC-260901-78500-C","2026-09-01","78500","CALL","1h","2026-08-30 07:00:00","2026-08-30 15:00:00","535.000","535.000","535.000","535.000","0.00","2026-08-30 07:59:59","2026-08-30 15:59:59","0.00000","0","0.00","0.00000"
"all-available","Asia/Taipei","BTCUSDT","BTC-260901-78500-C","2026-09-01","78500","CALL","1h","2026-08-30 08:00:00","2026-08-30 16:00:00","530.000","535.000","485.000","485.000","0.65","2026-08-30 08:59:59","2026-08-30 16:59:59","323.85000","8","0.59","292.15000"
"all-available","Asia/Taipei","BTCUSDT","BTC-260901-78500-C","2026-09-01","78500","CALL","1h","2026-08-30 09:00:00","2026-08-30 17:00:00","470.000","470.000","460.000","460.000","0.02","2026-08-30 09:59:59","2026-08-30 17:59:59","9.30000","2","0.00","0.00000"
"all-available","Asia/Taipei","BTCUSDT","BTC-260901-78500-C","2026-09-01","78500","CALL","1h","2026-08-30 10:00:00","2026-08-30 18:00:00","450.000","450.000","450.000","450.000","0.26","2026-08-30 10:59:59","2026-08-30 18:59:59","117.00000","3","0.26","117.00000"
"all-available","Asia/Taipei","BTCUSDT","BTC-260901-78500-C","2026-09-01","78500","CALL","1h","2026-08-30 11:00:00","2026-08-30 19:00:00","505.000","505.000","475.000","475.000","0.06","2026-08-30 11:59:59","2026-08-30 19:59:59","29.20000","3","0.04","19.60000"
"all-available","Asia/Taipei","BTCUSDT","BTC-260901-78500-C","2026-09-01","78500","CALL","1h","2026-08-30 12:00:00","2026-08-30 20:00:00","485.000","665.000","485.000","665.000","5.31","2026-08-30 12:59:59","2026-08-30 20:59:59","2639.55000","5","5.31","2639.55000"
"all-available","Asia/Taipei","BTCUSDT","BTC-260901-78500-C","2026-09-01","78500","CALL","1h","2026-08-30 13:00:00","2026-08-30 21:00:00","760.000","760.000","755.000","755.000","0.02","2026-08-30 13:59:59","2026-08-30 21:59:59","15.15000","2","0.00","0.00000"
"all-available","Asia/Taipei","BTCUSDT","BTC-260901-78500-C","2026-09-01","78500","CALL","1h","2026-08-30 14:00:00","2026-08-30 22:00:00","880.000","880.000","855.000","855.000","0.20","2026-08-30 14:59:59","2026-08-30 22:59:59","175.75000","2","0.20","175.75000"
"all-available","Asia/Taipei","BTCUSDT","BTC-260901-78500-C","2026-09-01","78500","CALL","1h","2026-08-30 15:00:00","2026-08-30 23:00:00","710.000","710.000","710.000","710.000","0.19","2026-08-30 15:59:59","2026-08-30 23:59:59","134.90000","1","0.00","0.00000"
"all-available","Asia/Taipei","BTCUSDT","BTC-260901-78500-C","2026-09-01","78500","CALL","1h","2026-08-30 16:00:00","2026-08-31 00:00:00","950.000","1060.000","950.000","1060.000","1.11","2026-08-30 16:59:59","2026-08-31 00:59:59","1124.50000","4","0.61","639.50000"
"all-available","Asia/Taipei","BTCUSDT","BTC-260901-78500-C","2026-09-01","78500","CALL","1h","2026-08-30 17:00:00","2026-08-31 01:00:00","900.000","900.000","860.000","860.000","1.01","2026-08-30 17:59:59","2026-08-31 01:59:59","907.60000","5","0.00","0.00000"
"all-available","Asia/Taipei","BTCUSDT","BTC-260901-78500-C","2026-09-01","78500","CALL","1h","2026-08-30 18:00:00","2026-08-31 02:00:00","815.000","815.000","815.000","815.000","0.08","2026-08-30 18:59:59","2026-08-31 02:59:59","65.20000","1","0.08","65.20000"
"all-available","Asia/Taipei","BTCUSDT","BTC-260901-78500-C","2026-09-01","78500","CALL","1h","2026-08-30 19:00:00","2026-08-31 03:00:00","865.000","865.000","865.000","865.000","0.50","2026-08-30 19:59:59","2026-08-31 03:59:59","432.50000","1","0.00","0.00000"
"all-available","Asia/Taipei","BTCUSDT","BTC-260901-78500-C","2026-09-01","78500","CALL","1h","2026-08-30 20:00:00","2026-08-31 04:00:00","690.000","690.000","690.000","690.000","0.05","2026-08-30 20:59:59","2026-08-31 04:59:59","34.50000","2","0.00","0.00000"
"all-available","Asia/Taipei","BTCUSDT","BTC-260901-78500-C","2026-09-01","78500","CALL","1h","2026-08-30 21:00:00","2026-08-31 05:00:00","565.000","655.000","565.000","655.000","0.83","2026-08-30 21:59:59","2026-08-31 05:59:59","540.95000","2","0.00","0.00000"
"all-available","Asia/Taipei","BTCUSDT","BTC-260901-78500-C","2026-09-01","78500","CALL","1h","2026-08-30 22:00:00","2026-08-31 06:00:00","740.000","740.000","650.000","650.000","0.92","2026-08-30 22:59:59","2026-08-31 06:59:59","599.80000","2","0.90","585.00000"
"all-available","Asia/Taipei","BTCUSDT","BTC-260901-78500-C","2026-09-01","78500","CALL","1h","2026-08-30 23:00:00","2026-08-31 07:00:00","510.000","510.000","285.000","335.000","7.72","2026-08-30 23:59:59","2026-08-31 07:59:59","3401.85000","14","1.51","505.35000"
"all-available","Asia/Taipei","BTCUSDT","BTC-260901-78500-C","2026-09-01","78500","CALL","1h","2026-08-31 00:00:00","2026-08-31 08:00:00","440.000","455.000","440.000","455.000","0.65","2026-08-31 00:59:59","2026-08-31 08:59:59","289.60000","3","0.61","271.40000"
"all-available","Asia/Taipei","BTCUSDT","BTC-260901-78500-C","2026-09-01","78500","CALL","1h","2026-08-31 01:00:00","2026-08-31 09:00:00","330.000","350.000","330.000","335.000","1.08","2026-08-31 01:59:59","2026-08-31 09:59:59","372.55000","5","1.07","369.25000"
"all-available","Asia/Taipei","BTCUSDT","BTC-260901-78500-C","2026-09-01","78500","CALL","1h","2026-08-31 02:00:00","2026-08-31 10:00:00","315.000","380.000","290.000","290.000","0.12","2026-08-31 02:59:59","2026-08-31 10:59:59","38.90000","4","0.11","35.35000"
"all-available","Asia/Taipei","BTCUSDT","BTC-260901-78500-C","2026-09-01","78500","CALL","1h","2026-08-31 03:00:00","2026-08-31 11:00:00","280.000","340.000","280.000","340.000","0.20","2026-08-31 03:59:59","2026-08-31 11:59:59","57.80000","2","0.17","47.60000"
"all-available","Asia/Taipei","BTCUSDT","BTC-260901-78500-C","2026-09-01","78500","CALL","1h","2026-08-31 04:00:00","2026-08-31 12:00:00","255.000","290.000","250.000","280.000","0.24","2026-08-31 04:59:59","2026-08-31 12:59:59","64.40000","4","0.14","38.90000"
"all-available","Asia/Taipei","BTCUSDT","BTC-260901-78500-C","2026-09-01","78500","CALL","1h","2026-08-31 05:00:00","2026-08-31 13:00:00","395.000","490.000","385.000","385.000","14.46","2026-08-31 05:59:59","2026-08-31 13:59:59","6817.80000","18","13.99","6612.90000"
"all-available","Asia/Taipei","BTCUSDT","BTC-260901-78500-C","2026-09-01","78500","CALL","1h","2026-08-31 06:00:00","2026-08-31 14:00:00","400.000","410.000","390.000","410.000","0.52","2026-08-31 06:59:59","2026-08-31 14:59:59","212.90000","3","0.51","209.00000"
"all-available","Asia/Taipei","BTCUSDT","BTC-260901-78500-C","2026-09-01","78500","CALL","1h","2026-08-31 07:00:00","2026-08-31 15:00:00","410.000","465.000","400.000","450.000","2.71","2026-08-31 07:59:59","2026-08-31 15:59:59","1165.95000","20","2.11","897.75000"
"all-available","Asia/Taipei","BTCUSDT","BTC-260901-78500-C","2026-09-01","78500","CALL","1h","2026-08-31 08:00:00","2026-08-31 16:00:00","390.000","495.000","300.000","495.000","11.69","2026-08-31 08:59:59","2026-08-31 16:59:59","5093.45000","33","0.91","319.90000"
"all-available","Asia/Taipei","BTCUSDT","BTC-260901-78500-C","2026-09-01","78500","CALL","1h","2026-08-31 09:00:00","2026-08-31 17:00:00","430.000","630.000","430.000","575.000","0.37","2026-08-31 09:59:59","2026-08-31 17:59:59","207.30000","6","0.08","46.60000"
"all-available","Asia/Taipei","BTCUSDT","BTC-260901-78500-C","2026-09-01","78500","CALL","1h","2026-08-31 10:00:00","2026-08-31 18:00:00","490.000","600.000","430.000","600.000","1.38","2026-08-31 10:59:59","2026-08-31 18:59:59","822.90000","5","1.35","808.40000"
"all-available","Asia/Taipei","BTCUSDT","BTC-260901-78500-C","2026-09-01","78500","CALL","1h","2026-08-31 11:00:00","2026-08-31 19:00:00","500.000","500.000","415.000","415.000","0.11","2026-08-31 11:59:59","2026-08-31 19:59:59","54.15000","2","0.00","0.00000"
"all-available","Asia/Taipei","BTCUSDT","BTC-260901-78500-C","2026-09-01","78500","CALL","1h","2026-08-31 12:00:00","2026-08-31 20:00:00","480.000","480.000","285.000","285.000","1.71","2026-08-31 12:59:59","2026-08-31 20:59:59","629.35000","10","1.45","504.55000"
"all-available","Asia/Taipei","BTCUSDT","BTC-260901-78500-C","2026-09-01","78500","CALL","1h","2026-08-31 13:00:00","2026-08-31 21:00:00","315.000","380.000","265.000","275.000","4.12","2026-08-31 13:59:59","2026-08-31 21:59:59","1339.25000","14","0.95","272.00000"
"all-available","Asia/Taipei","BTCUSDT","BTC-260901-78500-C","2026-09-01","78500","CALL","1h","2026-08-31 14:00:00","2026-08-31 22:00:00","255.000","550.000","190.000","500.000","8.93","2026-08-31 14:59:59","2026-08-31 22:59:59","3451.15000","30","5.86","2301.90000"
"all-available","Asia/Taipei","BTCUSDT","BTC-260901-78500-C","2026-09-01","78500","CALL","1h","2026-08-31 15:00:00","2026-08-31 23:00:00","445.000","540.000","335.000","455.000","8.69","2026-08-31 15:59:59","2026-08-31 23:59:59","3575.40000","12","5.96","2337.45000"
"all-available","Asia/Taipei","BTCUSDT","BTC-260901-78500-C","2026-09-01","78500","CALL","1h","2026-08-31 16:00:00","2026-09-01 00:00:00","415.000","510.000","415.000","510.000","0.46","2026-08-31 16:59:59","2026-09-01 00:59:59","195.85000","3","0.46","195.85000"
"all-available","Asia/Taipei","BTCUSDT","BTC-260901-78500-C","2026-09-01","78500","CALL","1h","2026-08-31 17:00:00","2026-09-01 01:00:00","510.000","510.000","510.000","510.000","0.00","2026-08-31 17:59:59","2026-09-01 01:59:59","0.00000","0","0.00","0.00000"
"all-available","Asia/Taipei","BTCUSDT","BTC-260901-78500-C","2026-09-01","78500","CALL","1h","2026-08-31 18:00:00","2026-09-01 02:00:00","620.000","720.000","620.000","720.000","2.21","2026-08-31 18:59:59","2026-09-01 02:59:59","1590.20000","2","2.21","1590.20000"
"all-available","Asia/Taipei","BTCUSDT","BTC-260901-78500-C","2026-09-01","78500","CALL","1h","2026-08-31 19:00:00","2026-09-01 03:00:00","800.000","800.000","800.000","800.000","1.00","2026-08-31 19:59:59","2026-09-01 03:59:59","800.00000","1","1.00","800.00000"
"all-available","Asia/Taipei","BTCUSDT","BTC-260901-78500-C","2026-09-01","78500","CALL","1h","2026-08-31 20:00:00","2026-09-01 04:00:00","530.000","530.000","525.000","525.000","4.50","2026-08-31 20:59:59","2026-09-01 04:59:59","2372.70000","4","0.00","0.00000"
"all-available","Asia/Taipei","BTCUSDT","BTC-260901-78500-C","2026-09-01","78500","CALL","1h","2026-08-31 21:00:00","2026-09-01 05:00:00","550.000","650.000","550.000","650.000","0.34","2026-08-31 21:59:59","2026-09-01 05:59:59","196.00000","2","0.25","137.50000"
"all-available","Asia/Taipei","BTCUSDT","BTC-260901-78500-C","2026-09-01","78500","CALL","1h","2026-08-31 22:00:00","2026-09-01 06:00:00","440.000","440.000","370.000","370.000","0.95","2026-08-31 22:59:59","2026-09-01 06:59:59","417.30000","2","0.00","0.00000"
"all-available","Asia/Taipei","BTCUSDT","BTC-260901-78500-C","2026-09-01","78500","CALL","1h","2026-08-31 23:00:00","2026-09-01 07:00:00","355.000","355.000","310.000","330.000","1.94","2026-08-31 23:59:59","2026-09-01 07:59:59","613.45000","7","1.60","496.00000"
"all-available","Asia/Taipei","BTCUSDT","BTC-260901-78500-C","2026-09-01","78500","CALL","1h","2026-09-01 00:00:00","2026-09-01 08:00:00","500.000","500.000","500.000","500.000","0.06","2026-09-01 00:59:59","2026-09-01 08:59:59","30.00000","1","0.06","30.00000"
"all-available","Asia/Taipei","BTCUSDT","BTC-260901-78500-C","2026-09-01","78500","CALL","1h","2026-09-01 01:00:00","2026-09-01 09:00:00","340.000","340.000","200.000","210.000","3.52","2026-09-01 01:59:59","2026-09-01 09:59:59","779.10000","5","1.49","298.90000"
"all-available","Asia/Taipei","BTCUSDT","BTC-260901-78500-C","2026-09-01","78500","CALL","1h","2026-09-01 02:00:00","2026-09-01 10:00:00","160.000","190.000","135.000","180.000","0.22","2026-09-01 02:59:59","2026-09-01 10:59:59","35.15000","12","0.14","22.40000"
"all-available","Asia/Taipei","BTCUSDT","BTC-260901-78500-C","2026-09-01","78500","CALL","1h","2026-09-01 03:00:00","2026-09-01 11:00:00","205.000","390.000","190.000","280.000","1.26","2026-09-01 03:59:59","2026-09-01 11:59:59","251.95000","6","0.03","11.20000"
"all-available","Asia/Taipei","BTCUSDT","BTC-260901-78500-C","2026-09-01","78500","CALL","1h","2026-09-01 04:00:00","2026-09-01 12:00:00","335.000","425.000","270.000","270.000","0.21","2026-09-01 04:59:59","2026-09-01 12:59:59","79.30000","4","0.21","79.30000"
"all-available","Asia/Taipei","BTCUSDT","BTC-260901-78500-C","2026-09-01","78500","CALL","1h","2026-09-01 05:00:00","2026-09-01 13:00:00","260.000","640.000","260.000","640.000","1.43","2026-09-01 05:59:59","2026-09-01 13:59:59","890.95000","6","1.39","869.60000"
"all-available","Asia/Taipei","BTCUSDT","BTC-260901-78500-C","2026-09-01","78500","CALL","1h","2026-09-01 06:00:00","2026-09-01 14:00:00","465.000","465.000","325.000","325.000","0.04","2026-09-01 06:59:59","2026-09-01 14:59:59","17.20000","2","0.01","3.25000"
"all-available","Asia/Taipei","BTCUSDT","BTC-260901-78500-C","2026-09-01","78500","CALL","1h","2026-09-01 07:00:00","2026-09-01 15:00:00","325.000","325.000","325.000","325.000","0.00","2026-09-01 07:59:59","2026-09-01 15:59:59","0.00000","0","0.00","0.00000"
"all-available","Asia/Taipei","BTCUSDT","BTC-260901-78500-P","2026-09-01","78500","PUT","1h","2026-08-29 10:00:00","2026-08-29 18:00:00","1255.000","1255.000","1255.000","1255.000","0.01","2026-08-29 10:59:59","2026-08-29 18:59:59","12.55000","1","0.00","0.00000"
"all-available","Asia/Taipei","BTCUSDT","BTC-260901-78500-P","2026-09-01","78500","PUT","1h","2026-08-29 11:00:00","2026-08-29 19:00:00","1255.000","1255.000","1255.000","1255.000","0.00","2026-08-29 11:59:59","2026-08-29 19:59:59","0.00000","0","0.00","0.00000"
"all-available","Asia/Taipei","BTCUSDT","BTC-260901-78500-P","2026-09-01","78500","PUT","1h","2026-08-29 12:00:00","2026-08-29 20:00:00","1255.000","1255.000","1255.000","1255.000","0.00","2026-08-29 12:59:59","2026-08-29 20:59:59","0.00000","0","0.00","0.00000"
"all-available","Asia/Taipei","BTCUSDT","BTC-260901-78500-P","2026-09-01","78500","PUT","1h","2026-08-29 13:00:00","2026-08-29 21:00:00","1255.000","1255.000","1255.000","1255.000","0.00","2026-08-29 13:59:59","2026-08-29 21:59:59","0.00000","0","0.00","0.00000"
"all-available","Asia/Taipei","BTCUSDT","BTC-260901-78500-P","2026-09-01","78500","PUT","1h","2026-08-29 14:00:00","2026-08-29 22:00:00","1255.000","1255.000","1255.000","1255.000","0.00","2026-08-29 14:59:59","2026-08-29 22:59:59","0.00000","0","0.00","0.00000"
"all-available","Asia/Taipei","BTCUSDT","BTC-260901-78500-P","2026-09-01","78500","PUT","1h","2026-08-29 15:00:00","2026-08-29 23:00:00","1255.000","1255.000","1255.000","1255.000","0.00","2026-08-29 15:59:59","2026-08-29 23:59:59","0.00000","0","0.00","0.00000"
"all-available","Asia/Taipei","BTCUSDT","BTC-260901-78500-P","2026-09-01","78500","PUT","1h","2026-08-29 16:00:00","2026-08-30 00:00:00","1255.000","1255.000","1255.000","1255.000","0.00","2026-08-29 16:59:59","2026-08-30 00:59:59","0.00000","0","0.00","0.00000"
"all-available","Asia/Taipei","BTCUSDT","BTC-260901-78500-P","2026-09-01","78500","PUT","1h","2026-08-29 17:00:00","2026-08-30 01:00:00","965.000","965.000","965.000","965.000","0.01","2026-08-29 17:59:59","2026-08-30 01:59:59","9.65000","1","0.01","9.65000"
"all-available","Asia/Taipei","BTCUSDT","BTC-260901-78500-P","2026-09-01","78500","PUT","1h","2026-08-29 18:00:00","2026-08-30 02:00:00","965.000","965.000","965.000","965.000","0.00","2026-08-29 18:59:59","2026-08-30 02:59:59","0.00000","0","0.00","0.00000"
"all-available","Asia/Taipei","BTCUSDT","BTC-260901-78500-P","2026-09-01","78500","PUT","1h","2026-08-29 19:00:00","2026-08-30 03:00:00","965.000","965.000","965.000","965.000","0.00","2026-08-29 19:59:59","2026-08-30 03:59:59","0.00000","0","0.00","0.00000"
"all-available","Asia/Taipei","BTCUSDT","BTC-260901-78500-P","2026-09-01","78500","PUT","1h","2026-08-29 20:00:00","2026-08-30 04:00:00","965.000","965.000","965.000","965.000","0.00","2026-08-29 20:59:59","2026-08-30 04:59:59","0.00000","0","0.00","0.00000"
"all-available","Asia/Taipei","BTCUSDT","BTC-260901-78500-P","2026-09-01","78500","PUT","1h","2026-08-29 21:00:00","2026-08-30 05:00:00","965.000","965.000","965.000","965.000","0.00","2026-08-29 21:59:59","2026-08-30 05:59:59","0.00000","0","0.00","0.00000"
"all-available","Asia/Taipei","BTCUSDT","BTC-260901-78500-P","2026-09-01","78500","PUT","1h","2026-08-29 22:00:00","2026-08-30 06:00:00","965.000","965.000","965.000","965.000","0.00","2026-08-29 22:59:59","2026-08-30 06:59:59","0.00000","0","0.00","0.00000"
"all-available","Asia/Taipei","BTCUSDT","BTC-260901-78500-P","2026-09-01","78500","PUT","1h","2026-08-29 23:00:00","2026-08-30 07:00:00","965.000","965.000","965.000","965.000","0.00","2026-08-29 23:59:59","2026-08-30 07:59:59","0.00000","0","0.00","0.00000"
"all-available","Asia/Taipei","BTCUSDT","BTC-260901-78500-P","2026-09-01","78500","PUT","1h","2026-08-30 00:00:00","2026-08-30 08:00:00","965.000","965.000","965.000","965.000","0.00","2026-08-30 00:59:59","2026-08-30 08:59:59","0.00000","0","0.00","0.00000"
"all-available","Asia/Taipei","BTCUSDT","BTC-260901-78500-P","2026-09-01","78500","PUT","1h","2026-08-30 01:00:00","2026-08-30 09:00:00","965.000","965.000","965.000","965.000","0.00","2026-08-30 01:59:59","2026-08-30 09:59:59","0.00000","0","0.00","0.00000"
"all-available","Asia/Taipei","BTCUSDT","BTC-260901-78500-P","2026-09-01","78500","PUT","1h","2026-08-30 02:00:00","2026-08-30 10:00:00","930.000","930.000","930.000","930.000","0.13","2026-08-30 02:59:59","2026-08-30 10:59:59","120.90000","1","0.00","0.00000"
"all-available","Asia/Taipei","BTCUSDT","BTC-260901-78500-P","2026-09-01","78500","PUT","1h","2026-08-30 03:00:00","2026-08-30 11:00:00","930.000","930.000","930.000","930.000","0.00","2026-08-30 03:59:59","2026-08-30 11:59:59","0.00000","0","0.00","0.00000"
"all-available","Asia/Taipei","BTCUSDT","BTC-260901-78500-P","2026-09-01","78500","PUT","1h","2026-08-30 04:00:00","2026-08-30 12:00:00","895.000","895.000","895.000","895.000","0.01","2026-08-30 04:59:59","2026-08-30 12:59:59","8.95000","1","0.01","8.95000"
"all-available","Asia/Taipei","BTCUSDT","BTC-260901-78500-P","2026-09-01","78500","PUT","1h","2026-08-30 05:00:00","2026-08-30 13:00:00","895.000","895.000","895.000","895.000","0.00","2026-08-30 05:59:59","2026-08-30 13:59:59","0.00000","0","0.00","0.00000"
"all-available","Asia/Taipei","BTCUSDT","BTC-260901-78500-P","2026-09-01","78500","PUT","1h","2026-08-30 06:00:00","2026-08-30 14:00:00","820.000","820.000","795.000","795.000","0.20","2026-08-30 06:59:59","2026-08-30 14:59:59","163.50000","3","0.20","163.50000"
"all-available","Asia/Taipei","BTCUSDT","BTC-260901-78500-P","2026-09-01","78500","PUT","1h","2026-08-30 07:00:00","2026-08-30 15:00:00","840.000","860.000","840.000","855.000","1.66","2026-08-30 07:59:59","2026-08-30 15:59:59","1407.45000","6","1.66","1407.45000"
"all-available","Asia/Taipei","BTCUSDT","BTC-260901-78500-P","2026-09-01","78500","PUT","1h","2026-08-30 08:00:00","2026-08-30 16:00:00","840.000","860.000","840.000","860.000","3.45","2026-08-30 08:59:59","2026-08-30 16:59:59","2966.20000","3","3.41","2932.60000"
"all-available","Asia/Taipei","BTCUSDT","BTC-260901-78500-P","2026-09-01","78500","PUT","1h","2026-08-30 09:00:00","2026-08-30 17:00:00","935.000","935.000","935.000","935.000","0.07","2026-08-30 09:59:59","2026-08-30 17:59:59","65.45000","1","0.07","65.45000"
"all-available","Asia/Taipei","BTCUSDT","BTC-260901-78500-P","2026-09-01","78500","PUT","1h","2026-08-30 10:00:00","2026-08-30 18:00:00","935.000","935.000","935.000","935.000","0.00","2026-08-30 10:59:59","2026-08-30 18:59:59","0.00000","0","0.00","0.00000"
"all-available","Asia/Taipei","BTCUSDT","BTC-260901-78500-P","2026-09-01","78500","PUT","1h","2026-08-30 11:00:00","2026-08-30 19:00:00","780.000","810.000","780.000","805.000","1.45","2026-08-30 11:59:59","2026-08-30 19:59:59","1163.95000","14","1.45","1163.95000"
"all-available","Asia/Taipei","BTCUSDT","BTC-260901-78500-P","2026-09-01","78500","PUT","1h","2026-08-30 12:00:00","2026-08-30 20:00:00","740.000","740.000","620.000","620.000","0.09","2026-08-30 12:59:59","2026-08-30 20:59:59","57.00000","2","0.08","49.60000"
"all-available","Asia/Taipei","BTCUSDT","BTC-260901-78500-P","2026-09-01","78500","PUT","1h","2026-08-30 13:00:00","2026-08-30 21:00:00","525.000","540.000","525.000","540.000","1.48","2026-08-30 13:59:59","2026-08-30 21:59:59","788.70000","6","1.48","788.70000"
"all-available","Asia/Taipei","BTCUSDT","BTC-260901-78500-P","2026-09-01","78500","PUT","1h","2026-08-30 14:00:00","2026-08-30 22:00:00","510.000","510.000","510.000","510.000","0.02","2026-08-30 14:59:59","2026-08-30 22:59:59","10.20000","1","0.02","10.20000"
"all-available","Asia/Taipei","BTCUSDT","BTC-260901-78500-P","2026-09-01","78500","PUT","1h","2026-08-30 15:00:00","2026-08-30 23:00:00","540.000","540.000","470.000","470.000","0.18","2026-08-30 15:59:59","2026-08-30 23:59:59","93.70000","4","0.13","70.00000"
"all-available","Asia/Taipei","BTCUSDT","BTC-260901-78500-P","2026-09-01","78500","PUT","1h","2026-08-30 16:00:00","2026-08-31 00:00:00","405.000","405.000","365.000","365.000","1.90","2026-08-30 16:59:59","2026-08-31 00:59:59","728.75000","9","0.00","0.00000"
"all-available","Asia/Taipei","BTCUSDT","BTC-260901-78500-P","2026-09-01","78500","PUT","1h","2026-08-30 17:00:00","2026-08-31 01:00:00","455.000","470.000","430.000","430.000","4.68","2026-08-30 17:59:59","2026-08-31 01:59:59","2020.90000","4","4.68","2020.90000"
"all-available","Asia/Taipei","BTCUSDT","BTC-260901-78500-P","2026-09-01","78500","PUT","1h","2026-08-30 18:00:00","2026-08-31 02:00:00","490.000","510.000","490.000","510.000","0.58","2026-08-30 18:59:59","2026-08-31 02:59:59","285.80000","3","0.50","245.00000"
"all-available","Asia/Taipei","BTCUSDT","BTC-260901-78500-P","2026-09-01","78500","PUT","1h","2026-08-30 19:00:00","2026-08-31 03:00:00","515.000","530.000","515.000","530.000","1.16","2026-08-30 19:59:59","2026-08-31 03:59:59","601.25000","10","1.16","601.25000"
"all-available","Asia/Taipei","BTCUSDT","BTC-260901-78500-P","2026-09-01","78500","PUT","1h","2026-08-30 20:00:00","2026-08-31 04:00:00","500.000","500.000","500.000","500.000","0.01","2026-08-30 20:59:59","2026-08-31 04:59:59","5.00000","1","0.01","5.00000"
"all-available","Asia/Taipei","BTCUSDT","BTC-260901-78500-P","2026-09-01","78500","PUT","1h","2026-08-30 21:00:00","2026-08-31 05:00:00","650.000","650.000","595.000","595.000","0.04","2026-08-30 21:59:59","2026-08-31 05:59:59","25.45000","2","0.01","5.95000"
"all-available","Asia/Taipei","BTCUSDT","BTC-260901-78500-P","2026-09-01","78500","PUT","1h","2026-08-30 22:00:00","2026-08-31 06:00:00","755.000","755.000","755.000","755.000","2.00","2026-08-30 22:59:59","2026-08-31 06:59:59","1510.00000","1","2.00","1510.00000"
"all-available","Asia/Taipei","BTCUSDT","BTC-260901-78500-P","2026-09-01","78500","PUT","1h","2026-08-30 23:00:00","2026-08-31 07:00:00","730.000","1650.000","700.000","1650.000","4.54","2026-08-30 23:59:59","2026-08-31 07:59:59","3590.20000","10","4.54","3590.20000"
"all-available","Asia/Taipei","BTCUSDT","BTC-260901-78500-P","2026-09-01","78500","PUT","1h","2026-08-31 00:00:00","2026-08-31 08:00:00","1250.000","1250.000","1250.000","1250.000","0.10","2026-08-31 00:59:59","2026-08-31 08:59:59","125.00000","1","0.10","125.00000"
"all-available","Asia/Taipei","BTCUSDT","BTC-260901-78500-P","2026-09-01","78500","PUT","1h","2026-08-31 01:00:00","2026-08-31 09:00:00","1095.000","1095.000","1095.000","1095.000","0.05","2026-08-31 01:59:59","2026-08-31 09:59:59","54.75000","1","0.00","0.00000"
"all-available","Asia/Taipei","BTCUSDT","BTC-260901-78500-P","2026-09-01","78500","PUT","1h","2026-08-31 02:00:00","2026-08-31 10:00:00","1095.000","1095.000","1095.000","1095.000","0.00","2026-08-31 02:59:59","2026-08-31 10:59:59","0.00000","0","0.00","0.00000"
"all-available","Asia/Taipei","BTCUSDT","BTC-260901-78500-P","2026-09-01","78500","PUT","1h","2026-08-31 03:00:00","2026-08-31 11:00:00","1185.000","1185.000","1185.000","1185.000","0.05","2026-08-31 03:59:59","2026-08-31 11:59:59","59.25000","1","0.05","59.25000"
"all-available","Asia/Taipei","BTCUSDT","BTC-260901-78500-P","2026-09-01","78500","PUT","1h","2026-08-31 04:00:00","2026-08-31 12:00:00","1185.000","1185.000","1185.000","1185.000","0.00","2026-08-31 04:59:59","2026-08-31 12:59:59","0.00000","0","0.00","0.00000"
"all-available","Asia/Taipei","BTCUSDT","BTC-260901-78500-P","2026-09-01","78500","PUT","1h","2026-08-31 05:00:00","2026-08-31 13:00:00","1190.000","1190.000","1190.000","1190.000","0.01","2026-08-31 05:59:59","2026-08-31 13:59:59","11.90000","1","0.01","11.90000"
"all-available","Asia/Taipei","BTCUSDT","BTC-260901-78500-P","2026-09-01","78500","PUT","1h","2026-08-31 06:00:00","2026-08-31 14:00:00","1190.000","1190.000","1190.000","1190.000","0.00","2026-08-31 06:59:59","2026-08-31 14:59:59","0.00000","0","0.00","0.00000"
"all-available","Asia/Taipei","BTCUSDT","BTC-260901-78500-P","2026-09-01","78500","PUT","1h","2026-08-31 07:00:00","2026-08-31 15:00:00","780.000","780.000","695.000","715.000","3.01","2026-08-31 07:59:59","2026-08-31 15:59:59","2244.45000","13","3.01","2244.45000"
"all-available","Asia/Taipei","BTCUSDT","BTC-260901-78500-P","2026-09-01","78500","PUT","1h","2026-08-31 08:00:00","2026-08-31 16:00:00","720.000","720.000","720.000","720.000","0.13","2026-08-31 08:59:59","2026-08-31 16:59:59","93.60000","2","0.00","0.00000"
"all-available","Asia/Taipei","BTCUSDT","BTC-260901-78500-P","2026-09-01","78500","PUT","1h","2026-08-31 09:00:00","2026-08-31 17:00:00","480.000","485.000","395.000","485.000","4.01","2026-08-31 09:59:59","2026-08-31 17:59:59","1760.50000","12","1.06","505.80000"
"all-available","Asia/Taipei","BTCUSDT","BTC-260901-78500-P","2026-09-01","78500","PUT","1h","2026-08-31 10:00:00","2026-08-31 18:00:00","530.000","535.000","485.000","485.000","0.61","2026-08-31 10:59:59","2026-08-31 18:59:59","308.30000","11","0.60","302.95000"
"all-available","Asia/Taipei","BTCUSDT","BTC-260901-78500-P","2026-09-01","78500","PUT","1h","2026-08-31 11:00:00","2026-08-31 19:00:00","440.000","515.000","440.000","515.000","0.39","2026-08-31 11:59:59","2026-08-31 19:59:59","175.95000","7","0.37","166.85000"
"all-available","Asia/Taipei","BTCUSDT","BTC-260901-78500-P","2026-09-01","78500","PUT","1h","2026-08-31 12:00:00","2026-08-31 20:00:00","495.000","1005.000","495.000","1005.000","0.30","2026-08-31 12:59:59","2026-08-31 20:59:59","199.50000","3","0.30","199.50000"
"all-available","Asia/Taipei","BTCUSDT","BTC-260901-78500-P","2026-09-01","78500","PUT","1h","2026-08-31 13:00:00","2026-08-31 21:00:00","775.000","800.000","655.000","655.000","8.37","2026-08-31 13:59:59","2026-08-31 21:59:59","5713.85000","7","4.37","3003.85000"
"all-available","Asia/Taipei","BTCUSDT","BTC-260901-78500-P","2026-09-01","78500","PUT","1h","2026-08-31 14:00:00","2026-08-31 22:00:00","515.000","515.000","465.000","465.000","3.91","2026-08-31 14:59:59","2026-08-31 22:59:59","1927.65000","5","3.91","1927.65000"
"all-available","Asia/Taipei","BTCUSDT","BTC-260901-78500-P","2026-09-01","78500","PUT","1h","2026-08-31 15:00:00","2026-08-31 23:00:00","385.000","515.000","305.000","355.000","4.73","2026-08-31 15:59:59","2026-08-31 23:59:59","1913.20000","18","2.31","863.30000"
"all-available","Asia/Taipei","BTCUSDT","BTC-260901-78500-P","2026-09-01","78500","PUT","1h","2026-08-31 16:00:00","2026-09-01 00:00:00","340.000","360.000","250.000","275.000","1.55","2026-08-31 16:59:59","2026-09-01 00:59:59","432.20000","10","1.32","362.75000"
"all-available","Asia/Taipei","BTCUSDT","BTC-260901-78500-P","2026-09-01","78500","PUT","1h","2026-08-31 17:00:00","2026-09-01 01:00:00","270.000","310.000","195.000","195.000","0.06","2026-08-31 17:59:59","2026-09-01 01:59:59","14.65000","5","0.04","9.95000"
"all-available","Asia/Taipei","BTCUSDT","BTC-260901-78500-P","2026-09-01","78500","PUT","1h","2026-08-31 18:00:00","2026-09-01 02:00:00","205.000","210.000","105.000","125.000","13.78","2026-08-31 18:59:59","2026-09-01 02:59:59","1792.35000","22","4.59","727.05000"
"all-available","Asia/Taipei","BTCUSDT","BTC-260901-78500-P","2026-09-01","78500","PUT","1h","2026-08-31 19:00:00","2026-09-01 03:00:00","105.000","185.000","90.000","185.000","21.98","2026-08-31 19:59:59","2026-09-01 03:59:59","2505.80000","15","17.80","1737.00000"
"all-available","Asia/Taipei","BTCUSDT","BTC-260901-78500-P","2026-09-01","78500","PUT","1h","2026-08-31 20:00:00","2026-09-01 04:00:00","170.000","225.000","160.000","200.000","14.63","2026-08-31 20:59:59","2026-09-01 04:59:59","2955.65000","10","0.21","36.00000"
"all-available","Asia/Taipei","BTCUSDT","BTC-260901-78500-P","2026-09-01","78500","PUT","1h","2026-08-31 21:00:00","2026-09-01 05:00:00","200.000","200.000","200.000","200.000","0.00","2026-08-31 21:59:59","2026-09-01 05:59:59","0.00000","0","0.00","0.00000"
"all-available","Asia/Taipei","BTCUSDT","BTC-260901-78500-P","2026-09-01","78500","PUT","1h","2026-08-31 22:00:00","2026-09-01 06:00:00","215.000","285.000","210.000","285.000","13.33","2026-08-31 22:59:59","2026-09-01 06:59:59","2866.30000","11","2.24","484.70000"
"all-available","Asia/Taipei","BTCUSDT","BTC-260901-78500-P","2026-09-01","78500","PUT","1h","2026-08-31 23:00:00","2026-09-01 07:00:00","325.000","340.000","275.000","275.000","0.88","2026-08-31 23:59:59","2026-09-01 07:59:59","244.00000","6","0.02","6.50000"
"all-available","Asia/Taipei","BTCUSDT","BTC-260901-78500-P","2026-09-01","78500","PUT","1h","2026-09-01 00:00:00","2026-09-01 08:00:00","260.000","260.000","140.000","210.000","4.24","2026-09-01 00:59:59","2026-09-01 08:59:59","748.85000","10","3.15","529.00000"
"all-available","Asia/Taipei","BTCUSDT","BTC-260901-78500-P","2026-09-01","78500","PUT","1h","2026-09-01 01:00:00","2026-09-01 09:00:00","180.000","280.000","165.000","265.000","1.32","2026-09-01 01:59:59","2026-09-01 09:59:59","311.45000","10","0.94","242.35000"
"all-available","Asia/Taipei","BTCUSDT","BTC-260901-78500-P","2026-09-01","78500","PUT","1h","2026-09-01 02:00:00","2026-09-01 10:00:00","370.000","400.000","245.000","245.000","1.44","2026-09-01 02:59:59","2026-09-01 10:59:59","419.20000","19","0.18","56.15000"
"all-available","Asia/Taipei","BTCUSDT","BTC-260901-78500-P","2026-09-01","78500","PUT","1h","2026-09-01 03:00:00","2026-09-01 11:00:00","255.000","255.000","95.000","110.000","3.38","2026-09-01 03:59:59","2026-09-01 11:59:59","607.30000","17","2.91","560.25000"
"all-available","Asia/Taipei","BTCUSDT","BTC-260901-78500-P","2026-09-01","78500","PUT","1h","2026-09-01 04:00:00","2026-09-01 12:00:00","105.000","105.000","60.000","65.000","4.64","2026-09-01 04:59:59","2026-09-01 12:59:59","377.35000","17","2.34","173.45000"
"all-available","Asia/Taipei","BTCUSDT","BTC-260901-78500-P","2026-09-01","78500","PUT","1h","2026-09-01 05:00:00","2026-09-01 13:00:00","50.000","50.000","10.000","15.000","13.27","2026-09-01 05:59:59","2026-09-01 13:59:59","364.85000","40","10.53","262.25000"
"all-available","Asia/Taipei","BTCUSDT","BTC-260901-78500-P","2026-09-01","78500","PUT","1h","2026-09-01 06:00:00","2026-09-01 14:00:00","10.000","10.000","5.000","5.000","171.54","2026-09-01 06:59:59","2026-09-01 14:59:59","893.50000","49","12.99","77.20000"
"all-available","Asia/Taipei","BTCUSDT","BTC-260901-78500-P","2026-09-01","78500","PUT","1h","2026-09-01 07:00:00","2026-09-01 15:00:00","5.000","10.000","5.000","5.000","335.74","2026-09-01 07:59:59","2026-09-01 15:59:59","1678.80000","143","255.87","1279.45000"
"all-available","Asia/Taipei","BTCUSDT","BTC-260901-78750-C","2026-09-01","78750","CALL","1h","2026-08-31 08:00:00","2026-08-31 16:00:00","340.000","385.000","335.000","385.000","0.89","2026-08-31 08:59:59","2026-08-31 16:59:59","324.95000","3","0.89","324.95000"
"all-available","Asia/Taipei","BTCUSDT","BTC-260901-78750-C","2026-09-01","78750","CALL","1h","2026-08-31 09:00:00","2026-08-31 17:00:00","405.000","535.000","405.000","460.000","3.27","2026-08-31 09:59:59","2026-08-31 17:59:59","1362.35000","10","2.95","1202.10000"
"all-available","Asia/Taipei","BTCUSDT","BTC-260901-78750-C","2026-09-01","78750","CALL","1h","2026-08-31 10:00:00","2026-08-31 18:00:00","400.000","465.000","400.000","465.000","4.55","2026-08-31 10:59:59","2026-08-31 18:59:59","2097.95000","3","4.55","2097.95000"
"all-available","Asia/Taipei","BTCUSDT","BTC-260901-78750-C","2026-09-01","78750","CALL","1h","2026-08-31 11:00:00","2026-08-31 19:00:00","435.000","435.000","435.000","435.000","0.02","2026-08-31 11:59:59","2026-08-31 19:59:59","8.70000","1","0.02","8.70000"
"all-available","Asia/Taipei","BTCUSDT","BTC-260901-78750-C","2026-09-01","78750","CALL","1h","2026-08-31 12:00:00","2026-08-31 20:00:00","370.000","370.000","210.000","220.000","0.71","2026-08-31 12:59:59","2026-08-31 20:59:59","216.65000","9","0.31","77.45000"
"all-available","Asia/Taipei","BTCUSDT","BTC-260901-78750-C","2026-09-01","78750","CALL","1h","2026-08-31 13:00:00","2026-08-31 21:00:00","230.000","270.000","175.000","175.000","1.11","2026-08-31 13:59:59","2026-08-31 21:59:59","236.05000","6","1.10","233.75000"
"all-available","Asia/Taipei","BTCUSDT","BTC-260901-78750-C","2026-09-01","78750","CALL","1h","2026-08-31 14:00:00","2026-08-31 22:00:00","195.000","420.000","180.000","385.000","7.97","2026-08-31 14:59:59","2026-08-31 22:59:59","2777.75000","12","7.65","2656.25000"
"all-available","Asia/Taipei","BTCUSDT","BTC-260901-78750-C","2026-09-01","78750","CALL","1h","2026-08-31 15:00:00","2026-08-31 23:00:00","310.000","410.000","290.000","325.000","3.03","2026-08-31 15:59:59","2026-08-31 23:59:59","990.00000","8","0.28","90.85000"
"all-available","Asia/Taipei","BTCUSDT","BTC-260901-78750-C","2026-09-01","78750","CALL","1h","2026-08-31 16:00:00","2026-09-01 00:00:00","400.000","400.000","305.000","340.000","6.93","2026-08-31 16:59:59","2026-09-01 00:59:59","2408.35000","9","2.89","894.55000"
"all-available","Asia/Taipei","BTCUSDT","BTC-260901-78750-C","2026-09-01","78750","CALL","1h","2026-08-31 17:00:00","2026-09-01 01:00:00","320.000","440.000","245.000","425.000","11.64","2026-08-31 17:59:59","2026-09-01 01:59:59","4545.30000","20","7.19","2912.45000"
"all-available","Asia/Taipei","BTCUSDT","BTC-260901-78750-C","2026-09-01","78750","CALL","1h","2026-08-31 18:00:00","2026-09-01 02:00:00","370.000","425.000","370.000","425.000","2.66","2026-08-31 18:59:59","2026-09-01 02:59:59","1129.95000","2","2.65","1126.25000"
"all-available","Asia/Taipei","BTCUSDT","BTC-260901-78750-C","2026-09-01","78750","CALL","1h","2026-08-31 19:00:00","2026-09-01 03:00:00","530.000","550.000","455.000","455.000","0.08","2026-08-31 19:59:59","2026-09-01 03:59:59","40.05000","4","0.00","0.00000"
"all-available","Asia/Taipei","BTCUSDT","BTC-260901-78750-C","2026-09-01","78750","CALL","1h","2026-08-31 20:00:00","2026-09-01 04:00:00","455.000","455.000","455.000","455.000","0.00","2026-08-31 20:59:59","2026-09-01 04:59:59","0.00000","0","0.00","0.00000"
"all-available","Asia/Taipei","BTCUSDT","BTC-260901-78750-C","2026-09-01","78750","CALL","1h","2026-08-31 21:00:00","2026-09-01 05:00:00","380.000","485.000","360.000","465.000","0.98","2026-08-31 21:59:59","2026-09-01 05:59:59","418.70000","7","0.11","39.60000"
"all-available","Asia/Taipei","BTCUSDT","BTC-260901-78750-C","2026-09-01","78750","CALL","1h","2026-08-31 22:00:00","2026-09-01 06:00:00","440.000","440.000","250.000","255.000","10.90","2026-08-31 22:59:59","2026-09-01 06:59:59","3229.85000","13","10.50","3095.90000"
"all-available","Asia/Taipei","BTCUSDT","BTC-260901-78750-C","2026-09-01","78750","CALL","1h","2026-08-31 23:00:00","2026-09-01 07:00:00","235.000","235.000","200.000","205.000","10.02","2026-08-31 23:59:59","2026-09-01 07:59:59","2023.90000","8","1.64","336.35000"
"all-available","Asia/Taipei","BTCUSDT","BTC-260901-78750-C","2026-09-01","78750","CALL","1h","2026-09-01 00:00:00","2026-09-01 08:00:00","260.000","295.000","260.000","295.000","1.95","2026-09-01 00:59:59","2026-09-01 08:59:59","537.10000","4","0.34","94.35000"
"all-available","Asia/Taipei","BTCUSDT","BTC-260901-78750-C","2026-09-01","78750","CALL","1h","2026-09-01 01:00:00","2026-09-01 09:00:00","255.000","255.000","120.000","170.000","0.20","2026-09-01 01:59:59","2026-09-01 09:59:59","42.60000","9","0.09","16.05000"
"all-available","Asia/Taipei","BTCUSDT","BTC-260901-78750-C","2026-09-01","78750","CALL","1h","2026-09-01 02:00:00","2026-09-01 10:00:00","90.000","105.000","65.000","100.000","5.25","2026-09-01 02:59:59","2026-09-01 10:59:59","445.50000","10","3.85","325.75000"
"all-available","Asia/Taipei","BTCUSDT","BTC-260901-78750-C","2026-09-01","78750","CALL","1h","2026-09-01 03:00:00","2026-09-01 11:00:00","105.000","240.000","95.000","175.000","1.36","2026-09-01 03:59:59","2026-09-01 11:59:59","303.55000","17","0.11","17.10000"
"all-available","Asia/Taipei","BTCUSDT","BTC-260901-78750-C","2026-09-01","78750","CALL","1h","2026-09-01 04:00:00","2026-09-01 12:00:00","180.000","210.000","140.000","140.000","0.31","2026-09-01 04:59:59","2026-09-01 12:59:59","49.95000","8","0.05","8.90000"
"all-available","Asia/Taipei","BTCUSDT","BTC-260901-78750-C","2026-09-01","78750","CALL","1h","2026-09-01 05:00:00","2026-09-01 13:00:00","160.000","435.000","160.000","435.000","3.14","2026-09-01 05:59:59","2026-09-01 13:59:59","1197.85000","16","3.09","1183.90000"
"all-available","Asia/Taipei","BTCUSDT","BTC-260901-78750-C","2026-09-01","78750","CALL","1h","2026-09-01 06:00:00","2026-09-01 14:00:00","345.000","345.000","240.000","240.000","0.05","2026-09-01 06:59:59","2026-09-01 14:59:59","13.25000","3","0.00","0.00000"
"all-available","Asia/Taipei","BTCUSDT","BTC-260901-78750-C","2026-09-01","78750","CALL","1h","2026-09-01 07:00:00","2026-09-01 15:00:00","70.000","70.000","5.000","5.000","463.80","2026-09-01 07:59:59","2026-09-01 15:59:59","2372.85000","25","12.46","100.80000"
"all-available","Asia/Taipei","BTCUSDT","BTC-260901-78750-P","2026-09-01","78750","PUT","1h","2026-08-31 09:00:00","2026-08-31 17:00:00","495.000","545.000","490.000","545.000","4.42","2026-08-31 09:59:59","2026-08-31 17:59:59","2200.70000","4","0.46","250.30000"
"all-available","Asia/Taipei","BTCUSDT","BTC-260901-78750-P","2026-09-01","78750","PUT","1h","2026-08-31 10:00:00","2026-08-31 18:00:00","545.000","545.000","545.000","545.000","0.00","2026-08-31 10:59:59","2026-08-31 18:59:59","0.00000","0","0.00","0.00000"
"all-available","Asia/Taipei","BTCUSDT","BTC-260901-78750-P","2026-09-01","78750","PUT","1h","2026-08-31 11:00:00","2026-08-31 19:00:00","745.000","745.000","745.000","745.000","0.02","2026-08-31 11:59:59","2026-08-31 19:59:59","14.90000","1","0.00","0.00000"
"all-available","Asia/Taipei","BTCUSDT","BTC-260901-78750-P","2026-09-01","78750","PUT","1h","2026-08-31 12:00:00","2026-08-31 20:00:00","635.000","635.000","635.000","635.000","0.25","2026-08-31 12:59:59","2026-08-31 20:59:59","158.75000","1","0.00","0.00000"
"all-available","Asia/Taipei","BTCUSDT","BTC-260901-78750-P","2026-09-01","78750","PUT","1h","2026-08-31 13:00:00","2026-08-31 21:00:00","635.000","635.000","635.000","635.000","0.00","2026-08-31 13:59:59","2026-08-31 21:59:59","0.00000","0","0.00","0.00000"
"all-available","Asia/Taipei","BTCUSDT","BTC-260901-78750-P","2026-09-01","78750","PUT","1h","2026-08-31 14:00:00","2026-08-31 22:00:00","635.000","635.000","635.000","635.000","0.00","2026-08-31 14:59:59","2026-08-31 22:59:59","0.00000","0","0.00","0.00000"
"all-available","Asia/Taipei","BTCUSDT","BTC-260901-78750-P","2026-09-01","78750","PUT","1h","2026-08-31 15:00:00","2026-08-31 23:00:00","480.000","480.000","465.000","465.000","0.52","2026-08-31 15:59:59","2026-08-31 23:59:59","241.95000","10","0.52","241.95000"
"all-available","Asia/Taipei","BTCUSDT","BTC-260901-78750-P","2026-09-01","78750","PUT","1h","2026-08-31 16:00:00","2026-09-01 00:00:00","455.000","455.000","370.000","370.000","0.21","2026-08-31 16:59:59","2026-09-01 00:59:59","93.50000","4","0.19","86.10000"
"all-available","Asia/Taipei","BTCUSDT","BTC-260901-78750-P","2026-09-01","78750","PUT","1h","2026-08-31 17:00:00","2026-09-01 01:00:00","425.000","425.000","425.000","425.000","1.51","2026-08-31 17:59:59","2026-09-01 01:59:59","641.75000","1","1.51","641.75000"
"all-available","Asia/Taipei","BTCUSDT","BTC-260901-78750-P","2026-09-01","78750","PUT","1h","2026-08-31 18:00:00","2026-09-01 02:00:00","295.000","295.000","165.000","165.000","4.15","2026-08-31 18:59:59","2026-09-01 02:59:59","1190.95000","4","2.55","750.95000"
"all-available","Asia/Taipei","BTCUSDT","BTC-260901-78750-P","2026-09-01","78750","PUT","1h","2026-08-31 19:00:00","2026-09-01 03:00:00","160.000","185.000","145.000","185.000","4.52","2026-08-31 19:59:59","2026-09-01 03:59:59","700.80000","4","3.01","481.85000"
"all-available","Asia/Taipei","BTCUSDT","BTC-260901-78750-P","2026-09-01","78750","PUT","1h","2026-08-31 20:00:00","2026-09-01 04:00:00","245.000","325.000","245.000","275.000","13.00","2026-08-31 20:59:59","2026-09-01 04:59:59","3627.40000","7","10.46","2878.10000"
"all-available","Asia/Taipei","BTCUSDT","BTC-260901-78750-P","2026-09-01","78750","PUT","1h","2026-08-31 21:00:00","2026-09-01 05:00:00","220.000","220.000","220.000","220.000","1.60","2026-08-31 21:59:59","2026-09-01 05:59:59","352.00000","1","1.60","352.00000"
"all-available","Asia/Taipei","BTCUSDT","BTC-260901-78750-P","2026-09-01","78750","PUT","1h","2026-08-31 22:00:00","2026-09-01 06:00:00","285.000","355.000","285.000","335.000","11.30","2026-08-31 22:59:59","2026-09-01 06:59:59","3804.55000","19","0.10","29.85000"
"all-available","Asia/Taipei","BTCUSDT","BTC-260901-78750-P","2026-09-01","78750","PUT","1h","2026-08-31 23:00:00","2026-09-01 07:00:00","440.000","440.000","440.000","440.000","0.01","2026-08-31 23:59:59","2026-09-01 07:59:59","4.40000","1","0.00","0.00000"
"all-available","Asia/Taipei","BTCUSDT","BTC-260901-78750-P","2026-09-01","78750","PUT","1h","2026-09-01 00:00:00","2026-09-01 08:00:00","265.000","265.000","265.000","265.000","0.10","2026-09-01 00:59:59","2026-09-01 08:59:59","26.50000","1","0.10","26.50000"
"all-available","Asia/Taipei","BTCUSDT","BTC-260901-78750-P","2026-09-01","78750","PUT","1h","2026-09-01 01:00:00","2026-09-01 09:00:00","245.000","245.000","245.000","245.000","0.01","2026-09-01 01:59:59","2026-09-01 09:59:59","2.45000","1","0.01","2.45000"
"all-available","Asia/Taipei","BTCUSDT","BTC-260901-78750-P","2026-09-01","78750","PUT","1h","2026-09-01 02:00:00","2026-09-01 10:00:00","500.000","500.000","500.000","500.000","0.10","2026-09-01 02:59:59","2026-09-01 10:59:59","50.00000","1","0.10","50.00000"
"all-available","Asia/Taipei","BTCUSDT","BTC-260901-78750-P","2026-09-01","78750","PUT","1h","2026-09-01 03:00:00","2026-09-01 11:00:00","200.000","200.000","175.000","175.000","0.23","2026-09-01 03:59:59","2026-09-01 11:59:59","40.75000","2","0.21","36.75000"
"all-available","Asia/Taipei","BTCUSDT","BTC-260901-78750-P","2026-09-01","78750","PUT","1h","2026-09-01 04:00:00","2026-09-01 12:00:00","200.000","200.000","135.000","135.000","0.23","2026-09-01 04:59:59","2026-09-01 12:59:59","45.10000","3","0.02","3.10000"
"all-available","Asia/Taipei","BTCUSDT","BTC-260901-78750-P","2026-09-01","78750","PUT","1h","2026-09-01 05:00:00","2026-09-01 13:00:00","130.000","130.000","25.000","25.000","12.15","2026-09-01 05:59:59","2026-09-01 13:59:59","409.45000","31","10.30","336.35000"
"all-available","Asia/Taipei","BTCUSDT","BTC-260901-78750-P","2026-09-01","78750","PUT","1h","2026-09-01 06:00:00","2026-09-01 14:00:00","20.000","40.000","20.000","30.000","4.16","2026-09-01 06:59:59","2026-09-01 14:59:59","118.35000","8","4.02","112.75000"
"all-available","Asia/Taipei","BTCUSDT","BTC-260901-78750-P","2026-09-01","78750","PUT","1h","2026-09-01 07:00:00","2026-09-01 15:00:00","60.000","60.000","20.000","20.000","3.39","2026-09-01 07:59:59","2026-09-01 15:59:59","131.35000","16","1.07","47.70000"
"all-available","Asia/Taipei","BTCUSDT","BTC-260901-79000-C","2026-09-01","79000","CALL","1h","2026-08-29 08:00:00","2026-08-29 16:00:00","300.000","300.000","300.000","300.000","0.99","2026-08-29 08:59:59","2026-08-29 16:59:59","297.00000","1","0.99","297.00000"
"all-available","Asia/Taipei","BTCUSDT","BTC-260901-79000-C","2026-09-01","79000","CALL","1h","2026-08-29 09:00:00","2026-08-29 17:00:00","300.000","300.000","300.000","300.000","0.00","2026-08-29 09:59:59","2026-08-29 17:59:59","0.00000","0","0.00","0.00000"
"all-available","Asia/Taipei","BTCUSDT","BTC-260901-79000-C","2026-09-01","79000","CALL","1h","2026-08-29 10:00:00","2026-08-29 18:00:00","300.000","300.000","300.000","300.000","0.00","2026-08-29 10:59:59","2026-08-29 18:59:59","0.00000","0","0.00","0.00000"
"all-available","Asia/Taipei","BTCUSDT","BTC-260901-79000-C","2026-09-01","79000","CALL","1h","2026-08-29 11:00:00","2026-08-29 19:00:00","300.000","300.000","300.000","300.000","0.00","2026-08-29 11:59:59","2026-08-29 19:59:59","0.00000","0","0.00","0.00000"
"all-available","Asia/Taipei","BTCUSDT","BTC-260901-79000-C","2026-09-01","79000","CALL","1h","2026-08-29 12:00:00","2026-08-29 20:00:00","280.000","280.000","280.000","280.000","0.01","2026-08-29 12:59:59","2026-08-29 20:59:59","2.80000","1","0.00","0.00000"
"all-available","Asia/Taipei","BTCUSDT","BTC-260901-79000-C","2026-09-01","79000","CALL","1h","2026-08-29 13:00:00","2026-08-29 21:00:00","280.000","280.000","280.000","280.000","0.00","2026-08-29 13:59:59","2026-08-29 21:59:59","0.00000","0","0.00","0.00000"
"all-available","Asia/Taipei","BTCUSDT","BTC-260901-79000-C","2026-09-01","79000","CALL","1h","2026-08-29 14:00:00","2026-08-29 22:00:00","280.000","280.000","280.000","280.000","0.00","2026-08-29 14:59:59","2026-08-29 22:59:59","0.00000","0","0.00","0.00000"
"all-available","Asia/Taipei","BTCUSDT","BTC-260901-79000-C","2026-09-01","79000","CALL","1h","2026-08-29 15:00:00","2026-08-29 23:00:00","280.000","280.000","280.000","280.000","0.00","2026-08-29 15:59:59","2026-08-29 23:59:59","0.00000","0","0.00","0.00000"
"all-available","Asia/Taipei","BTCUSDT","BTC-260901-79000-C","2026-09-01","79000","CALL","1h","2026-08-29 16:00:00","2026-08-30 00:00:00","280.000","280.000","280.000","280.000","0.00","2026-08-29 16:59:59","2026-08-30 00:59:59","0.00000","0","0.00","0.00000"
"all-available","Asia/Taipei","BTCUSDT","BTC-260901-79000-C","2026-09-01","79000","CALL","1h","2026-08-29 17:00:00","2026-08-30 01:00:00","375.000","375.000","375.000","375.000","1.00","2026-08-29 17:59:59","2026-08-30 01:59:59","375.00000","1","0.00","0.00000"
"all-available","Asia/Taipei","BTCUSDT","BTC-260901-79000-C","2026-09-01","79000","CALL","1h","2026-08-29 18:00:00","2026-08-30 02:00:00","420.000","420.000","420.000","420.000","0.19","2026-08-29 18:59:59","2026-08-30 02:59:59","79.80000","1","0.19","79.80000"
"all-available","Asia/Taipei","BTCUSDT","BTC-260901-79000-C","2026-09-01","79000","CALL","1h","2026-08-29 19:00:00","2026-08-30 03:00:00","420.000","420.000","420.000","420.000","0.00","2026-08-29 19:59:59","2026-08-30 03:59:59","0.00000","0","0.00","0.00000"
"all-available","Asia/Taipei","BTCUSDT","BTC-260901-79000-C","2026-09-01","79000","CALL","1h","2026-08-29 20:00:00","2026-08-30 04:00:00","420.000","420.000","420.000","420.000","0.00","2026-08-29 20:59:59","2026-08-30 04:59:59","0.00000","0","0.00","0.00000"
"all-available","Asia/Taipei","BTCUSDT","BTC-260901-79000-C","2026-09-01","79000","CALL","1h","2026-08-29 21:00:00","2026-08-30 05:00:00","405.000","405.000","405.000","405.000","0.01","2026-08-29 21:59:59","2026-08-30 05:59:59","4.05000","1","0.01","4.05000"
"all-available","Asia/Taipei","BTCUSDT","BTC-260901-79000-C","2026-09-01","79000","CALL","1h","2026-08-29 22:00:00","2026-08-30 06:00:00","375.000","375.000","375.000","375.000","0.29","2026-08-29 22:59:59","2026-08-30 06:59:59","108.75000","1","0.29","108.75000"
"all-available","Asia/Taipei","BTCUSDT","BTC-260901-79000-C","2026-09-01","79000","CALL","1h","2026-08-29 23:00:00","2026-08-30 07:00:00","415.000","415.000","415.000","415.000","0.06","2026-08-29 23:59:59","2026-08-30 07:59:59","24.90000","1","0.06","24.90000"
"all-available","Asia/Taipei","BTCUSDT","BTC-260901-79000-C","2026-09-01","79000","CALL","1h","2026-08-30 00:00:00","2026-08-30 08:00:00","395.000","395.000","395.000","395.000","0.71","2026-08-30 00:59:59","2026-08-30 08:59:59","280.45000","2","0.01","3.95000"
"all-available","Asia/Taipei","BTCUSDT","BTC-260901-79000-C","2026-09-01","79000","CALL","1h","2026-08-30 01:00:00","2026-08-30 09:00:00","365.000","365.000","365.000","365.000","0.06","2026-08-30 01:59:59","2026-08-30 09:59:59","21.90000","1","0.00","0.00000"
"all-available","Asia/Taipei","BTCUSDT","BTC-260901-79000-C","2026-09-01","79000","CALL","1h","2026-08-30 02:00:00","2026-08-30 10:00:00","375.000","385.000","375.000","385.000","0.14","2026-08-30 02:59:59","2026-08-30 10:59:59","53.20000","3","0.11","41.65000"
"all-available","Asia/Taipei","BTCUSDT","BTC-260901-79000-C","2026-09-01","79000","CALL","1h","2026-08-30 03:00:00","2026-08-30 11:00:00","385.000","385.000","385.000","385.000","0.00","2026-08-30 03:59:59","2026-08-30 11:59:59","0.00000","0","0.00","0.00000"
"all-available","Asia/Taipei","BTCUSDT","BTC-260901-79000-C","2026-09-01","79000","CALL","1h","2026-08-30 04:00:00","2026-08-30 12:00:00","370.000","370.000","370.000","370.000","0.24","2026-08-30 04:59:59","2026-08-30 12:59:59","88.80000","2","0.00","0.00000"
"all-available","Asia/Taipei","BTCUSDT","BTC-260901-79000-C","2026-09-01","79000","CALL","1h","2026-08-30 05:00:00","2026-08-30 13:00:00","375.000","375.000","375.000","375.000","0.01","2026-08-30 05:59:59","2026-08-30 13:59:59","3.75000","1","0.01","3.75000"
"all-available","Asia/Taipei","BTCUSDT","BTC-260901-79000-C","2026-09-01","79000","CALL","1h","2026-08-30 06:00:00","2026-08-30 14:00:00","375.000","380.000","375.000","380.000","0.02","2026-08-30 06:59:59","2026-08-30 14:59:59","7.55000","2","0.00","0.00000"
"all-available","Asia/Taipei","BTCUSDT","BTC-260901-79000-C","2026-09-01","79000","CALL","1h","2026-08-30 07:00:00","2026-08-30 15:00:00","380.000","380.000","380.000","380.000","0.00","2026-08-30 07:59:59","2026-08-30 15:59:59","0.00000","0","0.00","0.00000"
"all-available","Asia/Taipei","BTCUSDT","BTC-260901-79000-C","2026-09-01","79000","CALL","1h","2026-08-30 08:00:00","2026-08-30 16:00:00","375.000","375.000","325.000","325.000","0.20","2026-08-30 08:59:59","2026-08-30 16:59:59","70.00000","2","0.10","37.50000"
"all-available","Asia/Taipei","BTCUSDT","BTC-260901-79000-C","2026-09-01","79000","CALL","1h","2026-08-30 09:00:00","2026-08-30 17:00:00","325.000","325.000","325.000","325.000","0.00","2026-08-30 09:59:59","2026-08-30 17:59:59","0.00000","0","0.00","0.00000"
"all-available","Asia/Taipei","BTCUSDT","BTC-260901-79000-C","2026-09-01","79000","CALL","1h","2026-08-30 10:00:00","2026-08-30 18:00:00","300.000","315.000","300.000","315.000","0.57","2026-08-30 10:59:59","2026-08-30 18:59:59","175.50000","2","0.57","175.50000"
"all-available","Asia/Taipei","BTCUSDT","BTC-260901-79000-C","2026-09-01","79000","CALL","1h","2026-08-30 11:00:00","2026-08-30 19:00:00","320.000","320.000","320.000","320.000","1.00","2026-08-30 11:59:59","2026-08-30 19:59:59","320.00000","2","1.00","320.00000"
"all-available","Asia/Taipei","BTCUSDT","BTC-260901-79000-C","2026-09-01","79000","CALL","1h","2026-08-30 12:00:00","2026-08-30 20:00:00","360.000","500.000","360.000","415.000","4.96","2026-08-30 12:59:59","2026-08-30 20:59:59","2113.00000","7","4.96","2113.00000"
"all-available","Asia/Taipei","BTCUSDT","BTC-260901-79000-C","2026-09-01","79000","CALL","1h","2026-08-30 13:00:00","2026-08-30 21:00:00","525.000","530.000","470.000","530.000","2.35","2026-08-30 13:59:59","2026-08-30 21:59:59","1165.55000","12","1.14","589.10000"
"all-available","Asia/Taipei","BTCUSDT","BTC-260901-79000-C","2026-09-01","79000","CALL","1h","2026-08-30 14:00:00","2026-08-30 22:00:00","635.000","635.000","550.000","550.000","1.72","2026-08-30 14:59:59","2026-08-30 22:59:59","1047.65000","9","0.04","24.65000"
"all-available","Asia/Taipei","BTCUSDT","BTC-260901-79000-C","2026-09-01","79000","CALL","1h","2026-08-30 15:00:00","2026-08-30 23:00:00","510.000","570.000","510.000","545.000","2.04","2026-08-30 15:59:59","2026-08-30 23:59:59","1151.70000","4","2.03","1146.60000"
"all-available","Asia/Taipei","BTCUSDT","BTC-260901-79000-C","2026-09-01","79000","CALL","1h","2026-08-30 16:00:00","2026-08-31 00:00:00","620.000","770.000","565.000","770.000","7.89","2026-08-30 16:59:59","2026-08-31 00:59:59","5573.35000","13","3.21","2141.85000"
"all-available","Asia/Taipei","BTCUSDT","BTC-260901-79000-C","2026-09-01","79000","CALL","1h","2026-08-30 17:00:00","2026-08-31 01:00:00","800.000","800.000","595.000","680.000","7.49","2026-08-30 17:59:59","2026-08-31 01:59:59","4956.10000","9","0.00","0.00000"
"all-available","Asia/Taipei","BTCUSDT","BTC-260901-79000-C","2026-09-01","79000","CALL","1h","2026-08-30 18:00:00","2026-08-31 02:00:00","600.000","600.000","600.000","600.000","0.25","2026-08-30 18:59:59","2026-08-31 02:59:59","150.00000","1","0.25","150.00000"
"all-available","Asia/Taipei","BTCUSDT","BTC-260901-79000-C","2026-09-01","79000","CALL","1h","2026-08-30 19:00:00","2026-08-31 03:00:00","640.000","640.000","605.000","605.000","0.02","2026-08-30 19:59:59","2026-08-31 03:59:59","12.45000","2","0.00","0.00000"
"all-available","Asia/Taipei","BTCUSDT","BTC-260901-79000-C","2026-09-01","79000","CALL","1h","2026-08-30 20:00:00","2026-08-31 04:00:00","625.000","625.000","570.000","570.000","0.09","2026-08-30 20:59:59","2026-08-31 04:59:59","51.85000","3","0.08","45.60000"
"all-available","Asia/Taipei","BTCUSDT","BTC-260901-79000-C","2026-09-01","79000","CALL","1h","2026-08-30 21:00:00","2026-08-31 05:00:00","395.000","395.000","395.000","395.000","0.34","2026-08-30 21:59:59","2026-08-31 05:59:59","134.30000","2","0.34","134.30000"
"all-available","Asia/Taipei","BTCUSDT","BTC-260901-79000-C","2026-09-01","79000","CALL","1h","2026-08-30 22:00:00","2026-08-31 06:00:00","435.000","435.000","410.000","420.000","1.30","2026-08-30 22:59:59","2026-08-31 06:59:59","550.25000","5","1.00","420.00000"
"all-available","Asia/Taipei","BTCUSDT","BTC-260901-79000-C","2026-09-01","79000","CALL","1h","2026-08-30 23:00:00","2026-08-31 07:00:00","250.000","250.000","185.000","250.000","1.71","2026-08-30 23:59:59","2026-08-31 07:59:59","417.85000","4","0.51","126.85000"
"all-available","Asia/Taipei","BTCUSDT","BTC-260901-79000-C","2026-09-01","79000","CALL","1h","2026-08-31 00:00:00","2026-08-31 08:00:00","310.000","310.000","310.000","310.000","2.60","2026-08-31 00:59:59","2026-08-31 08:59:59","806.00000","1","2.60","806.00000"
"all-available","Asia/Taipei","BTCUSDT","BTC-260901-79000-C","2026-09-01","79000","CALL","1h","2026-08-31 01:00:00","2026-08-31 09:00:00","220.000","220.000","210.000","210.000","2.62","2026-08-31 01:59:59","2026-08-31 09:59:59","576.20000","3","0.02","4.20000"
"all-available","Asia/Taipei","BTCUSDT","BTC-260901-79000-C","2026-09-01","79000","CALL","1h","2026-08-31 02:00:00","2026-08-31 10:00:00","190.000","230.000","190.000","230.000","0.11","2026-08-31 02:59:59","2026-08-31 10:59:59","21.30000","3","0.01","2.30000"
"all-available","Asia/Taipei","BTCUSDT","BTC-260901-79000-C","2026-09-01","79000","CALL","1h","2026-08-31 03:00:00","2026-08-31 11:00:00","165.000","195.000","165.000","195.000","4.30","2026-08-31 03:59:59","2026-08-31 11:59:59","781.50000","5","3.40","606.00000"
"all-available","Asia/Taipei","BTCUSDT","BTC-260901-79000-C","2026-09-01","79000","CALL","1h","2026-08-31 04:00:00","2026-08-31 12:00:00","195.000","195.000","195.000","195.000","0.00","2026-08-31 04:59:59","2026-08-31 12:59:59","0.00000","0","0.00","0.00000"
"all-available","Asia/Taipei","BTCUSDT","BTC-260901-79000-C","2026-09-01","79000","CALL","1h","2026-08-31 05:00:00","2026-08-31 13:00:00","240.000","260.000","240.000","260.000","1.10","2026-08-31 05:59:59","2026-08-31 13:59:59","273.50000","3","0.50","120.00000"
"all-available","Asia/Taipei","BTCUSDT","BTC-260901-79000-C","2026-09-01","79000","CALL","1h","2026-08-31 06:00:00","2026-08-31 14:00:00","250.000","275.000","240.000","275.000","0.44","2026-08-31 06:59:59","2026-08-31 14:59:59","114.75000","4","0.26","69.75000"
"all-available","Asia/Taipei","BTCUSDT","BTC-260901-79000-C","2026-09-01","79000","CALL","1h","2026-08-31 07:00:00","2026-08-31 15:00:00","255.000","280.000","255.000","275.000","1.89","2026-08-31 07:59:59","2026-08-31 15:59:59","501.40000","12","1.89","501.40000"
"all-available","Asia/Taipei","BTCUSDT","BTC-260901-79000-C","2026-09-01","79000","CALL","1h","2026-08-31 08:00:00","2026-08-31 16:00:00","270.000","290.000","180.000","280.000","3.65","2026-08-31 08:59:59","2026-08-31 16:59:59","899.45000","21","1.54","323.85000"
"all-available","Asia/Taipei","BTCUSDT","BTC-260901-79000-C","2026-09-01","79000","CALL","1h","2026-08-31 09:00:00","2026-08-31 17:00:00","255.000","415.000","250.000","390.000","23.07","2026-08-31 09:59:59","2026-08-31 17:59:59","8525.10000","33","16.96","6266.95000"
"all-available","Asia/Taipei","BTCUSDT","BTC-260901-79000-C","2026-09-01","79000","CALL","1h","2026-08-31 10:00:00","2026-08-31 18:00:00","335.000","360.000","335.000","360.000","0.57","2026-08-31 10:59:59","2026-08-31 18:59:59","198.70000","3","0.07","23.70000"
"all-available","Asia/Taipei","BTCUSDT","BTC-260901-79000-C","2026-09-01","79000","CALL","1h","2026-08-31 11:00:00","2026-08-31 19:00:00","350.000","350.000","330.000","330.000","2.18","2026-08-31 11:59:59","2026-08-31 19:59:59","735.40000","3","0.79","276.50000"
"all-available","Asia/Taipei","BTCUSDT","BTC-260901-79000-C","2026-09-01","79000","CALL","1h","2026-08-31 12:00:00","2026-08-31 20:00:00","285.000","285.000","160.000","165.000","1.58","2026-08-31 12:59:59","2026-08-31 20:59:59","420.10000","5","0.16","27.90000"
"all-available","Asia/Taipei","BTCUSDT","BTC-260901-79000-C","2026-09-01","79000","CALL","1h","2026-08-31 13:00:00","2026-08-31 21:00:00","190.000","210.000","130.000","130.000","6.67","2026-08-31 13:59:59","2026-08-31 21:59:59","1344.85000","16","0.49","78.35000"
"all-available","Asia/Taipei","BTCUSDT","BTC-260901-79000-C","2026-09-01","79000","CALL","1h","2026-08-31 14:00:00","2026-08-31 22:00:00","130.000","315.000","130.000","290.000","2.27","2026-08-31 14:59:59","2026-08-31 22:59:59","455.40000","19","0.34","60.95000"
"all-available","Asia/Taipei","BTCUSDT","BTC-260901-79000-C","2026-09-01","79000","CALL","1h","2026-08-31 15:00:00","2026-08-31 23:00:00","300.000","300.000","160.000","235.000","2.30","2026-08-31 15:59:59","2026-08-31 23:59:59","533.85000","13","0.28","65.95000"
"all-available","Asia/Taipei","BTCUSDT","BTC-260901-79000-C","2026-09-01","79000","CALL","1h","2026-08-31 16:00:00","2026-09-01 00:00:00","250.000","295.000","225.000","295.000","5.87","2026-08-31 16:59:59","2026-09-01 00:59:59","1541.35000","12","4.37","1111.20000"
"all-available","Asia/Taipei","BTCUSDT","BTC-260901-79000-C","2026-09-01","79000","CALL","1h","2026-08-31 17:00:00","2026-09-01 01:00:00","240.000","350.000","180.000","295.000","4.62","2026-08-31 17:59:59","2026-09-01 01:59:59","1464.45000","14","0.20","45.80000"
"all-available","Asia/Taipei","BTCUSDT","BTC-260901-79000-C","2026-09-01","79000","CALL","1h","2026-08-31 18:00:00","2026-09-01 02:00:00","265.000","400.000","265.000","350.000","5.80","2026-08-31 18:59:59","2026-09-01 02:59:59","1710.60000","14","5.03","1441.95000"
"all-available","Asia/Taipei","BTCUSDT","BTC-260901-79000-C","2026-09-01","79000","CALL","1h","2026-08-31 19:00:00","2026-09-01 03:00:00","450.000","450.000","450.000","450.000","0.04","2026-08-31 19:59:59","2026-09-01 03:59:59","18.00000","2","0.04","18.00000"
"all-available","Asia/Taipei","BTCUSDT","BTC-260901-79000-C","2026-09-01","79000","CALL","1h","2026-08-31 20:00:00","2026-09-01 04:00:00","365.000","365.000","255.000","275.000","2.50","2026-08-31 20:59:59","2026-09-01 04:59:59","754.95000","7","0.00","0.00000"
"all-available","Asia/Taipei","BTCUSDT","BTC-260901-79000-C","2026-09-01","79000","CALL","1h","2026-08-31 21:00:00","2026-09-01 05:00:00","280.000","360.000","280.000","335.000","0.44","2026-08-31 21:59:59","2026-09-01 05:59:59","132.05000","5","0.05","17.00000"
"all-available","Asia/Taipei","BTCUSDT","BTC-260901-79000-C","2026-09-01","79000","CALL","1h","2026-08-31 22:00:00","2026-09-01 06:00:00","250.000","250.000","175.000","175.000","0.32","2026-08-31 22:59:59","2026-09-01 06:59:59","78.75000","4","0.01","1.75000"
"all-available","Asia/Taipei","BTCUSDT","BTC-260901-79000-C","2026-09-01","79000","CALL","1h","2026-08-31 23:00:00","2026-09-01 07:00:00","160.000","160.000","125.000","125.000","76.30","2026-08-31 23:59:59","2026-09-01 07:59:59","9726.90000","42","0.13","16.85000"
"all-available","Asia/Taipei","BTCUSDT","BTC-260901-79000-C","2026-09-01","79000","CALL","1h","2026-09-01 00:00:00","2026-09-01 08:00:00","170.000","180.000","170.000","180.000","0.95","2026-09-01 00:59:59","2026-09-01 08:59:59","163.25000","3","0.34","59.55000"
"all-available","Asia/Taipei","BTCUSDT","BTC-260901-79000-C","2026-09-01","79000","CALL","1h","2026-09-01 01:00:00","2026-09-01 09:00:00","155.000","155.000","70.000","75.000","8.44","2026-09-01 01:59:59","2026-09-01 09:59:59","698.10000","8","8.41","695.85000"
"all-available","Asia/Taipei","BTCUSDT","BTC-260901-79000-C","2026-09-01","79000","CALL","1h","2026-09-01 02:00:00","2026-09-01 10:00:00","55.000","55.000","35.000","50.000","1.15","2026-09-01 02:59:59","2026-09-01 10:59:59","53.20000","13","0.69","30.05000"
"all-available","Asia/Taipei","BTCUSDT","BTC-260901-79000-C","2026-09-01","79000","CALL","1h","2026-09-01 03:00:00","2026-09-01 11:00:00","40.000","130.000","40.000","75.000","7.01","2026-09-01 03:59:59","2026-09-01 11:59:59","773.40000","13","6.01","698.40000"
"all-available","Asia/Taipei","BTCUSDT","BTC-260901-79000-C","2026-09-01","79000","CALL","1h","2026-09-01 04:00:00","2026-09-01 12:00:00","80.000","105.000","35.000","35.000","2.87","2026-09-01 04:59:59","2026-09-01 12:59:59","177.80000","20","2.83","174.40000"
"all-available","Asia/Taipei","BTCUSDT","BTC-260901-79000-C","2026-09-01","79000","CALL","1h","2026-09-01 05:00:00","2026-09-01 13:00:00","40.000","225.000","40.000","225.000","5.74","2026-09-01 05:59:59","2026-09-01 13:59:59","365.55000","26","5.12","287.00000"
"all-available","Asia/Taipei","BTCUSDT","BTC-260901-79000-C","2026-09-01","79000","CALL","1h","2026-09-01 06:00:00","2026-09-01 14:00:00","150.000","150.000","15.000","20.000","11.66","2026-09-01 06:59:59","2026-09-01 14:59:59","429.45000","38","4.04","200.50000"
"all-available","Asia/Taipei","BTCUSDT","BTC-260901-79000-C","2026-09-01","79000","CALL","1h","2026-09-01 07:00:00","2026-09-01 15:00:00","5.000","20.000","5.000","5.000","452.73","2026-09-01 07:59:59","2026-09-01 15:59:59","2282.25000","25","1.16","18.10000"
"all-available","Asia/Taipei","BTCUSDT","BTC-260901-79000-P","2026-09-01","79000","PUT","1h","2026-08-30 12:00:00","2026-08-30 20:00:00","845.000","875.000","845.000","875.000","0.92","2026-08-30 12:59:59","2026-08-30 20:59:59","800.55000","4","0.91","792.10000"
"all-available","Asia/Taipei","BTCUSDT","BTC-260901-79000-P","2026-09-01","79000","PUT","1h","2026-08-30 13:00:00","2026-08-30 21:00:00","795.000","795.000","690.000","690.000","0.40","2026-08-30 13:59:59","2026-08-30 21:59:59","303.30000","2","0.26","206.70000"
"all-available","Asia/Taipei","BTCUSDT","BTC-260901-79000-P","2026-09-01","79000","PUT","1h","2026-08-30 14:00:00","2026-08-30 22:00:00","730.000","730.000","730.000","730.000","0.47","2026-08-30 14:59:59","2026-08-30 22:59:59","343.10000","2","0.00","0.00000"
"all-available","Asia/Taipei","BTCUSDT","BTC-260901-79000-P","2026-09-01","79000","PUT","1h","2026-08-30 15:00:00","2026-08-30 23:00:00","730.000","730.000","730.000","730.000","0.00","2026-08-30 15:59:59","2026-08-30 23:59:59","0.00000","0","0.00","0.00000"
"all-available","Asia/Taipei","BTCUSDT","BTC-260901-79000-P","2026-09-01","79000","PUT","1h","2026-08-30 16:00:00","2026-08-31 00:00:00","645.000","645.000","540.000","540.000","1.00","2026-08-30 16:59:59","2026-08-31 00:59:59","596.75000","6","0.63","387.15000"
"all-available","Asia/Taipei","BTCUSDT","BTC-260901-79000-P","2026-09-01","79000","PUT","1h","2026-08-30 17:00:00","2026-08-31 01:00:00","685.000","715.000","685.000","715.000","1.40","2026-08-30 17:59:59","2026-08-31 01:59:59","971.00000","3","0.40","286.00000"
"all-available","Asia/Taipei","BTCUSDT","BTC-260901-79000-P","2026-09-01","79000","PUT","1h","2026-08-30 18:00:00","2026-08-31 02:00:00","715.000","715.000","715.000","715.000","0.00","2026-08-30 18:59:59","2026-08-31 02:59:59","0.00000","0","0.00","0.00000"
"all-available","Asia/Taipei","BTCUSDT","BTC-260901-79000-P","2026-09-01","79000","PUT","1h","2026-08-30 19:00:00","2026-08-31 03:00:00","715.000","715.000","715.000","715.000","0.00","2026-08-30 19:59:59","2026-08-31 03:59:59","0.00000","0","0.00","0.00000"
"all-available","Asia/Taipei","BTCUSDT","BTC-260901-79000-P","2026-09-01","79000","PUT","1h","2026-08-30 20:00:00","2026-08-31 04:00:00","715.000","715.000","715.000","715.000","0.00","2026-08-30 20:59:59","2026-08-31 04:59:59","0.00000","0","0.00","0.00000"
"all-available","Asia/Taipei","BTCUSDT","BTC-260901-79000-P","2026-09-01","79000","PUT","1h","2026-08-30 21:00:00","2026-08-31 05:00:00","715.000","715.000","715.000","715.000","0.00","2026-08-30 21:59:59","2026-08-31 05:59:59","0.00000","0","0.00","0.00000"
"all-available","Asia/Taipei","BTCUSDT","BTC-260901-79000-P","2026-09-01","79000","PUT","1h","2026-08-30 22:00:00","2026-08-31 06:00:00","715.000","715.000","715.000","715.000","0.00","2026-08-30 22:59:59","2026-08-31 06:59:59","0.00000","0","0.00","0.00000"
"all-available","Asia/Taipei","BTCUSDT","BTC-260901-79000-P","2026-09-01","79000","PUT","1h","2026-08-30 23:00:00","2026-08-31 07:00:00","1105.000","1745.000","1105.000","1745.000","0.11","2026-08-30 23:59:59","2026-08-31 07:59:59","132.90000","3","0.10","121.85000"
"all-available","Asia/Taipei","BTCUSDT","BTC-260901-79000-P","2026-09-01","79000","PUT","1h","2026-08-31 00:00:00","2026-08-31 08:00:00","1745.000","1745.000","1745.000","1745.000","0.00","2026-08-31 00:59:59","2026-08-31 08:59:59","0.00000","0","0.00","0.00000"
"all-available","Asia/Taipei","BTCUSDT","BTC-260901-79000-P","2026-09-01","79000","PUT","1h","2026-08-31 01:00:00","2026-08-31 09:00:00","1745.000","1745.000","1745.000","1745.000","0.00","2026-08-31 01:59:59","2026-08-31 09:59:59","0.00000","0","0.00","0.00000"
"all-available","Asia/Taipei","BTCUSDT","BTC-260901-79000-P","2026-09-01","79000","PUT","1h","2026-08-31 02:00:00","2026-08-31 10:00:00","1745.000","1745.000","1745.000","1745.000","0.00","2026-08-31 02:59:59","2026-08-31 10:59:59","0.00000","0","0.00","0.00000"
"all-available","Asia/Taipei","BTCUSDT","BTC-260901-79000-P","2026-09-01","79000","PUT","1h","2026-08-31 03:00:00","2026-08-31 11:00:00","1745.000","1745.000","1745.000","1745.000","0.00","2026-08-31 03:59:59","2026-08-31 11:59:59","0.00000","0","0.00","0.00000"
"all-available","Asia/Taipei","BTCUSDT","BTC-260901-79000-P","2026-09-01","79000","PUT","1h","2026-08-31 04:00:00","2026-08-31 12:00:00","1640.000","1640.000","1640.000","1640.000","0.01","2026-08-31 04:59:59","2026-08-31 12:59:59","16.40000","1","0.00","0.00000"
"all-available","Asia/Taipei","BTCUSDT","BTC-260901-79000-P","2026-09-01","79000","PUT","1h","2026-08-31 05:00:00","2026-08-31 13:00:00","1640.000","1640.000","1640.000","1640.000","0.00","2026-08-31 05:59:59","2026-08-31 13:59:59","0.00000","0","0.00","0.00000"
"all-available","Asia/Taipei","BTCUSDT","BTC-260901-79000-P","2026-09-01","79000","PUT","1h","2026-08-31 06:00:00","2026-08-31 14:00:00","1280.000","1280.000","1280.000","1280.000","0.08","2026-08-31 06:59:59","2026-08-31 14:59:59","102.40000","1","0.08","102.40000"
"all-available","Asia/Taipei","BTCUSDT","BTC-260901-79000-P","2026-09-01","79000","PUT","1h","2026-08-31 07:00:00","2026-08-31 15:00:00","1280.000","1280.000","1280.000","1280.000","0.00","2026-08-31 07:59:59","2026-08-31 15:59:59","0.00000","0","0.00","0.00000"
"all-available","Asia/Taipei","BTCUSDT","BTC-260901-79000-P","2026-09-01","79000","PUT","1h","2026-08-31 08:00:00","2026-08-31 16:00:00","1280.000","1280.000","1280.000","1280.000","0.00","2026-08-31 08:59:59","2026-08-31 16:59:59","0.00000","0","0.00","0.00000"
"all-available","Asia/Taipei","BTCUSDT","BTC-260901-79000-P","2026-09-01","79000","PUT","1h","2026-08-31 09:00:00","2026-08-31 17:00:00","715.000","715.000","695.000","695.000","0.29","2026-08-31 09:59:59","2026-08-31 17:59:59","205.55000","2","0.09","62.55000"
"all-available","Asia/Taipei","BTCUSDT","BTC-260901-79000-P","2026-09-01","79000","PUT","1h","2026-08-31 10:00:00","2026-08-31 18:00:00","695.000","695.000","665.000","665.000","6.35","2026-08-31 10:59:59","2026-08-31 18:59:59","4362.80000","5","0.00","0.00000"
"all-available","Asia/Taipei","BTCUSDT","BTC-260901-79000-P","2026-09-01","79000","PUT","1h","2026-08-31 11:00:00","2026-08-31 19:00:00","805.000","805.000","805.000","805.000","1.00","2026-08-31 11:59:59","2026-08-31 19:59:59","805.00000","1","0.00","0.00000"
"all-available","Asia/Taipei","BTCUSDT","BTC-260901-79000-P","2026-09-01","79000","PUT","1h","2026-08-31 12:00:00","2026-08-31 20:00:00","805.000","805.000","805.000","805.000","0.00","2026-08-31 12:59:59","2026-08-31 20:59:59","0.00000","0","0.00","0.00000"
"all-available","Asia/Taipei","BTCUSDT","BTC-260901-79000-P","2026-09-01","79000","PUT","1h","2026-08-31 13:00:00","2026-08-31 21:00:00","805.000","805.000","805.000","805.000","0.00","2026-08-31 13:59:59","2026-08-31 21:59:59","0.00000","0","0.00","0.00000"
"all-available","Asia/Taipei","BTCUSDT","BTC-260901-79000-P","2026-09-01","79000","PUT","1h","2026-08-31 14:00:00","2026-08-31 22:00:00","685.000","685.000","685.000","685.000","0.01","2026-08-31 14:59:59","2026-08-31 22:59:59","6.85000","1","0.01","6.85000"
"all-available","Asia/Taipei","BTCUSDT","BTC-260901-79000-P","2026-09-01","79000","PUT","1h","2026-08-31 15:00:00","2026-08-31 23:00:00","685.000","685.000","685.000","685.000","0.00","2026-08-31 15:59:59","2026-08-31 23:59:59","0.00000","0","0.00","0.00000"
"all-available","Asia/Taipei","BTCUSDT","BTC-260901-79000-P","2026-09-01","79000","PUT","1h","2026-08-31 16:00:00","2026-09-01 00:00:00","605.000","605.000","605.000","605.000","1.00","2026-08-31 16:59:59","2026-09-01 00:59:59","605.00000","1","0.00","0.00000"
"all-available","Asia/Taipei","BTCUSDT","BTC-260901-79000-P","2026-09-01","79000","PUT","1h","2026-08-31 17:00:00","2026-09-01 01:00:00","560.000","560.000","425.000","425.000","8.01","2026-08-31 17:59:59","2026-09-01 01:59:59","3565.60000","4","4.01","1865.60000"
"all-available","Asia/Taipei","BTCUSDT","BTC-260901-79000-P","2026-09-01","79000","PUT","1h","2026-08-31 18:00:00","2026-09-01 02:00:00","310.000","360.000","285.000","315.000","2.02","2026-08-31 18:59:59","2026-09-01 02:59:59","707.95000","5","0.12","34.95000"
"all-available","Asia/Taipei","BTCUSDT","BTC-260901-79000-P","2026-09-01","79000","PUT","1h","2026-08-31 19:00:00","2026-09-01 03:00:00","225.000","305.000","220.000","305.000","1.52","2026-08-31 19:59:59","2026-09-01 03:59:59","374.65000","6","0.52","129.65000"
"all-available","Asia/Taipei","BTCUSDT","BTC-260901-79000-P","2026-09-01","79000","PUT","1h","2026-08-31 20:00:00","2026-09-01 04:00:00","335.000","335.000","280.000","335.000","0.27","2026-08-31 20:59:59","2026-09-01 04:59:59","88.85000","4","0.25","83.25000"
"all-available","Asia/Taipei","BTCUSDT","BTC-260901-79000-P","2026-09-01","79000","PUT","1h","2026-08-31 21:00:00","2026-09-01 05:00:00","415.000","415.000","325.000","325.000","0.59","2026-08-31 21:59:59","2026-09-01 05:59:59","209.30000","6","0.42","138.75000"
"all-available","Asia/Taipei","BTCUSDT","BTC-260901-79000-P","2026-09-01","79000","PUT","1h","2026-08-31 22:00:00","2026-09-01 06:00:00","330.000","465.000","330.000","465.000","1.33","2026-08-31 22:59:59","2026-09-01 06:59:59","577.65000","6","1.32","573.00000"
"all-available","Asia/Taipei","BTCUSDT","BTC-260901-79000-P","2026-09-01","79000","PUT","1h","2026-08-31 23:00:00","2026-09-01 07:00:00","520.000","520.000","520.000","520.000","0.01","2026-08-31 23:59:59","2026-09-01 07:59:59","5.20000","1","0.00","0.00000"
"all-available","Asia/Taipei","BTCUSDT","BTC-260901-79000-P","2026-09-01","79000","PUT","1h","2026-09-01 00:00:00","2026-09-01 08:00:00","335.000","400.000","335.000","400.000","0.41","2026-09-01 00:59:59","2026-09-01 08:59:59","141.50000","3","0.31","104.50000"
"all-available","Asia/Taipei","BTCUSDT","BTC-260901-79000-P","2026-09-01","79000","PUT","1h","2026-09-01 01:00:00","2026-09-01 09:00:00","400.000","400.000","400.000","400.000","0.00","2026-09-01 01:59:59","2026-09-01 09:59:59","0.00000","0","0.00","0.00000"
"all-available","Asia/Taipei","BTCUSDT","BTC-260901-79000-P","2026-09-01","79000","PUT","1h","2026-09-01 02:00:00","2026-09-01 10:00:00","720.000","810.000","660.000","660.000","0.95","2026-09-01 02:59:59","2026-09-01 10:59:59","666.75000","12","0.95","666.75000"
"all-available","Asia/Taipei","BTCUSDT","BTC-260901-79000-P","2026-09-01","79000","PUT","1h","2026-09-01 03:00:00","2026-09-01 11:00:00","310.000","310.000","310.000","310.000","0.01","2026-09-01 03:59:59","2026-09-01 11:59:59","3.10000","1","0.01","3.10000"
"all-available","Asia/Taipei","BTCUSDT","BTC-260901-79000-P","2026-09-01","79000","PUT","1h","2026-09-01 04:00:00","2026-09-01 12:00:00","310.000","310.000","310.000","310.000","0.00","2026-09-01 04:59:59","2026-09-01 12:59:59","0.00000","0","0.00","0.00000"
"all-available","Asia/Taipei","BTCUSDT","BTC-260901-79000-P","2026-09-01","79000","PUT","1h","2026-09-01 05:00:00","2026-09-01 13:00:00","200.000","200.000","50.000","55.000","8.16","2026-09-01 05:59:59","2026-09-01 13:59:59","649.45000","53","3.76","339.00000"
"all-available","Asia/Taipei","BTCUSDT","BTC-260901-79000-P","2026-09-01","79000","PUT","1h","2026-09-01 06:00:00","2026-09-01 14:00:00","55.000","170.000","55.000","170.000","1.17","2026-09-01 06:59:59","2026-09-01 14:59:59","134.35000","24","0.78","91.60000"
"all-available","Asia/Taipei","BTCUSDT","BTC-260901-79000-P","2026-09-01","79000","PUT","1h","2026-09-01 07:00:00","2026-09-01 15:00:00","220.000","265.000","215.000","265.000","0.49","2026-09-01 07:59:59","2026-09-01 15:59:59","112.35000","5","0.42","97.30000"
"all-available","Asia/Taipei","BTCUSDT","BTC-260901-79250-C","2026-09-01","79250","CALL","1h","2026-08-31 08:00:00","2026-08-31 16:00:00","195.000","220.000","195.000","220.000","0.15","2026-08-31 08:59:59","2026-08-31 16:59:59","29.50000","2","0.15","29.50000"
"all-available","Asia/Taipei","BTCUSDT","BTC-260901-79250-C","2026-09-01","79250","CALL","1h","2026-08-31 09:00:00","2026-08-31 17:00:00","275.000","315.000","275.000","305.000","9.64","2026-08-31 09:59:59","2026-08-31 17:59:59","2933.20000","6","6.42","1951.10000"
"all-available","Asia/Taipei","BTCUSDT","BTC-260901-79250-C","2026-09-01","79250","CALL","1h","2026-08-31 10:00:00","2026-08-31 18:00:00","210.000","210.000","210.000","210.000","0.14","2026-08-31 10:59:59","2026-08-31 18:59:59","29.40000","1","0.00","0.00000"
"all-available","Asia/Taipei","BTCUSDT","BTC-260901-79250-C","2026-09-01","79250","CALL","1h","2026-08-31 11:00:00","2026-08-31 19:00:00","210.000","210.000","210.000","210.000","0.00","2026-08-31 11:59:59","2026-08-31 19:59:59","0.00000","0","0.00","0.00000"
"all-available","Asia/Taipei","BTCUSDT","BTC-260901-79250-C","2026-09-01","79250","CALL","1h","2026-08-31 12:00:00","2026-08-31 20:00:00","130.000","130.000","125.000","125.000","1.50","2026-08-31 12:59:59","2026-08-31 20:59:59","190.00000","2","0.50","65.00000"
"all-available","Asia/Taipei","BTCUSDT","BTC-260901-79250-C","2026-09-01","79250","CALL","1h","2026-08-31 13:00:00","2026-08-31 21:00:00","165.000","165.000","95.000","95.000","0.78","2026-08-31 13:59:59","2026-08-31 21:59:59","102.50000","5","0.45","48.05000"
"all-available","Asia/Taipei","BTCUSDT","BTC-260901-79250-C","2026-09-01","79250","CALL","1h","2026-08-31 14:00:00","2026-08-31 22:00:00","110.000","230.000","80.000","210.000","6.38","2026-08-31 14:59:59","2026-08-31 22:59:59","1203.35000","11","6.17","1159.40000"
"all-available","Asia/Taipei","BTCUSDT","BTC-260901-79250-C","2026-09-01","79250","CALL","1h","2026-08-31 15:00:00","2026-08-31 23:00:00","155.000","155.000","135.000","135.000","4.55","2026-08-31 15:59:59","2026-08-31 23:59:59","705.05000","3","0.01","1.35000"
"all-available","Asia/Taipei","BTCUSDT","BTC-260901-79250-C","2026-09-01","79250","CALL","1h","2026-08-31 16:00:00","2026-09-01 00:00:00","135.000","135.000","135.000","135.000","0.00","2026-08-31 16:59:59","2026-09-01 00:59:59","0.00000","0","0.00","0.00000"
"all-available","Asia/Taipei","BTCUSDT","BTC-260901-79250-C","2026-09-01","79250","CALL","1h","2026-08-31 17:00:00","2026-09-01 01:00:00","210.000","210.000","210.000","210.000","0.51","2026-08-31 17:59:59","2026-09-01 01:59:59","107.10000","2","0.00","0.00000"
"all-available","Asia/Taipei","BTCUSDT","BTC-260901-79250-C","2026-09-01","79250","CALL","1h","2026-08-31 18:00:00","2026-09-01 02:00:00","185.000","250.000","185.000","210.000","1.82","2026-08-31 18:59:59","2026-09-01 02:59:59","382.35000","3","0.01","1.85000"
"all-available","Asia/Taipei","BTCUSDT","BTC-260901-79250-C","2026-09-01","79250","CALL","1h","2026-08-31 19:00:00","2026-09-01 03:00:00","300.000","300.000","240.000","250.000","0.69","2026-08-31 19:59:59","2026-09-01 03:59:59","199.80000","5","0.67","194.90000"
"all-available","Asia/Taipei","BTCUSDT","BTC-260901-79250-C","2026-09-01","79250","CALL","1h","2026-08-31 20:00:00","2026-09-01 04:00:00","215.000","215.000","170.000","170.000","0.81","2026-08-31 20:59:59","2026-09-01 04:59:59","154.35000","4","0.00","0.00000"
"all-available","Asia/Taipei","BTCUSDT","BTC-260901-79250-C","2026-09-01","79250","CALL","1h","2026-08-31 21:00:00","2026-09-01 05:00:00","180.000","225.000","175.000","225.000","4.81","2026-08-31 21:59:59","2026-09-01 05:59:59","851.20000","8","4.00","700.00000"
"all-available","Asia/Taipei","BTCUSDT","BTC-260901-79250-C","2026-09-01","79250","CALL","1h","2026-08-31 22:00:00","2026-09-01 06:00:00","160.000","160.000","105.000","105.000","0.31","2026-08-31 22:59:59","2026-09-01 06:59:59","49.05000","3","0.01","1.05000"
"all-available","Asia/Taipei","BTCUSDT","BTC-260901-79250-C","2026-09-01","79250","CALL","1h","2026-08-31 23:00:00","2026-09-01 07:00:00","95.000","95.000","80.000","80.000","1.02","2026-08-31 23:59:59","2026-09-01 07:59:59","81.85000","3","1.01","80.95000"
"all-available","Asia/Taipei","BTCUSDT","BTC-260901-79250-C","2026-09-01","79250","CALL","1h","2026-09-01 00:00:00","2026-09-01 08:00:00","70.000","70.000","70.000","70.000","0.13","2026-09-01 00:59:59","2026-09-01 08:59:59","9.10000","1","0.13","9.10000"
"all-available","Asia/Taipei","BTCUSDT","BTC-260901-79250-C","2026-09-01","79250","CALL","1h","2026-09-01 01:00:00","2026-09-01 09:00:00","35.000","35.000","35.000","35.000","1.30","2026-09-01 01:59:59","2026-09-01 09:59:59","45.50000","6","0.30","10.50000"
"all-available","Asia/Taipei","BTCUSDT","BTC-260901-79250-C","2026-09-01","79250","CALL","1h","2026-09-01 02:00:00","2026-09-01 10:00:00","25.000","30.000","20.000","20.000","4.77","2026-09-01 02:59:59","2026-09-01 10:59:59","135.40000","8","4.75","135.00000"
"all-available","Asia/Taipei","BTCUSDT","BTC-260901-79250-C","2026-09-01","79250","CALL","1h","2026-09-01 03:00:00","2026-09-01 11:00:00","15.000","65.000","15.000","35.000","1.21","2026-09-01 03:59:59","2026-09-01 11:59:59","24.95000","7","0.11","6.45000"
"all-available","Asia/Taipei","BTCUSDT","BTC-260901-79250-C","2026-09-01","79250","CALL","1h","2026-09-01 04:00:00","2026-09-01 12:00:00","35.000","35.000","15.000","15.000","10.62","2026-09-01 04:59:59","2026-09-01 12:59:59","307.80000","22","2.75","64.55000"
"all-available","Asia/Taipei","BTCUSDT","BTC-260901-79250-C","2026-09-01","79250","CALL","1h","2026-09-01 05:00:00","2026-09-01 13:00:00","15.000","90.000","15.000","70.000","4.68","2026-09-01 05:59:59","2026-09-01 13:59:59","263.90000","27","2.41","115.35000"
"all-available","Asia/Taipei","BTCUSDT","BTC-260901-79250-C","2026-09-01","79250","CALL","1h","2026-09-01 06:00:00","2026-09-01 14:00:00","50.000","50.000","5.000","5.000","179.93","2026-09-01 06:59:59","2026-09-01 14:59:59","1043.30000","50","15.45","173.15000"
"all-available","Asia/Taipei","BTCUSDT","BTC-260901-79250-C","2026-09-01","79250","CALL","1h","2026-09-01 07:00:00","2026-09-01 15:00:00","5.000","5.000","5.000","5.000","3.64","2026-09-01 07:59:59","2026-09-01 15:59:59","18.20000","1","3.64","18.20000"
"all-available","Asia/Taipei","BTCUSDT","BTC-260901-79250-P","2026-09-01","79250","PUT","1h","2026-08-31 19:00:00","2026-09-01 03:00:00","345.000","420.000","345.000","415.000","0.20","2026-08-31 19:59:59","2026-09-01 03:59:59","79.75000","3","0.20","79.75000"
"all-available","Asia/Taipei","BTCUSDT","BTC-260901-79250-P","2026-09-01","79250","PUT","1h","2026-08-31 20:00:00","2026-09-01 04:00:00","600.000","600.000","600.000","600.000","0.10","2026-08-31 20:59:59","2026-09-01 04:59:59","60.00000","4","0.10","60.00000"
"all-available","Asia/Taipei","BTCUSDT","BTC-260901-79250-P","2026-09-01","79250","PUT","1h","2026-08-31 21:00:00","2026-09-01 05:00:00","480.000","480.000","480.000","480.000","0.20","2026-08-31 21:59:59","2026-09-01 05:59:59","96.00000","1","0.20","96.00000"
"all-available","Asia/Taipei","BTCUSDT","BTC-260901-79250-P","2026-09-01","79250","PUT","1h","2026-08-31 22:00:00","2026-09-01 06:00:00","480.000","480.000","480.000","480.000","0.00","2026-08-31 22:59:59","2026-09-01 06:59:59","0.00000","0","0.00","0.00000"
"all-available","Asia/Taipei","BTCUSDT","BTC-260901-79250-P","2026-09-01","79250","PUT","1h","2026-08-31 23:00:00","2026-09-01 07:00:00","480.000","480.000","480.000","480.000","0.00","2026-08-31 23:59:59","2026-09-01 07:59:59","0.00000","0","0.00","0.00000"
"all-available","Asia/Taipei","BTCUSDT","BTC-260901-79250-P","2026-09-01","79250","PUT","1h","2026-09-01 00:00:00","2026-09-01 08:00:00","480.000","480.000","480.000","480.000","0.00","2026-09-01 00:59:59","2026-09-01 08:59:59","0.00000","0","0.00","0.00000"
"all-available","Asia/Taipei","BTCUSDT","BTC-260901-79250-P","2026-09-01","79250","PUT","1h","2026-09-01 01:00:00","2026-09-01 09:00:00","480.000","480.000","480.000","480.000","0.00","2026-09-01 01:59:59","2026-09-01 09:59:59","0.00000","0","0.00","0.00000"
"all-available","Asia/Taipei","BTCUSDT","BTC-260901-79250-P","2026-09-01","79250","PUT","1h","2026-09-01 02:00:00","2026-09-01 10:00:00","480.000","480.000","480.000","480.000","0.00","2026-09-01 02:59:59","2026-09-01 10:59:59","0.00000","0","0.00","0.00000"
"all-available","Asia/Taipei","BTCUSDT","BTC-260901-79250-P","2026-09-01","79250","PUT","1h","2026-09-01 03:00:00","2026-09-01 11:00:00","480.000","480.000","480.000","480.000","0.00","2026-09-01 03:59:59","2026-09-01 11:59:59","0.00000","0","0.00","0.00000"
"all-available","Asia/Taipei","BTCUSDT","BTC-260901-79250-P","2026-09-01","79250","PUT","1h","2026-09-01 04:00:00","2026-09-01 12:00:00","480.000","480.000","480.000","480.000","0.00","2026-09-01 04:59:59","2026-09-01 12:59:59","0.00000","0","0.00","0.00000"
"all-available","Asia/Taipei","BTCUSDT","BTC-260901-79250-P","2026-09-01","79250","PUT","1h","2026-09-01 05:00:00","2026-09-01 13:00:00","390.000","390.000","160.000","160.000","1.10","2026-09-01 05:59:59","2026-09-01 13:59:59","199.00000","2","1.00","160.00000"
"all-available","Asia/Taipei","BTCUSDT","BTC-260901-79250-P","2026-09-01","79250","PUT","1h","2026-09-01 06:00:00","2026-09-01 14:00:00","160.000","160.000","160.000","160.000","0.00","2026-09-01 06:59:59","2026-09-01 14:59:59","0.00000","0","0.00","0.00000"
"all-available","Asia/Taipei","BTCUSDT","BTC-260901-79250-P","2026-09-01","79250","PUT","1h","2026-09-01 07:00:00","2026-09-01 15:00:00","160.000","160.000","160.000","160.000","0.00","2026-09-01 07:59:59","2026-09-01 15:59:59","0.00000","0","0.00","0.00000"
"all-available","Asia/Taipei","BTCUSDT","BTC-260901-79500-C","2026-09-01","79500","CALL","1h","2026-08-30 14:00:00","2026-08-30 22:00:00","435.000","435.000","380.000","380.000","0.03","2026-08-30 14:59:59","2026-08-30 22:59:59","11.95000","3","0.03","11.95000"
"all-available","Asia/Taipei","BTCUSDT","BTC-260901-79500-C","2026-09-01","79500","CALL","1h","2026-08-30 15:00:00","2026-08-30 23:00:00","380.000","380.000","380.000","380.000","0.00","2026-08-30 15:59:59","2026-08-30 23:59:59","0.00000","0","0.00","0.00000"
"all-available","Asia/Taipei","BTCUSDT","BTC-260901-79500-C","2026-09-01","79500","CALL","1h","2026-08-30 16:00:00","2026-08-31 00:00:00","385.000","625.000","350.000","625.000","2.41","2026-08-30 16:59:59","2026-08-31 00:59:59","1082.80000","14","1.81","764.80000"
"all-available","Asia/Taipei","BTCUSDT","BTC-260901-79500-C","2026-09-01","79500","CALL","1h","2026-08-30 17:00:00","2026-08-31 01:00:00","570.000","570.000","440.000","445.000","5.90","2026-08-30 17:59:59","2026-08-31 01:59:59","2784.25000","5","1.50","666.75000"
"all-available","Asia/Taipei","BTCUSDT","BTC-260901-79500-C","2026-09-01","79500","CALL","1h","2026-08-30 18:00:00","2026-08-31 02:00:00","475.000","475.000","475.000","475.000","0.01","2026-08-30 18:59:59","2026-08-31 02:59:59","4.75000","1","0.01","4.75000"
"all-available","Asia/Taipei","BTCUSDT","BTC-260901-79500-C","2026-09-01","79500","CALL","1h","2026-08-30 19:00:00","2026-08-31 03:00:00","475.000","475.000","400.000","400.000","3.97","2026-08-30 19:59:59","2026-08-31 03:59:59","1817.05000","6","2.06","967.20000"
"all-available","Asia/Taipei","BTCUSDT","BTC-260901-79500-C","2026-09-01","79500","CALL","1h","2026-08-30 20:00:00","2026-08-31 04:00:00","435.000","440.000","360.000","375.000","2.06","2026-08-30 20:59:59","2026-08-31 04:59:59","892.55000","4","2.06","892.55000"
"all-available","Asia/Taipei","BTCUSDT","BTC-260901-79500-C","2026-09-01","79500","CALL","1h","2026-08-30 21:00:00","2026-08-31 05:00:00","290.000","350.000","290.000","350.000","2.51","2026-08-30 21:59:59","2026-08-31 05:59:59","848.15000","5","0.50","145.00000"
"all-available","Asia/Taipei","BTCUSDT","BTC-260901-79500-C","2026-09-01","79500","CALL","1h","2026-08-30 22:00:00","2026-08-31 06:00:00","300.000","300.000","300.000","300.000","1.00","2026-08-30 22:59:59","2026-08-31 06:59:59","300.00000","1","1.00","300.00000"
"all-available","Asia/Taipei","BTCUSDT","BTC-260901-79500-C","2026-09-01","79500","CALL","1h","2026-08-30 23:00:00","2026-08-31 07:00:00","165.000","165.000","110.000","160.000","5.67","2026-08-30 23:59:59","2026-08-31 07:59:59","878.90000","5","3.14","474.10000"
"all-available","Asia/Taipei","BTCUSDT","BTC-260901-79500-C","2026-09-01","79500","CALL","1h","2026-08-31 00:00:00","2026-08-31 08:00:00","175.000","185.000","170.000","170.000","1.58","2026-08-31 00:59:59","2026-08-31 08:59:59","286.60000","4","1.54","279.80000"
"all-available","Asia/Taipei","BTCUSDT","BTC-260901-79500-C","2026-09-01","79500","CALL","1h","2026-08-31 01:00:00","2026-08-31 09:00:00","130.000","130.000","130.000","130.000","0.85","2026-08-31 01:59:59","2026-08-31 09:59:59","110.50000","1","0.85","110.50000"
"all-available","Asia/Taipei","BTCUSDT","BTC-260901-79500-C","2026-09-01","79500","CALL","1h","2026-08-31 02:00:00","2026-08-31 10:00:00","130.000","130.000","130.000","130.000","0.00","2026-08-31 02:59:59","2026-08-31 10:59:59","0.00000","0","0.00","0.00000"
"all-available","Asia/Taipei","BTCUSDT","BTC-260901-79500-C","2026-09-01","79500","CALL","1h","2026-08-31 03:00:00","2026-08-31 11:00:00","115.000","115.000","115.000","115.000","0.30","2026-08-31 03:59:59","2026-08-31 11:59:59","34.50000","2","0.30","34.50000"
"all-available","Asia/Taipei","BTCUSDT","BTC-260901-79500-C","2026-09-01","79500","CALL","1h","2026-08-31 04:00:00","2026-08-31 12:00:00","115.000","115.000","115.000","115.000","0.00","2026-08-31 04:59:59","2026-08-31 12:59:59","0.00000","0","0.00","0.00000"
"all-available","Asia/Taipei","BTCUSDT","BTC-260901-79500-C","2026-09-01","79500","CALL","1h","2026-08-31 05:00:00","2026-08-31 13:00:00","125.000","165.000","125.000","160.000","2.28","2026-08-31 05:59:59","2026-08-31 13:59:59","341.05000","3","1.43","200.80000"
"all-available","Asia/Taipei","BTCUSDT","BTC-260901-79500-C","2026-09-01","79500","CALL","1h","2026-08-31 06:00:00","2026-08-31 14:00:00","175.000","175.000","175.000","175.000","0.10","2026-08-31 06:59:59","2026-08-31 14:59:59","17.50000","1","0.10","17.50000"
"all-available","Asia/Taipei","BTCUSDT","BTC-260901-79500-C","2026-09-01","79500","CALL","1h","2026-08-31 07:00:00","2026-08-31 15:00:00","170.000","175.000","150.000","165.000","1.74","2026-08-31 07:59:59","2026-08-31 15:59:59","276.75000","14","1.74","276.75000"
"all-available","Asia/Taipei","BTCUSDT","BTC-260901-79500-C","2026-09-01","79500","CALL","1h","2026-08-31 08:00:00","2026-08-31 16:00:00","160.000","170.000","100.000","150.000","6.16","2026-08-31 08:59:59","2026-08-31 16:59:59","924.30000","21","4.52","685.05000"
"all-available","Asia/Taipei","BTCUSDT","BTC-260901-79500-C","2026-09-01","79500","CALL","1h","2026-08-31 09:00:00","2026-08-31 17:00:00","200.000","250.000","200.000","220.000","1.89","2026-08-31 09:59:59","2026-08-31 17:59:59","453.80000","11","0.05","11.60000"
"all-available","Asia/Taipei","BTCUSDT","BTC-260901-79500-C","2026-09-01","79500","CALL","1h","2026-08-31 10:00:00","2026-08-31 18:00:00","165.000","220.000","165.000","220.000","0.41","2026-08-31 10:59:59","2026-08-31 18:59:59","77.25000","8","0.05","10.00000"
"all-available","Asia/Taipei","BTCUSDT","BTC-260901-79500-C","2026-09-01","79500","CALL","1h","2026-08-31 11:00:00","2026-08-31 19:00:00","210.000","210.000","140.000","140.000","2.02","2026-08-31 11:59:59","2026-08-31 19:59:59","303.50000","4","0.00","0.00000"
"all-available","Asia/Taipei","BTCUSDT","BTC-260901-79500-C","2026-09-01","79500","CALL","1h","2026-08-31 12:00:00","2026-08-31 20:00:00","175.000","175.000","95.000","95.000","1.15","2026-08-31 12:59:59","2026-08-31 20:59:59","146.45000","5","1.13","144.55000"
"all-available","Asia/Taipei","BTCUSDT","BTC-260901-79500-C","2026-09-01","79500","CALL","1h","2026-08-31 13:00:00","2026-08-31 21:00:00","95.000","100.000","85.000","85.000","3.15","2026-08-31 13:59:59","2026-08-31 21:59:59","288.90000","10","0.00","0.00000"
"all-available","Asia/Taipei","BTCUSDT","BTC-260901-79500-C","2026-09-01","79500","CALL","1h","2026-08-31 14:00:00","2026-08-31 22:00:00","65.000","165.000","65.000","160.000","7.98","2026-08-31 14:59:59","2026-08-31 22:59:59","1029.90000","32","0.28","36.30000"
"all-available","Asia/Taipei","BTCUSDT","BTC-260901-79500-C","2026-09-01","79500","CALL","1h","2026-08-31 15:00:00","2026-08-31 23:00:00","115.000","150.000","115.000","135.000","0.45","2026-08-31 15:59:59","2026-08-31 23:59:59","63.85000","3","0.23","34.15000"
"all-available","Asia/Taipei","BTCUSDT","BTC-260901-79500-C","2026-09-01","79500","CALL","1h","2026-08-31 16:00:00","2026-09-01 00:00:00","145.000","145.000","110.000","110.000","2.66","2026-08-31 16:59:59","2026-09-01 00:59:59","294.70000","3","0.06","8.70000"
"all-available","Asia/Taipei","BTCUSDT","BTC-260901-79500-C","2026-09-01","79500","CALL","1h","2026-08-31 17:00:00","2026-09-01 01:00:00","195.000","195.000","150.000","150.000","0.02","2026-08-31 17:59:59","2026-09-01 01:59:59","3.45000","2","0.01","1.95000"
"all-available","Asia/Taipei","BTCUSDT","BTC-260901-79500-C","2026-09-01","79500","CALL","1h","2026-08-31 18:00:00","2026-09-01 02:00:00","120.000","200.000","120.000","200.000","3.17","2026-08-31 18:59:59","2026-09-01 02:59:59","397.35000","6","3.14","393.75000"
"all-available","Asia/Taipei","BTCUSDT","BTC-260901-79500-C","2026-09-01","79500","CALL","1h","2026-08-31 19:00:00","2026-09-01 03:00:00","145.000","165.000","130.000","130.000","0.40","2026-08-31 19:59:59","2026-09-01 03:59:59","59.05000","6","0.02","3.00000"
"all-available","Asia/Taipei","BTCUSDT","BTC-260901-79500-C","2026-09-01","79500","CALL","1h","2026-08-31 20:00:00","2026-09-01 04:00:00","105.000","105.000","105.000","105.000","0.38","2026-08-31 20:59:59","2026-09-01 04:59:59","39.90000","1","0.00","0.00000"
"all-available","Asia/Taipei","BTCUSDT","BTC-260901-79500-C","2026-09-01","79500","CALL","1h","2026-08-31 21:00:00","2026-09-01 05:00:00","120.000","155.000","115.000","140.000","3.20","2026-08-31 21:59:59","2026-09-01 05:59:59","420.35000","11","0.80","92.00000"
"all-available","Asia/Taipei","BTCUSDT","BTC-260901-79500-C","2026-09-01","79500","CALL","1h","2026-08-31 22:00:00","2026-09-01 06:00:00","105.000","105.000","65.000","70.000","1.07","2026-08-31 22:59:59","2026-09-01 06:59:59","108.90000","5","0.01","0.70000"
"all-available","Asia/Taipei","BTCUSDT","BTC-260901-79500-C","2026-09-01","79500","CALL","1h","2026-08-31 23:00:00","2026-09-01 07:00:00","50.000","50.000","50.000","50.000","3.13","2026-08-31 23:59:59","2026-09-01 07:59:59","156.50000","6","0.00","0.00000"
"all-available","Asia/Taipei","BTCUSDT","BTC-260901-79500-C","2026-09-01","79500","CALL","1h","2026-09-01 00:00:00","2026-09-01 08:00:00","55.000","60.000","55.000","60.000","1.30","2026-09-01 00:59:59","2026-09-01 08:59:59","73.00000","3","1.30","73.00000"
"all-available","Asia/Taipei","BTCUSDT","BTC-260901-79500-C","2026-09-01","79500","CALL","1h","2026-09-01 01:00:00","2026-09-01 09:00:00","35.000","35.000","20.000","20.000","1.21","2026-09-01 01:59:59","2026-09-01 09:59:59","31.20000","4","1.20","31.00000"
"all-available","Asia/Taipei","BTCUSDT","BTC-260901-79500-C","2026-09-01","79500","CALL","1h","2026-09-01 02:00:00","2026-09-01 10:00:00","15.000","15.000","10.000","15.000","2.31","2026-09-01 02:59:59","2026-09-01 10:59:59","29.65000","7","1.31","19.65000"
"all-available","Asia/Taipei","BTCUSDT","BTC-260901-79500-C","2026-09-01","79500","CALL","1h","2026-09-01 03:00:00","2026-09-01 11:00:00","10.000","30.000","5.000","15.000","3.48","2026-09-01 03:59:59","2026-09-01 11:59:59","73.65000","11","1.59","44.70000"
"all-available","Asia/Taipei","BTCUSDT","BTC-260901-79500-C","2026-09-01","79500","CALL","1h","2026-09-01 04:00:00","2026-09-01 12:00:00","15.000","15.000","5.000","5.000","49.15","2026-09-01 04:59:59","2026-09-01 12:59:59","345.55000","21","2.86","30.90000"
"all-available","Asia/Taipei","BTCUSDT","BTC-260901-79500-C","2026-09-01","79500","CALL","1h","2026-09-01 05:00:00","2026-09-01 13:00:00","5.000","30.000","5.000","20.000","40.22","2026-09-01 05:59:59","2026-09-01 13:59:59","474.35000","72","16.21","128.05000"
"all-available","Asia/Taipei","BTCUSDT","BTC-260901-79500-C","2026-09-01","79500","CALL","1h","2026-09-01 06:00:00","2026-09-01 14:00:00","10.000","15.000","5.000","5.000","3.05","2026-09-01 06:59:59","2026-09-01 14:59:59","29.85000","21","2.77","27.05000"
"all-available","Asia/Taipei","BTCUSDT","BTC-260901-79500-C","2026-09-01","79500","CALL","1h","2026-09-01 07:00:00","2026-09-01 15:00:00","5.000","5.000","5.000","5.000","0.00","2026-09-01 07:59:59","2026-09-01 15:59:59","0.00000","0","0.00","0.00000"
"all-available","Asia/Taipei","BTCUSDT","BTC-260901-79500-P","2026-09-01","79500","PUT","1h","2026-08-31 19:00:00","2026-09-01 03:00:00","590.000","745.000","590.000","745.000","0.02","2026-08-31 19:59:59","2026-09-01 03:59:59","13.35000","2","0.01","7.45000"
"all-available","Asia/Taipei","BTCUSDT","BTC-260901-79500-P","2026-09-01","79500","PUT","1h","2026-08-31 20:00:00","2026-09-01 04:00:00","745.000","745.000","745.000","745.000","0.00","2026-08-31 20:59:59","2026-09-01 04:59:59","0.00000","0","0.00","0.00000"
"all-available","Asia/Taipei","BTCUSDT","BTC-260901-79500-P","2026-09-01","79500","PUT","1h","2026-08-31 21:00:00","2026-09-01 05:00:00","745.000","745.000","745.000","745.000","0.00","2026-08-31 21:59:59","2026-09-01 05:59:59","0.00000","0","0.00","0.00000"
"all-available","Asia/Taipei","BTCUSDT","BTC-260901-79500-P","2026-09-01","79500","PUT","1h","2026-08-31 22:00:00","2026-09-01 06:00:00","745.000","745.000","745.000","745.000","0.00","2026-08-31 22:59:59","2026-09-01 06:59:59","0.00000","0","0.00","0.00000"
"all-available","Asia/Taipei","BTCUSDT","BTC-260901-79500-P","2026-09-01","79500","PUT","1h","2026-08-31 23:00:00","2026-09-01 07:00:00","745.000","745.000","745.000","745.000","0.00","2026-08-31 23:59:59","2026-09-01 07:59:59","0.00000","0","0.00","0.00000"
"all-available","Asia/Taipei","BTCUSDT","BTC-260901-79500-P","2026-09-01","79500","PUT","1h","2026-09-01 00:00:00","2026-09-01 08:00:00","745.000","745.000","745.000","745.000","0.00","2026-09-01 00:59:59","2026-09-01 08:59:59","0.00000","0","0.00","0.00000"
"all-available","Asia/Taipei","BTCUSDT","BTC-260901-79500-P","2026-09-01","79500","PUT","1h","2026-09-01 01:00:00","2026-09-01 09:00:00","745.000","745.000","745.000","745.000","0.00","2026-09-01 01:59:59","2026-09-01 09:59:59","0.00000","0","0.00","0.00000"
"all-available","Asia/Taipei","BTCUSDT","BTC-260901-79500-P","2026-09-01","79500","PUT","1h","2026-09-01 02:00:00","2026-09-01 10:00:00","745.000","745.000","745.000","745.000","0.00","2026-09-01 02:59:59","2026-09-01 10:59:59","0.00000","0","0.00","0.00000"
"all-available","Asia/Taipei","BTCUSDT","BTC-260901-79500-P","2026-09-01","79500","PUT","1h","2026-09-01 03:00:00","2026-09-01 11:00:00","745.000","745.000","745.000","745.000","0.00","2026-09-01 03:59:59","2026-09-01 11:59:59","0.00000","0","0.00","0.00000"
"all-available","Asia/Taipei","BTCUSDT","BTC-260901-79500-P","2026-09-01","79500","PUT","1h","2026-09-01 04:00:00","2026-09-01 12:00:00","745.000","745.000","745.000","745.000","0.00","2026-09-01 04:59:59","2026-09-01 12:59:59","0.00000","0","0.00","0.00000"
"all-available","Asia/Taipei","BTCUSDT","BTC-260901-79500-P","2026-09-01","79500","PUT","1h","2026-09-01 05:00:00","2026-09-01 13:00:00","745.000","745.000","745.000","745.000","0.00","2026-09-01 05:59:59","2026-09-01 13:59:59","0.00000","0","0.00","0.00000"
"all-available","Asia/Taipei","BTCUSDT","BTC-260901-79500-P","2026-09-01","79500","PUT","1h","2026-09-01 06:00:00","2026-09-01 14:00:00","745.000","745.000","745.000","745.000","0.00","2026-09-01 06:59:59","2026-09-01 14:59:59","0.00000","0","0.00","0.00000"
"all-available","Asia/Taipei","BTCUSDT","BTC-260901-79500-P","2026-09-01","79500","PUT","1h","2026-09-01 07:00:00","2026-09-01 15:00:00","745.000","745.000","745.000","745.000","0.00","2026-09-01 07:59:59","2026-09-01 15:59:59","0.00000","0","0.00","0.00000"
"all-available","Asia/Taipei","BTCUSDT","BTC-260901-80000-C","2026-09-01","80000","CALL","1h","2026-08-31 08:00:00","2026-08-31 16:00:00","60.000","95.000","60.000","95.000","16.87","2026-08-31 08:59:59","2026-08-31 16:59:59","1353.70000","17","9.86","820.05000"
"all-available","Asia/Taipei","BTCUSDT","BTC-260901-80000-C","2026-09-01","80000","CALL","1h","2026-08-31 09:00:00","2026-08-31 17:00:00","90.000","155.000","85.000","120.000","16.70","2026-08-31 09:59:59","2026-08-31 17:59:59","2073.80000","24","6.03","526.95000"
"all-available","Asia/Taipei","BTCUSDT","BTC-260901-80000-C","2026-09-01","80000","CALL","1h","2026-08-31 10:00:00","2026-08-31 18:00:00","130.000","135.000","130.000","135.000","0.46","2026-08-31 10:59:59","2026-08-31 18:59:59","61.10000","2","0.46","61.10000"
"all-available","Asia/Taipei","BTCUSDT","BTC-260901-80000-C","2026-09-01","80000","CALL","1h","2026-08-31 11:00:00","2026-08-31 19:00:00","130.000","130.000","90.000","90.000","4.51","2026-08-31 11:59:59","2026-08-31 19:59:59","573.70000","4","4.25","542.50000"
"all-available","Asia/Taipei","BTCUSDT","BTC-260901-80000-C","2026-09-01","80000","CALL","1h","2026-08-31 12:00:00","2026-08-31 20:00:00","75.000","75.000","65.000","65.000","1.84","2026-08-31 12:59:59","2026-08-31 20:59:59","128.20000","9","0.82","54.30000"
"all-available","Asia/Taipei","BTCUSDT","BTC-260901-80000-C","2026-09-01","80000","CALL","1h","2026-08-31 13:00:00","2026-08-31 21:00:00","65.000","70.000","35.000","40.000","15.10","2026-08-31 13:59:59","2026-08-31 21:59:59","793.00000","31","4.58","262.20000"
"all-available","Asia/Taipei","BTCUSDT","BTC-260901-80000-C","2026-09-01","80000","CALL","1h","2026-08-31 14:00:00","2026-08-31 22:00:00","35.000","95.000","25.000","90.000","26.24","2026-08-31 14:59:59","2026-08-31 22:59:59","1723.90000","32","19.91","1325.15000"
"all-available","Asia/Taipei","BTCUSDT","BTC-260901-80000-C","2026-09-01","80000","CALL","1h","2026-08-31 15:00:00","2026-08-31 23:00:00","75.000","75.000","55.000","55.000","7.45","2026-08-31 15:59:59","2026-08-31 23:59:59","434.10000","14","1.03","66.80000"
"all-available","Asia/Taipei","BTCUSDT","BTC-260901-80000-C","2026-09-01","80000","CALL","1h","2026-08-31 16:00:00","2026-09-01 00:00:00","55.000","65.000","50.000","55.000","2.24","2026-08-31 16:59:59","2026-09-01 00:59:59","119.05000","14","1.06","58.30000"
"all-available","Asia/Taipei","BTCUSDT","BTC-260901-80000-C","2026-09-01","80000","CALL","1h","2026-08-31 17:00:00","2026-09-01 01:00:00","50.000","70.000","40.000","70.000","7.94","2026-08-31 17:59:59","2026-09-01 01:59:59","482.30000","16","4.93","322.60000"
"all-available","Asia/Taipei","BTCUSDT","BTC-260901-80000-C","2026-09-01","80000","CALL","1h","2026-08-31 18:00:00","2026-09-01 02:00:00","50.000","85.000","50.000","65.000","10.78","2026-08-31 18:59:59","2026-09-01 02:59:59","690.80000","18","1.01","80.15000"
"all-available","Asia/Taipei","BTCUSDT","BTC-260901-80000-C","2026-09-01","80000","CALL","1h","2026-08-31 19:00:00","2026-09-01 03:00:00","70.000","95.000","50.000","50.000","2.24","2026-08-31 19:59:59","2026-09-01 03:59:59","154.70000","14","1.58","113.90000"
"all-available","Asia/Taipei","BTCUSDT","BTC-260901-80000-C","2026-09-01","80000","CALL","1h","2026-08-31 20:00:00","2026-09-01 04:00:00","50.000","55.000","45.000","55.000","20.52","2026-08-31 20:59:59","2026-09-01 04:59:59","1060.45000","19","8.72","473.20000"
"all-available","Asia/Taipei","BTCUSDT","BTC-260901-80000-C","2026-09-01","80000","CALL","1h","2026-08-31 21:00:00","2026-09-01 05:00:00","45.000","65.000","45.000","65.000","2.72","2026-08-31 21:59:59","2026-09-01 05:59:59","137.50000","8","2.62","133.00000"
"all-available","Asia/Taipei","BTCUSDT","BTC-260901-80000-C","2026-09-01","80000","CALL","1h","2026-08-31 22:00:00","2026-09-01 06:00:00","60.000","60.000","30.000","30.000","4.01","2026-08-31 22:59:59","2026-09-01 06:59:59","132.20000","17","1.00","35.00000"
"all-available","Asia/Taipei","BTCUSDT","BTC-260901-80000-C","2026-09-01","80000","CALL","1h","2026-08-31 23:00:00","2026-09-01 07:00:00","25.000","25.000","20.000","20.000","12.30","2026-08-31 23:59:59","2026-09-01 07:59:59","296.35000","20","10.00","250.00000"
"all-available","Asia/Taipei","BTCUSDT","BTC-260901-80000-C","2026-09-01","80000","CALL","1h","2026-09-01 00:00:00","2026-09-01 08:00:00","30.000","30.000","15.000","15.000","3.30","2026-09-01 00:59:59","2026-09-01 08:59:59","83.00000","16","2.30","67.50000"
"all-available","Asia/Taipei","BTCUSDT","BTC-260901-80000-C","2026-09-01","80000","CALL","1h","2026-09-01 01:00:00","2026-09-01 09:00:00","15.000","15.000","5.000","10.000","2.25","2026-09-01 01:59:59","2026-09-01 09:59:59","13.00000","14","0.25","3.00000"
"all-available","Asia/Taipei","BTCUSDT","BTC-260901-80000-C","2026-09-01","80000","CALL","1h","2026-09-01 02:00:00","2026-09-01 10:00:00","5.000","5.000","5.000","5.000","21.39","2026-09-01 02:59:59","2026-09-01 10:59:59","106.95000","10","0.03","0.15000"
"all-available","Asia/Taipei","BTCUSDT","BTC-260901-80000-C","2026-09-01","80000","CALL","1h","2026-09-01 03:00:00","2026-09-01 11:00:00","5.000","10.000","5.000","5.000","22.05","2026-09-01 03:59:59","2026-09-01 11:59:59","116.25000","15","21.08","111.40000"
"all-available","Asia/Taipei","BTCUSDT","BTC-260901-80000-C","2026-09-01","80000","CALL","1h","2026-09-01 04:00:00","2026-09-01 12:00:00","5.000","5.000","5.000","5.000","0.98","2026-09-01 04:59:59","2026-09-01 12:59:59","4.90000","1","0.98","4.90000"
"all-available","Asia/Taipei","BTCUSDT","BTC-260901-80000-C","2026-09-01","80000","CALL","1h","2026-09-01 05:00:00","2026-09-01 13:00:00","5.000","5.000","5.000","5.000","24.20","2026-09-01 05:59:59","2026-09-01 13:59:59","121.00000","5","24.20","121.00000"
"all-available","Asia/Taipei","BTCUSDT","BTC-260901-80000-C","2026-09-01","80000","CALL","1h","2026-09-01 06:00:00","2026-09-01 14:00:00","5.000","5.000","5.000","5.000","0.00","2026-09-01 06:59:59","2026-09-01 14:59:59","0.00000","0","0.00","0.00000"
"all-available","Asia/Taipei","BTCUSDT","BTC-260901-80000-C","2026-09-01","80000","CALL","1h","2026-09-01 07:00:00","2026-09-01 15:00:00","5.000","5.000","5.000","5.000","0.00","2026-09-01 07:59:59","2026-09-01 15:59:59","0.00000","0","0.00","0.00000"
"all-available","Asia/Taipei","BTCUSDT","BTC-260901-81000-C","2026-09-01","81000","CALL","1h","2026-08-29 08:00:00","2026-08-29 16:00:00","75.000","75.000","75.000","75.000","0.64","2026-08-29 08:59:59","2026-08-29 16:59:59","48.00000","2","0.64","48.00000"
"all-available","Asia/Taipei","BTCUSDT","BTC-260901-81000-C","2026-09-01","81000","CALL","1h","2026-08-29 09:00:00","2026-08-29 17:00:00","75.000","75.000","75.000","75.000","0.00","2026-08-29 09:59:59","2026-08-29 17:59:59","0.00000","0","0.00","0.00000"
"all-available","Asia/Taipei","BTCUSDT","BTC-260901-81000-C","2026-09-01","81000","CALL","1h","2026-08-29 10:00:00","2026-08-29 18:00:00","65.000","65.000","65.000","65.000","0.65","2026-08-29 10:59:59","2026-08-29 18:59:59","42.25000","2","0.00","0.00000"
"all-available","Asia/Taipei","BTCUSDT","BTC-260901-81000-C","2026-09-01","81000","CALL","1h","2026-08-29 11:00:00","2026-08-29 19:00:00","70.000","70.000","70.000","70.000","0.44","2026-08-29 11:59:59","2026-08-29 19:59:59","30.80000","1","0.44","30.80000"
"all-available","Asia/Taipei","BTCUSDT","BTC-260901-81000-C","2026-09-01","81000","CALL","1h","2026-08-29 12:00:00","2026-08-29 20:00:00","70.000","70.000","70.000","70.000","0.00","2026-08-29 12:59:59","2026-08-29 20:59:59","0.00000","0","0.00","0.00000"
"all-available","Asia/Taipei","BTCUSDT","BTC-260901-81000-C","2026-09-01","81000","CALL","1h","2026-08-29 13:00:00","2026-08-29 21:00:00","75.000","75.000","75.000","75.000","1.31","2026-08-29 13:59:59","2026-08-29 21:59:59","98.25000","1","0.00","0.00000"
"all-available","Asia/Taipei","BTCUSDT","BTC-260901-81000-C","2026-09-01","81000","CALL","1h","2026-08-29 14:00:00","2026-08-29 22:00:00","80.000","80.000","75.000","80.000","0.70","2026-08-29 14:59:59","2026-08-29 22:59:59","54.50000","4","0.13","10.40000"
"all-available","Asia/Taipei","BTCUSDT","BTC-260901-81000-C","2026-09-01","81000","CALL","1h","2026-08-29 15:00:00","2026-08-29 23:00:00","100.000","100.000","90.000","90.000","0.03","2026-08-29 15:59:59","2026-08-29 23:59:59","2.80000","2","0.03","2.80000"
"all-available","Asia/Taipei","BTCUSDT","BTC-260901-81000-C","2026-09-01","81000","CALL","1h","2026-08-29 16:00:00","2026-08-30 00:00:00","85.000","90.000","85.000","90.000","7.51","2026-08-29 16:59:59","2026-08-30 00:59:59","644.70000","2","7.51","644.70000"
"all-available","Asia/Taipei","BTCUSDT","BTC-260901-81000-C","2026-09-01","81000","CALL","1h","2026-08-29 17:00:00","2026-08-30 01:00:00","80.000","80.000","80.000","80.000","0.95","2026-08-29 17:59:59","2026-08-30 01:59:59","76.00000","1","0.95","76.00000"
"all-available","Asia/Taipei","BTCUSDT","BTC-260901-81000-C","2026-09-01","81000","CALL","1h","2026-08-29 18:00:00","2026-08-30 02:00:00","80.000","90.000","80.000","90.000","0.17","2026-08-29 18:59:59","2026-08-30 02:59:59","14.00000","2","0.04","3.60000"
"all-available","Asia/Taipei","BTCUSDT","BTC-260901-81000-C","2026-09-01","81000","CALL","1h","2026-08-29 19:00:00","2026-08-30 03:00:00","95.000","95.000","95.000","95.000","0.80","2026-08-29 19:59:59","2026-08-30 03:59:59","76.00000","1","0.80","76.00000"
"all-available","Asia/Taipei","BTCUSDT","BTC-260901-81000-C","2026-09-01","81000","CALL","1h","2026-08-29 20:00:00","2026-08-30 04:00:00","90.000","90.000","90.000","90.000","8.46","2026-08-29 20:59:59","2026-08-30 04:59:59","761.40000","2","0.00","0.00000"
"all-available","Asia/Taipei","BTCUSDT","BTC-260901-81000-C","2026-09-01","81000","CALL","1h","2026-08-29 21:00:00","2026-08-30 05:00:00","90.000","90.000","90.000","90.000","0.00","2026-08-29 21:59:59","2026-08-30 05:59:59","0.00000","0","0.00","0.00000"
"all-available","Asia/Taipei","BTCUSDT","BTC-260901-81000-C","2026-09-01","81000","CALL","1h","2026-08-29 22:00:00","2026-08-30 06:00:00","90.000","90.000","90.000","90.000","0.00","2026-08-29 22:59:59","2026-08-30 06:59:59","0.00000","0","0.00","0.00000"
"all-available","Asia/Taipei","BTCUSDT","BTC-260901-81000-C","2026-09-01","81000","CALL","1h","2026-08-29 23:00:00","2026-08-30 07:00:00","85.000","85.000","85.000","85.000","1.00","2026-08-29 23:59:59","2026-08-30 07:59:59","85.00000","1","1.00","85.00000"
"all-available","Asia/Taipei","BTCUSDT","BTC-260901-81000-C","2026-09-01","81000","CALL","1h","2026-08-30 00:00:00","2026-08-30 08:00:00","85.000","85.000","85.000","85.000","0.26","2026-08-30 00:59:59","2026-08-30 08:59:59","22.10000","2","0.26","22.10000"
"all-available","Asia/Taipei","BTCUSDT","BTC-260901-81000-C","2026-09-01","81000","CALL","1h","2026-08-30 01:00:00","2026-08-30 09:00:00","75.000","75.000","70.000","70.000","1.26","2026-08-30 01:59:59","2026-08-30 09:59:59","93.40000","4","1.00","75.00000"
"all-available","Asia/Taipei","BTCUSDT","BTC-260901-81000-C","2026-09-01","81000","CALL","1h","2026-08-30 02:00:00","2026-08-30 10:00:00","75.000","75.000","75.000","75.000","0.60","2026-08-30 02:59:59","2026-08-30 10:59:59","45.00000","2","0.60","45.00000"
"all-available","Asia/Taipei","BTCUSDT","BTC-260901-81000-C","2026-09-01","81000","CALL","1h","2026-08-30 03:00:00","2026-08-30 11:00:00","75.000","75.000","75.000","75.000","7.67","2026-08-30 03:59:59","2026-08-30 11:59:59","575.25000","2","7.67","575.25000"
"all-available","Asia/Taipei","BTCUSDT","BTC-260901-81000-C","2026-09-01","81000","CALL","1h","2026-08-30 04:00:00","2026-08-30 12:00:00","75.000","75.000","75.000","75.000","0.00","2026-08-30 04:59:59","2026-08-30 12:59:59","0.00000","0","0.00","0.00000"
"all-available","Asia/Taipei","BTCUSDT","BTC-260901-81000-C","2026-09-01","81000","CALL","1h","2026-08-30 05:00:00","2026-08-30 13:00:00","75.000","75.000","75.000","75.000","0.00","2026-08-30 05:59:59","2026-08-30 13:59:59","0.00000","0","0.00","0.00000"
"all-available","Asia/Taipei","BTCUSDT","BTC-260901-81000-C","2026-09-01","81000","CALL","1h","2026-08-30 06:00:00","2026-08-30 14:00:00","75.000","85.000","75.000","85.000","2.11","2026-08-30 06:59:59","2026-08-30 14:59:59","172.75000","4","2.11","172.75000"
"all-available","Asia/Taipei","BTCUSDT","BTC-260901-81000-C","2026-09-01","81000","CALL","1h","2026-08-30 07:00:00","2026-08-30 15:00:00","85.000","85.000","85.000","85.000","1.34","2026-08-30 07:59:59","2026-08-30 15:59:59","113.90000","1","1.34","113.90000"
"all-available","Asia/Taipei","BTCUSDT","BTC-260901-81000-C","2026-09-01","81000","CALL","1h","2026-08-30 08:00:00","2026-08-30 16:00:00","85.000","85.000","65.000","70.000","1.09","2026-08-30 08:59:59","2026-08-30 16:59:59","81.75000","7","0.76","60.10000"
"all-available","Asia/Taipei","BTCUSDT","BTC-260901-81000-C","2026-09-01","81000","CALL","1h","2026-08-30 09:00:00","2026-08-30 17:00:00","65.000","65.000","55.000","55.000","0.80","2026-08-30 09:59:59","2026-08-30 17:59:59","45.00000","7","0.10","6.50000"
"all-available","Asia/Taipei","BTCUSDT","BTC-260901-81000-C","2026-09-01","81000","CALL","1h","2026-08-30 10:00:00","2026-08-30 18:00:00","55.000","55.000","55.000","55.000","3.02","2026-08-30 10:59:59","2026-08-30 18:59:59","166.10000","9","0.30","16.50000"
"all-available","Asia/Taipei","BTCUSDT","BTC-260901-81000-C","2026-09-01","81000","CALL","1h","2026-08-30 11:00:00","2026-08-30 19:00:00","55.000","55.000","55.000","55.000","1.28","2026-08-30 11:59:59","2026-08-30 19:59:59","70.40000","4","1.28","70.40000"
"all-available","Asia/Taipei","BTCUSDT","BTC-260901-81000-C","2026-09-01","81000","CALL","1h","2026-08-30 12:00:00","2026-08-30 20:00:00","80.000","80.000","80.000","80.000","0.63","2026-08-30 12:59:59","2026-08-30 20:59:59","50.40000","6","0.63","50.40000"
"all-available","Asia/Taipei","BTCUSDT","BTC-260901-81000-C","2026-09-01","81000","CALL","1h","2026-08-30 13:00:00","2026-08-30 21:00:00","90.000","90.000","90.000","90.000","0.15","2026-08-30 13:59:59","2026-08-30 21:59:59","13.50000","1","0.00","0.00000"
"all-available","Asia/Taipei","BTCUSDT","BTC-260901-81000-C","2026-09-01","81000","CALL","1h","2026-08-30 14:00:00","2026-08-30 22:00:00","120.000","120.000","110.000","110.000","6.04","2026-08-30 14:59:59","2026-08-30 22:59:59","670.65000","3","5.79","641.90000"
"all-available","Asia/Taipei","BTCUSDT","BTC-260901-81000-C","2026-09-01","81000","CALL","1h","2026-08-30 15:00:00","2026-08-30 23:00:00","100.000","105.000","100.000","105.000","0.18","2026-08-30 15:59:59","2026-08-30 23:59:59","18.40000","2","0.18","18.40000"
"all-available","Asia/Taipei","BTCUSDT","BTC-260901-81000-C","2026-09-01","81000","CALL","1h","2026-08-30 16:00:00","2026-08-31 00:00:00","110.000","195.000","100.000","195.000","6.03","2026-08-30 16:59:59","2026-08-31 00:59:59","773.20000","16","5.39","681.15000"
"all-available","Asia/Taipei","BTCUSDT","BTC-260901-81000-C","2026-09-01","81000","CALL","1h","2026-08-30 17:00:00","2026-08-31 01:00:00","200.000","200.000","165.000","165.000","2.95","2026-08-30 17:59:59","2026-08-31 01:59:59","567.65000","8","0.29","52.65000"
"all-available","Asia/Taipei","BTCUSDT","BTC-260901-81000-C","2026-09-01","81000","CALL","1h","2026-08-30 18:00:00","2026-08-31 02:00:00","140.000","140.000","135.000","135.000","2.12","2026-08-30 18:59:59","2026-08-31 02:59:59","286.70000","3","0.10","14.00000"
"all-available","Asia/Taipei","BTCUSDT","BTC-260901-81000-C","2026-09-01","81000","CALL","1h","2026-08-30 19:00:00","2026-08-31 03:00:00","135.000","140.000","130.000","130.000","0.78","2026-08-30 19:59:59","2026-08-31 03:59:59","107.40000","4","0.61","84.70000"
"all-available","Asia/Taipei","BTCUSDT","BTC-260901-81000-C","2026-09-01","81000","CALL","1h","2026-08-30 20:00:00","2026-08-31 04:00:00","140.000","140.000","100.000","105.000","8.61","2026-08-30 20:59:59","2026-08-31 04:59:59","1058.60000","9","0.89","92.85000"
"all-available","Asia/Taipei","BTCUSDT","BTC-260901-81000-C","2026-09-01","81000","CALL","1h","2026-08-30 21:00:00","2026-08-31 05:00:00","90.000","105.000","80.000","105.000","6.10","2026-08-30 21:59:59","2026-08-31 05:59:59","619.15000","9","6.00","610.15000"
"all-available","Asia/Taipei","BTCUSDT","BTC-260901-81000-C","2026-09-01","81000","CALL","1h","2026-08-30 22:00:00","2026-08-31 06:00:00","120.000","120.000","85.000","85.000","2.12","2026-08-30 22:59:59","2026-08-31 06:59:59","250.20000","3","2.00","240.00000"
"all-available","Asia/Taipei","BTCUSDT","BTC-260901-81000-C","2026-09-01","81000","CALL","1h","2026-08-30 23:00:00","2026-08-31 07:00:00","50.000","50.000","35.000","45.000","5.88","2026-08-30 23:59:59","2026-08-31 07:59:59","281.25000","13","4.88","236.25000"
"all-available","Asia/Taipei","BTCUSDT","BTC-260901-81000-C","2026-09-01","81000","CALL","1h","2026-08-31 00:00:00","2026-08-31 08:00:00","50.000","50.000","40.000","45.000","2.32","2026-08-31 00:59:59","2026-08-31 08:59:59","106.70000","11","1.41","70.20000"
"all-available","Asia/Taipei","BTCUSDT","BTC-260901-81000-C","2026-09-01","81000","CALL","1h","2026-08-31 01:00:00","2026-08-31 09:00:00","40.000","40.000","30.000","30.000","31.36","2026-08-31 01:59:59","2026-08-31 09:59:59","956.55000","19","25.67","773.35000"
"all-available","Asia/Taipei","BTCUSDT","BTC-260901-81000-C","2026-09-01","81000","CALL","1h","2026-08-31 02:00:00","2026-08-31 10:00:00","25.000","35.000","25.000","30.000","4.20","2026-08-31 02:59:59","2026-08-31 10:59:59","125.40000","12","4.04","121.35000"
"all-available","Asia/Taipei","BTCUSDT","BTC-260901-81000-C","2026-09-01","81000","CALL","1h","2026-08-31 03:00:00","2026-08-31 11:00:00","25.000","35.000","25.000","35.000","7.06","2026-08-31 03:59:59","2026-08-31 11:59:59","211.90000","15","7.06","211.90000"
"all-available","Asia/Taipei","BTCUSDT","BTC-260901-81000-C","2026-09-01","81000","CALL","1h","2026-08-31 04:00:00","2026-08-31 12:00:00","25.000","25.000","25.000","25.000","2.42","2026-08-31 04:59:59","2026-08-31 12:59:59","60.50000","6","2.26","56.50000"
"all-available","Asia/Taipei","BTCUSDT","BTC-260901-81000-C","2026-09-01","81000","CALL","1h","2026-08-31 05:00:00","2026-08-31 13:00:00","25.000","50.000","25.000","40.000","14.45","2026-08-31 05:59:59","2026-08-31 13:59:59","614.85000","44","13.67","585.90000"
"all-available","Asia/Taipei","BTCUSDT","BTC-260901-81000-C","2026-09-01","81000","CALL","1h","2026-08-31 06:00:00","2026-08-31 14:00:00","40.000","40.000","40.000","40.000","0.55","2026-08-31 06:59:59","2026-08-31 14:59:59","22.00000","6","0.01","0.40000"
"all-available","Asia/Taipei","BTCUSDT","BTC-260901-81000-C","2026-09-01","81000","CALL","1h","2026-08-31 07:00:00","2026-08-31 15:00:00","40.000","45.000","35.000","40.000","64.95","2026-08-31 07:59:59","2026-08-31 15:59:59","2828.40000","28","64.86","2825.05000"
"all-available","Asia/Taipei","BTCUSDT","BTC-260901-81000-C","2026-09-01","81000","CALL","1h","2026-08-31 08:00:00","2026-08-31 16:00:00","35.000","40.000","20.000","30.000","58.61","2026-08-31 08:59:59","2026-08-31 16:59:59","1367.05000","54","6.52","214.10000"
"all-available","Asia/Taipei","BTCUSDT","BTC-260901-81000-C","2026-09-01","81000","CALL","1h","2026-08-31 09:00:00","2026-08-31 17:00:00","30.000","60.000","30.000","45.000","24.21","2026-08-31 09:59:59","2026-08-31 17:59:59","1078.50000","36","11.58","464.55000"
"all-available","Asia/Taipei","BTCUSDT","BTC-260901-81000-C","2026-09-01","81000","CALL","1h","2026-08-31 10:00:00","2026-08-31 18:00:00","40.000","45.000","35.000","45.000","10.87","2026-08-31 10:59:59","2026-08-31 18:59:59","460.50000","22","9.86","419.45000"
"all-available","Asia/Taipei","BTCUSDT","BTC-260901-81000-C","2026-09-01","81000","CALL","1h","2026-08-31 11:00:00","2026-08-31 19:00:00","50.000","55.000","35.000","35.000","4.80","2026-08-31 11:59:59","2026-08-31 19:59:59","231.00000","21","3.05","152.00000"
"all-available","Asia/Taipei","BTCUSDT","BTC-260901-81000-C","2026-09-01","81000","CALL","1h","2026-08-31 12:00:00","2026-08-31 20:00:00","35.000","35.000","30.000","30.000","2.28","2026-08-31 12:59:59","2026-08-31 20:59:59","69.40000","15","0.17","5.10000"
"all-available","Asia/Taipei","BTCUSDT","BTC-260901-81000-C","2026-09-01","81000","CALL","1h","2026-08-31 13:00:00","2026-08-31 21:00:00","25.000","25.000","15.000","15.000","5.20","2026-08-31 13:59:59","2026-08-31 21:59:59","83.10000","16","1.27","19.05000"
"all-available","Asia/Taipei","BTCUSDT","BTC-260901-81000-C","2026-09-01","81000","CALL","1h","2026-08-31 14:00:00","2026-08-31 22:00:00","15.000","30.000","5.000","25.000","19.08","2026-08-31 14:59:59","2026-08-31 22:59:59","268.40000","42","6.89","121.35000"
"all-available","Asia/Taipei","BTCUSDT","BTC-260901-81000-C","2026-09-01","81000","CALL","1h","2026-08-31 15:00:00","2026-08-31 23:00:00","20.000","20.000","15.000","15.000","9.23","2026-08-31 15:59:59","2026-08-31 23:59:59","167.60000","18","0.85","12.75000"
"all-available","Asia/Taipei","BTCUSDT","BTC-260901-81000-C","2026-09-01","81000","CALL","1h","2026-08-31 16:00:00","2026-09-01 00:00:00","15.000","15.000","10.000","10.000","1.07","2026-08-31 16:59:59","2026-09-01 00:59:59","11.05000","4","0.07","1.05000"
"all-available","Asia/Taipei","BTCUSDT","BTC-260901-81000-C","2026-09-01","81000","CALL","1h","2026-08-31 17:00:00","2026-09-01 01:00:00","10.000","15.000","10.000","15.000","12.68","2026-08-31 17:59:59","2026-09-01 01:59:59","132.50000","9","0.12","1.20000"
"all-available","Asia/Taipei","BTCUSDT","BTC-260901-81000-C","2026-09-01","81000","CALL","1h","2026-08-31 18:00:00","2026-09-01 02:00:00","15.000","20.000","10.000","20.000","68.25","2026-08-31 18:59:59","2026-09-01 02:59:59","1320.80000","29","60.58","1202.50000"
"all-available","Asia/Taipei","BTCUSDT","BTC-260901-81000-C","2026-09-01","81000","CALL","1h","2026-08-31 19:00:00","2026-09-01 03:00:00","20.000","25.000","15.000","15.000","14.45","2026-08-31 19:59:59","2026-09-01 03:59:59","338.35000","15","13.15","318.85000"
"all-available","Asia/Taipei","BTCUSDT","BTC-260901-81000-C","2026-09-01","81000","CALL","1h","2026-08-31 20:00:00","2026-09-01 04:00:00","10.000","20.000","10.000","15.000","9.68","2026-08-31 20:59:59","2026-09-01 04:59:59","145.50000","14","1.21","18.60000"
"all-available","Asia/Taipei","BTCUSDT","BTC-260901-81000-C","2026-09-01","81000","CALL","1h","2026-08-31 21:00:00","2026-09-01 05:00:00","10.000","15.000","10.000","15.000","6.94","2026-08-31 21:59:59","2026-09-01 05:59:59","71.90000","16","1.32","13.20000"
"all-available","Asia/Taipei","BTCUSDT","BTC-260901-81000-C","2026-09-01","81000","CALL","1h","2026-08-31 22:00:00","2026-09-01 06:00:00","15.000","15.000","10.000","10.000","0.98","2026-08-31 22:59:59","2026-09-01 06:59:59","11.80000","5","0.58","5.80000"
"all-available","Asia/Taipei","BTCUSDT","BTC-260901-81000-C","2026-09-01","81000","CALL","1h","2026-08-31 23:00:00","2026-09-01 07:00:00","5.000","5.000","5.000","5.000","5.43","2026-08-31 23:59:59","2026-09-01 07:59:59","27.15000","16","0.00","0.00000"
"all-available","Asia/Taipei","BTCUSDT","BTC-260901-81000-C","2026-09-01","81000","CALL","1h","2026-09-01 00:00:00","2026-09-01 08:00:00","5.000","5.000","5.000","5.000","0.00","2026-09-01 00:59:59","2026-09-01 08:59:59","0.00000","0","0.00","0.00000"
"all-available","Asia/Taipei","BTCUSDT","BTC-260901-81000-C","2026-09-01","81000","CALL","1h","2026-09-01 01:00:00","2026-09-01 09:00:00","5.000","5.000","5.000","5.000","1.00","2026-09-01 01:59:59","2026-09-01 09:59:59","5.00000","1","0.00","0.00000"
"all-available","Asia/Taipei","BTCUSDT","BTC-260901-81000-C","2026-09-01","81000","CALL","1h","2026-09-01 02:00:00","2026-09-01 10:00:00","5.000","5.000","5.000","5.000","0.00","2026-09-01 02:59:59","2026-09-01 10:59:59","0.00000","0","0.00","0.00000"
"all-available","Asia/Taipei","BTCUSDT","BTC-260901-81000-C","2026-09-01","81000","CALL","1h","2026-09-01 03:00:00","2026-09-01 11:00:00","5.000","5.000","5.000","5.000","0.52","2026-09-01 03:59:59","2026-09-01 11:59:59","2.60000","2","0.52","2.60000"
"all-available","Asia/Taipei","BTCUSDT","BTC-260901-81000-C","2026-09-01","81000","CALL","1h","2026-09-01 04:00:00","2026-09-01 12:00:00","5.000","5.000","5.000","5.000","0.00","2026-09-01 04:59:59","2026-09-01 12:59:59","0.00000","0","0.00","0.00000"
"all-available","Asia/Taipei","BTCUSDT","BTC-260901-81000-C","2026-09-01","81000","CALL","1h","2026-09-01 05:00:00","2026-09-01 13:00:00","5.000","5.000","5.000","5.000","0.01","2026-09-01 05:59:59","2026-09-01 13:59:59","0.05000","1","0.01","0.05000"
"all-available","Asia/Taipei","BTCUSDT","BTC-260901-81000-C","2026-09-01","81000","CALL","1h","2026-09-01 06:00:00","2026-09-01 14:00:00","5.000","5.000","5.000","5.000","0.00","2026-09-01 06:59:59","2026-09-01 14:59:59","0.00000","0","0.00","0.00000"
"all-available","Asia/Taipei","BTCUSDT","BTC-260901-81000-C","2026-09-01","81000","CALL","1h","2026-09-01 07:00:00","2026-09-01 15:00:00","5.000","5.000","5.000","5.000","0.00","2026-09-01 07:59:59","2026-09-01 15:59:59","0.00000","0","0.00","0.00000"
"all-available","Asia/Taipei","BTCUSDT","BTC-260901-81500-C","2026-09-01","81500","CALL","1h","2026-08-30 14:00:00","2026-08-30 22:00:00","75.000","75.000","75.000","75.000","7.77","2026-08-30 14:59:59","2026-08-30 22:59:59","582.75000","1","7.77","582.75000"
"all-available","Asia/Taipei","BTCUSDT","BTC-260901-81500-C","2026-09-01","81500","CALL","1h","2026-08-30 15:00:00","2026-08-30 23:00:00","60.000","60.000","60.000","60.000","1.00","2026-08-30 15:59:59","2026-08-30 23:59:59","60.00000","2","0.00","0.00000"
"all-available","Asia/Taipei","BTCUSDT","BTC-260901-81500-C","2026-09-01","81500","CALL","1h","2026-08-30 16:00:00","2026-08-31 00:00:00","90.000","100.000","90.000","95.000","6.55","2026-08-30 16:59:59","2026-08-31 00:59:59","619.25000","4","6.55","619.25000"
"all-available","Asia/Taipei","BTCUSDT","BTC-260901-81500-C","2026-09-01","81500","CALL","1h","2026-08-30 17:00:00","2026-08-31 01:00:00","95.000","95.000","95.000","95.000","0.00","2026-08-30 17:59:59","2026-08-31 01:59:59","0.00000","0","0.00","0.00000"
"all-available","Asia/Taipei","BTCUSDT","BTC-260901-81500-C","2026-09-01","81500","CALL","1h","2026-08-30 18:00:00","2026-08-31 02:00:00","95.000","95.000","95.000","95.000","0.00","2026-08-30 18:59:59","2026-08-31 02:59:59","0.00000","0","0.00","0.00000"
"all-available","Asia/Taipei","BTCUSDT","BTC-260901-81500-C","2026-09-01","81500","CALL","1h","2026-08-30 19:00:00","2026-08-31 03:00:00","115.000","115.000","115.000","115.000","3.17","2026-08-30 19:59:59","2026-08-31 03:59:59","364.55000","2","3.17","364.55000"
"all-available","Asia/Taipei","BTCUSDT","BTC-260901-81500-C","2026-09-01","81500","CALL","1h","2026-08-30 20:00:00","2026-08-31 04:00:00","95.000","95.000","90.000","90.000","0.02","2026-08-30 20:59:59","2026-08-31 04:59:59","1.85000","2","0.00","0.00000"
"all-available","Asia/Taipei","BTCUSDT","BTC-260901-81500-C","2026-09-01","81500","CALL","1h","2026-08-30 21:00:00","2026-08-31 05:00:00","75.000","75.000","75.000","75.000","0.01","2026-08-30 21:59:59","2026-08-31 05:59:59","0.75000","1","0.01","0.75000"
"all-available","Asia/Taipei","BTCUSDT","BTC-260901-81500-C","2026-09-01","81500","CALL","1h","2026-08-30 22:00:00","2026-08-31 06:00:00","60.000","60.000","55.000","55.000","1.69","2026-08-30 22:59:59","2026-08-31 06:59:59","93.55000","11","0.00","0.00000"
"all-available","Asia/Taipei","BTCUSDT","BTC-260901-81500-C","2026-09-01","81500","CALL","1h","2026-08-30 23:00:00","2026-08-31 07:00:00","55.000","55.000","30.000","30.000","13.55","2026-08-30 23:59:59","2026-08-31 07:59:59","702.00000","24","1.61","48.30000"
"all-available","Asia/Taipei","BTCUSDT","BTC-260901-81500-C","2026-09-01","81500","CALL","1h","2026-08-31 00:00:00","2026-08-31 08:00:00","30.000","30.000","30.000","30.000","0.00","2026-08-31 00:59:59","2026-08-31 08:59:59","0.00000","0","0.00","0.00000"
"all-available","Asia/Taipei","BTCUSDT","BTC-260901-81500-C","2026-09-01","81500","CALL","1h","2026-08-31 01:00:00","2026-08-31 09:00:00","25.000","25.000","20.000","20.000","8.76","2026-08-31 01:59:59","2026-08-31 09:59:59","180.05000","7","0.99","24.65000"
"all-available","Asia/Taipei","BTCUSDT","BTC-260901-81500-C","2026-09-01","81500","CALL","1h","2026-08-31 02:00:00","2026-08-31 10:00:00","20.000","20.000","20.000","20.000","0.27","2026-08-31 02:59:59","2026-08-31 10:59:59","5.40000","5","0.27","5.40000"
"all-available","Asia/Taipei","BTCUSDT","BTC-260901-81500-C","2026-09-01","81500","CALL","1h","2026-08-31 03:00:00","2026-08-31 11:00:00","20.000","20.000","15.000","20.000","7.01","2026-08-31 03:59:59","2026-08-31 11:59:59","140.15000","15","7.00","140.00000"
"all-available","Asia/Taipei","BTCUSDT","BTC-260901-81500-C","2026-09-01","81500","CALL","1h","2026-08-31 04:00:00","2026-08-31 12:00:00","20.000","20.000","20.000","20.000","0.00","2026-08-31 04:59:59","2026-08-31 12:59:59","0.00000","0","0.00","0.00000"
"all-available","Asia/Taipei","BTCUSDT","BTC-260901-81500-C","2026-09-01","81500","CALL","1h","2026-08-31 05:00:00","2026-08-31 13:00:00","20.000","35.000","20.000","25.000","0.83","2026-08-31 05:59:59","2026-08-31 13:59:59","25.55000","11","0.53","18.05000"
"all-available","Asia/Taipei","BTCUSDT","BTC-260901-81500-C","2026-09-01","81500","CALL","1h","2026-08-31 06:00:00","2026-08-31 14:00:00","25.000","25.000","25.000","25.000","0.02","2026-08-31 06:59:59","2026-08-31 14:59:59","0.50000","2","0.02","0.50000"
"all-available","Asia/Taipei","BTCUSDT","BTC-260901-81500-C","2026-09-01","81500","CALL","1h","2026-08-31 07:00:00","2026-08-31 15:00:00","30.000","30.000","25.000","25.000","2.70","2026-08-31 07:59:59","2026-08-31 15:59:59","72.50000","4","2.70","72.50000"
"all-available","Asia/Taipei","BTCUSDT","BTC-260901-81500-C","2026-09-01","81500","CALL","1h","2026-08-31 08:00:00","2026-08-31 16:00:00","25.000","25.000","20.000","20.000","0.58","2026-08-31 08:59:59","2026-08-31 16:59:59","11.65000","12","0.15","3.05000"
"all-available","Asia/Taipei","BTCUSDT","BTC-260901-81500-C","2026-09-01","81500","CALL","1h","2026-08-31 09:00:00","2026-08-31 17:00:00","30.000","35.000","30.000","35.000","2.53","2026-08-31 09:59:59","2026-08-31 17:59:59","79.00000","10","1.30","39.00000"
"all-available","Asia/Taipei","BTCUSDT","BTC-260901-81500-C","2026-09-01","81500","CALL","1h","2026-08-31 10:00:00","2026-08-31 18:00:00","35.000","35.000","35.000","35.000","0.00","2026-08-31 10:59:59","2026-08-31 18:59:59","0.00000","0","0.00","0.00000"
"all-available","Asia/Taipei","BTCUSDT","BTC-260901-81500-C","2026-09-01","81500","CALL","1h","2026-08-31 11:00:00","2026-08-31 19:00:00","30.000","30.000","25.000","25.000","1.35","2026-08-31 11:59:59","2026-08-31 19:59:59","34.05000","4","0.00","0.00000"
"all-available","Asia/Taipei","BTCUSDT","BTC-260901-81500-C","2026-09-01","81500","CALL","1h","2026-08-31 12:00:00","2026-08-31 20:00:00","25.000","25.000","15.000","20.000","2.53","2026-08-31 12:59:59","2026-08-31 20:59:59","51.70000","9","1.68","37.10000"
"all-available","Asia/Taipei","BTCUSDT","BTC-260901-81500-C","2026-09-01","81500","CALL","1h","2026-08-31 13:00:00","2026-08-31 21:00:00","20.000","20.000","10.000","15.000","3.29","2026-08-31 13:59:59","2026-08-31 21:59:59","39.50000","22","3.28","39.35000"
"all-available","Asia/Taipei","BTCUSDT","BTC-260901-81500-C","2026-09-01","81500","CALL","1h","2026-08-31 14:00:00","2026-08-31 22:00:00","10.000","20.000","10.000","10.000","2.20","2026-08-31 14:59:59","2026-08-31 22:59:59","32.00000","4","1.20","22.00000"
"all-available","Asia/Taipei","BTCUSDT","BTC-260901-81500-C","2026-09-01","81500","CALL","1h","2026-08-31 15:00:00","2026-08-31 23:00:00","15.000","15.000","10.000","10.000","10.15","2026-08-31 15:59:59","2026-08-31 23:59:59","104.40000","6","10.15","104.40000"
"all-available","Asia/Taipei","BTCUSDT","BTC-260901-81500-C","2026-09-01","81500","CALL","1h","2026-08-31 16:00:00","2026-09-01 00:00:00","5.000","5.000","5.000","5.000","31.33","2026-08-31 16:59:59","2026-09-01 00:59:59","156.65000","14","0.00","0.00000"
"all-available","Asia/Taipei","BTCUSDT","BTC-260901-81500-C","2026-09-01","81500","CALL","1h","2026-08-31 17:00:00","2026-09-01 01:00:00","5.000","5.000","5.000","5.000","0.00","2026-08-31 17:59:59","2026-09-01 01:59:59","0.00000","0","0.00","0.00000"
"all-available","Asia/Taipei","BTCUSDT","BTC-260901-81500-C","2026-09-01","81500","CALL","1h","2026-08-31 18:00:00","2026-09-01 02:00:00","10.000","10.000","10.000","10.000","1.00","2026-08-31 18:59:59","2026-09-01 02:59:59","10.00000","4","1.00","10.00000"
"all-available","Asia/Taipei","BTCUSDT","BTC-260901-81500-C","2026-09-01","81500","CALL","1h","2026-08-31 19:00:00","2026-09-01 03:00:00","15.000","15.000","15.000","15.000","3.00","2026-08-31 19:59:59","2026-09-01 03:59:59","45.00000","3","3.00","45.00000"
"all-available","Asia/Taipei","BTCUSDT","BTC-260901-81500-C","2026-09-01","81500","CALL","1h","2026-08-31 20:00:00","2026-09-01 04:00:00","15.000","15.000","15.000","15.000","0.00","2026-08-31 20:59:59","2026-09-01 04:59:59","0.00000","0","0.00","0.00000"
"all-available","Asia/Taipei","BTCUSDT","BTC-260901-81500-C","2026-09-01","81500","CALL","1h","2026-08-31 21:00:00","2026-09-01 05:00:00","5.000","5.000","5.000","5.000","8.00","2026-08-31 21:59:59","2026-09-01 05:59:59","40.00000","7","0.00","0.00000"
"all-available","Asia/Taipei","BTCUSDT","BTC-260901-81500-C","2026-09-01","81500","CALL","1h","2026-08-31 22:00:00","2026-09-01 06:00:00","10.000","10.000","10.000","10.000","0.01","2026-08-31 22:59:59","2026-09-01 06:59:59","0.10000","1","0.01","0.10000"
"all-available","Asia/Taipei","BTCUSDT","BTC-260901-81500-C","2026-09-01","81500","CALL","1h","2026-08-31 23:00:00","2026-09-01 07:00:00","5.000","5.000","5.000","5.000","6.98","2026-08-31 23:59:59","2026-09-01 07:59:59","34.90000","4","0.00","0.00000"
"all-available","Asia/Taipei","BTCUSDT","BTC-260901-81500-C","2026-09-01","81500","CALL","1h","2026-09-01 00:00:00","2026-09-01 08:00:00","5.000","5.000","5.000","5.000","1.66","2026-09-01 00:59:59","2026-09-01 08:59:59","8.30000","1","0.00","0.00000"
"all-available","Asia/Taipei","BTCUSDT","BTC-260901-81500-C","2026-09-01","81500","CALL","1h","2026-09-01 01:00:00","2026-09-01 09:00:00","5.000","5.000","5.000","5.000","0.00","2026-09-01 01:59:59","2026-09-01 09:59:59","0.00000","0","0.00","0.00000"
"all-available","Asia/Taipei","BTCUSDT","BTC-260901-81500-C","2026-09-01","81500","CALL","1h","2026-09-01 02:00:00","2026-09-01 10:00:00","5.000","5.000","5.000","5.000","0.01","2026-09-01 02:59:59","2026-09-01 10:59:59","0.05000","1","0.01","0.05000"
"all-available","Asia/Taipei","BTCUSDT","BTC-260901-81500-C","2026-09-01","81500","CALL","1h","2026-09-01 03:00:00","2026-09-01 11:00:00","5.000","5.000","5.000","5.000","0.00","2026-09-01 03:59:59","2026-09-01 11:59:59","0.00000","0","0.00","0.00000"
"all-available","Asia/Taipei","BTCUSDT","BTC-260901-81500-C","2026-09-01","81500","CALL","1h","2026-09-01 04:00:00","2026-09-01 12:00:00","5.000","5.000","5.000","5.000","0.00","2026-09-01 04:59:59","2026-09-01 12:59:59","0.00000","0","0.00","0.00000"
"all-available","Asia/Taipei","BTCUSDT","BTC-260901-81500-C","2026-09-01","81500","CALL","1h","2026-09-01 05:00:00","2026-09-01 13:00:00","5.000","5.000","5.000","5.000","0.00","2026-09-01 05:59:59","2026-09-01 13:59:59","0.00000","0","0.00","0.00000"
"all-available","Asia/Taipei","BTCUSDT","BTC-260901-81500-C","2026-09-01","81500","CALL","1h","2026-09-01 06:00:00","2026-09-01 14:00:00","5.000","5.000","5.000","5.000","0.00","2026-09-01 06:59:59","2026-09-01 14:59:59","0.00000","0","0.00","0.00000"
"all-available","Asia/Taipei","BTCUSDT","BTC-260901-81500-C","2026-09-01","81500","CALL","1h","2026-09-01 07:00:00","2026-09-01 15:00:00","5.000","5.000","5.000","5.000","0.00","2026-09-01 07:59:59","2026-09-01 15:59:59","0.00000","0","0.00","0.00000"
"all-available","Asia/Taipei","BTCUSDT","BTC-260901-82000-C","2026-09-01","82000","CALL","1h","2026-08-30 15:00:00","2026-08-30 23:00:00","50.000","50.000","40.000","40.000","1.21","2026-08-30 15:59:59","2026-08-30 23:59:59","50.45000","4","0.20","10.00000"
"all-available","Asia/Taipei","BTCUSDT","BTC-260901-82000-C","2026-09-01","82000","CALL","1h","2026-08-30 16:00:00","2026-08-31 00:00:00","50.000","80.000","50.000","80.000","0.34","2026-08-30 16:59:59","2026-08-31 00:59:59","19.70000","6","0.34","19.70000"
"all-available","Asia/Taipei","BTCUSDT","BTC-260901-82000-C","2026-09-01","82000","CALL","1h","2026-08-30 17:00:00","2026-08-31 01:00:00","80.000","80.000","80.000","80.000","0.00","2026-08-30 17:59:59","2026-08-31 01:59:59","0.00000","0","0.00","0.00000"
"all-available","Asia/Taipei","BTCUSDT","BTC-260901-82000-C","2026-09-01","82000","CALL","1h","2026-08-30 18:00:00","2026-08-31 02:00:00","80.000","80.000","80.000","80.000","0.50","2026-08-30 18:59:59","2026-08-31 02:59:59","40.00000","3","0.50","40.00000"
"all-available","Asia/Taipei","BTCUSDT","BTC-260901-82000-C","2026-09-01","82000","CALL","1h","2026-08-30 19:00:00","2026-08-31 03:00:00","80.000","80.000","80.000","80.000","0.00","2026-08-30 19:59:59","2026-08-31 03:59:59","0.00000","0","0.00","0.00000"
"all-available","Asia/Taipei","BTCUSDT","BTC-260901-82000-C","2026-09-01","82000","CALL","1h","2026-08-30 20:00:00","2026-08-31 04:00:00","80.000","80.000","80.000","80.000","0.00","2026-08-30 20:59:59","2026-08-31 04:59:59","0.00000","0","0.00","0.00000"
"all-available","Asia/Taipei","BTCUSDT","BTC-260901-82000-C","2026-09-01","82000","CALL","1h","2026-08-30 21:00:00","2026-08-31 05:00:00","50.000","50.000","50.000","50.000","0.05","2026-08-30 21:59:59","2026-08-31 05:59:59","2.50000","5","0.03","1.50000"
"all-available","Asia/Taipei","BTCUSDT","BTC-260901-82000-C","2026-09-01","82000","CALL","1h","2026-08-30 22:00:00","2026-08-31 06:00:00","45.000","45.000","45.000","45.000","0.02","2026-08-30 22:59:59","2026-08-31 06:59:59","0.90000","2","0.00","0.00000"
"all-available","Asia/Taipei","BTCUSDT","BTC-260901-82000-C","2026-09-01","82000","CALL","1h","2026-08-30 23:00:00","2026-08-31 07:00:00","20.000","30.000","20.000","25.000","0.31","2026-08-30 23:59:59","2026-08-31 07:59:59","6.55000","5","0.31","6.55000"
"all-available","Asia/Taipei","BTCUSDT","BTC-260901-82000-C","2026-09-01","82000","CALL","1h","2026-08-31 00:00:00","2026-08-31 08:00:00","25.000","25.000","25.000","25.000","0.00","2026-08-31 00:59:59","2026-08-31 08:59:59","0.00000","0","0.00","0.00000"
"all-available","Asia/Taipei","BTCUSDT","BTC-260901-82000-C","2026-09-01","82000","CALL","1h","2026-08-31 01:00:00","2026-08-31 09:00:00","10.000","15.000","10.000","15.000","3.15","2026-08-31 01:59:59","2026-08-31 09:59:59","46.20000","18","1.94","29.10000"
"all-available","Asia/Taipei","BTCUSDT","BTC-260901-82000-C","2026-09-01","82000","CALL","1h","2026-08-31 02:00:00","2026-08-31 10:00:00","20.000","20.000","10.000","10.000","0.20","2026-08-31 02:59:59","2026-08-31 10:59:59","3.00000","2","0.10","2.00000"
"all-available","Asia/Taipei","BTCUSDT","BTC-260901-82000-C","2026-09-01","82000","CALL","1h","2026-08-31 03:00:00","2026-08-31 11:00:00","15.000","15.000","15.000","15.000","5.00","2026-08-31 03:59:59","2026-08-31 11:59:59","75.00000","3","5.00","75.00000"
"all-available","Asia/Taipei","BTCUSDT","BTC-260901-82000-C","2026-09-01","82000","CALL","1h","2026-08-31 04:00:00","2026-08-31 12:00:00","15.000","15.000","15.000","15.000","0.00","2026-08-31 04:59:59","2026-08-31 12:59:59","0.00000","0","0.00","0.00000"
"all-available","Asia/Taipei","BTCUSDT","BTC-260901-82000-C","2026-09-01","82000","CALL","1h","2026-08-31 05:00:00","2026-08-31 13:00:00","15.000","15.000","15.000","15.000","0.00","2026-08-31 05:59:59","2026-08-31 13:59:59","0.00000","0","0.00","0.00000"
"all-available","Asia/Taipei","BTCUSDT","BTC-260901-82000-C","2026-09-01","82000","CALL","1h","2026-08-31 06:00:00","2026-08-31 14:00:00","15.000","15.000","15.000","15.000","4.19","2026-08-31 06:59:59","2026-08-31 14:59:59","62.85000","3","4.19","62.85000"
"all-available","Asia/Taipei","BTCUSDT","BTC-260901-82000-C","2026-09-01","82000","CALL","1h","2026-08-31 07:00:00","2026-08-31 15:00:00","15.000","15.000","15.000","15.000","10.99","2026-08-31 07:59:59","2026-08-31 15:59:59","164.85000","12","9.26","138.90000"
"all-available","Asia/Taipei","BTCUSDT","BTC-260901-82000-C","2026-09-01","82000","CALL","1h","2026-08-31 08:00:00","2026-08-31 16:00:00","15.000","15.000","15.000","15.000","0.42","2026-08-31 08:59:59","2026-08-31 16:59:59","6.30000","4","0.00","0.00000"
"all-available","Asia/Taipei","BTCUSDT","BTC-260901-82000-C","2026-09-01","82000","CALL","1h","2026-08-31 09:00:00","2026-08-31 17:00:00","20.000","25.000","20.000","25.000","6.48","2026-08-31 09:59:59","2026-08-31 17:59:59","133.20000","9","1.22","28.00000"
"all-available","Asia/Taipei","BTCUSDT","BTC-260901-82000-C","2026-09-01","82000","CALL","1h","2026-08-31 10:00:00","2026-08-31 18:00:00","20.000","20.000","15.000","15.000","0.76","2026-08-31 10:59:59","2026-08-31 18:59:59","11.50000","4","0.00","0.00000"
"all-available","Asia/Taipei","BTCUSDT","BTC-260901-82000-C","2026-09-01","82000","CALL","1h","2026-08-31 11:00:00","2026-08-31 19:00:00","15.000","15.000","15.000","15.000","0.05","2026-08-31 11:59:59","2026-08-31 19:59:59","0.75000","1","0.00","0.00000"
"all-available","Asia/Taipei","BTCUSDT","BTC-260901-82000-C","2026-09-01","82000","CALL","1h","2026-08-31 12:00:00","2026-08-31 20:00:00","15.000","15.000","15.000","15.000","2.08","2026-08-31 12:59:59","2026-08-31 20:59:59","31.20000","4","2.08","31.20000"
"all-available","Asia/Taipei","BTCUSDT","BTC-260901-82000-C","2026-09-01","82000","CALL","1h","2026-08-31 13:00:00","2026-08-31 21:00:00","15.000","15.000","15.000","15.000","0.00","2026-08-31 13:59:59","2026-08-31 21:59:59","0.00000","0","0.00","0.00000"
"all-available","Asia/Taipei","BTCUSDT","BTC-260901-82000-C","2026-09-01","82000","CALL","1h","2026-08-31 14:00:00","2026-08-31 22:00:00","10.000","10.000","10.000","10.000","3.03","2026-08-31 14:59:59","2026-08-31 22:59:59","30.30000","2","0.00","0.00000"
"all-available","Asia/Taipei","BTCUSDT","BTC-260901-82000-C","2026-09-01","82000","CALL","1h","2026-08-31 15:00:00","2026-08-31 23:00:00","5.000","5.000","5.000","5.000","38.41","2026-08-31 15:59:59","2026-08-31 23:59:59","192.05000","18","1.00","5.00000"
"all-available","Asia/Taipei","BTCUSDT","BTC-260901-82000-C","2026-09-01","82000","CALL","1h","2026-08-31 16:00:00","2026-09-01 00:00:00","5.000","5.000","5.000","5.000","0.00","2026-08-31 16:59:59","2026-09-01 00:59:59","0.00000","0","0.00","0.00000"
"all-available","Asia/Taipei","BTCUSDT","BTC-260901-82000-C","2026-09-01","82000","CALL","1h","2026-08-31 17:00:00","2026-09-01 01:00:00","5.000","5.000","5.000","5.000","0.84","2026-08-31 17:59:59","2026-09-01 01:59:59","4.20000","3","0.84","4.20000"
"all-available","Asia/Taipei","BTCUSDT","BTC-260901-82000-C","2026-09-01","82000","CALL","1h","2026-08-31 18:00:00","2026-09-01 02:00:00","5.000","5.000","5.000","5.000","0.40","2026-08-31 18:59:59","2026-09-01 02:59:59","2.00000","2","0.40","2.00000"
"all-available","Asia/Taipei","BTCUSDT","BTC-260901-82000-C","2026-09-01","82000","CALL","1h","2026-08-31 19:00:00","2026-09-01 03:00:00","10.000","10.000","5.000","5.000","2.32","2026-08-31 19:59:59","2026-09-01 03:59:59","20.20000","4","1.72","17.20000"
"all-available","Asia/Taipei","BTCUSDT","BTC-260901-82000-C","2026-09-01","82000","CALL","1h","2026-08-31 20:00:00","2026-09-01 04:00:00","5.000","5.000","5.000","5.000","3.06","2026-08-31 20:59:59","2026-09-01 04:59:59","15.30000","6","0.00","0.00000"
"all-available","Asia/Taipei","BTCUSDT","BTC-260901-82000-C","2026-09-01","82000","CALL","1h","2026-08-31 21:00:00","2026-09-01 05:00:00","5.000","5.000","5.000","5.000","2.48","2026-08-31 21:59:59","2026-09-01 05:59:59","12.40000","2","0.00","0.00000"
"all-available","Asia/Taipei","BTCUSDT","BTC-260901-82000-C","2026-09-01","82000","CALL","1h","2026-08-31 22:00:00","2026-09-01 06:00:00","5.000","5.000","5.000","5.000","0.00","2026-08-31 22:59:59","2026-09-01 06:59:59","0.00000","0","0.00","0.00000"
"all-available","Asia/Taipei","BTCUSDT","BTC-260901-82000-C","2026-09-01","82000","CALL","1h","2026-08-31 23:00:00","2026-09-01 07:00:00","5.000","5.000","5.000","5.000","0.00","2026-08-31 23:59:59","2026-09-01 07:59:59","0.00000","0","0.00","0.00000"
"all-available","Asia/Taipei","BTCUSDT","BTC-260901-82000-C","2026-09-01","82000","CALL","1h","2026-09-01 00:00:00","2026-09-01 08:00:00","5.000","5.000","5.000","5.000","0.00","2026-09-01 00:59:59","2026-09-01 08:59:59","0.00000","0","0.00","0.00000"
"all-available","Asia/Taipei","BTCUSDT","BTC-260901-82000-C","2026-09-01","82000","CALL","1h","2026-09-01 01:00:00","2026-09-01 09:00:00","5.000","5.000","5.000","5.000","0.00","2026-09-01 01:59:59","2026-09-01 09:59:59","0.00000","0","0.00","0.00000"
"all-available","Asia/Taipei","BTCUSDT","BTC-260901-82000-C","2026-09-01","82000","CALL","1h","2026-09-01 02:00:00","2026-09-01 10:00:00","5.000","5.000","5.000","5.000","0.00","2026-09-01 02:59:59","2026-09-01 10:59:59","0.00000","0","0.00","0.00000"
"all-available","Asia/Taipei","BTCUSDT","BTC-260901-82000-C","2026-09-01","82000","CALL","1h","2026-09-01 03:00:00","2026-09-01 11:00:00","5.000","5.000","5.000","5.000","0.00","2026-09-01 03:59:59","2026-09-01 11:59:59","0.00000","0","0.00","0.00000"
"all-available","Asia/Taipei","BTCUSDT","BTC-260901-82000-C","2026-09-01","82000","CALL","1h","2026-09-01 04:00:00","2026-09-01 12:00:00","5.000","5.000","5.000","5.000","0.00","2026-09-01 04:59:59","2026-09-01 12:59:59","0.00000","0","0.00","0.00000"
"all-available","Asia/Taipei","BTCUSDT","BTC-260901-82000-C","2026-09-01","82000","CALL","1h","2026-09-01 05:00:00","2026-09-01 13:00:00","5.000","5.000","5.000","5.000","0.00","2026-09-01 05:59:59","2026-09-01 13:59:59","0.00000","0","0.00","0.00000"
"all-available","Asia/Taipei","BTCUSDT","BTC-260901-82000-C","2026-09-01","82000","CALL","1h","2026-09-01 06:00:00","2026-09-01 14:00:00","5.000","5.000","5.000","5.000","0.00","2026-09-01 06:59:59","2026-09-01 14:59:59","0.00000","0","0.00","0.00000"
"all-available","Asia/Taipei","BTCUSDT","BTC-260901-82000-C","2026-09-01","82000","CALL","1h","2026-09-01 07:00:00","2026-09-01 15:00:00","5.000","5.000","5.000","5.000","0.00","2026-09-01 07:59:59","2026-09-01 15:59:59","0.00000","0","0.00","0.00000"
"all-available","Asia/Taipei","BTCUSDT","BTC-260901-83000-C","2026-09-01","83000","CALL","1h","2026-08-29 08:00:00","2026-08-29 16:00:00","25.000","25.000","25.000","25.000","8.41","2026-08-29 08:59:59","2026-08-29 16:59:59","210.25000","2","8.41","210.25000"
"all-available","Asia/Taipei","BTCUSDT","BTC-260901-83000-C","2026-09-01","83000","CALL","1h","2026-08-29 09:00:00","2026-08-29 17:00:00","30.000","30.000","25.000","25.000","2.45","2026-08-29 09:59:59","2026-08-29 17:59:59","73.15000","4","2.45","73.15000"
"all-available","Asia/Taipei","BTCUSDT","BTC-260901-83000-C","2026-09-01","83000","CALL","1h","2026-08-29 10:00:00","2026-08-29 18:00:00","30.000","30.000","30.000","30.000","0.01","2026-08-29 10:59:59","2026-08-29 18:59:59","0.30000","1","0.01","0.30000"
"all-available","Asia/Taipei","BTCUSDT","BTC-260901-83000-C","2026-09-01","83000","CALL","1h","2026-08-29 11:00:00","2026-08-29 19:00:00","30.000","30.000","30.000","30.000","0.00","2026-08-29 11:59:59","2026-08-29 19:59:59","0.00000","0","0.00","0.00000"
"all-available","Asia/Taipei","BTCUSDT","BTC-260901-83000-C","2026-09-01","83000","CALL","1h","2026-08-29 12:00:00","2026-08-29 20:00:00","30.000","30.000","30.000","30.000","0.26","2026-08-29 12:59:59","2026-08-29 20:59:59","7.80000","1","0.26","7.80000"
"all-available","Asia/Taipei","BTCUSDT","BTC-260901-83000-C","2026-09-01","83000","CALL","1h","2026-08-29 13:00:00","2026-08-29 21:00:00","35.000","35.000","35.000","35.000","1.00","2026-08-29 13:59:59","2026-08-29 21:59:59","35.00000","1","1.00","35.00000"
"all-available","Asia/Taipei","BTCUSDT","BTC-260901-83000-C","2026-09-01","83000","CALL","1h","2026-08-29 14:00:00","2026-08-29 22:00:00","35.000","40.000","30.000","40.000","0.09","2026-08-29 14:59:59","2026-08-29 22:59:59","3.20000","5","0.00","0.00000"
"all-available","Asia/Taipei","BTCUSDT","BTC-260901-83000-C","2026-09-01","83000","CALL","1h","2026-08-29 15:00:00","2026-08-29 23:00:00","35.000","35.000","35.000","35.000","0.02","2026-08-29 15:59:59","2026-08-29 23:59:59","0.70000","1","0.00","0.00000"
"all-available","Asia/Taipei","BTCUSDT","BTC-260901-83000-C","2026-09-01","83000","CALL","1h","2026-08-29 16:00:00","2026-08-30 00:00:00","35.000","35.000","35.000","35.000","1.18","2026-08-29 16:59:59","2026-08-30 00:59:59","41.30000","1","1.18","41.30000"
"all-available","Asia/Taipei","BTCUSDT","BTC-260901-83000-C","2026-09-01","83000","CALL","1h","2026-08-29 17:00:00","2026-08-30 01:00:00","35.000","35.000","35.000","35.000","0.00","2026-08-29 17:59:59","2026-08-30 01:59:59","0.00000","0","0.00","0.00000"
"all-available","Asia/Taipei","BTCUSDT","BTC-260901-83000-C","2026-09-01","83000","CALL","1h","2026-08-29 18:00:00","2026-08-30 02:00:00","30.000","30.000","25.000","30.000","0.47","2026-08-29 18:59:59","2026-08-30 02:59:59","14.05000","4","0.45","13.50000"
"all-available","Asia/Taipei","BTCUSDT","BTC-260901-83000-C","2026-09-01","83000","CALL","1h","2026-08-29 19:00:00","2026-08-30 03:00:00","30.000","30.000","30.000","30.000","0.01","2026-08-29 19:59:59","2026-08-30 03:59:59","0.30000","1","0.00","0.00000"
"all-available","Asia/Taipei","BTCUSDT","BTC-260901-83000-C","2026-09-01","83000","CALL","1h","2026-08-29 20:00:00","2026-08-30 04:00:00","30.000","30.000","30.000","30.000","0.00","2026-08-29 20:59:59","2026-08-30 04:59:59","0.00000","0","0.00","0.00000"
"all-available","Asia/Taipei","BTCUSDT","BTC-260901-83000-C","2026-09-01","83000","CALL","1h","2026-08-29 21:00:00","2026-08-30 05:00:00","30.000","30.000","30.000","30.000","1.18","2026-08-29 21:59:59","2026-08-30 05:59:59","35.40000","1","0.00","0.00000"
"all-available","Asia/Taipei","BTCUSDT","BTC-260901-83000-C","2026-09-01","83000","CALL","1h","2026-08-29 22:00:00","2026-08-30 06:00:00","30.000","30.000","30.000","30.000","0.00","2026-08-29 22:59:59","2026-08-30 06:59:59","0.00000","0","0.00","0.00000"
"all-available","Asia/Taipei","BTCUSDT","BTC-260901-83000-C","2026-09-01","83000","CALL","1h","2026-08-29 23:00:00","2026-08-30 07:00:00","30.000","30.000","30.000","30.000","0.00","2026-08-29 23:59:59","2026-08-30 07:59:59","0.00000","0","0.00","0.00000"
"all-available","Asia/Taipei","BTCUSDT","BTC-260901-83000-C","2026-09-01","83000","CALL","1h","2026-08-30 00:00:00","2026-08-30 08:00:00","30.000","30.000","25.000","25.000","6.07","2026-08-30 00:59:59","2026-08-30 08:59:59","182.05000","2","6.06","181.80000"
"all-available","Asia/Taipei","BTCUSDT","BTC-260901-83000-C","2026-09-01","83000","CALL","1h","2026-08-30 01:00:00","2026-08-30 09:00:00","25.000","25.000","25.000","25.000","0.00","2026-08-30 01:59:59","2026-08-30 09:59:59","0.00000","0","0.00","0.00000"
"all-available","Asia/Taipei","BTCUSDT","BTC-260901-83000-C","2026-09-01","83000","CALL","1h","2026-08-30 02:00:00","2026-08-30 10:00:00","25.000","25.000","20.000","25.000","4.80","2026-08-30 02:59:59","2026-08-30 10:59:59","115.10000","5","3.64","91.00000"
"all-available","Asia/Taipei","BTCUSDT","BTC-260901-83000-C","2026-09-01","83000","CALL","1h","2026-08-30 03:00:00","2026-08-30 11:00:00","20.000","20.000","20.000","20.000","4.00","2026-08-30 03:59:59","2026-08-30 11:59:59","80.00000","3","0.00","0.00000"
"all-available","Asia/Taipei","BTCUSDT","BTC-260901-83000-C","2026-09-01","83000","CALL","1h","2026-08-30 04:00:00","2026-08-30 12:00:00","20.000","25.000","20.000","25.000","1.50","2026-08-30 04:59:59","2026-08-30 12:59:59","35.00000","3","1.50","35.00000"
"all-available","Asia/Taipei","BTCUSDT","BTC-260901-83000-C","2026-09-01","83000","CALL","1h","2026-08-30 05:00:00","2026-08-30 13:00:00","25.000","25.000","25.000","25.000","4.00","2026-08-30 05:59:59","2026-08-30 13:59:59","100.00000","2","4.00","100.00000"
"all-available","Asia/Taipei","BTCUSDT","BTC-260901-83000-C","2026-09-01","83000","CALL","1h","2026-08-30 06:00:00","2026-08-30 14:00:00","25.000","25.000","25.000","25.000","10.11","2026-08-30 06:59:59","2026-08-30 14:59:59","252.75000","3","10.11","252.75000"
"all-available","Asia/Taipei","BTCUSDT","BTC-260901-83000-C","2026-09-01","83000","CALL","1h","2026-08-30 07:00:00","2026-08-30 15:00:00","25.000","25.000","25.000","25.000","1.50","2026-08-30 07:59:59","2026-08-30 15:59:59","37.50000","2","0.50","12.50000"
"all-available","Asia/Taipei","BTCUSDT","BTC-260901-83000-C","2026-09-01","83000","CALL","1h","2026-08-30 08:00:00","2026-08-30 16:00:00","25.000","25.000","25.000","25.000","8.53","2026-08-30 08:59:59","2026-08-30 16:59:59","213.25000","7","1.26","31.50000"
"all-available","Asia/Taipei","BTCUSDT","BTC-260901-83000-C","2026-09-01","83000","CALL","1h","2026-08-30 09:00:00","2026-08-30 17:00:00","25.000","25.000","25.000","25.000","0.00","2026-08-30 09:59:59","2026-08-30 17:59:59","0.00000","0","0.00","0.00000"
"all-available","Asia/Taipei","BTCUSDT","BTC-260901-83000-C","2026-09-01","83000","CALL","1h","2026-08-30 10:00:00","2026-08-30 18:00:00","20.000","20.000","15.000","15.000","8.05","2026-08-30 10:59:59","2026-08-30 18:59:59","123.25000","11","1.99","29.85000"
"all-available","Asia/Taipei","BTCUSDT","BTC-260901-83000-C","2026-09-01","83000","CALL","1h","2026-08-30 11:00:00","2026-08-30 19:00:00","15.000","15.000","15.000","15.000","3.85","2026-08-30 11:59:59","2026-08-30 19:59:59","57.75000","7","2.85","42.75000"
"all-available","Asia/Taipei","BTCUSDT","BTC-260901-83000-C","2026-09-01","83000","CALL","1h","2026-08-30 12:00:00","2026-08-30 20:00:00","15.000","25.000","15.000","25.000","11.89","2026-08-30 12:59:59","2026-08-30 20:59:59","245.05000","19","9.79","203.05000"
"all-available","Asia/Taipei","BTCUSDT","BTC-260901-83000-C","2026-09-01","83000","CALL","1h","2026-08-30 13:00:00","2026-08-30 21:00:00","25.000","30.000","25.000","25.000","7.84","2026-08-30 13:59:59","2026-08-30 21:59:59","203.50000","15","4.50","120.00000"
"all-available","Asia/Taipei","BTCUSDT","BTC-260901-83000-C","2026-09-01","83000","CALL","1h","2026-08-30 14:00:00","2026-08-30 22:00:00","30.000","35.000","30.000","30.000","1.58","2026-08-30 14:59:59","2026-08-30 22:59:59","48.15000","7","1.55","47.25000"
"all-available","Asia/Taipei","BTCUSDT","BTC-260901-83000-C","2026-09-01","83000","CALL","1h","2026-08-30 15:00:00","2026-08-30 23:00:00","30.000","30.000","20.000","25.000","2.02","2026-08-30 15:59:59","2026-08-30 23:59:59","49.85000","11","1.87","46.85000"
"all-available","Asia/Taipei","BTCUSDT","BTC-260901-83000-C","2026-09-01","83000","CALL","1h","2026-08-30 16:00:00","2026-08-31 00:00:00","25.000","45.000","25.000","45.000","9.60","2026-08-30 16:59:59","2026-08-31 00:59:59","271.10000","15","9.00","256.10000"
"all-available","Asia/Taipei","BTCUSDT","BTC-260901-83000-C","2026-09-01","83000","CALL","1h","2026-08-30 17:00:00","2026-08-31 01:00:00","45.000","45.000","45.000","45.000","1.00","2026-08-30 17:59:59","2026-08-31 01:59:59","45.00000","5","0.00","0.00000"
"all-available","Asia/Taipei","BTCUSDT","BTC-260901-83000-C","2026-09-01","83000","CALL","1h","2026-08-30 18:00:00","2026-08-31 02:00:00","45.000","45.000","45.000","45.000","0.00","2026-08-30 18:59:59","2026-08-31 02:59:59","0.00000","0","0.00","0.00000"
"all-available","Asia/Taipei","BTCUSDT","BTC-260901-83000-C","2026-09-01","83000","CALL","1h","2026-08-30 19:00:00","2026-08-31 03:00:00","45.000","45.000","45.000","45.000","0.01","2026-08-30 19:59:59","2026-08-31 03:59:59","0.45000","1","0.01","0.45000"
"all-available","Asia/Taipei","BTCUSDT","BTC-260901-83000-C","2026-09-01","83000","CALL","1h","2026-08-30 20:00:00","2026-08-31 04:00:00","30.000","30.000","30.000","30.000","1.78","2026-08-30 20:59:59","2026-08-31 04:59:59","53.40000","2","1.78","53.40000"
"all-available","Asia/Taipei","BTCUSDT","BTC-260901-83000-C","2026-09-01","83000","CALL","1h","2026-08-30 21:00:00","2026-08-31 05:00:00","25.000","30.000","25.000","30.000","0.15","2026-08-30 21:59:59","2026-08-31 05:59:59","4.15000","2","0.15","4.15000"
"all-available","Asia/Taipei","BTCUSDT","BTC-260901-83000-C","2026-09-01","83000","CALL","1h","2026-08-30 22:00:00","2026-08-31 06:00:00","25.000","25.000","25.000","25.000","0.25","2026-08-30 22:59:59","2026-08-31 06:59:59","6.25000","2","0.25","6.25000"
"all-available","Asia/Taipei","BTCUSDT","BTC-260901-83000-C","2026-09-01","83000","CALL","1h","2026-08-30 23:00:00","2026-08-31 07:00:00","20.000","20.000","10.000","15.000","0.64","2026-08-30 23:59:59","2026-08-31 07:59:59","7.80000","5","0.07","1.05000"
"all-available","Asia/Taipei","BTCUSDT","BTC-260901-83000-C","2026-09-01","83000","CALL","1h","2026-08-31 00:00:00","2026-08-31 08:00:00","15.000","15.000","10.000","10.000","7.22","2026-08-31 00:59:59","2026-08-31 08:59:59","94.25000","10","4.38","61.65000"
"all-available","Asia/Taipei","BTCUSDT","BTC-260901-83000-C","2026-09-01","83000","CALL","1h","2026-08-31 01:00:00","2026-08-31 09:00:00","5.000","10.000","5.000","10.000","0.73","2026-08-31 01:59:59","2026-08-31 09:59:59","4.80000","5","0.23","2.30000"
"all-available","Asia/Taipei","BTCUSDT","BTC-260901-83000-C","2026-09-01","83000","CALL","1h","2026-08-31 02:00:00","2026-08-31 10:00:00","10.000","10.000","5.000","5.000","17.00","2026-08-31 02:59:59","2026-08-31 10:59:59","90.00000","12","1.00","10.00000"
"all-available","Asia/Taipei","BTCUSDT","BTC-260901-83000-C","2026-09-01","83000","CALL","1h","2026-08-31 03:00:00","2026-08-31 11:00:00","5.000","5.000","5.000","5.000","0.00","2026-08-31 03:59:59","2026-08-31 11:59:59","0.00000","0","0.00","0.00000"
"all-available","Asia/Taipei","BTCUSDT","BTC-260901-83000-C","2026-09-01","83000","CALL","1h","2026-08-31 04:00:00","2026-08-31 12:00:00","5.000","5.000","5.000","5.000","0.10","2026-08-31 04:59:59","2026-08-31 12:59:59","0.50000","1","0.00","0.00000"
"all-available","Asia/Taipei","BTCUSDT","BTC-260901-83000-C","2026-09-01","83000","CALL","1h","2026-08-31 05:00:00","2026-08-31 13:00:00","10.000","10.000","10.000","10.000","1.00","2026-08-31 05:59:59","2026-08-31 13:59:59","10.00000","1","1.00","10.00000"
"all-available","Asia/Taipei","BTCUSDT","BTC-260901-83000-C","2026-09-01","83000","CALL","1h","2026-08-31 06:00:00","2026-08-31 14:00:00","10.000","10.000","10.000","10.000","0.50","2026-08-31 06:59:59","2026-08-31 14:59:59","5.00000","1","0.50","5.00000"
"all-available","Asia/Taipei","BTCUSDT","BTC-260901-83000-C","2026-09-01","83000","CALL","1h","2026-08-31 07:00:00","2026-08-31 15:00:00","5.000","10.000","5.000","5.000","44.81","2026-08-31 07:59:59","2026-08-31 15:59:59","235.75000","20","5.83","40.85000"
"all-available","Asia/Taipei","BTCUSDT","BTC-260901-83000-C","2026-09-01","83000","CALL","1h","2026-08-31 08:00:00","2026-08-31 16:00:00","5.000","5.000","5.000","5.000","1.43","2026-08-31 08:59:59","2026-08-31 16:59:59","7.15000","6","0.02","0.10000"
"all-available","Asia/Taipei","BTCUSDT","BTC-260901-83000-C","2026-09-01","83000","CALL","1h","2026-08-31 09:00:00","2026-08-31 17:00:00","10.000","10.000","10.000","10.000","2.88","2026-08-31 09:59:59","2026-08-31 17:59:59","28.80000","13","0.81","8.10000"
"all-available","Asia/Taipei","BTCUSDT","BTC-260901-83000-C","2026-09-01","83000","CALL","1h","2026-08-31 10:00:00","2026-08-31 18:00:00","10.000","10.000","10.000","10.000","11.00","2026-08-31 10:59:59","2026-08-31 18:59:59","110.00000","7","10.00","100.00000"
"all-available","Asia/Taipei","BTCUSDT","BTC-260901-83000-C","2026-09-01","83000","CALL","1h","2026-08-31 11:00:00","2026-08-31 19:00:00","10.000","10.000","10.000","10.000","0.66","2026-08-31 11:59:59","2026-08-31 19:59:59","6.60000","1","0.66","6.60000"
"all-available","Asia/Taipei","BTCUSDT","BTC-260901-83000-C","2026-09-01","83000","CALL","1h","2026-08-31 12:00:00","2026-08-31 20:00:00","5.000","5.000","5.000","5.000","2.31","2026-08-31 12:59:59","2026-08-31 20:59:59","11.55000","3","0.00","0.00000"
"all-available","Asia/Taipei","BTCUSDT","BTC-260901-83000-C","2026-09-01","83000","CALL","1h","2026-08-31 13:00:00","2026-08-31 21:00:00","5.000","5.000","5.000","5.000","0.66","2026-08-31 13:59:59","2026-08-31 21:59:59","3.30000","1","0.00","0.00000"
"all-available","Asia/Taipei","BTCUSDT","BTC-260901-83000-C","2026-09-01","83000","CALL","1h","2026-08-31 14:00:00","2026-08-31 22:00:00","5.000","5.000","5.000","5.000","1.39","2026-08-31 14:59:59","2026-08-31 22:59:59","6.95000","3","0.00","0.00000"
"all-available","Asia/Taipei","BTCUSDT","BTC-260901-83000-C","2026-09-01","83000","CALL","1h","2026-08-31 15:00:00","2026-08-31 23:00:00","5.000","5.000","5.000","5.000","0.00","2026-08-31 15:59:59","2026-08-31 23:59:59","0.00000","0","0.00","0.00000"
"all-available","Asia/Taipei","BTCUSDT","BTC-260901-83000-C","2026-09-01","83000","CALL","1h","2026-08-31 16:00:00","2026-09-01 00:00:00","5.000","5.000","5.000","5.000","0.00","2026-08-31 16:59:59","2026-09-01 00:59:59","0.00000","0","0.00","0.00000"
"all-available","Asia/Taipei","BTCUSDT","BTC-260901-83000-C","2026-09-01","83000","CALL","1h","2026-08-31 17:00:00","2026-09-01 01:00:00","5.000","5.000","5.000","5.000","0.00","2026-08-31 17:59:59","2026-09-01 01:59:59","0.00000","0","0.00","0.00000"
"all-available","Asia/Taipei","BTCUSDT","BTC-260901-83000-C","2026-09-01","83000","CALL","1h","2026-08-31 18:00:00","2026-09-01 02:00:00","5.000","5.000","5.000","5.000","0.00","2026-08-31 18:59:59","2026-09-01 02:59:59","0.00000","0","0.00","0.00000"
"all-available","Asia/Taipei","BTCUSDT","BTC-260901-83000-C","2026-09-01","83000","CALL","1h","2026-08-31 19:00:00","2026-09-01 03:00:00","5.000","5.000","5.000","5.000","0.00","2026-08-31 19:59:59","2026-09-01 03:59:59","0.00000","0","0.00","0.00000"
"all-available","Asia/Taipei","BTCUSDT","BTC-260901-83000-C","2026-09-01","83000","CALL","1h","2026-08-31 20:00:00","2026-09-01 04:00:00","5.000","5.000","5.000","5.000","0.00","2026-08-31 20:59:59","2026-09-01 04:59:59","0.00000","0","0.00","0.00000"
"all-available","Asia/Taipei","BTCUSDT","BTC-260901-83000-C","2026-09-01","83000","CALL","1h","2026-08-31 21:00:00","2026-09-01 05:00:00","5.000","5.000","5.000","5.000","0.00","2026-08-31 21:59:59","2026-09-01 05:59:59","0.00000","0","0.00","0.00000"
"all-available","Asia/Taipei","BTCUSDT","BTC-260901-83000-C","2026-09-01","83000","CALL","1h","2026-08-31 22:00:00","2026-09-01 06:00:00","5.000","5.000","5.000","5.000","0.00","2026-08-31 22:59:59","2026-09-01 06:59:59","0.00000","0","0.00","0.00000"
"all-available","Asia/Taipei","BTCUSDT","BTC-260901-83000-C","2026-09-01","83000","CALL","1h","2026-08-31 23:00:00","2026-09-01 07:00:00","5.000","5.000","5.000","5.000","0.00","2026-08-31 23:59:59","2026-09-01 07:59:59","0.00000","0","0.00","0.00000"
"all-available","Asia/Taipei","BTCUSDT","BTC-260901-83000-C","2026-09-01","83000","CALL","1h","2026-09-01 00:00:00","2026-09-01 08:00:00","5.000","5.000","5.000","5.000","0.00","2026-09-01 00:59:59","2026-09-01 08:59:59","0.00000","0","0.00","0.00000"
"all-available","Asia/Taipei","BTCUSDT","BTC-260901-83000-C","2026-09-01","83000","CALL","1h","2026-09-01 01:00:00","2026-09-01 09:00:00","5.000","5.000","5.000","5.000","0.00","2026-09-01 01:59:59","2026-09-01 09:59:59","0.00000","0","0.00","0.00000"
"all-available","Asia/Taipei","BTCUSDT","BTC-260901-83000-C","2026-09-01","83000","CALL","1h","2026-09-01 02:00:00","2026-09-01 10:00:00","5.000","5.000","5.000","5.000","0.00","2026-09-01 02:59:59","2026-09-01 10:59:59","0.00000","0","0.00","0.00000"
"all-available","Asia/Taipei","BTCUSDT","BTC-260901-83000-C","2026-09-01","83000","CALL","1h","2026-09-01 03:00:00","2026-09-01 11:00:00","5.000","5.000","5.000","5.000","0.00","2026-09-01 03:59:59","2026-09-01 11:59:59","0.00000","0","0.00","0.00000"
"all-available","Asia/Taipei","BTCUSDT","BTC-260901-83000-C","2026-09-01","83000","CALL","1h","2026-09-01 04:00:00","2026-09-01 12:00:00","5.000","5.000","5.000","5.000","0.00","2026-09-01 04:59:59","2026-09-01 12:59:59","0.00000","0","0.00","0.00000"
"all-available","Asia/Taipei","BTCUSDT","BTC-260901-83000-C","2026-09-01","83000","CALL","1h","2026-09-01 05:00:00","2026-09-01 13:00:00","5.000","5.000","5.000","5.000","0.00","2026-09-01 05:59:59","2026-09-01 13:59:59","0.00000","0","0.00","0.00000"
"all-available","Asia/Taipei","BTCUSDT","BTC-260901-83000-C","2026-09-01","83000","CALL","1h","2026-09-01 06:00:00","2026-09-01 14:00:00","5.000","5.000","5.000","5.000","0.00","2026-09-01 06:59:59","2026-09-01 14:59:59","0.00000","0","0.00","0.00000"
"all-available","Asia/Taipei","BTCUSDT","BTC-260901-83000-C","2026-09-01","83000","CALL","1h","2026-09-01 07:00:00","2026-09-01 15:00:00","5.000","5.000","5.000","5.000","0.00","2026-09-01 07:59:59","2026-09-01 15:59:59","0.00000","0","0.00","0.00000"
