"queryDate","timeZone","underlying","symbol","expiryDate","strikePrice","side","interval","openTimeUtc","openTimeLocal","open","high","low","close","volume","closeTimeUtc","closeTimeLocal","quoteVolume","numberOfTrades","takerBuyVolume","takerBuyQuoteVolume"
"all-available","Asia/Taipei","BTCUSDT","BTC-260718-60500-P","2026-07-18","60500","PUT","1h","2026-07-15 09:00:00","2026-07-15 17:00:00","35.000","35.000","35.000","35.000","0.02","2026-07-15 09:59:59","2026-07-15 17:59:59","0.70000","1","0.02","0.70000"
"all-available","Asia/Taipei","BTCUSDT","BTC-260718-60500-P","2026-07-18","60500","PUT","1h","2026-07-15 10:00:00","2026-07-15 18:00:00","35.000","35.000","35.000","35.000","3.00","2026-07-15 10:59:59","2026-07-15 18:59:59","105.00000","2","3.00","105.00000"
"all-available","Asia/Taipei","BTCUSDT","BTC-260718-60500-P","2026-07-18","60500","PUT","1h","2026-07-15 11:00:00","2026-07-15 19:00:00","35.000","35.000","35.000","35.000","0.00","2026-07-15 11:59:59","2026-07-15 19:59:59","0.00000","0","0.00","0.00000"
"all-available","Asia/Taipei","BTCUSDT","BTC-260718-60500-P","2026-07-18","60500","PUT","1h","2026-07-15 12:00:00","2026-07-15 20:00:00","35.000","35.000","35.000","35.000","0.86","2026-07-15 12:59:59","2026-07-15 20:59:59","30.10000","1","0.86","30.10000"
"all-available","Asia/Taipei","BTCUSDT","BTC-260718-60500-P","2026-07-18","60500","PUT","1h","2026-07-15 13:00:00","2026-07-15 21:00:00","25.000","25.000","25.000","25.000","0.01","2026-07-15 13:59:59","2026-07-15 21:59:59","0.25000","1","0.00","0.00000"
"all-available","Asia/Taipei","BTCUSDT","BTC-260718-60500-P","2026-07-18","60500","PUT","1h","2026-07-15 14:00:00","2026-07-15 22:00:00","25.000","25.000","25.000","25.000","1.65","2026-07-15 14:59:59","2026-07-15 22:59:59","41.25000","2","0.00","0.00000"
"all-available","Asia/Taipei","BTCUSDT","BTC-260718-60500-P","2026-07-18","60500","PUT","1h","2026-07-15 15:00:00","2026-07-15 23:00:00","20.000","20.000","20.000","20.000","0.10","2026-07-15 15:59:59","2026-07-15 23:59:59","2.00000","1","0.10","2.00000"
"all-available","Asia/Taipei","BTCUSDT","BTC-260718-60500-P","2026-07-18","60500","PUT","1h","2026-07-15 16:00:00","2026-07-16 00:00:00","20.000","20.000","20.000","20.000","0.00","2026-07-15 16:59:59","2026-07-16 00:59:59","0.00000","0","0.00","0.00000"
"all-available","Asia/Taipei","BTCUSDT","BTC-260718-60500-P","2026-07-18","60500","PUT","1h","2026-07-15 17:00:00","2026-07-16 01:00:00","20.000","20.000","20.000","20.000","1.68","2026-07-15 17:59:59","2026-07-16 01:59:59","33.60000","2","1.68","33.60000"
"all-available","Asia/Taipei","BTCUSDT","BTC-260718-60500-P","2026-07-18","60500","PUT","1h","2026-07-15 18:00:00","2026-07-16 02:00:00","15.000","15.000","15.000","15.000","1.13","2026-07-15 18:59:59","2026-07-16 02:59:59","16.95000","2","0.00","0.00000"
"all-available","Asia/Taipei","BTCUSDT","BTC-260718-60500-P","2026-07-18","60500","PUT","1h","2026-07-15 19:00:00","2026-07-16 03:00:00","15.000","15.000","15.000","15.000","0.00","2026-07-15 19:59:59","2026-07-16 03:59:59","0.00000","0","0.00","0.00000"
"all-available","Asia/Taipei","BTCUSDT","BTC-260718-60500-P","2026-07-18","60500","PUT","1h","2026-07-15 20:00:00","2026-07-16 04:00:00","15.000","15.000","15.000","15.000","0.00","2026-07-15 20:59:59","2026-07-16 04:59:59","0.00000","0","0.00","0.00000"
"all-available","Asia/Taipei","BTCUSDT","BTC-260718-60500-P","2026-07-18","60500","PUT","1h","2026-07-15 21:00:00","2026-07-16 05:00:00","15.000","15.000","15.000","15.000","0.00","2026-07-15 21:59:59","2026-07-16 05:59:59","0.00000","0","0.00","0.00000"
"all-available","Asia/Taipei","BTCUSDT","BTC-260718-60500-P","2026-07-18","60500","PUT","1h","2026-07-15 22:00:00","2026-07-16 06:00:00","15.000","15.000","15.000","15.000","2.34","2026-07-15 22:59:59","2026-07-16 06:59:59","35.10000","1","0.00","0.00000"
"all-available","Asia/Taipei","BTCUSDT","BTC-260718-60500-P","2026-07-18","60500","PUT","1h","2026-07-15 23:00:00","2026-07-16 07:00:00","15.000","15.000","15.000","15.000","0.04","2026-07-15 23:59:59","2026-07-16 07:59:59","0.60000","1","0.00","0.00000"
"all-available","Asia/Taipei","BTCUSDT","BTC-260718-60500-P","2026-07-18","60500","PUT","1h","2026-07-16 00:00:00","2026-07-16 08:00:00","20.000","20.000","20.000","20.000","1.83","2026-07-16 00:59:59","2026-07-16 08:59:59","36.60000","1","0.00","0.00000"
"all-available","Asia/Taipei","BTCUSDT","BTC-260718-60500-P","2026-07-18","60500","PUT","1h","2026-07-16 01:00:00","2026-07-16 09:00:00","20.000","20.000","20.000","20.000","0.00","2026-07-16 01:59:59","2026-07-16 09:59:59","0.00000","0","0.00","0.00000"
"all-available","Asia/Taipei","BTCUSDT","BTC-260718-60500-P","2026-07-18","60500","PUT","1h","2026-07-16 02:00:00","2026-07-16 10:00:00","20.000","20.000","20.000","20.000","0.00","2026-07-16 02:59:59","2026-07-16 10:59:59","0.00000","0","0.00","0.00000"
"all-available","Asia/Taipei","BTCUSDT","BTC-260718-60500-P","2026-07-18","60500","PUT","1h","2026-07-16 03:00:00","2026-07-16 11:00:00","20.000","20.000","20.000","20.000","0.00","2026-07-16 03:59:59","2026-07-16 11:59:59","0.00000","0","0.00","0.00000"
"all-available","Asia/Taipei","BTCUSDT","BTC-260718-60500-P","2026-07-18","60500","PUT","1h","2026-07-16 04:00:00","2026-07-16 12:00:00","15.000","15.000","15.000","15.000","0.07","2026-07-16 04:59:59","2026-07-16 12:59:59","1.05000","1","0.00","0.00000"
"all-available","Asia/Taipei","BTCUSDT","BTC-260718-60500-P","2026-07-18","60500","PUT","1h","2026-07-16 05:00:00","2026-07-16 13:00:00","15.000","15.000","15.000","15.000","0.00","2026-07-16 05:59:59","2026-07-16 13:59:59","0.00000","0","0.00","0.00000"
"all-available","Asia/Taipei","BTCUSDT","BTC-260718-60500-P","2026-07-18","60500","PUT","1h","2026-07-16 06:00:00","2026-07-16 14:00:00","15.000","15.000","15.000","15.000","1.03","2026-07-16 06:59:59","2026-07-16 14:59:59","15.45000","1","0.00","0.00000"
"all-available","Asia/Taipei","BTCUSDT","BTC-260718-60500-P","2026-07-18","60500","PUT","1h","2026-07-16 07:00:00","2026-07-16 15:00:00","20.000","40.000","20.000","40.000","44.32","2026-07-16 07:59:59","2026-07-16 15:59:59","1557.00000","18","42.36","1489.90000"
"all-available","Asia/Taipei","BTCUSDT","BTC-260718-60500-P","2026-07-18","60500","PUT","1h","2026-07-16 08:00:00","2026-07-16 16:00:00","40.000","40.000","20.000","25.000","11.16","2026-07-16 08:59:59","2026-07-16 16:59:59","324.40000","17","9.27","278.05000"
"all-available","Asia/Taipei","BTCUSDT","BTC-260718-60500-P","2026-07-18","60500","PUT","1h","2026-07-16 09:00:00","2026-07-16 17:00:00","30.000","30.000","30.000","30.000","18.51","2026-07-16 09:59:59","2026-07-16 17:59:59","555.30000","6","18.51","555.30000"
"all-available","Asia/Taipei","BTCUSDT","BTC-260718-60500-P","2026-07-18","60500","PUT","1h","2026-07-16 10:00:00","2026-07-16 18:00:00","25.000","25.000","25.000","25.000","1.25","2026-07-16 10:59:59","2026-07-16 18:59:59","31.25000","1","0.00","0.00000"
"all-available","Asia/Taipei","BTCUSDT","BTC-260718-60500-P","2026-07-18","60500","PUT","1h","2026-07-16 11:00:00","2026-07-16 19:00:00","25.000","25.000","25.000","25.000","0.00","2026-07-16 11:59:59","2026-07-16 19:59:59","0.00000","0","0.00","0.00000"
"all-available","Asia/Taipei","BTCUSDT","BTC-260718-60500-P","2026-07-18","60500","PUT","1h","2026-07-16 12:00:00","2026-07-16 20:00:00","25.000","25.000","25.000","25.000","0.00","2026-07-16 12:59:59","2026-07-16 20:59:59","0.00000","0","0.00","0.00000"
"all-available","Asia/Taipei","BTCUSDT","BTC-260718-60500-P","2026-07-18","60500","PUT","1h","2026-07-16 13:00:00","2026-07-16 21:00:00","20.000","20.000","20.000","20.000","0.36","2026-07-16 13:59:59","2026-07-16 21:59:59","7.20000","1","0.00","0.00000"
"all-available","Asia/Taipei","BTCUSDT","BTC-260718-60500-P","2026-07-18","60500","PUT","1h","2026-07-16 14:00:00","2026-07-16 22:00:00","20.000","20.000","20.000","20.000","0.00","2026-07-16 14:59:59","2026-07-16 22:59:59","0.00000","0","0.00","0.00000"
"all-available","Asia/Taipei","BTCUSDT","BTC-260718-60500-P","2026-07-18","60500","PUT","1h","2026-07-16 15:00:00","2026-07-16 23:00:00","20.000","20.000","20.000","20.000","0.00","2026-07-16 15:59:59","2026-07-16 23:59:59","0.00000","0","0.00","0.00000"
"all-available","Asia/Taipei","BTCUSDT","BTC-260718-60500-P","2026-07-18","60500","PUT","1h","2026-07-16 16:00:00","2026-07-17 00:00:00","15.000","15.000","15.000","15.000","3.40","2026-07-16 16:59:59","2026-07-17 00:59:59","51.00000","4","3.40","51.00000"
"all-available","Asia/Taipei","BTCUSDT","BTC-260718-60500-P","2026-07-18","60500","PUT","1h","2026-07-16 17:00:00","2026-07-17 01:00:00","15.000","15.000","15.000","15.000","0.00","2026-07-16 17:59:59","2026-07-17 01:59:59","0.00000","0","0.00","0.00000"
"all-available","Asia/Taipei","BTCUSDT","BTC-260718-60500-P","2026-07-18","60500","PUT","1h","2026-07-16 18:00:00","2026-07-17 02:00:00","15.000","15.000","15.000","15.000","0.00","2026-07-16 18:59:59","2026-07-17 02:59:59","0.00000","0","0.00","0.00000"
"all-available","Asia/Taipei","BTCUSDT","BTC-260718-60500-P","2026-07-18","60500","PUT","1h","2026-07-16 19:00:00","2026-07-17 03:00:00","15.000","15.000","15.000","15.000","0.00","2026-07-16 19:59:59","2026-07-17 03:59:59","0.00000","0","0.00","0.00000"
"all-available","Asia/Taipei","BTCUSDT","BTC-260718-60500-P","2026-07-18","60500","PUT","1h","2026-07-16 20:00:00","2026-07-17 04:00:00","15.000","15.000","15.000","15.000","0.00","2026-07-16 20:59:59","2026-07-17 04:59:59","0.00000","0","0.00","0.00000"
"all-available","Asia/Taipei","BTCUSDT","BTC-260718-60500-P","2026-07-18","60500","PUT","1h","2026-07-16 21:00:00","2026-07-17 05:00:00","15.000","15.000","15.000","15.000","0.00","2026-07-16 21:59:59","2026-07-17 05:59:59","0.00000","0","0.00","0.00000"
"all-available","Asia/Taipei","BTCUSDT","BTC-260718-60500-P","2026-07-18","60500","PUT","1h","2026-07-16 22:00:00","2026-07-17 06:00:00","15.000","15.000","15.000","15.000","0.00","2026-07-16 22:59:59","2026-07-17 06:59:59","0.00000","0","0.00","0.00000"
"all-available","Asia/Taipei","BTCUSDT","BTC-260718-60500-P","2026-07-18","60500","PUT","1h","2026-07-16 23:00:00","2026-07-17 07:00:00","15.000","15.000","15.000","15.000","0.00","2026-07-16 23:59:59","2026-07-17 07:59:59","0.00000","0","0.00","0.00000"
"all-available","Asia/Taipei","BTCUSDT","BTC-260718-60500-P","2026-07-18","60500","PUT","1h","2026-07-17 00:00:00","2026-07-17 08:00:00","15.000","15.000","15.000","15.000","0.00","2026-07-17 00:59:59","2026-07-17 08:59:59","0.00000","0","0.00","0.00000"
"all-available","Asia/Taipei","BTCUSDT","BTC-260718-60500-P","2026-07-18","60500","PUT","1h","2026-07-17 01:00:00","2026-07-17 09:00:00","20.000","20.000","20.000","20.000","0.10","2026-07-17 01:59:59","2026-07-17 09:59:59","2.00000","1","0.10","2.00000"
"all-available","Asia/Taipei","BTCUSDT","BTC-260718-60500-P","2026-07-18","60500","PUT","1h","2026-07-17 02:00:00","2026-07-17 10:00:00","20.000","20.000","20.000","20.000","0.00","2026-07-17 02:59:59","2026-07-17 10:59:59","0.00000","0","0.00","0.00000"
"all-available","Asia/Taipei","BTCUSDT","BTC-260718-60500-P","2026-07-18","60500","PUT","1h","2026-07-17 03:00:00","2026-07-17 11:00:00","25.000","25.000","25.000","25.000","0.01","2026-07-17 03:59:59","2026-07-17 11:59:59","0.25000","1","0.01","0.25000"
"all-available","Asia/Taipei","BTCUSDT","BTC-260718-60500-P","2026-07-18","60500","PUT","1h","2026-07-17 04:00:00","2026-07-17 12:00:00","25.000","25.000","25.000","25.000","0.00","2026-07-17 04:59:59","2026-07-17 12:59:59","0.00000","0","0.00","0.00000"
"all-available","Asia/Taipei","BTCUSDT","BTC-260718-60500-P","2026-07-18","60500","PUT","1h","2026-07-17 05:00:00","2026-07-17 13:00:00","30.000","60.000","30.000","60.000","2.98","2026-07-17 05:59:59","2026-07-17 13:59:59","124.30000","8","0.46","23.10000"
"all-available","Asia/Taipei","BTCUSDT","BTC-260718-60500-P","2026-07-18","60500","PUT","1h","2026-07-17 06:00:00","2026-07-17 14:00:00","60.000","65.000","55.000","55.000","3.38","2026-07-17 06:59:59","2026-07-17 14:59:59","205.65000","11","2.19","134.25000"
"all-available","Asia/Taipei","BTCUSDT","BTC-260718-60500-P","2026-07-18","60500","PUT","1h","2026-07-17 07:00:00","2026-07-17 15:00:00","55.000","55.000","50.000","50.000","0.14","2026-07-17 07:59:59","2026-07-17 15:59:59","7.25000","3","0.00","0.00000"
"all-available","Asia/Taipei","BTCUSDT","BTC-260718-60500-P","2026-07-18","60500","PUT","1h","2026-07-17 08:00:00","2026-07-17 16:00:00","55.000","55.000","30.000","30.000","31.54","2026-07-17 08:59:59","2026-07-17 16:59:59","1221.50000","53","21.41","730.05000"
"all-available","Asia/Taipei","BTCUSDT","BTC-260718-60500-P","2026-07-18","60500","PUT","1h","2026-07-17 09:00:00","2026-07-17 17:00:00","25.000","35.000","25.000","30.000","38.27","2026-07-17 09:59:59","2026-07-17 17:59:59","1151.00000","22","26.55","799.55000"
"all-available","Asia/Taipei","BTCUSDT","BTC-260718-60500-P","2026-07-18","60500","PUT","1h","2026-07-17 10:00:00","2026-07-17 18:00:00","25.000","25.000","20.000","20.000","2.72","2026-07-17 10:59:59","2026-07-17 18:59:59","54.80000","17","0.03","0.75000"
"all-available","Asia/Taipei","BTCUSDT","BTC-260718-60500-P","2026-07-18","60500","PUT","1h","2026-07-17 11:00:00","2026-07-17 19:00:00","20.000","20.000","20.000","20.000","14.32","2026-07-17 11:59:59","2026-07-17 19:59:59","286.40000","38","12.30","246.00000"
"all-available","Asia/Taipei","BTCUSDT","BTC-260718-60500-P","2026-07-18","60500","PUT","1h","2026-07-17 12:00:00","2026-07-17 20:00:00","20.000","20.000","15.000","15.000","0.78","2026-07-17 12:59:59","2026-07-17 20:59:59","15.15000","3","0.69","13.80000"
"all-available","Asia/Taipei","BTCUSDT","BTC-260718-60500-P","2026-07-18","60500","PUT","1h","2026-07-17 13:00:00","2026-07-17 21:00:00","25.000","50.000","25.000","50.000","20.69","2026-07-17 13:59:59","2026-07-17 21:59:59","833.30000","36","11.69","393.30000"
"all-available","Asia/Taipei","BTCUSDT","BTC-260718-60500-P","2026-07-18","60500","PUT","1h","2026-07-17 14:00:00","2026-07-17 22:00:00","20.000","20.000","15.000","20.000","5.14","2026-07-17 14:59:59","2026-07-17 22:59:59","98.85000","14","4.35","87.00000"
"all-available","Asia/Taipei","BTCUSDT","BTC-260718-60500-P","2026-07-18","60500","PUT","1h","2026-07-17 15:00:00","2026-07-17 23:00:00","20.000","20.000","10.000","10.000","0.92","2026-07-17 15:59:59","2026-07-17 23:59:59","15.00000","3","0.58","11.60000"
"all-available","Asia/Taipei","BTCUSDT","BTC-260718-60500-P","2026-07-18","60500","PUT","1h","2026-07-17 16:00:00","2026-07-18 00:00:00","10.000","10.000","10.000","10.000","0.00","2026-07-17 16:59:59","2026-07-18 00:59:59","0.00000","0","0.00","0.00000"
"all-available","Asia/Taipei","BTCUSDT","BTC-260718-60500-P","2026-07-18","60500","PUT","1h","2026-07-17 17:00:00","2026-07-18 01:00:00","10.000","10.000","10.000","10.000","0.00","2026-07-17 17:59:59","2026-07-18 01:59:59","0.00000","0","0.00","0.00000"
"all-available","Asia/Taipei","BTCUSDT","BTC-260718-60500-P","2026-07-18","60500","PUT","1h","2026-07-17 18:00:00","2026-07-18 02:00:00","10.000","10.000","10.000","10.000","0.00","2026-07-17 18:59:59","2026-07-18 02:59:59","0.00000","0","0.00","0.00000"
"all-available","Asia/Taipei","BTCUSDT","BTC-260718-60500-P","2026-07-18","60500","PUT","1h","2026-07-17 19:00:00","2026-07-18 03:00:00","5.000","5.000","5.000","5.000","0.63","2026-07-17 19:59:59","2026-07-18 03:59:59","3.15000","5","0.00","0.00000"
"all-available","Asia/Taipei","BTCUSDT","BTC-260718-60500-P","2026-07-18","60500","PUT","1h","2026-07-17 20:00:00","2026-07-18 04:00:00","5.000","5.000","5.000","5.000","0.00","2026-07-17 20:59:59","2026-07-18 04:59:59","0.00000","0","0.00","0.00000"
"all-available","Asia/Taipei","BTCUSDT","BTC-260718-60500-P","2026-07-18","60500","PUT","1h","2026-07-17 21:00:00","2026-07-18 05:00:00","5.000","5.000","5.000","5.000","0.00","2026-07-17 21:59:59","2026-07-18 05:59:59","0.00000","0","0.00","0.00000"
"all-available","Asia/Taipei","BTCUSDT","BTC-260718-60500-P","2026-07-18","60500","PUT","1h","2026-07-17 22:00:00","2026-07-18 06:00:00","5.000","5.000","5.000","5.000","0.00","2026-07-17 22:59:59","2026-07-18 06:59:59","0.00000","0","0.00","0.00000"
"all-available","Asia/Taipei","BTCUSDT","BTC-260718-60500-P","2026-07-18","60500","PUT","1h","2026-07-17 23:00:00","2026-07-18 07:00:00","5.000","5.000","5.000","5.000","0.00","2026-07-17 23:59:59","2026-07-18 07:59:59","0.00000","0","0.00","0.00000"
"all-available","Asia/Taipei","BTCUSDT","BTC-260718-60500-P","2026-07-18","60500","PUT","1h","2026-07-18 00:00:00","2026-07-18 08:00:00","5.000","5.000","5.000","5.000","0.00","2026-07-18 00:59:59","2026-07-18 08:59:59","0.00000","0","0.00","0.00000"
"all-available","Asia/Taipei","BTCUSDT","BTC-260718-60500-P","2026-07-18","60500","PUT","1h","2026-07-18 01:00:00","2026-07-18 09:00:00","5.000","5.000","5.000","5.000","0.00","2026-07-18 01:59:59","2026-07-18 09:59:59","0.00000","0","0.00","0.00000"
"all-available","Asia/Taipei","BTCUSDT","BTC-260718-60500-P","2026-07-18","60500","PUT","1h","2026-07-18 02:00:00","2026-07-18 10:00:00","5.000","5.000","5.000","5.000","0.00","2026-07-18 02:59:59","2026-07-18 10:59:59","0.00000","0","0.00","0.00000"
"all-available","Asia/Taipei","BTCUSDT","BTC-260718-60500-P","2026-07-18","60500","PUT","1h","2026-07-18 03:00:00","2026-07-18 11:00:00","5.000","5.000","5.000","5.000","0.00","2026-07-18 03:59:59","2026-07-18 11:59:59","0.00000","0","0.00","0.00000"
"all-available","Asia/Taipei","BTCUSDT","BTC-260718-60500-P","2026-07-18","60500","PUT","1h","2026-07-18 04:00:00","2026-07-18 12:00:00","5.000","5.000","5.000","5.000","0.00","2026-07-18 04:59:59","2026-07-18 12:59:59","0.00000","0","0.00","0.00000"
"all-available","Asia/Taipei","BTCUSDT","BTC-260718-60500-P","2026-07-18","60500","PUT","1h","2026-07-18 05:00:00","2026-07-18 13:00:00","5.000","5.000","5.000","5.000","0.00","2026-07-18 05:59:59","2026-07-18 13:59:59","0.00000","0","0.00","0.00000"
"all-available","Asia/Taipei","BTCUSDT","BTC-260718-60500-P","2026-07-18","60500","PUT","1h","2026-07-18 06:00:00","2026-07-18 14:00:00","5.000","5.000","5.000","5.000","0.00","2026-07-18 06:59:59","2026-07-18 14:59:59","0.00000","0","0.00","0.00000"
"all-available","Asia/Taipei","BTCUSDT","BTC-260718-60500-P","2026-07-18","60500","PUT","1h","2026-07-18 07:00:00","2026-07-18 15:00:00","5.000","5.000","5.000","5.000","0.00","2026-07-18 07:59:59","2026-07-18 15:59:59","0.00000","0","0.00","0.00000"
"all-available","Asia/Taipei","BTCUSDT","BTC-260718-61000-P","2026-07-18","61000","PUT","1h","2026-07-15 09:00:00","2026-07-15 17:00:00","45.000","45.000","45.000","45.000","0.05","2026-07-15 09:59:59","2026-07-15 17:59:59","2.25000","2","0.00","0.00000"
"all-available","Asia/Taipei","BTCUSDT","BTC-260718-61000-P","2026-07-18","61000","PUT","1h","2026-07-15 10:00:00","2026-07-15 18:00:00","50.000","50.000","50.000","50.000","0.46","2026-07-15 10:59:59","2026-07-15 18:59:59","23.00000","1","0.46","23.00000"
"all-available","Asia/Taipei","BTCUSDT","BTC-260718-61000-P","2026-07-18","61000","PUT","1h","2026-07-15 11:00:00","2026-07-15 19:00:00","50.000","50.000","50.000","50.000","0.00","2026-07-15 11:59:59","2026-07-15 19:59:59","0.00000","0","0.00","0.00000"
"all-available","Asia/Taipei","BTCUSDT","BTC-260718-61000-P","2026-07-18","61000","PUT","1h","2026-07-15 12:00:00","2026-07-15 20:00:00","35.000","35.000","35.000","35.000","0.28","2026-07-15 12:59:59","2026-07-15 20:59:59","9.80000","1","0.00","0.00000"
"all-available","Asia/Taipei","BTCUSDT","BTC-260718-61000-P","2026-07-18","61000","PUT","1h","2026-07-15 13:00:00","2026-07-15 21:00:00","35.000","35.000","35.000","35.000","0.00","2026-07-15 13:59:59","2026-07-15 21:59:59","0.00000","0","0.00","0.00000"
"all-available","Asia/Taipei","BTCUSDT","BTC-260718-61000-P","2026-07-18","61000","PUT","1h","2026-07-15 14:00:00","2026-07-15 22:00:00","35.000","35.000","35.000","35.000","0.00","2026-07-15 14:59:59","2026-07-15 22:59:59","0.00000","0","0.00","0.00000"
"all-available","Asia/Taipei","BTCUSDT","BTC-260718-61000-P","2026-07-18","61000","PUT","1h","2026-07-15 15:00:00","2026-07-15 23:00:00","35.000","35.000","35.000","35.000","0.00","2026-07-15 15:59:59","2026-07-15 23:59:59","0.00000","0","0.00","0.00000"
"all-available","Asia/Taipei","BTCUSDT","BTC-260718-61000-P","2026-07-18","61000","PUT","1h","2026-07-15 16:00:00","2026-07-16 00:00:00","35.000","35.000","35.000","35.000","0.00","2026-07-15 16:59:59","2026-07-16 00:59:59","0.00000","0","0.00","0.00000"
"all-available","Asia/Taipei","BTCUSDT","BTC-260718-61000-P","2026-07-18","61000","PUT","1h","2026-07-15 17:00:00","2026-07-16 01:00:00","35.000","35.000","35.000","35.000","0.00","2026-07-15 17:59:59","2026-07-16 01:59:59","0.00000","0","0.00","0.00000"
"all-available","Asia/Taipei","BTCUSDT","BTC-260718-61000-P","2026-07-18","61000","PUT","1h","2026-07-15 18:00:00","2026-07-16 02:00:00","35.000","35.000","35.000","35.000","0.00","2026-07-15 18:59:59","2026-07-16 02:59:59","0.00000","0","0.00","0.00000"
"all-available","Asia/Taipei","BTCUSDT","BTC-260718-61000-P","2026-07-18","61000","PUT","1h","2026-07-15 19:00:00","2026-07-16 03:00:00","35.000","35.000","35.000","35.000","0.00","2026-07-15 19:59:59","2026-07-16 03:59:59","0.00000","0","0.00","0.00000"
"all-available","Asia/Taipei","BTCUSDT","BTC-260718-61000-P","2026-07-18","61000","PUT","1h","2026-07-15 20:00:00","2026-07-16 04:00:00","35.000","35.000","35.000","35.000","0.00","2026-07-15 20:59:59","2026-07-16 04:59:59","0.00000","0","0.00","0.00000"
"all-available","Asia/Taipei","BTCUSDT","BTC-260718-61000-P","2026-07-18","61000","PUT","1h","2026-07-15 21:00:00","2026-07-16 05:00:00","35.000","35.000","35.000","35.000","0.00","2026-07-15 21:59:59","2026-07-16 05:59:59","0.00000","0","0.00","0.00000"
"all-available","Asia/Taipei","BTCUSDT","BTC-260718-61000-P","2026-07-18","61000","PUT","1h","2026-07-15 22:00:00","2026-07-16 06:00:00","35.000","35.000","35.000","35.000","0.00","2026-07-15 22:59:59","2026-07-16 06:59:59","0.00000","0","0.00","0.00000"
"all-available","Asia/Taipei","BTCUSDT","BTC-260718-61000-P","2026-07-18","61000","PUT","1h","2026-07-15 23:00:00","2026-07-16 07:00:00","25.000","25.000","25.000","25.000","5.53","2026-07-15 23:59:59","2026-07-16 07:59:59","138.25000","3","5.53","138.25000"
"all-available","Asia/Taipei","BTCUSDT","BTC-260718-61000-P","2026-07-18","61000","PUT","1h","2026-07-16 00:00:00","2026-07-16 08:00:00","25.000","25.000","25.000","25.000","0.00","2026-07-16 00:59:59","2026-07-16 08:59:59","0.00000","0","0.00","0.00000"
"all-available","Asia/Taipei","BTCUSDT","BTC-260718-61000-P","2026-07-18","61000","PUT","1h","2026-07-16 01:00:00","2026-07-16 09:00:00","25.000","25.000","25.000","25.000","0.00","2026-07-16 01:59:59","2026-07-16 09:59:59","0.00000","0","0.00","0.00000"
"all-available","Asia/Taipei","BTCUSDT","BTC-260718-61000-P","2026-07-18","61000","PUT","1h","2026-07-16 02:00:00","2026-07-16 10:00:00","25.000","25.000","25.000","25.000","0.00","2026-07-16 02:59:59","2026-07-16 10:59:59","0.00000","0","0.00","0.00000"
"all-available","Asia/Taipei","BTCUSDT","BTC-260718-61000-P","2026-07-18","61000","PUT","1h","2026-07-16 03:00:00","2026-07-16 11:00:00","25.000","25.000","25.000","25.000","0.00","2026-07-16 03:59:59","2026-07-16 11:59:59","0.00000","0","0.00","0.00000"
"all-available","Asia/Taipei","BTCUSDT","BTC-260718-61000-P","2026-07-18","61000","PUT","1h","2026-07-16 04:00:00","2026-07-16 12:00:00","25.000","25.000","25.000","25.000","10.00","2026-07-16 04:59:59","2026-07-16 12:59:59","250.00000","2","10.00","250.00000"
"all-available","Asia/Taipei","BTCUSDT","BTC-260718-61000-P","2026-07-18","61000","PUT","1h","2026-07-16 05:00:00","2026-07-16 13:00:00","25.000","25.000","25.000","25.000","0.00","2026-07-16 05:59:59","2026-07-16 13:59:59","0.00000","0","0.00","0.00000"
"all-available","Asia/Taipei","BTCUSDT","BTC-260718-61000-P","2026-07-18","61000","PUT","1h","2026-07-16 06:00:00","2026-07-16 14:00:00","25.000","25.000","20.000","20.000","7.45","2026-07-16 06:59:59","2026-07-16 14:59:59","182.05000","5","5.03","125.75000"
"all-available","Asia/Taipei","BTCUSDT","BTC-260718-61000-P","2026-07-18","61000","PUT","1h","2026-07-16 07:00:00","2026-07-16 15:00:00","25.000","55.000","25.000","55.000","4.41","2026-07-16 07:59:59","2026-07-16 15:59:59","180.35000","10","3.57","159.35000"
"all-available","Asia/Taipei","BTCUSDT","BTC-260718-61000-P","2026-07-18","61000","PUT","1h","2026-07-16 08:00:00","2026-07-16 16:00:00","60.000","60.000","35.000","40.000","81.23","2026-07-16 08:59:59","2026-07-16 16:59:59","3226.00000","28","80.74","3196.80000"
"all-available","Asia/Taipei","BTCUSDT","BTC-260718-61000-P","2026-07-18","61000","PUT","1h","2026-07-16 09:00:00","2026-07-16 17:00:00","40.000","40.000","35.000","40.000","0.91","2026-07-16 09:59:59","2026-07-16 17:59:59","36.30000","4","0.89","35.60000"
"all-available","Asia/Taipei","BTCUSDT","BTC-260718-61000-P","2026-07-18","61000","PUT","1h","2026-07-16 10:00:00","2026-07-16 18:00:00","35.000","35.000","35.000","35.000","2.74","2026-07-16 10:59:59","2026-07-16 18:59:59","95.90000","3","2.74","95.90000"
"all-available","Asia/Taipei","BTCUSDT","BTC-260718-61000-P","2026-07-18","61000","PUT","1h","2026-07-16 11:00:00","2026-07-16 19:00:00","35.000","35.000","35.000","35.000","0.00","2026-07-16 11:59:59","2026-07-16 19:59:59","0.00000","0","0.00","0.00000"
"all-available","Asia/Taipei","BTCUSDT","BTC-260718-61000-P","2026-07-18","61000","PUT","1h","2026-07-16 12:00:00","2026-07-16 20:00:00","35.000","35.000","35.000","35.000","0.33","2026-07-16 12:59:59","2026-07-16 20:59:59","11.55000","1","0.33","11.55000"
"all-available","Asia/Taipei","BTCUSDT","BTC-260718-61000-P","2026-07-18","61000","PUT","1h","2026-07-16 13:00:00","2026-07-16 21:00:00","35.000","35.000","35.000","35.000","0.00","2026-07-16 13:59:59","2026-07-16 21:59:59","0.00000","0","0.00","0.00000"
"all-available","Asia/Taipei","BTCUSDT","BTC-260718-61000-P","2026-07-18","61000","PUT","1h","2026-07-16 14:00:00","2026-07-16 22:00:00","25.000","25.000","25.000","25.000","2.36","2026-07-16 14:59:59","2026-07-16 22:59:59","59.00000","3","0.00","0.00000"
"all-available","Asia/Taipei","BTCUSDT","BTC-260718-61000-P","2026-07-18","61000","PUT","1h","2026-07-16 15:00:00","2026-07-16 23:00:00","25.000","25.000","25.000","25.000","0.00","2026-07-16 15:59:59","2026-07-16 23:59:59","0.00000","0","0.00","0.00000"
"all-available","Asia/Taipei","BTCUSDT","BTC-260718-61000-P","2026-07-18","61000","PUT","1h","2026-07-16 16:00:00","2026-07-17 00:00:00","20.000","20.000","20.000","20.000","3.17","2026-07-16 16:59:59","2026-07-17 00:59:59","63.40000","7","3.17","63.40000"
"all-available","Asia/Taipei","BTCUSDT","BTC-260718-61000-P","2026-07-18","61000","PUT","1h","2026-07-16 17:00:00","2026-07-17 01:00:00","25.000","25.000","25.000","25.000","1.85","2026-07-16 17:59:59","2026-07-17 01:59:59","46.25000","10","0.85","21.25000"
"all-available","Asia/Taipei","BTCUSDT","BTC-260718-61000-P","2026-07-18","61000","PUT","1h","2026-07-16 18:00:00","2026-07-17 02:00:00","25.000","25.000","25.000","25.000","0.01","2026-07-16 18:59:59","2026-07-17 02:59:59","0.25000","1","0.00","0.00000"
"all-available","Asia/Taipei","BTCUSDT","BTC-260718-61000-P","2026-07-18","61000","PUT","1h","2026-07-16 19:00:00","2026-07-17 03:00:00","20.000","20.000","20.000","20.000","0.55","2026-07-16 19:59:59","2026-07-17 03:59:59","11.00000","5","0.00","0.00000"
"all-available","Asia/Taipei","BTCUSDT","BTC-260718-61000-P","2026-07-18","61000","PUT","1h","2026-07-16 20:00:00","2026-07-17 04:00:00","20.000","20.000","20.000","20.000","0.00","2026-07-16 20:59:59","2026-07-17 04:59:59","0.00000","0","0.00","0.00000"
"all-available","Asia/Taipei","BTCUSDT","BTC-260718-61000-P","2026-07-18","61000","PUT","1h","2026-07-16 21:00:00","2026-07-17 05:00:00","20.000","20.000","20.000","20.000","0.00","2026-07-16 21:59:59","2026-07-17 05:59:59","0.00000","0","0.00","0.00000"
"all-available","Asia/Taipei","BTCUSDT","BTC-260718-61000-P","2026-07-18","61000","PUT","1h","2026-07-16 22:00:00","2026-07-17 06:00:00","20.000","20.000","20.000","20.000","0.44","2026-07-16 22:59:59","2026-07-17 06:59:59","8.80000","3","0.44","8.80000"
"all-available","Asia/Taipei","BTCUSDT","BTC-260718-61000-P","2026-07-18","61000","PUT","1h","2026-07-16 23:00:00","2026-07-17 07:00:00","25.000","25.000","25.000","25.000","0.01","2026-07-16 23:59:59","2026-07-17 07:59:59","0.25000","1","0.01","0.25000"
"all-available","Asia/Taipei","BTCUSDT","BTC-260718-61000-P","2026-07-18","61000","PUT","1h","2026-07-17 00:00:00","2026-07-17 08:00:00","25.000","30.000","25.000","30.000","20.36","2026-07-17 00:59:59","2026-07-17 08:59:59","609.00000","7","20.36","609.00000"
"all-available","Asia/Taipei","BTCUSDT","BTC-260718-61000-P","2026-07-18","61000","PUT","1h","2026-07-17 01:00:00","2026-07-17 09:00:00","25.000","25.000","25.000","25.000","10.00","2026-07-17 01:59:59","2026-07-17 09:59:59","250.00000","5","0.00","0.00000"
"all-available","Asia/Taipei","BTCUSDT","BTC-260718-61000-P","2026-07-18","61000","PUT","1h","2026-07-17 02:00:00","2026-07-17 10:00:00","50.000","50.000","50.000","50.000","10.00","2026-07-17 02:59:59","2026-07-17 10:59:59","500.00000","5","10.00","500.00000"
"all-available","Asia/Taipei","BTCUSDT","BTC-260718-61000-P","2026-07-18","61000","PUT","1h","2026-07-17 03:00:00","2026-07-17 11:00:00","40.000","40.000","35.000","35.000","1.02","2026-07-17 03:59:59","2026-07-17 11:59:59","36.70000","6","0.82","28.70000"
"all-available","Asia/Taipei","BTCUSDT","BTC-260718-61000-P","2026-07-18","61000","PUT","1h","2026-07-17 04:00:00","2026-07-17 12:00:00","35.000","35.000","35.000","35.000","0.00","2026-07-17 04:59:59","2026-07-17 12:59:59","0.00000","0","0.00","0.00000"
"all-available","Asia/Taipei","BTCUSDT","BTC-260718-61000-P","2026-07-18","61000","PUT","1h","2026-07-17 05:00:00","2026-07-17 13:00:00","45.000","95.000","45.000","95.000","20.65","2026-07-17 05:59:59","2026-07-17 13:59:59","1682.55000","11","5.64","256.95000"
"all-available","Asia/Taipei","BTCUSDT","BTC-260718-61000-P","2026-07-18","61000","PUT","1h","2026-07-17 06:00:00","2026-07-17 14:00:00","95.000","105.000","85.000","85.000","6.84","2026-07-17 06:59:59","2026-07-17 14:59:59","663.10000","6","3.64","374.60000"
"all-available","Asia/Taipei","BTCUSDT","BTC-260718-61000-P","2026-07-18","61000","PUT","1h","2026-07-17 07:00:00","2026-07-17 15:00:00","90.000","90.000","75.000","80.000","1.82","2026-07-17 07:59:59","2026-07-17 15:59:59","152.50000","10","1.50","127.00000"
"all-available","Asia/Taipei","BTCUSDT","BTC-260718-61000-P","2026-07-18","61000","PUT","1h","2026-07-17 08:00:00","2026-07-17 16:00:00","85.000","85.000","45.000","45.000","13.88","2026-07-17 08:59:59","2026-07-17 16:59:59","782.90000","33","11.94","667.20000"
"all-available","Asia/Taipei","BTCUSDT","BTC-260718-61000-P","2026-07-18","61000","PUT","1h","2026-07-17 09:00:00","2026-07-17 17:00:00","45.000","50.000","40.000","45.000","55.43","2026-07-17 09:59:59","2026-07-17 17:59:59","2496.85000","27","52.41","2362.10000"
"all-available","Asia/Taipei","BTCUSDT","BTC-260718-61000-P","2026-07-18","61000","PUT","1h","2026-07-17 10:00:00","2026-07-17 18:00:00","35.000","35.000","30.000","30.000","6.46","2026-07-17 10:59:59","2026-07-17 18:59:59","208.85000","7","0.01","0.35000"
"all-available","Asia/Taipei","BTCUSDT","BTC-260718-61000-P","2026-07-18","61000","PUT","1h","2026-07-17 11:00:00","2026-07-17 19:00:00","30.000","35.000","30.000","30.000","60.18","2026-07-17 11:59:59","2026-07-17 19:59:59","1820.40000","56","58.18","1760.40000"
"all-available","Asia/Taipei","BTCUSDT","BTC-260718-61000-P","2026-07-18","61000","PUT","1h","2026-07-17 12:00:00","2026-07-17 20:00:00","25.000","25.000","25.000","25.000","4.80","2026-07-17 12:59:59","2026-07-17 20:59:59","120.00000","2","4.80","120.00000"
"all-available","Asia/Taipei","BTCUSDT","BTC-260718-61000-P","2026-07-18","61000","PUT","1h","2026-07-17 13:00:00","2026-07-17 21:00:00","30.000","80.000","30.000","45.000","25.45","2026-07-17 13:59:59","2026-07-17 21:59:59","1515.65000","28","6.64","324.30000"
"all-available","Asia/Taipei","BTCUSDT","BTC-260718-61000-P","2026-07-18","61000","PUT","1h","2026-07-17 14:00:00","2026-07-17 22:00:00","30.000","30.000","25.000","30.000","81.17","2026-07-17 14:59:59","2026-07-17 22:59:59","2249.15000","37","10.84","296.40000"
"all-available","Asia/Taipei","BTCUSDT","BTC-260718-61000-P","2026-07-18","61000","PUT","1h","2026-07-17 15:00:00","2026-07-17 23:00:00","25.000","25.000","15.000","15.000","0.80","2026-07-17 15:59:59","2026-07-17 23:59:59","19.50000","4","0.75","18.75000"
"all-available","Asia/Taipei","BTCUSDT","BTC-260718-61000-P","2026-07-18","61000","PUT","1h","2026-07-17 16:00:00","2026-07-18 00:00:00","10.000","10.000","10.000","10.000","6.23","2026-07-17 16:59:59","2026-07-18 00:59:59","62.30000","3","6.23","62.30000"
"all-available","Asia/Taipei","BTCUSDT","BTC-260718-61000-P","2026-07-18","61000","PUT","1h","2026-07-17 17:00:00","2026-07-18 01:00:00","10.000","10.000","10.000","10.000","0.00","2026-07-17 17:59:59","2026-07-18 01:59:59","0.00000","0","0.00","0.00000"
"all-available","Asia/Taipei","BTCUSDT","BTC-260718-61000-P","2026-07-18","61000","PUT","1h","2026-07-17 18:00:00","2026-07-18 02:00:00","5.000","5.000","5.000","5.000","2.86","2026-07-17 18:59:59","2026-07-18 02:59:59","14.30000","8","0.00","0.00000"
"all-available","Asia/Taipei","BTCUSDT","BTC-260718-61000-P","2026-07-18","61000","PUT","1h","2026-07-17 19:00:00","2026-07-18 03:00:00","5.000","5.000","5.000","5.000","1.46","2026-07-17 19:59:59","2026-07-18 03:59:59","7.30000","6","0.00","0.00000"
"all-available","Asia/Taipei","BTCUSDT","BTC-260718-61000-P","2026-07-18","61000","PUT","1h","2026-07-17 20:00:00","2026-07-18 04:00:00","5.000","5.000","5.000","5.000","0.00","2026-07-17 20:59:59","2026-07-18 04:59:59","0.00000","0","0.00","0.00000"
"all-available","Asia/Taipei","BTCUSDT","BTC-260718-61000-P","2026-07-18","61000","PUT","1h","2026-07-17 21:00:00","2026-07-18 05:00:00","5.000","5.000","5.000","5.000","1.00","2026-07-17 21:59:59","2026-07-18 05:59:59","5.00000","2","1.00","5.00000"
"all-available","Asia/Taipei","BTCUSDT","BTC-260718-61000-P","2026-07-18","61000","PUT","1h","2026-07-17 22:00:00","2026-07-18 06:00:00","5.000","5.000","5.000","5.000","0.00","2026-07-17 22:59:59","2026-07-18 06:59:59","0.00000","0","0.00","0.00000"
"all-available","Asia/Taipei","BTCUSDT","BTC-260718-61000-P","2026-07-18","61000","PUT","1h","2026-07-17 23:00:00","2026-07-18 07:00:00","5.000","5.000","5.000","5.000","0.00","2026-07-17 23:59:59","2026-07-18 07:59:59","0.00000","0","0.00","0.00000"
"all-available","Asia/Taipei","BTCUSDT","BTC-260718-61000-P","2026-07-18","61000","PUT","1h","2026-07-18 00:00:00","2026-07-18 08:00:00","5.000","5.000","5.000","5.000","0.00","2026-07-18 00:59:59","2026-07-18 08:59:59","0.00000","0","0.00","0.00000"
"all-available","Asia/Taipei","BTCUSDT","BTC-260718-61000-P","2026-07-18","61000","PUT","1h","2026-07-18 01:00:00","2026-07-18 09:00:00","5.000","5.000","5.000","5.000","0.00","2026-07-18 01:59:59","2026-07-18 09:59:59","0.00000","0","0.00","0.00000"
"all-available","Asia/Taipei","BTCUSDT","BTC-260718-61000-P","2026-07-18","61000","PUT","1h","2026-07-18 02:00:00","2026-07-18 10:00:00","5.000","5.000","5.000","5.000","0.00","2026-07-18 02:59:59","2026-07-18 10:59:59","0.00000","0","0.00","0.00000"
"all-available","Asia/Taipei","BTCUSDT","BTC-260718-61000-P","2026-07-18","61000","PUT","1h","2026-07-18 03:00:00","2026-07-18 11:00:00","5.000","5.000","5.000","5.000","0.00","2026-07-18 03:59:59","2026-07-18 11:59:59","0.00000","0","0.00","0.00000"
"all-available","Asia/Taipei","BTCUSDT","BTC-260718-61000-P","2026-07-18","61000","PUT","1h","2026-07-18 04:00:00","2026-07-18 12:00:00","5.000","5.000","5.000","5.000","0.00","2026-07-18 04:59:59","2026-07-18 12:59:59","0.00000","0","0.00","0.00000"
"all-available","Asia/Taipei","BTCUSDT","BTC-260718-61000-P","2026-07-18","61000","PUT","1h","2026-07-18 05:00:00","2026-07-18 13:00:00","5.000","5.000","5.000","5.000","0.00","2026-07-18 05:59:59","2026-07-18 13:59:59","0.00000","0","0.00","0.00000"
"all-available","Asia/Taipei","BTCUSDT","BTC-260718-61000-P","2026-07-18","61000","PUT","1h","2026-07-18 06:00:00","2026-07-18 14:00:00","5.000","5.000","5.000","5.000","0.00","2026-07-18 06:59:59","2026-07-18 14:59:59","0.00000","0","0.00","0.00000"
"all-available","Asia/Taipei","BTCUSDT","BTC-260718-61000-P","2026-07-18","61000","PUT","1h","2026-07-18 07:00:00","2026-07-18 15:00:00","5.000","5.000","5.000","5.000","1.47","2026-07-18 07:59:59","2026-07-18 15:59:59","7.35000","1","1.47","7.35000"
"all-available","Asia/Taipei","BTCUSDT","BTC-260718-61500-C","2026-07-18","61500","CALL","1h","2026-07-16 00:00:00","2026-07-16 08:00:00","3100.000","3100.000","3100.000","3100.000","0.04","2026-07-16 00:59:59","2026-07-16 08:59:59","124.00000","1","0.00","0.00000"
"all-available","Asia/Taipei","BTCUSDT","BTC-260718-61500-C","2026-07-18","61500","CALL","1h","2026-07-16 01:00:00","2026-07-16 09:00:00","3100.000","3100.000","3100.000","3100.000","0.00","2026-07-16 01:59:59","2026-07-16 09:59:59","0.00000","0","0.00","0.00000"
"all-available","Asia/Taipei","BTCUSDT","BTC-260718-61500-C","2026-07-18","61500","CALL","1h","2026-07-16 02:00:00","2026-07-16 10:00:00","3100.000","3100.000","3100.000","3100.000","0.00","2026-07-16 02:59:59","2026-07-16 10:59:59","0.00000","0","0.00","0.00000"
"all-available","Asia/Taipei","BTCUSDT","BTC-260718-61500-C","2026-07-18","61500","CALL","1h","2026-07-16 03:00:00","2026-07-16 11:00:00","3100.000","3100.000","3100.000","3100.000","0.00","2026-07-16 03:59:59","2026-07-16 11:59:59","0.00000","0","0.00","0.00000"
"all-available","Asia/Taipei","BTCUSDT","BTC-260718-61500-C","2026-07-18","61500","CALL","1h","2026-07-16 04:00:00","2026-07-16 12:00:00","3100.000","3100.000","3100.000","3100.000","0.00","2026-07-16 04:59:59","2026-07-16 12:59:59","0.00000","0","0.00","0.00000"
"all-available","Asia/Taipei","BTCUSDT","BTC-260718-61500-C","2026-07-18","61500","CALL","1h","2026-07-16 05:00:00","2026-07-16 13:00:00","3400.000","3400.000","3400.000","3400.000","0.04","2026-07-16 05:59:59","2026-07-16 13:59:59","136.00000","1","0.04","136.00000"
"all-available","Asia/Taipei","BTCUSDT","BTC-260718-61500-C","2026-07-18","61500","CALL","1h","2026-07-16 06:00:00","2026-07-16 14:00:00","3400.000","3400.000","3400.000","3400.000","0.00","2026-07-16 06:59:59","2026-07-16 14:59:59","0.00000","0","0.00","0.00000"
"all-available","Asia/Taipei","BTCUSDT","BTC-260718-61500-C","2026-07-18","61500","CALL","1h","2026-07-16 07:00:00","2026-07-16 15:00:00","3400.000","3400.000","3400.000","3400.000","0.00","2026-07-16 07:59:59","2026-07-16 15:59:59","0.00000","0","0.00","0.00000"
"all-available","Asia/Taipei","BTCUSDT","BTC-260718-61500-C","2026-07-18","61500","CALL","1h","2026-07-16 08:00:00","2026-07-16 16:00:00","3400.000","3400.000","3400.000","3400.000","0.00","2026-07-16 08:59:59","2026-07-16 16:59:59","0.00000","0","0.00","0.00000"
"all-available","Asia/Taipei","BTCUSDT","BTC-260718-61500-C","2026-07-18","61500","CALL","1h","2026-07-16 09:00:00","2026-07-16 17:00:00","3400.000","3400.000","3400.000","3400.000","0.00","2026-07-16 09:59:59","2026-07-16 17:59:59","0.00000","0","0.00","0.00000"
"all-available","Asia/Taipei","BTCUSDT","BTC-260718-61500-C","2026-07-18","61500","CALL","1h","2026-07-16 10:00:00","2026-07-16 18:00:00","3400.000","3400.000","3400.000","3400.000","0.00","2026-07-16 10:59:59","2026-07-16 18:59:59","0.00000","0","0.00","0.00000"
"all-available","Asia/Taipei","BTCUSDT","BTC-260718-61500-C","2026-07-18","61500","CALL","1h","2026-07-16 11:00:00","2026-07-16 19:00:00","3400.000","3400.000","3400.000","3400.000","0.00","2026-07-16 11:59:59","2026-07-16 19:59:59","0.00000","0","0.00","0.00000"
"all-available","Asia/Taipei","BTCUSDT","BTC-260718-61500-C","2026-07-18","61500","CALL","1h","2026-07-16 12:00:00","2026-07-16 20:00:00","3400.000","3400.000","3400.000","3400.000","0.00","2026-07-16 12:59:59","2026-07-16 20:59:59","0.00000","0","0.00","0.00000"
"all-available","Asia/Taipei","BTCUSDT","BTC-260718-61500-C","2026-07-18","61500","CALL","1h","2026-07-16 13:00:00","2026-07-16 21:00:00","3400.000","3400.000","3400.000","3400.000","0.00","2026-07-16 13:59:59","2026-07-16 21:59:59","0.00000","0","0.00","0.00000"
"all-available","Asia/Taipei","BTCUSDT","BTC-260718-61500-C","2026-07-18","61500","CALL","1h","2026-07-16 14:00:00","2026-07-16 22:00:00","3400.000","3400.000","3400.000","3400.000","0.00","2026-07-16 14:59:59","2026-07-16 22:59:59","0.00000","0","0.00","0.00000"
"all-available","Asia/Taipei","BTCUSDT","BTC-260718-61500-C","2026-07-18","61500","CALL","1h","2026-07-16 15:00:00","2026-07-16 23:00:00","3400.000","3400.000","3400.000","3400.000","0.00","2026-07-16 15:59:59","2026-07-16 23:59:59","0.00000","0","0.00","0.00000"
"all-available","Asia/Taipei","BTCUSDT","BTC-260718-61500-C","2026-07-18","61500","CALL","1h","2026-07-16 16:00:00","2026-07-17 00:00:00","3400.000","3400.000","3400.000","3400.000","0.00","2026-07-16 16:59:59","2026-07-17 00:59:59","0.00000","0","0.00","0.00000"
"all-available","Asia/Taipei","BTCUSDT","BTC-260718-61500-C","2026-07-18","61500","CALL","1h","2026-07-16 17:00:00","2026-07-17 01:00:00","3400.000","3400.000","3400.000","3400.000","0.00","2026-07-16 17:59:59","2026-07-17 01:59:59","0.00000","0","0.00","0.00000"
"all-available","Asia/Taipei","BTCUSDT","BTC-260718-61500-C","2026-07-18","61500","CALL","1h","2026-07-16 18:00:00","2026-07-17 02:00:00","3400.000","3400.000","3400.000","3400.000","0.00","2026-07-16 18:59:59","2026-07-17 02:59:59","0.00000","0","0.00","0.00000"
"all-available","Asia/Taipei","BTCUSDT","BTC-260718-61500-C","2026-07-18","61500","CALL","1h","2026-07-16 19:00:00","2026-07-17 03:00:00","3400.000","3400.000","3400.000","3400.000","0.00","2026-07-16 19:59:59","2026-07-17 03:59:59","0.00000","0","0.00","0.00000"
"all-available","Asia/Taipei","BTCUSDT","BTC-260718-61500-C","2026-07-18","61500","CALL","1h","2026-07-16 20:00:00","2026-07-17 04:00:00","3400.000","3400.000","3400.000","3400.000","0.00","2026-07-16 20:59:59","2026-07-17 04:59:59","0.00000","0","0.00","0.00000"
"all-available","Asia/Taipei","BTCUSDT","BTC-260718-61500-C","2026-07-18","61500","CALL","1h","2026-07-16 21:00:00","2026-07-17 05:00:00","3400.000","3400.000","3400.000","3400.000","0.00","2026-07-16 21:59:59","2026-07-17 05:59:59","0.00000","0","0.00","0.00000"
"all-available","Asia/Taipei","BTCUSDT","BTC-260718-61500-C","2026-07-18","61500","CALL","1h","2026-07-16 22:00:00","2026-07-17 06:00:00","3400.000","3400.000","3400.000","3400.000","0.00","2026-07-16 22:59:59","2026-07-17 06:59:59","0.00000","0","0.00","0.00000"
"all-available","Asia/Taipei","BTCUSDT","BTC-260718-61500-C","2026-07-18","61500","CALL","1h","2026-07-16 23:00:00","2026-07-17 07:00:00","3400.000","3400.000","3400.000","3400.000","0.00","2026-07-16 23:59:59","2026-07-17 07:59:59","0.00000","0","0.00","0.00000"
"all-available","Asia/Taipei","BTCUSDT","BTC-260718-61500-C","2026-07-18","61500","CALL","1h","2026-07-17 00:00:00","2026-07-17 08:00:00","3400.000","3400.000","3400.000","3400.000","0.00","2026-07-17 00:59:59","2026-07-17 08:59:59","0.00000","0","0.00","0.00000"
"all-available","Asia/Taipei","BTCUSDT","BTC-260718-61500-C","2026-07-18","61500","CALL","1h","2026-07-17 01:00:00","2026-07-17 09:00:00","3400.000","3400.000","3400.000","3400.000","0.00","2026-07-17 01:59:59","2026-07-17 09:59:59","0.00000","0","0.00","0.00000"
"all-available","Asia/Taipei","BTCUSDT","BTC-260718-61500-C","2026-07-18","61500","CALL","1h","2026-07-17 02:00:00","2026-07-17 10:00:00","3400.000","3400.000","3400.000","3400.000","0.00","2026-07-17 02:59:59","2026-07-17 10:59:59","0.00000","0","0.00","0.00000"
"all-available","Asia/Taipei","BTCUSDT","BTC-260718-61500-C","2026-07-18","61500","CALL","1h","2026-07-17 03:00:00","2026-07-17 11:00:00","3400.000","3400.000","3400.000","3400.000","0.00","2026-07-17 03:59:59","2026-07-17 11:59:59","0.00000","0","0.00","0.00000"
"all-available","Asia/Taipei","BTCUSDT","BTC-260718-61500-C","2026-07-18","61500","CALL","1h","2026-07-17 04:00:00","2026-07-17 12:00:00","3400.000","3400.000","3400.000","3400.000","0.00","2026-07-17 04:59:59","2026-07-17 12:59:59","0.00000","0","0.00","0.00000"
"all-available","Asia/Taipei","BTCUSDT","BTC-260718-61500-C","2026-07-18","61500","CALL","1h","2026-07-17 05:00:00","2026-07-17 13:00:00","3400.000","3400.000","3400.000","3400.000","0.00","2026-07-17 05:59:59","2026-07-17 13:59:59","0.00000","0","0.00","0.00000"
"all-available","Asia/Taipei","BTCUSDT","BTC-260718-61500-C","2026-07-18","61500","CALL","1h","2026-07-17 06:00:00","2026-07-17 14:00:00","3400.000","3400.000","3400.000","3400.000","0.00","2026-07-17 06:59:59","2026-07-17 14:59:59","0.00000","0","0.00","0.00000"
"all-available","Asia/Taipei","BTCUSDT","BTC-260718-61500-C","2026-07-18","61500","CALL","1h","2026-07-17 07:00:00","2026-07-17 15:00:00","3400.000","3400.000","3400.000","3400.000","0.00","2026-07-17 07:59:59","2026-07-17 15:59:59","0.00000","0","0.00","0.00000"
"all-available","Asia/Taipei","BTCUSDT","BTC-260718-61500-C","2026-07-18","61500","CALL","1h","2026-07-17 08:00:00","2026-07-17 16:00:00","1315.000","1315.000","1315.000","1315.000","1.00","2026-07-17 08:59:59","2026-07-17 16:59:59","1315.00000","1","0.00","0.00000"
"all-available","Asia/Taipei","BTCUSDT","BTC-260718-61500-C","2026-07-18","61500","CALL","1h","2026-07-17 09:00:00","2026-07-17 17:00:00","1315.000","1315.000","1315.000","1315.000","0.00","2026-07-17 09:59:59","2026-07-17 17:59:59","0.00000","0","0.00","0.00000"
"all-available","Asia/Taipei","BTCUSDT","BTC-260718-61500-C","2026-07-18","61500","CALL","1h","2026-07-17 10:00:00","2026-07-17 18:00:00","1315.000","1315.000","1315.000","1315.000","0.00","2026-07-17 10:59:59","2026-07-17 18:59:59","0.00000","0","0.00","0.00000"
"all-available","Asia/Taipei","BTCUSDT","BTC-260718-61500-C","2026-07-18","61500","CALL","1h","2026-07-17 11:00:00","2026-07-17 19:00:00","1315.000","1315.000","1315.000","1315.000","0.00","2026-07-17 11:59:59","2026-07-17 19:59:59","0.00000","0","0.00","0.00000"
"all-available","Asia/Taipei","BTCUSDT","BTC-260718-61500-C","2026-07-18","61500","CALL","1h","2026-07-17 12:00:00","2026-07-17 20:00:00","1660.000","1660.000","1660.000","1660.000","0.20","2026-07-17 12:59:59","2026-07-17 20:59:59","332.00000","1","0.20","332.00000"
"all-available","Asia/Taipei","BTCUSDT","BTC-260718-61500-C","2026-07-18","61500","CALL","1h","2026-07-17 13:00:00","2026-07-17 21:00:00","1660.000","1660.000","1660.000","1660.000","0.00","2026-07-17 13:59:59","2026-07-17 21:59:59","0.00000","0","0.00","0.00000"
"all-available","Asia/Taipei","BTCUSDT","BTC-260718-61500-C","2026-07-18","61500","CALL","1h","2026-07-17 14:00:00","2026-07-17 22:00:00","1860.000","1860.000","1860.000","1860.000","0.20","2026-07-17 14:59:59","2026-07-17 22:59:59","372.00000","1","0.20","372.00000"
"all-available","Asia/Taipei","BTCUSDT","BTC-260718-61500-C","2026-07-18","61500","CALL","1h","2026-07-17 15:00:00","2026-07-17 23:00:00","1860.000","1860.000","1860.000","1860.000","0.00","2026-07-17 15:59:59","2026-07-17 23:59:59","0.00000","0","0.00","0.00000"
"all-available","Asia/Taipei","BTCUSDT","BTC-260718-61500-C","2026-07-18","61500","CALL","1h","2026-07-17 16:00:00","2026-07-18 00:00:00","2060.000","2060.000","2060.000","2060.000","0.20","2026-07-17 16:59:59","2026-07-18 00:59:59","412.00000","2","0.20","412.00000"
"all-available","Asia/Taipei","BTCUSDT","BTC-260718-61500-C","2026-07-18","61500","CALL","1h","2026-07-17 17:00:00","2026-07-18 01:00:00","2060.000","2060.000","2060.000","2060.000","0.00","2026-07-17 17:59:59","2026-07-18 01:59:59","0.00000","0","0.00","0.00000"
"all-available","Asia/Taipei","BTCUSDT","BTC-260718-61500-C","2026-07-18","61500","CALL","1h","2026-07-17 18:00:00","2026-07-18 02:00:00","2060.000","2060.000","2060.000","2060.000","0.00","2026-07-17 18:59:59","2026-07-18 02:59:59","0.00000","0","0.00","0.00000"
"all-available","Asia/Taipei","BTCUSDT","BTC-260718-61500-C","2026-07-18","61500","CALL","1h","2026-07-17 19:00:00","2026-07-18 03:00:00","2060.000","2060.000","2060.000","2060.000","0.00","2026-07-17 19:59:59","2026-07-18 03:59:59","0.00000","0","0.00","0.00000"
"all-available","Asia/Taipei","BTCUSDT","BTC-260718-61500-C","2026-07-18","61500","CALL","1h","2026-07-17 20:00:00","2026-07-18 04:00:00","2060.000","2060.000","2060.000","2060.000","0.00","2026-07-17 20:59:59","2026-07-18 04:59:59","0.00000","0","0.00","0.00000"
"all-available","Asia/Taipei","BTCUSDT","BTC-260718-61500-C","2026-07-18","61500","CALL","1h","2026-07-17 21:00:00","2026-07-18 05:00:00","2060.000","2060.000","2060.000","2060.000","0.00","2026-07-17 21:59:59","2026-07-18 05:59:59","0.00000","0","0.00","0.00000"
"all-available","Asia/Taipei","BTCUSDT","BTC-260718-61500-C","2026-07-18","61500","CALL","1h","2026-07-17 22:00:00","2026-07-18 06:00:00","2060.000","2060.000","2060.000","2060.000","0.00","2026-07-17 22:59:59","2026-07-18 06:59:59","0.00000","0","0.00","0.00000"
"all-available","Asia/Taipei","BTCUSDT","BTC-260718-61500-C","2026-07-18","61500","CALL","1h","2026-07-17 23:00:00","2026-07-18 07:00:00","2060.000","2060.000","2060.000","2060.000","0.00","2026-07-17 23:59:59","2026-07-18 07:59:59","0.00000","0","0.00","0.00000"
"all-available","Asia/Taipei","BTCUSDT","BTC-260718-61500-C","2026-07-18","61500","CALL","1h","2026-07-18 00:00:00","2026-07-18 08:00:00","2060.000","2060.000","2060.000","2060.000","0.00","2026-07-18 00:59:59","2026-07-18 08:59:59","0.00000","0","0.00","0.00000"
"all-available","Asia/Taipei","BTCUSDT","BTC-260718-61500-C","2026-07-18","61500","CALL","1h","2026-07-18 01:00:00","2026-07-18 09:00:00","2060.000","2060.000","2060.000","2060.000","0.00","2026-07-18 01:59:59","2026-07-18 09:59:59","0.00000","0","0.00","0.00000"
"all-available","Asia/Taipei","BTCUSDT","BTC-260718-61500-C","2026-07-18","61500","CALL","1h","2026-07-18 02:00:00","2026-07-18 10:00:00","2060.000","2060.000","2060.000","2060.000","0.00","2026-07-18 02:59:59","2026-07-18 10:59:59","0.00000","0","0.00","0.00000"
"all-available","Asia/Taipei","BTCUSDT","BTC-260718-61500-C","2026-07-18","61500","CALL","1h","2026-07-18 03:00:00","2026-07-18 11:00:00","2060.000","2060.000","2060.000","2060.000","0.00","2026-07-18 03:59:59","2026-07-18 11:59:59","0.00000","0","0.00","0.00000"
"all-available","Asia/Taipei","BTCUSDT","BTC-260718-61500-C","2026-07-18","61500","CALL","1h","2026-07-18 04:00:00","2026-07-18 12:00:00","2060.000","2060.000","2060.000","2060.000","0.00","2026-07-18 04:59:59","2026-07-18 12:59:59","0.00000","0","0.00","0.00000"
"all-available","Asia/Taipei","BTCUSDT","BTC-260718-61500-C","2026-07-18","61500","CALL","1h","2026-07-18 05:00:00","2026-07-18 13:00:00","2060.000","2060.000","2060.000","2060.000","0.00","2026-07-18 05:59:59","2026-07-18 13:59:59","0.00000","0","0.00","0.00000"
"all-available","Asia/Taipei","BTCUSDT","BTC-260718-61500-C","2026-07-18","61500","CALL","1h","2026-07-18 06:00:00","2026-07-18 14:00:00","2060.000","2060.000","2060.000","2060.000","0.00","2026-07-18 06:59:59","2026-07-18 14:59:59","0.00000","0","0.00","0.00000"
"all-available","Asia/Taipei","BTCUSDT","BTC-260718-61500-C","2026-07-18","61500","CALL","1h","2026-07-18 07:00:00","2026-07-18 15:00:00","2060.000","2060.000","2060.000","2060.000","0.00","2026-07-18 07:59:59","2026-07-18 15:59:59","0.00000","0","0.00","0.00000"
"all-available","Asia/Taipei","BTCUSDT","BTC-260718-61500-P","2026-07-18","61500","PUT","1h","2026-07-15 09:00:00","2026-07-15 17:00:00","75.000","75.000","70.000","70.000","0.26","2026-07-15 09:59:59","2026-07-15 17:59:59","18.25000","4","0.01","0.75000"
"all-available","Asia/Taipei","BTCUSDT","BTC-260718-61500-P","2026-07-18","61500","PUT","1h","2026-07-15 10:00:00","2026-07-15 18:00:00","75.000","75.000","75.000","75.000","0.20","2026-07-15 10:59:59","2026-07-15 18:59:59","15.00000","2","0.00","0.00000"
"all-available","Asia/Taipei","BTCUSDT","BTC-260718-61500-P","2026-07-18","61500","PUT","1h","2026-07-15 11:00:00","2026-07-15 19:00:00","75.000","75.000","75.000","75.000","0.00","2026-07-15 11:59:59","2026-07-15 19:59:59","0.00000","0","0.00","0.00000"
"all-available","Asia/Taipei","BTCUSDT","BTC-260718-61500-P","2026-07-18","61500","PUT","1h","2026-07-15 12:00:00","2026-07-15 20:00:00","70.000","70.000","50.000","50.000","4.12","2026-07-15 12:59:59","2026-07-15 20:59:59","209.70000","5","0.11","7.70000"
"all-available","Asia/Taipei","BTCUSDT","BTC-260718-61500-P","2026-07-18","61500","PUT","1h","2026-07-15 13:00:00","2026-07-15 21:00:00","50.000","50.000","45.000","50.000","6.69","2026-07-15 13:59:59","2026-07-15 21:59:59","325.45000","9","1.72","77.40000"
"all-available","Asia/Taipei","BTCUSDT","BTC-260718-61500-P","2026-07-18","61500","PUT","1h","2026-07-15 14:00:00","2026-07-15 22:00:00","50.000","50.000","50.000","50.000","0.00","2026-07-15 14:59:59","2026-07-15 22:59:59","0.00000","0","0.00","0.00000"
"all-available","Asia/Taipei","BTCUSDT","BTC-260718-61500-P","2026-07-18","61500","PUT","1h","2026-07-15 15:00:00","2026-07-15 23:00:00","40.000","40.000","40.000","40.000","0.08","2026-07-15 15:59:59","2026-07-15 23:59:59","3.20000","1","0.00","0.00000"
"all-available","Asia/Taipei","BTCUSDT","BTC-260718-61500-P","2026-07-18","61500","PUT","1h","2026-07-15 16:00:00","2026-07-16 00:00:00","45.000","45.000","45.000","45.000","8.00","2026-07-15 16:59:59","2026-07-16 00:59:59","360.00000","6","8.00","360.00000"
"all-available","Asia/Taipei","BTCUSDT","BTC-260718-61500-P","2026-07-18","61500","PUT","1h","2026-07-15 17:00:00","2026-07-16 01:00:00","45.000","45.000","45.000","45.000","0.62","2026-07-15 17:59:59","2026-07-16 01:59:59","27.90000","2","0.62","27.90000"
"all-available","Asia/Taipei","BTCUSDT","BTC-260718-61500-P","2026-07-18","61500","PUT","1h","2026-07-15 18:00:00","2026-07-16 02:00:00","40.000","40.000","40.000","40.000","0.01","2026-07-15 18:59:59","2026-07-16 02:59:59","0.40000","1","0.00","0.00000"
"all-available","Asia/Taipei","BTCUSDT","BTC-260718-61500-P","2026-07-18","61500","PUT","1h","2026-07-15 19:00:00","2026-07-16 03:00:00","40.000","40.000","40.000","40.000","0.00","2026-07-15 19:59:59","2026-07-16 03:59:59","0.00000","0","0.00","0.00000"
"all-available","Asia/Taipei","BTCUSDT","BTC-260718-61500-P","2026-07-18","61500","PUT","1h","2026-07-15 20:00:00","2026-07-16 04:00:00","40.000","40.000","40.000","40.000","0.00","2026-07-15 20:59:59","2026-07-16 04:59:59","0.00000","0","0.00","0.00000"
"all-available","Asia/Taipei","BTCUSDT","BTC-260718-61500-P","2026-07-18","61500","PUT","1h","2026-07-15 21:00:00","2026-07-16 05:00:00","40.000","40.000","40.000","40.000","0.11","2026-07-15 21:59:59","2026-07-16 05:59:59","4.40000","1","0.11","4.40000"
"all-available","Asia/Taipei","BTCUSDT","BTC-260718-61500-P","2026-07-18","61500","PUT","1h","2026-07-15 22:00:00","2026-07-16 06:00:00","40.000","40.000","40.000","40.000","0.00","2026-07-15 22:59:59","2026-07-16 06:59:59","0.00000","0","0.00","0.00000"
"all-available","Asia/Taipei","BTCUSDT","BTC-260718-61500-P","2026-07-18","61500","PUT","1h","2026-07-15 23:00:00","2026-07-16 07:00:00","40.000","40.000","40.000","40.000","3.00","2026-07-15 23:59:59","2026-07-16 07:59:59","120.00000","3","3.00","120.00000"
"all-available","Asia/Taipei","BTCUSDT","BTC-260718-61500-P","2026-07-18","61500","PUT","1h","2026-07-16 00:00:00","2026-07-16 08:00:00","40.000","45.000","40.000","45.000","0.73","2026-07-16 00:59:59","2026-07-16 08:59:59","29.30000","4","0.71","28.40000"
"all-available","Asia/Taipei","BTCUSDT","BTC-260718-61500-P","2026-07-18","61500","PUT","1h","2026-07-16 01:00:00","2026-07-16 09:00:00","40.000","45.000","30.000","30.000","2.73","2026-07-16 01:59:59","2026-07-16 09:59:59","110.30000","10","2.16","92.20000"
"all-available","Asia/Taipei","BTCUSDT","BTC-260718-61500-P","2026-07-18","61500","PUT","1h","2026-07-16 02:00:00","2026-07-16 10:00:00","40.000","40.000","40.000","40.000","1.06","2026-07-16 02:59:59","2026-07-16 10:59:59","42.40000","1","1.06","42.40000"
"all-available","Asia/Taipei","BTCUSDT","BTC-260718-61500-P","2026-07-18","61500","PUT","1h","2026-07-16 03:00:00","2026-07-16 11:00:00","40.000","40.000","35.000","35.000","3.01","2026-07-16 03:59:59","2026-07-16 11:59:59","120.35000","3","3.00","120.00000"
"all-available","Asia/Taipei","BTCUSDT","BTC-260718-61500-P","2026-07-18","61500","PUT","1h","2026-07-16 04:00:00","2026-07-16 12:00:00","35.000","35.000","35.000","35.000","0.00","2026-07-16 04:59:59","2026-07-16 12:59:59","0.00000","0","0.00","0.00000"
"all-available","Asia/Taipei","BTCUSDT","BTC-260718-61500-P","2026-07-18","61500","PUT","1h","2026-07-16 05:00:00","2026-07-16 13:00:00","30.000","30.000","30.000","30.000","1.00","2026-07-16 05:59:59","2026-07-16 13:59:59","30.00000","1","0.00","0.00000"
"all-available","Asia/Taipei","BTCUSDT","BTC-260718-61500-P","2026-07-18","61500","PUT","1h","2026-07-16 06:00:00","2026-07-16 14:00:00","35.000","35.000","35.000","35.000","2.88","2026-07-16 06:59:59","2026-07-16 14:59:59","100.80000","6","1.45","50.75000"
"all-available","Asia/Taipei","BTCUSDT","BTC-260718-61500-P","2026-07-18","61500","PUT","1h","2026-07-16 07:00:00","2026-07-16 15:00:00","50.000","85.000","50.000","85.000","0.49","2026-07-16 07:59:59","2026-07-16 15:59:59","32.80000","6","0.00","0.00000"
"all-available","Asia/Taipei","BTCUSDT","BTC-260718-61500-P","2026-07-18","61500","PUT","1h","2026-07-16 08:00:00","2026-07-16 16:00:00","80.000","90.000","80.000","85.000","5.43","2026-07-16 08:59:59","2026-07-16 16:59:59","477.00000","14","0.51","45.80000"
"all-available","Asia/Taipei","BTCUSDT","BTC-260718-61500-P","2026-07-18","61500","PUT","1h","2026-07-16 09:00:00","2026-07-16 17:00:00","55.000","65.000","55.000","65.000","4.50","2026-07-16 09:59:59","2026-07-16 17:59:59","273.35000","15","4.25","259.60000"
"all-available","Asia/Taipei","BTCUSDT","BTC-260718-61500-P","2026-07-18","61500","PUT","1h","2026-07-16 10:00:00","2026-07-16 18:00:00","45.000","45.000","45.000","45.000","0.01","2026-07-16 10:59:59","2026-07-16 18:59:59","0.45000","1","0.00","0.00000"
"all-available","Asia/Taipei","BTCUSDT","BTC-260718-61500-P","2026-07-18","61500","PUT","1h","2026-07-16 11:00:00","2026-07-16 19:00:00","50.000","50.000","50.000","50.000","0.50","2026-07-16 11:59:59","2026-07-16 19:59:59","25.00000","1","0.50","25.00000"
"all-available","Asia/Taipei","BTCUSDT","BTC-260718-61500-P","2026-07-18","61500","PUT","1h","2026-07-16 12:00:00","2026-07-16 20:00:00","55.000","60.000","55.000","60.000","1.65","2026-07-16 12:59:59","2026-07-16 20:59:59","98.45000","5","1.65","98.45000"
"all-available","Asia/Taipei","BTCUSDT","BTC-260718-61500-P","2026-07-18","61500","PUT","1h","2026-07-16 13:00:00","2026-07-16 21:00:00","40.000","40.000","40.000","40.000","1.76","2026-07-16 13:59:59","2026-07-16 21:59:59","70.40000","8","1.76","70.40000"
"all-available","Asia/Taipei","BTCUSDT","BTC-260718-61500-P","2026-07-18","61500","PUT","1h","2026-07-16 14:00:00","2026-07-16 22:00:00","35.000","35.000","25.000","30.000","3.16","2026-07-16 14:59:59","2026-07-16 22:59:59","103.15000","7","0.00","0.00000"
"all-available","Asia/Taipei","BTCUSDT","BTC-260718-61500-P","2026-07-18","61500","PUT","1h","2026-07-16 15:00:00","2026-07-16 23:00:00","25.000","25.000","25.000","25.000","0.01","2026-07-16 15:59:59","2026-07-16 23:59:59","0.25000","1","0.00","0.00000"
"all-available","Asia/Taipei","BTCUSDT","BTC-260718-61500-P","2026-07-18","61500","PUT","1h","2026-07-16 16:00:00","2026-07-17 00:00:00","30.000","35.000","30.000","35.000","2.24","2026-07-16 16:59:59","2026-07-17 00:59:59","71.05000","7","2.24","71.05000"
"all-available","Asia/Taipei","BTCUSDT","BTC-260718-61500-P","2026-07-18","61500","PUT","1h","2026-07-16 17:00:00","2026-07-17 01:00:00","35.000","45.000","35.000","45.000","11.44","2026-07-16 17:59:59","2026-07-17 01:59:59","467.55000","24","7.10","272.25000"
"all-available","Asia/Taipei","BTCUSDT","BTC-260718-61500-P","2026-07-18","61500","PUT","1h","2026-07-16 18:00:00","2026-07-17 02:00:00","45.000","45.000","45.000","45.000","0.00","2026-07-16 18:59:59","2026-07-17 02:59:59","0.00000","0","0.00","0.00000"
"all-available","Asia/Taipei","BTCUSDT","BTC-260718-61500-P","2026-07-18","61500","PUT","1h","2026-07-16 19:00:00","2026-07-17 03:00:00","45.000","45.000","45.000","45.000","0.00","2026-07-16 19:59:59","2026-07-17 03:59:59","0.00000","0","0.00","0.00000"
"all-available","Asia/Taipei","BTCUSDT","BTC-260718-61500-P","2026-07-18","61500","PUT","1h","2026-07-16 20:00:00","2026-07-17 04:00:00","45.000","45.000","45.000","45.000","0.00","2026-07-16 20:59:59","2026-07-17 04:59:59","0.00000","0","0.00","0.00000"
"all-available","Asia/Taipei","BTCUSDT","BTC-260718-61500-P","2026-07-18","61500","PUT","1h","2026-07-16 21:00:00","2026-07-17 05:00:00","30.000","30.000","30.000","30.000","0.30","2026-07-16 21:59:59","2026-07-17 05:59:59","9.00000","1","0.30","9.00000"
"all-available","Asia/Taipei","BTCUSDT","BTC-260718-61500-P","2026-07-18","61500","PUT","1h","2026-07-16 22:00:00","2026-07-17 06:00:00","35.000","35.000","35.000","35.000","1.10","2026-07-16 22:59:59","2026-07-17 06:59:59","38.50000","1","1.10","38.50000"
"all-available","Asia/Taipei","BTCUSDT","BTC-260718-61500-P","2026-07-18","61500","PUT","1h","2026-07-16 23:00:00","2026-07-17 07:00:00","35.000","40.000","35.000","40.000","2.25","2026-07-16 23:59:59","2026-07-17 07:59:59","80.00000","4","2.25","80.00000"
"all-available","Asia/Taipei","BTCUSDT","BTC-260718-61500-P","2026-07-18","61500","PUT","1h","2026-07-17 00:00:00","2026-07-17 08:00:00","40.000","50.000","40.000","50.000","9.13","2026-07-17 00:59:59","2026-07-17 08:59:59","385.50000","8","9.10","384.00000"
"all-available","Asia/Taipei","BTCUSDT","BTC-260718-61500-P","2026-07-18","61500","PUT","1h","2026-07-17 01:00:00","2026-07-17 09:00:00","45.000","50.000","45.000","50.000","9.67","2026-07-17 01:59:59","2026-07-17 09:59:59","447.65000","17","3.88","187.10000"
"all-available","Asia/Taipei","BTCUSDT","BTC-260718-61500-P","2026-07-18","61500","PUT","1h","2026-07-17 02:00:00","2026-07-17 10:00:00","70.000","80.000","70.000","80.000","5.42","2026-07-17 02:59:59","2026-07-17 10:59:59","400.40000","6","0.10","8.00000"
"all-available","Asia/Taipei","BTCUSDT","BTC-260718-61500-P","2026-07-18","61500","PUT","1h","2026-07-17 03:00:00","2026-07-17 11:00:00","65.000","65.000","50.000","50.000","2.68","2026-07-17 03:59:59","2026-07-17 11:59:59","154.05000","3","0.00","0.00000"
"all-available","Asia/Taipei","BTCUSDT","BTC-260718-61500-P","2026-07-18","61500","PUT","1h","2026-07-17 04:00:00","2026-07-17 12:00:00","65.000","80.000","55.000","55.000","2.11","2026-07-17 04:59:59","2026-07-17 12:59:59","153.75000","7","1.14","91.00000"
"all-available","Asia/Taipei","BTCUSDT","BTC-260718-61500-P","2026-07-18","61500","PUT","1h","2026-07-17 05:00:00","2026-07-17 13:00:00","100.000","150.000","100.000","150.000","2.70","2026-07-17 05:59:59","2026-07-17 13:59:59","404.50000","4","0.01","1.00000"
"all-available","Asia/Taipei","BTCUSDT","BTC-260718-61500-P","2026-07-18","61500","PUT","1h","2026-07-17 06:00:00","2026-07-17 14:00:00","135.000","170.000","130.000","135.000","4.90","2026-07-17 06:59:59","2026-07-17 14:59:59","700.15000","11","3.69","507.45000"
"all-available","Asia/Taipei","BTCUSDT","BTC-260718-61500-P","2026-07-18","61500","PUT","1h","2026-07-17 07:00:00","2026-07-17 15:00:00","140.000","140.000","120.000","130.000","29.56","2026-07-17 07:59:59","2026-07-17 15:59:59","3717.70000","20","28.06","3513.10000"
"all-available","Asia/Taipei","BTCUSDT","BTC-260718-61500-P","2026-07-18","61500","PUT","1h","2026-07-17 08:00:00","2026-07-17 16:00:00","130.000","140.000","70.000","70.000","21.72","2026-07-17 08:59:59","2026-07-17 16:59:59","2078.10000","41","13.09","1226.30000"
"all-available","Asia/Taipei","BTCUSDT","BTC-260718-61500-P","2026-07-18","61500","PUT","1h","2026-07-17 09:00:00","2026-07-17 17:00:00","70.000","80.000","60.000","60.000","22.08","2026-07-17 09:59:59","2026-07-17 17:59:59","1670.20000","13","18.13","1414.65000"
"all-available","Asia/Taipei","BTCUSDT","BTC-260718-61500-P","2026-07-18","61500","PUT","1h","2026-07-17 10:00:00","2026-07-17 18:00:00","60.000","60.000","50.000","50.000","4.01","2026-07-17 10:59:59","2026-07-17 18:59:59","205.40000","6","0.17","9.20000"
"all-available","Asia/Taipei","BTCUSDT","BTC-260718-61500-P","2026-07-18","61500","PUT","1h","2026-07-17 11:00:00","2026-07-17 19:00:00","45.000","50.000","40.000","45.000","7.51","2026-07-17 11:59:59","2026-07-17 19:59:59","360.15000","16","6.81","332.15000"
"all-available","Asia/Taipei","BTCUSDT","BTC-260718-61500-P","2026-07-18","61500","PUT","1h","2026-07-17 12:00:00","2026-07-17 20:00:00","40.000","50.000","40.000","50.000","6.38","2026-07-17 12:59:59","2026-07-17 20:59:59","277.00000","15","6.36","276.10000"
"all-available","Asia/Taipei","BTCUSDT","BTC-260718-61500-P","2026-07-18","61500","PUT","1h","2026-07-17 13:00:00","2026-07-17 21:00:00","50.000","135.000","50.000","55.000","27.10","2026-07-17 13:59:59","2026-07-17 21:59:59","2199.10000","63","16.97","1161.45000"
"all-available","Asia/Taipei","BTCUSDT","BTC-260718-61500-P","2026-07-18","61500","PUT","1h","2026-07-17 14:00:00","2026-07-17 22:00:00","50.000","50.000","30.000","30.000","23.30","2026-07-17 14:59:59","2026-07-17 22:59:59","998.85000","65","14.55","630.00000"
"all-available","Asia/Taipei","BTCUSDT","BTC-260718-61500-P","2026-07-18","61500","PUT","1h","2026-07-17 15:00:00","2026-07-17 23:00:00","35.000","55.000","20.000","25.000","25.17","2026-07-17 15:59:59","2026-07-17 23:59:59","720.10000","59","10.00","291.90000"
"all-available","Asia/Taipei","BTCUSDT","BTC-260718-61500-P","2026-07-18","61500","PUT","1h","2026-07-17 16:00:00","2026-07-18 00:00:00","20.000","20.000","15.000","15.000","11.72","2026-07-17 16:59:59","2026-07-18 00:59:59","190.75000","45","10.35","170.20000"
"all-available","Asia/Taipei","BTCUSDT","BTC-260718-61500-P","2026-07-18","61500","PUT","1h","2026-07-17 17:00:00","2026-07-18 01:00:00","10.000","15.000","5.000","10.000","9.15","2026-07-17 17:59:59","2026-07-18 01:59:59","89.60000","20","6.84","72.15000"
"all-available","Asia/Taipei","BTCUSDT","BTC-260718-61500-P","2026-07-18","61500","PUT","1h","2026-07-17 18:00:00","2026-07-18 02:00:00","10.000","15.000","10.000","10.000","9.87","2026-07-17 18:59:59","2026-07-18 02:59:59","101.70000","21","2.14","24.40000"
"all-available","Asia/Taipei","BTCUSDT","BTC-260718-61500-P","2026-07-18","61500","PUT","1h","2026-07-17 19:00:00","2026-07-18 03:00:00","10.000","10.000","10.000","10.000","0.00","2026-07-17 19:59:59","2026-07-18 03:59:59","0.00000","0","0.00","0.00000"
"all-available","Asia/Taipei","BTCUSDT","BTC-260718-61500-P","2026-07-18","61500","PUT","1h","2026-07-17 20:00:00","2026-07-18 04:00:00","10.000","10.000","10.000","10.000","4.70","2026-07-17 20:59:59","2026-07-18 04:59:59","47.00000","54","4.10","41.00000"
"all-available","Asia/Taipei","BTCUSDT","BTC-260718-61500-P","2026-07-18","61500","PUT","1h","2026-07-17 21:00:00","2026-07-18 05:00:00","5.000","5.000","5.000","5.000","1.97","2026-07-17 21:59:59","2026-07-18 05:59:59","9.85000","1","0.00","0.00000"
"all-available","Asia/Taipei","BTCUSDT","BTC-260718-61500-P","2026-07-18","61500","PUT","1h","2026-07-17 22:00:00","2026-07-18 06:00:00","5.000","5.000","5.000","5.000","0.57","2026-07-17 22:59:59","2026-07-18 06:59:59","2.85000","5","0.00","0.00000"
"all-available","Asia/Taipei","BTCUSDT","BTC-260718-61500-P","2026-07-18","61500","PUT","1h","2026-07-17 23:00:00","2026-07-18 07:00:00","5.000","5.000","5.000","5.000","0.00","2026-07-17 23:59:59","2026-07-18 07:59:59","0.00000","0","0.00","0.00000"
"all-available","Asia/Taipei","BTCUSDT","BTC-260718-61500-P","2026-07-18","61500","PUT","1h","2026-07-18 00:00:00","2026-07-18 08:00:00","5.000","5.000","5.000","5.000","0.00","2026-07-18 00:59:59","2026-07-18 08:59:59","0.00000","0","0.00","0.00000"
"all-available","Asia/Taipei","BTCUSDT","BTC-260718-61500-P","2026-07-18","61500","PUT","1h","2026-07-18 01:00:00","2026-07-18 09:00:00","5.000","5.000","5.000","5.000","0.00","2026-07-18 01:59:59","2026-07-18 09:59:59","0.00000","0","0.00","0.00000"
"all-available","Asia/Taipei","BTCUSDT","BTC-260718-61500-P","2026-07-18","61500","PUT","1h","2026-07-18 02:00:00","2026-07-18 10:00:00","5.000","5.000","5.000","5.000","0.00","2026-07-18 02:59:59","2026-07-18 10:59:59","0.00000","0","0.00","0.00000"
"all-available","Asia/Taipei","BTCUSDT","BTC-260718-61500-P","2026-07-18","61500","PUT","1h","2026-07-18 03:00:00","2026-07-18 11:00:00","5.000","5.000","5.000","5.000","0.00","2026-07-18 03:59:59","2026-07-18 11:59:59","0.00000","0","0.00","0.00000"
"all-available","Asia/Taipei","BTCUSDT","BTC-260718-61500-P","2026-07-18","61500","PUT","1h","2026-07-18 04:00:00","2026-07-18 12:00:00","5.000","5.000","5.000","5.000","0.00","2026-07-18 04:59:59","2026-07-18 12:59:59","0.00000","0","0.00","0.00000"
"all-available","Asia/Taipei","BTCUSDT","BTC-260718-61500-P","2026-07-18","61500","PUT","1h","2026-07-18 05:00:00","2026-07-18 13:00:00","5.000","5.000","5.000","5.000","0.00","2026-07-18 05:59:59","2026-07-18 13:59:59","0.00000","0","0.00","0.00000"
"all-available","Asia/Taipei","BTCUSDT","BTC-260718-61500-P","2026-07-18","61500","PUT","1h","2026-07-18 06:00:00","2026-07-18 14:00:00","5.000","5.000","5.000","5.000","0.00","2026-07-18 06:59:59","2026-07-18 14:59:59","0.00000","0","0.00","0.00000"
"all-available","Asia/Taipei","BTCUSDT","BTC-260718-61500-P","2026-07-18","61500","PUT","1h","2026-07-18 07:00:00","2026-07-18 15:00:00","5.000","5.000","5.000","5.000","0.00","2026-07-18 07:59:59","2026-07-18 15:59:59","0.00000","0","0.00","0.00000"
"all-available","Asia/Taipei","BTCUSDT","BTC-260718-62500-C","2026-07-18","62500","CALL","1h","2026-07-16 14:00:00","2026-07-16 22:00:00","2260.000","2260.000","2260.000","2260.000","0.06","2026-07-16 14:59:59","2026-07-16 22:59:59","135.60000","1","0.00","0.00000"
"all-available","Asia/Taipei","BTCUSDT","BTC-260718-62500-C","2026-07-18","62500","CALL","1h","2026-07-16 15:00:00","2026-07-16 23:00:00","2260.000","2260.000","2260.000","2260.000","0.00","2026-07-16 15:59:59","2026-07-16 23:59:59","0.00000","0","0.00","0.00000"
"all-available","Asia/Taipei","BTCUSDT","BTC-260718-62500-C","2026-07-18","62500","CALL","1h","2026-07-16 16:00:00","2026-07-17 00:00:00","2260.000","2260.000","2260.000","2260.000","0.00","2026-07-16 16:59:59","2026-07-17 00:59:59","0.00000","0","0.00","0.00000"
"all-available","Asia/Taipei","BTCUSDT","BTC-260718-62500-C","2026-07-18","62500","CALL","1h","2026-07-16 17:00:00","2026-07-17 01:00:00","2260.000","2260.000","2260.000","2260.000","0.00","2026-07-16 17:59:59","2026-07-17 01:59:59","0.00000","0","0.00","0.00000"
"all-available","Asia/Taipei","BTCUSDT","BTC-260718-62500-C","2026-07-18","62500","CALL","1h","2026-07-16 18:00:00","2026-07-17 02:00:00","2260.000","2260.000","2260.000","2260.000","0.00","2026-07-16 18:59:59","2026-07-17 02:59:59","0.00000","0","0.00","0.00000"
"all-available","Asia/Taipei","BTCUSDT","BTC-260718-62500-C","2026-07-18","62500","CALL","1h","2026-07-16 19:00:00","2026-07-17 03:00:00","2260.000","2260.000","2260.000","2260.000","0.00","2026-07-16 19:59:59","2026-07-17 03:59:59","0.00000","0","0.00","0.00000"
"all-available","Asia/Taipei","BTCUSDT","BTC-260718-62500-C","2026-07-18","62500","CALL","1h","2026-07-16 20:00:00","2026-07-17 04:00:00","2260.000","2260.000","2260.000","2260.000","0.00","2026-07-16 20:59:59","2026-07-17 04:59:59","0.00000","0","0.00","0.00000"
"all-available","Asia/Taipei","BTCUSDT","BTC-260718-62500-C","2026-07-18","62500","CALL","1h","2026-07-16 21:00:00","2026-07-17 05:00:00","2260.000","2260.000","2260.000","2260.000","0.00","2026-07-16 21:59:59","2026-07-17 05:59:59","0.00000","0","0.00","0.00000"
"all-available","Asia/Taipei","BTCUSDT","BTC-260718-62500-C","2026-07-18","62500","CALL","1h","2026-07-16 22:00:00","2026-07-17 06:00:00","2260.000","2260.000","2260.000","2260.000","0.00","2026-07-16 22:59:59","2026-07-17 06:59:59","0.00000","0","0.00","0.00000"
"all-available","Asia/Taipei","BTCUSDT","BTC-260718-62500-C","2026-07-18","62500","CALL","1h","2026-07-16 23:00:00","2026-07-17 07:00:00","2260.000","2260.000","2260.000","2260.000","0.00","2026-07-16 23:59:59","2026-07-17 07:59:59","0.00000","0","0.00","0.00000"
"all-available","Asia/Taipei","BTCUSDT","BTC-260718-62500-C","2026-07-18","62500","CALL","1h","2026-07-17 00:00:00","2026-07-17 08:00:00","2260.000","2260.000","2260.000","2260.000","0.00","2026-07-17 00:59:59","2026-07-17 08:59:59","0.00000","0","0.00","0.00000"
"all-available","Asia/Taipei","BTCUSDT","BTC-260718-62500-C","2026-07-18","62500","CALL","1h","2026-07-17 01:00:00","2026-07-17 09:00:00","1585.000","1585.000","1585.000","1585.000","0.59","2026-07-17 01:59:59","2026-07-17 09:59:59","935.15000","1","0.59","935.15000"
"all-available","Asia/Taipei","BTCUSDT","BTC-260718-62500-C","2026-07-18","62500","CALL","1h","2026-07-17 02:00:00","2026-07-17 10:00:00","1585.000","1585.000","1585.000","1585.000","0.00","2026-07-17 02:59:59","2026-07-17 10:59:59","0.00000","0","0.00","0.00000"
"all-available","Asia/Taipei","BTCUSDT","BTC-260718-62500-C","2026-07-18","62500","CALL","1h","2026-07-17 03:00:00","2026-07-17 11:00:00","1585.000","1585.000","1585.000","1585.000","0.00","2026-07-17 03:59:59","2026-07-17 11:59:59","0.00000","0","0.00","0.00000"
"all-available","Asia/Taipei","BTCUSDT","BTC-260718-62500-C","2026-07-18","62500","CALL","1h","2026-07-17 04:00:00","2026-07-17 12:00:00","1585.000","1585.000","1585.000","1585.000","0.00","2026-07-17 04:59:59","2026-07-17 12:59:59","0.00000","0","0.00","0.00000"
"all-available","Asia/Taipei","BTCUSDT","BTC-260718-62500-C","2026-07-18","62500","CALL","1h","2026-07-17 05:00:00","2026-07-17 13:00:00","765.000","765.000","710.000","715.000","1.95","2026-07-17 05:59:59","2026-07-17 13:59:59","1400.10000","9","1.93","1385.70000"
"all-available","Asia/Taipei","BTCUSDT","BTC-260718-62500-C","2026-07-18","62500","CALL","1h","2026-07-17 06:00:00","2026-07-17 14:00:00","700.000","780.000","655.000","760.000","4.72","2026-07-17 06:59:59","2026-07-17 14:59:59","3187.95000","7","3.40","2269.75000"
"all-available","Asia/Taipei","BTCUSDT","BTC-260718-62500-C","2026-07-18","62500","CALL","1h","2026-07-17 07:00:00","2026-07-17 15:00:00","760.000","760.000","760.000","760.000","0.00","2026-07-17 07:59:59","2026-07-17 15:59:59","0.00000","0","0.00","0.00000"
"all-available","Asia/Taipei","BTCUSDT","BTC-260718-62500-C","2026-07-18","62500","CALL","1h","2026-07-17 08:00:00","2026-07-17 16:00:00","670.000","690.000","520.000","650.000","13.82","2026-07-17 08:59:59","2026-07-17 16:59:59","8067.20000","23","8.65","5028.95000"
"all-available","Asia/Taipei","BTCUSDT","BTC-260718-62500-C","2026-07-18","62500","CALL","1h","2026-07-17 09:00:00","2026-07-17 17:00:00","650.000","705.000","635.000","705.000","3.41","2026-07-17 09:59:59","2026-07-17 17:59:59","2275.60000","5","0.00","0.00000"
"all-available","Asia/Taipei","BTCUSDT","BTC-260718-62500-C","2026-07-18","62500","CALL","1h","2026-07-17 10:00:00","2026-07-17 18:00:00","795.000","840.000","795.000","840.000","0.03","2026-07-17 10:59:59","2026-07-17 18:59:59","24.60000","3","0.02","16.65000"
"all-available","Asia/Taipei","BTCUSDT","BTC-260718-62500-C","2026-07-18","62500","CALL","1h","2026-07-17 11:00:00","2026-07-17 19:00:00","845.000","845.000","845.000","845.000","0.05","2026-07-17 11:59:59","2026-07-17 19:59:59","42.25000","1","0.00","0.00000"
"all-available","Asia/Taipei","BTCUSDT","BTC-260718-62500-C","2026-07-18","62500","CALL","1h","2026-07-17 12:00:00","2026-07-17 20:00:00","770.000","770.000","770.000","770.000","0.27","2026-07-17 12:59:59","2026-07-17 20:59:59","207.90000","1","0.00","0.00000"
"all-available","Asia/Taipei","BTCUSDT","BTC-260718-62500-C","2026-07-18","62500","CALL","1h","2026-07-17 13:00:00","2026-07-17 21:00:00","615.000","785.000","465.000","785.000","28.00","2026-07-17 13:59:59","2026-07-17 21:59:59","15568.65000","29","16.76","9266.40000"
"all-available","Asia/Taipei","BTCUSDT","BTC-260718-62500-C","2026-07-18","62500","CALL","1h","2026-07-17 14:00:00","2026-07-17 22:00:00","905.000","1085.000","830.000","880.000","11.06","2026-07-17 14:59:59","2026-07-17 22:59:59","10122.65000","9","0.00","0.00000"
"all-available","Asia/Taipei","BTCUSDT","BTC-260718-62500-C","2026-07-18","62500","CALL","1h","2026-07-17 15:00:00","2026-07-17 23:00:00","880.000","880.000","880.000","880.000","0.00","2026-07-17 15:59:59","2026-07-17 23:59:59","0.00000","0","0.00","0.00000"
"all-available","Asia/Taipei","BTCUSDT","BTC-260718-62500-C","2026-07-18","62500","CALL","1h","2026-07-17 16:00:00","2026-07-18 00:00:00","880.000","880.000","880.000","880.000","0.00","2026-07-17 16:59:59","2026-07-18 00:59:59","0.00000","0","0.00","0.00000"
"all-available","Asia/Taipei","BTCUSDT","BTC-260718-62500-C","2026-07-18","62500","CALL","1h","2026-07-17 17:00:00","2026-07-18 01:00:00","880.000","880.000","880.000","880.000","0.00","2026-07-17 17:59:59","2026-07-18 01:59:59","0.00000","0","0.00","0.00000"
"all-available","Asia/Taipei","BTCUSDT","BTC-260718-62500-C","2026-07-18","62500","CALL","1h","2026-07-17 18:00:00","2026-07-18 02:00:00","880.000","880.000","880.000","880.000","0.00","2026-07-17 18:59:59","2026-07-18 02:59:59","0.00000","0","0.00","0.00000"
"all-available","Asia/Taipei","BTCUSDT","BTC-260718-62500-C","2026-07-18","62500","CALL","1h","2026-07-17 19:00:00","2026-07-18 03:00:00","880.000","880.000","880.000","880.000","0.00","2026-07-17 19:59:59","2026-07-18 03:59:59","0.00000","0","0.00","0.00000"
"all-available","Asia/Taipei","BTCUSDT","BTC-260718-62500-C","2026-07-18","62500","CALL","1h","2026-07-17 20:00:00","2026-07-18 04:00:00","880.000","880.000","880.000","880.000","0.00","2026-07-17 20:59:59","2026-07-18 04:59:59","0.00000","0","0.00","0.00000"
"all-available","Asia/Taipei","BTCUSDT","BTC-260718-62500-C","2026-07-18","62500","CALL","1h","2026-07-17 21:00:00","2026-07-18 05:00:00","880.000","880.000","880.000","880.000","0.00","2026-07-17 21:59:59","2026-07-18 05:59:59","0.00000","0","0.00","0.00000"
"all-available","Asia/Taipei","BTCUSDT","BTC-260718-62500-C","2026-07-18","62500","CALL","1h","2026-07-17 22:00:00","2026-07-18 06:00:00","880.000","880.000","880.000","880.000","0.00","2026-07-17 22:59:59","2026-07-18 06:59:59","0.00000","0","0.00","0.00000"
"all-available","Asia/Taipei","BTCUSDT","BTC-260718-62500-C","2026-07-18","62500","CALL","1h","2026-07-17 23:00:00","2026-07-18 07:00:00","880.000","880.000","880.000","880.000","0.00","2026-07-17 23:59:59","2026-07-18 07:59:59","0.00000","0","0.00","0.00000"
"all-available","Asia/Taipei","BTCUSDT","BTC-260718-62500-C","2026-07-18","62500","CALL","1h","2026-07-18 00:00:00","2026-07-18 08:00:00","880.000","880.000","880.000","880.000","0.00","2026-07-18 00:59:59","2026-07-18 08:59:59","0.00000","0","0.00","0.00000"
"all-available","Asia/Taipei","BTCUSDT","BTC-260718-62500-C","2026-07-18","62500","CALL","1h","2026-07-18 01:00:00","2026-07-18 09:00:00","880.000","880.000","880.000","880.000","0.00","2026-07-18 01:59:59","2026-07-18 09:59:59","0.00000","0","0.00","0.00000"
"all-available","Asia/Taipei","BTCUSDT","BTC-260718-62500-C","2026-07-18","62500","CALL","1h","2026-07-18 02:00:00","2026-07-18 10:00:00","880.000","880.000","880.000","880.000","0.00","2026-07-18 02:59:59","2026-07-18 10:59:59","0.00000","0","0.00","0.00000"
"all-available","Asia/Taipei","BTCUSDT","BTC-260718-62500-C","2026-07-18","62500","CALL","1h","2026-07-18 03:00:00","2026-07-18 11:00:00","880.000","880.000","880.000","880.000","0.00","2026-07-18 03:59:59","2026-07-18 11:59:59","0.00000","0","0.00","0.00000"
"all-available","Asia/Taipei","BTCUSDT","BTC-260718-62500-C","2026-07-18","62500","CALL","1h","2026-07-18 04:00:00","2026-07-18 12:00:00","880.000","880.000","880.000","880.000","0.00","2026-07-18 04:59:59","2026-07-18 12:59:59","0.00000","0","0.00","0.00000"
"all-available","Asia/Taipei","BTCUSDT","BTC-260718-62500-C","2026-07-18","62500","CALL","1h","2026-07-18 05:00:00","2026-07-18 13:00:00","880.000","880.000","880.000","880.000","0.00","2026-07-18 05:59:59","2026-07-18 13:59:59","0.00000","0","0.00","0.00000"
"all-available","Asia/Taipei","BTCUSDT","BTC-260718-62500-C","2026-07-18","62500","CALL","1h","2026-07-18 06:00:00","2026-07-18 14:00:00","1460.000","1460.000","1460.000","1460.000","0.02","2026-07-18 06:59:59","2026-07-18 14:59:59","29.20000","1","0.02","29.20000"
"all-available","Asia/Taipei","BTCUSDT","BTC-260718-62500-C","2026-07-18","62500","CALL","1h","2026-07-18 07:00:00","2026-07-18 15:00:00","1460.000","1460.000","1460.000","1460.000","0.00","2026-07-18 07:59:59","2026-07-18 15:59:59","0.00000","0","0.00","0.00000"
"all-available","Asia/Taipei","BTCUSDT","BTC-260718-62500-P","2026-07-18","62500","PUT","1h","2026-07-15 09:00:00","2026-07-15 17:00:00","150.000","160.000","140.000","160.000","0.37","2026-07-15 09:59:59","2026-07-15 17:59:59","52.10000","6","0.02","3.10000"
"all-available","Asia/Taipei","BTCUSDT","BTC-260718-62500-P","2026-07-18","62500","PUT","1h","2026-07-15 10:00:00","2026-07-15 18:00:00","145.000","145.000","145.000","145.000","0.01","2026-07-15 10:59:59","2026-07-15 18:59:59","1.45000","1","0.01","1.45000"
"all-available","Asia/Taipei","BTCUSDT","BTC-260718-62500-P","2026-07-18","62500","PUT","1h","2026-07-15 11:00:00","2026-07-15 19:00:00","145.000","145.000","145.000","145.000","0.00","2026-07-15 11:59:59","2026-07-15 19:59:59","0.00000","0","0.00","0.00000"
"all-available","Asia/Taipei","BTCUSDT","BTC-260718-62500-P","2026-07-18","62500","PUT","1h","2026-07-15 12:00:00","2026-07-15 20:00:00","150.000","150.000","125.000","125.000","0.60","2026-07-15 12:59:59","2026-07-15 20:59:59","77.50000","2","0.10","15.00000"
"all-available","Asia/Taipei","BTCUSDT","BTC-260718-62500-P","2026-07-18","62500","PUT","1h","2026-07-15 13:00:00","2026-07-15 21:00:00","95.000","95.000","95.000","95.000","0.01","2026-07-15 13:59:59","2026-07-15 21:59:59","0.95000","1","0.00","0.00000"
"all-available","Asia/Taipei","BTCUSDT","BTC-260718-62500-P","2026-07-18","62500","PUT","1h","2026-07-15 14:00:00","2026-07-15 22:00:00","95.000","95.000","95.000","95.000","0.98","2026-07-15 14:59:59","2026-07-15 22:59:59","93.10000","1","0.00","0.00000"
"all-available","Asia/Taipei","BTCUSDT","BTC-260718-62500-P","2026-07-18","62500","PUT","1h","2026-07-15 15:00:00","2026-07-15 23:00:00","75.000","75.000","75.000","75.000","0.08","2026-07-15 15:59:59","2026-07-15 23:59:59","6.00000","1","0.00","0.00000"
"all-available","Asia/Taipei","BTCUSDT","BTC-260718-62500-P","2026-07-18","62500","PUT","1h","2026-07-15 16:00:00","2026-07-16 00:00:00","120.000","120.000","115.000","115.000","15.68","2026-07-15 16:59:59","2026-07-16 00:59:59","1806.05000","3","15.11","1737.65000"
"all-available","Asia/Taipei","BTCUSDT","BTC-260718-62500-P","2026-07-18","62500","PUT","1h","2026-07-15 17:00:00","2026-07-16 01:00:00","115.000","115.000","115.000","115.000","0.00","2026-07-15 17:59:59","2026-07-16 01:59:59","0.00000","0","0.00","0.00000"
"all-available","Asia/Taipei","BTCUSDT","BTC-260718-62500-P","2026-07-18","62500","PUT","1h","2026-07-15 18:00:00","2026-07-16 02:00:00","115.000","115.000","115.000","115.000","0.00","2026-07-15 18:59:59","2026-07-16 02:59:59","0.00000","0","0.00","0.00000"
"all-available","Asia/Taipei","BTCUSDT","BTC-260718-62500-P","2026-07-18","62500","PUT","1h","2026-07-15 19:00:00","2026-07-16 03:00:00","115.000","115.000","115.000","115.000","0.00","2026-07-15 19:59:59","2026-07-16 03:59:59","0.00000","0","0.00","0.00000"
"all-available","Asia/Taipei","BTCUSDT","BTC-260718-62500-P","2026-07-18","62500","PUT","1h","2026-07-15 20:00:00","2026-07-16 04:00:00","115.000","115.000","115.000","115.000","0.00","2026-07-15 20:59:59","2026-07-16 04:59:59","0.00000","0","0.00","0.00000"
"all-available","Asia/Taipei","BTCUSDT","BTC-260718-62500-P","2026-07-18","62500","PUT","1h","2026-07-15 21:00:00","2026-07-16 05:00:00","115.000","115.000","115.000","115.000","0.00","2026-07-15 21:59:59","2026-07-16 05:59:59","0.00000","0","0.00","0.00000"
"all-available","Asia/Taipei","BTCUSDT","BTC-260718-62500-P","2026-07-18","62500","PUT","1h","2026-07-15 22:00:00","2026-07-16 06:00:00","115.000","115.000","115.000","115.000","0.00","2026-07-15 22:59:59","2026-07-16 06:59:59","0.00000","0","0.00","0.00000"
"all-available","Asia/Taipei","BTCUSDT","BTC-260718-62500-P","2026-07-18","62500","PUT","1h","2026-07-15 23:00:00","2026-07-16 07:00:00","90.000","90.000","90.000","90.000","1.20","2026-07-15 23:59:59","2026-07-16 07:59:59","108.00000","2","1.20","108.00000"
"all-available","Asia/Taipei","BTCUSDT","BTC-260718-62500-P","2026-07-18","62500","PUT","1h","2026-07-16 00:00:00","2026-07-16 08:00:00","90.000","90.000","90.000","90.000","0.00","2026-07-16 00:59:59","2026-07-16 08:59:59","0.00000","0","0.00","0.00000"
"all-available","Asia/Taipei","BTCUSDT","BTC-260718-62500-P","2026-07-18","62500","PUT","1h","2026-07-16 01:00:00","2026-07-16 09:00:00","100.000","100.000","100.000","100.000","0.06","2026-07-16 01:59:59","2026-07-16 09:59:59","6.00000","1","0.00","0.00000"
"all-available","Asia/Taipei","BTCUSDT","BTC-260718-62500-P","2026-07-18","62500","PUT","1h","2026-07-16 02:00:00","2026-07-16 10:00:00","90.000","90.000","90.000","90.000","0.42","2026-07-16 02:59:59","2026-07-16 10:59:59","37.80000","1","0.42","37.80000"
"all-available","Asia/Taipei","BTCUSDT","BTC-260718-62500-P","2026-07-18","62500","PUT","1h","2026-07-16 03:00:00","2026-07-16 11:00:00","95.000","95.000","95.000","95.000","0.05","2026-07-16 03:59:59","2026-07-16 11:59:59","4.75000","1","0.05","4.75000"
"all-available","Asia/Taipei","BTCUSDT","BTC-260718-62500-P","2026-07-18","62500","PUT","1h","2026-07-16 04:00:00","2026-07-16 12:00:00","95.000","95.000","95.000","95.000","0.00","2026-07-16 04:59:59","2026-07-16 12:59:59","0.00000","0","0.00","0.00000"
"all-available","Asia/Taipei","BTCUSDT","BTC-260718-62500-P","2026-07-18","62500","PUT","1h","2026-07-16 05:00:00","2026-07-16 13:00:00","95.000","95.000","95.000","95.000","0.00","2026-07-16 05:59:59","2026-07-16 13:59:59","0.00000","0","0.00","0.00000"
"all-available","Asia/Taipei","BTCUSDT","BTC-260718-62500-P","2026-07-18","62500","PUT","1h","2026-07-16 06:00:00","2026-07-16 14:00:00","70.000","70.000","70.000","70.000","0.26","2026-07-16 06:59:59","2026-07-16 14:59:59","18.20000","1","0.00","0.00000"
"all-available","Asia/Taipei","BTCUSDT","BTC-260718-62500-P","2026-07-18","62500","PUT","1h","2026-07-16 07:00:00","2026-07-16 15:00:00","105.000","180.000","105.000","180.000","0.23","2026-07-16 07:59:59","2026-07-16 15:59:59","35.90000","4","0.21","33.80000"
"all-available","Asia/Taipei","BTCUSDT","BTC-260718-62500-P","2026-07-18","62500","PUT","1h","2026-07-16 08:00:00","2026-07-16 16:00:00","170.000","230.000","165.000","165.000","5.82","2026-07-16 08:59:59","2026-07-16 16:59:59","1004.75000","10","0.40","82.95000"
"all-available","Asia/Taipei","BTCUSDT","BTC-260718-62500-P","2026-07-18","62500","PUT","1h","2026-07-16 09:00:00","2026-07-16 17:00:00","150.000","160.000","150.000","155.000","1.45","2026-07-16 09:59:59","2026-07-16 17:59:59","225.10000","4","0.45","70.10000"
"all-available","Asia/Taipei","BTCUSDT","BTC-260718-62500-P","2026-07-18","62500","PUT","1h","2026-07-16 10:00:00","2026-07-16 18:00:00","130.000","130.000","120.000","120.000","12.35","2026-07-16 10:59:59","2026-07-16 18:59:59","1595.30000","6","0.00","0.00000"
"all-available","Asia/Taipei","BTCUSDT","BTC-260718-62500-P","2026-07-18","62500","PUT","1h","2026-07-16 11:00:00","2026-07-16 19:00:00","130.000","130.000","130.000","130.000","3.78","2026-07-16 11:59:59","2026-07-16 19:59:59","491.40000","2","0.00","0.00000"
"all-available","Asia/Taipei","BTCUSDT","BTC-260718-62500-P","2026-07-18","62500","PUT","1h","2026-07-16 12:00:00","2026-07-16 20:00:00","135.000","160.000","125.000","160.000","1.17","2026-07-16 12:59:59","2026-07-16 20:59:59","169.20000","6","0.95","141.70000"
"all-available","Asia/Taipei","BTCUSDT","BTC-260718-62500-P","2026-07-18","62500","PUT","1h","2026-07-16 13:00:00","2026-07-16 21:00:00","100.000","100.000","100.000","100.000","1.09","2026-07-16 13:59:59","2026-07-16 21:59:59","109.00000","1","1.09","109.00000"
"all-available","Asia/Taipei","BTCUSDT","BTC-260718-62500-P","2026-07-18","62500","PUT","1h","2026-07-16 14:00:00","2026-07-16 22:00:00","90.000","90.000","60.000","75.000","8.86","2026-07-16 14:59:59","2026-07-16 22:59:59","607.60000","34","4.69","308.10000"
"all-available","Asia/Taipei","BTCUSDT","BTC-260718-62500-P","2026-07-18","62500","PUT","1h","2026-07-16 15:00:00","2026-07-16 23:00:00","80.000","85.000","65.000","65.000","3.82","2026-07-16 15:59:59","2026-07-16 23:59:59","290.80000","6","2.25","188.75000"
"all-available","Asia/Taipei","BTCUSDT","BTC-260718-62500-P","2026-07-18","62500","PUT","1h","2026-07-16 16:00:00","2026-07-17 00:00:00","65.000","80.000","65.000","80.000","3.61","2026-07-16 16:59:59","2026-07-17 00:59:59","269.10000","16","3.61","269.10000"
"all-available","Asia/Taipei","BTCUSDT","BTC-260718-62500-P","2026-07-18","62500","PUT","1h","2026-07-16 17:00:00","2026-07-17 01:00:00","75.000","105.000","75.000","105.000","0.68","2026-07-16 17:59:59","2026-07-17 01:59:59","60.70000","6","0.62","54.40000"
"all-available","Asia/Taipei","BTCUSDT","BTC-260718-62500-P","2026-07-18","62500","PUT","1h","2026-07-16 18:00:00","2026-07-17 02:00:00","105.000","105.000","85.000","85.000","6.91","2026-07-16 18:59:59","2026-07-17 02:59:59","602.45000","11","6.10","518.50000"
"all-available","Asia/Taipei","BTCUSDT","BTC-260718-62500-P","2026-07-18","62500","PUT","1h","2026-07-16 19:00:00","2026-07-17 03:00:00","85.000","85.000","85.000","85.000","1.00","2026-07-16 19:59:59","2026-07-17 03:59:59","85.00000","1","1.00","85.00000"
"all-available","Asia/Taipei","BTCUSDT","BTC-260718-62500-P","2026-07-18","62500","PUT","1h","2026-07-16 20:00:00","2026-07-17 04:00:00","75.000","75.000","75.000","75.000","8.56","2026-07-16 20:59:59","2026-07-17 04:59:59","642.00000","5","8.56","642.00000"
"all-available","Asia/Taipei","BTCUSDT","BTC-260718-62500-P","2026-07-18","62500","PUT","1h","2026-07-16 21:00:00","2026-07-17 05:00:00","75.000","75.000","75.000","75.000","0.00","2026-07-16 21:59:59","2026-07-17 05:59:59","0.00000","0","0.00","0.00000"
"all-available","Asia/Taipei","BTCUSDT","BTC-260718-62500-P","2026-07-18","62500","PUT","1h","2026-07-16 22:00:00","2026-07-17 06:00:00","85.000","90.000","85.000","85.000","0.96","2026-07-16 22:59:59","2026-07-17 06:59:59","82.15000","3","0.31","26.90000"
"all-available","Asia/Taipei","BTCUSDT","BTC-260718-62500-P","2026-07-18","62500","PUT","1h","2026-07-16 23:00:00","2026-07-17 07:00:00","105.000","115.000","105.000","115.000","15.74","2026-07-16 23:59:59","2026-07-17 07:59:59","1801.25000","22","15.36","1761.35000"
"all-available","Asia/Taipei","BTCUSDT","BTC-260718-62500-P","2026-07-18","62500","PUT","1h","2026-07-17 00:00:00","2026-07-17 08:00:00","120.000","135.000","110.000","130.000","56.00","2026-07-17 00:59:59","2026-07-17 08:59:59","6728.75000","19","55.43","6652.00000"
"all-available","Asia/Taipei","BTCUSDT","BTC-260718-62500-P","2026-07-18","62500","PUT","1h","2026-07-17 01:00:00","2026-07-17 09:00:00","125.000","200.000","110.000","195.000","5.44","2026-07-17 01:59:59","2026-07-17 09:59:59","883.70000","14","3.16","497.50000"
"all-available","Asia/Taipei","BTCUSDT","BTC-260718-62500-P","2026-07-18","62500","PUT","1h","2026-07-17 02:00:00","2026-07-17 10:00:00","190.000","225.000","180.000","225.000","3.10","2026-07-17 02:59:59","2026-07-17 10:59:59","612.15000","16","1.40","291.00000"
"all-available","Asia/Taipei","BTCUSDT","BTC-260718-62500-P","2026-07-18","62500","PUT","1h","2026-07-17 03:00:00","2026-07-17 11:00:00","150.000","155.000","150.000","155.000","0.37","2026-07-17 03:59:59","2026-07-17 11:59:59","55.55000","2","0.01","1.55000"
"all-available","Asia/Taipei","BTCUSDT","BTC-260718-62500-P","2026-07-18","62500","PUT","1h","2026-07-17 04:00:00","2026-07-17 12:00:00","170.000","200.000","170.000","170.000","0.81","2026-07-17 04:59:59","2026-07-17 12:59:59","140.40000","5","0.01","1.70000"
"all-available","Asia/Taipei","BTCUSDT","BTC-260718-62500-P","2026-07-18","62500","PUT","1h","2026-07-17 05:00:00","2026-07-17 13:00:00","190.000","390.000","180.000","385.000","17.65","2026-07-17 05:59:59","2026-07-17 13:59:59","5920.30000","32","10.13","3277.75000"
"all-available","Asia/Taipei","BTCUSDT","BTC-260718-62500-P","2026-07-18","62500","PUT","1h","2026-07-17 06:00:00","2026-07-17 14:00:00","390.000","405.000","325.000","360.000","7.51","2026-07-17 06:59:59","2026-07-17 14:59:59","2666.40000","17","1.31","510.65000"
"all-available","Asia/Taipei","BTCUSDT","BTC-260718-62500-P","2026-07-18","62500","PUT","1h","2026-07-17 07:00:00","2026-07-17 15:00:00","350.000","350.000","315.000","315.000","51.59","2026-07-17 07:59:59","2026-07-17 15:59:59","16845.80000","37","31.56","10264.55000"
"all-available","Asia/Taipei","BTCUSDT","BTC-260718-62500-P","2026-07-18","62500","PUT","1h","2026-07-17 08:00:00","2026-07-17 16:00:00","375.000","375.000","240.000","240.000","111.34","2026-07-17 08:59:59","2026-07-17 16:59:59","36200.00000","138","58.63","18081.40000"
"all-available","Asia/Taipei","BTCUSDT","BTC-260718-62500-P","2026-07-18","62500","PUT","1h","2026-07-17 09:00:00","2026-07-17 17:00:00","250.000","250.000","205.000","210.000","10.61","2026-07-17 09:59:59","2026-07-17 17:59:59","2369.50000","18","9.00","1983.30000"
"all-available","Asia/Taipei","BTCUSDT","BTC-260718-62500-P","2026-07-18","62500","PUT","1h","2026-07-17 10:00:00","2026-07-17 18:00:00","210.000","210.000","155.000","155.000","7.62","2026-07-17 10:59:59","2026-07-17 18:59:59","1529.80000","16","1.28","235.85000"
"all-available","Asia/Taipei","BTCUSDT","BTC-260718-62500-P","2026-07-18","62500","PUT","1h","2026-07-17 11:00:00","2026-07-17 19:00:00","155.000","175.000","125.000","130.000","34.64","2026-07-17 11:59:59","2026-07-17 19:59:59","5364.25000","52","22.96","3814.65000"
"all-available","Asia/Taipei","BTCUSDT","BTC-260718-62500-P","2026-07-18","62500","PUT","1h","2026-07-17 12:00:00","2026-07-17 20:00:00","130.000","175.000","130.000","170.000","5.52","2026-07-17 12:59:59","2026-07-17 20:59:59","809.05000","18","5.11","737.75000"
"all-available","Asia/Taipei","BTCUSDT","BTC-260718-62500-P","2026-07-18","62500","PUT","1h","2026-07-17 13:00:00","2026-07-17 21:00:00","180.000","410.000","180.000","190.000","82.05","2026-07-17 13:59:59","2026-07-17 21:59:59","27297.90000","87","56.13","18374.80000"
"all-available","Asia/Taipei","BTCUSDT","BTC-260718-62500-P","2026-07-18","62500","PUT","1h","2026-07-17 14:00:00","2026-07-17 22:00:00","155.000","170.000","115.000","120.000","35.66","2026-07-17 14:59:59","2026-07-17 22:59:59","4712.20000","83","24.18","3121.70000"
"all-available","Asia/Taipei","BTCUSDT","BTC-260718-62500-P","2026-07-18","62500","PUT","1h","2026-07-17 15:00:00","2026-07-17 23:00:00","130.000","205.000","65.000","65.000","90.02","2026-07-17 15:59:59","2026-07-17 23:59:59","9590.80000","51","18.31","2523.50000"
"all-available","Asia/Taipei","BTCUSDT","BTC-260718-62500-P","2026-07-18","62500","PUT","1h","2026-07-17 16:00:00","2026-07-18 00:00:00","65.000","65.000","30.000","35.000","30.05","2026-07-17 16:59:59","2026-07-18 00:59:59","1394.65000","78","16.26","757.50000"
"all-available","Asia/Taipei","BTCUSDT","BTC-260718-62500-P","2026-07-18","62500","PUT","1h","2026-07-17 17:00:00","2026-07-18 01:00:00","30.000","35.000","10.000","20.000","79.06","2026-07-17 17:59:59","2026-07-18 01:59:59","1617.25000","111","53.02","1077.25000"
"all-available","Asia/Taipei","BTCUSDT","BTC-260718-62500-P","2026-07-18","62500","PUT","1h","2026-07-17 18:00:00","2026-07-18 02:00:00","25.000","25.000","15.000","15.000","19.41","2026-07-17 18:59:59","2026-07-18 02:59:59","392.35000","49","17.12","350.15000"
"all-available","Asia/Taipei","BTCUSDT","BTC-260718-62500-P","2026-07-18","62500","PUT","1h","2026-07-17 19:00:00","2026-07-18 03:00:00","15.000","20.000","15.000","20.000","7.68","2026-07-17 19:59:59","2026-07-18 03:59:59","140.20000","60","5.00","100.00000"
"all-available","Asia/Taipei","BTCUSDT","BTC-260718-62500-P","2026-07-18","62500","PUT","1h","2026-07-17 20:00:00","2026-07-18 04:00:00","20.000","20.000","15.000","15.000","6.69","2026-07-17 20:59:59","2026-07-18 04:59:59","107.10000","155","1.57","30.30000"
"all-available","Asia/Taipei","BTCUSDT","BTC-260718-62500-P","2026-07-18","62500","PUT","1h","2026-07-17 21:00:00","2026-07-18 05:00:00","10.000","10.000","10.000","10.000","8.00","2026-07-17 21:59:59","2026-07-18 05:59:59","80.00000","4","0.00","0.00000"
"all-available","Asia/Taipei","BTCUSDT","BTC-260718-62500-P","2026-07-18","62500","PUT","1h","2026-07-17 22:00:00","2026-07-18 06:00:00","15.000","15.000","10.000","10.000","10.99","2026-07-17 22:59:59","2026-07-18 06:59:59","109.95000","10","0.01","0.15000"
"all-available","Asia/Taipei","BTCUSDT","BTC-260718-62500-P","2026-07-18","62500","PUT","1h","2026-07-17 23:00:00","2026-07-18 07:00:00","10.000","10.000","5.000","10.000","1.90","2026-07-17 23:59:59","2026-07-18 07:59:59","18.00000","5","1.70","17.00000"
"all-available","Asia/Taipei","BTCUSDT","BTC-260718-62500-P","2026-07-18","62500","PUT","1h","2026-07-18 00:00:00","2026-07-18 08:00:00","5.000","10.000","5.000","5.000","4.84","2026-07-18 00:59:59","2026-07-18 08:59:59","27.20000","13","0.60","6.00000"
"all-available","Asia/Taipei","BTCUSDT","BTC-260718-62500-P","2026-07-18","62500","PUT","1h","2026-07-18 01:00:00","2026-07-18 09:00:00","5.000","5.000","5.000","5.000","38.97","2026-07-18 01:59:59","2026-07-18 09:59:59","194.85000","20","5.42","27.10000"
"all-available","Asia/Taipei","BTCUSDT","BTC-260718-62500-P","2026-07-18","62500","PUT","1h","2026-07-18 02:00:00","2026-07-18 10:00:00","5.000","5.000","5.000","5.000","0.76","2026-07-18 02:59:59","2026-07-18 10:59:59","3.80000","1","0.76","3.80000"
"all-available","Asia/Taipei","BTCUSDT","BTC-260718-62500-P","2026-07-18","62500","PUT","1h","2026-07-18 03:00:00","2026-07-18 11:00:00","5.000","5.000","5.000","5.000","0.32","2026-07-18 03:59:59","2026-07-18 11:59:59","1.60000","1","0.32","1.60000"
"all-available","Asia/Taipei","BTCUSDT","BTC-260718-62500-P","2026-07-18","62500","PUT","1h","2026-07-18 04:00:00","2026-07-18 12:00:00","5.000","5.000","5.000","5.000","7.58","2026-07-18 04:59:59","2026-07-18 12:59:59","37.90000","5","7.58","37.90000"
"all-available","Asia/Taipei","BTCUSDT","BTC-260718-62500-P","2026-07-18","62500","PUT","1h","2026-07-18 05:00:00","2026-07-18 13:00:00","5.000","5.000","5.000","5.000","0.00","2026-07-18 05:59:59","2026-07-18 13:59:59","0.00000","0","0.00","0.00000"
"all-available","Asia/Taipei","BTCUSDT","BTC-260718-62500-P","2026-07-18","62500","PUT","1h","2026-07-18 06:00:00","2026-07-18 14:00:00","5.000","5.000","5.000","5.000","0.00","2026-07-18 06:59:59","2026-07-18 14:59:59","0.00000","0","0.00","0.00000"
"all-available","Asia/Taipei","BTCUSDT","BTC-260718-62500-P","2026-07-18","62500","PUT","1h","2026-07-18 07:00:00","2026-07-18 15:00:00","5.000","5.000","5.000","5.000","0.00","2026-07-18 07:59:59","2026-07-18 15:59:59","0.00000","0","0.00","0.00000"
"all-available","Asia/Taipei","BTCUSDT","BTC-260718-63500-C","2026-07-18","63500","CALL","1h","2026-07-15 13:00:00","2026-07-15 21:00:00","1850.000","1850.000","1850.000","1850.000","2.60","2026-07-15 13:59:59","2026-07-15 21:59:59","4810.00000","1","0.00","0.00000"
"all-available","Asia/Taipei","BTCUSDT","BTC-260718-63500-C","2026-07-18","63500","CALL","1h","2026-07-15 14:00:00","2026-07-15 22:00:00","1850.000","1850.000","1850.000","1850.000","0.00","2026-07-15 14:59:59","2026-07-15 22:59:59","0.00000","0","0.00","0.00000"
"all-available","Asia/Taipei","BTCUSDT","BTC-260718-63500-C","2026-07-18","63500","CALL","1h","2026-07-15 15:00:00","2026-07-15 23:00:00","1850.000","1850.000","1850.000","1850.000","0.00","2026-07-15 15:59:59","2026-07-15 23:59:59","0.00000","0","0.00","0.00000"
"all-available","Asia/Taipei","BTCUSDT","BTC-260718-63500-C","2026-07-18","63500","CALL","1h","2026-07-15 16:00:00","2026-07-16 00:00:00","1850.000","1850.000","1850.000","1850.000","0.00","2026-07-15 16:59:59","2026-07-16 00:59:59","0.00000","0","0.00","0.00000"
"all-available","Asia/Taipei","BTCUSDT","BTC-260718-63500-C","2026-07-18","63500","CALL","1h","2026-07-15 17:00:00","2026-07-16 01:00:00","1850.000","1850.000","1850.000","1850.000","0.00","2026-07-15 17:59:59","2026-07-16 01:59:59","0.00000","0","0.00","0.00000"
"all-available","Asia/Taipei","BTCUSDT","BTC-260718-63500-C","2026-07-18","63500","CALL","1h","2026-07-15 18:00:00","2026-07-16 02:00:00","1850.000","1850.000","1850.000","1850.000","0.00","2026-07-15 18:59:59","2026-07-16 02:59:59","0.00000","0","0.00","0.00000"
"all-available","Asia/Taipei","BTCUSDT","BTC-260718-63500-C","2026-07-18","63500","CALL","1h","2026-07-15 19:00:00","2026-07-16 03:00:00","1850.000","1850.000","1850.000","1850.000","0.00","2026-07-15 19:59:59","2026-07-16 03:59:59","0.00000","0","0.00","0.00000"
"all-available","Asia/Taipei","BTCUSDT","BTC-260718-63500-C","2026-07-18","63500","CALL","1h","2026-07-15 20:00:00","2026-07-16 04:00:00","1850.000","1850.000","1850.000","1850.000","0.00","2026-07-15 20:59:59","2026-07-16 04:59:59","0.00000","0","0.00","0.00000"
"all-available","Asia/Taipei","BTCUSDT","BTC-260718-63500-C","2026-07-18","63500","CALL","1h","2026-07-15 21:00:00","2026-07-16 05:00:00","1850.000","1850.000","1850.000","1850.000","0.00","2026-07-15 21:59:59","2026-07-16 05:59:59","0.00000","0","0.00","0.00000"
"all-available","Asia/Taipei","BTCUSDT","BTC-260718-63500-C","2026-07-18","63500","CALL","1h","2026-07-15 22:00:00","2026-07-16 06:00:00","1850.000","1850.000","1850.000","1850.000","0.00","2026-07-15 22:59:59","2026-07-16 06:59:59","0.00000","0","0.00","0.00000"
"all-available","Asia/Taipei","BTCUSDT","BTC-260718-63500-C","2026-07-18","63500","CALL","1h","2026-07-15 23:00:00","2026-07-16 07:00:00","1850.000","1850.000","1850.000","1850.000","0.00","2026-07-15 23:59:59","2026-07-16 07:59:59","0.00000","0","0.00","0.00000"
"all-available","Asia/Taipei","BTCUSDT","BTC-260718-63500-C","2026-07-18","63500","CALL","1h","2026-07-16 00:00:00","2026-07-16 08:00:00","1850.000","1850.000","1850.000","1850.000","0.00","2026-07-16 00:59:59","2026-07-16 08:59:59","0.00000","0","0.00","0.00000"
"all-available","Asia/Taipei","BTCUSDT","BTC-260718-63500-C","2026-07-18","63500","CALL","1h","2026-07-16 01:00:00","2026-07-16 09:00:00","1850.000","1850.000","1850.000","1850.000","0.00","2026-07-16 01:59:59","2026-07-16 09:59:59","0.00000","0","0.00","0.00000"
"all-available","Asia/Taipei","BTCUSDT","BTC-260718-63500-C","2026-07-18","63500","CALL","1h","2026-07-16 02:00:00","2026-07-16 10:00:00","1850.000","1850.000","1850.000","1850.000","0.00","2026-07-16 02:59:59","2026-07-16 10:59:59","0.00000","0","0.00","0.00000"
"all-available","Asia/Taipei","BTCUSDT","BTC-260718-63500-C","2026-07-18","63500","CALL","1h","2026-07-16 03:00:00","2026-07-16 11:00:00","1850.000","1850.000","1850.000","1850.000","0.00","2026-07-16 03:59:59","2026-07-16 11:59:59","0.00000","0","0.00","0.00000"
"all-available","Asia/Taipei","BTCUSDT","BTC-260718-63500-C","2026-07-18","63500","CALL","1h","2026-07-16 04:00:00","2026-07-16 12:00:00","1850.000","1850.000","1850.000","1850.000","0.00","2026-07-16 04:59:59","2026-07-16 12:59:59","0.00000","0","0.00","0.00000"
"all-available","Asia/Taipei","BTCUSDT","BTC-260718-63500-C","2026-07-18","63500","CALL","1h","2026-07-16 05:00:00","2026-07-16 13:00:00","1850.000","1850.000","1850.000","1850.000","0.00","2026-07-16 05:59:59","2026-07-16 13:59:59","0.00000","0","0.00","0.00000"
"all-available","Asia/Taipei","BTCUSDT","BTC-260718-63500-C","2026-07-18","63500","CALL","1h","2026-07-16 06:00:00","2026-07-16 14:00:00","1850.000","1850.000","1850.000","1850.000","0.00","2026-07-16 06:59:59","2026-07-16 14:59:59","0.00000","0","0.00","0.00000"
"all-available","Asia/Taipei","BTCUSDT","BTC-260718-63500-C","2026-07-18","63500","CALL","1h","2026-07-16 07:00:00","2026-07-16 15:00:00","1850.000","1850.000","1850.000","1850.000","0.00","2026-07-16 07:59:59","2026-07-16 15:59:59","0.00000","0","0.00","0.00000"
"all-available","Asia/Taipei","BTCUSDT","BTC-260718-63500-C","2026-07-18","63500","CALL","1h","2026-07-16 08:00:00","2026-07-16 16:00:00","990.000","990.000","960.000","960.000","6.10","2026-07-16 08:59:59","2026-07-16 16:59:59","5916.20000","5","6.10","5916.20000"
"all-available","Asia/Taipei","BTCUSDT","BTC-260718-63500-C","2026-07-18","63500","CALL","1h","2026-07-16 09:00:00","2026-07-16 17:00:00","970.000","970.000","970.000","970.000","2.94","2026-07-16 09:59:59","2026-07-16 17:59:59","2851.80000","2","0.00","0.00000"
"all-available","Asia/Taipei","BTCUSDT","BTC-260718-63500-C","2026-07-18","63500","CALL","1h","2026-07-16 10:00:00","2026-07-16 18:00:00","970.000","970.000","970.000","970.000","0.00","2026-07-16 10:59:59","2026-07-16 18:59:59","0.00000","0","0.00","0.00000"
"all-available","Asia/Taipei","BTCUSDT","BTC-260718-63500-C","2026-07-18","63500","CALL","1h","2026-07-16 11:00:00","2026-07-16 19:00:00","970.000","970.000","970.000","970.000","0.00","2026-07-16 11:59:59","2026-07-16 19:59:59","0.00000","0","0.00","0.00000"
"all-available","Asia/Taipei","BTCUSDT","BTC-260718-63500-C","2026-07-18","63500","CALL","1h","2026-07-16 12:00:00","2026-07-16 20:00:00","995.000","995.000","995.000","995.000","2.60","2026-07-16 12:59:59","2026-07-16 20:59:59","2587.00000","1","0.00","0.00000"
"all-available","Asia/Taipei","BTCUSDT","BTC-260718-63500-C","2026-07-18","63500","CALL","1h","2026-07-16 13:00:00","2026-07-16 21:00:00","995.000","995.000","995.000","995.000","0.00","2026-07-16 13:59:59","2026-07-16 21:59:59","0.00000","0","0.00","0.00000"
"all-available","Asia/Taipei","BTCUSDT","BTC-260718-63500-C","2026-07-18","63500","CALL","1h","2026-07-16 14:00:00","2026-07-16 22:00:00","995.000","995.000","995.000","995.000","0.00","2026-07-16 14:59:59","2026-07-16 22:59:59","0.00000","0","0.00","0.00000"
"all-available","Asia/Taipei","BTCUSDT","BTC-260718-63500-C","2026-07-18","63500","CALL","1h","2026-07-16 15:00:00","2026-07-16 23:00:00","995.000","995.000","995.000","995.000","0.00","2026-07-16 15:59:59","2026-07-16 23:59:59","0.00000","0","0.00","0.00000"
"all-available","Asia/Taipei","BTCUSDT","BTC-260718-63500-C","2026-07-18","63500","CALL","1h","2026-07-16 16:00:00","2026-07-17 00:00:00","995.000","995.000","995.000","995.000","0.00","2026-07-16 16:59:59","2026-07-17 00:59:59","0.00000","0","0.00","0.00000"
"all-available","Asia/Taipei","BTCUSDT","BTC-260718-63500-C","2026-07-18","63500","CALL","1h","2026-07-16 17:00:00","2026-07-17 01:00:00","995.000","995.000","995.000","995.000","0.00","2026-07-16 17:59:59","2026-07-17 01:59:59","0.00000","0","0.00","0.00000"
"all-available","Asia/Taipei","BTCUSDT","BTC-260718-63500-C","2026-07-18","63500","CALL","1h","2026-07-16 18:00:00","2026-07-17 02:00:00","995.000","995.000","995.000","995.000","0.00","2026-07-16 18:59:59","2026-07-17 02:59:59","0.00000","0","0.00","0.00000"
"all-available","Asia/Taipei","BTCUSDT","BTC-260718-63500-C","2026-07-18","63500","CALL","1h","2026-07-16 19:00:00","2026-07-17 03:00:00","995.000","995.000","995.000","995.000","0.00","2026-07-16 19:59:59","2026-07-17 03:59:59","0.00000","0","0.00","0.00000"
"all-available","Asia/Taipei","BTCUSDT","BTC-260718-63500-C","2026-07-18","63500","CALL","1h","2026-07-16 20:00:00","2026-07-17 04:00:00","995.000","995.000","995.000","995.000","0.00","2026-07-16 20:59:59","2026-07-17 04:59:59","0.00000","0","0.00","0.00000"
"all-available","Asia/Taipei","BTCUSDT","BTC-260718-63500-C","2026-07-18","63500","CALL","1h","2026-07-16 21:00:00","2026-07-17 05:00:00","995.000","995.000","995.000","995.000","0.00","2026-07-16 21:59:59","2026-07-17 05:59:59","0.00000","0","0.00","0.00000"
"all-available","Asia/Taipei","BTCUSDT","BTC-260718-63500-C","2026-07-18","63500","CALL","1h","2026-07-16 22:00:00","2026-07-17 06:00:00","875.000","875.000","815.000","815.000","1.11","2026-07-16 22:59:59","2026-07-17 06:59:59","970.65000","2","1.10","962.50000"
"all-available","Asia/Taipei","BTCUSDT","BTC-260718-63500-C","2026-07-18","63500","CALL","1h","2026-07-16 23:00:00","2026-07-17 07:00:00","680.000","680.000","680.000","680.000","3.00","2026-07-16 23:59:59","2026-07-17 07:59:59","2040.00000","2","3.00","2040.00000"
"all-available","Asia/Taipei","BTCUSDT","BTC-260718-63500-C","2026-07-18","63500","CALL","1h","2026-07-17 00:00:00","2026-07-17 08:00:00","620.000","620.000","620.000","620.000","3.85","2026-07-17 00:59:59","2026-07-17 08:59:59","2387.00000","2","0.00","0.00000"
"all-available","Asia/Taipei","BTCUSDT","BTC-260718-63500-C","2026-07-18","63500","CALL","1h","2026-07-17 01:00:00","2026-07-17 09:00:00","560.000","560.000","510.000","545.000","1.07","2026-07-17 01:59:59","2026-07-17 09:59:59","582.40000","6","0.02","10.20000"
"all-available","Asia/Taipei","BTCUSDT","BTC-260718-63500-C","2026-07-18","63500","CALL","1h","2026-07-17 02:00:00","2026-07-17 10:00:00","580.000","580.000","475.000","475.000","0.46","2026-07-17 02:59:59","2026-07-17 10:59:59","226.85000","4","0.40","195.85000"
"all-available","Asia/Taipei","BTCUSDT","BTC-260718-63500-C","2026-07-18","63500","CALL","1h","2026-07-17 03:00:00","2026-07-17 11:00:00","505.000","580.000","505.000","525.000","0.17","2026-07-17 03:59:59","2026-07-17 11:59:59","96.25000","5","0.03","16.65000"
"all-available","Asia/Taipei","BTCUSDT","BTC-260718-63500-C","2026-07-18","63500","CALL","1h","2026-07-17 04:00:00","2026-07-17 12:00:00","465.000","465.000","405.000","405.000","2.48","2026-07-17 04:59:59","2026-07-17 12:59:59","1119.00000","5","0.24","97.20000"
"all-available","Asia/Taipei","BTCUSDT","BTC-260718-63500-C","2026-07-18","63500","CALL","1h","2026-07-17 05:00:00","2026-07-17 13:00:00","420.000","425.000","225.000","235.000","11.13","2026-07-17 05:59:59","2026-07-17 13:59:59","3953.80000","20","0.57","224.30000"
"all-available","Asia/Taipei","BTCUSDT","BTC-260718-63500-C","2026-07-18","63500","CALL","1h","2026-07-17 06:00:00","2026-07-17 14:00:00","225.000","265.000","215.000","255.000","65.74","2026-07-17 06:59:59","2026-07-17 14:59:59","16455.70000","32","63.58","15930.00000"
"all-available","Asia/Taipei","BTCUSDT","BTC-260718-63500-C","2026-07-18","63500","CALL","1h","2026-07-17 07:00:00","2026-07-17 15:00:00","235.000","260.000","235.000","245.000","3.48","2026-07-17 07:59:59","2026-07-17 15:59:59","856.50000","10","2.21","556.70000"
"all-available","Asia/Taipei","BTCUSDT","BTC-260718-63500-C","2026-07-18","63500","CALL","1h","2026-07-17 08:00:00","2026-07-17 16:00:00","190.000","190.000","105.000","135.000","30.79","2026-07-17 08:59:59","2026-07-17 16:59:59","4687.20000","53","21.61","3057.10000"
"all-available","Asia/Taipei","BTCUSDT","BTC-260718-63500-C","2026-07-18","63500","CALL","1h","2026-07-17 09:00:00","2026-07-17 17:00:00","155.000","180.000","150.000","175.000","4.58","2026-07-17 09:59:59","2026-07-17 17:59:59","774.65000","11","4.58","774.65000"
"all-available","Asia/Taipei","BTCUSDT","BTC-260718-63500-C","2026-07-18","63500","CALL","1h","2026-07-17 10:00:00","2026-07-17 18:00:00","190.000","215.000","180.000","215.000","8.73","2026-07-17 10:59:59","2026-07-17 18:59:59","1800.80000","13","3.60","718.80000"
"all-available","Asia/Taipei","BTCUSDT","BTC-260718-63500-C","2026-07-18","63500","CALL","1h","2026-07-17 11:00:00","2026-07-17 19:00:00","200.000","285.000","180.000","285.000","16.37","2026-07-17 11:59:59","2026-07-17 19:59:59","3731.40000","10","2.93","696.10000"
"all-available","Asia/Taipei","BTCUSDT","BTC-260718-63500-C","2026-07-18","63500","CALL","1h","2026-07-17 12:00:00","2026-07-17 20:00:00","280.000","280.000","215.000","215.000","0.91","2026-07-17 12:59:59","2026-07-17 20:59:59","235.45000","9","0.14","30.10000"
"all-available","Asia/Taipei","BTCUSDT","BTC-260718-63500-C","2026-07-18","63500","CALL","1h","2026-07-17 13:00:00","2026-07-17 21:00:00","150.000","215.000","110.000","215.000","31.31","2026-07-17 13:59:59","2026-07-17 21:59:59","4005.90000","32","7.17","960.50000"
"all-available","Asia/Taipei","BTCUSDT","BTC-260718-63500-C","2026-07-18","63500","CALL","1h","2026-07-17 14:00:00","2026-07-17 22:00:00","235.000","375.000","195.000","195.000","72.06","2026-07-17 14:59:59","2026-07-17 22:59:59","20533.45000","98","37.61","10690.30000"
"all-available","Asia/Taipei","BTCUSDT","BTC-260718-63500-C","2026-07-18","63500","CALL","1h","2026-07-17 15:00:00","2026-07-17 23:00:00","185.000","240.000","125.000","240.000","7.04","2026-07-17 15:59:59","2026-07-17 23:59:59","1282.45000","17","0.18","35.00000"
"all-available","Asia/Taipei","BTCUSDT","BTC-260718-63500-C","2026-07-18","63500","CALL","1h","2026-07-17 16:00:00","2026-07-18 00:00:00","270.000","350.000","195.000","315.000","10.52","2026-07-17 16:59:59","2026-07-18 00:59:59","2965.05000","25","3.95","1199.00000"
"all-available","Asia/Taipei","BTCUSDT","BTC-260718-63500-C","2026-07-18","63500","CALL","1h","2026-07-17 17:00:00","2026-07-18 01:00:00","345.000","680.000","345.000","680.000","73.61","2026-07-17 17:59:59","2026-07-18 01:59:59","44891.60000","56","69.55","42985.15000"
"all-available","Asia/Taipei","BTCUSDT","BTC-260718-63500-C","2026-07-18","63500","CALL","1h","2026-07-17 18:00:00","2026-07-18 02:00:00","550.000","830.000","550.000","830.000","1.21","2026-07-17 18:59:59","2026-07-18 02:59:59","965.35000","10","1.20","958.95000"
"all-available","Asia/Taipei","BTCUSDT","BTC-260718-63500-C","2026-07-18","63500","CALL","1h","2026-07-17 19:00:00","2026-07-18 03:00:00","650.000","710.000","650.000","710.000","0.57","2026-07-17 19:59:59","2026-07-18 03:59:59","401.70000","2","0.57","401.70000"
"all-available","Asia/Taipei","BTCUSDT","BTC-260718-63500-C","2026-07-18","63500","CALL","1h","2026-07-17 20:00:00","2026-07-18 04:00:00","710.000","710.000","710.000","710.000","0.00","2026-07-17 20:59:59","2026-07-18 04:59:59","0.00000","0","0.00","0.00000"
"all-available","Asia/Taipei","BTCUSDT","BTC-260718-63500-C","2026-07-18","63500","CALL","1h","2026-07-17 21:00:00","2026-07-18 05:00:00","710.000","710.000","710.000","710.000","0.00","2026-07-17 21:59:59","2026-07-18 05:59:59","0.00000","0","0.00","0.00000"
"all-available","Asia/Taipei","BTCUSDT","BTC-260718-63500-C","2026-07-18","63500","CALL","1h","2026-07-17 22:00:00","2026-07-18 06:00:00","620.000","640.000","620.000","640.000","0.04","2026-07-17 22:59:59","2026-07-18 06:59:59","25.00000","2","0.04","25.00000"
"all-available","Asia/Taipei","BTCUSDT","BTC-260718-63500-C","2026-07-18","63500","CALL","1h","2026-07-17 23:00:00","2026-07-18 07:00:00","380.000","440.000","380.000","440.000","0.54","2026-07-17 23:59:59","2026-07-18 07:59:59","235.20000","2","0.50","220.00000"
"all-available","Asia/Taipei","BTCUSDT","BTC-260718-63500-C","2026-07-18","63500","CALL","1h","2026-07-18 00:00:00","2026-07-18 08:00:00","440.000","440.000","440.000","440.000","0.00","2026-07-18 00:59:59","2026-07-18 08:59:59","0.00000","0","0.00","0.00000"
"all-available","Asia/Taipei","BTCUSDT","BTC-260718-63500-C","2026-07-18","63500","CALL","1h","2026-07-18 01:00:00","2026-07-18 09:00:00","440.000","440.000","440.000","440.000","0.04","2026-07-18 01:59:59","2026-07-18 09:59:59","17.60000","1","0.04","17.60000"
"all-available","Asia/Taipei","BTCUSDT","BTC-260718-63500-C","2026-07-18","63500","CALL","1h","2026-07-18 02:00:00","2026-07-18 10:00:00","440.000","440.000","440.000","440.000","0.00","2026-07-18 02:59:59","2026-07-18 10:59:59","0.00000","0","0.00","0.00000"
"all-available","Asia/Taipei","BTCUSDT","BTC-260718-63500-C","2026-07-18","63500","CALL","1h","2026-07-18 03:00:00","2026-07-18 11:00:00","440.000","440.000","440.000","440.000","0.00","2026-07-18 03:59:59","2026-07-18 11:59:59","0.00000","0","0.00","0.00000"
"all-available","Asia/Taipei","BTCUSDT","BTC-260718-63500-C","2026-07-18","63500","CALL","1h","2026-07-18 04:00:00","2026-07-18 12:00:00","440.000","440.000","440.000","440.000","0.00","2026-07-18 04:59:59","2026-07-18 12:59:59","0.00000","0","0.00","0.00000"
"all-available","Asia/Taipei","BTCUSDT","BTC-260718-63500-C","2026-07-18","63500","CALL","1h","2026-07-18 05:00:00","2026-07-18 13:00:00","470.000","470.000","470.000","470.000","0.01","2026-07-18 05:59:59","2026-07-18 13:59:59","4.70000","1","0.01","4.70000"
"all-available","Asia/Taipei","BTCUSDT","BTC-260718-63500-C","2026-07-18","63500","CALL","1h","2026-07-18 06:00:00","2026-07-18 14:00:00","470.000","470.000","470.000","470.000","0.00","2026-07-18 06:59:59","2026-07-18 14:59:59","0.00000","0","0.00","0.00000"
"all-available","Asia/Taipei","BTCUSDT","BTC-260718-63500-C","2026-07-18","63500","CALL","1h","2026-07-18 07:00:00","2026-07-18 15:00:00","470.000","470.000","470.000","470.000","0.00","2026-07-18 07:59:59","2026-07-18 15:59:59","0.00000","0","0.00","0.00000"
"all-available","Asia/Taipei","BTCUSDT","BTC-260718-63500-P","2026-07-18","63500","PUT","1h","2026-07-15 09:00:00","2026-07-15 17:00:00","295.000","305.000","295.000","305.000","0.12","2026-07-15 09:59:59","2026-07-15 17:59:59","36.40000","3","0.00","0.00000"
"all-available","Asia/Taipei","BTCUSDT","BTC-260718-63500-P","2026-07-18","63500","PUT","1h","2026-07-15 10:00:00","2026-07-15 18:00:00","335.000","335.000","335.000","335.000","0.21","2026-07-15 10:59:59","2026-07-15 18:59:59","70.35000","1","0.00","0.00000"
"all-available","Asia/Taipei","BTCUSDT","BTC-260718-63500-P","2026-07-18","63500","PUT","1h","2026-07-15 11:00:00","2026-07-15 19:00:00","335.000","335.000","335.000","335.000","0.00","2026-07-15 11:59:59","2026-07-15 19:59:59","0.00000","0","0.00","0.00000"
"all-available","Asia/Taipei","BTCUSDT","BTC-260718-63500-P","2026-07-18","63500","PUT","1h","2026-07-15 12:00:00","2026-07-15 20:00:00","335.000","335.000","335.000","335.000","0.00","2026-07-15 12:59:59","2026-07-15 20:59:59","0.00000","0","0.00","0.00000"
"all-available","Asia/Taipei","BTCUSDT","BTC-260718-63500-P","2026-07-18","63500","PUT","1h","2026-07-15 13:00:00","2026-07-15 21:00:00","215.000","215.000","205.000","205.000","1.49","2026-07-15 13:59:59","2026-07-15 21:59:59","320.15000","3","0.02","4.10000"
"all-available","Asia/Taipei","BTCUSDT","BTC-260718-63500-P","2026-07-18","63500","PUT","1h","2026-07-15 14:00:00","2026-07-15 22:00:00","230.000","230.000","185.000","185.000","0.15","2026-07-15 14:59:59","2026-07-15 22:59:59","32.25000","2","0.05","9.25000"
"all-available","Asia/Taipei","BTCUSDT","BTC-260718-63500-P","2026-07-18","63500","PUT","1h","2026-07-15 15:00:00","2026-07-15 23:00:00","190.000","190.000","190.000","190.000","0.01","2026-07-15 15:59:59","2026-07-15 23:59:59","1.90000","1","0.01","1.90000"
"all-available","Asia/Taipei","BTCUSDT","BTC-260718-63500-P","2026-07-18","63500","PUT","1h","2026-07-15 16:00:00","2026-07-16 00:00:00","185.000","215.000","185.000","215.000","1.43","2026-07-15 16:59:59","2026-07-16 00:59:59","298.75000","2","1.43","298.75000"
"all-available","Asia/Taipei","BTCUSDT","BTC-260718-63500-P","2026-07-18","63500","PUT","1h","2026-07-15 17:00:00","2026-07-16 01:00:00","210.000","210.000","205.000","205.000","17.26","2026-07-15 17:59:59","2026-07-16 01:59:59","3599.75000","5","17.26","3599.75000"
"all-available","Asia/Taipei","BTCUSDT","BTC-260718-63500-P","2026-07-18","63500","PUT","1h","2026-07-15 18:00:00","2026-07-16 02:00:00","205.000","205.000","205.000","205.000","0.00","2026-07-15 18:59:59","2026-07-16 02:59:59","0.00000","0","0.00","0.00000"
"all-available","Asia/Taipei","BTCUSDT","BTC-260718-63500-P","2026-07-18","63500","PUT","1h","2026-07-15 19:00:00","2026-07-16 03:00:00","205.000","205.000","205.000","205.000","0.00","2026-07-15 19:59:59","2026-07-16 03:59:59","0.00000","0","0.00","0.00000"
"all-available","Asia/Taipei","BTCUSDT","BTC-260718-63500-P","2026-07-18","63500","PUT","1h","2026-07-15 20:00:00","2026-07-16 04:00:00","205.000","205.000","205.000","205.000","0.25","2026-07-15 20:59:59","2026-07-16 04:59:59","51.25000","1","0.00","0.00000"
"all-available","Asia/Taipei","BTCUSDT","BTC-260718-63500-P","2026-07-18","63500","PUT","1h","2026-07-15 21:00:00","2026-07-16 05:00:00","205.000","205.000","205.000","205.000","0.00","2026-07-15 21:59:59","2026-07-16 05:59:59","0.00000","0","0.00","0.00000"
"all-available","Asia/Taipei","BTCUSDT","BTC-260718-63500-P","2026-07-18","63500","PUT","1h","2026-07-15 22:00:00","2026-07-16 06:00:00","220.000","220.000","220.000","220.000","0.01","2026-07-15 22:59:59","2026-07-16 06:59:59","2.20000","1","0.01","2.20000"
"all-available","Asia/Taipei","BTCUSDT","BTC-260718-63500-P","2026-07-18","63500","PUT","1h","2026-07-15 23:00:00","2026-07-16 07:00:00","220.000","220.000","220.000","220.000","0.50","2026-07-15 23:59:59","2026-07-16 07:59:59","110.00000","1","0.50","110.00000"
"all-available","Asia/Taipei","BTCUSDT","BTC-260718-63500-P","2026-07-18","63500","PUT","1h","2026-07-16 00:00:00","2026-07-16 08:00:00","290.000","290.000","290.000","290.000","0.10","2026-07-16 00:59:59","2026-07-16 08:59:59","29.00000","1","0.10","29.00000"
"all-available","Asia/Taipei","BTCUSDT","BTC-260718-63500-P","2026-07-18","63500","PUT","1h","2026-07-16 01:00:00","2026-07-16 09:00:00","260.000","260.000","225.000","225.000","0.30","2026-07-16 01:59:59","2026-07-16 09:59:59","71.00000","2","0.30","71.00000"
"all-available","Asia/Taipei","BTCUSDT","BTC-260718-63500-P","2026-07-18","63500","PUT","1h","2026-07-16 02:00:00","2026-07-16 10:00:00","225.000","225.000","225.000","225.000","0.00","2026-07-16 02:59:59","2026-07-16 10:59:59","0.00000","0","0.00","0.00000"
"all-available","Asia/Taipei","BTCUSDT","BTC-260718-63500-P","2026-07-18","63500","PUT","1h","2026-07-16 03:00:00","2026-07-16 11:00:00","230.000","230.000","230.000","230.000","0.40","2026-07-16 03:59:59","2026-07-16 11:59:59","92.00000","1","0.00","0.00000"
"all-available","Asia/Taipei","BTCUSDT","BTC-260718-63500-P","2026-07-18","63500","PUT","1h","2026-07-16 04:00:00","2026-07-16 12:00:00","230.000","230.000","230.000","230.000","0.02","2026-07-16 04:59:59","2026-07-16 12:59:59","4.60000","1","0.02","4.60000"
"all-available","Asia/Taipei","BTCUSDT","BTC-260718-63500-P","2026-07-18","63500","PUT","1h","2026-07-16 05:00:00","2026-07-16 13:00:00","180.000","180.000","170.000","170.000","0.25","2026-07-16 05:59:59","2026-07-16 13:59:59","44.50000","2","0.00","0.00000"
"all-available","Asia/Taipei","BTCUSDT","BTC-260718-63500-P","2026-07-18","63500","PUT","1h","2026-07-16 06:00:00","2026-07-16 14:00:00","205.000","205.000","205.000","205.000","3.00","2026-07-16 06:59:59","2026-07-16 14:59:59","615.00000","1","3.00","615.00000"
"all-available","Asia/Taipei","BTCUSDT","BTC-260718-63500-P","2026-07-18","63500","PUT","1h","2026-07-16 07:00:00","2026-07-16 15:00:00","260.000","355.000","260.000","355.000","1.44","2026-07-16 07:59:59","2026-07-16 15:59:59","406.35000","5","1.43","403.65000"
"all-available","Asia/Taipei","BTCUSDT","BTC-260718-63500-P","2026-07-18","63500","PUT","1h","2026-07-16 08:00:00","2026-07-16 16:00:00","425.000","480.000","305.000","360.000","42.93","2026-07-16 08:59:59","2026-07-16 16:59:59","14817.45000","18","38.29","13166.85000"
"all-available","Asia/Taipei","BTCUSDT","BTC-260718-63500-P","2026-07-18","63500","PUT","1h","2026-07-16 09:00:00","2026-07-16 17:00:00","360.000","380.000","360.000","375.000","0.35","2026-07-16 09:59:59","2026-07-16 17:59:59","127.60000","4","0.04","15.20000"
"all-available","Asia/Taipei","BTCUSDT","BTC-260718-63500-P","2026-07-18","63500","PUT","1h","2026-07-16 10:00:00","2026-07-16 18:00:00","365.000","365.000","325.000","325.000","17.92","2026-07-16 10:59:59","2026-07-16 18:59:59","5998.40000","11","0.00","0.00000"
"all-available","Asia/Taipei","BTCUSDT","BTC-260718-63500-P","2026-07-18","63500","PUT","1h","2026-07-16 11:00:00","2026-07-16 19:00:00","355.000","360.000","335.000","360.000","1.09","2026-07-16 11:59:59","2026-07-16 19:59:59","377.45000","4","0.18","64.80000"
"all-available","Asia/Taipei","BTCUSDT","BTC-260718-63500-P","2026-07-18","63500","PUT","1h","2026-07-16 12:00:00","2026-07-16 20:00:00","350.000","400.000","350.000","400.000","0.92","2026-07-16 12:59:59","2026-07-16 20:59:59","324.00000","2","0.92","324.00000"
"all-available","Asia/Taipei","BTCUSDT","BTC-260718-63500-P","2026-07-18","63500","PUT","1h","2026-07-16 13:00:00","2026-07-16 21:00:00","310.000","325.000","265.000","280.000","5.81","2026-07-16 13:59:59","2026-07-16 21:59:59","1814.90000","7","0.00","0.00000"
"all-available","Asia/Taipei","BTCUSDT","BTC-260718-63500-P","2026-07-18","63500","PUT","1h","2026-07-16 14:00:00","2026-07-16 22:00:00","225.000","225.000","160.000","220.000","6.57","2026-07-16 14:59:59","2026-07-16 22:59:59","1222.45000","23","4.76","869.40000"
"all-available","Asia/Taipei","BTCUSDT","BTC-260718-63500-P","2026-07-18","63500","PUT","1h","2026-07-16 15:00:00","2026-07-16 23:00:00","150.000","160.000","150.000","160.000","2.05","2026-07-16 15:59:59","2026-07-16 23:59:59","313.00000","6","2.00","305.00000"
"all-available","Asia/Taipei","BTCUSDT","BTC-260718-63500-P","2026-07-18","63500","PUT","1h","2026-07-16 16:00:00","2026-07-17 00:00:00","170.000","235.000","170.000","235.000","3.16","2026-07-16 16:59:59","2026-07-17 00:59:59","630.25000","8","1.91","398.55000"
"all-available","Asia/Taipei","BTCUSDT","BTC-260718-63500-P","2026-07-18","63500","PUT","1h","2026-07-16 17:00:00","2026-07-17 01:00:00","230.000","290.000","230.000","285.000","0.66","2026-07-16 17:59:59","2026-07-17 01:59:59","168.90000","4","0.66","168.90000"
"all-available","Asia/Taipei","BTCUSDT","BTC-260718-63500-P","2026-07-18","63500","PUT","1h","2026-07-16 18:00:00","2026-07-17 02:00:00","300.000","300.000","245.000","250.000","0.71","2026-07-16 18:59:59","2026-07-17 02:59:59","190.30000","5","0.07","17.15000"
"all-available","Asia/Taipei","BTCUSDT","BTC-260718-63500-P","2026-07-18","63500","PUT","1h","2026-07-16 19:00:00","2026-07-17 03:00:00","235.000","240.000","230.000","230.000","0.66","2026-07-16 19:59:59","2026-07-17 03:59:59","156.10000","3","0.00","0.00000"
"all-available","Asia/Taipei","BTCUSDT","BTC-260718-63500-P","2026-07-18","63500","PUT","1h","2026-07-16 20:00:00","2026-07-17 04:00:00","230.000","230.000","230.000","230.000","0.00","2026-07-16 20:59:59","2026-07-17 04:59:59","0.00000","0","0.00","0.00000"
"all-available","Asia/Taipei","BTCUSDT","BTC-260718-63500-P","2026-07-18","63500","PUT","1h","2026-07-16 21:00:00","2026-07-17 05:00:00","230.000","230.000","230.000","230.000","0.00","2026-07-16 21:59:59","2026-07-17 05:59:59","0.00000","0","0.00","0.00000"
"all-available","Asia/Taipei","BTCUSDT","BTC-260718-63500-P","2026-07-18","63500","PUT","1h","2026-07-16 22:00:00","2026-07-17 06:00:00","280.000","285.000","280.000","285.000","5.00","2026-07-16 22:59:59","2026-07-17 06:59:59","1415.00000","2","5.00","1415.00000"
"all-available","Asia/Taipei","BTCUSDT","BTC-260718-63500-P","2026-07-18","63500","PUT","1h","2026-07-16 23:00:00","2026-07-17 07:00:00","325.000","365.000","325.000","335.000","5.25","2026-07-16 23:59:59","2026-07-17 07:59:59","1860.25000","8","1.10","387.50000"
"all-available","Asia/Taipei","BTCUSDT","BTC-260718-63500-P","2026-07-18","63500","PUT","1h","2026-07-17 00:00:00","2026-07-17 08:00:00","360.000","440.000","355.000","355.000","3.46","2026-07-17 00:59:59","2026-07-17 08:59:59","1254.80000","9","0.02","8.40000"
"all-available","Asia/Taipei","BTCUSDT","BTC-260718-63500-P","2026-07-18","63500","PUT","1h","2026-07-17 01:00:00","2026-07-17 09:00:00","315.000","500.000","315.000","500.000","5.74","2026-07-17 01:59:59","2026-07-17 09:59:59","2601.35000","11","5.35","2417.15000"
"all-available","Asia/Taipei","BTCUSDT","BTC-260718-63500-P","2026-07-18","63500","PUT","1h","2026-07-17 02:00:00","2026-07-17 10:00:00","460.000","560.000","460.000","525.000","1.77","2026-07-17 02:59:59","2026-07-17 10:59:59","923.95000","12","0.53","267.65000"
"all-available","Asia/Taipei","BTCUSDT","BTC-260718-63500-P","2026-07-18","63500","PUT","1h","2026-07-17 03:00:00","2026-07-17 11:00:00","500.000","500.000","390.000","435.000","5.99","2026-07-17 03:59:59","2026-07-17 11:59:59","2596.80000","13","4.56","2036.70000"
"all-available","Asia/Taipei","BTCUSDT","BTC-260718-63500-P","2026-07-18","63500","PUT","1h","2026-07-17 04:00:00","2026-07-17 12:00:00","460.000","560.000","445.000","445.000","7.44","2026-07-17 04:59:59","2026-07-17 12:59:59","3737.05000","10","3.49","1841.60000"
"all-available","Asia/Taipei","BTCUSDT","BTC-260718-63500-P","2026-07-18","63500","PUT","1h","2026-07-17 05:00:00","2026-07-17 13:00:00","530.000","900.000","530.000","885.000","5.39","2026-07-17 05:59:59","2026-07-17 13:59:59","3896.15000","18","3.91","2584.15000"
"all-available","Asia/Taipei","BTCUSDT","BTC-260718-63500-P","2026-07-18","63500","PUT","1h","2026-07-17 06:00:00","2026-07-17 14:00:00","865.000","865.000","805.000","830.000","2.45","2026-07-17 06:59:59","2026-07-17 14:59:59","2109.05000","5","0.00","0.00000"
"all-available","Asia/Taipei","BTCUSDT","BTC-260718-63500-P","2026-07-18","63500","PUT","1h","2026-07-17 07:00:00","2026-07-17 15:00:00","850.000","850.000","820.000","820.000","1.88","2026-07-17 07:59:59","2026-07-17 15:59:59","1578.35000","4","0.00","0.00000"
"all-available","Asia/Taipei","BTCUSDT","BTC-260718-63500-P","2026-07-18","63500","PUT","1h","2026-07-17 08:00:00","2026-07-17 16:00:00","840.000","840.000","840.000","840.000","0.60","2026-07-17 08:59:59","2026-07-17 16:59:59","504.00000","1","0.60","504.00000"
"all-available","Asia/Taipei","BTCUSDT","BTC-260718-63500-P","2026-07-18","63500","PUT","1h","2026-07-17 09:00:00","2026-07-17 17:00:00","720.000","725.000","670.000","675.000","2.88","2026-07-17 09:59:59","2026-07-17 17:59:59","2006.95000","10","2.88","2006.95000"
"all-available","Asia/Taipei","BTCUSDT","BTC-260718-63500-P","2026-07-18","63500","PUT","1h","2026-07-17 10:00:00","2026-07-17 18:00:00","610.000","610.000","610.000","610.000","0.01","2026-07-17 10:59:59","2026-07-17 18:59:59","6.10000","1","0.01","6.10000"
"all-available","Asia/Taipei","BTCUSDT","BTC-260718-63500-P","2026-07-18","63500","PUT","1h","2026-07-17 11:00:00","2026-07-17 19:00:00","545.000","605.000","470.000","470.000","6.87","2026-07-17 11:59:59","2026-07-17 19:59:59","3468.60000","6","6.86","3463.15000"
"all-available","Asia/Taipei","BTCUSDT","BTC-260718-63500-P","2026-07-18","63500","PUT","1h","2026-07-17 12:00:00","2026-07-17 20:00:00","530.000","600.000","505.000","570.000","3.95","2026-07-17 12:59:59","2026-07-17 20:59:59","2174.25000","13","2.69","1426.85000"
"all-available","Asia/Taipei","BTCUSDT","BTC-260718-63500-P","2026-07-18","63500","PUT","1h","2026-07-17 13:00:00","2026-07-17 21:00:00","625.000","970.000","585.000","585.000","2.33","2026-07-17 13:59:59","2026-07-17 21:59:59","1655.30000","7","0.53","320.40000"
"all-available","Asia/Taipei","BTCUSDT","BTC-260718-63500-P","2026-07-18","63500","PUT","1h","2026-07-17 14:00:00","2026-07-17 22:00:00","540.000","565.000","395.000","490.000","14.53","2026-07-17 14:59:59","2026-07-17 22:59:59","7019.10000","19","4.61","2153.85000"
"all-available","Asia/Taipei","BTCUSDT","BTC-260718-63500-P","2026-07-18","63500","PUT","1h","2026-07-17 15:00:00","2026-07-17 23:00:00","550.000","615.000","355.000","355.000","11.52","2026-07-17 15:59:59","2026-07-17 23:59:59","5516.30000","10","8.42","3901.30000"
"all-available","Asia/Taipei","BTCUSDT","BTC-260718-63500-P","2026-07-18","63500","PUT","1h","2026-07-17 16:00:00","2026-07-18 00:00:00","325.000","335.000","190.000","205.000","26.76","2026-07-17 16:59:59","2026-07-18 00:59:59","6063.20000","26","24.82","5540.90000"
"all-available","Asia/Taipei","BTCUSDT","BTC-260718-63500-P","2026-07-18","63500","PUT","1h","2026-07-17 17:00:00","2026-07-18 01:00:00","185.000","185.000","55.000","80.000","28.02","2026-07-17 17:59:59","2026-07-18 01:59:59","2596.65000","76","15.28","1386.10000"
"all-available","Asia/Taipei","BTCUSDT","BTC-260718-63500-P","2026-07-18","63500","PUT","1h","2026-07-17 18:00:00","2026-07-18 02:00:00","95.000","100.000","35.000","45.000","44.68","2026-07-17 18:59:59","2026-07-18 02:59:59","3226.55000","78","25.04","1924.90000"
"all-available","Asia/Taipei","BTCUSDT","BTC-260718-63500-P","2026-07-18","63500","PUT","1h","2026-07-17 19:00:00","2026-07-18 03:00:00","45.000","70.000","40.000","45.000","20.91","2026-07-17 19:59:59","2026-07-18 03:59:59","977.95000","87","17.38","836.60000"
"all-available","Asia/Taipei","BTCUSDT","BTC-260718-63500-P","2026-07-18","63500","PUT","1h","2026-07-17 20:00:00","2026-07-18 04:00:00","50.000","55.000","25.000","30.000","39.28","2026-07-17 20:59:59","2026-07-18 04:59:59","1328.00000","102","4.24","169.00000"
"all-available","Asia/Taipei","BTCUSDT","BTC-260718-63500-P","2026-07-18","63500","PUT","1h","2026-07-17 21:00:00","2026-07-18 05:00:00","35.000","35.000","20.000","20.000","9.92","2026-07-17 21:59:59","2026-07-18 05:59:59","246.60000","24","2.00","60.00000"
"all-available","Asia/Taipei","BTCUSDT","BTC-260718-63500-P","2026-07-18","63500","PUT","1h","2026-07-17 22:00:00","2026-07-18 06:00:00","15.000","35.000","15.000","25.000","47.53","2026-07-17 22:59:59","2026-07-18 06:59:59","1543.40000","55","43.48","1436.70000"
"all-available","Asia/Taipei","BTCUSDT","BTC-260718-63500-P","2026-07-18","63500","PUT","1h","2026-07-17 23:00:00","2026-07-18 07:00:00","20.000","35.000","20.000","25.000","9.93","2026-07-17 23:59:59","2026-07-18 07:59:59","297.80000","78","6.18","187.30000"
"all-available","Asia/Taipei","BTCUSDT","BTC-260718-63500-P","2026-07-18","63500","PUT","1h","2026-07-18 00:00:00","2026-07-18 08:00:00","20.000","20.000","15.000","20.000","6.87","2026-07-18 00:59:59","2026-07-18 08:59:59","131.85000","33","5.54","110.80000"
"all-available","Asia/Taipei","BTCUSDT","BTC-260718-63500-P","2026-07-18","63500","PUT","1h","2026-07-18 01:00:00","2026-07-18 09:00:00","20.000","25.000","15.000","15.000","4.60","2026-07-18 01:59:59","2026-07-18 09:59:59","92.30000","30","3.28","71.70000"
"all-available","Asia/Taipei","BTCUSDT","BTC-260718-63500-P","2026-07-18","63500","PUT","1h","2026-07-18 02:00:00","2026-07-18 10:00:00","20.000","20.000","10.000","10.000","6.43","2026-07-18 02:59:59","2026-07-18 10:59:59","97.45000","14","5.65","87.25000"
"all-available","Asia/Taipei","BTCUSDT","BTC-260718-63500-P","2026-07-18","63500","PUT","1h","2026-07-18 03:00:00","2026-07-18 11:00:00","10.000","10.000","10.000","10.000","2.20","2026-07-18 03:59:59","2026-07-18 11:59:59","22.00000","1","0.00","0.00000"
"all-available","Asia/Taipei","BTCUSDT","BTC-260718-63500-P","2026-07-18","63500","PUT","1h","2026-07-18 04:00:00","2026-07-18 12:00:00","10.000","10.000","5.000","5.000","4.91","2026-07-18 04:59:59","2026-07-18 12:59:59","33.30000","8","1.60","16.00000"
"all-available","Asia/Taipei","BTCUSDT","BTC-260718-63500-P","2026-07-18","63500","PUT","1h","2026-07-18 05:00:00","2026-07-18 13:00:00","5.000","5.000","5.000","5.000","36.72","2026-07-18 05:59:59","2026-07-18 13:59:59","183.60000","10","7.38","36.90000"
"all-available","Asia/Taipei","BTCUSDT","BTC-260718-63500-P","2026-07-18","63500","PUT","1h","2026-07-18 06:00:00","2026-07-18 14:00:00","5.000","5.000","5.000","5.000","1.78","2026-07-18 06:59:59","2026-07-18 14:59:59","8.90000","4","1.78","8.90000"
"all-available","Asia/Taipei","BTCUSDT","BTC-260718-63500-P","2026-07-18","63500","PUT","1h","2026-07-18 07:00:00","2026-07-18 15:00:00","5.000","5.000","5.000","5.000","0.00","2026-07-18 07:59:59","2026-07-18 15:59:59","0.00000","0","0.00","0.00000"
"all-available","Asia/Taipei","BTCUSDT","BTC-260718-64000-C","2026-07-18","64000","CALL","1h","2026-07-15 10:00:00","2026-07-15 18:00:00","1175.000","1175.000","1175.000","1175.000","0.01","2026-07-15 10:59:59","2026-07-15 18:59:59","11.75000","1","0.01","11.75000"
"all-available","Asia/Taipei","BTCUSDT","BTC-260718-64000-C","2026-07-18","64000","CALL","1h","2026-07-15 11:00:00","2026-07-15 19:00:00","1175.000","1175.000","1175.000","1175.000","0.00","2026-07-15 11:59:59","2026-07-15 19:59:59","0.00000","0","0.00","0.00000"
"all-available","Asia/Taipei","BTCUSDT","BTC-260718-64000-C","2026-07-18","64000","CALL","1h","2026-07-15 12:00:00","2026-07-15 20:00:00","1485.000","1485.000","1485.000","1485.000","0.01","2026-07-15 12:59:59","2026-07-15 20:59:59","14.85000","1","0.00","0.00000"
"all-available","Asia/Taipei","BTCUSDT","BTC-260718-64000-C","2026-07-18","64000","CALL","1h","2026-07-15 13:00:00","2026-07-15 21:00:00","1485.000","1485.000","1485.000","1485.000","0.00","2026-07-15 13:59:59","2026-07-15 21:59:59","0.00000","0","0.00","0.00000"
"all-available","Asia/Taipei","BTCUSDT","BTC-260718-64000-C","2026-07-18","64000","CALL","1h","2026-07-15 14:00:00","2026-07-15 22:00:00","1485.000","1485.000","1485.000","1485.000","0.00","2026-07-15 14:59:59","2026-07-15 22:59:59","0.00000","0","0.00","0.00000"
"all-available","Asia/Taipei","BTCUSDT","BTC-260718-64000-C","2026-07-18","64000","CALL","1h","2026-07-15 15:00:00","2026-07-15 23:00:00","1485.000","1485.000","1485.000","1485.000","0.00","2026-07-15 15:59:59","2026-07-15 23:59:59","0.00000","0","0.00","0.00000"
"all-available","Asia/Taipei","BTCUSDT","BTC-260718-64000-C","2026-07-18","64000","CALL","1h","2026-07-15 16:00:00","2026-07-16 00:00:00","1485.000","1485.000","1485.000","1485.000","0.00","2026-07-15 16:59:59","2026-07-16 00:59:59","0.00000","0","0.00","0.00000"
"all-available","Asia/Taipei","BTCUSDT","BTC-260718-64000-C","2026-07-18","64000","CALL","1h","2026-07-15 17:00:00","2026-07-16 01:00:00","1485.000","1485.000","1485.000","1485.000","0.00","2026-07-15 17:59:59","2026-07-16 01:59:59","0.00000","0","0.00","0.00000"
"all-available","Asia/Taipei","BTCUSDT","BTC-260718-64000-C","2026-07-18","64000","CALL","1h","2026-07-15 18:00:00","2026-07-16 02:00:00","1485.000","1485.000","1485.000","1485.000","0.00","2026-07-15 18:59:59","2026-07-16 02:59:59","0.00000","0","0.00","0.00000"
"all-available","Asia/Taipei","BTCUSDT","BTC-260718-64000-C","2026-07-18","64000","CALL","1h","2026-07-15 19:00:00","2026-07-16 03:00:00","1485.000","1485.000","1485.000","1485.000","0.00","2026-07-15 19:59:59","2026-07-16 03:59:59","0.00000","0","0.00","0.00000"
"all-available","Asia/Taipei","BTCUSDT","BTC-260718-64000-C","2026-07-18","64000","CALL","1h","2026-07-15 20:00:00","2026-07-16 04:00:00","1485.000","1485.000","1485.000","1485.000","0.00","2026-07-15 20:59:59","2026-07-16 04:59:59","0.00000","0","0.00","0.00000"
"all-available","Asia/Taipei","BTCUSDT","BTC-260718-64000-C","2026-07-18","64000","CALL","1h","2026-07-15 21:00:00","2026-07-16 05:00:00","1485.000","1485.000","1485.000","1485.000","0.00","2026-07-15 21:59:59","2026-07-16 05:59:59","0.00000","0","0.00","0.00000"
"all-available","Asia/Taipei","BTCUSDT","BTC-260718-64000-C","2026-07-18","64000","CALL","1h","2026-07-15 22:00:00","2026-07-16 06:00:00","1485.000","1485.000","1485.000","1485.000","0.00","2026-07-15 22:59:59","2026-07-16 06:59:59","0.00000","0","0.00","0.00000"
"all-available","Asia/Taipei","BTCUSDT","BTC-260718-64000-C","2026-07-18","64000","CALL","1h","2026-07-15 23:00:00","2026-07-16 07:00:00","1485.000","1485.000","1485.000","1485.000","0.00","2026-07-15 23:59:59","2026-07-16 07:59:59","0.00000","0","0.00","0.00000"
"all-available","Asia/Taipei","BTCUSDT","BTC-260718-64000-C","2026-07-18","64000","CALL","1h","2026-07-16 00:00:00","2026-07-16 08:00:00","990.000","990.000","990.000","990.000","0.26","2026-07-16 00:59:59","2026-07-16 08:59:59","257.40000","1","0.26","257.40000"
"all-available","Asia/Taipei","BTCUSDT","BTC-260718-64000-C","2026-07-18","64000","CALL","1h","2026-07-16 01:00:00","2026-07-16 09:00:00","1080.000","1080.000","1080.000","1080.000","1.00","2026-07-16 01:59:59","2026-07-16 09:59:59","1080.00000","1","1.00","1080.00000"
"all-available","Asia/Taipei","BTCUSDT","BTC-260718-64000-C","2026-07-18","64000","CALL","1h","2026-07-16 02:00:00","2026-07-16 10:00:00","995.000","995.000","995.000","995.000","0.83","2026-07-16 02:59:59","2026-07-16 10:59:59","825.85000","2","0.83","825.85000"
"all-available","Asia/Taipei","BTCUSDT","BTC-260718-64000-C","2026-07-18","64000","CALL","1h","2026-07-16 03:00:00","2026-07-16 11:00:00","995.000","995.000","995.000","995.000","0.00","2026-07-16 03:59:59","2026-07-16 11:59:59","0.00000","0","0.00","0.00000"
"all-available","Asia/Taipei","BTCUSDT","BTC-260718-64000-C","2026-07-18","64000","CALL","1h","2026-07-16 04:00:00","2026-07-16 12:00:00","995.000","995.000","995.000","995.000","0.00","2026-07-16 04:59:59","2026-07-16 12:59:59","0.00000","0","0.00","0.00000"
"all-available","Asia/Taipei","BTCUSDT","BTC-260718-64000-C","2026-07-18","64000","CALL","1h","2026-07-16 05:00:00","2026-07-16 13:00:00","995.000","995.000","995.000","995.000","0.00","2026-07-16 05:59:59","2026-07-16 13:59:59","0.00000","0","0.00","0.00000"
"all-available","Asia/Taipei","BTCUSDT","BTC-260718-64000-C","2026-07-18","64000","CALL","1h","2026-07-16 06:00:00","2026-07-16 14:00:00","995.000","995.000","995.000","995.000","0.00","2026-07-16 06:59:59","2026-07-16 14:59:59","0.00000","0","0.00","0.00000"
"all-available","Asia/Taipei","BTCUSDT","BTC-260718-64000-C","2026-07-18","64000","CALL","1h","2026-07-16 07:00:00","2026-07-16 15:00:00","805.000","805.000","805.000","805.000","0.26","2026-07-16 07:59:59","2026-07-16 15:59:59","209.30000","1","0.00","0.00000"
"all-available","Asia/Taipei","BTCUSDT","BTC-260718-64000-C","2026-07-18","64000","CALL","1h","2026-07-16 08:00:00","2026-07-16 16:00:00","795.000","795.000","650.000","695.000","7.28","2026-07-16 08:59:59","2026-07-16 16:59:59","5178.80000","8","3.01","2092.50000"
"all-available","Asia/Taipei","BTCUSDT","BTC-260718-64000-C","2026-07-18","64000","CALL","1h","2026-07-16 09:00:00","2026-07-16 17:00:00","700.000","700.000","665.000","665.000","5.10","2026-07-16 09:59:59","2026-07-16 17:59:59","3489.00000","5","0.00","0.00000"
"all-available","Asia/Taipei","BTCUSDT","BTC-260718-64000-C","2026-07-18","64000","CALL","1h","2026-07-16 10:00:00","2026-07-16 18:00:00","745.000","745.000","745.000","745.000","0.52","2026-07-16 10:59:59","2026-07-16 18:59:59","387.40000","1","0.00","0.00000"
"all-available","Asia/Taipei","BTCUSDT","BTC-260718-64000-C","2026-07-18","64000","CALL","1h","2026-07-16 11:00:00","2026-07-16 19:00:00","715.000","745.000","715.000","745.000","2.12","2026-07-16 11:59:59","2026-07-16 19:59:59","1521.80000","2","0.00","0.00000"
"all-available","Asia/Taipei","BTCUSDT","BTC-260718-64000-C","2026-07-18","64000","CALL","1h","2026-07-16 12:00:00","2026-07-16 20:00:00","700.000","700.000","690.000","690.000","1.58","2026-07-16 12:59:59","2026-07-16 20:59:59","1096.20000","7","0.40","280.00000"
"all-available","Asia/Taipei","BTCUSDT","BTC-260718-64000-C","2026-07-18","64000","CALL","1h","2026-07-16 13:00:00","2026-07-16 21:00:00","690.000","690.000","690.000","690.000","0.00","2026-07-16 13:59:59","2026-07-16 21:59:59","0.00000","0","0.00","0.00000"
"all-available","Asia/Taipei","BTCUSDT","BTC-260718-64000-C","2026-07-18","64000","CALL","1h","2026-07-16 14:00:00","2026-07-16 22:00:00","880.000","880.000","800.000","800.000","4.60","2026-07-16 14:59:59","2026-07-16 22:59:59","3888.00000","2","0.00","0.00000"
"all-available","Asia/Taipei","BTCUSDT","BTC-260718-64000-C","2026-07-18","64000","CALL","1h","2026-07-16 15:00:00","2026-07-16 23:00:00","800.000","800.000","800.000","800.000","0.00","2026-07-16 15:59:59","2026-07-16 23:59:59","0.00000","0","0.00","0.00000"
"all-available","Asia/Taipei","BTCUSDT","BTC-260718-64000-C","2026-07-18","64000","CALL","1h","2026-07-16 16:00:00","2026-07-17 00:00:00","800.000","800.000","800.000","800.000","0.00","2026-07-16 16:59:59","2026-07-17 00:59:59","0.00000","0","0.00","0.00000"
"all-available","Asia/Taipei","BTCUSDT","BTC-260718-64000-C","2026-07-18","64000","CALL","1h","2026-07-16 17:00:00","2026-07-17 01:00:00","705.000","705.000","615.000","675.000","4.30","2026-07-16 17:59:59","2026-07-17 01:59:59","2761.20000","5","3.00","1845.00000"
"all-available","Asia/Taipei","BTCUSDT","BTC-260718-64000-C","2026-07-18","64000","CALL","1h","2026-07-16 18:00:00","2026-07-17 02:00:00","675.000","675.000","675.000","675.000","0.00","2026-07-16 18:59:59","2026-07-17 02:59:59","0.00000","0","0.00","0.00000"
"all-available","Asia/Taipei","BTCUSDT","BTC-260718-64000-C","2026-07-18","64000","CALL","1h","2026-07-16 19:00:00","2026-07-17 03:00:00","675.000","675.000","675.000","675.000","0.00","2026-07-16 19:59:59","2026-07-17 03:59:59","0.00000","0","0.00","0.00000"
"all-available","Asia/Taipei","BTCUSDT","BTC-260718-64000-C","2026-07-18","64000","CALL","1h","2026-07-16 20:00:00","2026-07-17 04:00:00","655.000","655.000","655.000","655.000","0.01","2026-07-16 20:59:59","2026-07-17 04:59:59","6.55000","1","0.00","0.00000"
"all-available","Asia/Taipei","BTCUSDT","BTC-260718-64000-C","2026-07-18","64000","CALL","1h","2026-07-16 21:00:00","2026-07-17 05:00:00","605.000","605.000","605.000","605.000","0.52","2026-07-16 21:59:59","2026-07-17 05:59:59","314.60000","1","0.52","314.60000"
"all-available","Asia/Taipei","BTCUSDT","BTC-260718-64000-C","2026-07-18","64000","CALL","1h","2026-07-16 22:00:00","2026-07-17 06:00:00","535.000","535.000","535.000","535.000","0.01","2026-07-16 22:59:59","2026-07-17 06:59:59","5.35000","1","0.00","0.00000"
"all-available","Asia/Taipei","BTCUSDT","BTC-260718-64000-C","2026-07-18","64000","CALL","1h","2026-07-16 23:00:00","2026-07-17 07:00:00","435.000","440.000","415.000","415.000","0.89","2026-07-16 23:59:59","2026-07-17 07:59:59","381.00000","3","0.48","210.85000"
"all-available","Asia/Taipei","BTCUSDT","BTC-260718-64000-C","2026-07-18","64000","CALL","1h","2026-07-17 00:00:00","2026-07-17 08:00:00","385.000","405.000","345.000","400.000","10.91","2026-07-17 00:59:59","2026-07-17 08:59:59","4208.65000","9","8.61","3365.15000"
"all-available","Asia/Taipei","BTCUSDT","BTC-260718-64000-C","2026-07-18","64000","CALL","1h","2026-07-17 01:00:00","2026-07-17 09:00:00","300.000","300.000","300.000","300.000","1.91","2026-07-17 01:59:59","2026-07-17 09:59:59","573.00000","2","1.91","573.00000"
"all-available","Asia/Taipei","BTCUSDT","BTC-260718-64000-C","2026-07-18","64000","CALL","1h","2026-07-17 02:00:00","2026-07-17 10:00:00","335.000","335.000","335.000","335.000","2.33","2026-07-17 02:59:59","2026-07-17 10:59:59","780.55000","1","0.00","0.00000"
"all-available","Asia/Taipei","BTCUSDT","BTC-260718-64000-C","2026-07-18","64000","CALL","1h","2026-07-17 03:00:00","2026-07-17 11:00:00","285.000","325.000","285.000","325.000","20.21","2026-07-17 03:59:59","2026-07-17 11:59:59","6043.60000","10","20.21","6043.60000"
"all-available","Asia/Taipei","BTCUSDT","BTC-260718-64000-C","2026-07-18","64000","CALL","1h","2026-07-17 04:00:00","2026-07-17 12:00:00","210.000","215.000","210.000","215.000","0.08","2026-07-17 04:59:59","2026-07-17 12:59:59","16.95000","2","0.08","16.95000"
"all-available","Asia/Taipei","BTCUSDT","BTC-260718-64000-C","2026-07-18","64000","CALL","1h","2026-07-17 05:00:00","2026-07-17 13:00:00","215.000","215.000","110.000","110.000","1.69","2026-07-17 05:59:59","2026-07-17 13:59:59","198.35000","9","1.58","182.15000"
"all-available","Asia/Taipei","BTCUSDT","BTC-260718-64000-C","2026-07-18","64000","CALL","1h","2026-07-17 06:00:00","2026-07-17 14:00:00","120.000","135.000","110.000","130.000","2.01","2026-07-17 06:59:59","2026-07-17 14:59:59","250.20000","8","1.97","245.80000"
"all-available","Asia/Taipei","BTCUSDT","BTC-260718-64000-C","2026-07-18","64000","CALL","1h","2026-07-17 07:00:00","2026-07-17 15:00:00","125.000","125.000","115.000","115.000","5.11","2026-07-17 07:59:59","2026-07-17 15:59:59","598.70000","7","2.11","253.70000"
"all-available","Asia/Taipei","BTCUSDT","BTC-260718-64000-C","2026-07-18","64000","CALL","1h","2026-07-17 08:00:00","2026-07-17 16:00:00","100.000","105.000","40.000","50.000","29.17","2026-07-17 08:59:59","2026-07-17 16:59:59","1774.25000","111","14.82","758.25000"
"all-available","Asia/Taipei","BTCUSDT","BTC-260718-64000-C","2026-07-18","64000","CALL","1h","2026-07-17 09:00:00","2026-07-17 17:00:00","55.000","70.000","55.000","65.000","9.62","2026-07-17 09:59:59","2026-07-17 17:59:59","661.40000","14","8.49","583.95000"
"all-available","Asia/Taipei","BTCUSDT","BTC-260718-64000-C","2026-07-18","64000","CALL","1h","2026-07-17 10:00:00","2026-07-17 18:00:00","75.000","85.000","75.000","85.000","0.59","2026-07-17 10:59:59","2026-07-17 18:59:59","45.25000","3","0.54","41.50000"
"all-available","Asia/Taipei","BTCUSDT","BTC-260718-64000-C","2026-07-18","64000","CALL","1h","2026-07-17 11:00:00","2026-07-17 19:00:00","80.000","130.000","70.000","130.000","4.93","2026-07-17 11:59:59","2026-07-17 19:59:59","405.45000","8","1.68","147.65000"
"all-available","Asia/Taipei","BTCUSDT","BTC-260718-64000-C","2026-07-18","64000","CALL","1h","2026-07-17 12:00:00","2026-07-17 20:00:00","110.000","110.000","80.000","80.000","9.50","2026-07-17 12:59:59","2026-07-17 20:59:59","802.75000","7","0.20","20.00000"
"all-available","Asia/Taipei","BTCUSDT","BTC-260718-64000-C","2026-07-18","64000","CALL","1h","2026-07-17 13:00:00","2026-07-17 21:00:00","75.000","75.000","45.000","65.000","18.16","2026-07-17 13:59:59","2026-07-17 21:59:59","990.25000","61","5.91","370.85000"
"all-available","Asia/Taipei","BTCUSDT","BTC-260718-64000-C","2026-07-18","64000","CALL","1h","2026-07-17 14:00:00","2026-07-17 22:00:00","110.000","185.000","80.000","80.000","77.32","2026-07-17 14:59:59","2026-07-17 22:59:59","9414.85000","91","56.54","6950.70000"
"all-available","Asia/Taipei","BTCUSDT","BTC-260718-64000-C","2026-07-18","64000","CALL","1h","2026-07-17 15:00:00","2026-07-17 23:00:00","70.000","85.000","45.000","85.000","5.12","2026-07-17 15:59:59","2026-07-17 23:59:59","299.20000","15","3.83","233.85000"
"all-available","Asia/Taipei","BTCUSDT","BTC-260718-64000-C","2026-07-18","64000","CALL","1h","2026-07-17 16:00:00","2026-07-18 00:00:00","80.000","130.000","65.000","105.000","19.68","2026-07-17 16:59:59","2026-07-18 00:59:59","1721.60000","37","8.13","705.85000"
"all-available","Asia/Taipei","BTCUSDT","BTC-260718-64000-C","2026-07-18","64000","CALL","1h","2026-07-17 17:00:00","2026-07-18 01:00:00","105.000","360.000","105.000","290.000","79.13","2026-07-17 17:59:59","2026-07-18 01:59:59","20786.50000","90","41.85","10384.20000"
"all-available","Asia/Taipei","BTCUSDT","BTC-260718-64000-C","2026-07-18","64000","CALL","1h","2026-07-17 18:00:00","2026-07-18 02:00:00","250.000","400.000","165.000","360.000","54.92","2026-07-17 18:59:59","2026-07-18 02:59:59","18831.45000","44","5.83","1478.30000"
"all-available","Asia/Taipei","BTCUSDT","BTC-260718-64000-C","2026-07-18","64000","CALL","1h","2026-07-17 19:00:00","2026-07-18 03:00:00","330.000","330.000","235.000","275.000","6.32","2026-07-17 19:59:59","2026-07-18 03:59:59","1877.80000","9","5.17","1550.00000"
"all-available","Asia/Taipei","BTCUSDT","BTC-260718-64000-C","2026-07-18","64000","CALL","1h","2026-07-17 20:00:00","2026-07-18 04:00:00","150.000","275.000","150.000","255.000","4.40","2026-07-17 20:59:59","2026-07-18 04:59:59","782.50000","26","3.00","450.00000"
"all-available","Asia/Taipei","BTCUSDT","BTC-260718-64000-C","2026-07-18","64000","CALL","1h","2026-07-17 21:00:00","2026-07-18 05:00:00","275.000","275.000","155.000","155.000","3.43","2026-07-17 21:59:59","2026-07-18 05:59:59","582.35000","8","3.01","466.85000"
"all-available","Asia/Taipei","BTCUSDT","BTC-260718-64000-C","2026-07-18","64000","CALL","1h","2026-07-17 22:00:00","2026-07-18 06:00:00","140.000","140.000","90.000","100.000","7.19","2026-07-17 22:59:59","2026-07-18 06:59:59","970.50000","9","4.68","645.60000"
"all-available","Asia/Taipei","BTCUSDT","BTC-260718-64000-C","2026-07-18","64000","CALL","1h","2026-07-17 23:00:00","2026-07-18 07:00:00","95.000","95.000","70.000","80.000","4.76","2026-07-17 23:59:59","2026-07-18 07:59:59","353.90000","12","3.94","288.30000"
"all-available","Asia/Taipei","BTCUSDT","BTC-260718-64000-C","2026-07-18","64000","CALL","1h","2026-07-18 00:00:00","2026-07-18 08:00:00","80.000","100.000","50.000","50.000","4.56","2026-07-18 00:59:59","2026-07-18 08:59:59","280.15000","15","4.56","280.15000"
"all-available","Asia/Taipei","BTCUSDT","BTC-260718-64000-C","2026-07-18","64000","CALL","1h","2026-07-18 01:00:00","2026-07-18 09:00:00","50.000","90.000","45.000","75.000","20.22","2026-07-18 01:59:59","2026-07-18 09:59:59","1380.65000","13","20.21","1379.80000"
"all-available","Asia/Taipei","BTCUSDT","BTC-260718-64000-C","2026-07-18","64000","CALL","1h","2026-07-18 02:00:00","2026-07-18 10:00:00","65.000","85.000","55.000","55.000","1.48","2026-07-18 02:59:59","2026-07-18 10:59:59","100.75000","8","1.43","98.00000"
"all-available","Asia/Taipei","BTCUSDT","BTC-260718-64000-C","2026-07-18","64000","CALL","1h","2026-07-18 03:00:00","2026-07-18 11:00:00","55.000","70.000","40.000","45.000","5.79","2026-07-18 03:59:59","2026-07-18 11:59:59","268.40000","147","2.74","125.85000"
"all-available","Asia/Taipei","BTCUSDT","BTC-260718-64000-C","2026-07-18","64000","CALL","1h","2026-07-18 04:00:00","2026-07-18 12:00:00","55.000","55.000","20.000","40.000","14.83","2026-07-18 04:59:59","2026-07-18 12:59:59","511.50000","45","9.29","345.85000"
"all-available","Asia/Taipei","BTCUSDT","BTC-260718-64000-C","2026-07-18","64000","CALL","1h","2026-07-18 05:00:00","2026-07-18 13:00:00","35.000","40.000","25.000","25.000","2.20","2026-07-18 05:59:59","2026-07-18 13:59:59","70.80000","9","1.61","55.55000"
"all-available","Asia/Taipei","BTCUSDT","BTC-260718-64000-C","2026-07-18","64000","CALL","1h","2026-07-18 06:00:00","2026-07-18 14:00:00","30.000","50.000","15.000","35.000","9.09","2026-07-18 06:59:59","2026-07-18 14:59:59","242.80000","18","2.95","84.55000"
"all-available","Asia/Taipei","BTCUSDT","BTC-260718-64000-C","2026-07-18","64000","CALL","1h","2026-07-18 07:00:00","2026-07-18 15:00:00","45.000","50.000","10.000","50.000","1.22","2026-07-18 07:59:59","2026-07-18 15:59:59","58.80000","10","1.19","58.35000"
"all-available","Asia/Taipei","BTCUSDT","BTC-260718-64000-P","2026-07-18","64000","PUT","1h","2026-07-15 09:00:00","2026-07-15 17:00:00","470.000","470.000","470.000","470.000","1.07","2026-07-15 09:59:59","2026-07-15 17:59:59","502.90000","2","0.22","103.40000"
"all-available","Asia/Taipei","BTCUSDT","BTC-260718-64000-P","2026-07-18","64000","PUT","1h","2026-07-15 10:00:00","2026-07-15 18:00:00","480.000","480.000","480.000","480.000","0.20","2026-07-15 10:59:59","2026-07-15 18:59:59","96.00000","1","0.20","96.00000"
"all-available","Asia/Taipei","BTCUSDT","BTC-260718-64000-P","2026-07-18","64000","PUT","1h","2026-07-15 11:00:00","2026-07-15 19:00:00","480.000","480.000","480.000","480.000","0.00","2026-07-15 11:59:59","2026-07-15 19:59:59","0.00000","0","0.00","0.00000"
"all-available","Asia/Taipei","BTCUSDT","BTC-260718-64000-P","2026-07-18","64000","PUT","1h","2026-07-15 12:00:00","2026-07-15 20:00:00","440.000","440.000","330.000","330.000","3.17","2026-07-15 12:59:59","2026-07-15 20:59:59","1048.00000","3","0.01","4.40000"
"all-available","Asia/Taipei","BTCUSDT","BTC-260718-64000-P","2026-07-18","64000","PUT","1h","2026-07-15 13:00:00","2026-07-15 21:00:00","285.000","290.000","280.000","280.000","0.10","2026-07-15 13:59:59","2026-07-15 21:59:59","28.85000","3","0.08","23.20000"
"all-available","Asia/Taipei","BTCUSDT","BTC-260718-64000-P","2026-07-18","64000","PUT","1h","2026-07-15 14:00:00","2026-07-15 22:00:00","315.000","315.000","310.000","315.000","2.01","2026-07-15 14:59:59","2026-07-15 22:59:59","631.80000","3","0.00","0.00000"
"all-available","Asia/Taipei","BTCUSDT","BTC-260718-64000-P","2026-07-18","64000","PUT","1h","2026-07-15 15:00:00","2026-07-15 23:00:00","265.000","265.000","230.000","230.000","4.96","2026-07-15 15:59:59","2026-07-15 23:59:59","1285.00000","5","4.12","1091.80000"
"all-available","Asia/Taipei","BTCUSDT","BTC-260718-64000-P","2026-07-18","64000","PUT","1h","2026-07-15 16:00:00","2026-07-16 00:00:00","300.000","325.000","300.000","325.000","1.20","2026-07-15 16:59:59","2026-07-16 00:59:59","385.00000","2","1.00","325.00000"
"all-available","Asia/Taipei","BTCUSDT","BTC-260718-64000-P","2026-07-18","64000","PUT","1h","2026-07-15 17:00:00","2026-07-16 01:00:00","320.000","320.000","320.000","320.000","0.20","2026-07-15 17:59:59","2026-07-16 01:59:59","64.00000","2","0.00","0.00000"
"all-available","Asia/Taipei","BTCUSDT","BTC-260718-64000-P","2026-07-18","64000","PUT","1h","2026-07-15 18:00:00","2026-07-16 02:00:00","325.000","325.000","325.000","325.000","0.84","2026-07-15 18:59:59","2026-07-16 02:59:59","273.00000","1","0.00","0.00000"
"all-available","Asia/Taipei","BTCUSDT","BTC-260718-64000-P","2026-07-18","64000","PUT","1h","2026-07-15 19:00:00","2026-07-16 03:00:00","325.000","325.000","325.000","325.000","0.00","2026-07-15 19:59:59","2026-07-16 03:59:59","0.00000","0","0.00","0.00000"
"all-available","Asia/Taipei","BTCUSDT","BTC-260718-64000-P","2026-07-18","64000","PUT","1h","2026-07-15 20:00:00","2026-07-16 04:00:00","325.000","325.000","325.000","325.000","0.00","2026-07-15 20:59:59","2026-07-16 04:59:59","0.00000","0","0.00","0.00000"
"all-available","Asia/Taipei","BTCUSDT","BTC-260718-64000-P","2026-07-18","64000","PUT","1h","2026-07-15 21:00:00","2026-07-16 05:00:00","325.000","325.000","325.000","325.000","0.00","2026-07-15 21:59:59","2026-07-16 05:59:59","0.00000","0","0.00","0.00000"
"all-available","Asia/Taipei","BTCUSDT","BTC-260718-64000-P","2026-07-18","64000","PUT","1h","2026-07-15 22:00:00","2026-07-16 06:00:00","325.000","325.000","325.000","325.000","0.00","2026-07-15 22:59:59","2026-07-16 06:59:59","0.00000","0","0.00","0.00000"
"all-available","Asia/Taipei","BTCUSDT","BTC-260718-64000-P","2026-07-18","64000","PUT","1h","2026-07-15 23:00:00","2026-07-16 07:00:00","350.000","350.000","350.000","350.000","0.30","2026-07-15 23:59:59","2026-07-16 07:59:59","105.00000","2","0.30","105.00000"
"all-available","Asia/Taipei","BTCUSDT","BTC-260718-64000-P","2026-07-18","64000","PUT","1h","2026-07-16 00:00:00","2026-07-16 08:00:00","350.000","350.000","350.000","350.000","0.00","2026-07-16 00:59:59","2026-07-16 08:59:59","0.00000","0","0.00","0.00000"
"all-available","Asia/Taipei","BTCUSDT","BTC-260718-64000-P","2026-07-18","64000","PUT","1h","2026-07-16 01:00:00","2026-07-16 09:00:00","450.000","450.000","330.000","330.000","1.20","2026-07-16 01:59:59","2026-07-16 09:59:59","522.00000","4","1.11","491.85000"
"all-available","Asia/Taipei","BTCUSDT","BTC-260718-64000-P","2026-07-18","64000","PUT","1h","2026-07-16 02:00:00","2026-07-16 10:00:00","330.000","330.000","330.000","330.000","0.00","2026-07-16 02:59:59","2026-07-16 10:59:59","0.00000","0","0.00","0.00000"
"all-available","Asia/Taipei","BTCUSDT","BTC-260718-64000-P","2026-07-18","64000","PUT","1h","2026-07-16 03:00:00","2026-07-16 11:00:00","330.000","330.000","330.000","330.000","0.00","2026-07-16 03:59:59","2026-07-16 11:59:59","0.00000","0","0.00","0.00000"
"all-available","Asia/Taipei","BTCUSDT","BTC-260718-64000-P","2026-07-18","64000","PUT","1h","2026-07-16 04:00:00","2026-07-16 12:00:00","360.000","360.000","345.000","345.000","0.27","2026-07-16 04:59:59","2026-07-16 12:59:59","96.15000","2","0.27","96.15000"
"all-available","Asia/Taipei","BTCUSDT","BTC-260718-64000-P","2026-07-18","64000","PUT","1h","2026-07-16 05:00:00","2026-07-16 13:00:00","285.000","285.000","285.000","285.000","0.07","2026-07-16 05:59:59","2026-07-16 13:59:59","19.95000","2","0.00","0.00000"
"all-available","Asia/Taipei","BTCUSDT","BTC-260718-64000-P","2026-07-18","64000","PUT","1h","2026-07-16 06:00:00","2026-07-16 14:00:00","320.000","330.000","315.000","315.000","0.27","2026-07-16 06:59:59","2026-07-16 14:59:59","86.45000","4","0.27","86.45000"
"all-available","Asia/Taipei","BTCUSDT","BTC-260718-64000-P","2026-07-18","64000","PUT","1h","2026-07-16 07:00:00","2026-07-16 15:00:00","550.000","555.000","550.000","555.000","0.27","2026-07-16 07:59:59","2026-07-16 15:59:59","149.35000","2","0.00","0.00000"
"all-available","Asia/Taipei","BTCUSDT","BTC-260718-64000-P","2026-07-18","64000","PUT","1h","2026-07-16 08:00:00","2026-07-16 16:00:00","475.000","550.000","475.000","550.000","21.08","2026-07-16 08:59:59","2026-07-16 16:59:59","11139.75000","18","16.78","8817.25000"
"all-available","Asia/Taipei","BTCUSDT","BTC-260718-64000-P","2026-07-18","64000","PUT","1h","2026-07-16 09:00:00","2026-07-16 17:00:00","560.000","560.000","560.000","560.000","8.05","2026-07-16 09:59:59","2026-07-16 17:59:59","4508.00000","4","8.00","4480.00000"
"all-available","Asia/Taipei","BTCUSDT","BTC-260718-64000-P","2026-07-18","64000","PUT","1h","2026-07-16 10:00:00","2026-07-16 18:00:00","560.000","560.000","560.000","560.000","0.00","2026-07-16 10:59:59","2026-07-16 18:59:59","0.00000","0","0.00","0.00000"
"all-available","Asia/Taipei","BTCUSDT","BTC-260718-64000-P","2026-07-18","64000","PUT","1h","2026-07-16 11:00:00","2026-07-16 19:00:00","535.000","545.000","510.000","540.000","10.39","2026-07-16 11:59:59","2026-07-16 19:59:59","5550.80000","8","3.28","1682.80000"
"all-available","Asia/Taipei","BTCUSDT","BTC-260718-64000-P","2026-07-18","64000","PUT","1h","2026-07-16 12:00:00","2026-07-16 20:00:00","545.000","650.000","545.000","615.000","5.12","2026-07-16 12:59:59","2026-07-16 20:59:59","3039.40000","8","5.04","2988.45000"
"all-available","Asia/Taipei","BTCUSDT","BTC-260718-64000-P","2026-07-18","64000","PUT","1h","2026-07-16 13:00:00","2026-07-16 21:00:00","495.000","495.000","410.000","410.000","0.06","2026-07-16 13:59:59","2026-07-16 21:59:59","28.00000","2","0.04","19.80000"
"all-available","Asia/Taipei","BTCUSDT","BTC-260718-64000-P","2026-07-18","64000","PUT","1h","2026-07-16 14:00:00","2026-07-16 22:00:00","360.000","360.000","260.000","360.000","2.67","2026-07-16 14:59:59","2026-07-16 22:59:59","828.35000","26","0.92","274.10000"
"all-available","Asia/Taipei","BTCUSDT","BTC-260718-64000-P","2026-07-18","64000","PUT","1h","2026-07-16 15:00:00","2026-07-16 23:00:00","375.000","405.000","245.000","270.000","10.45","2026-07-16 15:59:59","2026-07-16 23:59:59","3585.25000","8","9.64","3335.50000"
"all-available","Asia/Taipei","BTCUSDT","BTC-260718-64000-P","2026-07-18","64000","PUT","1h","2026-07-16 16:00:00","2026-07-17 00:00:00","305.000","395.000","305.000","395.000","0.77","2026-07-16 16:59:59","2026-07-17 00:59:59","257.05000","4","0.27","104.55000"
"all-available","Asia/Taipei","BTCUSDT","BTC-260718-64000-P","2026-07-18","64000","PUT","1h","2026-07-16 17:00:00","2026-07-17 01:00:00","425.000","535.000","425.000","535.000","6.53","2026-07-16 17:59:59","2026-07-17 01:59:59","3113.85000","8","3.79","1647.95000"
"all-available","Asia/Taipei","BTCUSDT","BTC-260718-64000-P","2026-07-18","64000","PUT","1h","2026-07-16 18:00:00","2026-07-17 02:00:00","465.000","465.000","465.000","465.000","0.01","2026-07-16 18:59:59","2026-07-17 02:59:59","4.65000","1","0.00","0.00000"
"all-available","Asia/Taipei","BTCUSDT","BTC-260718-64000-P","2026-07-18","64000","PUT","1h","2026-07-16 19:00:00","2026-07-17 03:00:00","425.000","425.000","380.000","380.000","4.58","2026-07-16 19:59:59","2026-07-17 03:59:59","1872.25000","4","1.65","627.00000"
"all-available","Asia/Taipei","BTCUSDT","BTC-260718-64000-P","2026-07-18","64000","PUT","1h","2026-07-16 20:00:00","2026-07-17 04:00:00","410.000","410.000","410.000","410.000","0.21","2026-07-16 20:59:59","2026-07-17 04:59:59","86.10000","1","0.21","86.10000"
"all-available","Asia/Taipei","BTCUSDT","BTC-260718-64000-P","2026-07-18","64000","PUT","1h","2026-07-16 21:00:00","2026-07-17 05:00:00","410.000","410.000","410.000","410.000","0.00","2026-07-16 21:59:59","2026-07-17 05:59:59","0.00000","0","0.00","0.00000"
"all-available","Asia/Taipei","BTCUSDT","BTC-260718-64000-P","2026-07-18","64000","PUT","1h","2026-07-16 22:00:00","2026-07-17 06:00:00","490.000","490.000","480.000","480.000","3.06","2026-07-16 22:59:59","2026-07-17 06:59:59","1469.40000","4","0.00","0.00000"
"all-available","Asia/Taipei","BTCUSDT","BTC-260718-64000-P","2026-07-18","64000","PUT","1h","2026-07-16 23:00:00","2026-07-17 07:00:00","530.000","595.000","530.000","590.000","1.01","2026-07-16 23:59:59","2026-07-17 07:59:59","597.05000","3","0.00","0.00000"
"all-available","Asia/Taipei","BTCUSDT","BTC-260718-64000-P","2026-07-18","64000","PUT","1h","2026-07-17 00:00:00","2026-07-17 08:00:00","635.000","635.000","570.000","570.000","4.64","2026-07-17 00:59:59","2026-07-17 08:59:59","2849.20000","4","0.00","0.00000"
"all-available","Asia/Taipei","BTCUSDT","BTC-260718-64000-P","2026-07-18","64000","PUT","1h","2026-07-17 01:00:00","2026-07-17 09:00:00","535.000","730.000","535.000","730.000","1.44","2026-07-17 01:59:59","2026-07-17 09:59:59","953.70000","4","1.44","953.70000"
"all-available","Asia/Taipei","BTCUSDT","BTC-260718-64000-P","2026-07-18","64000","PUT","1h","2026-07-17 02:00:00","2026-07-17 10:00:00","715.000","715.000","715.000","715.000","0.18","2026-07-17 02:59:59","2026-07-17 10:59:59","128.70000","1","0.00","0.00000"
"all-available","Asia/Taipei","BTCUSDT","BTC-260718-64000-P","2026-07-18","64000","PUT","1h","2026-07-17 03:00:00","2026-07-17 11:00:00","765.000","765.000","660.000","660.000","3.60","2026-07-17 03:59:59","2026-07-17 11:59:59","2455.75000","6","0.40","298.00000"
"all-available","Asia/Taipei","BTCUSDT","BTC-260718-64000-P","2026-07-18","64000","PUT","1h","2026-07-17 04:00:00","2026-07-17 12:00:00","810.000","810.000","810.000","810.000","0.13","2026-07-17 04:59:59","2026-07-17 12:59:59","105.30000","1","0.00","0.00000"
"all-available","Asia/Taipei","BTCUSDT","BTC-260718-64000-P","2026-07-18","64000","PUT","1h","2026-07-17 05:00:00","2026-07-17 13:00:00","1260.000","1280.000","1260.000","1280.000","0.78","2026-07-17 05:59:59","2026-07-17 13:59:59","987.20000","3","0.22","281.60000"
"all-available","Asia/Taipei","BTCUSDT","BTC-260718-64000-P","2026-07-18","64000","PUT","1h","2026-07-17 06:00:00","2026-07-17 14:00:00","1330.000","1330.000","1195.000","1195.000","7.51","2026-07-17 06:59:59","2026-07-17 14:59:59","9008.95000","8","4.01","4812.95000"
"all-available","Asia/Taipei","BTCUSDT","BTC-260718-64000-P","2026-07-18","64000","PUT","1h","2026-07-17 07:00:00","2026-07-17 15:00:00","1200.000","1200.000","1200.000","1200.000","0.01","2026-07-17 07:59:59","2026-07-17 15:59:59","12.00000","1","0.00","0.00000"
"all-available","Asia/Taipei","BTCUSDT","BTC-260718-64000-P","2026-07-18","64000","PUT","1h","2026-07-17 08:00:00","2026-07-17 16:00:00","1225.000","1225.000","1225.000","1225.000","0.77","2026-07-17 08:59:59","2026-07-17 16:59:59","943.25000","1","0.77","943.25000"
"all-available","Asia/Taipei","BTCUSDT","BTC-260718-64000-P","2026-07-18","64000","PUT","1h","2026-07-17 09:00:00","2026-07-17 17:00:00","1090.000","1090.000","1090.000","1090.000","2.60","2026-07-17 09:59:59","2026-07-17 17:59:59","2834.00000","1","0.00","0.00000"
"all-available","Asia/Taipei","BTCUSDT","BTC-260718-64000-P","2026-07-18","64000","PUT","1h","2026-07-17 10:00:00","2026-07-17 18:00:00","1090.000","1090.000","1090.000","1090.000","0.00","2026-07-17 10:59:59","2026-07-17 18:59:59","0.00000","0","0.00","0.00000"
"all-available","Asia/Taipei","BTCUSDT","BTC-260718-64000-P","2026-07-18","64000","PUT","1h","2026-07-17 11:00:00","2026-07-17 19:00:00","1090.000","1090.000","1090.000","1090.000","0.00","2026-07-17 11:59:59","2026-07-17 19:59:59","0.00000","0","0.00","0.00000"
"all-available","Asia/Taipei","BTCUSDT","BTC-260718-64000-P","2026-07-18","64000","PUT","1h","2026-07-17 12:00:00","2026-07-17 20:00:00","1090.000","1090.000","1090.000","1090.000","0.00","2026-07-17 12:59:59","2026-07-17 20:59:59","0.00000","0","0.00","0.00000"
"all-available","Asia/Taipei","BTCUSDT","BTC-260718-64000-P","2026-07-18","64000","PUT","1h","2026-07-17 13:00:00","2026-07-17 21:00:00","1255.000","1395.000","970.000","980.000","13.55","2026-07-17 13:59:59","2026-07-17 21:59:59","16104.70000","14","6.97","9176.45000"
"all-available","Asia/Taipei","BTCUSDT","BTC-260718-64000-P","2026-07-18","64000","PUT","1h","2026-07-17 14:00:00","2026-07-17 22:00:00","965.000","965.000","840.000","840.000","5.26","2026-07-17 14:59:59","2026-07-17 22:59:59","4743.70000","6","0.06","50.70000"
"all-available","Asia/Taipei","BTCUSDT","BTC-260718-64000-P","2026-07-18","64000","PUT","1h","2026-07-17 15:00:00","2026-07-17 23:00:00","840.000","840.000","840.000","840.000","0.00","2026-07-17 15:59:59","2026-07-17 23:59:59","0.00000","0","0.00","0.00000"
"all-available","Asia/Taipei","BTCUSDT","BTC-260718-64000-P","2026-07-18","64000","PUT","1h","2026-07-17 16:00:00","2026-07-18 00:00:00","480.000","515.000","480.000","500.000","0.97","2026-07-17 16:59:59","2026-07-18 00:59:59","492.10000","3","0.97","492.10000"
"all-available","Asia/Taipei","BTCUSDT","BTC-260718-64000-P","2026-07-18","64000","PUT","1h","2026-07-17 17:00:00","2026-07-18 01:00:00","460.000","475.000","185.000","225.000","29.66","2026-07-17 17:59:59","2026-07-18 01:59:59","7447.55000","55","10.62","2684.45000"
"all-available","Asia/Taipei","BTCUSDT","BTC-260718-64000-P","2026-07-18","64000","PUT","1h","2026-07-17 18:00:00","2026-07-18 02:00:00","250.000","255.000","95.000","125.000","37.21","2026-07-17 18:59:59","2026-07-18 02:59:59","7758.00000","53","14.16","2401.90000"
"all-available","Asia/Taipei","BTCUSDT","BTC-260718-64000-P","2026-07-18","64000","PUT","1h","2026-07-17 19:00:00","2026-07-18 03:00:00","160.000","160.000","120.000","120.000","1.51","2026-07-17 19:59:59","2026-07-18 03:59:59","196.95000","8","0.12","16.95000"
"all-available","Asia/Taipei","BTCUSDT","BTC-260718-64000-P","2026-07-18","64000","PUT","1h","2026-07-17 20:00:00","2026-07-18 04:00:00","165.000","170.000","100.000","100.000","10.01","2026-07-17 20:59:59","2026-07-18 04:59:59","1556.40000","69","4.60","690.65000"
"all-available","Asia/Taipei","BTCUSDT","BTC-260718-64000-P","2026-07-18","64000","PUT","1h","2026-07-17 21:00:00","2026-07-18 05:00:00","115.000","115.000","80.000","80.000","23.66","2026-07-17 21:59:59","2026-07-18 05:59:59","2331.10000","43","11.27","1077.00000"
"all-available","Asia/Taipei","BTCUSDT","BTC-260718-64000-P","2026-07-18","64000","PUT","1h","2026-07-17 22:00:00","2026-07-18 06:00:00","75.000","170.000","75.000","135.000","12.12","2026-07-17 22:59:59","2026-07-18 06:59:59","1681.10000","48","6.29","833.50000"
"all-available","Asia/Taipei","BTCUSDT","BTC-260718-64000-P","2026-07-18","64000","PUT","1h","2026-07-17 23:00:00","2026-07-18 07:00:00","160.000","160.000","110.000","115.000","3.01","2026-07-17 23:59:59","2026-07-18 07:59:59","415.60000","58","0.58","87.80000"
"all-available","Asia/Taipei","BTCUSDT","BTC-260718-64000-P","2026-07-18","64000","PUT","1h","2026-07-18 00:00:00","2026-07-18 08:00:00","150.000","150.000","110.000","110.000","3.03","2026-07-18 00:59:59","2026-07-18 08:59:59","453.30000","3","0.00","0.00000"
"all-available","Asia/Taipei","BTCUSDT","BTC-260718-64000-P","2026-07-18","64000","PUT","1h","2026-07-18 01:00:00","2026-07-18 09:00:00","160.000","160.000","85.000","110.000","5.32","2026-07-18 01:59:59","2026-07-18 09:59:59","598.20000","13","4.53","525.75000"
"all-available","Asia/Taipei","BTCUSDT","BTC-260718-64000-P","2026-07-18","64000","PUT","1h","2026-07-18 02:00:00","2026-07-18 10:00:00","105.000","130.000","90.000","100.000","0.53","2026-07-18 02:59:59","2026-07-18 10:59:59","58.95000","9","0.53","58.95000"
"all-available","Asia/Taipei","BTCUSDT","BTC-260718-64000-P","2026-07-18","64000","PUT","1h","2026-07-18 03:00:00","2026-07-18 11:00:00","80.000","80.000","70.000","70.000","0.35","2026-07-18 03:59:59","2026-07-18 11:59:59","26.05000","7","0.00","0.00000"
"all-available","Asia/Taipei","BTCUSDT","BTC-260718-64000-P","2026-07-18","64000","PUT","1h","2026-07-18 04:00:00","2026-07-18 12:00:00","100.000","100.000","65.000","70.000","1.45","2026-07-18 04:59:59","2026-07-18 12:59:59","104.85000","47","0.41","31.60000"
"all-available","Asia/Taipei","BTCUSDT","BTC-260718-64000-P","2026-07-18","64000","PUT","1h","2026-07-18 05:00:00","2026-07-18 13:00:00","70.000","95.000","65.000","95.000","7.90","2026-07-18 05:59:59","2026-07-18 13:59:59","535.05000","11","4.01","280.70000"
"all-available","Asia/Taipei","BTCUSDT","BTC-260718-64000-P","2026-07-18","64000","PUT","1h","2026-07-18 06:00:00","2026-07-18 14:00:00","65.000","65.000","50.000","50.000","3.20","2026-07-18 06:59:59","2026-07-18 14:59:59","166.50000","4","0.00","0.00000"
"all-available","Asia/Taipei","BTCUSDT","BTC-260718-64000-P","2026-07-18","64000","PUT","1h","2026-07-18 07:00:00","2026-07-18 15:00:00","5.000","5.000","5.000","5.000","344.05","2026-07-18 07:59:59","2026-07-18 15:59:59","1720.25000","7","4.84","24.20000"
"all-available","Asia/Taipei","BTCUSDT","BTC-260718-64500-C","2026-07-18","64500","CALL","1h","2026-07-15 09:00:00","2026-07-15 17:00:00","865.000","870.000","865.000","870.000","1.04","2026-07-15 09:59:59","2026-07-15 17:59:59","904.60000","3","1.04","904.60000"
"all-available","Asia/Taipei","BTCUSDT","BTC-260718-64500-C","2026-07-18","64500","CALL","1h","2026-07-15 10:00:00","2026-07-15 18:00:00","870.000","870.000","870.000","870.000","0.00","2026-07-15 10:59:59","2026-07-15 18:59:59","0.00000","0","0.00","0.00000"
"all-available","Asia/Taipei","BTCUSDT","BTC-260718-64500-C","2026-07-18","64500","CALL","1h","2026-07-15 11:00:00","2026-07-15 19:00:00","870.000","870.000","870.000","870.000","0.00","2026-07-15 11:59:59","2026-07-15 19:59:59","0.00000","0","0.00","0.00000"
"all-available","Asia/Taipei","BTCUSDT","BTC-260718-64500-C","2026-07-18","64500","CALL","1h","2026-07-15 12:00:00","2026-07-15 20:00:00","870.000","870.000","870.000","870.000","0.00","2026-07-15 12:59:59","2026-07-15 20:59:59","0.00000","0","0.00","0.00000"
"all-available","Asia/Taipei","BTCUSDT","BTC-260718-64500-C","2026-07-18","64500","CALL","1h","2026-07-15 13:00:00","2026-07-15 21:00:00","1030.000","1030.000","1030.000","1030.000","0.77","2026-07-15 13:59:59","2026-07-15 21:59:59","793.10000","1","0.77","793.10000"
"all-available","Asia/Taipei","BTCUSDT","BTC-260718-64500-C","2026-07-18","64500","CALL","1h","2026-07-15 14:00:00","2026-07-15 22:00:00","1205.000","1210.000","1205.000","1210.000","1.83","2026-07-15 14:59:59","2026-07-15 22:59:59","2209.00000","3","1.83","2209.00000"
"all-available","Asia/Taipei","BTCUSDT","BTC-260718-64500-C","2026-07-18","64500","CALL","1h","2026-07-15 15:00:00","2026-07-15 23:00:00","1210.000","1210.000","1210.000","1210.000","0.00","2026-07-15 15:59:59","2026-07-15 23:59:59","0.00000","0","0.00","0.00000"
"all-available","Asia/Taipei","BTCUSDT","BTC-260718-64500-C","2026-07-18","64500","CALL","1h","2026-07-15 16:00:00","2026-07-16 00:00:00","1210.000","1210.000","1210.000","1210.000","0.00","2026-07-15 16:59:59","2026-07-16 00:59:59","0.00000","0","0.00","0.00000"
"all-available","Asia/Taipei","BTCUSDT","BTC-260718-64500-C","2026-07-18","64500","CALL","1h","2026-07-15 17:00:00","2026-07-16 01:00:00","1210.000","1210.000","1210.000","1210.000","0.00","2026-07-15 17:59:59","2026-07-16 01:59:59","0.00000","0","0.00","0.00000"
"all-available","Asia/Taipei","BTCUSDT","BTC-260718-64500-C","2026-07-18","64500","CALL","1h","2026-07-15 18:00:00","2026-07-16 02:00:00","1210.000","1210.000","1210.000","1210.000","0.00","2026-07-15 18:59:59","2026-07-16 02:59:59","0.00000","0","0.00","0.00000"
"all-available","Asia/Taipei","BTCUSDT","BTC-260718-64500-C","2026-07-18","64500","CALL","1h","2026-07-15 19:00:00","2026-07-16 03:00:00","1210.000","1210.000","1210.000","1210.000","0.00","2026-07-15 19:59:59","2026-07-16 03:59:59","0.00000","0","0.00","0.00000"
"all-available","Asia/Taipei","BTCUSDT","BTC-260718-64500-C","2026-07-18","64500","CALL","1h","2026-07-15 20:00:00","2026-07-16 04:00:00","930.000","930.000","930.000","930.000","0.59","2026-07-15 20:59:59","2026-07-16 04:59:59","548.70000","1","0.59","548.70000"
"all-available","Asia/Taipei","BTCUSDT","BTC-260718-64500-C","2026-07-18","64500","CALL","1h","2026-07-15 21:00:00","2026-07-16 05:00:00","835.000","835.000","835.000","835.000","4.08","2026-07-15 21:59:59","2026-07-16 05:59:59","3406.80000","2","4.08","3406.80000"
"all-available","Asia/Taipei","BTCUSDT","BTC-260718-64500-C","2026-07-18","64500","CALL","1h","2026-07-15 22:00:00","2026-07-16 06:00:00","835.000","835.000","835.000","835.000","0.00","2026-07-15 22:59:59","2026-07-16 06:59:59","0.00000","0","0.00","0.00000"
"all-available","Asia/Taipei","BTCUSDT","BTC-260718-64500-C","2026-07-18","64500","CALL","1h","2026-07-15 23:00:00","2026-07-16 07:00:00","835.000","835.000","835.000","835.000","0.00","2026-07-15 23:59:59","2026-07-16 07:59:59","0.00000","0","0.00","0.00000"
"all-available","Asia/Taipei","BTCUSDT","BTC-260718-64500-C","2026-07-18","64500","CALL","1h","2026-07-16 00:00:00","2026-07-16 08:00:00","835.000","835.000","835.000","835.000","0.00","2026-07-16 00:59:59","2026-07-16 08:59:59","0.00000","0","0.00","0.00000"
"all-available","Asia/Taipei","BTCUSDT","BTC-260718-64500-C","2026-07-18","64500","CALL","1h","2026-07-16 01:00:00","2026-07-16 09:00:00","620.000","800.000","620.000","800.000","0.67","2026-07-16 01:59:59","2026-07-16 09:59:59","443.35000","4","0.67","443.35000"
"all-available","Asia/Taipei","BTCUSDT","BTC-260718-64500-C","2026-07-18","64500","CALL","1h","2026-07-16 02:00:00","2026-07-16 10:00:00","680.000","680.000","680.000","680.000","3.00","2026-07-16 02:59:59","2026-07-16 10:59:59","2040.00000","3","3.00","2040.00000"
"all-available","Asia/Taipei","BTCUSDT","BTC-260718-64500-C","2026-07-18","64500","CALL","1h","2026-07-16 03:00:00","2026-07-16 11:00:00","680.000","680.000","680.000","680.000","0.00","2026-07-16 03:59:59","2026-07-16 11:59:59","0.00000","0","0.00","0.00000"
"all-available","Asia/Taipei","BTCUSDT","BTC-260718-64500-C","2026-07-18","64500","CALL","1h","2026-07-16 04:00:00","2026-07-16 12:00:00","675.000","675.000","675.000","675.000","0.02","2026-07-16 04:59:59","2026-07-16 12:59:59","13.50000","1","0.00","0.00000"
"all-available","Asia/Taipei","BTCUSDT","BTC-260718-64500-C","2026-07-18","64500","CALL","1h","2026-07-16 05:00:00","2026-07-16 13:00:00","690.000","715.000","690.000","715.000","0.40","2026-07-16 05:59:59","2026-07-16 13:59:59","280.75000","2","0.19","135.85000"
"all-available","Asia/Taipei","BTCUSDT","BTC-260718-64500-C","2026-07-18","64500","CALL","1h","2026-07-16 06:00:00","2026-07-16 14:00:00","775.000","775.000","775.000","775.000","0.44","2026-07-16 06:59:59","2026-07-16 14:59:59","341.00000","1","0.00","0.00000"
"all-available","Asia/Taipei","BTCUSDT","BTC-260718-64500-C","2026-07-18","64500","CALL","1h","2026-07-16 07:00:00","2026-07-16 15:00:00","630.000","630.000","560.000","560.000","1.19","2026-07-16 07:59:59","2026-07-16 15:59:59","736.40000","2","0.00","0.00000"
"all-available","Asia/Taipei","BTCUSDT","BTC-260718-64500-C","2026-07-18","64500","CALL","1h","2026-07-16 08:00:00","2026-07-16 16:00:00","550.000","550.000","420.000","420.000","43.41","2026-07-16 08:59:59","2026-07-16 16:59:59","19945.95000","24","31.83","14367.55000"
"all-available","Asia/Taipei","BTCUSDT","BTC-260718-64500-C","2026-07-18","64500","CALL","1h","2026-07-16 09:00:00","2026-07-16 17:00:00","450.000","450.000","415.000","420.000","4.10","2026-07-16 09:59:59","2026-07-16 17:59:59","1807.40000","6","0.61","254.25000"
"all-available","Asia/Taipei","BTCUSDT","BTC-260718-64500-C","2026-07-18","64500","CALL","1h","2026-07-16 10:00:00","2026-07-16 18:00:00","480.000","480.000","480.000","480.000","0.01","2026-07-16 10:59:59","2026-07-16 18:59:59","4.80000","1","0.01","4.80000"
"all-available","Asia/Taipei","BTCUSDT","BTC-260718-64500-C","2026-07-18","64500","CALL","1h","2026-07-16 11:00:00","2026-07-16 19:00:00","475.000","475.000","475.000","475.000","0.01","2026-07-16 11:59:59","2026-07-16 19:59:59","4.75000","1","0.01","4.75000"
"all-available","Asia/Taipei","BTCUSDT","BTC-260718-64500-C","2026-07-18","64500","CALL","1h","2026-07-16 12:00:00","2026-07-16 20:00:00","390.000","390.000","375.000","380.000","5.12","2026-07-16 12:59:59","2026-07-16 20:59:59","1965.00000","4","5.12","1965.00000"
"all-available","Asia/Taipei","BTCUSDT","BTC-260718-64500-C","2026-07-18","64500","CALL","1h","2026-07-16 13:00:00","2026-07-16 21:00:00","385.000","585.000","385.000","585.000","4.02","2026-07-16 13:59:59","2026-07-16 21:59:59","2184.05000","5","4.02","2184.05000"
"all-available","Asia/Taipei","BTCUSDT","BTC-260718-64500-C","2026-07-18","64500","CALL","1h","2026-07-16 14:00:00","2026-07-16 22:00:00","625.000","760.000","580.000","580.000","3.87","2026-07-16 14:59:59","2026-07-16 22:59:59","2488.50000","4","2.52","1462.50000"
"all-available","Asia/Taipei","BTCUSDT","BTC-260718-64500-C","2026-07-18","64500","CALL","1h","2026-07-16 15:00:00","2026-07-16 23:00:00","475.000","725.000","475.000","725.000","2.60","2026-07-16 15:59:59","2026-07-16 23:59:59","1260.00000","2","0.10","72.50000"
"all-available","Asia/Taipei","BTCUSDT","BTC-260718-64500-C","2026-07-18","64500","CALL","1h","2026-07-16 16:00:00","2026-07-17 00:00:00","515.000","515.000","515.000","515.000","1.00","2026-07-16 16:59:59","2026-07-17 00:59:59","515.00000","1","0.00","0.00000"
"all-available","Asia/Taipei","BTCUSDT","BTC-260718-64500-C","2026-07-18","64500","CALL","1h","2026-07-16 17:00:00","2026-07-17 01:00:00","415.000","415.000","330.000","330.000","14.68","2026-07-16 17:59:59","2026-07-17 01:59:59","5074.55000","6","10.93","3611.15000"
"all-available","Asia/Taipei","BTCUSDT","BTC-260718-64500-C","2026-07-18","64500","CALL","1h","2026-07-16 18:00:00","2026-07-17 02:00:00","330.000","330.000","330.000","330.000","0.00","2026-07-16 18:59:59","2026-07-17 02:59:59","0.00000","0","0.00","0.00000"
"all-available","Asia/Taipei","BTCUSDT","BTC-260718-64500-C","2026-07-18","64500","CALL","1h","2026-07-16 19:00:00","2026-07-17 03:00:00","365.000","365.000","365.000","365.000","0.01","2026-07-16 19:59:59","2026-07-17 03:59:59","3.65000","1","0.01","3.65000"
"all-available","Asia/Taipei","BTCUSDT","BTC-260718-64500-C","2026-07-18","64500","CALL","1h","2026-07-16 20:00:00","2026-07-17 04:00:00","365.000","365.000","365.000","365.000","0.00","2026-07-16 20:59:59","2026-07-17 04:59:59","0.00000","0","0.00","0.00000"
"all-available","Asia/Taipei","BTCUSDT","BTC-260718-64500-C","2026-07-18","64500","CALL","1h","2026-07-16 21:00:00","2026-07-17 05:00:00","365.000","365.000","365.000","365.000","0.00","2026-07-16 21:59:59","2026-07-17 05:59:59","0.00000","0","0.00","0.00000"
"all-available","Asia/Taipei","BTCUSDT","BTC-260718-64500-C","2026-07-18","64500","CALL","1h","2026-07-16 22:00:00","2026-07-17 06:00:00","375.000","375.000","375.000","375.000","1.90","2026-07-16 22:59:59","2026-07-17 06:59:59","712.50000","1","1.90","712.50000"
"all-available","Asia/Taipei","BTCUSDT","BTC-260718-64500-C","2026-07-18","64500","CALL","1h","2026-07-16 23:00:00","2026-07-17 07:00:00","255.000","255.000","210.000","210.000","12.38","2026-07-16 23:59:59","2026-07-17 07:59:59","3087.85000","8","0.08","17.60000"
"all-available","Asia/Taipei","BTCUSDT","BTC-260718-64500-C","2026-07-18","64500","CALL","1h","2026-07-17 00:00:00","2026-07-17 08:00:00","225.000","230.000","200.000","225.000","0.88","2026-07-17 00:59:59","2026-07-17 08:59:59","201.60000","4","0.86","197.60000"
"all-available","Asia/Taipei","BTCUSDT","BTC-260718-64500-C","2026-07-18","64500","CALL","1h","2026-07-17 01:00:00","2026-07-17 09:00:00","270.000","270.000","230.000","230.000","0.12","2026-07-17 01:59:59","2026-07-17 09:59:59","28.40000","2","0.00","0.00000"
"all-available","Asia/Taipei","BTCUSDT","BTC-260718-64500-C","2026-07-18","64500","CALL","1h","2026-07-17 02:00:00","2026-07-17 10:00:00","140.000","140.000","140.000","140.000","0.03","2026-07-17 02:59:59","2026-07-17 10:59:59","4.20000","3","0.03","4.20000"
"all-available","Asia/Taipei","BTCUSDT","BTC-260718-64500-C","2026-07-18","64500","CALL","1h","2026-07-17 03:00:00","2026-07-17 11:00:00","140.000","140.000","140.000","140.000","0.01","2026-07-17 03:59:59","2026-07-17 11:59:59","1.40000","1","0.01","1.40000"
"all-available","Asia/Taipei","BTCUSDT","BTC-260718-64500-C","2026-07-18","64500","CALL","1h","2026-07-17 04:00:00","2026-07-17 12:00:00","90.000","90.000","90.000","90.000","0.82","2026-07-17 04:59:59","2026-07-17 12:59:59","73.80000","3","0.00","0.00000"
"all-available","Asia/Taipei","BTCUSDT","BTC-260718-64500-C","2026-07-18","64500","CALL","1h","2026-07-17 05:00:00","2026-07-17 13:00:00","65.000","65.000","50.000","50.000","7.38","2026-07-17 05:59:59","2026-07-17 13:59:59","446.60000","16","0.52","28.60000"
"all-available","Asia/Taipei","BTCUSDT","BTC-260718-64500-C","2026-07-18","64500","CALL","1h","2026-07-17 06:00:00","2026-07-17 14:00:00","60.000","60.000","50.000","55.000","4.56","2026-07-17 06:59:59","2026-07-17 14:59:59","253.70000","13","2.96","173.70000"
"all-available","Asia/Taipei","BTCUSDT","BTC-260718-64500-C","2026-07-18","64500","CALL","1h","2026-07-17 07:00:00","2026-07-17 15:00:00","50.000","50.000","50.000","50.000","4.00","2026-07-17 07:59:59","2026-07-17 15:59:59","200.00000","7","3.00","150.00000"
"all-available","Asia/Taipei","BTCUSDT","BTC-260718-64500-C","2026-07-18","64500","CALL","1h","2026-07-17 08:00:00","2026-07-17 16:00:00","40.000","40.000","20.000","25.000","44.01","2026-07-17 08:59:59","2026-07-17 16:59:59","1049.85000","108","35.21","777.35000"
"all-available","Asia/Taipei","BTCUSDT","BTC-260718-64500-C","2026-07-18","64500","CALL","1h","2026-07-17 09:00:00","2026-07-17 17:00:00","25.000","25.000","25.000","25.000","5.00","2026-07-17 09:59:59","2026-07-17 17:59:59","125.00000","2","0.00","0.00000"
"all-available","Asia/Taipei","BTCUSDT","BTC-260718-64500-C","2026-07-18","64500","CALL","1h","2026-07-17 10:00:00","2026-07-17 18:00:00","30.000","35.000","30.000","35.000","41.29","2026-07-17 10:59:59","2026-07-17 18:59:59","1248.15000","16","33.29","1008.15000"
"all-available","Asia/Taipei","BTCUSDT","BTC-260718-64500-C","2026-07-18","64500","CALL","1h","2026-07-17 11:00:00","2026-07-17 19:00:00","30.000","50.000","30.000","50.000","8.15","2026-07-17 11:59:59","2026-07-17 19:59:59","357.30000","5","8.15","357.30000"
"all-available","Asia/Taipei","BTCUSDT","BTC-260718-64500-C","2026-07-18","64500","CALL","1h","2026-07-17 12:00:00","2026-07-17 20:00:00","45.000","45.000","35.000","35.000","17.75","2026-07-17 12:59:59","2026-07-17 20:59:59","665.25000","17","0.45","19.75000"
"all-available","Asia/Taipei","BTCUSDT","BTC-260718-64500-C","2026-07-18","64500","CALL","1h","2026-07-17 13:00:00","2026-07-17 21:00:00","30.000","40.000","20.000","40.000","17.56","2026-07-17 13:59:59","2026-07-17 21:59:59","443.25000","30","11.46","293.25000"
"all-available","Asia/Taipei","BTCUSDT","BTC-260718-64500-C","2026-07-18","64500","CALL","1h","2026-07-17 14:00:00","2026-07-17 22:00:00","40.000","70.000","35.000","35.000","21.65","2026-07-17 14:59:59","2026-07-17 22:59:59","947.35000","64","11.15","512.15000"
"all-available","Asia/Taipei","BTCUSDT","BTC-260718-64500-C","2026-07-18","64500","CALL","1h","2026-07-17 15:00:00","2026-07-17 23:00:00","30.000","30.000","15.000","30.000","26.74","2026-07-17 15:59:59","2026-07-17 23:59:59","536.50000","44","15.88","349.35000"
"all-available","Asia/Taipei","BTCUSDT","BTC-260718-64500-C","2026-07-18","64500","CALL","1h","2026-07-17 16:00:00","2026-07-18 00:00:00","30.000","35.000","25.000","35.000","13.21","2026-07-17 16:59:59","2026-07-18 00:59:59","417.25000","28","8.95","287.45000"
"all-available","Asia/Taipei","BTCUSDT","BTC-260718-64500-C","2026-07-18","64500","CALL","1h","2026-07-17 17:00:00","2026-07-18 01:00:00","35.000","120.000","35.000","120.000","71.24","2026-07-17 17:59:59","2026-07-18 01:59:59","5984.60000","51","62.44","5339.55000"
"all-available","Asia/Taipei","BTCUSDT","BTC-260718-64500-C","2026-07-18","64500","CALL","1h","2026-07-17 18:00:00","2026-07-18 02:00:00","90.000","135.000","30.000","95.000","30.76","2026-07-17 18:59:59","2026-07-18 02:59:59","1902.20000","68","5.98","428.00000"
"all-available","Asia/Taipei","BTCUSDT","BTC-260718-64500-C","2026-07-18","64500","CALL","1h","2026-07-17 19:00:00","2026-07-18 03:00:00","100.000","100.000","50.000","65.000","8.39","2026-07-17 19:59:59","2026-07-18 03:59:59","599.60000","45","2.16","137.90000"
"all-available","Asia/Taipei","BTCUSDT","BTC-260718-64500-C","2026-07-18","64500","CALL","1h","2026-07-17 20:00:00","2026-07-18 04:00:00","50.000","50.000","20.000","40.000","26.66","2026-07-17 20:59:59","2026-07-18 04:59:59","821.65000","110","21.35","657.80000"
"all-available","Asia/Taipei","BTCUSDT","BTC-260718-64500-C","2026-07-18","64500","CALL","1h","2026-07-17 21:00:00","2026-07-18 05:00:00","45.000","50.000","20.000","20.000","2.22","2026-07-17 21:59:59","2026-07-18 05:59:59","59.05000","11","2.09","53.70000"
"all-available","Asia/Taipei","BTCUSDT","BTC-260718-64500-C","2026-07-18","64500","CALL","1h","2026-07-17 22:00:00","2026-07-18 06:00:00","20.000","20.000","10.000","10.000","32.84","2026-07-17 22:59:59","2026-07-18 06:59:59","468.30000","56","15.74","253.80000"
"all-available","Asia/Taipei","BTCUSDT","BTC-260718-64500-C","2026-07-18","64500","CALL","1h","2026-07-17 23:00:00","2026-07-18 07:00:00","15.000","15.000","10.000","15.000","9.81","2026-07-17 23:59:59","2026-07-18 07:59:59","109.60000","142","6.37","75.20000"
"all-available","Asia/Taipei","BTCUSDT","BTC-260718-64500-C","2026-07-18","64500","CALL","1h","2026-07-18 00:00:00","2026-07-18 08:00:00","10.000","15.000","10.000","15.000","3.85","2026-07-18 00:59:59","2026-07-18 08:59:59","52.65000","7","2.83","42.45000"
"all-available","Asia/Taipei","BTCUSDT","BTC-260718-64500-C","2026-07-18","64500","CALL","1h","2026-07-18 01:00:00","2026-07-18 09:00:00","10.000","15.000","10.000","10.000","41.89","2026-07-18 01:59:59","2026-07-18 09:59:59","424.65000","23","4.61","51.85000"
"all-available","Asia/Taipei","BTCUSDT","BTC-260718-64500-C","2026-07-18","64500","CALL","1h","2026-07-18 02:00:00","2026-07-18 10:00:00","10.000","10.000","5.000","5.000","48.60","2026-07-18 02:59:59","2026-07-18 10:59:59","249.10000","22","7.89","45.55000"
"all-available","Asia/Taipei","BTCUSDT","BTC-260718-64500-C","2026-07-18","64500","CALL","1h","2026-07-18 03:00:00","2026-07-18 11:00:00","5.000","5.000","5.000","5.000","8.98","2026-07-18 03:59:59","2026-07-18 11:59:59","44.90000","13","8.98","44.90000"
"all-available","Asia/Taipei","BTCUSDT","BTC-260718-64500-C","2026-07-18","64500","CALL","1h","2026-07-18 04:00:00","2026-07-18 12:00:00","5.000","5.000","5.000","5.000","4.46","2026-07-18 04:59:59","2026-07-18 12:59:59","22.30000","4","4.46","22.30000"
"all-available","Asia/Taipei","BTCUSDT","BTC-260718-64500-C","2026-07-18","64500","CALL","1h","2026-07-18 05:00:00","2026-07-18 13:00:00","5.000","5.000","5.000","5.000","0.99","2026-07-18 05:59:59","2026-07-18 13:59:59","4.95000","4","0.99","4.95000"
"all-available","Asia/Taipei","BTCUSDT","BTC-260718-64500-C","2026-07-18","64500","CALL","1h","2026-07-18 06:00:00","2026-07-18 14:00:00","5.000","5.000","5.000","5.000","31.55","2026-07-18 06:59:59","2026-07-18 14:59:59","157.75000","4","31.55","157.75000"
"all-available","Asia/Taipei","BTCUSDT","BTC-260718-64500-C","2026-07-18","64500","CALL","1h","2026-07-18 07:00:00","2026-07-18 15:00:00","5.000","5.000","5.000","5.000","0.42","2026-07-18 07:59:59","2026-07-18 15:59:59","2.10000","1","0.42","2.10000"
"all-available","Asia/Taipei","BTCUSDT","BTC-260718-64500-P","2026-07-18","64500","PUT","1h","2026-07-15 09:00:00","2026-07-15 17:00:00","670.000","670.000","670.000","670.000","0.40","2026-07-15 09:59:59","2026-07-15 17:59:59","268.00000","1","0.40","268.00000"
"all-available","Asia/Taipei","BTCUSDT","BTC-260718-64500-P","2026-07-18","64500","PUT","1h","2026-07-15 10:00:00","2026-07-15 18:00:00","670.000","670.000","670.000","670.000","0.00","2026-07-15 10:59:59","2026-07-15 18:59:59","0.00000","0","0.00","0.00000"
"all-available","Asia/Taipei","BTCUSDT","BTC-260718-64500-P","2026-07-18","64500","PUT","1h","2026-07-15 11:00:00","2026-07-15 19:00:00","670.000","670.000","670.000","670.000","0.00","2026-07-15 11:59:59","2026-07-15 19:59:59","0.00000","0","0.00","0.00000"
"all-available","Asia/Taipei","BTCUSDT","BTC-260718-64500-P","2026-07-18","64500","PUT","1h","2026-07-15 12:00:00","2026-07-15 20:00:00","640.000","640.000","640.000","640.000","1.00","2026-07-15 12:59:59","2026-07-15 20:59:59","640.00000","2","0.00","0.00000"
"all-available","Asia/Taipei","BTCUSDT","BTC-260718-64500-P","2026-07-18","64500","PUT","1h","2026-07-15 13:00:00","2026-07-15 21:00:00","395.000","395.000","390.000","390.000","3.71","2026-07-15 13:59:59","2026-07-15 21:59:59","1461.30000","4","0.83","323.70000"
"all-available","Asia/Taipei","BTCUSDT","BTC-260718-64500-P","2026-07-18","64500","PUT","1h","2026-07-15 14:00:00","2026-07-15 22:00:00","455.000","455.000","375.000","375.000","0.06","2026-07-15 14:59:59","2026-07-15 22:59:59","26.50000","3","0.00","0.00000"
"all-available","Asia/Taipei","BTCUSDT","BTC-260718-64500-P","2026-07-18","64500","PUT","1h","2026-07-15 15:00:00","2026-07-15 23:00:00","375.000","375.000","375.000","375.000","0.00","2026-07-15 15:59:59","2026-07-15 23:59:59","0.00000","0","0.00","0.00000"
"all-available","Asia/Taipei","BTCUSDT","BTC-260718-64500-P","2026-07-18","64500","PUT","1h","2026-07-15 16:00:00","2026-07-16 00:00:00","525.000","525.000","525.000","525.000","0.01","2026-07-15 16:59:59","2026-07-16 00:59:59","5.25000","1","0.01","5.25000"
"all-available","Asia/Taipei","BTCUSDT","BTC-260718-64500-P","2026-07-18","64500","PUT","1h","2026-07-15 17:00:00","2026-07-16 01:00:00","525.000","525.000","525.000","525.000","0.00","2026-07-15 17:59:59","2026-07-16 01:59:59","0.00000","0","0.00","0.00000"
"all-available","Asia/Taipei","BTCUSDT","BTC-260718-64500-P","2026-07-18","64500","PUT","1h","2026-07-15 18:00:00","2026-07-16 02:00:00","525.000","525.000","525.000","525.000","0.00","2026-07-15 18:59:59","2026-07-16 02:59:59","0.00000","0","0.00","0.00000"
"all-available","Asia/Taipei","BTCUSDT","BTC-260718-64500-P","2026-07-18","64500","PUT","1h","2026-07-15 19:00:00","2026-07-16 03:00:00","525.000","525.000","525.000","525.000","0.00","2026-07-15 19:59:59","2026-07-16 03:59:59","0.00000","0","0.00","0.00000"
"all-available","Asia/Taipei","BTCUSDT","BTC-260718-64500-P","2026-07-18","64500","PUT","1h","2026-07-15 20:00:00","2026-07-16 04:00:00","460.000","460.000","460.000","460.000","0.01","2026-07-15 20:59:59","2026-07-16 04:59:59","4.60000","1","0.01","4.60000"
"all-available","Asia/Taipei","BTCUSDT","BTC-260718-64500-P","2026-07-18","64500","PUT","1h","2026-07-15 21:00:00","2026-07-16 05:00:00","460.000","460.000","460.000","460.000","0.00","2026-07-15 21:59:59","2026-07-16 05:59:59","0.00000","0","0.00","0.00000"
"all-available","Asia/Taipei","BTCUSDT","BTC-260718-64500-P","2026-07-18","64500","PUT","1h","2026-07-15 22:00:00","2026-07-16 06:00:00","460.000","460.000","460.000","460.000","0.00","2026-07-15 22:59:59","2026-07-16 06:59:59","0.00000","0","0.00","0.00000"
"all-available","Asia/Taipei","BTCUSDT","BTC-260718-64500-P","2026-07-18","64500","PUT","1h","2026-07-15 23:00:00","2026-07-16 07:00:00","485.000","535.000","485.000","535.000","1.23","2026-07-15 23:59:59","2026-07-16 07:59:59","608.05000","2","1.00","485.00000"
"all-available","Asia/Taipei","BTCUSDT","BTC-260718-64500-P","2026-07-18","64500","PUT","1h","2026-07-16 00:00:00","2026-07-16 08:00:00","610.000","620.000","610.000","620.000","1.50","2026-07-16 00:59:59","2026-07-16 08:59:59","924.75000","3","1.00","619.75000"
"all-available","Asia/Taipei","BTCUSDT","BTC-260718-64500-P","2026-07-18","64500","PUT","1h","2026-07-16 01:00:00","2026-07-16 09:00:00","660.000","665.000","540.000","540.000","2.31","2026-07-16 01:59:59","2026-07-16 09:59:59","1498.60000","5","2.01","1336.60000"
"all-available","Asia/Taipei","BTCUSDT","BTC-260718-64500-P","2026-07-18","64500","PUT","1h","2026-07-16 02:00:00","2026-07-16 10:00:00","545.000","575.000","545.000","560.000","4.56","2026-07-16 02:59:59","2026-07-16 10:59:59","2528.70000","3","4.56","2528.70000"
"all-available","Asia/Taipei","BTCUSDT","BTC-260718-64500-P","2026-07-18","64500","PUT","1h","2026-07-16 03:00:00","2026-07-16 11:00:00","515.000","515.000","515.000","515.000","2.67","2026-07-16 03:59:59","2026-07-16 11:59:59","1375.05000","1","0.00","0.00000"
"all-available","Asia/Taipei","BTCUSDT","BTC-260718-64500-P","2026-07-18","64500","PUT","1h","2026-07-16 04:00:00","2026-07-16 12:00:00","515.000","515.000","515.000","515.000","0.00","2026-07-16 04:59:59","2026-07-16 12:59:59","0.00000","0","0.00","0.00000"
"all-available","Asia/Taipei","BTCUSDT","BTC-260718-64500-P","2026-07-18","64500","PUT","1h","2026-07-16 05:00:00","2026-07-16 13:00:00","465.000","465.000","430.000","430.000","6.64","2026-07-16 05:59:59","2026-07-16 13:59:59","2924.10000","6","1.70","790.50000"
"all-available","Asia/Taipei","BTCUSDT","BTC-260718-64500-P","2026-07-18","64500","PUT","1h","2026-07-16 06:00:00","2026-07-16 14:00:00","430.000","430.000","430.000","430.000","0.00","2026-07-16 06:59:59","2026-07-16 14:59:59","0.00000","0","0.00","0.00000"
"all-available","Asia/Taipei","BTCUSDT","BTC-260718-64500-P","2026-07-18","64500","PUT","1h","2026-07-16 07:00:00","2026-07-16 15:00:00","745.000","800.000","735.000","800.000","3.20","2026-07-16 07:59:59","2026-07-16 15:59:59","2465.30000","5","3.19","2457.95000"
"all-available","Asia/Taipei","BTCUSDT","BTC-260718-64500-P","2026-07-18","64500","PUT","1h","2026-07-16 08:00:00","2026-07-16 16:00:00","805.000","950.000","800.000","800.000","3.68","2026-07-16 08:59:59","2026-07-16 16:59:59","3481.05000","6","0.10","80.05000"
"all-available","Asia/Taipei","BTCUSDT","BTC-260718-64500-P","2026-07-18","64500","PUT","1h","2026-07-16 09:00:00","2026-07-16 17:00:00","795.000","795.000","795.000","795.000","1.00","2026-07-16 09:59:59","2026-07-16 17:59:59","795.00000","1","0.00","0.00000"
"all-available","Asia/Taipei","BTCUSDT","BTC-260718-64500-P","2026-07-18","64500","PUT","1h","2026-07-16 10:00:00","2026-07-16 18:00:00","760.000","760.000","760.000","760.000","1.00","2026-07-16 10:59:59","2026-07-16 18:59:59","760.00000","1","1.00","760.00000"
"all-available","Asia/Taipei","BTCUSDT","BTC-260718-64500-P","2026-07-18","64500","PUT","1h","2026-07-16 11:00:00","2026-07-16 19:00:00","760.000","760.000","760.000","760.000","0.00","2026-07-16 11:59:59","2026-07-16 19:59:59","0.00000","0","0.00","0.00000"
"all-available","Asia/Taipei","BTCUSDT","BTC-260718-64500-P","2026-07-18","64500","PUT","1h","2026-07-16 12:00:00","2026-07-16 20:00:00","795.000","810.000","795.000","810.000","2.47","2026-07-16 12:59:59","2026-07-16 20:59:59","1970.70000","2","2.47","1970.70000"
"all-available","Asia/Taipei","BTCUSDT","BTC-260718-64500-P","2026-07-18","64500","PUT","1h","2026-07-16 13:00:00","2026-07-16 21:00:00","660.000","710.000","660.000","710.000","3.00","2026-07-16 13:59:59","2026-07-16 21:59:59","2080.00000","2","0.00","0.00000"
"all-available","Asia/Taipei","BTCUSDT","BTC-260718-64500-P","2026-07-18","64500","PUT","1h","2026-07-16 14:00:00","2026-07-16 22:00:00","645.000","645.000","420.000","570.000","11.03","2026-07-16 14:59:59","2026-07-16 22:59:59","5783.50000","9","6.09","3167.70000"
"all-available","Asia/Taipei","BTCUSDT","BTC-260718-64500-P","2026-07-18","64500","PUT","1h","2026-07-16 15:00:00","2026-07-16 23:00:00","435.000","435.000","435.000","435.000","0.10","2026-07-16 15:59:59","2026-07-16 23:59:59","43.50000","1","0.00","0.00000"
"all-available","Asia/Taipei","BTCUSDT","BTC-260718-64500-P","2026-07-18","64500","PUT","1h","2026-07-16 16:00:00","2026-07-17 00:00:00","520.000","520.000","520.000","520.000","0.01","2026-07-16 16:59:59","2026-07-17 00:59:59","5.20000","1","0.00","0.00000"
"all-available","Asia/Taipei","BTCUSDT","BTC-260718-64500-P","2026-07-18","64500","PUT","1h","2026-07-16 17:00:00","2026-07-17 01:00:00","680.000","790.000","675.000","790.000","10.00","2026-07-16 17:59:59","2026-07-17 01:59:59","7110.00000","7","6.00","4410.00000"
"all-available","Asia/Taipei","BTCUSDT","BTC-260718-64500-P","2026-07-18","64500","PUT","1h","2026-07-16 18:00:00","2026-07-17 02:00:00","625.000","625.000","625.000","625.000","2.00","2026-07-16 18:59:59","2026-07-17 02:59:59","1250.00000","1","0.00","0.00000"
"all-available","Asia/Taipei","BTCUSDT","BTC-260718-64500-P","2026-07-18","64500","PUT","1h","2026-07-16 19:00:00","2026-07-17 03:00:00","625.000","625.000","625.000","625.000","0.00","2026-07-16 19:59:59","2026-07-17 03:59:59","0.00000","0","0.00","0.00000"
"all-available","Asia/Taipei","BTCUSDT","BTC-260718-64500-P","2026-07-18","64500","PUT","1h","2026-07-16 20:00:00","2026-07-17 04:00:00","650.000","650.000","650.000","650.000","0.73","2026-07-16 20:59:59","2026-07-17 04:59:59","474.50000","1","0.73","474.50000"
"all-available","Asia/Taipei","BTCUSDT","BTC-260718-64500-P","2026-07-18","64500","PUT","1h","2026-07-16 21:00:00","2026-07-17 05:00:00","665.000","665.000","645.000","650.000","0.58","2026-07-16 21:59:59","2026-07-17 05:59:59","376.55000","3","0.00","0.00000"
"all-available","Asia/Taipei","BTCUSDT","BTC-260718-64500-P","2026-07-18","64500","PUT","1h","2026-07-16 22:00:00","2026-07-17 06:00:00","640.000","640.000","640.000","640.000","3.00","2026-07-16 22:59:59","2026-07-17 06:59:59","1920.00000","1","3.00","1920.00000"
"all-available","Asia/Taipei","BTCUSDT","BTC-260718-64500-P","2026-07-18","64500","PUT","1h","2026-07-16 23:00:00","2026-07-17 07:00:00","640.000","640.000","640.000","640.000","0.00","2026-07-16 23:59:59","2026-07-17 07:59:59","0.00000","0","0.00","0.00000"
"all-available","Asia/Taipei","BTCUSDT","BTC-260718-64500-P","2026-07-18","64500","PUT","1h","2026-07-17 00:00:00","2026-07-17 08:00:00","990.000","990.000","990.000","990.000","2.60","2026-07-17 00:59:59","2026-07-17 08:59:59","2574.00000","2","2.60","2574.00000"
"all-available","Asia/Taipei","BTCUSDT","BTC-260718-64500-P","2026-07-18","64500","PUT","1h","2026-07-17 01:00:00","2026-07-17 09:00:00","990.000","990.000","990.000","990.000","0.00","2026-07-17 01:59:59","2026-07-17 09:59:59","0.00000","0","0.00","0.00000"
"all-available","Asia/Taipei","BTCUSDT","BTC-260718-64500-P","2026-07-18","64500","PUT","1h","2026-07-17 02:00:00","2026-07-17 10:00:00","990.000","990.000","990.000","990.000","0.00","2026-07-17 02:59:59","2026-07-17 10:59:59","0.00000","0","0.00","0.00000"
"all-available","Asia/Taipei","BTCUSDT","BTC-260718-64500-P","2026-07-18","64500","PUT","1h","2026-07-17 03:00:00","2026-07-17 11:00:00","990.000","990.000","990.000","990.000","0.00","2026-07-17 03:59:59","2026-07-17 11:59:59","0.00000","0","0.00","0.00000"
"all-available","Asia/Taipei","BTCUSDT","BTC-260718-64500-P","2026-07-18","64500","PUT","1h","2026-07-17 04:00:00","2026-07-17 12:00:00","1125.000","1125.000","1055.000","1055.000","0.36","2026-07-17 04:59:59","2026-07-17 12:59:59","398.00000","2","0.00","0.00000"
"all-available","Asia/Taipei","BTCUSDT","BTC-260718-64500-P","2026-07-18","64500","PUT","1h","2026-07-17 05:00:00","2026-07-17 13:00:00","1170.000","1170.000","1170.000","1170.000","0.01","2026-07-17 05:59:59","2026-07-17 13:59:59","11.70000","1","0.01","11.70000"
"all-available","Asia/Taipei","BTCUSDT","BTC-260718-64500-P","2026-07-18","64500","PUT","1h","2026-07-17 06:00:00","2026-07-17 14:00:00","1605.000","1750.000","1605.000","1750.000","3.00","2026-07-17 06:59:59","2026-07-17 14:59:59","4873.00000","2","0.40","700.00000"
"all-available","Asia/Taipei","BTCUSDT","BTC-260718-64500-P","2026-07-18","64500","PUT","1h","2026-07-17 07:00:00","2026-07-17 15:00:00","1750.000","1750.000","1750.000","1750.000","0.00","2026-07-17 07:59:59","2026-07-17 15:59:59","0.00000","0","0.00","0.00000"
"all-available","Asia/Taipei","BTCUSDT","BTC-260718-64500-P","2026-07-18","64500","PUT","1h","2026-07-17 08:00:00","2026-07-17 16:00:00","1555.000","1555.000","1555.000","1555.000","0.10","2026-07-17 08:59:59","2026-07-17 16:59:59","155.50000","1","0.00","0.00000"
"all-available","Asia/Taipei","BTCUSDT","BTC-260718-64500-P","2026-07-18","64500","PUT","1h","2026-07-17 09:00:00","2026-07-17 17:00:00","1555.000","1555.000","1555.000","1555.000","0.00","2026-07-17 09:59:59","2026-07-17 17:59:59","0.00000","0","0.00","0.00000"
"all-available","Asia/Taipei","BTCUSDT","BTC-260718-64500-P","2026-07-18","64500","PUT","1h","2026-07-17 10:00:00","2026-07-17 18:00:00","1555.000","1555.000","1555.000","1555.000","0.00","2026-07-17 10:59:59","2026-07-17 18:59:59","0.00000","0","0.00","0.00000"
"all-available","Asia/Taipei","BTCUSDT","BTC-260718-64500-P","2026-07-18","64500","PUT","1h","2026-07-17 11:00:00","2026-07-17 19:00:00","1555.000","1555.000","1555.000","1555.000","0.00","2026-07-17 11:59:59","2026-07-17 19:59:59","0.00000","0","0.00","0.00000"
"all-available","Asia/Taipei","BTCUSDT","BTC-260718-64500-P","2026-07-18","64500","PUT","1h","2026-07-17 12:00:00","2026-07-17 20:00:00","1220.000","1220.000","1220.000","1220.000","0.01","2026-07-17 12:59:59","2026-07-17 20:59:59","12.20000","1","0.01","12.20000"
"all-available","Asia/Taipei","BTCUSDT","BTC-260718-64500-P","2026-07-18","64500","PUT","1h","2026-07-17 13:00:00","2026-07-17 21:00:00","1220.000","1220.000","1220.000","1220.000","0.00","2026-07-17 13:59:59","2026-07-17 21:59:59","0.00000","0","0.00","0.00000"
"all-available","Asia/Taipei","BTCUSDT","BTC-260718-64500-P","2026-07-18","64500","PUT","1h","2026-07-17 14:00:00","2026-07-17 22:00:00","1220.000","1220.000","1220.000","1220.000","0.00","2026-07-17 14:59:59","2026-07-17 22:59:59","0.00000","0","0.00","0.00000"
"all-available","Asia/Taipei","BTCUSDT","BTC-260718-64500-P","2026-07-18","64500","PUT","1h","2026-07-17 15:00:00","2026-07-17 23:00:00","1220.000","1220.000","1220.000","1220.000","0.00","2026-07-17 15:59:59","2026-07-17 23:59:59","0.00000","0","0.00","0.00000"
"all-available","Asia/Taipei","BTCUSDT","BTC-260718-64500-P","2026-07-18","64500","PUT","1h","2026-07-17 16:00:00","2026-07-18 00:00:00","1180.000","1180.000","1180.000","1180.000","2.60","2026-07-17 16:59:59","2026-07-18 00:59:59","3068.00000","1","2.60","3068.00000"
"all-available","Asia/Taipei","BTCUSDT","BTC-260718-64500-P","2026-07-18","64500","PUT","1h","2026-07-17 17:00:00","2026-07-18 01:00:00","1180.000","1180.000","1180.000","1180.000","0.00","2026-07-17 17:59:59","2026-07-18 01:59:59","0.00000","0","0.00","0.00000"
"all-available","Asia/Taipei","BTCUSDT","BTC-260718-64500-P","2026-07-18","64500","PUT","1h","2026-07-17 18:00:00","2026-07-18 02:00:00","315.000","355.000","280.000","355.000","4.71","2026-07-17 18:59:59","2026-07-18 02:59:59","1512.10000","25","4.71","1512.10000"
"all-available","Asia/Taipei","BTCUSDT","BTC-260718-64500-P","2026-07-18","64500","PUT","1h","2026-07-17 19:00:00","2026-07-18 03:00:00","355.000","355.000","355.000","355.000","0.00","2026-07-17 19:59:59","2026-07-18 03:59:59","0.00000","0","0.00","0.00000"
"all-available","Asia/Taipei","BTCUSDT","BTC-260718-64500-P","2026-07-18","64500","PUT","1h","2026-07-17 20:00:00","2026-07-18 04:00:00","355.000","355.000","355.000","355.000","0.00","2026-07-17 20:59:59","2026-07-18 04:59:59","0.00000","0","0.00","0.00000"
"all-available","Asia/Taipei","BTCUSDT","BTC-260718-64500-P","2026-07-18","64500","PUT","1h","2026-07-17 21:00:00","2026-07-18 05:00:00","355.000","355.000","355.000","355.000","0.00","2026-07-17 21:59:59","2026-07-18 05:59:59","0.00000","0","0.00","0.00000"
"all-available","Asia/Taipei","BTCUSDT","BTC-260718-64500-P","2026-07-18","64500","PUT","1h","2026-07-17 22:00:00","2026-07-18 06:00:00","355.000","355.000","355.000","355.000","0.00","2026-07-17 22:59:59","2026-07-18 06:59:59","0.00000","0","0.00","0.00000"
"all-available","Asia/Taipei","BTCUSDT","BTC-260718-64500-P","2026-07-18","64500","PUT","1h","2026-07-17 23:00:00","2026-07-18 07:00:00","355.000","355.000","355.000","355.000","0.00","2026-07-17 23:59:59","2026-07-18 07:59:59","0.00000","0","0.00","0.00000"
"all-available","Asia/Taipei","BTCUSDT","BTC-260718-64500-P","2026-07-18","64500","PUT","1h","2026-07-18 00:00:00","2026-07-18 08:00:00","355.000","355.000","355.000","355.000","0.00","2026-07-18 00:59:59","2026-07-18 08:59:59","0.00000","0","0.00","0.00000"
"all-available","Asia/Taipei","BTCUSDT","BTC-260718-64500-P","2026-07-18","64500","PUT","1h","2026-07-18 01:00:00","2026-07-18 09:00:00","355.000","355.000","355.000","355.000","0.00","2026-07-18 01:59:59","2026-07-18 09:59:59","0.00000","0","0.00","0.00000"
"all-available","Asia/Taipei","BTCUSDT","BTC-260718-64500-P","2026-07-18","64500","PUT","1h","2026-07-18 02:00:00","2026-07-18 10:00:00","355.000","355.000","355.000","355.000","0.00","2026-07-18 02:59:59","2026-07-18 10:59:59","0.00000","0","0.00","0.00000"
"all-available","Asia/Taipei","BTCUSDT","BTC-260718-64500-P","2026-07-18","64500","PUT","1h","2026-07-18 03:00:00","2026-07-18 11:00:00","355.000","355.000","355.000","355.000","0.00","2026-07-18 03:59:59","2026-07-18 11:59:59","0.00000","0","0.00","0.00000"
"all-available","Asia/Taipei","BTCUSDT","BTC-260718-64500-P","2026-07-18","64500","PUT","1h","2026-07-18 04:00:00","2026-07-18 12:00:00","355.000","355.000","355.000","355.000","0.00","2026-07-18 04:59:59","2026-07-18 12:59:59","0.00000","0","0.00","0.00000"
"all-available","Asia/Taipei","BTCUSDT","BTC-260718-64500-P","2026-07-18","64500","PUT","1h","2026-07-18 05:00:00","2026-07-18 13:00:00","355.000","355.000","355.000","355.000","0.00","2026-07-18 05:59:59","2026-07-18 13:59:59","0.00000","0","0.00","0.00000"
"all-available","Asia/Taipei","BTCUSDT","BTC-260718-64500-P","2026-07-18","64500","PUT","1h","2026-07-18 06:00:00","2026-07-18 14:00:00","355.000","355.000","355.000","355.000","0.00","2026-07-18 06:59:59","2026-07-18 14:59:59","0.00000","0","0.00","0.00000"
"all-available","Asia/Taipei","BTCUSDT","BTC-260718-64500-P","2026-07-18","64500","PUT","1h","2026-07-18 07:00:00","2026-07-18 15:00:00","355.000","355.000","355.000","355.000","0.00","2026-07-18 07:59:59","2026-07-18 15:59:59","0.00000","0","0.00","0.00000"
"all-available","Asia/Taipei","BTCUSDT","BTC-260718-65000-C","2026-07-18","65000","CALL","1h","2026-07-15 09:00:00","2026-07-15 17:00:00","695.000","695.000","635.000","635.000","0.49","2026-07-15 09:59:59","2026-07-15 17:59:59","311.75000","3","0.49","311.75000"
"all-available","Asia/Taipei","BTCUSDT","BTC-260718-65000-C","2026-07-18","65000","CALL","1h","2026-07-15 10:00:00","2026-07-15 18:00:00","645.000","645.000","555.000","555.000","6.23","2026-07-15 10:59:59","2026-07-15 18:59:59","3551.35000","4","6.23","3551.35000"
"all-available","Asia/Taipei","BTCUSDT","BTC-260718-65000-C","2026-07-18","65000","CALL","1h","2026-07-15 11:00:00","2026-07-15 19:00:00","570.000","575.000","570.000","575.000","0.15","2026-07-15 11:59:59","2026-07-15 19:59:59","86.00000","2","0.05","28.50000"
"all-available","Asia/Taipei","BTCUSDT","BTC-260718-65000-C","2026-07-18","65000","CALL","1h","2026-07-15 12:00:00","2026-07-15 20:00:00","575.000","710.000","575.000","710.000","5.86","2026-07-15 12:59:59","2026-07-15 20:59:59","3657.55000","5","4.53","2796.90000"
"all-available","Asia/Taipei","BTCUSDT","BTC-260718-65000-C","2026-07-18","65000","CALL","1h","2026-07-15 13:00:00","2026-07-15 21:00:00","945.000","1080.000","870.000","870.000","5.45","2026-07-15 13:59:59","2026-07-15 21:59:59","5335.70000","10","4.33","4217.50000"
"all-available","Asia/Taipei","BTCUSDT","BTC-260718-65000-C","2026-07-18","65000","CALL","1h","2026-07-15 14:00:00","2026-07-15 22:00:00","830.000","935.000","830.000","935.000","7.03","2026-07-15 14:59:59","2026-07-15 22:59:59","6137.85000","6","2.83","2641.85000"
"all-available","Asia/Taipei","BTCUSDT","BTC-260718-65000-C","2026-07-18","65000","CALL","1h","2026-07-15 15:00:00","2026-07-15 23:00:00","1050.000","1050.000","1050.000","1050.000","0.01","2026-07-15 15:59:59","2026-07-15 23:59:59","10.50000","1","0.01","10.50000"
"all-available","Asia/Taipei","BTCUSDT","BTC-260718-65000-C","2026-07-18","65000","CALL","1h","2026-07-15 16:00:00","2026-07-16 00:00:00","1050.000","1050.000","1050.000","1050.000","0.00","2026-07-15 16:59:59","2026-07-16 00:59:59","0.00000","0","0.00","0.00000"
"all-available","Asia/Taipei","BTCUSDT","BTC-260718-65000-C","2026-07-18","65000","CALL","1h","2026-07-15 17:00:00","2026-07-16 01:00:00","725.000","725.000","720.000","720.000","0.11","2026-07-15 17:59:59","2026-07-16 01:59:59","79.70000","2","0.01","7.20000"
"all-available","Asia/Taipei","BTCUSDT","BTC-260718-65000-C","2026-07-18","65000","CALL","1h","2026-07-15 18:00:00","2026-07-16 02:00:00","720.000","720.000","720.000","720.000","0.00","2026-07-15 18:59:59","2026-07-16 02:59:59","0.00000","0","0.00","0.00000"
"all-available","Asia/Taipei","BTCUSDT","BTC-260718-65000-C","2026-07-18","65000","CALL","1h","2026-07-15 19:00:00","2026-07-16 03:00:00","720.000","720.000","720.000","720.000","0.00","2026-07-15 19:59:59","2026-07-16 03:59:59","0.00000","0","0.00","0.00000"
"all-available","Asia/Taipei","BTCUSDT","BTC-260718-65000-C","2026-07-18","65000","CALL","1h","2026-07-15 20:00:00","2026-07-16 04:00:00","655.000","655.000","655.000","655.000","0.19","2026-07-15 20:59:59","2026-07-16 04:59:59","124.45000","1","0.19","124.45000"
"all-available","Asia/Taipei","BTCUSDT","BTC-260718-65000-C","2026-07-18","65000","CALL","1h","2026-07-15 21:00:00","2026-07-16 05:00:00","655.000","655.000","655.000","655.000","0.00","2026-07-15 21:59:59","2026-07-16 05:59:59","0.00000","0","0.00","0.00000"
"all-available","Asia/Taipei","BTCUSDT","BTC-260718-65000-C","2026-07-18","65000","CALL","1h","2026-07-15 22:00:00","2026-07-16 06:00:00","580.000","615.000","580.000","615.000","0.28","2026-07-15 22:59:59","2026-07-16 06:59:59","164.10000","4","0.22","128.10000"
"all-available","Asia/Taipei","BTCUSDT","BTC-260718-65000-C","2026-07-18","65000","CALL","1h","2026-07-15 23:00:00","2026-07-16 07:00:00","520.000","520.000","520.000","520.000","0.05","2026-07-15 23:59:59","2026-07-16 07:59:59","26.00000","1","0.00","0.00000"
"all-available","Asia/Taipei","BTCUSDT","BTC-260718-65000-C","2026-07-18","65000","CALL","1h","2026-07-16 00:00:00","2026-07-16 08:00:00","480.000","480.000","480.000","480.000","0.25","2026-07-16 00:59:59","2026-07-16 08:59:59","120.00000","1","0.00","0.00000"
"all-available","Asia/Taipei","BTCUSDT","BTC-260718-65000-C","2026-07-18","65000","CALL","1h","2026-07-16 01:00:00","2026-07-16 09:00:00","395.000","530.000","395.000","530.000","1.01","2026-07-16 01:59:59","2026-07-16 09:59:59","533.95000","2","1.01","533.95000"
"all-available","Asia/Taipei","BTCUSDT","BTC-260718-65000-C","2026-07-18","65000","CALL","1h","2026-07-16 02:00:00","2026-07-16 10:00:00","460.000","460.000","460.000","460.000","0.22","2026-07-16 02:59:59","2026-07-16 10:59:59","101.20000","1","0.22","101.20000"
"all-available","Asia/Taipei","BTCUSDT","BTC-260718-65000-C","2026-07-18","65000","CALL","1h","2026-07-16 03:00:00","2026-07-16 11:00:00","470.000","470.000","470.000","470.000","0.03","2026-07-16 03:59:59","2026-07-16 11:59:59","14.10000","1","0.03","14.10000"
"all-available","Asia/Taipei","BTCUSDT","BTC-260718-65000-C","2026-07-18","65000","CALL","1h","2026-07-16 04:00:00","2026-07-16 12:00:00","435.000","440.000","430.000","440.000","0.14","2026-07-16 04:59:59","2026-07-16 12:59:59","61.35000","3","0.13","57.00000"
"all-available","Asia/Taipei","BTCUSDT","BTC-260718-65000-C","2026-07-18","65000","CALL","1h","2026-07-16 05:00:00","2026-07-16 13:00:00","520.000","585.000","520.000","585.000","2.89","2026-07-16 05:59:59","2026-07-16 13:59:59","1503.45000","2","0.00","0.00000"
"all-available","Asia/Taipei","BTCUSDT","BTC-260718-65000-C","2026-07-18","65000","CALL","1h","2026-07-16 06:00:00","2026-07-16 14:00:00","570.000","570.000","450.000","450.000","3.56","2026-07-16 06:59:59","2026-07-16 14:59:59","1831.20000","4","0.00","0.00000"
"all-available","Asia/Taipei","BTCUSDT","BTC-260718-65000-C","2026-07-18","65000","CALL","1h","2026-07-16 07:00:00","2026-07-16 15:00:00","500.000","500.000","310.000","310.000","4.33","2026-07-16 07:59:59","2026-07-16 15:59:59","1899.95000","5","0.67","210.35000"
"all-available","Asia/Taipei","BTCUSDT","BTC-260718-65000-C","2026-07-18","65000","CALL","1h","2026-07-16 08:00:00","2026-07-16 16:00:00","350.000","350.000","265.000","265.000","17.25","2026-07-16 08:59:59","2026-07-16 16:59:59","5008.55000","16","9.68","2730.95000"
"all-available","Asia/Taipei","BTCUSDT","BTC-260718-65000-C","2026-07-18","65000","CALL","1h","2026-07-16 09:00:00","2026-07-16 17:00:00","270.000","280.000","240.000","240.000","5.36","2026-07-16 09:59:59","2026-07-16 17:59:59","1360.85000","7","4.15","1036.00000"
"all-available","Asia/Taipei","BTCUSDT","BTC-260718-65000-C","2026-07-18","65000","CALL","1h","2026-07-16 10:00:00","2026-07-16 18:00:00","275.000","275.000","275.000","275.000","0.14","2026-07-16 10:59:59","2026-07-16 18:59:59","38.50000","1","0.14","38.50000"
"all-available","Asia/Taipei","BTCUSDT","BTC-260718-65000-C","2026-07-18","65000","CALL","1h","2026-07-16 11:00:00","2026-07-16 19:00:00","295.000","295.000","295.000","295.000","0.45","2026-07-16 11:59:59","2026-07-16 19:59:59","132.75000","1","0.00","0.00000"
"all-available","Asia/Taipei","BTCUSDT","BTC-260718-65000-C","2026-07-18","65000","CALL","1h","2026-07-16 12:00:00","2026-07-16 20:00:00","300.000","300.000","280.000","280.000","1.72","2026-07-16 12:59:59","2026-07-16 20:59:59","504.00000","2","0.00","0.00000"
"all-available","Asia/Taipei","BTCUSDT","BTC-260718-65000-C","2026-07-18","65000","CALL","1h","2026-07-16 13:00:00","2026-07-16 21:00:00","340.000","340.000","305.000","305.000","0.74","2026-07-16 13:59:59","2026-07-16 21:59:59","226.40000","2","0.72","219.60000"
"all-available","Asia/Taipei","BTCUSDT","BTC-260718-65000-C","2026-07-18","65000","CALL","1h","2026-07-16 14:00:00","2026-07-16 22:00:00","400.000","480.000","325.000","325.000","5.79","2026-07-16 14:59:59","2026-07-16 22:59:59","2630.95000","28","0.01","4.00000"
"all-available","Asia/Taipei","BTCUSDT","BTC-260718-65000-C","2026-07-18","65000","CALL","1h","2026-07-16 15:00:00","2026-07-16 23:00:00","350.000","460.000","350.000","430.000","0.13","2026-07-16 15:59:59","2026-07-16 23:59:59","54.00000","4","0.01","3.50000"
"all-available","Asia/Taipei","BTCUSDT","BTC-260718-65000-C","2026-07-18","65000","CALL","1h","2026-07-16 16:00:00","2026-07-17 00:00:00","360.000","360.000","290.000","290.000","1.57","2026-07-16 16:59:59","2026-07-17 00:59:59","514.20000","4","0.30","94.50000"
"all-available","Asia/Taipei","BTCUSDT","BTC-260718-65000-C","2026-07-18","65000","CALL","1h","2026-07-16 17:00:00","2026-07-17 01:00:00","295.000","295.000","225.000","235.000","0.55","2026-07-16 17:59:59","2026-07-17 01:59:59","130.95000","3","0.00","0.00000"
"all-available","Asia/Taipei","BTCUSDT","BTC-260718-65000-C","2026-07-18","65000","CALL","1h","2026-07-16 18:00:00","2026-07-17 02:00:00","235.000","235.000","235.000","235.000","0.00","2026-07-16 18:59:59","2026-07-17 02:59:59","0.00000","0","0.00","0.00000"
"all-available","Asia/Taipei","BTCUSDT","BTC-260718-65000-C","2026-07-18","65000","CALL","1h","2026-07-16 19:00:00","2026-07-17 03:00:00","215.000","215.000","210.000","210.000","1.02","2026-07-16 19:59:59","2026-07-17 03:59:59","219.20000","3","1.00","215.00000"
"all-available","Asia/Taipei","BTCUSDT","BTC-260718-65000-C","2026-07-18","65000","CALL","1h","2026-07-16 20:00:00","2026-07-17 04:00:00","210.000","210.000","210.000","210.000","0.00","2026-07-16 20:59:59","2026-07-17 04:59:59","0.00000","0","0.00","0.00000"
"all-available","Asia/Taipei","BTCUSDT","BTC-260718-65000-C","2026-07-18","65000","CALL","1h","2026-07-16 21:00:00","2026-07-17 05:00:00","205.000","205.000","195.000","195.000","0.35","2026-07-16 21:59:59","2026-07-17 05:59:59","69.80000","10","0.22","44.20000"
"all-available","Asia/Taipei","BTCUSDT","BTC-260718-65000-C","2026-07-18","65000","CALL","1h","2026-07-16 22:00:00","2026-07-17 06:00:00","180.000","180.000","180.000","180.000","0.03","2026-07-16 22:59:59","2026-07-17 06:59:59","5.40000","1","0.03","5.40000"
"all-available","Asia/Taipei","BTCUSDT","BTC-260718-65000-C","2026-07-18","65000","CALL","1h","2026-07-16 23:00:00","2026-07-17 07:00:00","140.000","140.000","110.000","110.000","5.34","2026-07-16 23:59:59","2026-07-17 07:59:59","597.60000","5","0.34","47.60000"
"all-available","Asia/Taipei","BTCUSDT","BTC-260718-65000-C","2026-07-18","65000","CALL","1h","2026-07-17 00:00:00","2026-07-17 08:00:00","105.000","105.000","85.000","105.000","0.36","2026-07-17 00:59:59","2026-07-17 08:59:59","35.40000","3","0.02","2.10000"
"all-available","Asia/Taipei","BTCUSDT","BTC-260718-65000-C","2026-07-18","65000","CALL","1h","2026-07-17 01:00:00","2026-07-17 09:00:00","80.000","80.000","80.000","80.000","0.02","2026-07-17 01:59:59","2026-07-17 09:59:59","1.60000","2","0.02","1.60000"
"all-available","Asia/Taipei","BTCUSDT","BTC-260718-65000-C","2026-07-18","65000","CALL","1h","2026-07-17 02:00:00","2026-07-17 10:00:00","80.000","80.000","60.000","65.000","0.57","2026-07-17 02:59:59","2026-07-17 10:59:59","39.30000","8","0.45","32.10000"
"all-available","Asia/Taipei","BTCUSDT","BTC-260718-65000-C","2026-07-18","65000","CALL","1h","2026-07-17 03:00:00","2026-07-17 11:00:00","60.000","65.000","60.000","65.000","1.51","2026-07-17 03:59:59","2026-07-17 11:59:59","95.60000","2","1.51","95.60000"
"all-available","Asia/Taipei","BTCUSDT","BTC-260718-65000-C","2026-07-18","65000","CALL","1h","2026-07-17 04:00:00","2026-07-17 12:00:00","55.000","55.000","40.000","40.000","3.09","2026-07-17 04:59:59","2026-07-17 12:59:59","150.95000","9","0.72","32.40000"
"all-available","Asia/Taipei","BTCUSDT","BTC-260718-65000-C","2026-07-18","65000","CALL","1h","2026-07-17 05:00:00","2026-07-17 13:00:00","35.000","35.000","25.000","25.000","19.59","2026-07-17 05:59:59","2026-07-17 13:59:59","615.95000","15","19.49","612.95000"
"all-available","Asia/Taipei","BTCUSDT","BTC-260718-65000-C","2026-07-18","65000","CALL","1h","2026-07-17 06:00:00","2026-07-17 14:00:00","25.000","30.000","25.000","30.000","7.83","2026-07-17 06:59:59","2026-07-17 14:59:59","214.40000","17","7.18","198.15000"
"all-available","Asia/Taipei","BTCUSDT","BTC-260718-65000-C","2026-07-18","65000","CALL","1h","2026-07-17 07:00:00","2026-07-17 15:00:00","25.000","25.000","25.000","25.000","4.50","2026-07-17 07:59:59","2026-07-17 15:59:59","112.50000","5","4.50","112.50000"
"all-available","Asia/Taipei","BTCUSDT","BTC-260718-65000-C","2026-07-18","65000","CALL","1h","2026-07-17 08:00:00","2026-07-17 16:00:00","20.000","20.000","10.000","10.000","31.47","2026-07-17 08:59:59","2026-07-17 16:59:59","495.50000","102","25.97","389.55000"
"all-available","Asia/Taipei","BTCUSDT","BTC-260718-65000-C","2026-07-18","65000","CALL","1h","2026-07-17 09:00:00","2026-07-17 17:00:00","15.000","15.000","15.000","15.000","16.92","2026-07-17 09:59:59","2026-07-17 17:59:59","253.80000","6","16.92","253.80000"
"all-available","Asia/Taipei","BTCUSDT","BTC-260718-65000-C","2026-07-18","65000","CALL","1h","2026-07-17 10:00:00","2026-07-17 18:00:00","15.000","20.000","15.000","20.000","31.30","2026-07-17 10:59:59","2026-07-17 18:59:59","470.00000","8","31.30","470.00000"
"all-available","Asia/Taipei","BTCUSDT","BTC-260718-65000-C","2026-07-18","65000","CALL","1h","2026-07-17 11:00:00","2026-07-17 19:00:00","15.000","20.000","15.000","20.000","14.50","2026-07-17 11:59:59","2026-07-17 19:59:59","242.50000","11","5.50","82.50000"
"all-available","Asia/Taipei","BTCUSDT","BTC-260718-65000-C","2026-07-18","65000","CALL","1h","2026-07-17 12:00:00","2026-07-17 20:00:00","20.000","20.000","20.000","20.000","0.00","2026-07-17 12:59:59","2026-07-17 20:59:59","0.00000","0","0.00","0.00000"
"all-available","Asia/Taipei","BTCUSDT","BTC-260718-65000-C","2026-07-18","65000","CALL","1h","2026-07-17 13:00:00","2026-07-17 21:00:00","15.000","15.000","10.000","15.000","37.19","2026-07-17 13:59:59","2026-07-17 21:59:59","472.25000","30","2.24","33.60000"
"all-available","Asia/Taipei","BTCUSDT","BTC-260718-65000-C","2026-07-18","65000","CALL","1h","2026-07-17 14:00:00","2026-07-17 22:00:00","20.000","30.000","20.000","30.000","3.87","2026-07-17 14:59:59","2026-07-17 22:59:59","89.05000","9","3.80","87.00000"
"all-available","Asia/Taipei","BTCUSDT","BTC-260718-65000-C","2026-07-18","65000","CALL","1h","2026-07-17 15:00:00","2026-07-17 23:00:00","15.000","15.000","10.000","10.000","1.36","2026-07-17 15:59:59","2026-07-17 23:59:59","15.40000","8","0.02","0.30000"
"all-available","Asia/Taipei","BTCUSDT","BTC-260718-65000-C","2026-07-18","65000","CALL","1h","2026-07-17 16:00:00","2026-07-18 00:00:00","15.000","15.000","10.000","15.000","6.33","2026-07-17 16:59:59","2026-07-18 00:59:59","88.50000","12","5.08","75.95000"
"all-available","Asia/Taipei","BTCUSDT","BTC-260718-65000-C","2026-07-18","65000","CALL","1h","2026-07-17 17:00:00","2026-07-18 01:00:00","20.000","35.000","20.000","30.000","33.18","2026-07-17 17:59:59","2026-07-18 01:59:59","929.00000","77","23.33","628.35000"
"all-available","Asia/Taipei","BTCUSDT","BTC-260718-65000-C","2026-07-18","65000","CALL","1h","2026-07-17 18:00:00","2026-07-18 02:00:00","20.000","35.000","15.000","25.000","11.09","2026-07-17 18:59:59","2026-07-18 02:59:59","303.20000","32","8.16","229.50000"
"all-available","Asia/Taipei","BTCUSDT","BTC-260718-65000-C","2026-07-18","65000","CALL","1h","2026-07-17 19:00:00","2026-07-18 03:00:00","20.000","20.000","15.000","20.000","2.49","2026-07-17 19:59:59","2026-07-18 03:59:59","42.80000","15","0.82","15.80000"
"all-available","Asia/Taipei","BTCUSDT","BTC-260718-65000-C","2026-07-18","65000","CALL","1h","2026-07-17 20:00:00","2026-07-18 04:00:00","15.000","15.000","5.000","10.000","6.76","2026-07-17 20:59:59","2026-07-18 04:59:59","73.55000","12","3.46","44.60000"
"all-available","Asia/Taipei","BTCUSDT","BTC-260718-65000-C","2026-07-18","65000","CALL","1h","2026-07-17 21:00:00","2026-07-18 05:00:00","10.000","10.000","10.000","10.000","3.00","2026-07-17 21:59:59","2026-07-18 05:59:59","30.00000","3","3.00","30.00000"
"all-available","Asia/Taipei","BTCUSDT","BTC-260718-65000-C","2026-07-18","65000","CALL","1h","2026-07-17 22:00:00","2026-07-18 06:00:00","10.000","10.000","10.000","10.000","0.00","2026-07-17 22:59:59","2026-07-18 06:59:59","0.00000","0","0.00","0.00000"
"all-available","Asia/Taipei","BTCUSDT","BTC-260718-65000-C","2026-07-18","65000","CALL","1h","2026-07-17 23:00:00","2026-07-18 07:00:00","5.000","5.000","5.000","5.000","2.97","2026-07-17 23:59:59","2026-07-18 07:59:59","14.85000","8","0.00","0.00000"
"all-available","Asia/Taipei","BTCUSDT","BTC-260718-65000-C","2026-07-18","65000","CALL","1h","2026-07-18 00:00:00","2026-07-18 08:00:00","10.000","10.000","5.000","5.000","0.55","2026-07-18 00:59:59","2026-07-18 08:59:59","4.45000","3","0.34","3.40000"
"all-available","Asia/Taipei","BTCUSDT","BTC-260718-65000-C","2026-07-18","65000","CALL","1h","2026-07-18 01:00:00","2026-07-18 09:00:00","5.000","5.000","5.000","5.000","23.63","2026-07-18 01:59:59","2026-07-18 09:59:59","118.15000","8","4.98","24.90000"
"all-available","Asia/Taipei","BTCUSDT","BTC-260718-65000-C","2026-07-18","65000","CALL","1h","2026-07-18 02:00:00","2026-07-18 10:00:00","5.000","5.000","5.000","5.000","8.89","2026-07-18 02:59:59","2026-07-18 10:59:59","44.45000","4","0.00","0.00000"
"all-available","Asia/Taipei","BTCUSDT","BTC-260718-65000-C","2026-07-18","65000","CALL","1h","2026-07-18 03:00:00","2026-07-18 11:00:00","5.000","5.000","5.000","5.000","0.00","2026-07-18 03:59:59","2026-07-18 11:59:59","0.00000","0","0.00","0.00000"
"all-available","Asia/Taipei","BTCUSDT","BTC-260718-65000-C","2026-07-18","65000","CALL","1h","2026-07-18 04:00:00","2026-07-18 12:00:00","5.000","5.000","5.000","5.000","2.61","2026-07-18 04:59:59","2026-07-18 12:59:59","13.05000","4","2.61","13.05000"
"all-available","Asia/Taipei","BTCUSDT","BTC-260718-65000-C","2026-07-18","65000","CALL","1h","2026-07-18 05:00:00","2026-07-18 13:00:00","5.000","5.000","5.000","5.000","0.50","2026-07-18 05:59:59","2026-07-18 13:59:59","2.50000","1","0.50","2.50000"
"all-available","Asia/Taipei","BTCUSDT","BTC-260718-65000-C","2026-07-18","65000","CALL","1h","2026-07-18 06:00:00","2026-07-18 14:00:00","5.000","5.000","5.000","5.000","0.79","2026-07-18 06:59:59","2026-07-18 14:59:59","3.95000","1","0.79","3.95000"
"all-available","Asia/Taipei","BTCUSDT","BTC-260718-65000-C","2026-07-18","65000","CALL","1h","2026-07-18 07:00:00","2026-07-18 15:00:00","5.000","5.000","5.000","5.000","0.00","2026-07-18 07:59:59","2026-07-18 15:59:59","0.00000","0","0.00","0.00000"
"all-available","Asia/Taipei","BTCUSDT","BTC-260718-65000-P","2026-07-18","65000","PUT","1h","2026-07-15 10:00:00","2026-07-15 18:00:00","895.000","900.000","895.000","900.000","2.10","2026-07-15 10:59:59","2026-07-15 18:59:59","1888.55000","3","0.00","0.00000"
"all-available","Asia/Taipei","BTCUSDT","BTC-260718-65000-P","2026-07-18","65000","PUT","1h","2026-07-15 11:00:00","2026-07-15 19:00:00","900.000","900.000","900.000","900.000","0.00","2026-07-15 11:59:59","2026-07-15 19:59:59","0.00000","0","0.00","0.00000"
"all-available","Asia/Taipei","BTCUSDT","BTC-260718-65000-P","2026-07-18","65000","PUT","1h","2026-07-15 12:00:00","2026-07-15 20:00:00","900.000","900.000","900.000","900.000","0.00","2026-07-15 12:59:59","2026-07-15 20:59:59","0.00000","0","0.00","0.00000"
"all-available","Asia/Taipei","BTCUSDT","BTC-260718-65000-P","2026-07-18","65000","PUT","1h","2026-07-15 13:00:00","2026-07-15 21:00:00","650.000","700.000","575.000","700.000","0.07","2026-07-15 13:59:59","2026-07-15 21:59:59","42.25000","3","0.01","7.00000"
"all-available","Asia/Taipei","BTCUSDT","BTC-260718-65000-P","2026-07-18","65000","PUT","1h","2026-07-15 14:00:00","2026-07-15 22:00:00","625.000","645.000","610.000","645.000","1.66","2026-07-15 14:59:59","2026-07-15 22:59:59","1063.20000","3","0.20","125.00000"
"all-available","Asia/Taipei","BTCUSDT","BTC-260718-65000-P","2026-07-18","65000","PUT","1h","2026-07-15 15:00:00","2026-07-15 23:00:00","590.000","590.000","530.000","530.000","0.22","2026-07-15 15:59:59","2026-07-15 23:59:59","128.40000","4","0.16","93.30000"
"all-available","Asia/Taipei","BTCUSDT","BTC-260718-65000-P","2026-07-18","65000","PUT","1h","2026-07-15 16:00:00","2026-07-16 00:00:00","545.000","640.000","545.000","640.000","4.18","2026-07-15 16:59:59","2026-07-16 00:59:59","2665.75000","4","4.18","2665.75000"
"all-available","Asia/Taipei","BTCUSDT","BTC-260718-65000-P","2026-07-18","65000","PUT","1h","2026-07-15 17:00:00","2026-07-16 01:00:00","655.000","695.000","605.000","605.000","1.63","2026-07-15 17:59:59","2026-07-16 01:59:59","1066.95000","5","1.46","959.10000"
"all-available","Asia/Taipei","BTCUSDT","BTC-260718-65000-P","2026-07-18","65000","PUT","1h","2026-07-15 18:00:00","2026-07-16 02:00:00","665.000","665.000","665.000","665.000","0.02","2026-07-15 18:59:59","2026-07-16 02:59:59","13.30000","1","0.00","0.00000"
"all-available","Asia/Taipei","BTCUSDT","BTC-260718-65000-P","2026-07-18","65000","PUT","1h","2026-07-15 19:00:00","2026-07-16 03:00:00","665.000","665.000","665.000","665.000","0.00","2026-07-15 19:59:59","2026-07-16 03:59:59","0.00000","0","0.00","0.00000"
"all-available","Asia/Taipei","BTCUSDT","BTC-260718-65000-P","2026-07-18","65000","PUT","1h","2026-07-15 20:00:00","2026-07-16 04:00:00","665.000","665.000","665.000","665.000","0.00","2026-07-15 20:59:59","2026-07-16 04:59:59","0.00000","0","0.00","0.00000"
"all-available","Asia/Taipei","BTCUSDT","BTC-260718-65000-P","2026-07-18","65000","PUT","1h","2026-07-15 21:00:00","2026-07-16 05:00:00","665.000","665.000","665.000","665.000","0.00","2026-07-15 21:59:59","2026-07-16 05:59:59","0.00000","0","0.00","0.00000"
"all-available","Asia/Taipei","BTCUSDT","BTC-260718-65000-P","2026-07-18","65000","PUT","1h","2026-07-15 22:00:00","2026-07-16 06:00:00","710.000","710.000","710.000","710.000","0.01","2026-07-15 22:59:59","2026-07-16 06:59:59","7.10000","1","0.00","0.00000"
"all-available","Asia/Taipei","BTCUSDT","BTC-260718-65000-P","2026-07-18","65000","PUT","1h","2026-07-15 23:00:00","2026-07-16 07:00:00","710.000","710.000","710.000","710.000","0.00","2026-07-15 23:59:59","2026-07-16 07:59:59","0.00000","0","0.00","0.00000"
"all-available","Asia/Taipei","BTCUSDT","BTC-260718-65000-P","2026-07-18","65000","PUT","1h","2026-07-16 00:00:00","2026-07-16 08:00:00","710.000","710.000","710.000","710.000","0.00","2026-07-16 00:59:59","2026-07-16 08:59:59","0.00000","0","0.00","0.00000"
"all-available","Asia/Taipei","BTCUSDT","BTC-260718-65000-P","2026-07-18","65000","PUT","1h","2026-07-16 01:00:00","2026-07-16 09:00:00","945.000","945.000","945.000","945.000","2.00","2026-07-16 01:59:59","2026-07-16 09:59:59","1890.00000","2","2.00","1890.00000"
"all-available","Asia/Taipei","BTCUSDT","BTC-260718-65000-P","2026-07-18","65000","PUT","1h","2026-07-16 02:00:00","2026-07-16 10:00:00","835.000","835.000","835.000","835.000","0.01","2026-07-16 02:59:59","2026-07-16 10:59:59","8.35000","1","0.00","0.00000"
"all-available","Asia/Taipei","BTCUSDT","BTC-260718-65000-P","2026-07-18","65000","PUT","1h","2026-07-16 03:00:00","2026-07-16 11:00:00","835.000","835.000","835.000","835.000","0.00","2026-07-16 03:59:59","2026-07-16 11:59:59","0.00000","0","0.00","0.00000"
"all-available","Asia/Taipei","BTCUSDT","BTC-260718-65000-P","2026-07-18","65000","PUT","1h","2026-07-16 04:00:00","2026-07-16 12:00:00","835.000","835.000","835.000","835.000","0.00","2026-07-16 04:59:59","2026-07-16 12:59:59","0.00000","0","0.00","0.00000"
"all-available","Asia/Taipei","BTCUSDT","BTC-260718-65000-P","2026-07-18","65000","PUT","1h","2026-07-16 05:00:00","2026-07-16 13:00:00","835.000","835.000","835.000","835.000","0.00","2026-07-16 05:59:59","2026-07-16 13:59:59","0.00000","0","0.00","0.00000"
"all-available","Asia/Taipei","BTCUSDT","BTC-260718-65000-P","2026-07-18","65000","PUT","1h","2026-07-16 06:00:00","2026-07-16 14:00:00","835.000","835.000","835.000","835.000","0.00","2026-07-16 06:59:59","2026-07-16 14:59:59","0.00000","0","0.00","0.00000"
"all-available","Asia/Taipei","BTCUSDT","BTC-260718-65000-P","2026-07-18","65000","PUT","1h","2026-07-16 07:00:00","2026-07-16 15:00:00","730.000","1045.000","730.000","1045.000","1.83","2026-07-16 07:59:59","2026-07-16 15:59:59","1584.70000","3","0.62","647.90000"
"all-available","Asia/Taipei","BTCUSDT","BTC-260718-65000-P","2026-07-18","65000","PUT","1h","2026-07-16 08:00:00","2026-07-16 16:00:00","1075.000","1075.000","1075.000","1075.000","2.69","2026-07-16 08:59:59","2026-07-16 16:59:59","2891.75000","1","2.69","2891.75000"
"all-available","Asia/Taipei","BTCUSDT","BTC-260718-65000-P","2026-07-18","65000","PUT","1h","2026-07-16 09:00:00","2026-07-16 17:00:00","1075.000","1075.000","1075.000","1075.000","0.00","2026-07-16 09:59:59","2026-07-16 17:59:59","0.00000","0","0.00","0.00000"
"all-available","Asia/Taipei","BTCUSDT","BTC-260718-65000-P","2026-07-18","65000","PUT","1h","2026-07-16 10:00:00","2026-07-16 18:00:00","1075.000","1075.000","1075.000","1075.000","0.01","2026-07-16 10:59:59","2026-07-16 18:59:59","10.75000","1","0.01","10.75000"
"all-available","Asia/Taipei","BTCUSDT","BTC-260718-65000-P","2026-07-18","65000","PUT","1h","2026-07-16 11:00:00","2026-07-16 19:00:00","1075.000","1075.000","1075.000","1075.000","0.00","2026-07-16 11:59:59","2026-07-16 19:59:59","0.00000","0","0.00","0.00000"
"all-available","Asia/Taipei","BTCUSDT","BTC-260718-65000-P","2026-07-18","65000","PUT","1h","2026-07-16 12:00:00","2026-07-16 20:00:00","1275.000","1275.000","1275.000","1275.000","0.11","2026-07-16 12:59:59","2026-07-16 20:59:59","140.25000","1","0.00","0.00000"
"all-available","Asia/Taipei","BTCUSDT","BTC-260718-65000-P","2026-07-18","65000","PUT","1h","2026-07-16 13:00:00","2026-07-16 21:00:00","1275.000","1275.000","1275.000","1275.000","0.00","2026-07-16 13:59:59","2026-07-16 21:59:59","0.00000","0","0.00","0.00000"
"all-available","Asia/Taipei","BTCUSDT","BTC-260718-65000-P","2026-07-18","65000","PUT","1h","2026-07-16 14:00:00","2026-07-16 22:00:00","645.000","775.000","645.000","775.000","2.01","2026-07-16 14:59:59","2026-07-16 22:59:59","1297.75000","3","2.01","1297.75000"
"all-available","Asia/Taipei","BTCUSDT","BTC-260718-65000-P","2026-07-18","65000","PUT","1h","2026-07-16 15:00:00","2026-07-16 23:00:00","810.000","810.000","810.000","810.000","1.03","2026-07-16 15:59:59","2026-07-16 23:59:59","834.30000","1","0.00","0.00000"
"all-available","Asia/Taipei","BTCUSDT","BTC-260718-65000-P","2026-07-18","65000","PUT","1h","2026-07-16 16:00:00","2026-07-17 00:00:00","825.000","825.000","825.000","825.000","0.01","2026-07-16 16:59:59","2026-07-17 00:59:59","8.25000","1","0.01","8.25000"
"all-available","Asia/Taipei","BTCUSDT","BTC-260718-65000-P","2026-07-18","65000","PUT","1h","2026-07-16 17:00:00","2026-07-17 01:00:00","825.000","825.000","825.000","825.000","0.00","2026-07-16 17:59:59","2026-07-17 01:59:59","0.00000","0","0.00","0.00000"
"all-available","Asia/Taipei","BTCUSDT","BTC-260718-65000-P","2026-07-18","65000","PUT","1h","2026-07-16 18:00:00","2026-07-17 02:00:00","825.000","825.000","825.000","825.000","0.00","2026-07-16 18:59:59","2026-07-17 02:59:59","0.00000","0","0.00","0.00000"
"all-available","Asia/Taipei","BTCUSDT","BTC-260718-65000-P","2026-07-18","65000","PUT","1h","2026-07-16 19:00:00","2026-07-17 03:00:00","825.000","825.000","825.000","825.000","0.00","2026-07-16 19:59:59","2026-07-17 03:59:59","0.00000","0","0.00","0.00000"
"all-available","Asia/Taipei","BTCUSDT","BTC-260718-65000-P","2026-07-18","65000","PUT","1h","2026-07-16 20:00:00","2026-07-17 04:00:00","825.000","825.000","825.000","825.000","0.00","2026-07-16 20:59:59","2026-07-17 04:59:59","0.00000","0","0.00","0.00000"
"all-available","Asia/Taipei","BTCUSDT","BTC-260718-65000-P","2026-07-18","65000","PUT","1h","2026-07-16 21:00:00","2026-07-17 05:00:00","995.000","995.000","995.000","995.000","0.14","2026-07-16 21:59:59","2026-07-17 05:59:59","139.30000","1","0.14","139.30000"
"all-available","Asia/Taipei","BTCUSDT","BTC-260718-65000-P","2026-07-18","65000","PUT","1h","2026-07-16 22:00:00","2026-07-17 06:00:00","995.000","995.000","995.000","995.000","0.00","2026-07-16 22:59:59","2026-07-17 06:59:59","0.00000","0","0.00","0.00000"
"all-available","Asia/Taipei","BTCUSDT","BTC-260718-65000-P","2026-07-18","65000","PUT","1h","2026-07-16 23:00:00","2026-07-17 07:00:00","1285.000","1285.000","1285.000","1285.000","0.02","2026-07-16 23:59:59","2026-07-17 07:59:59","25.70000","1","0.00","0.00000"
"all-available","Asia/Taipei","BTCUSDT","BTC-260718-65000-P","2026-07-18","65000","PUT","1h","2026-07-17 00:00:00","2026-07-17 08:00:00","1210.000","1335.000","1210.000","1335.000","0.26","2026-07-17 00:59:59","2026-07-17 08:59:59","315.85000","2","0.01","13.35000"
"all-available","Asia/Taipei","BTCUSDT","BTC-260718-65000-P","2026-07-18","65000","PUT","1h","2026-07-17 01:00:00","2026-07-17 09:00:00","1335.000","1335.000","1335.000","1335.000","0.00","2026-07-17 01:59:59","2026-07-17 09:59:59","0.00000","0","0.00","0.00000"
"all-available","Asia/Taipei","BTCUSDT","BTC-260718-65000-P","2026-07-18","65000","PUT","1h","2026-07-17 02:00:00","2026-07-17 10:00:00","1525.000","1525.000","1460.000","1460.000","4.73","2026-07-17 02:59:59","2026-07-17 10:59:59","6969.45000","6","0.00","0.00000"
"all-available","Asia/Taipei","BTCUSDT","BTC-260718-65000-P","2026-07-18","65000","PUT","1h","2026-07-17 03:00:00","2026-07-17 11:00:00","1460.000","1460.000","1460.000","1460.000","0.00","2026-07-17 03:59:59","2026-07-17 11:59:59","0.00000","0","0.00","0.00000"
"all-available","Asia/Taipei","BTCUSDT","BTC-260718-65000-P","2026-07-18","65000","PUT","1h","2026-07-17 04:00:00","2026-07-17 12:00:00","1460.000","1460.000","1460.000","1460.000","0.00","2026-07-17 04:59:59","2026-07-17 12:59:59","0.00000","0","0.00","0.00000"
"all-available","Asia/Taipei","BTCUSDT","BTC-260718-65000-P","2026-07-18","65000","PUT","1h","2026-07-17 05:00:00","2026-07-17 13:00:00","2000.000","2000.000","2000.000","2000.000","0.20","2026-07-17 05:59:59","2026-07-17 13:59:59","400.00000","1","0.20","400.00000"
"all-available","Asia/Taipei","BTCUSDT","BTC-260718-65000-P","2026-07-18","65000","PUT","1h","2026-07-17 06:00:00","2026-07-17 14:00:00","2000.000","2000.000","2000.000","2000.000","0.00","2026-07-17 06:59:59","2026-07-17 14:59:59","0.00000","0","0.00","0.00000"
"all-available","Asia/Taipei","BTCUSDT","BTC-260718-65000-P","2026-07-18","65000","PUT","1h","2026-07-17 07:00:00","2026-07-17 15:00:00","2000.000","2000.000","2000.000","2000.000","0.00","2026-07-17 07:59:59","2026-07-17 15:59:59","0.00000","0","0.00","0.00000"
"all-available","Asia/Taipei","BTCUSDT","BTC-260718-65000-P","2026-07-18","65000","PUT","1h","2026-07-17 08:00:00","2026-07-17 16:00:00","2000.000","2000.000","2000.000","2000.000","0.00","2026-07-17 08:59:59","2026-07-17 16:59:59","0.00000","0","0.00","0.00000"
"all-available","Asia/Taipei","BTCUSDT","BTC-260718-65000-P","2026-07-18","65000","PUT","1h","2026-07-17 09:00:00","2026-07-17 17:00:00","2000.000","2000.000","2000.000","2000.000","0.00","2026-07-17 09:59:59","2026-07-17 17:59:59","0.00000","0","0.00","0.00000"
"all-available","Asia/Taipei","BTCUSDT","BTC-260718-65000-P","2026-07-18","65000","PUT","1h","2026-07-17 10:00:00","2026-07-17 18:00:00","2000.000","2000.000","2000.000","2000.000","0.00","2026-07-17 10:59:59","2026-07-17 18:59:59","0.00000","0","0.00","0.00000"
"all-available","Asia/Taipei","BTCUSDT","BTC-260718-65000-P","2026-07-18","65000","PUT","1h","2026-07-17 11:00:00","2026-07-17 19:00:00","2000.000","2000.000","2000.000","2000.000","0.00","2026-07-17 11:59:59","2026-07-17 19:59:59","0.00000","0","0.00","0.00000"
"all-available","Asia/Taipei","BTCUSDT","BTC-260718-65000-P","2026-07-18","65000","PUT","1h","2026-07-17 12:00:00","2026-07-17 20:00:00","2000.000","2000.000","2000.000","2000.000","0.00","2026-07-17 12:59:59","2026-07-17 20:59:59","0.00000","0","0.00","0.00000"
"all-available","Asia/Taipei","BTCUSDT","BTC-260718-65000-P","2026-07-18","65000","PUT","1h","2026-07-17 13:00:00","2026-07-17 21:00:00","2000.000","2000.000","2000.000","2000.000","0.00","2026-07-17 13:59:59","2026-07-17 21:59:59","0.00000","0","0.00","0.00000"
"all-available","Asia/Taipei","BTCUSDT","BTC-260718-65000-P","2026-07-18","65000","PUT","1h","2026-07-17 14:00:00","2026-07-17 22:00:00","2000.000","2000.000","2000.000","2000.000","0.00","2026-07-17 14:59:59","2026-07-17 22:59:59","0.00000","0","0.00","0.00000"
"all-available","Asia/Taipei","BTCUSDT","BTC-260718-65000-P","2026-07-18","65000","PUT","1h","2026-07-17 15:00:00","2026-07-17 23:00:00","2000.000","2000.000","2000.000","2000.000","0.00","2026-07-17 15:59:59","2026-07-17 23:59:59","0.00000","0","0.00","0.00000"
"all-available","Asia/Taipei","BTCUSDT","BTC-260718-65000-P","2026-07-18","65000","PUT","1h","2026-07-17 16:00:00","2026-07-18 00:00:00","2000.000","2000.000","2000.000","2000.000","0.00","2026-07-17 16:59:59","2026-07-18 00:59:59","0.00000","0","0.00","0.00000"
"all-available","Asia/Taipei","BTCUSDT","BTC-260718-65000-P","2026-07-18","65000","PUT","1h","2026-07-17 17:00:00","2026-07-18 01:00:00","2000.000","2000.000","2000.000","2000.000","0.00","2026-07-17 17:59:59","2026-07-18 01:59:59","0.00000","0","0.00","0.00000"
"all-available","Asia/Taipei","BTCUSDT","BTC-260718-65000-P","2026-07-18","65000","PUT","1h","2026-07-17 18:00:00","2026-07-18 02:00:00","2000.000","2000.000","2000.000","2000.000","0.00","2026-07-17 18:59:59","2026-07-18 02:59:59","0.00000","0","0.00","0.00000"
"all-available","Asia/Taipei","BTCUSDT","BTC-260718-65000-P","2026-07-18","65000","PUT","1h","2026-07-17 19:00:00","2026-07-18 03:00:00","2000.000","2000.000","2000.000","2000.000","0.00","2026-07-17 19:59:59","2026-07-18 03:59:59","0.00000","0","0.00","0.00000"
"all-available","Asia/Taipei","BTCUSDT","BTC-260718-65000-P","2026-07-18","65000","PUT","1h","2026-07-17 20:00:00","2026-07-18 04:00:00","2000.000","2000.000","2000.000","2000.000","0.00","2026-07-17 20:59:59","2026-07-18 04:59:59","0.00000","0","0.00","0.00000"
"all-available","Asia/Taipei","BTCUSDT","BTC-260718-65000-P","2026-07-18","65000","PUT","1h","2026-07-17 21:00:00","2026-07-18 05:00:00","2000.000","2000.000","2000.000","2000.000","0.00","2026-07-17 21:59:59","2026-07-18 05:59:59","0.00000","0","0.00","0.00000"
"all-available","Asia/Taipei","BTCUSDT","BTC-260718-65000-P","2026-07-18","65000","PUT","1h","2026-07-17 22:00:00","2026-07-18 06:00:00","2000.000","2000.000","2000.000","2000.000","0.00","2026-07-17 22:59:59","2026-07-18 06:59:59","0.00000","0","0.00","0.00000"
"all-available","Asia/Taipei","BTCUSDT","BTC-260718-65000-P","2026-07-18","65000","PUT","1h","2026-07-17 23:00:00","2026-07-18 07:00:00","2000.000","2000.000","2000.000","2000.000","0.00","2026-07-17 23:59:59","2026-07-18 07:59:59","0.00000","0","0.00","0.00000"
"all-available","Asia/Taipei","BTCUSDT","BTC-260718-65000-P","2026-07-18","65000","PUT","1h","2026-07-18 00:00:00","2026-07-18 08:00:00","2000.000","2000.000","2000.000","2000.000","0.00","2026-07-18 00:59:59","2026-07-18 08:59:59","0.00000","0","0.00","0.00000"
"all-available","Asia/Taipei","BTCUSDT","BTC-260718-65000-P","2026-07-18","65000","PUT","1h","2026-07-18 01:00:00","2026-07-18 09:00:00","2000.000","2000.000","2000.000","2000.000","0.00","2026-07-18 01:59:59","2026-07-18 09:59:59","0.00000","0","0.00","0.00000"
"all-available","Asia/Taipei","BTCUSDT","BTC-260718-65000-P","2026-07-18","65000","PUT","1h","2026-07-18 02:00:00","2026-07-18 10:00:00","2000.000","2000.000","2000.000","2000.000","0.00","2026-07-18 02:59:59","2026-07-18 10:59:59","0.00000","0","0.00","0.00000"
"all-available","Asia/Taipei","BTCUSDT","BTC-260718-65000-P","2026-07-18","65000","PUT","1h","2026-07-18 03:00:00","2026-07-18 11:00:00","2000.000","2000.000","2000.000","2000.000","0.00","2026-07-18 03:59:59","2026-07-18 11:59:59","0.00000","0","0.00","0.00000"
"all-available","Asia/Taipei","BTCUSDT","BTC-260718-65000-P","2026-07-18","65000","PUT","1h","2026-07-18 04:00:00","2026-07-18 12:00:00","2000.000","2000.000","2000.000","2000.000","0.00","2026-07-18 04:59:59","2026-07-18 12:59:59","0.00000","0","0.00","0.00000"
"all-available","Asia/Taipei","BTCUSDT","BTC-260718-65000-P","2026-07-18","65000","PUT","1h","2026-07-18 05:00:00","2026-07-18 13:00:00","2000.000","2000.000","2000.000","2000.000","0.00","2026-07-18 05:59:59","2026-07-18 13:59:59","0.00000","0","0.00","0.00000"
"all-available","Asia/Taipei","BTCUSDT","BTC-260718-65000-P","2026-07-18","65000","PUT","1h","2026-07-18 06:00:00","2026-07-18 14:00:00","2000.000","2000.000","2000.000","2000.000","0.00","2026-07-18 06:59:59","2026-07-18 14:59:59","0.00000","0","0.00","0.00000"
"all-available","Asia/Taipei","BTCUSDT","BTC-260718-65000-P","2026-07-18","65000","PUT","1h","2026-07-18 07:00:00","2026-07-18 15:00:00","2000.000","2000.000","2000.000","2000.000","0.00","2026-07-18 07:59:59","2026-07-18 15:59:59","0.00000","0","0.00","0.00000"
"all-available","Asia/Taipei","BTCUSDT","BTC-260718-65500-C","2026-07-18","65500","CALL","1h","2026-07-15 10:00:00","2026-07-15 18:00:00","390.000","390.000","390.000","390.000","0.49","2026-07-15 10:59:59","2026-07-15 18:59:59","191.10000","1","0.49","191.10000"
"all-available","Asia/Taipei","BTCUSDT","BTC-260718-65500-C","2026-07-18","65500","CALL","1h","2026-07-15 11:00:00","2026-07-15 19:00:00","380.000","380.000","380.000","380.000","0.01","2026-07-15 11:59:59","2026-07-15 19:59:59","3.80000","1","0.01","3.80000"
"all-available","Asia/Taipei","BTCUSDT","BTC-260718-65500-C","2026-07-18","65500","CALL","1h","2026-07-15 12:00:00","2026-07-15 20:00:00","380.000","380.000","380.000","380.000","0.00","2026-07-15 12:59:59","2026-07-15 20:59:59","0.00000","0","0.00","0.00000"
"all-available","Asia/Taipei","BTCUSDT","BTC-260718-65500-C","2026-07-18","65500","CALL","1h","2026-07-15 13:00:00","2026-07-15 21:00:00","705.000","765.000","520.000","520.000","2.74","2026-07-15 13:59:59","2026-07-15 21:59:59","1749.30000","4","2.65","1683.25000"
"all-available","Asia/Taipei","BTCUSDT","BTC-260718-65500-C","2026-07-18","65500","CALL","1h","2026-07-15 14:00:00","2026-07-15 22:00:00","625.000","710.000","605.000","605.000","7.50","2026-07-15 14:59:59","2026-07-15 22:59:59","4851.60000","8","7.26","4705.80000"
"all-available","Asia/Taipei","BTCUSDT","BTC-260718-65500-C","2026-07-18","65500","CALL","1h","2026-07-15 15:00:00","2026-07-15 23:00:00","700.000","725.000","700.000","725.000","2.00","2026-07-15 15:59:59","2026-07-15 23:59:59","1425.00000","2","0.00","0.00000"
"all-available","Asia/Taipei","BTCUSDT","BTC-260718-65500-C","2026-07-18","65500","CALL","1h","2026-07-15 16:00:00","2026-07-16 00:00:00","560.000","560.000","535.000","535.000","1.55","2026-07-15 16:59:59","2026-07-16 00:59:59","860.50000","5","1.09","610.40000"
"all-available","Asia/Taipei","BTCUSDT","BTC-260718-65500-C","2026-07-18","65500","CALL","1h","2026-07-15 17:00:00","2026-07-16 01:00:00","515.000","515.000","485.000","505.000","12.30","2026-07-15 17:59:59","2026-07-16 01:59:59","6211.20000","4","0.03","15.15000"
"all-available","Asia/Taipei","BTCUSDT","BTC-260718-65500-C","2026-07-18","65500","CALL","1h","2026-07-15 18:00:00","2026-07-16 02:00:00","505.000","505.000","505.000","505.000","0.00","2026-07-15 18:59:59","2026-07-16 02:59:59","0.00000","0","0.00","0.00000"
"all-available","Asia/Taipei","BTCUSDT","BTC-260718-65500-C","2026-07-18","65500","CALL","1h","2026-07-15 19:00:00","2026-07-16 03:00:00","420.000","420.000","420.000","420.000","0.19","2026-07-15 19:59:59","2026-07-16 03:59:59","79.80000","1","0.19","79.80000"
"all-available","Asia/Taipei","BTCUSDT","BTC-260718-65500-C","2026-07-18","65500","CALL","1h","2026-07-15 20:00:00","2026-07-16 04:00:00","420.000","420.000","420.000","420.000","0.00","2026-07-15 20:59:59","2026-07-16 04:59:59","0.00000","0","0.00","0.00000"
"all-available","Asia/Taipei","BTCUSDT","BTC-260718-65500-C","2026-07-18","65500","CALL","1h","2026-07-15 21:00:00","2026-07-16 05:00:00","420.000","420.000","420.000","420.000","0.00","2026-07-15 21:59:59","2026-07-16 05:59:59","0.00000","0","0.00","0.00000"
"all-available","Asia/Taipei","BTCUSDT","BTC-260718-65500-C","2026-07-18","65500","CALL","1h","2026-07-15 22:00:00","2026-07-16 06:00:00","420.000","420.000","420.000","420.000","0.00","2026-07-15 22:59:59","2026-07-16 06:59:59","0.00000","0","0.00","0.00000"
"all-available","Asia/Taipei","BTCUSDT","BTC-260718-65500-C","2026-07-18","65500","CALL","1h","2026-07-15 23:00:00","2026-07-16 07:00:00","340.000","340.000","340.000","340.000","0.50","2026-07-15 23:59:59","2026-07-16 07:59:59","170.00000","1","0.50","170.00000"
"all-available","Asia/Taipei","BTCUSDT","BTC-260718-65500-C","2026-07-18","65500","CALL","1h","2026-07-16 00:00:00","2026-07-16 08:00:00","350.000","350.000","285.000","285.000","0.25","2026-07-16 00:59:59","2026-07-16 08:59:59","84.25000","2","0.20","70.00000"
"all-available","Asia/Taipei","BTCUSDT","BTC-260718-65500-C","2026-07-18","65500","CALL","1h","2026-07-16 01:00:00","2026-07-16 09:00:00","280.000","280.000","280.000","280.000","0.05","2026-07-16 01:59:59","2026-07-16 09:59:59","14.00000","1","0.00","0.00000"
"all-available","Asia/Taipei","BTCUSDT","BTC-260718-65500-C","2026-07-18","65500","CALL","1h","2026-07-16 02:00:00","2026-07-16 10:00:00","280.000","280.000","280.000","280.000","0.00","2026-07-16 02:59:59","2026-07-16 10:59:59","0.00000","0","0.00","0.00000"
"all-available","Asia/Taipei","BTCUSDT","BTC-260718-65500-C","2026-07-18","65500","CALL","1h","2026-07-16 03:00:00","2026-07-16 11:00:00","280.000","280.000","280.000","280.000","0.00","2026-07-16 03:59:59","2026-07-16 11:59:59","0.00000","0","0.00","0.00000"
"all-available","Asia/Taipei","BTCUSDT","BTC-260718-65500-C","2026-07-18","65500","CALL","1h","2026-07-16 04:00:00","2026-07-16 12:00:00","275.000","275.000","275.000","275.000","0.08","2026-07-16 04:59:59","2026-07-16 12:59:59","22.00000","1","0.00","0.00000"
"all-available","Asia/Taipei","BTCUSDT","BTC-260718-65500-C","2026-07-18","65500","CALL","1h","2026-07-16 05:00:00","2026-07-16 13:00:00","275.000","275.000","275.000","275.000","0.00","2026-07-16 05:59:59","2026-07-16 13:59:59","0.00000","0","0.00","0.00000"
"all-available","Asia/Taipei","BTCUSDT","BTC-260718-65500-C","2026-07-18","65500","CALL","1h","2026-07-16 06:00:00","2026-07-16 14:00:00","275.000","275.000","275.000","275.000","0.00","2026-07-16 06:59:59","2026-07-16 14:59:59","0.00000","0","0.00","0.00000"
"all-available","Asia/Taipei","BTCUSDT","BTC-260718-65500-C","2026-07-18","65500","CALL","1h","2026-07-16 07:00:00","2026-07-16 15:00:00","235.000","235.000","195.000","195.000","1.01","2026-07-16 07:59:59","2026-07-16 15:59:59","199.30000","3","0.03","6.60000"
"all-available","Asia/Taipei","BTCUSDT","BTC-260718-65500-C","2026-07-18","65500","CALL","1h","2026-07-16 08:00:00","2026-07-16 16:00:00","200.000","200.000","155.000","195.000","5.43","2026-07-16 08:59:59","2026-07-16 16:59:59","1071.05000","9","0.32","53.00000"
"all-available","Asia/Taipei","BTCUSDT","BTC-260718-65500-C","2026-07-18","65500","CALL","1h","2026-07-16 09:00:00","2026-07-16 17:00:00","195.000","195.000","195.000","195.000","0.00","2026-07-16 09:59:59","2026-07-16 17:59:59","0.00000","0","0.00","0.00000"
"all-available","Asia/Taipei","BTCUSDT","BTC-260718-65500-C","2026-07-18","65500","CALL","1h","2026-07-16 10:00:00","2026-07-16 18:00:00","165.000","165.000","160.000","160.000","0.36","2026-07-16 10:59:59","2026-07-16 18:59:59","59.35000","3","0.35","57.75000"
"all-available","Asia/Taipei","BTCUSDT","BTC-260718-65500-C","2026-07-18","65500","CALL","1h","2026-07-16 11:00:00","2026-07-16 19:00:00","170.000","170.000","170.000","170.000","0.34","2026-07-16 11:59:59","2026-07-16 19:59:59","57.80000","1","0.00","0.00000"
"all-available","Asia/Taipei","BTCUSDT","BTC-260718-65500-C","2026-07-18","65500","CALL","1h","2026-07-16 12:00:00","2026-07-16 20:00:00","175.000","175.000","175.000","175.000","0.01","2026-07-16 12:59:59","2026-07-16 20:59:59","1.75000","1","0.00","0.00000"
"all-available","Asia/Taipei","BTCUSDT","BTC-260718-65500-C","2026-07-18","65500","CALL","1h","2026-07-16 13:00:00","2026-07-16 21:00:00","135.000","200.000","135.000","200.000","5.01","2026-07-16 13:59:59","2026-07-16 21:59:59","677.00000","4","0.01","2.00000"
"all-available","Asia/Taipei","BTCUSDT","BTC-260718-65500-C","2026-07-18","65500","CALL","1h","2026-07-16 14:00:00","2026-07-16 22:00:00","230.000","275.000","180.000","180.000","4.06","2026-07-16 14:59:59","2026-07-16 22:59:59","1010.65000","54","1.65","392.10000"
"all-available","Asia/Taipei","BTCUSDT","BTC-260718-65500-C","2026-07-18","65500","CALL","1h","2026-07-16 15:00:00","2026-07-16 23:00:00","180.000","180.000","180.000","180.000","0.00","2026-07-16 15:59:59","2026-07-16 23:59:59","0.00000","0","0.00","0.00000"
"all-available","Asia/Taipei","BTCUSDT","BTC-260718-65500-C","2026-07-18","65500","CALL","1h","2026-07-16 16:00:00","2026-07-17 00:00:00","225.000","225.000","165.000","165.000","3.49","2026-07-16 16:59:59","2026-07-17 00:59:59","629.00000","8","0.50","87.50000"
"all-available","Asia/Taipei","BTCUSDT","BTC-260718-65500-C","2026-07-18","65500","CALL","1h","2026-07-16 17:00:00","2026-07-17 01:00:00","145.000","145.000","110.000","110.000","0.86","2026-07-16 17:59:59","2026-07-17 01:59:59","122.95000","2","0.00","0.00000"
"all-available","Asia/Taipei","BTCUSDT","BTC-260718-65500-C","2026-07-18","65500","CALL","1h","2026-07-16 18:00:00","2026-07-17 02:00:00","110.000","110.000","110.000","110.000","0.00","2026-07-16 18:59:59","2026-07-17 02:59:59","0.00000","0","0.00","0.00000"
"all-available","Asia/Taipei","BTCUSDT","BTC-260718-65500-C","2026-07-18","65500","CALL","1h","2026-07-16 19:00:00","2026-07-17 03:00:00","110.000","110.000","110.000","110.000","0.00","2026-07-16 19:59:59","2026-07-17 03:59:59","0.00000","0","0.00","0.00000"
"all-available","Asia/Taipei","BTCUSDT","BTC-260718-65500-C","2026-07-18","65500","CALL","1h","2026-07-16 20:00:00","2026-07-17 04:00:00","110.000","110.000","110.000","110.000","0.00","2026-07-16 20:59:59","2026-07-17 04:59:59","0.00000","0","0.00","0.00000"
"all-available","Asia/Taipei","BTCUSDT","BTC-260718-65500-C","2026-07-18","65500","CALL","1h","2026-07-16 21:00:00","2026-07-17 05:00:00","110.000","110.000","110.000","110.000","0.03","2026-07-16 21:59:59","2026-07-17 05:59:59","3.30000","1","0.03","3.30000"
"all-available","Asia/Taipei","BTCUSDT","BTC-260718-65500-C","2026-07-18","65500","CALL","1h","2026-07-16 22:00:00","2026-07-17 06:00:00","90.000","90.000","90.000","90.000","0.05","2026-07-16 22:59:59","2026-07-17 06:59:59","4.50000","1","0.00","0.00000"
"all-available","Asia/Taipei","BTCUSDT","BTC-260718-65500-C","2026-07-18","65500","CALL","1h","2026-07-16 23:00:00","2026-07-17 07:00:00","55.000","55.000","55.000","55.000","0.25","2026-07-16 23:59:59","2026-07-17 07:59:59","13.75000","4","0.00","0.00000"
"all-available","Asia/Taipei","BTCUSDT","BTC-260718-65500-C","2026-07-18","65500","CALL","1h","2026-07-17 00:00:00","2026-07-17 08:00:00","45.000","50.000","45.000","50.000","9.20","2026-07-17 00:59:59","2026-07-17 08:59:59","443.65000","3","9.20","443.65000"
"all-available","Asia/Taipei","BTCUSDT","BTC-260718-65500-C","2026-07-18","65500","CALL","1h","2026-07-17 01:00:00","2026-07-17 09:00:00","55.000","60.000","35.000","35.000","9.43","2026-07-17 01:59:59","2026-07-17 09:59:59","502.85000","8","4.66","271.85000"
"all-available","Asia/Taipei","BTCUSDT","BTC-260718-65500-C","2026-07-18","65500","CALL","1h","2026-07-17 02:00:00","2026-07-17 10:00:00","35.000","35.000","30.000","30.000","1.20","2026-07-17 02:59:59","2026-07-17 10:59:59","41.25000","8","1.05","36.75000"
"all-available","Asia/Taipei","BTCUSDT","BTC-260718-65500-C","2026-07-18","65500","CALL","1h","2026-07-17 03:00:00","2026-07-17 11:00:00","30.000","30.000","30.000","30.000","2.00","2026-07-17 03:59:59","2026-07-17 11:59:59","60.00000","1","2.00","60.00000"
"all-available","Asia/Taipei","BTCUSDT","BTC-260718-65500-C","2026-07-18","65500","CALL","1h","2026-07-17 04:00:00","2026-07-17 12:00:00","30.000","30.000","25.000","25.000","8.95","2026-07-17 04:59:59","2026-07-17 12:59:59","248.75000","10","5.00","150.00000"
"all-available","Asia/Taipei","BTCUSDT","BTC-260718-65500-C","2026-07-18","65500","CALL","1h","2026-07-17 05:00:00","2026-07-17 13:00:00","20.000","20.000","10.000","10.000","8.10","2026-07-17 05:59:59","2026-07-17 13:59:59","161.35000","12","5.02","100.40000"
"all-available","Asia/Taipei","BTCUSDT","BTC-260718-65500-C","2026-07-18","65500","CALL","1h","2026-07-17 06:00:00","2026-07-17 14:00:00","15.000","20.000","10.000","15.000","4.91","2026-07-17 06:59:59","2026-07-17 14:59:59","75.90000","16","4.76","74.35000"
"all-available","Asia/Taipei","BTCUSDT","BTC-260718-65500-C","2026-07-18","65500","CALL","1h","2026-07-17 07:00:00","2026-07-17 15:00:00","15.000","15.000","15.000","15.000","0.00","2026-07-17 07:59:59","2026-07-17 15:59:59","0.00000","0","0.00","0.00000"
"all-available","Asia/Taipei","BTCUSDT","BTC-260718-65500-C","2026-07-18","65500","CALL","1h","2026-07-17 08:00:00","2026-07-17 16:00:00","10.000","10.000","5.000","10.000","10.82","2026-07-17 08:59:59","2026-07-17 16:59:59","78.55000","7","4.88","48.80000"
"all-available","Asia/Taipei","BTCUSDT","BTC-260718-65500-C","2026-07-18","65500","CALL","1h","2026-07-17 09:00:00","2026-07-17 17:00:00","10.000","10.000","10.000","10.000","0.00","2026-07-17 09:59:59","2026-07-17 17:59:59","0.00000","0","0.00","0.00000"
"all-available","Asia/Taipei","BTCUSDT","BTC-260718-65500-C","2026-07-18","65500","CALL","1h","2026-07-17 10:00:00","2026-07-17 18:00:00","10.000","10.000","10.000","10.000","4.19","2026-07-17 10:59:59","2026-07-17 18:59:59","41.90000","4","4.19","41.90000"
"all-available","Asia/Taipei","BTCUSDT","BTC-260718-65500-C","2026-07-18","65500","CALL","1h","2026-07-17 11:00:00","2026-07-17 19:00:00","10.000","10.000","10.000","10.000","4.60","2026-07-17 11:59:59","2026-07-17 19:59:59","46.00000","2","4.60","46.00000"
"all-available","Asia/Taipei","BTCUSDT","BTC-260718-65500-C","2026-07-18","65500","CALL","1h","2026-07-17 12:00:00","2026-07-17 20:00:00","15.000","15.000","15.000","15.000","1.00","2026-07-17 12:59:59","2026-07-17 20:59:59","15.00000","1","1.00","15.00000"
"all-available","Asia/Taipei","BTCUSDT","BTC-260718-65500-C","2026-07-18","65500","CALL","1h","2026-07-17 13:00:00","2026-07-17 21:00:00","10.000","10.000","5.000","10.000","4.41","2026-07-17 13:59:59","2026-07-17 21:59:59","43.95000","6","0.37","3.70000"
"all-available","Asia/Taipei","BTCUSDT","BTC-260718-65500-C","2026-07-18","65500","CALL","1h","2026-07-17 14:00:00","2026-07-17 22:00:00","10.000","15.000","10.000","10.000","25.63","2026-07-17 14:59:59","2026-07-17 22:59:59","377.35000","26","24.15","362.25000"
"all-available","Asia/Taipei","BTCUSDT","BTC-260718-65500-C","2026-07-18","65500","CALL","1h","2026-07-17 15:00:00","2026-07-17 23:00:00","10.000","10.000","10.000","10.000","0.00","2026-07-17 15:59:59","2026-07-17 23:59:59","0.00000","0","0.00","0.00000"
"all-available","Asia/Taipei","BTCUSDT","BTC-260718-65500-C","2026-07-18","65500","CALL","1h","2026-07-17 16:00:00","2026-07-18 00:00:00","10.000","10.000","10.000","10.000","0.10","2026-07-17 16:59:59","2026-07-18 00:59:59","1.00000","1","0.10","1.00000"
"all-available","Asia/Taipei","BTCUSDT","BTC-260718-65500-C","2026-07-18","65500","CALL","1h","2026-07-17 17:00:00","2026-07-18 01:00:00","10.000","15.000","10.000","10.000","7.64","2026-07-17 17:59:59","2026-07-18 01:59:59","106.45000","20","6.11","89.85000"
"all-available","Asia/Taipei","BTCUSDT","BTC-260718-65500-C","2026-07-18","65500","CALL","1h","2026-07-17 18:00:00","2026-07-18 02:00:00","10.000","15.000","10.000","15.000","1.50","2026-07-17 18:59:59","2026-07-18 02:59:59","17.50000","2","0.50","7.50000"
"all-available","Asia/Taipei","BTCUSDT","BTC-260718-65500-C","2026-07-18","65500","CALL","1h","2026-07-17 19:00:00","2026-07-18 03:00:00","10.000","10.000","10.000","10.000","9.52","2026-07-17 19:59:59","2026-07-18 03:59:59","95.20000","9","0.00","0.00000"
"all-available","Asia/Taipei","BTCUSDT","BTC-260718-65500-C","2026-07-18","65500","CALL","1h","2026-07-17 20:00:00","2026-07-18 04:00:00","5.000","5.000","5.000","5.000","1.93","2026-07-17 20:59:59","2026-07-18 04:59:59","9.65000","4","0.00","0.00000"
"all-available","Asia/Taipei","BTCUSDT","BTC-260718-65500-C","2026-07-18","65500","CALL","1h","2026-07-17 21:00:00","2026-07-18 05:00:00","5.000","5.000","5.000","5.000","0.00","2026-07-17 21:59:59","2026-07-18 05:59:59","0.00000","0","0.00","0.00000"
"all-available","Asia/Taipei","BTCUSDT","BTC-260718-65500-C","2026-07-18","65500","CALL","1h","2026-07-17 22:00:00","2026-07-18 06:00:00","5.000","5.000","5.000","5.000","0.00","2026-07-17 22:59:59","2026-07-18 06:59:59","0.00000","0","0.00","0.00000"
"all-available","Asia/Taipei","BTCUSDT","BTC-260718-65500-C","2026-07-18","65500","CALL","1h","2026-07-17 23:00:00","2026-07-18 07:00:00","5.000","5.000","5.000","5.000","0.32","2026-07-17 23:59:59","2026-07-18 07:59:59","1.60000","2","0.00","0.00000"
"all-available","Asia/Taipei","BTCUSDT","BTC-260718-65500-C","2026-07-18","65500","CALL","1h","2026-07-18 00:00:00","2026-07-18 08:00:00","5.000","5.000","5.000","5.000","0.00","2026-07-18 00:59:59","2026-07-18 08:59:59","0.00000","0","0.00","0.00000"
"all-available","Asia/Taipei","BTCUSDT","BTC-260718-65500-C","2026-07-18","65500","CALL","1h","2026-07-18 01:00:00","2026-07-18 09:00:00","5.000","5.000","5.000","5.000","0.00","2026-07-18 01:59:59","2026-07-18 09:59:59","0.00000","0","0.00","0.00000"
"all-available","Asia/Taipei","BTCUSDT","BTC-260718-65500-C","2026-07-18","65500","CALL","1h","2026-07-18 02:00:00","2026-07-18 10:00:00","5.000","5.000","5.000","5.000","0.00","2026-07-18 02:59:59","2026-07-18 10:59:59","0.00000","0","0.00","0.00000"
"all-available","Asia/Taipei","BTCUSDT","BTC-260718-65500-C","2026-07-18","65500","CALL","1h","2026-07-18 03:00:00","2026-07-18 11:00:00","5.000","5.000","5.000","5.000","0.33","2026-07-18 03:59:59","2026-07-18 11:59:59","1.65000","4","0.33","1.65000"
"all-available","Asia/Taipei","BTCUSDT","BTC-260718-65500-C","2026-07-18","65500","CALL","1h","2026-07-18 04:00:00","2026-07-18 12:00:00","5.000","5.000","5.000","5.000","0.00","2026-07-18 04:59:59","2026-07-18 12:59:59","0.00000","0","0.00","0.00000"
"all-available","Asia/Taipei","BTCUSDT","BTC-260718-65500-C","2026-07-18","65500","CALL","1h","2026-07-18 05:00:00","2026-07-18 13:00:00","5.000","5.000","5.000","5.000","0.00","2026-07-18 05:59:59","2026-07-18 13:59:59","0.00000","0","0.00","0.00000"
"all-available","Asia/Taipei","BTCUSDT","BTC-260718-65500-C","2026-07-18","65500","CALL","1h","2026-07-18 06:00:00","2026-07-18 14:00:00","5.000","5.000","5.000","5.000","0.00","2026-07-18 06:59:59","2026-07-18 14:59:59","0.00000","0","0.00","0.00000"
"all-available","Asia/Taipei","BTCUSDT","BTC-260718-65500-C","2026-07-18","65500","CALL","1h","2026-07-18 07:00:00","2026-07-18 15:00:00","5.000","5.000","5.000","5.000","0.00","2026-07-18 07:59:59","2026-07-18 15:59:59","0.00000","0","0.00","0.00000"
"all-available","Asia/Taipei","BTCUSDT","BTC-260718-65500-P","2026-07-18","65500","PUT","1h","2026-07-15 10:00:00","2026-07-15 18:00:00","1125.000","1125.000","1125.000","1125.000","0.23","2026-07-15 10:59:59","2026-07-15 18:59:59","258.75000","1","0.00","0.00000"
"all-available","Asia/Taipei","BTCUSDT","BTC-260718-65500-P","2026-07-18","65500","PUT","1h","2026-07-15 11:00:00","2026-07-15 19:00:00","1125.000","1125.000","1125.000","1125.000","0.00","2026-07-15 11:59:59","2026-07-15 19:59:59","0.00000","0","0.00","0.00000"
"all-available","Asia/Taipei","BTCUSDT","BTC-260718-65500-P","2026-07-18","65500","PUT","1h","2026-07-15 12:00:00","2026-07-15 20:00:00","1125.000","1125.000","930.000","930.000","1.80","2026-07-15 12:59:59","2026-07-15 20:59:59","1869.00000","2","0.00","0.00000"
"all-available","Asia/Taipei","BTCUSDT","BTC-260718-65500-P","2026-07-18","65500","PUT","1h","2026-07-15 13:00:00","2026-07-15 21:00:00","765.000","1020.000","765.000","1020.000","1.67","2026-07-15 13:59:59","2026-07-15 21:59:59","1481.55000","2","0.80","816.00000"
"all-available","Asia/Taipei","BTCUSDT","BTC-260718-65500-P","2026-07-18","65500","PUT","1h","2026-07-15 14:00:00","2026-07-15 22:00:00","885.000","885.000","885.000","885.000","1.87","2026-07-15 14:59:59","2026-07-15 22:59:59","1654.95000","3","0.00","0.00000"
"all-available","Asia/Taipei","BTCUSDT","BTC-260718-65500-P","2026-07-18","65500","PUT","1h","2026-07-15 15:00:00","2026-07-15 23:00:00","730.000","730.000","730.000","730.000","1.00","2026-07-15 15:59:59","2026-07-15 23:59:59","730.00000","1","0.00","0.00000"
"all-available","Asia/Taipei","BTCUSDT","BTC-260718-65500-P","2026-07-18","65500","PUT","1h","2026-07-15 16:00:00","2026-07-16 00:00:00","730.000","730.000","730.000","730.000","0.00","2026-07-15 16:59:59","2026-07-16 00:59:59","0.00000","0","0.00","0.00000"
"all-available","Asia/Taipei","BTCUSDT","BTC-260718-65500-P","2026-07-18","65500","PUT","1h","2026-07-15 17:00:00","2026-07-16 01:00:00","900.000","900.000","900.000","900.000","0.26","2026-07-15 17:59:59","2026-07-16 01:59:59","234.00000","1","0.00","0.00000"
"all-available","Asia/Taipei","BTCUSDT","BTC-260718-65500-P","2026-07-18","65500","PUT","1h","2026-07-15 18:00:00","2026-07-16 02:00:00","890.000","890.000","890.000","890.000","0.26","2026-07-15 18:59:59","2026-07-16 02:59:59","231.40000","1","0.00","0.00000"
"all-available","Asia/Taipei","BTCUSDT","BTC-260718-65500-P","2026-07-18","65500","PUT","1h","2026-07-15 19:00:00","2026-07-16 03:00:00","890.000","890.000","890.000","890.000","0.00","2026-07-15 19:59:59","2026-07-16 03:59:59","0.00000","0","0.00","0.00000"
"all-available","Asia/Taipei","BTCUSDT","BTC-260718-65500-P","2026-07-18","65500","PUT","1h","2026-07-15 20:00:00","2026-07-16 04:00:00","890.000","890.000","890.000","890.000","0.00","2026-07-15 20:59:59","2026-07-16 04:59:59","0.00000","0","0.00","0.00000"
"all-available","Asia/Taipei","BTCUSDT","BTC-260718-65500-P","2026-07-18","65500","PUT","1h","2026-07-15 21:00:00","2026-07-16 05:00:00","890.000","890.000","890.000","890.000","0.00","2026-07-15 21:59:59","2026-07-16 05:59:59","0.00000","0","0.00","0.00000"
"all-available","Asia/Taipei","BTCUSDT","BTC-260718-65500-P","2026-07-18","65500","PUT","1h","2026-07-15 22:00:00","2026-07-16 06:00:00","890.000","890.000","890.000","890.000","0.00","2026-07-15 22:59:59","2026-07-16 06:59:59","0.00000","0","0.00","0.00000"
"all-available","Asia/Taipei","BTCUSDT","BTC-260718-65500-P","2026-07-18","65500","PUT","1h","2026-07-15 23:00:00","2026-07-16 07:00:00","890.000","890.000","890.000","890.000","0.00","2026-07-15 23:59:59","2026-07-16 07:59:59","0.00000","0","0.00","0.00000"
"all-available","Asia/Taipei","BTCUSDT","BTC-260718-65500-P","2026-07-18","65500","PUT","1h","2026-07-16 00:00:00","2026-07-16 08:00:00","890.000","890.000","890.000","890.000","0.00","2026-07-16 00:59:59","2026-07-16 08:59:59","0.00000","0","0.00","0.00000"
"all-available","Asia/Taipei","BTCUSDT","BTC-260718-65500-P","2026-07-18","65500","PUT","1h","2026-07-16 01:00:00","2026-07-16 09:00:00","890.000","890.000","890.000","890.000","0.00","2026-07-16 01:59:59","2026-07-16 09:59:59","0.00000","0","0.00","0.00000"
"all-available","Asia/Taipei","BTCUSDT","BTC-260718-65500-P","2026-07-18","65500","PUT","1h","2026-07-16 02:00:00","2026-07-16 10:00:00","890.000","890.000","890.000","890.000","0.00","2026-07-16 02:59:59","2026-07-16 10:59:59","0.00000","0","0.00","0.00000"
"all-available","Asia/Taipei","BTCUSDT","BTC-260718-65500-P","2026-07-18","65500","PUT","1h","2026-07-16 03:00:00","2026-07-16 11:00:00","890.000","890.000","890.000","890.000","0.00","2026-07-16 03:59:59","2026-07-16 11:59:59","0.00000","0","0.00","0.00000"
"all-available","Asia/Taipei","BTCUSDT","BTC-260718-65500-P","2026-07-18","65500","PUT","1h","2026-07-16 04:00:00","2026-07-16 12:00:00","890.000","890.000","890.000","890.000","0.00","2026-07-16 04:59:59","2026-07-16 12:59:59","0.00000","0","0.00","0.00000"
"all-available","Asia/Taipei","BTCUSDT","BTC-260718-65500-P","2026-07-18","65500","PUT","1h","2026-07-16 05:00:00","2026-07-16 13:00:00","890.000","890.000","890.000","890.000","0.00","2026-07-16 05:59:59","2026-07-16 13:59:59","0.00000","0","0.00","0.00000"
"all-available","Asia/Taipei","BTCUSDT","BTC-260718-65500-P","2026-07-18","65500","PUT","1h","2026-07-16 06:00:00","2026-07-16 14:00:00","890.000","890.000","890.000","890.000","0.00","2026-07-16 06:59:59","2026-07-16 14:59:59","0.00000","0","0.00","0.00000"
"all-available","Asia/Taipei","BTCUSDT","BTC-260718-65500-P","2026-07-18","65500","PUT","1h","2026-07-16 07:00:00","2026-07-16 15:00:00","1095.000","1405.000","1095.000","1405.000","0.60","2026-07-16 07:59:59","2026-07-16 15:59:59","821.30000","2","0.53","744.65000"
"all-available","Asia/Taipei","BTCUSDT","BTC-260718-65500-P","2026-07-18","65500","PUT","1h","2026-07-16 08:00:00","2026-07-16 16:00:00","1405.000","1405.000","1405.000","1405.000","0.00","2026-07-16 08:59:59","2026-07-16 16:59:59","0.00000","0","0.00","0.00000"
"all-available","Asia/Taipei","BTCUSDT","BTC-260718-65500-P","2026-07-18","65500","PUT","1h","2026-07-16 09:00:00","2026-07-16 17:00:00","1405.000","1405.000","1405.000","1405.000","0.00","2026-07-16 09:59:59","2026-07-16 17:59:59","0.00000","0","0.00","0.00000"
"all-available","Asia/Taipei","BTCUSDT","BTC-260718-65500-P","2026-07-18","65500","PUT","1h","2026-07-16 10:00:00","2026-07-16 18:00:00","1405.000","1405.000","1405.000","1405.000","0.00","2026-07-16 10:59:59","2026-07-16 18:59:59","0.00000","0","0.00","0.00000"
"all-available","Asia/Taipei","BTCUSDT","BTC-260718-65500-P","2026-07-18","65500","PUT","1h","2026-07-16 11:00:00","2026-07-16 19:00:00","1405.000","1405.000","1405.000","1405.000","0.00","2026-07-16 11:59:59","2026-07-16 19:59:59","0.00000","0","0.00","0.00000"
"all-available","Asia/Taipei","BTCUSDT","BTC-260718-65500-P","2026-07-18","65500","PUT","1h","2026-07-16 12:00:00","2026-07-16 20:00:00","1405.000","1405.000","1405.000","1405.000","0.00","2026-07-16 12:59:59","2026-07-16 20:59:59","0.00000","0","0.00","0.00000"
"all-available","Asia/Taipei","BTCUSDT","BTC-260718-65500-P","2026-07-18","65500","PUT","1h","2026-07-16 13:00:00","2026-07-16 21:00:00","1405.000","1405.000","1405.000","1405.000","0.00","2026-07-16 13:59:59","2026-07-16 21:59:59","0.00000","0","0.00","0.00000"
"all-available","Asia/Taipei","BTCUSDT","BTC-260718-65500-P","2026-07-18","65500","PUT","1h","2026-07-16 14:00:00","2026-07-16 22:00:00","1405.000","1405.000","1405.000","1405.000","0.00","2026-07-16 14:59:59","2026-07-16 22:59:59","0.00000","0","0.00","0.00000"
"all-available","Asia/Taipei","BTCUSDT","BTC-260718-65500-P","2026-07-18","65500","PUT","1h","2026-07-16 15:00:00","2026-07-16 23:00:00","1405.000","1405.000","1405.000","1405.000","0.00","2026-07-16 15:59:59","2026-07-16 23:59:59","0.00000","0","0.00","0.00000"
"all-available","Asia/Taipei","BTCUSDT","BTC-260718-65500-P","2026-07-18","65500","PUT","1h","2026-07-16 16:00:00","2026-07-17 00:00:00","1405.000","1405.000","1405.000","1405.000","0.00","2026-07-16 16:59:59","2026-07-17 00:59:59","0.00000","0","0.00","0.00000"
"all-available","Asia/Taipei","BTCUSDT","BTC-260718-65500-P","2026-07-18","65500","PUT","1h","2026-07-16 17:00:00","2026-07-17 01:00:00","1405.000","1405.000","1405.000","1405.000","0.00","2026-07-16 17:59:59","2026-07-17 01:59:59","0.00000","0","0.00","0.00000"
"all-available","Asia/Taipei","BTCUSDT","BTC-260718-65500-P","2026-07-18","65500","PUT","1h","2026-07-16 18:00:00","2026-07-17 02:00:00","1405.000","1405.000","1405.000","1405.000","0.00","2026-07-16 18:59:59","2026-07-17 02:59:59","0.00000","0","0.00","0.00000"
"all-available","Asia/Taipei","BTCUSDT","BTC-260718-65500-P","2026-07-18","65500","PUT","1h","2026-07-16 19:00:00","2026-07-17 03:00:00","1400.000","1400.000","1400.000","1400.000","2.15","2026-07-16 19:59:59","2026-07-17 03:59:59","3010.00000","2","0.00","0.00000"
"all-available","Asia/Taipei","BTCUSDT","BTC-260718-65500-P","2026-07-18","65500","PUT","1h","2026-07-16 20:00:00","2026-07-17 04:00:00","1400.000","1400.000","1400.000","1400.000","0.00","2026-07-16 20:59:59","2026-07-17 04:59:59","0.00000","0","0.00","0.00000"
"all-available","Asia/Taipei","BTCUSDT","BTC-260718-65500-P","2026-07-18","65500","PUT","1h","2026-07-16 21:00:00","2026-07-17 05:00:00","1400.000","1400.000","1400.000","1400.000","0.00","2026-07-16 21:59:59","2026-07-17 05:59:59","0.00000","0","0.00","0.00000"
"all-available","Asia/Taipei","BTCUSDT","BTC-260718-65500-P","2026-07-18","65500","PUT","1h","2026-07-16 22:00:00","2026-07-17 06:00:00","1400.000","1400.000","1400.000","1400.000","0.00","2026-07-16 22:59:59","2026-07-17 06:59:59","0.00000","0","0.00","0.00000"
"all-available","Asia/Taipei","BTCUSDT","BTC-260718-65500-P","2026-07-18","65500","PUT","1h","2026-07-16 23:00:00","2026-07-17 07:00:00","1400.000","1400.000","1400.000","1400.000","0.00","2026-07-16 23:59:59","2026-07-17 07:59:59","0.00000","0","0.00","0.00000"
"all-available","Asia/Taipei","BTCUSDT","BTC-260718-65500-P","2026-07-18","65500","PUT","1h","2026-07-17 00:00:00","2026-07-17 08:00:00","1650.000","1650.000","1650.000","1650.000","0.03","2026-07-17 00:59:59","2026-07-17 08:59:59","49.50000","1","0.00","0.00000"
"all-available","Asia/Taipei","BTCUSDT","BTC-260718-65500-P","2026-07-18","65500","PUT","1h","2026-07-17 01:00:00","2026-07-17 09:00:00","1650.000","1650.000","1650.000","1650.000","0.00","2026-07-17 01:59:59","2026-07-17 09:59:59","0.00000","0","0.00","0.00000"
"all-available","Asia/Taipei","BTCUSDT","BTC-260718-65500-P","2026-07-18","65500","PUT","1h","2026-07-17 02:00:00","2026-07-17 10:00:00","1650.000","1650.000","1650.000","1650.000","0.00","2026-07-17 02:59:59","2026-07-17 10:59:59","0.00000","0","0.00","0.00000"
"all-available","Asia/Taipei","BTCUSDT","BTC-260718-65500-P","2026-07-18","65500","PUT","1h","2026-07-17 03:00:00","2026-07-17 11:00:00","1650.000","1650.000","1650.000","1650.000","0.00","2026-07-17 03:59:59","2026-07-17 11:59:59","0.00000","0","0.00","0.00000"
"all-available","Asia/Taipei","BTCUSDT","BTC-260718-65500-P","2026-07-18","65500","PUT","1h","2026-07-17 04:00:00","2026-07-17 12:00:00","1650.000","1650.000","1650.000","1650.000","0.00","2026-07-17 04:59:59","2026-07-17 12:59:59","0.00000","0","0.00","0.00000"
"all-available","Asia/Taipei","BTCUSDT","BTC-260718-65500-P","2026-07-18","65500","PUT","1h","2026-07-17 05:00:00","2026-07-17 13:00:00","1650.000","1650.000","1650.000","1650.000","0.00","2026-07-17 05:59:59","2026-07-17 13:59:59","0.00000","0","0.00","0.00000"
"all-available","Asia/Taipei","BTCUSDT","BTC-260718-65500-P","2026-07-18","65500","PUT","1h","2026-07-17 06:00:00","2026-07-17 14:00:00","1650.000","1650.000","1650.000","1650.000","0.00","2026-07-17 06:59:59","2026-07-17 14:59:59","0.00000","0","0.00","0.00000"
"all-available","Asia/Taipei","BTCUSDT","BTC-260718-65500-P","2026-07-18","65500","PUT","1h","2026-07-17 07:00:00","2026-07-17 15:00:00","1650.000","1650.000","1650.000","1650.000","0.00","2026-07-17 07:59:59","2026-07-17 15:59:59","0.00000","0","0.00","0.00000"
"all-available","Asia/Taipei","BTCUSDT","BTC-260718-65500-P","2026-07-18","65500","PUT","1h","2026-07-17 08:00:00","2026-07-17 16:00:00","1650.000","1650.000","1650.000","1650.000","0.00","2026-07-17 08:59:59","2026-07-17 16:59:59","0.00000","0","0.00","0.00000"
"all-available","Asia/Taipei","BTCUSDT","BTC-260718-65500-P","2026-07-18","65500","PUT","1h","2026-07-17 09:00:00","2026-07-17 17:00:00","1650.000","1650.000","1650.000","1650.000","0.00","2026-07-17 09:59:59","2026-07-17 17:59:59","0.00000","0","0.00","0.00000"
"all-available","Asia/Taipei","BTCUSDT","BTC-260718-65500-P","2026-07-18","65500","PUT","1h","2026-07-17 10:00:00","2026-07-17 18:00:00","1650.000","1650.000","1650.000","1650.000","0.00","2026-07-17 10:59:59","2026-07-17 18:59:59","0.00000","0","0.00","0.00000"
"all-available","Asia/Taipei","BTCUSDT","BTC-260718-65500-P","2026-07-18","65500","PUT","1h","2026-07-17 11:00:00","2026-07-17 19:00:00","1650.000","1650.000","1650.000","1650.000","0.00","2026-07-17 11:59:59","2026-07-17 19:59:59","0.00000","0","0.00","0.00000"
"all-available","Asia/Taipei","BTCUSDT","BTC-260718-65500-P","2026-07-18","65500","PUT","1h","2026-07-17 12:00:00","2026-07-17 20:00:00","1650.000","1650.000","1650.000","1650.000","0.00","2026-07-17 12:59:59","2026-07-17 20:59:59","0.00000","0","0.00","0.00000"
"all-available","Asia/Taipei","BTCUSDT","BTC-260718-65500-P","2026-07-18","65500","PUT","1h","2026-07-17 13:00:00","2026-07-17 21:00:00","1650.000","1650.000","1650.000","1650.000","0.00","2026-07-17 13:59:59","2026-07-17 21:59:59","0.00000","0","0.00","0.00000"
"all-available","Asia/Taipei","BTCUSDT","BTC-260718-65500-P","2026-07-18","65500","PUT","1h","2026-07-17 14:00:00","2026-07-17 22:00:00","1650.000","1650.000","1650.000","1650.000","0.00","2026-07-17 14:59:59","2026-07-17 22:59:59","0.00000","0","0.00","0.00000"
"all-available","Asia/Taipei","BTCUSDT","BTC-260718-65500-P","2026-07-18","65500","PUT","1h","2026-07-17 15:00:00","2026-07-17 23:00:00","1650.000","1650.000","1650.000","1650.000","0.00","2026-07-17 15:59:59","2026-07-17 23:59:59","0.00000","0","0.00","0.00000"
"all-available","Asia/Taipei","BTCUSDT","BTC-260718-65500-P","2026-07-18","65500","PUT","1h","2026-07-17 16:00:00","2026-07-18 00:00:00","1650.000","1650.000","1650.000","1650.000","0.00","2026-07-17 16:59:59","2026-07-18 00:59:59","0.00000","0","0.00","0.00000"
"all-available","Asia/Taipei","BTCUSDT","BTC-260718-65500-P","2026-07-18","65500","PUT","1h","2026-07-17 17:00:00","2026-07-18 01:00:00","1650.000","1650.000","1650.000","1650.000","0.00","2026-07-17 17:59:59","2026-07-18 01:59:59","0.00000","0","0.00","0.00000"
"all-available","Asia/Taipei","BTCUSDT","BTC-260718-65500-P","2026-07-18","65500","PUT","1h","2026-07-17 18:00:00","2026-07-18 02:00:00","1650.000","1650.000","1650.000","1650.000","0.00","2026-07-17 18:59:59","2026-07-18 02:59:59","0.00000","0","0.00","0.00000"
"all-available","Asia/Taipei","BTCUSDT","BTC-260718-65500-P","2026-07-18","65500","PUT","1h","2026-07-17 19:00:00","2026-07-18 03:00:00","1650.000","1650.000","1650.000","1650.000","0.00","2026-07-17 19:59:59","2026-07-18 03:59:59","0.00000","0","0.00","0.00000"
"all-available","Asia/Taipei","BTCUSDT","BTC-260718-65500-P","2026-07-18","65500","PUT","1h","2026-07-17 20:00:00","2026-07-18 04:00:00","1650.000","1650.000","1650.000","1650.000","0.00","2026-07-17 20:59:59","2026-07-18 04:59:59","0.00000","0","0.00","0.00000"
"all-available","Asia/Taipei","BTCUSDT","BTC-260718-65500-P","2026-07-18","65500","PUT","1h","2026-07-17 21:00:00","2026-07-18 05:00:00","1650.000","1650.000","1650.000","1650.000","0.00","2026-07-17 21:59:59","2026-07-18 05:59:59","0.00000","0","0.00","0.00000"
"all-available","Asia/Taipei","BTCUSDT","BTC-260718-65500-P","2026-07-18","65500","PUT","1h","2026-07-17 22:00:00","2026-07-18 06:00:00","1650.000","1650.000","1650.000","1650.000","0.00","2026-07-17 22:59:59","2026-07-18 06:59:59","0.00000","0","0.00","0.00000"
"all-available","Asia/Taipei","BTCUSDT","BTC-260718-65500-P","2026-07-18","65500","PUT","1h","2026-07-17 23:00:00","2026-07-18 07:00:00","1650.000","1650.000","1650.000","1650.000","0.00","2026-07-17 23:59:59","2026-07-18 07:59:59","0.00000","0","0.00","0.00000"
"all-available","Asia/Taipei","BTCUSDT","BTC-260718-65500-P","2026-07-18","65500","PUT","1h","2026-07-18 00:00:00","2026-07-18 08:00:00","1650.000","1650.000","1650.000","1650.000","0.00","2026-07-18 00:59:59","2026-07-18 08:59:59","0.00000","0","0.00","0.00000"
"all-available","Asia/Taipei","BTCUSDT","BTC-260718-65500-P","2026-07-18","65500","PUT","1h","2026-07-18 01:00:00","2026-07-18 09:00:00","1650.000","1650.000","1650.000","1650.000","0.00","2026-07-18 01:59:59","2026-07-18 09:59:59","0.00000","0","0.00","0.00000"
"all-available","Asia/Taipei","BTCUSDT","BTC-260718-65500-P","2026-07-18","65500","PUT","1h","2026-07-18 02:00:00","2026-07-18 10:00:00","1650.000","1650.000","1650.000","1650.000","0.00","2026-07-18 02:59:59","2026-07-18 10:59:59","0.00000","0","0.00","0.00000"
"all-available","Asia/Taipei","BTCUSDT","BTC-260718-65500-P","2026-07-18","65500","PUT","1h","2026-07-18 03:00:00","2026-07-18 11:00:00","1650.000","1650.000","1650.000","1650.000","0.00","2026-07-18 03:59:59","2026-07-18 11:59:59","0.00000","0","0.00","0.00000"
"all-available","Asia/Taipei","BTCUSDT","BTC-260718-65500-P","2026-07-18","65500","PUT","1h","2026-07-18 04:00:00","2026-07-18 12:00:00","1650.000","1650.000","1650.000","1650.000","0.00","2026-07-18 04:59:59","2026-07-18 12:59:59","0.00000","0","0.00","0.00000"
"all-available","Asia/Taipei","BTCUSDT","BTC-260718-65500-P","2026-07-18","65500","PUT","1h","2026-07-18 05:00:00","2026-07-18 13:00:00","1650.000","1650.000","1650.000","1650.000","0.00","2026-07-18 05:59:59","2026-07-18 13:59:59","0.00000","0","0.00","0.00000"
"all-available","Asia/Taipei","BTCUSDT","BTC-260718-65500-P","2026-07-18","65500","PUT","1h","2026-07-18 06:00:00","2026-07-18 14:00:00","1650.000","1650.000","1650.000","1650.000","0.00","2026-07-18 06:59:59","2026-07-18 14:59:59","0.00000","0","0.00","0.00000"
"all-available","Asia/Taipei","BTCUSDT","BTC-260718-65500-P","2026-07-18","65500","PUT","1h","2026-07-18 07:00:00","2026-07-18 15:00:00","1650.000","1650.000","1650.000","1650.000","0.00","2026-07-18 07:59:59","2026-07-18 15:59:59","0.00000","0","0.00","0.00000"
"all-available","Asia/Taipei","BTCUSDT","BTC-260718-66000-C","2026-07-18","66000","CALL","1h","2026-07-15 09:00:00","2026-07-15 17:00:00","285.000","285.000","285.000","285.000","0.01","2026-07-15 09:59:59","2026-07-15 17:59:59","2.85000","1","0.01","2.85000"
"all-available","Asia/Taipei","BTCUSDT","BTC-260718-66000-C","2026-07-18","66000","CALL","1h","2026-07-15 10:00:00","2026-07-15 18:00:00","285.000","285.000","285.000","285.000","0.00","2026-07-15 10:59:59","2026-07-15 18:59:59","0.00000","0","0.00","0.00000"
"all-available","Asia/Taipei","BTCUSDT","BTC-260718-66000-C","2026-07-18","66000","CALL","1h","2026-07-15 11:00:00","2026-07-15 19:00:00","250.000","250.000","250.000","250.000","0.01","2026-07-15 11:59:59","2026-07-15 19:59:59","2.50000","1","0.01","2.50000"
"all-available","Asia/Taipei","BTCUSDT","BTC-260718-66000-C","2026-07-18","66000","CALL","1h","2026-07-15 12:00:00","2026-07-15 20:00:00","390.000","390.000","390.000","390.000","0.01","2026-07-15 12:59:59","2026-07-15 20:59:59","3.90000","1","0.00","0.00000"
"all-available","Asia/Taipei","BTCUSDT","BTC-260718-66000-C","2026-07-18","66000","CALL","1h","2026-07-15 13:00:00","2026-07-15 21:00:00","405.000","515.000","330.000","350.000","3.76","2026-07-15 13:59:59","2026-07-15 21:59:59","1572.20000","6","2.23","923.15000"
"all-available","Asia/Taipei","BTCUSDT","BTC-260718-66000-C","2026-07-18","66000","CALL","1h","2026-07-15 14:00:00","2026-07-15 22:00:00","445.000","500.000","445.000","500.000","6.69","2026-07-15 14:59:59","2026-07-15 22:59:59","3145.35000","2","3.63","1615.35000"
"all-available","Asia/Taipei","BTCUSDT","BTC-260718-66000-C","2026-07-18","66000","CALL","1h","2026-07-15 15:00:00","2026-07-15 23:00:00","460.000","505.000","455.000","465.000","1.57","2026-07-15 15:59:59","2026-07-15 23:59:59","744.80000","14","1.09","504.50000"
"all-available","Asia/Taipei","BTCUSDT","BTC-260718-66000-C","2026-07-18","66000","CALL","1h","2026-07-15 16:00:00","2026-07-16 00:00:00","415.000","415.000","280.000","320.000","13.00","2026-07-15 16:59:59","2026-07-16 00:59:59","3908.05000","13","7.00","2028.05000"
"all-available","Asia/Taipei","BTCUSDT","BTC-260718-66000-C","2026-07-18","66000","CALL","1h","2026-07-15 17:00:00","2026-07-16 01:00:00","325.000","355.000","315.000","355.000","35.17","2026-07-15 17:59:59","2026-07-16 01:59:59","12483.05000","5","0.05","15.75000"
"all-available","Asia/Taipei","BTCUSDT","BTC-260718-66000-C","2026-07-18","66000","CALL","1h","2026-07-15 18:00:00","2026-07-16 02:00:00","355.000","355.000","355.000","355.000","0.00","2026-07-15 18:59:59","2026-07-16 02:59:59","0.00000","0","0.00","0.00000"
"all-available","Asia/Taipei","BTCUSDT","BTC-260718-66000-C","2026-07-18","66000","CALL","1h","2026-07-15 19:00:00","2026-07-16 03:00:00","355.000","355.000","355.000","355.000","0.00","2026-07-15 19:59:59","2026-07-16 03:59:59","0.00000","0","0.00","0.00000"
"all-available","Asia/Taipei","BTCUSDT","BTC-260718-66000-C","2026-07-18","66000","CALL","1h","2026-07-15 20:00:00","2026-07-16 04:00:00","295.000","295.000","295.000","295.000","0.70","2026-07-15 20:59:59","2026-07-16 04:59:59","206.50000","1","0.70","206.50000"
"all-available","Asia/Taipei","BTCUSDT","BTC-260718-66000-C","2026-07-18","66000","CALL","1h","2026-07-15 21:00:00","2026-07-16 05:00:00","270.000","270.000","270.000","270.000","0.01","2026-07-15 21:59:59","2026-07-16 05:59:59","2.70000","1","0.00","0.00000"
"all-available","Asia/Taipei","BTCUSDT","BTC-260718-66000-C","2026-07-18","66000","CALL","1h","2026-07-15 22:00:00","2026-07-16 06:00:00","235.000","245.000","235.000","245.000","1.43","2026-07-15 22:59:59","2026-07-16 06:59:59","341.05000","3","1.43","341.05000"
"all-available","Asia/Taipei","BTCUSDT","BTC-260718-66000-C","2026-07-18","66000","CALL","1h","2026-07-15 23:00:00","2026-07-16 07:00:00","240.000","240.000","210.000","215.000","2.80","2026-07-15 23:59:59","2026-07-16 07:59:59","637.00000","3","1.20","253.00000"
"all-available","Asia/Taipei","BTCUSDT","BTC-260718-66000-C","2026-07-18","66000","CALL","1h","2026-07-16 00:00:00","2026-07-16 08:00:00","210.000","210.000","175.000","175.000","6.46","2026-07-16 00:59:59","2026-07-16 08:59:59","1302.00000","6","0.12","25.20000"
"all-available","Asia/Taipei","BTCUSDT","BTC-260718-66000-C","2026-07-18","66000","CALL","1h","2026-07-16 01:00:00","2026-07-16 09:00:00","170.000","170.000","170.000","170.000","0.02","2026-07-16 01:59:59","2026-07-16 09:59:59","3.40000","1","0.00","0.00000"
"all-available","Asia/Taipei","BTCUSDT","BTC-260718-66000-C","2026-07-18","66000","CALL","1h","2026-07-16 02:00:00","2026-07-16 10:00:00","185.000","185.000","160.000","160.000","1.01","2026-07-16 02:59:59","2026-07-16 10:59:59","161.85000","2","1.01","161.85000"
"all-available","Asia/Taipei","BTCUSDT","BTC-260718-66000-C","2026-07-18","66000","CALL","1h","2026-07-16 03:00:00","2026-07-16 11:00:00","160.000","160.000","160.000","160.000","0.05","2026-07-16 03:59:59","2026-07-16 11:59:59","8.00000","1","0.05","8.00000"
"all-available","Asia/Taipei","BTCUSDT","BTC-260718-66000-C","2026-07-18","66000","CALL","1h","2026-07-16 04:00:00","2026-07-16 12:00:00","160.000","160.000","160.000","160.000","5.00","2026-07-16 04:59:59","2026-07-16 12:59:59","800.00000","2","0.00","0.00000"
"all-available","Asia/Taipei","BTCUSDT","BTC-260718-66000-C","2026-07-18","66000","CALL","1h","2026-07-16 05:00:00","2026-07-16 13:00:00","160.000","220.000","160.000","220.000","0.18","2026-07-16 05:59:59","2026-07-16 13:59:59","35.00000","5","0.06","10.35000"
"all-available","Asia/Taipei","BTCUSDT","BTC-260718-66000-C","2026-07-18","66000","CALL","1h","2026-07-16 06:00:00","2026-07-16 14:00:00","220.000","220.000","220.000","220.000","0.22","2026-07-16 06:59:59","2026-07-16 14:59:59","48.40000","1","0.22","48.40000"
"all-available","Asia/Taipei","BTCUSDT","BTC-260718-66000-C","2026-07-18","66000","CALL","1h","2026-07-16 07:00:00","2026-07-16 15:00:00","140.000","140.000","125.000","125.000","0.41","2026-07-16 07:59:59","2026-07-16 15:59:59","51.40000","2","0.41","51.40000"
"all-available","Asia/Taipei","BTCUSDT","BTC-260718-66000-C","2026-07-18","66000","CALL","1h","2026-07-16 08:00:00","2026-07-16 16:00:00","95.000","95.000","95.000","95.000","0.30","2026-07-16 08:59:59","2026-07-16 16:59:59","28.50000","1","0.30","28.50000"
"all-available","Asia/Taipei","BTCUSDT","BTC-260718-66000-C","2026-07-18","66000","CALL","1h","2026-07-16 09:00:00","2026-07-16 17:00:00","85.000","85.000","85.000","85.000","3.15","2026-07-16 09:59:59","2026-07-16 17:59:59","267.75000","1","3.15","267.75000"
"all-available","Asia/Taipei","BTCUSDT","BTC-260718-66000-C","2026-07-18","66000","CALL","1h","2026-07-16 10:00:00","2026-07-16 18:00:00","95.000","95.000","95.000","95.000","0.63","2026-07-16 10:59:59","2026-07-16 18:59:59","59.85000","3","0.63","59.85000"
"all-available","Asia/Taipei","BTCUSDT","BTC-260718-66000-C","2026-07-18","66000","CALL","1h","2026-07-16 11:00:00","2026-07-16 19:00:00","95.000","95.000","95.000","95.000","0.00","2026-07-16 11:59:59","2026-07-16 19:59:59","0.00000","0","0.00","0.00000"
"all-available","Asia/Taipei","BTCUSDT","BTC-260718-66000-C","2026-07-18","66000","CALL","1h","2026-07-16 12:00:00","2026-07-16 20:00:00","100.000","100.000","75.000","80.000","1.75","2026-07-16 12:59:59","2026-07-16 20:59:59","163.60000","5","0.31","30.80000"
"all-available","Asia/Taipei","BTCUSDT","BTC-260718-66000-C","2026-07-18","66000","CALL","1h","2026-07-16 13:00:00","2026-07-16 21:00:00","80.000","80.000","80.000","80.000","0.00","2026-07-16 13:59:59","2026-07-16 21:59:59","0.00000","0","0.00","0.00000"
"all-available","Asia/Taipei","BTCUSDT","BTC-260718-66000-C","2026-07-18","66000","CALL","1h","2026-07-16 14:00:00","2026-07-16 22:00:00","130.000","155.000","125.000","150.000","1.53","2026-07-16 14:59:59","2026-07-16 22:59:59","230.20000","23","0.49","72.25000"
"all-available","Asia/Taipei","BTCUSDT","BTC-260718-66000-C","2026-07-18","66000","CALL","1h","2026-07-16 15:00:00","2026-07-16 23:00:00","135.000","135.000","135.000","135.000","0.12","2026-07-16 15:59:59","2026-07-16 23:59:59","16.20000","1","0.12","16.20000"
"all-available","Asia/Taipei","BTCUSDT","BTC-260718-66000-C","2026-07-18","66000","CALL","1h","2026-07-16 16:00:00","2026-07-17 00:00:00","95.000","95.000","95.000","95.000","0.83","2026-07-16 16:59:59","2026-07-17 00:59:59","78.85000","3","0.70","66.50000"
"all-available","Asia/Taipei","BTCUSDT","BTC-260718-66000-C","2026-07-18","66000","CALL","1h","2026-07-16 17:00:00","2026-07-17 01:00:00","90.000","90.000","55.000","55.000","0.79","2026-07-16 17:59:59","2026-07-17 01:59:59","52.20000","8","0.13","8.05000"
"all-available","Asia/Taipei","BTCUSDT","BTC-260718-66000-C","2026-07-18","66000","CALL","1h","2026-07-16 18:00:00","2026-07-17 02:00:00","50.000","60.000","50.000","60.000","6.24","2026-07-16 18:59:59","2026-07-17 02:59:59","350.00000","6","6.11","343.50000"
"all-available","Asia/Taipei","BTCUSDT","BTC-260718-66000-C","2026-07-18","66000","CALL","1h","2026-07-16 19:00:00","2026-07-17 03:00:00","60.000","60.000","60.000","60.000","0.00","2026-07-16 19:59:59","2026-07-17 03:59:59","0.00000","0","0.00","0.00000"
"all-available","Asia/Taipei","BTCUSDT","BTC-260718-66000-C","2026-07-18","66000","CALL","1h","2026-07-16 20:00:00","2026-07-17 04:00:00","60.000","60.000","60.000","60.000","0.00","2026-07-16 20:59:59","2026-07-17 04:59:59","0.00000","0","0.00","0.00000"
"all-available","Asia/Taipei","BTCUSDT","BTC-260718-66000-C","2026-07-18","66000","CALL","1h","2026-07-16 21:00:00","2026-07-17 05:00:00","50.000","50.000","50.000","50.000","0.02","2026-07-16 21:59:59","2026-07-17 05:59:59","1.00000","2","0.00","0.00000"
"all-available","Asia/Taipei","BTCUSDT","BTC-260718-66000-C","2026-07-18","66000","CALL","1h","2026-07-16 22:00:00","2026-07-17 06:00:00","50.000","50.000","50.000","50.000","1.31","2026-07-16 22:59:59","2026-07-17 06:59:59","65.50000","1","1.31","65.50000"
"all-available","Asia/Taipei","BTCUSDT","BTC-260718-66000-C","2026-07-18","66000","CALL","1h","2026-07-16 23:00:00","2026-07-17 07:00:00","40.000","40.000","30.000","30.000","6.48","2026-07-16 23:59:59","2026-07-17 07:59:59","202.05000","12","5.06","151.90000"
"all-available","Asia/Taipei","BTCUSDT","BTC-260718-66000-C","2026-07-18","66000","CALL","1h","2026-07-17 00:00:00","2026-07-17 08:00:00","25.000","25.000","25.000","25.000","4.64","2026-07-17 00:59:59","2026-07-17 08:59:59","116.00000","6","0.14","3.50000"
"all-available","Asia/Taipei","BTCUSDT","BTC-260718-66000-C","2026-07-18","66000","CALL","1h","2026-07-17 01:00:00","2026-07-17 09:00:00","30.000","30.000","20.000","20.000","0.29","2026-07-17 01:59:59","2026-07-17 09:59:59","8.35000","4","0.17","5.10000"
"all-available","Asia/Taipei","BTCUSDT","BTC-260718-66000-C","2026-07-18","66000","CALL","1h","2026-07-17 02:00:00","2026-07-17 10:00:00","20.000","20.000","15.000","15.000","7.22","2026-07-17 02:59:59","2026-07-17 10:59:59","141.90000","8","6.72","134.40000"
"all-available","Asia/Taipei","BTCUSDT","BTC-260718-66000-C","2026-07-18","66000","CALL","1h","2026-07-17 03:00:00","2026-07-17 11:00:00","15.000","15.000","15.000","15.000","0.00","2026-07-17 03:59:59","2026-07-17 11:59:59","0.00000","0","0.00","0.00000"
"all-available","Asia/Taipei","BTCUSDT","BTC-260718-66000-C","2026-07-18","66000","CALL","1h","2026-07-17 04:00:00","2026-07-17 12:00:00","10.000","10.000","10.000","10.000","0.12","2026-07-17 04:59:59","2026-07-17 12:59:59","1.20000","1","0.00","0.00000"
"all-available","Asia/Taipei","BTCUSDT","BTC-260718-66000-C","2026-07-18","66000","CALL","1h","2026-07-17 05:00:00","2026-07-17 13:00:00","10.000","10.000","5.000","5.000","8.21","2026-07-17 05:59:59","2026-07-17 13:59:59","48.50000","5","0.00","0.00000"
"all-available","Asia/Taipei","BTCUSDT","BTC-260718-66000-C","2026-07-18","66000","CALL","1h","2026-07-17 06:00:00","2026-07-17 14:00:00","10.000","10.000","10.000","10.000","9.52","2026-07-17 06:59:59","2026-07-17 14:59:59","95.20000","12","9.52","95.20000"
"all-available","Asia/Taipei","BTCUSDT","BTC-260718-66000-C","2026-07-18","66000","CALL","1h","2026-07-17 07:00:00","2026-07-17 15:00:00","5.000","5.000","5.000","5.000","0.02","2026-07-17 07:59:59","2026-07-17 15:59:59","0.10000","1","0.00","0.00000"
"all-available","Asia/Taipei","BTCUSDT","BTC-260718-66000-C","2026-07-18","66000","CALL","1h","2026-07-17 08:00:00","2026-07-17 16:00:00","10.000","10.000","10.000","10.000","0.73","2026-07-17 08:59:59","2026-07-17 16:59:59","7.30000","6","0.73","7.30000"
"all-available","Asia/Taipei","BTCUSDT","BTC-260718-66000-C","2026-07-18","66000","CALL","1h","2026-07-17 09:00:00","2026-07-17 17:00:00","5.000","5.000","5.000","5.000","0.03","2026-07-17 09:59:59","2026-07-17 17:59:59","0.15000","1","0.00","0.00000"
"all-available","Asia/Taipei","BTCUSDT","BTC-260718-66000-C","2026-07-18","66000","CALL","1h","2026-07-17 10:00:00","2026-07-17 18:00:00","10.000","10.000","10.000","10.000","0.48","2026-07-17 10:59:59","2026-07-17 18:59:59","4.80000","3","0.48","4.80000"
"all-available","Asia/Taipei","BTCUSDT","BTC-260718-66000-C","2026-07-18","66000","CALL","1h","2026-07-17 11:00:00","2026-07-17 19:00:00","5.000","10.000","5.000","10.000","10.45","2026-07-17 11:59:59","2026-07-17 19:59:59","102.25000","2","10.00","100.00000"
"all-available","Asia/Taipei","BTCUSDT","BTC-260718-66000-C","2026-07-18","66000","CALL","1h","2026-07-17 12:00:00","2026-07-17 20:00:00","5.000","5.000","5.000","5.000","0.58","2026-07-17 12:59:59","2026-07-17 20:59:59","2.90000","1","0.00","0.00000"
"all-available","Asia/Taipei","BTCUSDT","BTC-260718-66000-C","2026-07-18","66000","CALL","1h","2026-07-17 13:00:00","2026-07-17 21:00:00","5.000","5.000","5.000","5.000","1.03","2026-07-17 13:59:59","2026-07-17 21:59:59","5.15000","11","0.60","3.00000"
"all-available","Asia/Taipei","BTCUSDT","BTC-260718-66000-C","2026-07-18","66000","CALL","1h","2026-07-17 14:00:00","2026-07-17 22:00:00","5.000","5.000","5.000","5.000","0.01","2026-07-17 14:59:59","2026-07-17 22:59:59","0.05000","1","0.01","0.05000"
"all-available","Asia/Taipei","BTCUSDT","BTC-260718-66000-C","2026-07-18","66000","CALL","1h","2026-07-17 15:00:00","2026-07-17 23:00:00","5.000","5.000","5.000","5.000","0.00","2026-07-17 15:59:59","2026-07-17 23:59:59","0.00000","0","0.00","0.00000"
"all-available","Asia/Taipei","BTCUSDT","BTC-260718-66000-C","2026-07-18","66000","CALL","1h","2026-07-17 16:00:00","2026-07-18 00:00:00","5.000","5.000","5.000","5.000","3.49","2026-07-17 16:59:59","2026-07-18 00:59:59","17.45000","2","3.49","17.45000"
"all-available","Asia/Taipei","BTCUSDT","BTC-260718-66000-C","2026-07-18","66000","CALL","1h","2026-07-17 17:00:00","2026-07-18 01:00:00","10.000","10.000","5.000","5.000","11.93","2026-07-17 17:59:59","2026-07-18 01:59:59","113.80000","19","0.00","0.00000"
"all-available","Asia/Taipei","BTCUSDT","BTC-260718-66000-C","2026-07-18","66000","CALL","1h","2026-07-17 18:00:00","2026-07-18 02:00:00","5.000","5.000","5.000","5.000","0.00","2026-07-17 18:59:59","2026-07-18 02:59:59","0.00000","0","0.00","0.00000"
"all-available","Asia/Taipei","BTCUSDT","BTC-260718-66000-C","2026-07-18","66000","CALL","1h","2026-07-17 19:00:00","2026-07-18 03:00:00","5.000","5.000","5.000","5.000","0.00","2026-07-17 19:59:59","2026-07-18 03:59:59","0.00000","0","0.00","0.00000"
"all-available","Asia/Taipei","BTCUSDT","BTC-260718-66000-C","2026-07-18","66000","CALL","1h","2026-07-17 20:00:00","2026-07-18 04:00:00","5.000","5.000","5.000","5.000","0.00","2026-07-17 20:59:59","2026-07-18 04:59:59","0.00000","0","0.00","0.00000"
"all-available","Asia/Taipei","BTCUSDT","BTC-260718-66000-C","2026-07-18","66000","CALL","1h","2026-07-17 21:00:00","2026-07-18 05:00:00","5.000","5.000","5.000","5.000","0.00","2026-07-17 21:59:59","2026-07-18 05:59:59","0.00000","0","0.00","0.00000"
"all-available","Asia/Taipei","BTCUSDT","BTC-260718-66000-C","2026-07-18","66000","CALL","1h","2026-07-17 22:00:00","2026-07-18 06:00:00","5.000","5.000","5.000","5.000","0.20","2026-07-17 22:59:59","2026-07-18 06:59:59","1.00000","1","0.20","1.00000"
"all-available","Asia/Taipei","BTCUSDT","BTC-260718-66000-C","2026-07-18","66000","CALL","1h","2026-07-17 23:00:00","2026-07-18 07:00:00","5.000","5.000","5.000","5.000","0.00","2026-07-17 23:59:59","2026-07-18 07:59:59","0.00000","0","0.00","0.00000"
"all-available","Asia/Taipei","BTCUSDT","BTC-260718-66000-C","2026-07-18","66000","CALL","1h","2026-07-18 00:00:00","2026-07-18 08:00:00","5.000","5.000","5.000","5.000","0.00","2026-07-18 00:59:59","2026-07-18 08:59:59","0.00000","0","0.00","0.00000"
"all-available","Asia/Taipei","BTCUSDT","BTC-260718-66000-C","2026-07-18","66000","CALL","1h","2026-07-18 01:00:00","2026-07-18 09:00:00","5.000","5.000","5.000","5.000","0.00","2026-07-18 01:59:59","2026-07-18 09:59:59","0.00000","0","0.00","0.00000"
"all-available","Asia/Taipei","BTCUSDT","BTC-260718-66000-C","2026-07-18","66000","CALL","1h","2026-07-18 02:00:00","2026-07-18 10:00:00","5.000","5.000","5.000","5.000","0.00","2026-07-18 02:59:59","2026-07-18 10:59:59","0.00000","0","0.00","0.00000"
"all-available","Asia/Taipei","BTCUSDT","BTC-260718-66000-C","2026-07-18","66000","CALL","1h","2026-07-18 03:00:00","2026-07-18 11:00:00","5.000","5.000","5.000","5.000","0.00","2026-07-18 03:59:59","2026-07-18 11:59:59","0.00000","0","0.00","0.00000"
"all-available","Asia/Taipei","BTCUSDT","BTC-260718-66000-C","2026-07-18","66000","CALL","1h","2026-07-18 04:00:00","2026-07-18 12:00:00","5.000","5.000","5.000","5.000","0.00","2026-07-18 04:59:59","2026-07-18 12:59:59","0.00000","0","0.00","0.00000"
"all-available","Asia/Taipei","BTCUSDT","BTC-260718-66000-C","2026-07-18","66000","CALL","1h","2026-07-18 05:00:00","2026-07-18 13:00:00","5.000","5.000","5.000","5.000","0.00","2026-07-18 05:59:59","2026-07-18 13:59:59","0.00000","0","0.00","0.00000"
"all-available","Asia/Taipei","BTCUSDT","BTC-260718-66000-C","2026-07-18","66000","CALL","1h","2026-07-18 06:00:00","2026-07-18 14:00:00","5.000","5.000","5.000","5.000","0.00","2026-07-18 06:59:59","2026-07-18 14:59:59","0.00000","0","0.00","0.00000"
"all-available","Asia/Taipei","BTCUSDT","BTC-260718-66000-C","2026-07-18","66000","CALL","1h","2026-07-18 07:00:00","2026-07-18 15:00:00","5.000","5.000","5.000","5.000","0.00","2026-07-18 07:59:59","2026-07-18 15:59:59","0.00000","0","0.00","0.00000"
"all-available","Asia/Taipei","BTCUSDT","BTC-260718-66000-P","2026-07-18","66000","PUT","1h","2026-07-15 13:00:00","2026-07-15 21:00:00","1100.000","1100.000","1055.000","1090.000","1.63","2026-07-15 13:59:59","2026-07-15 21:59:59","1761.90000","3","0.00","0.00000"
"all-available","Asia/Taipei","BTCUSDT","BTC-260718-66000-P","2026-07-18","66000","PUT","1h","2026-07-15 14:00:00","2026-07-15 22:00:00","1150.000","1150.000","1100.000","1100.000","2.47","2026-07-15 14:59:59","2026-07-15 22:59:59","2740.50000","4","0.00","0.00000"
"all-available","Asia/Taipei","BTCUSDT","BTC-260718-66000-P","2026-07-18","66000","PUT","1h","2026-07-15 15:00:00","2026-07-15 23:00:00","1080.000","1080.000","1040.000","1040.000","0.02","2026-07-15 15:59:59","2026-07-15 23:59:59","21.20000","2","0.01","10.40000"
"all-available","Asia/Taipei","BTCUSDT","BTC-260718-66000-P","2026-07-18","66000","PUT","1h","2026-07-15 16:00:00","2026-07-16 00:00:00","1040.000","1040.000","1040.000","1040.000","0.00","2026-07-15 16:59:59","2026-07-16 00:59:59","0.00000","0","0.00","0.00000"
"all-available","Asia/Taipei","BTCUSDT","BTC-260718-66000-P","2026-07-18","66000","PUT","1h","2026-07-15 17:00:00","2026-07-16 01:00:00","1040.000","1040.000","1040.000","1040.000","0.00","2026-07-15 17:59:59","2026-07-16 01:59:59","0.00000","0","0.00","0.00000"
"all-available","Asia/Taipei","BTCUSDT","BTC-260718-66000-P","2026-07-18","66000","PUT","1h","2026-07-15 18:00:00","2026-07-16 02:00:00","1040.000","1040.000","1040.000","1040.000","0.00","2026-07-15 18:59:59","2026-07-16 02:59:59","0.00000","0","0.00","0.00000"
"all-available","Asia/Taipei","BTCUSDT","BTC-260718-66000-P","2026-07-18","66000","PUT","1h","2026-07-15 19:00:00","2026-07-16 03:00:00","1040.000","1040.000","1040.000","1040.000","0.00","2026-07-15 19:59:59","2026-07-16 03:59:59","0.00000","0","0.00","0.00000"
"all-available","Asia/Taipei","BTCUSDT","BTC-260718-66000-P","2026-07-18","66000","PUT","1h","2026-07-15 20:00:00","2026-07-16 04:00:00","1040.000","1040.000","1040.000","1040.000","0.00","2026-07-15 20:59:59","2026-07-16 04:59:59","0.00000","0","0.00","0.00000"
"all-available","Asia/Taipei","BTCUSDT","BTC-260718-66000-P","2026-07-18","66000","PUT","1h","2026-07-15 21:00:00","2026-07-16 05:00:00","1040.000","1040.000","1040.000","1040.000","0.00","2026-07-15 21:59:59","2026-07-16 05:59:59","0.00000","0","0.00","0.00000"
"all-available","Asia/Taipei","BTCUSDT","BTC-260718-66000-P","2026-07-18","66000","PUT","1h","2026-07-15 22:00:00","2026-07-16 06:00:00","1040.000","1040.000","1040.000","1040.000","0.00","2026-07-15 22:59:59","2026-07-16 06:59:59","0.00000","0","0.00","0.00000"
"all-available","Asia/Taipei","BTCUSDT","BTC-260718-66000-P","2026-07-18","66000","PUT","1h","2026-07-15 23:00:00","2026-07-16 07:00:00","1040.000","1040.000","1040.000","1040.000","0.00","2026-07-15 23:59:59","2026-07-16 07:59:59","0.00000","0","0.00","0.00000"
"all-available","Asia/Taipei","BTCUSDT","BTC-260718-66000-P","2026-07-18","66000","PUT","1h","2026-07-16 00:00:00","2026-07-16 08:00:00","1040.000","1040.000","1040.000","1040.000","0.00","2026-07-16 00:59:59","2026-07-16 08:59:59","0.00000","0","0.00","0.00000"
"all-available","Asia/Taipei","BTCUSDT","BTC-260718-66000-P","2026-07-18","66000","PUT","1h","2026-07-16 01:00:00","2026-07-16 09:00:00","1040.000","1040.000","1040.000","1040.000","0.00","2026-07-16 01:59:59","2026-07-16 09:59:59","0.00000","0","0.00","0.00000"
"all-available","Asia/Taipei","BTCUSDT","BTC-260718-66000-P","2026-07-18","66000","PUT","1h","2026-07-16 02:00:00","2026-07-16 10:00:00","1040.000","1040.000","1040.000","1040.000","0.00","2026-07-16 02:59:59","2026-07-16 10:59:59","0.00000","0","0.00","0.00000"
"all-available","Asia/Taipei","BTCUSDT","BTC-260718-66000-P","2026-07-18","66000","PUT","1h","2026-07-16 03:00:00","2026-07-16 11:00:00","1040.000","1040.000","1040.000","1040.000","0.00","2026-07-16 03:59:59","2026-07-16 11:59:59","0.00000","0","0.00","0.00000"
"all-available","Asia/Taipei","BTCUSDT","BTC-260718-66000-P","2026-07-18","66000","PUT","1h","2026-07-16 04:00:00","2026-07-16 12:00:00","1040.000","1040.000","1040.000","1040.000","0.00","2026-07-16 04:59:59","2026-07-16 12:59:59","0.00000","0","0.00","0.00000"
"all-available","Asia/Taipei","BTCUSDT","BTC-260718-66000-P","2026-07-18","66000","PUT","1h","2026-07-16 05:00:00","2026-07-16 13:00:00","1040.000","1040.000","1040.000","1040.000","0.00","2026-07-16 05:59:59","2026-07-16 13:59:59","0.00000","0","0.00","0.00000"
"all-available","Asia/Taipei","BTCUSDT","BTC-260718-66000-P","2026-07-18","66000","PUT","1h","2026-07-16 06:00:00","2026-07-16 14:00:00","1040.000","1040.000","1040.000","1040.000","0.00","2026-07-16 06:59:59","2026-07-16 14:59:59","0.00000","0","0.00","0.00000"
"all-available","Asia/Taipei","BTCUSDT","BTC-260718-66000-P","2026-07-18","66000","PUT","1h","2026-07-16 07:00:00","2026-07-16 15:00:00","1815.000","1815.000","1815.000","1815.000","0.15","2026-07-16 07:59:59","2026-07-16 15:59:59","272.25000","1","0.15","272.25000"
"all-available","Asia/Taipei","BTCUSDT","BTC-260718-66000-P","2026-07-18","66000","PUT","1h","2026-07-16 08:00:00","2026-07-16 16:00:00","1815.000","1815.000","1815.000","1815.000","0.00","2026-07-16 08:59:59","2026-07-16 16:59:59","0.00000","0","0.00","0.00000"
"all-available","Asia/Taipei","BTCUSDT","BTC-260718-66000-P","2026-07-18","66000","PUT","1h","2026-07-16 09:00:00","2026-07-16 17:00:00","1815.000","1815.000","1815.000","1815.000","0.00","2026-07-16 09:59:59","2026-07-16 17:59:59","0.00000","0","0.00","0.00000"
"all-available","Asia/Taipei","BTCUSDT","BTC-260718-66000-P","2026-07-18","66000","PUT","1h","2026-07-16 10:00:00","2026-07-16 18:00:00","1815.000","1815.000","1815.000","1815.000","0.00","2026-07-16 10:59:59","2026-07-16 18:59:59","0.00000","0","0.00","0.00000"
"all-available","Asia/Taipei","BTCUSDT","BTC-260718-66000-P","2026-07-18","66000","PUT","1h","2026-07-16 11:00:00","2026-07-16 19:00:00","1815.000","1815.000","1815.000","1815.000","0.00","2026-07-16 11:59:59","2026-07-16 19:59:59","0.00000","0","0.00","0.00000"
"all-available","Asia/Taipei","BTCUSDT","BTC-260718-66000-P","2026-07-18","66000","PUT","1h","2026-07-16 12:00:00","2026-07-16 20:00:00","2105.000","2105.000","2105.000","2105.000","0.65","2026-07-16 12:59:59","2026-07-16 20:59:59","1368.25000","1","0.00","0.00000"
"all-available","Asia/Taipei","BTCUSDT","BTC-260718-66000-P","2026-07-18","66000","PUT","1h","2026-07-16 13:00:00","2026-07-16 21:00:00","2060.000","2060.000","2060.000","2060.000","2.60","2026-07-16 13:59:59","2026-07-16 21:59:59","5356.00000","1","0.00","0.00000"
"all-available","Asia/Taipei","BTCUSDT","BTC-260718-66000-P","2026-07-18","66000","PUT","1h","2026-07-16 14:00:00","2026-07-16 22:00:00","2060.000","2060.000","2060.000","2060.000","0.00","2026-07-16 14:59:59","2026-07-16 22:59:59","0.00000","0","0.00","0.00000"
"all-available","Asia/Taipei","BTCUSDT","BTC-260718-66000-P","2026-07-18","66000","PUT","1h","2026-07-16 15:00:00","2026-07-16 23:00:00","2060.000","2060.000","2060.000","2060.000","0.00","2026-07-16 15:59:59","2026-07-16 23:59:59","0.00000","0","0.00","0.00000"
"all-available","Asia/Taipei","BTCUSDT","BTC-260718-66000-P","2026-07-18","66000","PUT","1h","2026-07-16 16:00:00","2026-07-17 00:00:00","2060.000","2060.000","2060.000","2060.000","0.00","2026-07-16 16:59:59","2026-07-17 00:59:59","0.00000","0","0.00","0.00000"
"all-available","Asia/Taipei","BTCUSDT","BTC-260718-66000-P","2026-07-18","66000","PUT","1h","2026-07-16 17:00:00","2026-07-17 01:00:00","2060.000","2060.000","2060.000","2060.000","0.00","2026-07-16 17:59:59","2026-07-17 01:59:59","0.00000","0","0.00","0.00000"
"all-available","Asia/Taipei","BTCUSDT","BTC-260718-66000-P","2026-07-18","66000","PUT","1h","2026-07-16 18:00:00","2026-07-17 02:00:00","2060.000","2060.000","2060.000","2060.000","0.00","2026-07-16 18:59:59","2026-07-17 02:59:59","0.00000","0","0.00","0.00000"
"all-available","Asia/Taipei","BTCUSDT","BTC-260718-66000-P","2026-07-18","66000","PUT","1h","2026-07-16 19:00:00","2026-07-17 03:00:00","2060.000","2060.000","2060.000","2060.000","0.00","2026-07-16 19:59:59","2026-07-17 03:59:59","0.00000","0","0.00","0.00000"
"all-available","Asia/Taipei","BTCUSDT","BTC-260718-66000-P","2026-07-18","66000","PUT","1h","2026-07-16 20:00:00","2026-07-17 04:00:00","2060.000","2060.000","2060.000","2060.000","0.00","2026-07-16 20:59:59","2026-07-17 04:59:59","0.00000","0","0.00","0.00000"
"all-available","Asia/Taipei","BTCUSDT","BTC-260718-66000-P","2026-07-18","66000","PUT","1h","2026-07-16 21:00:00","2026-07-17 05:00:00","2060.000","2060.000","2060.000","2060.000","0.00","2026-07-16 21:59:59","2026-07-17 05:59:59","0.00000","0","0.00","0.00000"
"all-available","Asia/Taipei","BTCUSDT","BTC-260718-66000-P","2026-07-18","66000","PUT","1h","2026-07-16 22:00:00","2026-07-17 06:00:00","2060.000","2060.000","2060.000","2060.000","0.00","2026-07-16 22:59:59","2026-07-17 06:59:59","0.00000","0","0.00","0.00000"
"all-available","Asia/Taipei","BTCUSDT","BTC-260718-66000-P","2026-07-18","66000","PUT","1h","2026-07-16 23:00:00","2026-07-17 07:00:00","2060.000","2060.000","2060.000","2060.000","0.00","2026-07-16 23:59:59","2026-07-17 07:59:59","0.00000","0","0.00","0.00000"
"all-available","Asia/Taipei","BTCUSDT","BTC-260718-66000-P","2026-07-18","66000","PUT","1h","2026-07-17 00:00:00","2026-07-17 08:00:00","2060.000","2060.000","2060.000","2060.000","0.00","2026-07-17 00:59:59","2026-07-17 08:59:59","0.00000","0","0.00","0.00000"
"all-available","Asia/Taipei","BTCUSDT","BTC-260718-66000-P","2026-07-18","66000","PUT","1h","2026-07-17 01:00:00","2026-07-17 09:00:00","2060.000","2060.000","2060.000","2060.000","0.00","2026-07-17 01:59:59","2026-07-17 09:59:59","0.00000","0","0.00","0.00000"
"all-available","Asia/Taipei","BTCUSDT","BTC-260718-66000-P","2026-07-18","66000","PUT","1h","2026-07-17 02:00:00","2026-07-17 10:00:00","2060.000","2060.000","2060.000","2060.000","0.00","2026-07-17 02:59:59","2026-07-17 10:59:59","0.00000","0","0.00","0.00000"
"all-available","Asia/Taipei","BTCUSDT","BTC-260718-66000-P","2026-07-18","66000","PUT","1h","2026-07-17 03:00:00","2026-07-17 11:00:00","2060.000","2060.000","2060.000","2060.000","0.00","2026-07-17 03:59:59","2026-07-17 11:59:59","0.00000","0","0.00","0.00000"
"all-available","Asia/Taipei","BTCUSDT","BTC-260718-66000-P","2026-07-18","66000","PUT","1h","2026-07-17 04:00:00","2026-07-17 12:00:00","2060.000","2060.000","2060.000","2060.000","0.00","2026-07-17 04:59:59","2026-07-17 12:59:59","0.00000","0","0.00","0.00000"
"all-available","Asia/Taipei","BTCUSDT","BTC-260718-66000-P","2026-07-18","66000","PUT","1h","2026-07-17 05:00:00","2026-07-17 13:00:00","2060.000","2060.000","2060.000","2060.000","0.00","2026-07-17 05:59:59","2026-07-17 13:59:59","0.00000","0","0.00","0.00000"
"all-available","Asia/Taipei","BTCUSDT","BTC-260718-66000-P","2026-07-18","66000","PUT","1h","2026-07-17 06:00:00","2026-07-17 14:00:00","2060.000","2060.000","2060.000","2060.000","0.00","2026-07-17 06:59:59","2026-07-17 14:59:59","0.00000","0","0.00","0.00000"
"all-available","Asia/Taipei","BTCUSDT","BTC-260718-66000-P","2026-07-18","66000","PUT","1h","2026-07-17 07:00:00","2026-07-17 15:00:00","2060.000","2060.000","2060.000","2060.000","0.00","2026-07-17 07:59:59","2026-07-17 15:59:59","0.00000","0","0.00","0.00000"
"all-available","Asia/Taipei","BTCUSDT","BTC-260718-66000-P","2026-07-18","66000","PUT","1h","2026-07-17 08:00:00","2026-07-17 16:00:00","2060.000","2060.000","2060.000","2060.000","0.00","2026-07-17 08:59:59","2026-07-17 16:59:59","0.00000","0","0.00","0.00000"
"all-available","Asia/Taipei","BTCUSDT","BTC-260718-66000-P","2026-07-18","66000","PUT","1h","2026-07-17 09:00:00","2026-07-17 17:00:00","2060.000","2060.000","2060.000","2060.000","0.00","2026-07-17 09:59:59","2026-07-17 17:59:59","0.00000","0","0.00","0.00000"
"all-available","Asia/Taipei","BTCUSDT","BTC-260718-66000-P","2026-07-18","66000","PUT","1h","2026-07-17 10:00:00","2026-07-17 18:00:00","2060.000","2060.000","2060.000","2060.000","0.00","2026-07-17 10:59:59","2026-07-17 18:59:59","0.00000","0","0.00","0.00000"
"all-available","Asia/Taipei","BTCUSDT","BTC-260718-66000-P","2026-07-18","66000","PUT","1h","2026-07-17 11:00:00","2026-07-17 19:00:00","2060.000","2060.000","2060.000","2060.000","0.00","2026-07-17 11:59:59","2026-07-17 19:59:59","0.00000","0","0.00","0.00000"
"all-available","Asia/Taipei","BTCUSDT","BTC-260718-66000-P","2026-07-18","66000","PUT","1h","2026-07-17 12:00:00","2026-07-17 20:00:00","2060.000","2060.000","2060.000","2060.000","0.00","2026-07-17 12:59:59","2026-07-17 20:59:59","0.00000","0","0.00","0.00000"
"all-available","Asia/Taipei","BTCUSDT","BTC-260718-66000-P","2026-07-18","66000","PUT","1h","2026-07-17 13:00:00","2026-07-17 21:00:00","2060.000","2060.000","2060.000","2060.000","0.00","2026-07-17 13:59:59","2026-07-17 21:59:59","0.00000","0","0.00","0.00000"
"all-available","Asia/Taipei","BTCUSDT","BTC-260718-66000-P","2026-07-18","66000","PUT","1h","2026-07-17 14:00:00","2026-07-17 22:00:00","2060.000","2060.000","2060.000","2060.000","0.00","2026-07-17 14:59:59","2026-07-17 22:59:59","0.00000","0","0.00","0.00000"
"all-available","Asia/Taipei","BTCUSDT","BTC-260718-66000-P","2026-07-18","66000","PUT","1h","2026-07-17 15:00:00","2026-07-17 23:00:00","2060.000","2060.000","2060.000","2060.000","0.00","2026-07-17 15:59:59","2026-07-17 23:59:59","0.00000","0","0.00","0.00000"
"all-available","Asia/Taipei","BTCUSDT","BTC-260718-66000-P","2026-07-18","66000","PUT","1h","2026-07-17 16:00:00","2026-07-18 00:00:00","2060.000","2060.000","2060.000","2060.000","0.00","2026-07-17 16:59:59","2026-07-18 00:59:59","0.00000","0","0.00","0.00000"
"all-available","Asia/Taipei","BTCUSDT","BTC-260718-66000-P","2026-07-18","66000","PUT","1h","2026-07-17 17:00:00","2026-07-18 01:00:00","2060.000","2060.000","2060.000","2060.000","0.00","2026-07-17 17:59:59","2026-07-18 01:59:59","0.00000","0","0.00","0.00000"
"all-available","Asia/Taipei","BTCUSDT","BTC-260718-66000-P","2026-07-18","66000","PUT","1h","2026-07-17 18:00:00","2026-07-18 02:00:00","2060.000","2060.000","2060.000","2060.000","0.00","2026-07-17 18:59:59","2026-07-18 02:59:59","0.00000","0","0.00","0.00000"
"all-available","Asia/Taipei","BTCUSDT","BTC-260718-66000-P","2026-07-18","66000","PUT","1h","2026-07-17 19:00:00","2026-07-18 03:00:00","2060.000","2060.000","2060.000","2060.000","0.00","2026-07-17 19:59:59","2026-07-18 03:59:59","0.00000","0","0.00","0.00000"
"all-available","Asia/Taipei","BTCUSDT","BTC-260718-66000-P","2026-07-18","66000","PUT","1h","2026-07-17 20:00:00","2026-07-18 04:00:00","2060.000","2060.000","2060.000","2060.000","0.00","2026-07-17 20:59:59","2026-07-18 04:59:59","0.00000","0","0.00","0.00000"
"all-available","Asia/Taipei","BTCUSDT","BTC-260718-66000-P","2026-07-18","66000","PUT","1h","2026-07-17 21:00:00","2026-07-18 05:00:00","2060.000","2060.000","2060.000","2060.000","0.00","2026-07-17 21:59:59","2026-07-18 05:59:59","0.00000","0","0.00","0.00000"
"all-available","Asia/Taipei","BTCUSDT","BTC-260718-66000-P","2026-07-18","66000","PUT","1h","2026-07-17 22:00:00","2026-07-18 06:00:00","2060.000","2060.000","2060.000","2060.000","0.00","2026-07-17 22:59:59","2026-07-18 06:59:59","0.00000","0","0.00","0.00000"
"all-available","Asia/Taipei","BTCUSDT","BTC-260718-66000-P","2026-07-18","66000","PUT","1h","2026-07-17 23:00:00","2026-07-18 07:00:00","2060.000","2060.000","2060.000","2060.000","0.00","2026-07-17 23:59:59","2026-07-18 07:59:59","0.00000","0","0.00","0.00000"
"all-available","Asia/Taipei","BTCUSDT","BTC-260718-66000-P","2026-07-18","66000","PUT","1h","2026-07-18 00:00:00","2026-07-18 08:00:00","2060.000","2060.000","2060.000","2060.000","0.00","2026-07-18 00:59:59","2026-07-18 08:59:59","0.00000","0","0.00","0.00000"
"all-available","Asia/Taipei","BTCUSDT","BTC-260718-66000-P","2026-07-18","66000","PUT","1h","2026-07-18 01:00:00","2026-07-18 09:00:00","2060.000","2060.000","2060.000","2060.000","0.00","2026-07-18 01:59:59","2026-07-18 09:59:59","0.00000","0","0.00","0.00000"
"all-available","Asia/Taipei","BTCUSDT","BTC-260718-66000-P","2026-07-18","66000","PUT","1h","2026-07-18 02:00:00","2026-07-18 10:00:00","2060.000","2060.000","2060.000","2060.000","0.00","2026-07-18 02:59:59","2026-07-18 10:59:59","0.00000","0","0.00","0.00000"
"all-available","Asia/Taipei","BTCUSDT","BTC-260718-66000-P","2026-07-18","66000","PUT","1h","2026-07-18 03:00:00","2026-07-18 11:00:00","2060.000","2060.000","2060.000","2060.000","0.00","2026-07-18 03:59:59","2026-07-18 11:59:59","0.00000","0","0.00","0.00000"
"all-available","Asia/Taipei","BTCUSDT","BTC-260718-66000-P","2026-07-18","66000","PUT","1h","2026-07-18 04:00:00","2026-07-18 12:00:00","2060.000","2060.000","2060.000","2060.000","0.00","2026-07-18 04:59:59","2026-07-18 12:59:59","0.00000","0","0.00","0.00000"
"all-available","Asia/Taipei","BTCUSDT","BTC-260718-66000-P","2026-07-18","66000","PUT","1h","2026-07-18 05:00:00","2026-07-18 13:00:00","2060.000","2060.000","2060.000","2060.000","0.00","2026-07-18 05:59:59","2026-07-18 13:59:59","0.00000","0","0.00","0.00000"
"all-available","Asia/Taipei","BTCUSDT","BTC-260718-66000-P","2026-07-18","66000","PUT","1h","2026-07-18 06:00:00","2026-07-18 14:00:00","2060.000","2060.000","2060.000","2060.000","0.00","2026-07-18 06:59:59","2026-07-18 14:59:59","0.00000","0","0.00","0.00000"
"all-available","Asia/Taipei","BTCUSDT","BTC-260718-66000-P","2026-07-18","66000","PUT","1h","2026-07-18 07:00:00","2026-07-18 15:00:00","2060.000","2060.000","2060.000","2060.000","0.00","2026-07-18 07:59:59","2026-07-18 15:59:59","0.00000","0","0.00","0.00000"
"all-available","Asia/Taipei","BTCUSDT","BTC-260718-67000-C","2026-07-18","67000","CALL","1h","2026-07-15 09:00:00","2026-07-15 17:00:00","95.000","95.000","95.000","95.000","0.01","2026-07-15 09:59:59","2026-07-15 17:59:59","0.95000","1","0.01","0.95000"
"all-available","Asia/Taipei","BTCUSDT","BTC-260718-67000-C","2026-07-18","67000","CALL","1h","2026-07-15 10:00:00","2026-07-15 18:00:00","100.000","100.000","85.000","85.000","0.23","2026-07-15 10:59:59","2026-07-15 18:59:59","19.70000","2","0.01","1.00000"
"all-available","Asia/Taipei","BTCUSDT","BTC-260718-67000-C","2026-07-18","67000","CALL","1h","2026-07-15 11:00:00","2026-07-15 19:00:00","85.000","85.000","85.000","85.000","0.00","2026-07-15 11:59:59","2026-07-15 19:59:59","0.00000","0","0.00","0.00000"
"all-available","Asia/Taipei","BTCUSDT","BTC-260718-67000-C","2026-07-18","67000","CALL","1h","2026-07-15 12:00:00","2026-07-15 20:00:00","95.000","150.000","95.000","150.000","0.37","2026-07-15 12:59:59","2026-07-15 20:59:59","49.45000","2","0.11","10.45000"
"all-available","Asia/Taipei","BTCUSDT","BTC-260718-67000-C","2026-07-18","67000","CALL","1h","2026-07-15 13:00:00","2026-07-15 21:00:00","235.000","250.000","235.000","250.000","0.02","2026-07-15 13:59:59","2026-07-15 21:59:59","4.85000","2","0.02","4.85000"
"all-available","Asia/Taipei","BTCUSDT","BTC-260718-67000-C","2026-07-18","67000","CALL","1h","2026-07-15 14:00:00","2026-07-15 22:00:00","205.000","215.000","205.000","215.000","0.71","2026-07-15 14:59:59","2026-07-15 22:59:59","145.65000","2","0.00","0.00000"
"all-available","Asia/Taipei","BTCUSDT","BTC-260718-67000-C","2026-07-18","67000","CALL","1h","2026-07-15 15:00:00","2026-07-15 23:00:00","215.000","215.000","185.000","210.000","1.31","2026-07-15 15:59:59","2026-07-15 23:59:59","275.35000","5","0.10","21.50000"
"all-available","Asia/Taipei","BTCUSDT","BTC-260718-67000-C","2026-07-18","67000","CALL","1h","2026-07-15 16:00:00","2026-07-16 00:00:00","155.000","155.000","155.000","155.000","0.40","2026-07-15 16:59:59","2026-07-16 00:59:59","62.00000","1","0.00","0.00000"
"all-available","Asia/Taipei","BTCUSDT","BTC-260718-67000-C","2026-07-18","67000","CALL","1h","2026-07-15 17:00:00","2026-07-16 01:00:00","135.000","135.000","130.000","130.000","1.73","2026-07-15 17:59:59","2026-07-16 01:59:59","225.65000","3","1.73","225.65000"
"all-available","Asia/Taipei","BTCUSDT","BTC-260718-67000-C","2026-07-18","67000","CALL","1h","2026-07-15 18:00:00","2026-07-16 02:00:00","120.000","120.000","120.000","120.000","1.43","2026-07-15 18:59:59","2026-07-16 02:59:59","171.60000","1","0.00","0.00000"
"all-available","Asia/Taipei","BTCUSDT","BTC-260718-67000-C","2026-07-18","67000","CALL","1h","2026-07-15 19:00:00","2026-07-16 03:00:00","120.000","120.000","120.000","120.000","0.00","2026-07-15 19:59:59","2026-07-16 03:59:59","0.00000","0","0.00","0.00000"
"all-available","Asia/Taipei","BTCUSDT","BTC-260718-67000-C","2026-07-18","67000","CALL","1h","2026-07-15 20:00:00","2026-07-16 04:00:00","110.000","110.000","110.000","110.000","0.01","2026-07-15 20:59:59","2026-07-16 04:59:59","1.10000","1","0.00","0.00000"
"all-available","Asia/Taipei","BTCUSDT","BTC-260718-67000-C","2026-07-18","67000","CALL","1h","2026-07-15 21:00:00","2026-07-16 05:00:00","95.000","95.000","95.000","95.000","0.25","2026-07-15 21:59:59","2026-07-16 05:59:59","23.75000","1","0.00","0.00000"
"all-available","Asia/Taipei","BTCUSDT","BTC-260718-67000-C","2026-07-18","67000","CALL","1h","2026-07-15 22:00:00","2026-07-16 06:00:00","95.000","95.000","95.000","95.000","0.00","2026-07-15 22:59:59","2026-07-16 06:59:59","0.00000","0","0.00","0.00000"
"all-available","Asia/Taipei","BTCUSDT","BTC-260718-67000-C","2026-07-18","67000","CALL","1h","2026-07-15 23:00:00","2026-07-16 07:00:00","75.000","80.000","75.000","80.000","3.71","2026-07-15 23:59:59","2026-07-16 07:59:59","295.75000","5","3.50","280.00000"
"all-available","Asia/Taipei","BTCUSDT","BTC-260718-67000-C","2026-07-18","67000","CALL","1h","2026-07-16 00:00:00","2026-07-16 08:00:00","65.000","65.000","65.000","65.000","1.00","2026-07-16 00:59:59","2026-07-16 08:59:59","65.00000","1","1.00","65.00000"
"all-available","Asia/Taipei","BTCUSDT","BTC-260718-67000-C","2026-07-18","67000","CALL","1h","2026-07-16 01:00:00","2026-07-16 09:00:00","65.000","65.000","60.000","60.000","1.79","2026-07-16 01:59:59","2026-07-16 09:59:59","115.80000","2","1.79","115.80000"
"all-available","Asia/Taipei","BTCUSDT","BTC-260718-67000-C","2026-07-18","67000","CALL","1h","2026-07-16 02:00:00","2026-07-16 10:00:00","60.000","60.000","60.000","60.000","10.00","2026-07-16 02:59:59","2026-07-16 10:59:59","600.00000","2","10.00","600.00000"
"all-available","Asia/Taipei","BTCUSDT","BTC-260718-67000-C","2026-07-18","67000","CALL","1h","2026-07-16 03:00:00","2026-07-16 11:00:00","60.000","60.000","60.000","60.000","0.00","2026-07-16 03:59:59","2026-07-16 11:59:59","0.00000","0","0.00","0.00000"
"all-available","Asia/Taipei","BTCUSDT","BTC-260718-67000-C","2026-07-18","67000","CALL","1h","2026-07-16 04:00:00","2026-07-16 12:00:00","60.000","60.000","60.000","60.000","0.00","2026-07-16 04:59:59","2026-07-16 12:59:59","0.00000","0","0.00","0.00000"
"all-available","Asia/Taipei","BTCUSDT","BTC-260718-67000-C","2026-07-18","67000","CALL","1h","2026-07-16 05:00:00","2026-07-16 13:00:00","75.000","85.000","75.000","85.000","4.07","2026-07-16 05:59:59","2026-07-16 13:59:59","308.45000","5","4.07","308.45000"
"all-available","Asia/Taipei","BTCUSDT","BTC-260718-67000-C","2026-07-18","67000","CALL","1h","2026-07-16 06:00:00","2026-07-16 14:00:00","80.000","80.000","80.000","80.000","0.02","2026-07-16 06:59:59","2026-07-16 14:59:59","1.60000","1","0.02","1.60000"
"all-available","Asia/Taipei","BTCUSDT","BTC-260718-67000-C","2026-07-18","67000","CALL","1h","2026-07-16 07:00:00","2026-07-16 15:00:00","60.000","60.000","50.000","50.000","7.68","2026-07-16 07:59:59","2026-07-16 15:59:59","434.00000","3","0.00","0.00000"
"all-available","Asia/Taipei","BTCUSDT","BTC-260718-67000-C","2026-07-18","67000","CALL","1h","2026-07-16 08:00:00","2026-07-16 16:00:00","35.000","35.000","35.000","35.000","5.19","2026-07-16 08:59:59","2026-07-16 16:59:59","181.65000","2","5.19","181.65000"
"all-available","Asia/Taipei","BTCUSDT","BTC-260718-67000-C","2026-07-18","67000","CALL","1h","2026-07-16 09:00:00","2026-07-16 17:00:00","35.000","35.000","35.000","35.000","0.16","2026-07-16 09:59:59","2026-07-16 17:59:59","5.60000","1","0.16","5.60000"
"all-available","Asia/Taipei","BTCUSDT","BTC-260718-67000-C","2026-07-18","67000","CALL","1h","2026-07-16 10:00:00","2026-07-16 18:00:00","35.000","35.000","35.000","35.000","2.03","2026-07-16 10:59:59","2026-07-16 18:59:59","71.05000","3","2.03","71.05000"
"all-available","Asia/Taipei","BTCUSDT","BTC-260718-67000-C","2026-07-18","67000","CALL","1h","2026-07-16 11:00:00","2026-07-16 19:00:00","35.000","35.000","35.000","35.000","1.86","2026-07-16 11:59:59","2026-07-16 19:59:59","65.10000","3","1.67","58.45000"
"all-available","Asia/Taipei","BTCUSDT","BTC-260718-67000-C","2026-07-18","67000","CALL","1h","2026-07-16 12:00:00","2026-07-16 20:00:00","30.000","30.000","30.000","30.000","0.43","2026-07-16 12:59:59","2026-07-16 20:59:59","12.90000","2","0.43","12.90000"
"all-available","Asia/Taipei","BTCUSDT","BTC-260718-67000-C","2026-07-18","67000","CALL","1h","2026-07-16 13:00:00","2026-07-16 21:00:00","35.000","35.000","35.000","35.000","4.14","2026-07-16 13:59:59","2026-07-16 21:59:59","144.90000","4","4.14","144.90000"
"all-available","Asia/Taipei","BTCUSDT","BTC-260718-67000-C","2026-07-18","67000","CALL","1h","2026-07-16 14:00:00","2026-07-16 22:00:00","40.000","45.000","30.000","30.000","7.85","2026-07-16 14:59:59","2026-07-16 22:59:59","311.45000","7","7.41","298.10000"
"all-available","Asia/Taipei","BTCUSDT","BTC-260718-67000-C","2026-07-18","67000","CALL","1h","2026-07-16 15:00:00","2026-07-16 23:00:00","35.000","40.000","30.000","40.000","10.27","2026-07-16 15:59:59","2026-07-16 23:59:59","408.40000","9","10.00","400.00000"
"all-available","Asia/Taipei","BTCUSDT","BTC-260718-67000-C","2026-07-18","67000","CALL","1h","2026-07-16 16:00:00","2026-07-17 00:00:00","35.000","35.000","35.000","35.000","2.98","2026-07-16 16:59:59","2026-07-17 00:59:59","104.30000","4","2.98","104.30000"
"all-available","Asia/Taipei","BTCUSDT","BTC-260718-67000-C","2026-07-18","67000","CALL","1h","2026-07-16 17:00:00","2026-07-17 01:00:00","35.000","35.000","35.000","35.000","0.00","2026-07-16 17:59:59","2026-07-17 01:59:59","0.00000","0","0.00","0.00000"
"all-available","Asia/Taipei","BTCUSDT","BTC-260718-67000-C","2026-07-18","67000","CALL","1h","2026-07-16 18:00:00","2026-07-17 02:00:00","15.000","20.000","15.000","20.000","7.37","2026-07-16 18:59:59","2026-07-17 02:59:59","142.40000","5","6.37","127.40000"
"all-available","Asia/Taipei","BTCUSDT","BTC-260718-67000-C","2026-07-18","67000","CALL","1h","2026-07-16 19:00:00","2026-07-17 03:00:00","20.000","20.000","20.000","20.000","0.00","2026-07-16 19:59:59","2026-07-17 03:59:59","0.00000","0","0.00","0.00000"
"all-available","Asia/Taipei","BTCUSDT","BTC-260718-67000-C","2026-07-18","67000","CALL","1h","2026-07-16 20:00:00","2026-07-17 04:00:00","20.000","20.000","20.000","20.000","0.00","2026-07-16 20:59:59","2026-07-17 04:59:59","0.00000","0","0.00","0.00000"
"all-available","Asia/Taipei","BTCUSDT","BTC-260718-67000-C","2026-07-18","67000","CALL","1h","2026-07-16 21:00:00","2026-07-17 05:00:00","20.000","20.000","20.000","20.000","0.00","2026-07-16 21:59:59","2026-07-17 05:59:59","0.00000","0","0.00","0.00000"
"all-available","Asia/Taipei","BTCUSDT","BTC-260718-67000-C","2026-07-18","67000","CALL","1h","2026-07-16 22:00:00","2026-07-17 06:00:00","15.000","15.000","15.000","15.000","5.19","2026-07-16 22:59:59","2026-07-17 06:59:59","77.85000","2","0.00","0.00000"
"all-available","Asia/Taipei","BTCUSDT","BTC-260718-67000-C","2026-07-18","67000","CALL","1h","2026-07-16 23:00:00","2026-07-17 07:00:00","10.000","10.000","10.000","10.000","7.07","2026-07-16 23:59:59","2026-07-17 07:59:59","70.70000","2","0.00","0.00000"
"all-available","Asia/Taipei","BTCUSDT","BTC-260718-67000-C","2026-07-18","67000","CALL","1h","2026-07-17 00:00:00","2026-07-17 08:00:00","10.000","10.000","10.000","10.000","7.95","2026-07-17 00:59:59","2026-07-17 08:59:59","79.50000","3","7.95","79.50000"
"all-available","Asia/Taipei","BTCUSDT","BTC-260718-67000-C","2026-07-18","67000","CALL","1h","2026-07-17 01:00:00","2026-07-17 09:00:00","10.000","10.000","10.000","10.000","0.00","2026-07-17 01:59:59","2026-07-17 09:59:59","0.00000","0","0.00","0.00000"
"all-available","Asia/Taipei","BTCUSDT","BTC-260718-67000-C","2026-07-18","67000","CALL","1h","2026-07-17 02:00:00","2026-07-17 10:00:00","5.000","5.000","5.000","5.000","1.00","2026-07-17 02:59:59","2026-07-17 10:59:59","5.00000","3","0.00","0.00000"
"all-available","Asia/Taipei","BTCUSDT","BTC-260718-67000-C","2026-07-18","67000","CALL","1h","2026-07-17 03:00:00","2026-07-17 11:00:00","5.000","5.000","5.000","5.000","0.00","2026-07-17 03:59:59","2026-07-17 11:59:59","0.00000","0","0.00","0.00000"
"all-available","Asia/Taipei","BTCUSDT","BTC-260718-67000-C","2026-07-18","67000","CALL","1h","2026-07-17 04:00:00","2026-07-17 12:00:00","5.000","5.000","5.000","5.000","7.91","2026-07-17 04:59:59","2026-07-17 12:59:59","39.55000","1","0.00","0.00000"
"all-available","Asia/Taipei","BTCUSDT","BTC-260718-67000-C","2026-07-18","67000","CALL","1h","2026-07-17 05:00:00","2026-07-17 13:00:00","5.000","5.000","5.000","5.000","0.00","2026-07-17 05:59:59","2026-07-17 13:59:59","0.00000","0","0.00","0.00000"
"all-available","Asia/Taipei","BTCUSDT","BTC-260718-67000-C","2026-07-18","67000","CALL","1h","2026-07-17 06:00:00","2026-07-17 14:00:00","5.000","5.000","5.000","5.000","0.00","2026-07-17 06:59:59","2026-07-17 14:59:59","0.00000","0","0.00","0.00000"
"all-available","Asia/Taipei","BTCUSDT","BTC-260718-67000-C","2026-07-18","67000","CALL","1h","2026-07-17 07:00:00","2026-07-17 15:00:00","5.000","5.000","5.000","5.000","0.00","2026-07-17 07:59:59","2026-07-17 15:59:59","0.00000","0","0.00","0.00000"
"all-available","Asia/Taipei","BTCUSDT","BTC-260718-67000-C","2026-07-18","67000","CALL","1h","2026-07-17 08:00:00","2026-07-17 16:00:00","5.000","5.000","5.000","5.000","0.00","2026-07-17 08:59:59","2026-07-17 16:59:59","0.00000","0","0.00","0.00000"
"all-available","Asia/Taipei","BTCUSDT","BTC-260718-67000-C","2026-07-18","67000","CALL","1h","2026-07-17 09:00:00","2026-07-17 17:00:00","5.000","5.000","5.000","5.000","0.27","2026-07-17 09:59:59","2026-07-17 17:59:59","1.35000","2","0.27","1.35000"
"all-available","Asia/Taipei","BTCUSDT","BTC-260718-67000-C","2026-07-18","67000","CALL","1h","2026-07-17 10:00:00","2026-07-17 18:00:00","5.000","5.000","5.000","5.000","0.00","2026-07-17 10:59:59","2026-07-17 18:59:59","0.00000","0","0.00","0.00000"
"all-available","Asia/Taipei","BTCUSDT","BTC-260718-67000-C","2026-07-18","67000","CALL","1h","2026-07-17 11:00:00","2026-07-17 19:00:00","5.000","5.000","5.000","5.000","0.00","2026-07-17 11:59:59","2026-07-17 19:59:59","0.00000","0","0.00","0.00000"
"all-available","Asia/Taipei","BTCUSDT","BTC-260718-67000-C","2026-07-18","67000","CALL","1h","2026-07-17 12:00:00","2026-07-17 20:00:00","5.000","5.000","5.000","5.000","0.00","2026-07-17 12:59:59","2026-07-17 20:59:59","0.00000","0","0.00","0.00000"
"all-available","Asia/Taipei","BTCUSDT","BTC-260718-67000-C","2026-07-18","67000","CALL","1h","2026-07-17 13:00:00","2026-07-17 21:00:00","5.000","5.000","5.000","5.000","1.43","2026-07-17 13:59:59","2026-07-17 21:59:59","7.15000","5","1.43","7.15000"
"all-available","Asia/Taipei","BTCUSDT","BTC-260718-67000-C","2026-07-18","67000","CALL","1h","2026-07-17 14:00:00","2026-07-17 22:00:00","5.000","5.000","5.000","5.000","1.87","2026-07-17 14:59:59","2026-07-17 22:59:59","9.35000","6","1.87","9.35000"
"all-available","Asia/Taipei","BTCUSDT","BTC-260718-67000-C","2026-07-18","67000","CALL","1h","2026-07-17 15:00:00","2026-07-17 23:00:00","5.000","5.000","5.000","5.000","0.06","2026-07-17 15:59:59","2026-07-17 23:59:59","0.30000","1","0.06","0.30000"
"all-available","Asia/Taipei","BTCUSDT","BTC-260718-67000-C","2026-07-18","67000","CALL","1h","2026-07-17 16:00:00","2026-07-18 00:00:00","5.000","5.000","5.000","5.000","0.00","2026-07-17 16:59:59","2026-07-18 00:59:59","0.00000","0","0.00","0.00000"
"all-available","Asia/Taipei","BTCUSDT","BTC-260718-67000-C","2026-07-18","67000","CALL","1h","2026-07-17 17:00:00","2026-07-18 01:00:00","5.000","5.000","5.000","5.000","0.30","2026-07-17 17:59:59","2026-07-18 01:59:59","1.50000","2","0.30","1.50000"
"all-available","Asia/Taipei","BTCUSDT","BTC-260718-67000-C","2026-07-18","67000","CALL","1h","2026-07-17 18:00:00","2026-07-18 02:00:00","5.000","5.000","5.000","5.000","0.00","2026-07-17 18:59:59","2026-07-18 02:59:59","0.00000","0","0.00","0.00000"
"all-available","Asia/Taipei","BTCUSDT","BTC-260718-67000-C","2026-07-18","67000","CALL","1h","2026-07-17 19:00:00","2026-07-18 03:00:00","5.000","5.000","5.000","5.000","0.00","2026-07-17 19:59:59","2026-07-18 03:59:59","0.00000","0","0.00","0.00000"
"all-available","Asia/Taipei","BTCUSDT","BTC-260718-67000-C","2026-07-18","67000","CALL","1h","2026-07-17 20:00:00","2026-07-18 04:00:00","5.000","5.000","5.000","5.000","0.00","2026-07-17 20:59:59","2026-07-18 04:59:59","0.00000","0","0.00","0.00000"
"all-available","Asia/Taipei","BTCUSDT","BTC-260718-67000-C","2026-07-18","67000","CALL","1h","2026-07-17 21:00:00","2026-07-18 05:00:00","5.000","5.000","5.000","5.000","0.00","2026-07-17 21:59:59","2026-07-18 05:59:59","0.00000","0","0.00","0.00000"
"all-available","Asia/Taipei","BTCUSDT","BTC-260718-67000-C","2026-07-18","67000","CALL","1h","2026-07-17 22:00:00","2026-07-18 06:00:00","5.000","5.000","5.000","5.000","0.00","2026-07-17 22:59:59","2026-07-18 06:59:59","0.00000","0","0.00","0.00000"
"all-available","Asia/Taipei","BTCUSDT","BTC-260718-67000-C","2026-07-18","67000","CALL","1h","2026-07-17 23:00:00","2026-07-18 07:00:00","5.000","5.000","5.000","5.000","0.00","2026-07-17 23:59:59","2026-07-18 07:59:59","0.00000","0","0.00","0.00000"
"all-available","Asia/Taipei","BTCUSDT","BTC-260718-67000-C","2026-07-18","67000","CALL","1h","2026-07-18 00:00:00","2026-07-18 08:00:00","5.000","5.000","5.000","5.000","0.00","2026-07-18 00:59:59","2026-07-18 08:59:59","0.00000","0","0.00","0.00000"
"all-available","Asia/Taipei","BTCUSDT","BTC-260718-67000-C","2026-07-18","67000","CALL","1h","2026-07-18 01:00:00","2026-07-18 09:00:00","5.000","5.000","5.000","5.000","0.40","2026-07-18 01:59:59","2026-07-18 09:59:59","2.00000","4","0.40","2.00000"
"all-available","Asia/Taipei","BTCUSDT","BTC-260718-67000-C","2026-07-18","67000","CALL","1h","2026-07-18 02:00:00","2026-07-18 10:00:00","5.000","5.000","5.000","5.000","0.00","2026-07-18 02:59:59","2026-07-18 10:59:59","0.00000","0","0.00","0.00000"
"all-available","Asia/Taipei","BTCUSDT","BTC-260718-67000-C","2026-07-18","67000","CALL","1h","2026-07-18 03:00:00","2026-07-18 11:00:00","5.000","5.000","5.000","5.000","0.00","2026-07-18 03:59:59","2026-07-18 11:59:59","0.00000","0","0.00","0.00000"
"all-available","Asia/Taipei","BTCUSDT","BTC-260718-67000-C","2026-07-18","67000","CALL","1h","2026-07-18 04:00:00","2026-07-18 12:00:00","5.000","5.000","5.000","5.000","0.00","2026-07-18 04:59:59","2026-07-18 12:59:59","0.00000","0","0.00","0.00000"
"all-available","Asia/Taipei","BTCUSDT","BTC-260718-67000-C","2026-07-18","67000","CALL","1h","2026-07-18 05:00:00","2026-07-18 13:00:00","5.000","5.000","5.000","5.000","0.00","2026-07-18 05:59:59","2026-07-18 13:59:59","0.00000","0","0.00","0.00000"
"all-available","Asia/Taipei","BTCUSDT","BTC-260718-67000-C","2026-07-18","67000","CALL","1h","2026-07-18 06:00:00","2026-07-18 14:00:00","5.000","5.000","5.000","5.000","0.00","2026-07-18 06:59:59","2026-07-18 14:59:59","0.00000","0","0.00","0.00000"
"all-available","Asia/Taipei","BTCUSDT","BTC-260718-67000-C","2026-07-18","67000","CALL","1h","2026-07-18 07:00:00","2026-07-18 15:00:00","5.000","5.000","5.000","5.000","0.00","2026-07-18 07:59:59","2026-07-18 15:59:59","0.00000","0","0.00","0.00000"
"all-available","Asia/Taipei","BTCUSDT","BTC-260718-68000-C","2026-07-18","68000","CALL","1h","2026-07-15 09:00:00","2026-07-15 17:00:00","40.000","40.000","40.000","40.000","1.82","2026-07-15 09:59:59","2026-07-15 17:59:59","72.80000","11","0.00","0.00000"
"all-available","Asia/Taipei","BTCUSDT","BTC-260718-68000-C","2026-07-18","68000","CALL","1h","2026-07-15 10:00:00","2026-07-15 18:00:00","35.000","35.000","35.000","35.000","0.13","2026-07-15 10:59:59","2026-07-15 18:59:59","4.55000","2","0.00","0.00000"
"all-available","Asia/Taipei","BTCUSDT","BTC-260718-68000-C","2026-07-18","68000","CALL","1h","2026-07-15 11:00:00","2026-07-15 19:00:00","35.000","35.000","35.000","35.000","0.00","2026-07-15 11:59:59","2026-07-15 19:59:59","0.00000","0","0.00","0.00000"
"all-available","Asia/Taipei","BTCUSDT","BTC-260718-68000-C","2026-07-18","68000","CALL","1h","2026-07-15 12:00:00","2026-07-15 20:00:00","45.000","60.000","45.000","60.000","14.97","2026-07-15 12:59:59","2026-07-15 20:59:59","882.65000","3","13.86","831.60000"
"all-available","Asia/Taipei","BTCUSDT","BTC-260718-68000-C","2026-07-18","68000","CALL","1h","2026-07-15 13:00:00","2026-07-15 21:00:00","110.000","110.000","95.000","95.000","8.75","2026-07-15 13:59:59","2026-07-15 21:59:59","842.45000","6","0.08","8.80000"
"all-available","Asia/Taipei","BTCUSDT","BTC-260718-68000-C","2026-07-18","68000","CALL","1h","2026-07-15 14:00:00","2026-07-15 22:00:00","90.000","90.000","85.000","90.000","5.25","2026-07-15 14:59:59","2026-07-15 22:59:59","449.25000","4","0.16","14.40000"
"all-available","Asia/Taipei","BTCUSDT","BTC-260718-68000-C","2026-07-18","68000","CALL","1h","2026-07-15 15:00:00","2026-07-15 23:00:00","85.000","85.000","75.000","80.000","2.54","2026-07-15 15:59:59","2026-07-15 23:59:59","207.40000","6","1.38","110.40000"
"all-available","Asia/Taipei","BTCUSDT","BTC-260718-68000-C","2026-07-18","68000","CALL","1h","2026-07-15 16:00:00","2026-07-16 00:00:00","80.000","80.000","50.000","50.000","2.77","2026-07-15 16:59:59","2026-07-16 00:59:59","170.30000","10","0.49","37.60000"
"all-available","Asia/Taipei","BTCUSDT","BTC-260718-68000-C","2026-07-18","68000","CALL","1h","2026-07-15 17:00:00","2026-07-16 01:00:00","55.000","55.000","55.000","55.000","0.12","2026-07-15 17:59:59","2026-07-16 01:59:59","6.60000","1","0.12","6.60000"
"all-available","Asia/Taipei","BTCUSDT","BTC-260718-68000-C","2026-07-18","68000","CALL","1h","2026-07-15 18:00:00","2026-07-16 02:00:00","55.000","55.000","55.000","55.000","0.00","2026-07-15 18:59:59","2026-07-16 02:59:59","0.00000","0","0.00","0.00000"
"all-available","Asia/Taipei","BTCUSDT","BTC-260718-68000-C","2026-07-18","68000","CALL","1h","2026-07-15 19:00:00","2026-07-16 03:00:00","55.000","55.000","55.000","55.000","0.00","2026-07-15 19:59:59","2026-07-16 03:59:59","0.00000","0","0.00","0.00000"
"all-available","Asia/Taipei","BTCUSDT","BTC-260718-68000-C","2026-07-18","68000","CALL","1h","2026-07-15 20:00:00","2026-07-16 04:00:00","45.000","45.000","45.000","45.000","25.00","2026-07-15 20:59:59","2026-07-16 04:59:59","1125.00000","4","25.00","1125.00000"
"all-available","Asia/Taipei","BTCUSDT","BTC-260718-68000-C","2026-07-18","68000","CALL","1h","2026-07-15 21:00:00","2026-07-16 05:00:00","45.000","45.000","45.000","45.000","0.00","2026-07-15 21:59:59","2026-07-16 05:59:59","0.00000","0","0.00","0.00000"
"all-available","Asia/Taipei","BTCUSDT","BTC-260718-68000-C","2026-07-18","68000","CALL","1h","2026-07-15 22:00:00","2026-07-16 06:00:00","45.000","45.000","45.000","45.000","0.00","2026-07-15 22:59:59","2026-07-16 06:59:59","0.00000","0","0.00","0.00000"
"all-available","Asia/Taipei","BTCUSDT","BTC-260718-68000-C","2026-07-18","68000","CALL","1h","2026-07-15 23:00:00","2026-07-16 07:00:00","35.000","35.000","35.000","35.000","9.00","2026-07-15 23:59:59","2026-07-16 07:59:59","315.00000","5","9.00","315.00000"
"all-available","Asia/Taipei","BTCUSDT","BTC-260718-68000-C","2026-07-18","68000","CALL","1h","2026-07-16 00:00:00","2026-07-16 08:00:00","30.000","30.000","30.000","30.000","1.00","2026-07-16 00:59:59","2026-07-16 08:59:59","30.00000","1","1.00","30.00000"
"all-available","Asia/Taipei","BTCUSDT","BTC-260718-68000-C","2026-07-18","68000","CALL","1h","2026-07-16 01:00:00","2026-07-16 09:00:00","30.000","30.000","30.000","30.000","3.17","2026-07-16 01:59:59","2026-07-16 09:59:59","95.10000","2","3.17","95.10000"
"all-available","Asia/Taipei","BTCUSDT","BTC-260718-68000-C","2026-07-18","68000","CALL","1h","2026-07-16 02:00:00","2026-07-16 10:00:00","30.000","30.000","30.000","30.000","0.00","2026-07-16 02:59:59","2026-07-16 10:59:59","0.00000","0","0.00","0.00000"
"all-available","Asia/Taipei","BTCUSDT","BTC-260718-68000-C","2026-07-18","68000","CALL","1h","2026-07-16 03:00:00","2026-07-16 11:00:00","25.000","25.000","25.000","25.000","0.37","2026-07-16 03:59:59","2026-07-16 11:59:59","9.25000","1","0.00","0.00000"
"all-available","Asia/Taipei","BTCUSDT","BTC-260718-68000-C","2026-07-18","68000","CALL","1h","2026-07-16 04:00:00","2026-07-16 12:00:00","25.000","25.000","25.000","25.000","0.00","2026-07-16 04:59:59","2026-07-16 12:59:59","0.00000","0","0.00","0.00000"
"all-available","Asia/Taipei","BTCUSDT","BTC-260718-68000-C","2026-07-18","68000","CALL","1h","2026-07-16 05:00:00","2026-07-16 13:00:00","25.000","25.000","25.000","25.000","0.00","2026-07-16 05:59:59","2026-07-16 13:59:59","0.00000","0","0.00","0.00000"
"all-available","Asia/Taipei","BTCUSDT","BTC-260718-68000-C","2026-07-18","68000","CALL","1h","2026-07-16 06:00:00","2026-07-16 14:00:00","30.000","30.000","30.000","30.000","0.02","2026-07-16 06:59:59","2026-07-16 14:59:59","0.60000","1","0.00","0.00000"
"all-available","Asia/Taipei","BTCUSDT","BTC-260718-68000-C","2026-07-18","68000","CALL","1h","2026-07-16 07:00:00","2026-07-16 15:00:00","30.000","30.000","30.000","30.000","0.50","2026-07-16 07:59:59","2026-07-16 15:59:59","15.00000","1","0.50","15.00000"
"all-available","Asia/Taipei","BTCUSDT","BTC-260718-68000-C","2026-07-18","68000","CALL","1h","2026-07-16 08:00:00","2026-07-16 16:00:00","20.000","20.000","15.000","15.000","1.50","2026-07-16 08:59:59","2026-07-16 16:59:59","27.50000","6","0.00","0.00000"
"all-available","Asia/Taipei","BTCUSDT","BTC-260718-68000-C","2026-07-18","68000","CALL","1h","2026-07-16 09:00:00","2026-07-16 17:00:00","15.000","15.000","15.000","15.000","0.00","2026-07-16 09:59:59","2026-07-16 17:59:59","0.00000","0","0.00","0.00000"
"all-available","Asia/Taipei","BTCUSDT","BTC-260718-68000-C","2026-07-18","68000","CALL","1h","2026-07-16 10:00:00","2026-07-16 18:00:00","20.000","20.000","20.000","20.000","1.19","2026-07-16 10:59:59","2026-07-16 18:59:59","23.80000","5","1.19","23.80000"
"all-available","Asia/Taipei","BTCUSDT","BTC-260718-68000-C","2026-07-18","68000","CALL","1h","2026-07-16 11:00:00","2026-07-16 19:00:00","20.000","20.000","20.000","20.000","0.00","2026-07-16 11:59:59","2026-07-16 19:59:59","0.00000","0","0.00","0.00000"
"all-available","Asia/Taipei","BTCUSDT","BTC-260718-68000-C","2026-07-18","68000","CALL","1h","2026-07-16 12:00:00","2026-07-16 20:00:00","20.000","20.000","20.000","20.000","0.00","2026-07-16 12:59:59","2026-07-16 20:59:59","0.00000","0","0.00","0.00000"
"all-available","Asia/Taipei","BTCUSDT","BTC-260718-68000-C","2026-07-18","68000","CALL","1h","2026-07-16 13:00:00","2026-07-16 21:00:00","15.000","15.000","15.000","15.000","0.01","2026-07-16 13:59:59","2026-07-16 21:59:59","0.15000","1","0.01","0.15000"
"all-available","Asia/Taipei","BTCUSDT","BTC-260718-68000-C","2026-07-18","68000","CALL","1h","2026-07-16 14:00:00","2026-07-16 22:00:00","20.000","20.000","20.000","20.000","3.60","2026-07-16 14:59:59","2026-07-16 22:59:59","72.00000","5","3.59","71.80000"
"all-available","Asia/Taipei","BTCUSDT","BTC-260718-68000-C","2026-07-18","68000","CALL","1h","2026-07-16 15:00:00","2026-07-16 23:00:00","10.000","15.000","10.000","15.000","1.32","2026-07-16 15:59:59","2026-07-16 23:59:59","13.25000","6","0.01","0.15000"
"all-available","Asia/Taipei","BTCUSDT","BTC-260718-68000-C","2026-07-18","68000","CALL","1h","2026-07-16 16:00:00","2026-07-17 00:00:00","10.000","15.000","10.000","15.000","5.33","2026-07-16 16:59:59","2026-07-17 00:59:59","78.30000","5","5.00","75.00000"
"all-available","Asia/Taipei","BTCUSDT","BTC-260718-68000-C","2026-07-18","68000","CALL","1h","2026-07-16 17:00:00","2026-07-17 01:00:00","15.000","15.000","15.000","15.000","0.00","2026-07-16 17:59:59","2026-07-17 01:59:59","0.00000","0","0.00","0.00000"
"all-available","Asia/Taipei","BTCUSDT","BTC-260718-68000-C","2026-07-18","68000","CALL","1h","2026-07-16 18:00:00","2026-07-17 02:00:00","10.000","10.000","10.000","10.000","1.77","2026-07-16 18:59:59","2026-07-17 02:59:59","17.70000","2","1.77","17.70000"
"all-available","Asia/Taipei","BTCUSDT","BTC-260718-68000-C","2026-07-18","68000","CALL","1h","2026-07-16 19:00:00","2026-07-17 03:00:00","10.000","10.000","10.000","10.000","0.00","2026-07-16 19:59:59","2026-07-17 03:59:59","0.00000","0","0.00","0.00000"
"all-available","Asia/Taipei","BTCUSDT","BTC-260718-68000-C","2026-07-18","68000","CALL","1h","2026-07-16 20:00:00","2026-07-17 04:00:00","10.000","10.000","10.000","10.000","0.00","2026-07-16 20:59:59","2026-07-17 04:59:59","0.00000","0","0.00","0.00000"
"all-available","Asia/Taipei","BTCUSDT","BTC-260718-68000-C","2026-07-18","68000","CALL","1h","2026-07-16 21:00:00","2026-07-17 05:00:00","10.000","10.000","10.000","10.000","0.00","2026-07-16 21:59:59","2026-07-17 05:59:59","0.00000","0","0.00","0.00000"
"all-available","Asia/Taipei","BTCUSDT","BTC-260718-68000-C","2026-07-18","68000","CALL","1h","2026-07-16 22:00:00","2026-07-17 06:00:00","10.000","10.000","10.000","10.000","0.00","2026-07-16 22:59:59","2026-07-17 06:59:59","0.00000","0","0.00","0.00000"
"all-available","Asia/Taipei","BTCUSDT","BTC-260718-68000-C","2026-07-18","68000","CALL","1h","2026-07-16 23:00:00","2026-07-17 07:00:00","5.000","5.000","5.000","5.000","4.50","2026-07-16 23:59:59","2026-07-17 07:59:59","22.50000","3","0.00","0.00000"
"all-available","Asia/Taipei","BTCUSDT","BTC-260718-68000-C","2026-07-18","68000","CALL","1h","2026-07-17 00:00:00","2026-07-17 08:00:00","5.000","5.000","5.000","5.000","0.00","2026-07-17 00:59:59","2026-07-17 08:59:59","0.00000","0","0.00","0.00000"
"all-available","Asia/Taipei","BTCUSDT","BTC-260718-68000-C","2026-07-18","68000","CALL","1h","2026-07-17 01:00:00","2026-07-17 09:00:00","5.000","5.000","5.000","5.000","4.97","2026-07-17 01:59:59","2026-07-17 09:59:59","24.85000","4","4.97","24.85000"
"all-available","Asia/Taipei","BTCUSDT","BTC-260718-68000-C","2026-07-18","68000","CALL","1h","2026-07-17 02:00:00","2026-07-17 10:00:00","5.000","5.000","5.000","5.000","2.98","2026-07-17 02:59:59","2026-07-17 10:59:59","14.90000","9","0.01","0.05000"
"all-available","Asia/Taipei","BTCUSDT","BTC-260718-68000-C","2026-07-18","68000","CALL","1h","2026-07-17 03:00:00","2026-07-17 11:00:00","5.000","5.000","5.000","5.000","6.68","2026-07-17 03:59:59","2026-07-17 11:59:59","33.40000","4","0.00","0.00000"
"all-available","Asia/Taipei","BTCUSDT","BTC-260718-68000-C","2026-07-18","68000","CALL","1h","2026-07-17 04:00:00","2026-07-17 12:00:00","5.000","5.000","5.000","5.000","0.00","2026-07-17 04:59:59","2026-07-17 12:59:59","0.00000","0","0.00","0.00000"
"all-available","Asia/Taipei","BTCUSDT","BTC-260718-68000-C","2026-07-18","68000","CALL","1h","2026-07-17 05:00:00","2026-07-17 13:00:00","5.000","5.000","5.000","5.000","0.00","2026-07-17 05:59:59","2026-07-17 13:59:59","0.00000","0","0.00","0.00000"
"all-available","Asia/Taipei","BTCUSDT","BTC-260718-68000-C","2026-07-18","68000","CALL","1h","2026-07-17 06:00:00","2026-07-17 14:00:00","5.000","5.000","5.000","5.000","0.00","2026-07-17 06:59:59","2026-07-17 14:59:59","0.00000","0","0.00","0.00000"
"all-available","Asia/Taipei","BTCUSDT","BTC-260718-68000-C","2026-07-18","68000","CALL","1h","2026-07-17 07:00:00","2026-07-17 15:00:00","5.000","5.000","5.000","5.000","0.00","2026-07-17 07:59:59","2026-07-17 15:59:59","0.00000","0","0.00","0.00000"
"all-available","Asia/Taipei","BTCUSDT","BTC-260718-68000-C","2026-07-18","68000","CALL","1h","2026-07-17 08:00:00","2026-07-17 16:00:00","5.000","5.000","5.000","5.000","0.00","2026-07-17 08:59:59","2026-07-17 16:59:59","0.00000","0","0.00","0.00000"
"all-available","Asia/Taipei","BTCUSDT","BTC-260718-68000-C","2026-07-18","68000","CALL","1h","2026-07-17 09:00:00","2026-07-17 17:00:00","5.000","5.000","5.000","5.000","0.00","2026-07-17 09:59:59","2026-07-17 17:59:59","0.00000","0","0.00","0.00000"
"all-available","Asia/Taipei","BTCUSDT","BTC-260718-68000-C","2026-07-18","68000","CALL","1h","2026-07-17 10:00:00","2026-07-17 18:00:00","5.000","5.000","5.000","5.000","0.00","2026-07-17 10:59:59","2026-07-17 18:59:59","0.00000","0","0.00","0.00000"
"all-available","Asia/Taipei","BTCUSDT","BTC-260718-68000-C","2026-07-18","68000","CALL","1h","2026-07-17 11:00:00","2026-07-17 19:00:00","5.000","5.000","5.000","5.000","0.00","2026-07-17 11:59:59","2026-07-17 19:59:59","0.00000","0","0.00","0.00000"
"all-available","Asia/Taipei","BTCUSDT","BTC-260718-68000-C","2026-07-18","68000","CALL","1h","2026-07-17 12:00:00","2026-07-17 20:00:00","5.000","5.000","5.000","5.000","0.00","2026-07-17 12:59:59","2026-07-17 20:59:59","0.00000","0","0.00","0.00000"
"all-available","Asia/Taipei","BTCUSDT","BTC-260718-68000-C","2026-07-18","68000","CALL","1h","2026-07-17 13:00:00","2026-07-17 21:00:00","5.000","5.000","5.000","5.000","0.00","2026-07-17 13:59:59","2026-07-17 21:59:59","0.00000","0","0.00","0.00000"
"all-available","Asia/Taipei","BTCUSDT","BTC-260718-68000-C","2026-07-18","68000","CALL","1h","2026-07-17 14:00:00","2026-07-17 22:00:00","5.000","5.000","5.000","5.000","0.00","2026-07-17 14:59:59","2026-07-17 22:59:59","0.00000","0","0.00","0.00000"
"all-available","Asia/Taipei","BTCUSDT","BTC-260718-68000-C","2026-07-18","68000","CALL","1h","2026-07-17 15:00:00","2026-07-17 23:00:00","5.000","5.000","5.000","5.000","0.00","2026-07-17 15:59:59","2026-07-17 23:59:59","0.00000","0","0.00","0.00000"
"all-available","Asia/Taipei","BTCUSDT","BTC-260718-68000-C","2026-07-18","68000","CALL","1h","2026-07-17 16:00:00","2026-07-18 00:00:00","5.000","5.000","5.000","5.000","0.00","2026-07-17 16:59:59","2026-07-18 00:59:59","0.00000","0","0.00","0.00000"
"all-available","Asia/Taipei","BTCUSDT","BTC-260718-68000-C","2026-07-18","68000","CALL","1h","2026-07-17 17:00:00","2026-07-18 01:00:00","5.000","5.000","5.000","5.000","0.00","2026-07-17 17:59:59","2026-07-18 01:59:59","0.00000","0","0.00","0.00000"
"all-available","Asia/Taipei","BTCUSDT","BTC-260718-68000-C","2026-07-18","68000","CALL","1h","2026-07-17 18:00:00","2026-07-18 02:00:00","5.000","5.000","5.000","5.000","0.00","2026-07-17 18:59:59","2026-07-18 02:59:59","0.00000","0","0.00","0.00000"
"all-available","Asia/Taipei","BTCUSDT","BTC-260718-68000-C","2026-07-18","68000","CALL","1h","2026-07-17 19:00:00","2026-07-18 03:00:00","5.000","5.000","5.000","5.000","0.00","2026-07-17 19:59:59","2026-07-18 03:59:59","0.00000","0","0.00","0.00000"
"all-available","Asia/Taipei","BTCUSDT","BTC-260718-68000-C","2026-07-18","68000","CALL","1h","2026-07-17 20:00:00","2026-07-18 04:00:00","5.000","5.000","5.000","5.000","0.00","2026-07-17 20:59:59","2026-07-18 04:59:59","0.00000","0","0.00","0.00000"
"all-available","Asia/Taipei","BTCUSDT","BTC-260718-68000-C","2026-07-18","68000","CALL","1h","2026-07-17 21:00:00","2026-07-18 05:00:00","5.000","5.000","5.000","5.000","0.00","2026-07-17 21:59:59","2026-07-18 05:59:59","0.00000","0","0.00","0.00000"
"all-available","Asia/Taipei","BTCUSDT","BTC-260718-68000-C","2026-07-18","68000","CALL","1h","2026-07-17 22:00:00","2026-07-18 06:00:00","5.000","5.000","5.000","5.000","0.00","2026-07-17 22:59:59","2026-07-18 06:59:59","0.00000","0","0.00","0.00000"
"all-available","Asia/Taipei","BTCUSDT","BTC-260718-68000-C","2026-07-18","68000","CALL","1h","2026-07-17 23:00:00","2026-07-18 07:00:00","5.000","5.000","5.000","5.000","0.00","2026-07-17 23:59:59","2026-07-18 07:59:59","0.00000","0","0.00","0.00000"
"all-available","Asia/Taipei","BTCUSDT","BTC-260718-68000-C","2026-07-18","68000","CALL","1h","2026-07-18 00:00:00","2026-07-18 08:00:00","5.000","5.000","5.000","5.000","0.00","2026-07-18 00:59:59","2026-07-18 08:59:59","0.00000","0","0.00","0.00000"
"all-available","Asia/Taipei","BTCUSDT","BTC-260718-68000-C","2026-07-18","68000","CALL","1h","2026-07-18 01:00:00","2026-07-18 09:00:00","5.000","5.000","5.000","5.000","0.00","2026-07-18 01:59:59","2026-07-18 09:59:59","0.00000","0","0.00","0.00000"
"all-available","Asia/Taipei","BTCUSDT","BTC-260718-68000-C","2026-07-18","68000","CALL","1h","2026-07-18 02:00:00","2026-07-18 10:00:00","5.000","5.000","5.000","5.000","0.00","2026-07-18 02:59:59","2026-07-18 10:59:59","0.00000","0","0.00","0.00000"
"all-available","Asia/Taipei","BTCUSDT","BTC-260718-68000-C","2026-07-18","68000","CALL","1h","2026-07-18 03:00:00","2026-07-18 11:00:00","5.000","5.000","5.000","5.000","0.00","2026-07-18 03:59:59","2026-07-18 11:59:59","0.00000","0","0.00","0.00000"
"all-available","Asia/Taipei","BTCUSDT","BTC-260718-68000-C","2026-07-18","68000","CALL","1h","2026-07-18 04:00:00","2026-07-18 12:00:00","5.000","5.000","5.000","5.000","0.00","2026-07-18 04:59:59","2026-07-18 12:59:59","0.00000","0","0.00","0.00000"
"all-available","Asia/Taipei","BTCUSDT","BTC-260718-68000-C","2026-07-18","68000","CALL","1h","2026-07-18 05:00:00","2026-07-18 13:00:00","5.000","5.000","5.000","5.000","0.00","2026-07-18 05:59:59","2026-07-18 13:59:59","0.00000","0","0.00","0.00000"
"all-available","Asia/Taipei","BTCUSDT","BTC-260718-68000-C","2026-07-18","68000","CALL","1h","2026-07-18 06:00:00","2026-07-18 14:00:00","5.000","5.000","5.000","5.000","0.00","2026-07-18 06:59:59","2026-07-18 14:59:59","0.00000","0","0.00","0.00000"
"all-available","Asia/Taipei","BTCUSDT","BTC-260718-68000-C","2026-07-18","68000","CALL","1h","2026-07-18 07:00:00","2026-07-18 15:00:00","5.000","5.000","5.000","5.000","0.00","2026-07-18 07:59:59","2026-07-18 15:59:59","0.00000","0","0.00","0.00000"
"all-available","Asia/Taipei","BTCUSDT","BTC-260718-69000-C","2026-07-18","69000","CALL","1h","2026-07-15 09:00:00","2026-07-15 17:00:00","20.000","25.000","20.000","25.000","0.58","2026-07-15 09:59:59","2026-07-15 17:59:59","14.45000","2","0.57","14.25000"
"all-available","Asia/Taipei","BTCUSDT","BTC-260718-69000-C","2026-07-18","69000","CALL","1h","2026-07-15 10:00:00","2026-07-15 18:00:00","15.000","15.000","15.000","15.000","0.01","2026-07-15 10:59:59","2026-07-15 18:59:59","0.15000","1","0.00","0.00000"
"all-available","Asia/Taipei","BTCUSDT","BTC-260718-69000-C","2026-07-18","69000","CALL","1h","2026-07-15 11:00:00","2026-07-15 19:00:00","15.000","15.000","15.000","15.000","0.00","2026-07-15 11:59:59","2026-07-15 19:59:59","0.00000","0","0.00","0.00000"
"all-available","Asia/Taipei","BTCUSDT","BTC-260718-69000-C","2026-07-18","69000","CALL","1h","2026-07-15 12:00:00","2026-07-15 20:00:00","25.000","25.000","25.000","25.000","3.23","2026-07-15 12:59:59","2026-07-15 20:59:59","80.75000","2","0.00","0.00000"
"all-available","Asia/Taipei","BTCUSDT","BTC-260718-69000-C","2026-07-18","69000","CALL","1h","2026-07-15 13:00:00","2026-07-15 21:00:00","45.000","45.000","45.000","45.000","6.41","2026-07-15 13:59:59","2026-07-15 21:59:59","288.45000","4","4.00","180.00000"
"all-available","Asia/Taipei","BTCUSDT","BTC-260718-69000-C","2026-07-18","69000","CALL","1h","2026-07-15 14:00:00","2026-07-15 22:00:00","45.000","45.000","45.000","45.000","0.83","2026-07-15 14:59:59","2026-07-15 22:59:59","37.35000","3","0.00","0.00000"
"all-available","Asia/Taipei","BTCUSDT","BTC-260718-69000-C","2026-07-18","69000","CALL","1h","2026-07-15 15:00:00","2026-07-15 23:00:00","35.000","35.000","35.000","35.000","0.02","2026-07-15 15:59:59","2026-07-15 23:59:59","0.70000","1","0.00","0.00000"
"all-available","Asia/Taipei","BTCUSDT","BTC-260718-69000-C","2026-07-18","69000","CALL","1h","2026-07-15 16:00:00","2026-07-16 00:00:00","30.000","30.000","30.000","30.000","1.50","2026-07-15 16:59:59","2026-07-16 00:59:59","45.00000","1","0.00","0.00000"
"all-available","Asia/Taipei","BTCUSDT","BTC-260718-69000-C","2026-07-18","69000","CALL","1h","2026-07-15 17:00:00","2026-07-16 01:00:00","30.000","30.000","30.000","30.000","0.15","2026-07-15 17:59:59","2026-07-16 01:59:59","4.50000","1","0.15","4.50000"
"all-available","Asia/Taipei","BTCUSDT","BTC-260718-69000-C","2026-07-18","69000","CALL","1h","2026-07-15 18:00:00","2026-07-16 02:00:00","25.000","25.000","25.000","25.000","0.29","2026-07-15 18:59:59","2026-07-16 02:59:59","7.25000","1","0.00","0.00000"
"all-available","Asia/Taipei","BTCUSDT","BTC-260718-69000-C","2026-07-18","69000","CALL","1h","2026-07-15 19:00:00","2026-07-16 03:00:00","25.000","25.000","25.000","25.000","0.00","2026-07-15 19:59:59","2026-07-16 03:59:59","0.00000","0","0.00","0.00000"
"all-available","Asia/Taipei","BTCUSDT","BTC-260718-69000-C","2026-07-18","69000","CALL","1h","2026-07-15 20:00:00","2026-07-16 04:00:00","25.000","30.000","25.000","30.000","47.23","2026-07-15 20:59:59","2026-07-16 04:59:59","1191.90000","4","47.23","1191.90000"
"all-available","Asia/Taipei","BTCUSDT","BTC-260718-69000-C","2026-07-18","69000","CALL","1h","2026-07-15 21:00:00","2026-07-16 05:00:00","25.000","25.000","25.000","25.000","2.40","2026-07-15 21:59:59","2026-07-16 05:59:59","60.00000","1","0.00","0.00000"
"all-available","Asia/Taipei","BTCUSDT","BTC-260718-69000-C","2026-07-18","69000","CALL","1h","2026-07-15 22:00:00","2026-07-16 06:00:00","25.000","25.000","25.000","25.000","0.00","2026-07-15 22:59:59","2026-07-16 06:59:59","0.00000","0","0.00","0.00000"
"all-available","Asia/Taipei","BTCUSDT","BTC-260718-69000-C","2026-07-18","69000","CALL","1h","2026-07-15 23:00:00","2026-07-16 07:00:00","25.000","25.000","25.000","25.000","0.00","2026-07-15 23:59:59","2026-07-16 07:59:59","0.00000","0","0.00","0.00000"
"all-available","Asia/Taipei","BTCUSDT","BTC-260718-69000-C","2026-07-18","69000","CALL","1h","2026-07-16 00:00:00","2026-07-16 08:00:00","25.000","25.000","25.000","25.000","0.00","2026-07-16 00:59:59","2026-07-16 08:59:59","0.00000","0","0.00","0.00000"
"all-available","Asia/Taipei","BTCUSDT","BTC-260718-69000-C","2026-07-18","69000","CALL","1h","2026-07-16 01:00:00","2026-07-16 09:00:00","25.000","25.000","25.000","25.000","0.00","2026-07-16 01:59:59","2026-07-16 09:59:59","0.00000","0","0.00","0.00000"
"all-available","Asia/Taipei","BTCUSDT","BTC-260718-69000-C","2026-07-18","69000","CALL","1h","2026-07-16 02:00:00","2026-07-16 10:00:00","25.000","25.000","25.000","25.000","0.00","2026-07-16 02:59:59","2026-07-16 10:59:59","0.00000","0","0.00","0.00000"
"all-available","Asia/Taipei","BTCUSDT","BTC-260718-69000-C","2026-07-18","69000","CALL","1h","2026-07-16 03:00:00","2026-07-16 11:00:00","25.000","25.000","25.000","25.000","0.00","2026-07-16 03:59:59","2026-07-16 11:59:59","0.00000","0","0.00","0.00000"
"all-available","Asia/Taipei","BTCUSDT","BTC-260718-69000-C","2026-07-18","69000","CALL","1h","2026-07-16 04:00:00","2026-07-16 12:00:00","25.000","25.000","25.000","25.000","0.00","2026-07-16 04:59:59","2026-07-16 12:59:59","0.00000","0","0.00","0.00000"
"all-available","Asia/Taipei","BTCUSDT","BTC-260718-69000-C","2026-07-18","69000","CALL","1h","2026-07-16 05:00:00","2026-07-16 13:00:00","25.000","25.000","25.000","25.000","0.00","2026-07-16 05:59:59","2026-07-16 13:59:59","0.00000","0","0.00","0.00000"
"all-available","Asia/Taipei","BTCUSDT","BTC-260718-69000-C","2026-07-18","69000","CALL","1h","2026-07-16 06:00:00","2026-07-16 14:00:00","25.000","25.000","25.000","25.000","0.00","2026-07-16 06:59:59","2026-07-16 14:59:59","0.00000","0","0.00","0.00000"
"all-available","Asia/Taipei","BTCUSDT","BTC-260718-69000-C","2026-07-18","69000","CALL","1h","2026-07-16 07:00:00","2026-07-16 15:00:00","15.000","15.000","10.000","10.000","1.60","2026-07-16 07:59:59","2026-07-16 15:59:59","16.50000","3","0.00","0.00000"
"all-available","Asia/Taipei","BTCUSDT","BTC-260718-69000-C","2026-07-18","69000","CALL","1h","2026-07-16 08:00:00","2026-07-16 16:00:00","10.000","10.000","10.000","10.000","14.89","2026-07-16 08:59:59","2026-07-16 16:59:59","148.90000","8","14.89","148.90000"
"all-available","Asia/Taipei","BTCUSDT","BTC-260718-69000-C","2026-07-18","69000","CALL","1h","2026-07-16 09:00:00","2026-07-16 17:00:00","10.000","10.000","10.000","10.000","0.00","2026-07-16 09:59:59","2026-07-16 17:59:59","0.00000","0","0.00","0.00000"
"all-available","Asia/Taipei","BTCUSDT","BTC-260718-69000-C","2026-07-18","69000","CALL","1h","2026-07-16 10:00:00","2026-07-16 18:00:00","10.000","10.000","10.000","10.000","2.53","2026-07-16 10:59:59","2026-07-16 18:59:59","25.30000","2","2.53","25.30000"
"all-available","Asia/Taipei","BTCUSDT","BTC-260718-69000-C","2026-07-18","69000","CALL","1h","2026-07-16 11:00:00","2026-07-16 19:00:00","10.000","10.000","10.000","10.000","0.10","2026-07-16 11:59:59","2026-07-16 19:59:59","1.00000","2","0.10","1.00000"
"all-available","Asia/Taipei","BTCUSDT","BTC-260718-69000-C","2026-07-18","69000","CALL","1h","2026-07-16 12:00:00","2026-07-16 20:00:00","10.000","10.000","10.000","10.000","0.00","2026-07-16 12:59:59","2026-07-16 20:59:59","0.00000","0","0.00","0.00000"
"all-available","Asia/Taipei","BTCUSDT","BTC-260718-69000-C","2026-07-18","69000","CALL","1h","2026-07-16 13:00:00","2026-07-16 21:00:00","10.000","10.000","10.000","10.000","0.00","2026-07-16 13:59:59","2026-07-16 21:59:59","0.00000","0","0.00","0.00000"
"all-available","Asia/Taipei","BTCUSDT","BTC-260718-69000-C","2026-07-18","69000","CALL","1h","2026-07-16 14:00:00","2026-07-16 22:00:00","10.000","10.000","10.000","10.000","1.00","2026-07-16 14:59:59","2026-07-16 22:59:59","10.00000","1","1.00","10.00000"
"all-available","Asia/Taipei","BTCUSDT","BTC-260718-69000-C","2026-07-18","69000","CALL","1h","2026-07-16 15:00:00","2026-07-16 23:00:00","10.000","10.000","10.000","10.000","0.00","2026-07-16 15:59:59","2026-07-16 23:59:59","0.00000","0","0.00","0.00000"
"all-available","Asia/Taipei","BTCUSDT","BTC-260718-69000-C","2026-07-18","69000","CALL","1h","2026-07-16 16:00:00","2026-07-17 00:00:00","10.000","10.000","10.000","10.000","0.00","2026-07-16 16:59:59","2026-07-17 00:59:59","0.00000","0","0.00","0.00000"
"all-available","Asia/Taipei","BTCUSDT","BTC-260718-69000-C","2026-07-18","69000","CALL","1h","2026-07-16 17:00:00","2026-07-17 01:00:00","10.000","10.000","10.000","10.000","0.00","2026-07-16 17:59:59","2026-07-17 01:59:59","0.00000","0","0.00","0.00000"
"all-available","Asia/Taipei","BTCUSDT","BTC-260718-69000-C","2026-07-18","69000","CALL","1h","2026-07-16 18:00:00","2026-07-17 02:00:00","10.000","10.000","10.000","10.000","0.00","2026-07-16 18:59:59","2026-07-17 02:59:59","0.00000","0","0.00","0.00000"
"all-available","Asia/Taipei","BTCUSDT","BTC-260718-69000-C","2026-07-18","69000","CALL","1h","2026-07-16 19:00:00","2026-07-17 03:00:00","5.000","5.000","5.000","5.000","2.23","2026-07-16 19:59:59","2026-07-17 03:59:59","11.15000","3","0.00","0.00000"
"all-available","Asia/Taipei","BTCUSDT","BTC-260718-69000-C","2026-07-18","69000","CALL","1h","2026-07-16 20:00:00","2026-07-17 04:00:00","5.000","5.000","5.000","5.000","0.00","2026-07-16 20:59:59","2026-07-17 04:59:59","0.00000","0","0.00","0.00000"
"all-available","Asia/Taipei","BTCUSDT","BTC-260718-69000-C","2026-07-18","69000","CALL","1h","2026-07-16 21:00:00","2026-07-17 05:00:00","5.000","5.000","5.000","5.000","0.00","2026-07-16 21:59:59","2026-07-17 05:59:59","0.00000","0","0.00","0.00000"
"all-available","Asia/Taipei","BTCUSDT","BTC-260718-69000-C","2026-07-18","69000","CALL","1h","2026-07-16 22:00:00","2026-07-17 06:00:00","5.000","5.000","5.000","5.000","0.69","2026-07-16 22:59:59","2026-07-17 06:59:59","3.45000","2","0.69","3.45000"
"all-available","Asia/Taipei","BTCUSDT","BTC-260718-69000-C","2026-07-18","69000","CALL","1h","2026-07-16 23:00:00","2026-07-17 07:00:00","5.000","5.000","5.000","5.000","2.75","2026-07-16 23:59:59","2026-07-17 07:59:59","13.75000","2","0.00","0.00000"
"all-available","Asia/Taipei","BTCUSDT","BTC-260718-69000-C","2026-07-18","69000","CALL","1h","2026-07-17 00:00:00","2026-07-17 08:00:00","5.000","5.000","5.000","5.000","3.00","2026-07-17 00:59:59","2026-07-17 08:59:59","15.00000","3","0.00","0.00000"
"all-available","Asia/Taipei","BTCUSDT","BTC-260718-69000-C","2026-07-18","69000","CALL","1h","2026-07-17 01:00:00","2026-07-17 09:00:00","5.000","5.000","5.000","5.000","0.00","2026-07-17 01:59:59","2026-07-17 09:59:59","0.00000","0","0.00","0.00000"
"all-available","Asia/Taipei","BTCUSDT","BTC-260718-69000-C","2026-07-18","69000","CALL","1h","2026-07-17 02:00:00","2026-07-17 10:00:00","5.000","5.000","5.000","5.000","4.08","2026-07-17 02:59:59","2026-07-17 10:59:59","20.40000","7","0.00","0.00000"
"all-available","Asia/Taipei","BTCUSDT","BTC-260718-69000-C","2026-07-18","69000","CALL","1h","2026-07-17 03:00:00","2026-07-17 11:00:00","5.000","5.000","5.000","5.000","0.00","2026-07-17 03:59:59","2026-07-17 11:59:59","0.00000","0","0.00","0.00000"
"all-available","Asia/Taipei","BTCUSDT","BTC-260718-69000-C","2026-07-18","69000","CALL","1h","2026-07-17 04:00:00","2026-07-17 12:00:00","5.000","5.000","5.000","5.000","7.80","2026-07-17 04:59:59","2026-07-17 12:59:59","39.00000","10","0.00","0.00000"
"all-available","Asia/Taipei","BTCUSDT","BTC-260718-69000-C","2026-07-18","69000","CALL","1h","2026-07-17 05:00:00","2026-07-17 13:00:00","5.000","5.000","5.000","5.000","0.00","2026-07-17 05:59:59","2026-07-17 13:59:59","0.00000","0","0.00","0.00000"
"all-available","Asia/Taipei","BTCUSDT","BTC-260718-69000-C","2026-07-18","69000","CALL","1h","2026-07-17 06:00:00","2026-07-17 14:00:00","5.000","5.000","5.000","5.000","0.00","2026-07-17 06:59:59","2026-07-17 14:59:59","0.00000","0","0.00","0.00000"
"all-available","Asia/Taipei","BTCUSDT","BTC-260718-69000-C","2026-07-18","69000","CALL","1h","2026-07-17 07:00:00","2026-07-17 15:00:00","5.000","5.000","5.000","5.000","0.00","2026-07-17 07:59:59","2026-07-17 15:59:59","0.00000","0","0.00","0.00000"
"all-available","Asia/Taipei","BTCUSDT","BTC-260718-69000-C","2026-07-18","69000","CALL","1h","2026-07-17 08:00:00","2026-07-17 16:00:00","5.000","5.000","5.000","5.000","2.89","2026-07-17 08:59:59","2026-07-17 16:59:59","14.45000","2","0.00","0.00000"
"all-available","Asia/Taipei","BTCUSDT","BTC-260718-69000-C","2026-07-18","69000","CALL","1h","2026-07-17 09:00:00","2026-07-17 17:00:00","5.000","5.000","5.000","5.000","0.00","2026-07-17 09:59:59","2026-07-17 17:59:59","0.00000","0","0.00","0.00000"
"all-available","Asia/Taipei","BTCUSDT","BTC-260718-69000-C","2026-07-18","69000","CALL","1h","2026-07-17 10:00:00","2026-07-17 18:00:00","5.000","5.000","5.000","5.000","0.00","2026-07-17 10:59:59","2026-07-17 18:59:59","0.00000","0","0.00","0.00000"
"all-available","Asia/Taipei","BTCUSDT","BTC-260718-69000-C","2026-07-18","69000","CALL","1h","2026-07-17 11:00:00","2026-07-17 19:00:00","5.000","5.000","5.000","5.000","0.00","2026-07-17 11:59:59","2026-07-17 19:59:59","0.00000","0","0.00","0.00000"
"all-available","Asia/Taipei","BTCUSDT","BTC-260718-69000-C","2026-07-18","69000","CALL","1h","2026-07-17 12:00:00","2026-07-17 20:00:00","5.000","5.000","5.000","5.000","0.00","2026-07-17 12:59:59","2026-07-17 20:59:59","0.00000","0","0.00","0.00000"
"all-available","Asia/Taipei","BTCUSDT","BTC-260718-69000-C","2026-07-18","69000","CALL","1h","2026-07-17 13:00:00","2026-07-17 21:00:00","5.000","5.000","5.000","5.000","0.00","2026-07-17 13:59:59","2026-07-17 21:59:59","0.00000","0","0.00","0.00000"
"all-available","Asia/Taipei","BTCUSDT","BTC-260718-69000-C","2026-07-18","69000","CALL","1h","2026-07-17 14:00:00","2026-07-17 22:00:00","5.000","5.000","5.000","5.000","0.00","2026-07-17 14:59:59","2026-07-17 22:59:59","0.00000","0","0.00","0.00000"
"all-available","Asia/Taipei","BTCUSDT","BTC-260718-69000-C","2026-07-18","69000","CALL","1h","2026-07-17 15:00:00","2026-07-17 23:00:00","5.000","5.000","5.000","5.000","0.00","2026-07-17 15:59:59","2026-07-17 23:59:59","0.00000","0","0.00","0.00000"
"all-available","Asia/Taipei","BTCUSDT","BTC-260718-69000-C","2026-07-18","69000","CALL","1h","2026-07-17 16:00:00","2026-07-18 00:00:00","5.000","5.000","5.000","5.000","0.00","2026-07-17 16:59:59","2026-07-18 00:59:59","0.00000","0","0.00","0.00000"
"all-available","Asia/Taipei","BTCUSDT","BTC-260718-69000-C","2026-07-18","69000","CALL","1h","2026-07-17 17:00:00","2026-07-18 01:00:00","5.000","5.000","5.000","5.000","0.00","2026-07-17 17:59:59","2026-07-18 01:59:59","0.00000","0","0.00","0.00000"
"all-available","Asia/Taipei","BTCUSDT","BTC-260718-69000-C","2026-07-18","69000","CALL","1h","2026-07-17 18:00:00","2026-07-18 02:00:00","5.000","5.000","5.000","5.000","0.00","2026-07-17 18:59:59","2026-07-18 02:59:59","0.00000","0","0.00","0.00000"
"all-available","Asia/Taipei","BTCUSDT","BTC-260718-69000-C","2026-07-18","69000","CALL","1h","2026-07-17 19:00:00","2026-07-18 03:00:00","5.000","5.000","5.000","5.000","0.00","2026-07-17 19:59:59","2026-07-18 03:59:59","0.00000","0","0.00","0.00000"
"all-available","Asia/Taipei","BTCUSDT","BTC-260718-69000-C","2026-07-18","69000","CALL","1h","2026-07-17 20:00:00","2026-07-18 04:00:00","5.000","5.000","5.000","5.000","0.00","2026-07-17 20:59:59","2026-07-18 04:59:59","0.00000","0","0.00","0.00000"
"all-available","Asia/Taipei","BTCUSDT","BTC-260718-69000-C","2026-07-18","69000","CALL","1h","2026-07-17 21:00:00","2026-07-18 05:00:00","5.000","5.000","5.000","5.000","0.00","2026-07-17 21:59:59","2026-07-18 05:59:59","0.00000","0","0.00","0.00000"
"all-available","Asia/Taipei","BTCUSDT","BTC-260718-69000-C","2026-07-18","69000","CALL","1h","2026-07-17 22:00:00","2026-07-18 06:00:00","5.000","5.000","5.000","5.000","0.00","2026-07-17 22:59:59","2026-07-18 06:59:59","0.00000","0","0.00","0.00000"
"all-available","Asia/Taipei","BTCUSDT","BTC-260718-69000-C","2026-07-18","69000","CALL","1h","2026-07-17 23:00:00","2026-07-18 07:00:00","5.000","5.000","5.000","5.000","0.00","2026-07-17 23:59:59","2026-07-18 07:59:59","0.00000","0","0.00","0.00000"
"all-available","Asia/Taipei","BTCUSDT","BTC-260718-69000-C","2026-07-18","69000","CALL","1h","2026-07-18 00:00:00","2026-07-18 08:00:00","5.000","5.000","5.000","5.000","0.00","2026-07-18 00:59:59","2026-07-18 08:59:59","0.00000","0","0.00","0.00000"
"all-available","Asia/Taipei","BTCUSDT","BTC-260718-69000-C","2026-07-18","69000","CALL","1h","2026-07-18 01:00:00","2026-07-18 09:00:00","5.000","5.000","5.000","5.000","0.00","2026-07-18 01:59:59","2026-07-18 09:59:59","0.00000","0","0.00","0.00000"
"all-available","Asia/Taipei","BTCUSDT","BTC-260718-69000-C","2026-07-18","69000","CALL","1h","2026-07-18 02:00:00","2026-07-18 10:00:00","5.000","5.000","5.000","5.000","0.00","2026-07-18 02:59:59","2026-07-18 10:59:59","0.00000","0","0.00","0.00000"
"all-available","Asia/Taipei","BTCUSDT","BTC-260718-69000-C","2026-07-18","69000","CALL","1h","2026-07-18 03:00:00","2026-07-18 11:00:00","5.000","5.000","5.000","5.000","0.00","2026-07-18 03:59:59","2026-07-18 11:59:59","0.00000","0","0.00","0.00000"
"all-available","Asia/Taipei","BTCUSDT","BTC-260718-69000-C","2026-07-18","69000","CALL","1h","2026-07-18 04:00:00","2026-07-18 12:00:00","5.000","5.000","5.000","5.000","0.00","2026-07-18 04:59:59","2026-07-18 12:59:59","0.00000","0","0.00","0.00000"
"all-available","Asia/Taipei","BTCUSDT","BTC-260718-69000-C","2026-07-18","69000","CALL","1h","2026-07-18 05:00:00","2026-07-18 13:00:00","5.000","5.000","5.000","5.000","0.00","2026-07-18 05:59:59","2026-07-18 13:59:59","0.00000","0","0.00","0.00000"
"all-available","Asia/Taipei","BTCUSDT","BTC-260718-69000-C","2026-07-18","69000","CALL","1h","2026-07-18 06:00:00","2026-07-18 14:00:00","5.000","5.000","5.000","5.000","0.00","2026-07-18 06:59:59","2026-07-18 14:59:59","0.00000","0","0.00","0.00000"
"all-available","Asia/Taipei","BTCUSDT","BTC-260718-69000-C","2026-07-18","69000","CALL","1h","2026-07-18 07:00:00","2026-07-18 15:00:00","5.000","5.000","5.000","5.000","0.00","2026-07-18 07:59:59","2026-07-18 15:59:59","0.00000","0","0.00","0.00000"
